target_id,mode,shots,simulator_seed,transpiler_seed,backend_name,noise_model_loaded,quantum_execution_scope,metric_scope,metric_name,value
MNIST_QNN_eff_su2_r1_d2_s45,exact,0,-1,2026,none,False,exact_full_model,train,target_accuracy,0.7599999904632568
MNIST_QNN_eff_su2_r1_d2_s45,exact,0,-1,2026,none,False,exact_full_model,train,target_loss,0.4953942894935608
MNIST_QNN_eff_su2_r1_d2_s45,exact,0,-1,2026,none,False,exact_full_model,train,n_records,100.0
MNIST_QNN_eff_su2_r1_d2_s45,exact,0,-1,2026,none,False,exact_full_model,test,target_accuracy,0.7900000214576721
MNIST_QNN_eff_su2_r1_d2_s45,exact,0,-1,2026,none,False,exact_full_model,test,target_loss,0.5920957326889038
MNIST_QNN_eff_su2_r1_d2_s45,exact,0,-1,2026,none,False,exact_full_model,test,n_records,100.0
MNIST_QNN_eff_su2_r1_d2_s45,exact,0,-1,2026,none,False,exact_full_model,membership,loss_auc,0.5082
MNIST_QNN_eff_su2_r1_d2_s45,exact,0,-1,2026,none,False,exact_full_model,membership,entropy_auc,0.48619999999999997
MNIST_QNN_eff_su2_r1_d2_s45,exact,0,-1,2026,none,False,exact_full_model,membership,confidence_auc,0.4831
MNIST_QNN_eff_su2_r1_d2_s45,exact,0,-1,2026,none,False,exact_full_model,membership,margin_auc,0.4895
MNIST_QNN_eff_su2_r1_d2_s45,exact,0,-1,2026,none,False,exact_full_model,membership,correctness_auc,0.485
MNIST_QNN_eff_su2_r1_d2_s45,exact,0,-1,2026,none,False,exact_full_model,membership,max_probability_auc,0.4831
MNIST_QNN_eff_su2_r1_d2_s45,exact,0,-1,2026,none,False,exact_full_model,target,generalization_gap_accuracy,-0.030000030994415283
MNIST_QNN_eff_su2_r1_d2_s45,ideal_shot,128,0,2026,ibm_kingston,False,full_main_quantum_stack,train,target_accuracy,0.6399999856948853
MNIST_QNN_eff_su2_r1_d2_s45,ideal_shot,128,0,2026,ibm_kingston,False,full_main_quantum_stack,train,target_loss,0.8011337518692017
MNIST_QNN_eff_su2_r1_d2_s45,ideal_shot,128,0,2026,ibm_kingston,False,full_main_quantum_stack,train,n_records,100.0
MNIST_QNN_eff_su2_r1_d2_s45,ideal_shot,128,0,2026,ibm_kingston,False,full_main_quantum_stack,test,target_accuracy,0.6800000071525574
MNIST_QNN_eff_su2_r1_d2_s45,ideal_shot,128,0,2026,ibm_kingston,False,full_main_quantum_stack,test,target_loss,0.9477239847183228
MNIST_QNN_eff_su2_r1_d2_s45,ideal_shot,128,0,2026,ibm_kingston,False,full_main_quantum_stack,test,n_records,100.0
MNIST_QNN_eff_su2_r1_d2_s45,ideal_shot,128,0,2026,ibm_kingston,False,full_main_quantum_stack,membership,loss_auc,0.5255000000000001
MNIST_QNN_eff_su2_r1_d2_s45,ideal_shot,128,0,2026,ibm_kingston,False,full_main_quantum_stack,membership,entropy_auc,0.5041000000000001
MNIST_QNN_eff_su2_r1_d2_s45,ideal_shot,128,0,2026,ibm_kingston,False,full_main_quantum_stack,membership,confidence_auc,0.49620000000000003
MNIST_QNN_eff_su2_r1_d2_s45,ideal_shot,128,0,2026,ibm_kingston,False,full_main_quantum_stack,membership,margin_auc,0.4973
MNIST_QNN_eff_su2_r1_d2_s45,ideal_shot,128,0,2026,ibm_kingston,False,full_main_quantum_stack,membership,correctness_auc,0.48
MNIST_QNN_eff_su2_r1_d2_s45,ideal_shot,128,0,2026,ibm_kingston,False,full_main_quantum_stack,membership,max_probability_auc,0.49620000000000003
MNIST_QNN_eff_su2_r1_d2_s45,ideal_shot,128,0,2026,ibm_kingston,False,full_main_quantum_stack,target,generalization_gap_accuracy,-0.04000002145767212
MNIST_QNN_eff_su2_r1_d2_s45,ideal_shot,128,1,2026,ibm_kingston,False,full_main_quantum_stack,train,target_accuracy,0.699999988079071
MNIST_QNN_eff_su2_r1_d2_s45,ideal_shot,128,1,2026,ibm_kingston,False,full_main_quantum_stack,train,target_loss,0.6420257091522217
MNIST_QNN_eff_su2_r1_d2_s45,ideal_shot,128,1,2026,ibm_kingston,False,full_main_quantum_stack,train,n_records,100.0
MNIST_QNN_eff_su2_r1_d2_s45,ideal_shot,128,1,2026,ibm_kingston,False,full_main_quantum_stack,test,target_accuracy,0.6200000047683716
MNIST_QNN_eff_su2_r1_d2_s45,ideal_shot,128,1,2026,ibm_kingston,False,full_main_quantum_stack,test,target_loss,0.8457015752792358
MNIST_QNN_eff_su2_r1_d2_s45,ideal_shot,128,1,2026,ibm_kingston,False,full_main_quantum_stack,test,n_records,100.0
MNIST_QNN_eff_su2_r1_d2_s45,ideal_shot,128,1,2026,ibm_kingston,False,full_main_quantum_stack,membership,loss_auc,0.5368
MNIST_QNN_eff_su2_r1_d2_s45,ideal_shot,128,1,2026,ibm_kingston,False,full_main_quantum_stack,membership,entropy_auc,0.5016
MNIST_QNN_eff_su2_r1_d2_s45,ideal_shot,128,1,2026,ibm_kingston,False,full_main_quantum_stack,membership,confidence_auc,0.49360000000000004
MNIST_QNN_eff_su2_r1_d2_s45,ideal_shot,128,1,2026,ibm_kingston,False,full_main_quantum_stack,membership,margin_auc,0.49670000000000003
MNIST_QNN_eff_su2_r1_d2_s45,ideal_shot,128,1,2026,ibm_kingston,False,full_main_quantum_stack,membership,correctness_auc,0.54
MNIST_QNN_eff_su2_r1_d2_s45,ideal_shot,128,1,2026,ibm_kingston,False,full_main_quantum_stack,membership,max_probability_auc,0.49360000000000004
MNIST_QNN_eff_su2_r1_d2_s45,ideal_shot,128,1,2026,ibm_kingston,False,full_main_quantum_stack,target,generalization_gap_accuracy,0.07999998331069946
MNIST_QNN_eff_su2_r1_d2_s45,ideal_shot,128,2,2026,ibm_kingston,False,full_main_quantum_stack,train,target_accuracy,0.6700000166893005
MNIST_QNN_eff_su2_r1_d2_s45,ideal_shot,128,2,2026,ibm_kingston,False,full_main_quantum_stack,train,target_loss,0.8070681691169739
MNIST_QNN_eff_su2_r1_d2_s45,ideal_shot,128,2,2026,ibm_kingston,False,full_main_quantum_stack,train,n_records,100.0
MNIST_QNN_eff_su2_r1_d2_s45,ideal_shot,128,2,2026,ibm_kingston,False,full_main_quantum_stack,test,target_accuracy,0.7099999785423279
MNIST_QNN_eff_su2_r1_d2_s45,ideal_shot,128,2,2026,ibm_kingston,False,full_main_quantum_stack,test,target_loss,0.7409049868583679
MNIST_QNN_eff_su2_r1_d2_s45,ideal_shot,128,2,2026,ibm_kingston,False,full_main_quantum_stack,test,n_records,100.0
MNIST_QNN_eff_su2_r1_d2_s45,ideal_shot,128,2,2026,ibm_kingston,False,full_main_quantum_stack,membership,loss_auc,0.48510000000000003
MNIST_QNN_eff_su2_r1_d2_s45,ideal_shot,128,2,2026,ibm_kingston,False,full_main_quantum_stack,membership,entropy_auc,0.47380000000000005
MNIST_QNN_eff_su2_r1_d2_s45,ideal_shot,128,2,2026,ibm_kingston,False,full_main_quantum_stack,membership,confidence_auc,0.48090000000000005
MNIST_QNN_eff_su2_r1_d2_s45,ideal_shot,128,2,2026,ibm_kingston,False,full_main_quantum_stack,membership,margin_auc,0.49389999999999995
MNIST_QNN_eff_su2_r1_d2_s45,ideal_shot,128,2,2026,ibm_kingston,False,full_main_quantum_stack,membership,correctness_auc,0.48000000000000004
MNIST_QNN_eff_su2_r1_d2_s45,ideal_shot,128,2,2026,ibm_kingston,False,full_main_quantum_stack,membership,max_probability_auc,0.48090000000000005
MNIST_QNN_eff_su2_r1_d2_s45,ideal_shot,128,2,2026,ibm_kingston,False,full_main_quantum_stack,target,generalization_gap_accuracy,-0.039999961853027344
MNIST_QNN_eff_su2_r1_d2_s45,ideal_shot,128,3,2026,ibm_kingston,False,full_main_quantum_stack,train,target_accuracy,0.7099999785423279
MNIST_QNN_eff_su2_r1_d2_s45,ideal_shot,128,3,2026,ibm_kingston,False,full_main_quantum_stack,train,target_loss,0.6991704702377319
MNIST_QNN_eff_su2_r1_d2_s45,ideal_shot,128,3,2026,ibm_kingston,False,full_main_quantum_stack,train,n_records,100.0
MNIST_QNN_eff_su2_r1_d2_s45,ideal_shot,128,3,2026,ibm_kingston,False,full_main_quantum_stack,test,target_accuracy,0.6100000143051147
MNIST_QNN_eff_su2_r1_d2_s45,ideal_shot,128,3,2026,ibm_kingston,False,full_main_quantum_stack,test,target_loss,0.831165611743927
MNIST_QNN_eff_su2_r1_d2_s45,ideal_shot,128,3,2026,ibm_kingston,False,full_main_quantum_stack,test,n_records,100.0
MNIST_QNN_eff_su2_r1_d2_s45,ideal_shot,128,3,2026,ibm_kingston,False,full_main_quantum_stack,membership,loss_auc,0.5302
MNIST_QNN_eff_su2_r1_d2_s45,ideal_shot,128,3,2026,ibm_kingston,False,full_main_quantum_stack,membership,entropy_auc,0.4570000000000001
MNIST_QNN_eff_su2_r1_d2_s45,ideal_shot,128,3,2026,ibm_kingston,False,full_main_quantum_stack,membership,confidence_auc,0.45359999999999995
MNIST_QNN_eff_su2_r1_d2_s45,ideal_shot,128,3,2026,ibm_kingston,False,full_main_quantum_stack,membership,margin_auc,0.45430000000000004
MNIST_QNN_eff_su2_r1_d2_s45,ideal_shot,128,3,2026,ibm_kingston,False,full_main_quantum_stack,membership,correctness_auc,0.55
MNIST_QNN_eff_su2_r1_d2_s45,ideal_shot,128,3,2026,ibm_kingston,False,full_main_quantum_stack,membership,max_probability_auc,0.45359999999999995
MNIST_QNN_eff_su2_r1_d2_s45,ideal_shot,128,3,2026,ibm_kingston,False,full_main_quantum_stack,target,generalization_gap_accuracy,0.09999996423721313
MNIST_QNN_eff_su2_r1_d2_s45,ideal_shot,128,4,2026,ibm_kingston,False,full_main_quantum_stack,train,target_accuracy,0.7200000286102295
MNIST_QNN_eff_su2_r1_d2_s45,ideal_shot,128,4,2026,ibm_kingston,False,full_main_quantum_stack,train,target_loss,0.7003276944160461
MNIST_QNN_eff_su2_r1_d2_s45,ideal_shot,128,4,2026,ibm_kingston,False,full_main_quantum_stack,train,n_records,100.0
MNIST_QNN_eff_su2_r1_d2_s45,ideal_shot,128,4,2026,ibm_kingston,False,full_main_quantum_stack,test,target_accuracy,0.6299999952316284
MNIST_QNN_eff_su2_r1_d2_s45,ideal_shot,128,4,2026,ibm_kingston,False,full_main_quantum_stack,test,target_loss,0.867461621761322
MNIST_QNN_eff_su2_r1_d2_s45,ideal_shot,128,4,2026,ibm_kingston,False,full_main_quantum_stack,test,n_records,100.0
MNIST_QNN_eff_su2_r1_d2_s45,ideal_shot,128,4,2026,ibm_kingston,False,full_main_quantum_stack,membership,loss_auc,0.5522
MNIST_QNN_eff_su2_r1_d2_s45,ideal_shot,128,4,2026,ibm_kingston,False,full_main_quantum_stack,membership,entropy_auc,0.5301
MNIST_QNN_eff_su2_r1_d2_s45,ideal_shot,128,4,2026,ibm_kingston,False,full_main_quantum_stack,membership,confidence_auc,0.5338
MNIST_QNN_eff_su2_r1_d2_s45,ideal_shot,128,4,2026,ibm_kingston,False,full_main_quantum_stack,membership,margin_auc,0.5345
MNIST_QNN_eff_su2_r1_d2_s45,ideal_shot,128,4,2026,ibm_kingston,False,full_main_quantum_stack,membership,correctness_auc,0.5449999999999999
MNIST_QNN_eff_su2_r1_d2_s45,ideal_shot,128,4,2026,ibm_kingston,False,full_main_quantum_stack,membership,max_probability_auc,0.5338
MNIST_QNN_eff_su2_r1_d2_s45,ideal_shot,128,4,2026,ibm_kingston,False,full_main_quantum_stack,target,generalization_gap_accuracy,0.09000003337860107
MNIST_QNN_eff_su2_r1_d2_s45,ideal_shot,128,5,2026,ibm_kingston,False,full_main_quantum_stack,train,target_accuracy,0.6200000047683716
MNIST_QNN_eff_su2_r1_d2_s45,ideal_shot,128,5,2026,ibm_kingston,False,full_main_quantum_stack,train,target_loss,0.7672234177589417
MNIST_QNN_eff_su2_r1_d2_s45,ideal_shot,128,5,2026,ibm_kingston,False,full_main_quantum_stack,train,n_records,100.0
MNIST_QNN_eff_su2_r1_d2_s45,ideal_shot,128,5,2026,ibm_kingston,False,full_main_quantum_stack,test,target_accuracy,0.6200000047683716
MNIST_QNN_eff_su2_r1_d2_s45,ideal_shot,128,5,2026,ibm_kingston,False,full_main_quantum_stack,test,target_loss,0.8758735060691833
MNIST_QNN_eff_su2_r1_d2_s45,ideal_shot,128,5,2026,ibm_kingston,False,full_main_quantum_stack,test,n_records,100.0
MNIST_QNN_eff_su2_r1_d2_s45,ideal_shot,128,5,2026,ibm_kingston,False,full_main_quantum_stack,membership,loss_auc,0.4982
MNIST_QNN_eff_su2_r1_d2_s45,ideal_shot,128,5,2026,ibm_kingston,False,full_main_quantum_stack,membership,entropy_auc,0.4851
MNIST_QNN_eff_su2_r1_d2_s45,ideal_shot,128,5,2026,ibm_kingston,False,full_main_quantum_stack,membership,confidence_auc,0.48069999999999996
MNIST_QNN_eff_su2_r1_d2_s45,ideal_shot,128,5,2026,ibm_kingston,False,full_main_quantum_stack,membership,margin_auc,0.47830000000000006
MNIST_QNN_eff_su2_r1_d2_s45,ideal_shot,128,5,2026,ibm_kingston,False,full_main_quantum_stack,membership,correctness_auc,0.5
MNIST_QNN_eff_su2_r1_d2_s45,ideal_shot,128,5,2026,ibm_kingston,False,full_main_quantum_stack,membership,max_probability_auc,0.48069999999999996
MNIST_QNN_eff_su2_r1_d2_s45,ideal_shot,128,5,2026,ibm_kingston,False,full_main_quantum_stack,target,generalization_gap_accuracy,0.0
MNIST_QNN_eff_su2_r1_d2_s45,ideal_shot,128,6,2026,ibm_kingston,False,full_main_quantum_stack,train,target_accuracy,0.6499999761581421
MNIST_QNN_eff_su2_r1_d2_s45,ideal_shot,128,6,2026,ibm_kingston,False,full_main_quantum_stack,train,target_loss,0.7985061407089233
MNIST_QNN_eff_su2_r1_d2_s45,ideal_shot,128,6,2026,ibm_kingston,False,full_main_quantum_stack,train,n_records,100.0
MNIST_QNN_eff_su2_r1_d2_s45,ideal_shot,128,6,2026,ibm_kingston,False,full_main_quantum_stack,test,target_accuracy,0.6299999952316284
MNIST_QNN_eff_su2_r1_d2_s45,ideal_shot,128,6,2026,ibm_kingston,False,full_main_quantum_stack,test,target_loss,0.7814500331878662
MNIST_QNN_eff_su2_r1_d2_s45,ideal_shot,128,6,2026,ibm_kingston,False,full_main_quantum_stack,test,n_records,100.0
MNIST_QNN_eff_su2_r1_d2_s45,ideal_shot,128,6,2026,ibm_kingston,False,full_main_quantum_stack,membership,loss_auc,0.47300000000000003
MNIST_QNN_eff_su2_r1_d2_s45,ideal_shot,128,6,2026,ibm_kingston,False,full_main_quantum_stack,membership,entropy_auc,0.45380000000000004
MNIST_QNN_eff_su2_r1_d2_s45,ideal_shot,128,6,2026,ibm_kingston,False,full_main_quantum_stack,membership,confidence_auc,0.45940000000000003
MNIST_QNN_eff_su2_r1_d2_s45,ideal_shot,128,6,2026,ibm_kingston,False,full_main_quantum_stack,membership,margin_auc,0.4666
MNIST_QNN_eff_su2_r1_d2_s45,ideal_shot,128,6,2026,ibm_kingston,False,full_main_quantum_stack,membership,correctness_auc,0.51
MNIST_QNN_eff_su2_r1_d2_s45,ideal_shot,128,6,2026,ibm_kingston,False,full_main_quantum_stack,membership,max_probability_auc,0.45940000000000003
MNIST_QNN_eff_su2_r1_d2_s45,ideal_shot,128,6,2026,ibm_kingston,False,full_main_quantum_stack,target,generalization_gap_accuracy,0.019999980926513672
MNIST_QNN_eff_su2_r1_d2_s45,ideal_shot,128,7,2026,ibm_kingston,False,full_main_quantum_stack,train,target_accuracy,0.7099999785423279
MNIST_QNN_eff_su2_r1_d2_s45,ideal_shot,128,7,2026,ibm_kingston,False,full_main_quantum_stack,train,target_loss,0.7427068948745728
MNIST_QNN_eff_su2_r1_d2_s45,ideal_shot,128,7,2026,ibm_kingston,False,full_main_quantum_stack,train,n_records,100.0
MNIST_QNN_eff_su2_r1_d2_s45,ideal_shot,128,7,2026,ibm_kingston,False,full_main_quantum_stack,test,target_accuracy,0.5799999833106995
MNIST_QNN_eff_su2_r1_d2_s45,ideal_shot,128,7,2026,ibm_kingston,False,full_main_quantum_stack,test,target_loss,0.9288316369056702
MNIST_QNN_eff_su2_r1_d2_s45,ideal_shot,128,7,2026,ibm_kingston,False,full_main_quantum_stack,test,n_records,100.0
MNIST_QNN_eff_su2_r1_d2_s45,ideal_shot,128,7,2026,ibm_kingston,False,full_main_quantum_stack,membership,loss_auc,0.5436
MNIST_QNN_eff_su2_r1_d2_s45,ideal_shot,128,7,2026,ibm_kingston,False,full_main_quantum_stack,membership,entropy_auc,0.5203
MNIST_QNN_eff_su2_r1_d2_s45,ideal_shot,128,7,2026,ibm_kingston,False,full_main_quantum_stack,membership,confidence_auc,0.5259
MNIST_QNN_eff_su2_r1_d2_s45,ideal_shot,128,7,2026,ibm_kingston,False,full_main_quantum_stack,membership,margin_auc,0.5293
MNIST_QNN_eff_su2_r1_d2_s45,ideal_shot,128,7,2026,ibm_kingston,False,full_main_quantum_stack,membership,correctness_auc,0.565
MNIST_QNN_eff_su2_r1_d2_s45,ideal_shot,128,7,2026,ibm_kingston,False,full_main_quantum_stack,membership,max_probability_auc,0.5259
MNIST_QNN_eff_su2_r1_d2_s45,ideal_shot,128,7,2026,ibm_kingston,False,full_main_quantum_stack,target,generalization_gap_accuracy,0.12999999523162842
MNIST_QNN_eff_su2_r1_d2_s45,ideal_shot,128,8,2026,ibm_kingston,False,full_main_quantum_stack,train,target_accuracy,0.7200000286102295
MNIST_QNN_eff_su2_r1_d2_s45,ideal_shot,128,8,2026,ibm_kingston,False,full_main_quantum_stack,train,target_loss,0.6789534687995911
MNIST_QNN_eff_su2_r1_d2_s45,ideal_shot,128,8,2026,ibm_kingston,False,full_main_quantum_stack,train,n_records,100.0
MNIST_QNN_eff_su2_r1_d2_s45,ideal_shot,128,8,2026,ibm_kingston,False,full_main_quantum_stack,test,target_accuracy,0.6399999856948853
MNIST_QNN_eff_su2_r1_d2_s45,ideal_shot,128,8,2026,ibm_kingston,False,full_main_quantum_stack,test,target_loss,0.8978814482688904
MNIST_QNN_eff_su2_r1_d2_s45,ideal_shot,128,8,2026,ibm_kingston,False,full_main_quantum_stack,test,n_records,100.0
MNIST_QNN_eff_su2_r1_d2_s45,ideal_shot,128,8,2026,ibm_kingston,False,full_main_quantum_stack,membership,loss_auc,0.5367
MNIST_QNN_eff_su2_r1_d2_s45,ideal_shot,128,8,2026,ibm_kingston,False,full_main_quantum_stack,membership,entropy_auc,0.46619999999999995
MNIST_QNN_eff_su2_r1_d2_s45,ideal_shot,128,8,2026,ibm_kingston,False,full_main_quantum_stack,membership,confidence_auc,0.48290000000000005
MNIST_QNN_eff_su2_r1_d2_s45,ideal_shot,128,8,2026,ibm_kingston,False,full_main_quantum_stack,membership,margin_auc,0.49069999999999997
MNIST_QNN_eff_su2_r1_d2_s45,ideal_shot,128,8,2026,ibm_kingston,False,full_main_quantum_stack,membership,correctness_auc,0.54
MNIST_QNN_eff_su2_r1_d2_s45,ideal_shot,128,8,2026,ibm_kingston,False,full_main_quantum_stack,membership,max_probability_auc,0.48290000000000005
MNIST_QNN_eff_su2_r1_d2_s45,ideal_shot,128,8,2026,ibm_kingston,False,full_main_quantum_stack,target,generalization_gap_accuracy,0.08000004291534424
MNIST_QNN_eff_su2_r1_d2_s45,ideal_shot,128,9,2026,ibm_kingston,False,full_main_quantum_stack,train,target_accuracy,0.6100000143051147
MNIST_QNN_eff_su2_r1_d2_s45,ideal_shot,128,9,2026,ibm_kingston,False,full_main_quantum_stack,train,target_loss,0.839383065700531
MNIST_QNN_eff_su2_r1_d2_s45,ideal_shot,128,9,2026,ibm_kingston,False,full_main_quantum_stack,train,n_records,100.0
MNIST_QNN_eff_su2_r1_d2_s45,ideal_shot,128,9,2026,ibm_kingston,False,full_main_quantum_stack,test,target_accuracy,0.5600000023841858
MNIST_QNN_eff_su2_r1_d2_s45,ideal_shot,128,9,2026,ibm_kingston,False,full_main_quantum_stack,test,target_loss,0.9802830219268799
MNIST_QNN_eff_su2_r1_d2_s45,ideal_shot,128,9,2026,ibm_kingston,False,full_main_quantum_stack,test,n_records,100.0
MNIST_QNN_eff_su2_r1_d2_s45,ideal_shot,128,9,2026,ibm_kingston,False,full_main_quantum_stack,membership,loss_auc,0.5442999999999999
MNIST_QNN_eff_su2_r1_d2_s45,ideal_shot,128,9,2026,ibm_kingston,False,full_main_quantum_stack,membership,entropy_auc,0.5628
MNIST_QNN_eff_su2_r1_d2_s45,ideal_shot,128,9,2026,ibm_kingston,False,full_main_quantum_stack,membership,confidence_auc,0.5749
MNIST_QNN_eff_su2_r1_d2_s45,ideal_shot,128,9,2026,ibm_kingston,False,full_main_quantum_stack,membership,margin_auc,0.5769
MNIST_QNN_eff_su2_r1_d2_s45,ideal_shot,128,9,2026,ibm_kingston,False,full_main_quantum_stack,membership,correctness_auc,0.5249999999999999
MNIST_QNN_eff_su2_r1_d2_s45,ideal_shot,128,9,2026,ibm_kingston,False,full_main_quantum_stack,membership,max_probability_auc,0.5749
MNIST_QNN_eff_su2_r1_d2_s45,ideal_shot,128,9,2026,ibm_kingston,False,full_main_quantum_stack,target,generalization_gap_accuracy,0.050000011920928955
MNIST_QNN_eff_su2_r1_d2_s45,ideal_shot,512,0,2026,ibm_kingston,False,full_main_quantum_stack,train,target_accuracy,0.7200000286102295
MNIST_QNN_eff_su2_r1_d2_s45,ideal_shot,512,0,2026,ibm_kingston,False,full_main_quantum_stack,train,target_loss,0.560086190700531
MNIST_QNN_eff_su2_r1_d2_s45,ideal_shot,512,0,2026,ibm_kingston,False,full_main_quantum_stack,train,n_records,100.0
MNIST_QNN_eff_su2_r1_d2_s45,ideal_shot,512,0,2026,ibm_kingston,False,full_main_quantum_stack,test,target_accuracy,0.699999988079071
MNIST_QNN_eff_su2_r1_d2_s45,ideal_shot,512,0,2026,ibm_kingston,False,full_main_quantum_stack,test,target_loss,0.7685509324073792
MNIST_QNN_eff_su2_r1_d2_s45,ideal_shot,512,0,2026,ibm_kingston,False,full_main_quantum_stack,test,n_records,100.0
MNIST_QNN_eff_su2_r1_d2_s45,ideal_shot,512,0,2026,ibm_kingston,False,full_main_quantum_stack,membership,loss_auc,0.5473999999999999
MNIST_QNN_eff_su2_r1_d2_s45,ideal_shot,512,0,2026,ibm_kingston,False,full_main_quantum_stack,membership,entropy_auc,0.5117
MNIST_QNN_eff_su2_r1_d2_s45,ideal_shot,512,0,2026,ibm_kingston,False,full_main_quantum_stack,membership,confidence_auc,0.5158
MNIST_QNN_eff_su2_r1_d2_s45,ideal_shot,512,0,2026,ibm_kingston,False,full_main_quantum_stack,membership,margin_auc,0.5291
MNIST_QNN_eff_su2_r1_d2_s45,ideal_shot,512,0,2026,ibm_kingston,False,full_main_quantum_stack,membership,correctness_auc,0.51
MNIST_QNN_eff_su2_r1_d2_s45,ideal_shot,512,0,2026,ibm_kingston,False,full_main_quantum_stack,membership,max_probability_auc,0.5158
MNIST_QNN_eff_su2_r1_d2_s45,ideal_shot,512,0,2026,ibm_kingston,False,full_main_quantum_stack,target,generalization_gap_accuracy,0.020000040531158447
MNIST_QNN_eff_su2_r1_d2_s45,ideal_shot,512,1,2026,ibm_kingston,False,full_main_quantum_stack,train,target_accuracy,0.7599999904632568
MNIST_QNN_eff_su2_r1_d2_s45,ideal_shot,512,1,2026,ibm_kingston,False,full_main_quantum_stack,train,target_loss,0.5802139043807983
MNIST_QNN_eff_su2_r1_d2_s45,ideal_shot,512,1,2026,ibm_kingston,False,full_main_quantum_stack,train,n_records,100.0
MNIST_QNN_eff_su2_r1_d2_s45,ideal_shot,512,1,2026,ibm_kingston,False,full_main_quantum_stack,test,target_accuracy,0.7099999785423279
MNIST_QNN_eff_su2_r1_d2_s45,ideal_shot,512,1,2026,ibm_kingston,False,full_main_quantum_stack,test,target_loss,0.6619657874107361
MNIST_QNN_eff_su2_r1_d2_s45,ideal_shot,512,1,2026,ibm_kingston,False,full_main_quantum_stack,test,n_records,100.0
MNIST_QNN_eff_su2_r1_d2_s45,ideal_shot,512,1,2026,ibm_kingston,False,full_main_quantum_stack,membership,loss_auc,0.5041
MNIST_QNN_eff_su2_r1_d2_s45,ideal_shot,512,1,2026,ibm_kingston,False,full_main_quantum_stack,membership,entropy_auc,0.4856
MNIST_QNN_eff_su2_r1_d2_s45,ideal_shot,512,1,2026,ibm_kingston,False,full_main_quantum_stack,membership,confidence_auc,0.4872
MNIST_QNN_eff_su2_r1_d2_s45,ideal_shot,512,1,2026,ibm_kingston,False,full_main_quantum_stack,membership,margin_auc,0.498
MNIST_QNN_eff_su2_r1_d2_s45,ideal_shot,512,1,2026,ibm_kingston,False,full_main_quantum_stack,membership,correctness_auc,0.525
MNIST_QNN_eff_su2_r1_d2_s45,ideal_shot,512,1,2026,ibm_kingston,False,full_main_quantum_stack,membership,max_probability_auc,0.4872
MNIST_QNN_eff_su2_r1_d2_s45,ideal_shot,512,1,2026,ibm_kingston,False,full_main_quantum_stack,target,generalization_gap_accuracy,0.050000011920928955
MNIST_QNN_eff_su2_r1_d2_s45,ideal_shot,512,2,2026,ibm_kingston,False,full_main_quantum_stack,train,target_accuracy,0.7400000095367432
MNIST_QNN_eff_su2_r1_d2_s45,ideal_shot,512,2,2026,ibm_kingston,False,full_main_quantum_stack,train,target_loss,0.6185418963432312
MNIST_QNN_eff_su2_r1_d2_s45,ideal_shot,512,2,2026,ibm_kingston,False,full_main_quantum_stack,train,n_records,100.0
MNIST_QNN_eff_su2_r1_d2_s45,ideal_shot,512,2,2026,ibm_kingston,False,full_main_quantum_stack,test,target_accuracy,0.699999988079071
MNIST_QNN_eff_su2_r1_d2_s45,ideal_shot,512,2,2026,ibm_kingston,False,full_main_quantum_stack,test,target_loss,0.589912474155426
MNIST_QNN_eff_su2_r1_d2_s45,ideal_shot,512,2,2026,ibm_kingston,False,full_main_quantum_stack,test,n_records,100.0
MNIST_QNN_eff_su2_r1_d2_s45,ideal_shot,512,2,2026,ibm_kingston,False,full_main_quantum_stack,membership,loss_auc,0.4969
MNIST_QNN_eff_su2_r1_d2_s45,ideal_shot,512,2,2026,ibm_kingston,False,full_main_quantum_stack,membership,entropy_auc,0.4751
MNIST_QNN_eff_su2_r1_d2_s45,ideal_shot,512,2,2026,ibm_kingston,False,full_main_quantum_stack,membership,confidence_auc,0.5012000000000001
MNIST_QNN_eff_su2_r1_d2_s45,ideal_shot,512,2,2026,ibm_kingston,False,full_main_quantum_stack,membership,margin_auc,0.5114000000000001
MNIST_QNN_eff_su2_r1_d2_s45,ideal_shot,512,2,2026,ibm_kingston,False,full_main_quantum_stack,membership,correctness_auc,0.52
MNIST_QNN_eff_su2_r1_d2_s45,ideal_shot,512,2,2026,ibm_kingston,False,full_main_quantum_stack,membership,max_probability_auc,0.5012000000000001
MNIST_QNN_eff_su2_r1_d2_s45,ideal_shot,512,2,2026,ibm_kingston,False,full_main_quantum_stack,target,generalization_gap_accuracy,0.04000002145767212
MNIST_QNN_eff_su2_r1_d2_s45,ideal_shot,512,3,2026,ibm_kingston,False,full_main_quantum_stack,train,target_accuracy,0.8100000023841858
MNIST_QNN_eff_su2_r1_d2_s45,ideal_shot,512,3,2026,ibm_kingston,False,full_main_quantum_stack,train,target_loss,0.5330760478973389
MNIST_QNN_eff_su2_r1_d2_s45,ideal_shot,512,3,2026,ibm_kingston,False,full_main_quantum_stack,train,n_records,100.0
MNIST_QNN_eff_su2_r1_d2_s45,ideal_shot,512,3,2026,ibm_kingston,False,full_main_quantum_stack,test,target_accuracy,0.6800000071525574
MNIST_QNN_eff_su2_r1_d2_s45,ideal_shot,512,3,2026,ibm_kingston,False,full_main_quantum_stack,test,target_loss,0.6536789536476135
MNIST_QNN_eff_su2_r1_d2_s45,ideal_shot,512,3,2026,ibm_kingston,False,full_main_quantum_stack,test,n_records,100.0
MNIST_QNN_eff_su2_r1_d2_s45,ideal_shot,512,3,2026,ibm_kingston,False,full_main_quantum_stack,membership,loss_auc,0.5303
MNIST_QNN_eff_su2_r1_d2_s45,ideal_shot,512,3,2026,ibm_kingston,False,full_main_quantum_stack,membership,entropy_auc,0.4784
MNIST_QNN_eff_su2_r1_d2_s45,ideal_shot,512,3,2026,ibm_kingston,False,full_main_quantum_stack,membership,confidence_auc,0.5027
MNIST_QNN_eff_su2_r1_d2_s45,ideal_shot,512,3,2026,ibm_kingston,False,full_main_quantum_stack,membership,margin_auc,0.514
MNIST_QNN_eff_su2_r1_d2_s45,ideal_shot,512,3,2026,ibm_kingston,False,full_main_quantum_stack,membership,correctness_auc,0.565
MNIST_QNN_eff_su2_r1_d2_s45,ideal_shot,512,3,2026,ibm_kingston,False,full_main_quantum_stack,membership,max_probability_auc,0.5027
MNIST_QNN_eff_su2_r1_d2_s45,ideal_shot,512,3,2026,ibm_kingston,False,full_main_quantum_stack,target,generalization_gap_accuracy,0.12999999523162842
MNIST_QNN_eff_su2_r1_d2_s45,ideal_shot,512,4,2026,ibm_kingston,False,full_main_quantum_stack,train,target_accuracy,0.7699999809265137
MNIST_QNN_eff_su2_r1_d2_s45,ideal_shot,512,4,2026,ibm_kingston,False,full_main_quantum_stack,train,target_loss,0.5799933671951294
MNIST_QNN_eff_su2_r1_d2_s45,ideal_shot,512,4,2026,ibm_kingston,False,full_main_quantum_stack,train,n_records,100.0
MNIST_QNN_eff_su2_r1_d2_s45,ideal_shot,512,4,2026,ibm_kingston,False,full_main_quantum_stack,test,target_accuracy,0.7400000095367432
MNIST_QNN_eff_su2_r1_d2_s45,ideal_shot,512,4,2026,ibm_kingston,False,full_main_quantum_stack,test,target_loss,0.6550402641296387
MNIST_QNN_eff_su2_r1_d2_s45,ideal_shot,512,4,2026,ibm_kingston,False,full_main_quantum_stack,test,n_records,100.0
MNIST_QNN_eff_su2_r1_d2_s45,ideal_shot,512,4,2026,ibm_kingston,False,full_main_quantum_stack,membership,loss_auc,0.5194
MNIST_QNN_eff_su2_r1_d2_s45,ideal_shot,512,4,2026,ibm_kingston,False,full_main_quantum_stack,membership,entropy_auc,0.5066
MNIST_QNN_eff_su2_r1_d2_s45,ideal_shot,512,4,2026,ibm_kingston,False,full_main_quantum_stack,membership,confidence_auc,0.5095999999999999
MNIST_QNN_eff_su2_r1_d2_s45,ideal_shot,512,4,2026,ibm_kingston,False,full_main_quantum_stack,membership,margin_auc,0.5119
MNIST_QNN_eff_su2_r1_d2_s45,ideal_shot,512,4,2026,ibm_kingston,False,full_main_quantum_stack,membership,correctness_auc,0.515
MNIST_QNN_eff_su2_r1_d2_s45,ideal_shot,512,4,2026,ibm_kingston,False,full_main_quantum_stack,membership,max_probability_auc,0.5095999999999999
MNIST_QNN_eff_su2_r1_d2_s45,ideal_shot,512,4,2026,ibm_kingston,False,full_main_quantum_stack,target,generalization_gap_accuracy,0.029999971389770508
MNIST_QNN_eff_su2_r1_d2_s45,ideal_shot,512,5,2026,ibm_kingston,False,full_main_quantum_stack,train,target_accuracy,0.7400000095367432
MNIST_QNN_eff_su2_r1_d2_s45,ideal_shot,512,5,2026,ibm_kingston,False,full_main_quantum_stack,train,target_loss,0.5557656288146973
MNIST_QNN_eff_su2_r1_d2_s45,ideal_shot,512,5,2026,ibm_kingston,False,full_main_quantum_stack,train,n_records,100.0
MNIST_QNN_eff_su2_r1_d2_s45,ideal_shot,512,5,2026,ibm_kingston,False,full_main_quantum_stack,test,target_accuracy,0.7300000190734863
MNIST_QNN_eff_su2_r1_d2_s45,ideal_shot,512,5,2026,ibm_kingston,False,full_main_quantum_stack,test,target_loss,0.6651077270507812
MNIST_QNN_eff_su2_r1_d2_s45,ideal_shot,512,5,2026,ibm_kingston,False,full_main_quantum_stack,test,n_records,100.0
MNIST_QNN_eff_su2_r1_d2_s45,ideal_shot,512,5,2026,ibm_kingston,False,full_main_quantum_stack,membership,loss_auc,0.5121
MNIST_QNN_eff_su2_r1_d2_s45,ideal_shot,512,5,2026,ibm_kingston,False,full_main_quantum_stack,membership,entropy_auc,0.4852
MNIST_QNN_eff_su2_r1_d2_s45,ideal_shot,512,5,2026,ibm_kingston,False,full_main_quantum_stack,membership,confidence_auc,0.49350000000000005
MNIST_QNN_eff_su2_r1_d2_s45,ideal_shot,512,5,2026,ibm_kingston,False,full_main_quantum_stack,membership,margin_auc,0.4952
MNIST_QNN_eff_su2_r1_d2_s45,ideal_shot,512,5,2026,ibm_kingston,False,full_main_quantum_stack,membership,correctness_auc,0.505
MNIST_QNN_eff_su2_r1_d2_s45,ideal_shot,512,5,2026,ibm_kingston,False,full_main_quantum_stack,membership,max_probability_auc,0.49350000000000005
MNIST_QNN_eff_su2_r1_d2_s45,ideal_shot,512,5,2026,ibm_kingston,False,full_main_quantum_stack,target,generalization_gap_accuracy,0.009999990463256836
MNIST_QNN_eff_su2_r1_d2_s45,ideal_shot,512,6,2026,ibm_kingston,False,full_main_quantum_stack,train,target_accuracy,0.7400000095367432
MNIST_QNN_eff_su2_r1_d2_s45,ideal_shot,512,6,2026,ibm_kingston,False,full_main_quantum_stack,train,target_loss,0.5738274455070496
MNIST_QNN_eff_su2_r1_d2_s45,ideal_shot,512,6,2026,ibm_kingston,False,full_main_quantum_stack,train,n_records,100.0
MNIST_QNN_eff_su2_r1_d2_s45,ideal_shot,512,6,2026,ibm_kingston,False,full_main_quantum_stack,test,target_accuracy,0.75
MNIST_QNN_eff_su2_r1_d2_s45,ideal_shot,512,6,2026,ibm_kingston,False,full_main_quantum_stack,test,target_loss,0.6282398700714111
MNIST_QNN_eff_su2_r1_d2_s45,ideal_shot,512,6,2026,ibm_kingston,False,full_main_quantum_stack,test,n_records,100.0
MNIST_QNN_eff_su2_r1_d2_s45,ideal_shot,512,6,2026,ibm_kingston,False,full_main_quantum_stack,membership,loss_auc,0.4811
MNIST_QNN_eff_su2_r1_d2_s45,ideal_shot,512,6,2026,ibm_kingston,False,full_main_quantum_stack,membership,entropy_auc,0.4554
MNIST_QNN_eff_su2_r1_d2_s45,ideal_shot,512,6,2026,ibm_kingston,False,full_main_quantum_stack,membership,confidence_auc,0.46459999999999996
MNIST_QNN_eff_su2_r1_d2_s45,ideal_shot,512,6,2026,ibm_kingston,False,full_main_quantum_stack,membership,margin_auc,0.4721000000000001
MNIST_QNN_eff_su2_r1_d2_s45,ideal_shot,512,6,2026,ibm_kingston,False,full_main_quantum_stack,membership,correctness_auc,0.495
MNIST_QNN_eff_su2_r1_d2_s45,ideal_shot,512,6,2026,ibm_kingston,False,full_main_quantum_stack,membership,max_probability_auc,0.46459999999999996
MNIST_QNN_eff_su2_r1_d2_s45,ideal_shot,512,6,2026,ibm_kingston,False,full_main_quantum_stack,target,generalization_gap_accuracy,-0.009999990463256836
MNIST_QNN_eff_su2_r1_d2_s45,ideal_shot,512,7,2026,ibm_kingston,False,full_main_quantum_stack,train,target_accuracy,0.7699999809265137
MNIST_QNN_eff_su2_r1_d2_s45,ideal_shot,512,7,2026,ibm_kingston,False,full_main_quantum_stack,train,target_loss,0.5500897765159607
MNIST_QNN_eff_su2_r1_d2_s45,ideal_shot,512,7,2026,ibm_kingston,False,full_main_quantum_stack,train,n_records,100.0
MNIST_QNN_eff_su2_r1_d2_s45,ideal_shot,512,7,2026,ibm_kingston,False,full_main_quantum_stack,test,target_accuracy,0.7099999785423279
MNIST_QNN_eff_su2_r1_d2_s45,ideal_shot,512,7,2026,ibm_kingston,False,full_main_quantum_stack,test,target_loss,0.686460554599762
MNIST_QNN_eff_su2_r1_d2_s45,ideal_shot,512,7,2026,ibm_kingston,False,full_main_quantum_stack,test,n_records,100.0
MNIST_QNN_eff_su2_r1_d2_s45,ideal_shot,512,7,2026,ibm_kingston,False,full_main_quantum_stack,membership,loss_auc,0.5513
MNIST_QNN_eff_su2_r1_d2_s45,ideal_shot,512,7,2026,ibm_kingston,False,full_main_quantum_stack,membership,entropy_auc,0.5342
MNIST_QNN_eff_su2_r1_d2_s45,ideal_shot,512,7,2026,ibm_kingston,False,full_main_quantum_stack,membership,confidence_auc,0.5317
MNIST_QNN_eff_su2_r1_d2_s45,ideal_shot,512,7,2026,ibm_kingston,False,full_main_quantum_stack,membership,margin_auc,0.5306000000000001
MNIST_QNN_eff_su2_r1_d2_s45,ideal_shot,512,7,2026,ibm_kingston,False,full_main_quantum_stack,membership,correctness_auc,0.53
MNIST_QNN_eff_su2_r1_d2_s45,ideal_shot,512,7,2026,ibm_kingston,False,full_main_quantum_stack,membership,max_probability_auc,0.5317
MNIST_QNN_eff_su2_r1_d2_s45,ideal_shot,512,7,2026,ibm_kingston,False,full_main_quantum_stack,target,generalization_gap_accuracy,0.06000000238418579
MNIST_QNN_eff_su2_r1_d2_s45,ideal_shot,512,8,2026,ibm_kingston,False,full_main_quantum_stack,train,target_accuracy,0.7699999809265137
MNIST_QNN_eff_su2_r1_d2_s45,ideal_shot,512,8,2026,ibm_kingston,False,full_main_quantum_stack,train,target_loss,0.5387086272239685
MNIST_QNN_eff_su2_r1_d2_s45,ideal_shot,512,8,2026,ibm_kingston,False,full_main_quantum_stack,train,n_records,100.0
MNIST_QNN_eff_su2_r1_d2_s45,ideal_shot,512,8,2026,ibm_kingston,False,full_main_quantum_stack,test,target_accuracy,0.7200000286102295
MNIST_QNN_eff_su2_r1_d2_s45,ideal_shot,512,8,2026,ibm_kingston,False,full_main_quantum_stack,test,target_loss,0.7007123827934265
MNIST_QNN_eff_su2_r1_d2_s45,ideal_shot,512,8,2026,ibm_kingston,False,full_main_quantum_stack,test,n_records,100.0
MNIST_QNN_eff_su2_r1_d2_s45,ideal_shot,512,8,2026,ibm_kingston,False,full_main_quantum_stack,membership,loss_auc,0.5197
MNIST_QNN_eff_su2_r1_d2_s45,ideal_shot,512,8,2026,ibm_kingston,False,full_main_quantum_stack,membership,entropy_auc,0.45580000000000004
MNIST_QNN_eff_su2_r1_d2_s45,ideal_shot,512,8,2026,ibm_kingston,False,full_main_quantum_stack,membership,confidence_auc,0.46690000000000004
MNIST_QNN_eff_su2_r1_d2_s45,ideal_shot,512,8,2026,ibm_kingston,False,full_main_quantum_stack,membership,margin_auc,0.4801
MNIST_QNN_eff_su2_r1_d2_s45,ideal_shot,512,8,2026,ibm_kingston,False,full_main_quantum_stack,membership,correctness_auc,0.525
MNIST_QNN_eff_su2_r1_d2_s45,ideal_shot,512,8,2026,ibm_kingston,False,full_main_quantum_stack,membership,max_probability_auc,0.46690000000000004
MNIST_QNN_eff_su2_r1_d2_s45,ideal_shot,512,8,2026,ibm_kingston,False,full_main_quantum_stack,target,generalization_gap_accuracy,0.04999995231628418
MNIST_QNN_eff_su2_r1_d2_s45,ideal_shot,512,9,2026,ibm_kingston,False,full_main_quantum_stack,train,target_accuracy,0.7400000095367432
MNIST_QNN_eff_su2_r1_d2_s45,ideal_shot,512,9,2026,ibm_kingston,False,full_main_quantum_stack,train,target_loss,0.5756035447120667
MNIST_QNN_eff_su2_r1_d2_s45,ideal_shot,512,9,2026,ibm_kingston,False,full_main_quantum_stack,train,n_records,100.0
MNIST_QNN_eff_su2_r1_d2_s45,ideal_shot,512,9,2026,ibm_kingston,False,full_main_quantum_stack,test,target_accuracy,0.7099999785423279
MNIST_QNN_eff_su2_r1_d2_s45,ideal_shot,512,9,2026,ibm_kingston,False,full_main_quantum_stack,test,target_loss,0.6907172203063965
MNIST_QNN_eff_su2_r1_d2_s45,ideal_shot,512,9,2026,ibm_kingston,False,full_main_quantum_stack,test,n_records,100.0
MNIST_QNN_eff_su2_r1_d2_s45,ideal_shot,512,9,2026,ibm_kingston,False,full_main_quantum_stack,membership,loss_auc,0.5172000000000001
MNIST_QNN_eff_su2_r1_d2_s45,ideal_shot,512,9,2026,ibm_kingston,False,full_main_quantum_stack,membership,entropy_auc,0.4859
MNIST_QNN_eff_su2_r1_d2_s45,ideal_shot,512,9,2026,ibm_kingston,False,full_main_quantum_stack,membership,confidence_auc,0.4792
MNIST_QNN_eff_su2_r1_d2_s45,ideal_shot,512,9,2026,ibm_kingston,False,full_main_quantum_stack,membership,margin_auc,0.4848
MNIST_QNN_eff_su2_r1_d2_s45,ideal_shot,512,9,2026,ibm_kingston,False,full_main_quantum_stack,membership,correctness_auc,0.515
MNIST_QNN_eff_su2_r1_d2_s45,ideal_shot,512,9,2026,ibm_kingston,False,full_main_quantum_stack,membership,max_probability_auc,0.4792
MNIST_QNN_eff_su2_r1_d2_s45,ideal_shot,512,9,2026,ibm_kingston,False,full_main_quantum_stack,target,generalization_gap_accuracy,0.030000030994415283
MNIST_QNN_eff_su2_r1_d2_s45,ideal_shot,1024,0,2026,ibm_kingston,False,full_main_quantum_stack,train,target_accuracy,0.7699999809265137
MNIST_QNN_eff_su2_r1_d2_s45,ideal_shot,1024,0,2026,ibm_kingston,False,full_main_quantum_stack,train,target_loss,0.5262792110443115
MNIST_QNN_eff_su2_r1_d2_s45,ideal_shot,1024,0,2026,ibm_kingston,False,full_main_quantum_stack,train,n_records,100.0
MNIST_QNN_eff_su2_r1_d2_s45,ideal_shot,1024,0,2026,ibm_kingston,False,full_main_quantum_stack,test,target_accuracy,0.7200000286102295
MNIST_QNN_eff_su2_r1_d2_s45,ideal_shot,1024,0,2026,ibm_kingston,False,full_main_quantum_stack,test,target_loss,0.6477236747741699
MNIST_QNN_eff_su2_r1_d2_s45,ideal_shot,1024,0,2026,ibm_kingston,False,full_main_quantum_stack,test,n_records,100.0
MNIST_QNN_eff_su2_r1_d2_s45,ideal_shot,1024,0,2026,ibm_kingston,False,full_main_quantum_stack,membership,loss_auc,0.5196000000000001
MNIST_QNN_eff_su2_r1_d2_s45,ideal_shot,1024,0,2026,ibm_kingston,False,full_main_quantum_stack,membership,entropy_auc,0.48999999999999994
MNIST_QNN_eff_su2_r1_d2_s45,ideal_shot,1024,0,2026,ibm_kingston,False,full_main_quantum_stack,membership,confidence_auc,0.488
MNIST_QNN_eff_su2_r1_d2_s45,ideal_shot,1024,0,2026,ibm_kingston,False,full_main_quantum_stack,membership,margin_auc,0.49720000000000003
MNIST_QNN_eff_su2_r1_d2_s45,ideal_shot,1024,0,2026,ibm_kingston,False,full_main_quantum_stack,membership,correctness_auc,0.525
MNIST_QNN_eff_su2_r1_d2_s45,ideal_shot,1024,0,2026,ibm_kingston,False,full_main_quantum_stack,membership,max_probability_auc,0.488
MNIST_QNN_eff_su2_r1_d2_s45,ideal_shot,1024,0,2026,ibm_kingston,False,full_main_quantum_stack,target,generalization_gap_accuracy,0.04999995231628418
MNIST_QNN_eff_su2_r1_d2_s45,ideal_shot,1024,1,2026,ibm_kingston,False,full_main_quantum_stack,train,target_accuracy,0.7699999809265137
MNIST_QNN_eff_su2_r1_d2_s45,ideal_shot,1024,1,2026,ibm_kingston,False,full_main_quantum_stack,train,target_loss,0.5304960012435913
MNIST_QNN_eff_su2_r1_d2_s45,ideal_shot,1024,1,2026,ibm_kingston,False,full_main_quantum_stack,train,n_records,100.0
MNIST_QNN_eff_su2_r1_d2_s45,ideal_shot,1024,1,2026,ibm_kingston,False,full_main_quantum_stack,test,target_accuracy,0.7599999904632568
MNIST_QNN_eff_su2_r1_d2_s45,ideal_shot,1024,1,2026,ibm_kingston,False,full_main_quantum_stack,test,target_loss,0.6031539440155029
MNIST_QNN_eff_su2_r1_d2_s45,ideal_shot,1024,1,2026,ibm_kingston,False,full_main_quantum_stack,test,n_records,100.0
MNIST_QNN_eff_su2_r1_d2_s45,ideal_shot,1024,1,2026,ibm_kingston,False,full_main_quantum_stack,membership,loss_auc,0.506
MNIST_QNN_eff_su2_r1_d2_s45,ideal_shot,1024,1,2026,ibm_kingston,False,full_main_quantum_stack,membership,entropy_auc,0.48150000000000004
MNIST_QNN_eff_su2_r1_d2_s45,ideal_shot,1024,1,2026,ibm_kingston,False,full_main_quantum_stack,membership,confidence_auc,0.4945
MNIST_QNN_eff_su2_r1_d2_s45,ideal_shot,1024,1,2026,ibm_kingston,False,full_main_quantum_stack,membership,margin_auc,0.5008
MNIST_QNN_eff_su2_r1_d2_s45,ideal_shot,1024,1,2026,ibm_kingston,False,full_main_quantum_stack,membership,correctness_auc,0.505
MNIST_QNN_eff_su2_r1_d2_s45,ideal_shot,1024,1,2026,ibm_kingston,False,full_main_quantum_stack,membership,max_probability_auc,0.4945
MNIST_QNN_eff_su2_r1_d2_s45,ideal_shot,1024,1,2026,ibm_kingston,False,full_main_quantum_stack,target,generalization_gap_accuracy,0.009999990463256836
MNIST_QNN_eff_su2_r1_d2_s45,ideal_shot,1024,2,2026,ibm_kingston,False,full_main_quantum_stack,train,target_accuracy,0.7699999809265137
MNIST_QNN_eff_su2_r1_d2_s45,ideal_shot,1024,2,2026,ibm_kingston,False,full_main_quantum_stack,train,target_loss,0.5572888851165771
MNIST_QNN_eff_su2_r1_d2_s45,ideal_shot,1024,2,2026,ibm_kingston,False,full_main_quantum_stack,train,n_records,100.0
MNIST_QNN_eff_su2_r1_d2_s45,ideal_shot,1024,2,2026,ibm_kingston,False,full_main_quantum_stack,test,target_accuracy,0.75
MNIST_QNN_eff_su2_r1_d2_s45,ideal_shot,1024,2,2026,ibm_kingston,False,full_main_quantum_stack,test,target_loss,0.5857027769088745
MNIST_QNN_eff_su2_r1_d2_s45,ideal_shot,1024,2,2026,ibm_kingston,False,full_main_quantum_stack,test,n_records,100.0
MNIST_QNN_eff_su2_r1_d2_s45,ideal_shot,1024,2,2026,ibm_kingston,False,full_main_quantum_stack,membership,loss_auc,0.5028999999999999
MNIST_QNN_eff_su2_r1_d2_s45,ideal_shot,1024,2,2026,ibm_kingston,False,full_main_quantum_stack,membership,entropy_auc,0.47839999999999994
MNIST_QNN_eff_su2_r1_d2_s45,ideal_shot,1024,2,2026,ibm_kingston,False,full_main_quantum_stack,membership,confidence_auc,0.4787
MNIST_QNN_eff_su2_r1_d2_s45,ideal_shot,1024,2,2026,ibm_kingston,False,full_main_quantum_stack,membership,margin_auc,0.48860000000000003
MNIST_QNN_eff_su2_r1_d2_s45,ideal_shot,1024,2,2026,ibm_kingston,False,full_main_quantum_stack,membership,correctness_auc,0.51
MNIST_QNN_eff_su2_r1_d2_s45,ideal_shot,1024,2,2026,ibm_kingston,False,full_main_quantum_stack,membership,max_probability_auc,0.4787
MNIST_QNN_eff_su2_r1_d2_s45,ideal_shot,1024,2,2026,ibm_kingston,False,full_main_quantum_stack,target,generalization_gap_accuracy,0.019999980926513672
MNIST_QNN_eff_su2_r1_d2_s45,ideal_shot,1024,3,2026,ibm_kingston,False,full_main_quantum_stack,train,target_accuracy,0.8399999737739563
MNIST_QNN_eff_su2_r1_d2_s45,ideal_shot,1024,3,2026,ibm_kingston,False,full_main_quantum_stack,train,target_loss,0.49794238805770874
MNIST_QNN_eff_su2_r1_d2_s45,ideal_shot,1024,3,2026,ibm_kingston,False,full_main_quantum_stack,train,n_records,100.0
MNIST_QNN_eff_su2_r1_d2_s45,ideal_shot,1024,3,2026,ibm_kingston,False,full_main_quantum_stack,test,target_accuracy,0.7799999713897705
MNIST_QNN_eff_su2_r1_d2_s45,ideal_shot,1024,3,2026,ibm_kingston,False,full_main_quantum_stack,test,target_loss,0.6190468072891235
MNIST_QNN_eff_su2_r1_d2_s45,ideal_shot,1024,3,2026,ibm_kingston,False,full_main_quantum_stack,test,n_records,100.0
MNIST_QNN_eff_su2_r1_d2_s45,ideal_shot,1024,3,2026,ibm_kingston,False,full_main_quantum_stack,membership,loss_auc,0.5273
MNIST_QNN_eff_su2_r1_d2_s45,ideal_shot,1024,3,2026,ibm_kingston,False,full_main_quantum_stack,membership,entropy_auc,0.48919999999999997
MNIST_QNN_eff_su2_r1_d2_s45,ideal_shot,1024,3,2026,ibm_kingston,False,full_main_quantum_stack,membership,confidence_auc,0.4955
MNIST_QNN_eff_su2_r1_d2_s45,ideal_shot,1024,3,2026,ibm_kingston,False,full_main_quantum_stack,membership,margin_auc,0.5005
MNIST_QNN_eff_su2_r1_d2_s45,ideal_shot,1024,3,2026,ibm_kingston,False,full_main_quantum_stack,membership,correctness_auc,0.53
MNIST_QNN_eff_su2_r1_d2_s45,ideal_shot,1024,3,2026,ibm_kingston,False,full_main_quantum_stack,membership,max_probability_auc,0.4955
MNIST_QNN_eff_su2_r1_d2_s45,ideal_shot,1024,3,2026,ibm_kingston,False,full_main_quantum_stack,target,generalization_gap_accuracy,0.06000000238418579
MNIST_QNN_eff_su2_r1_d2_s45,ideal_shot,1024,4,2026,ibm_kingston,False,full_main_quantum_stack,train,target_accuracy,0.7599999904632568
MNIST_QNN_eff_su2_r1_d2_s45,ideal_shot,1024,4,2026,ibm_kingston,False,full_main_quantum_stack,train,target_loss,0.5433452725410461
MNIST_QNN_eff_su2_r1_d2_s45,ideal_shot,1024,4,2026,ibm_kingston,False,full_main_quantum_stack,train,n_records,100.0
MNIST_QNN_eff_su2_r1_d2_s45,ideal_shot,1024,4,2026,ibm_kingston,False,full_main_quantum_stack,test,target_accuracy,0.7300000190734863
MNIST_QNN_eff_su2_r1_d2_s45,ideal_shot,1024,4,2026,ibm_kingston,False,full_main_quantum_stack,test,target_loss,0.6400648355484009
MNIST_QNN_eff_su2_r1_d2_s45,ideal_shot,1024,4,2026,ibm_kingston,False,full_main_quantum_stack,test,n_records,100.0
MNIST_QNN_eff_su2_r1_d2_s45,ideal_shot,1024,4,2026,ibm_kingston,False,full_main_quantum_stack,membership,loss_auc,0.5125
MNIST_QNN_eff_su2_r1_d2_s45,ideal_shot,1024,4,2026,ibm_kingston,False,full_main_quantum_stack,membership,entropy_auc,0.48669999999999997
MNIST_QNN_eff_su2_r1_d2_s45,ideal_shot,1024,4,2026,ibm_kingston,False,full_main_quantum_stack,membership,confidence_auc,0.49060000000000004
MNIST_QNN_eff_su2_r1_d2_s45,ideal_shot,1024,4,2026,ibm_kingston,False,full_main_quantum_stack,membership,margin_auc,0.4873
MNIST_QNN_eff_su2_r1_d2_s45,ideal_shot,1024,4,2026,ibm_kingston,False,full_main_quantum_stack,membership,correctness_auc,0.515
MNIST_QNN_eff_su2_r1_d2_s45,ideal_shot,1024,4,2026,ibm_kingston,False,full_main_quantum_stack,membership,max_probability_auc,0.49060000000000004
MNIST_QNN_eff_su2_r1_d2_s45,ideal_shot,1024,4,2026,ibm_kingston,False,full_main_quantum_stack,target,generalization_gap_accuracy,0.029999971389770508
MNIST_QNN_eff_su2_r1_d2_s45,ideal_shot,1024,5,2026,ibm_kingston,False,full_main_quantum_stack,train,target_accuracy,0.75
MNIST_QNN_eff_su2_r1_d2_s45,ideal_shot,1024,5,2026,ibm_kingston,False,full_main_quantum_stack,train,target_loss,0.5425992012023926
MNIST_QNN_eff_su2_r1_d2_s45,ideal_shot,1024,5,2026,ibm_kingston,False,full_main_quantum_stack,train,n_records,100.0
MNIST_QNN_eff_su2_r1_d2_s45,ideal_shot,1024,5,2026,ibm_kingston,False,full_main_quantum_stack,test,target_accuracy,0.7300000190734863
MNIST_QNN_eff_su2_r1_d2_s45,ideal_shot,1024,5,2026,ibm_kingston,False,full_main_quantum_stack,test,target_loss,0.6484017372131348
MNIST_QNN_eff_su2_r1_d2_s45,ideal_shot,1024,5,2026,ibm_kingston,False,full_main_quantum_stack,test,n_records,100.0
MNIST_QNN_eff_su2_r1_d2_s45,ideal_shot,1024,5,2026,ibm_kingston,False,full_main_quantum_stack,membership,loss_auc,0.5221
MNIST_QNN_eff_su2_r1_d2_s45,ideal_shot,1024,5,2026,ibm_kingston,False,full_main_quantum_stack,membership,entropy_auc,0.5082000000000001
MNIST_QNN_eff_su2_r1_d2_s45,ideal_shot,1024,5,2026,ibm_kingston,False,full_main_quantum_stack,membership,confidence_auc,0.5071
MNIST_QNN_eff_su2_r1_d2_s45,ideal_shot,1024,5,2026,ibm_kingston,False,full_main_quantum_stack,membership,margin_auc,0.5015
MNIST_QNN_eff_su2_r1_d2_s45,ideal_shot,1024,5,2026,ibm_kingston,False,full_main_quantum_stack,membership,correctness_auc,0.51
MNIST_QNN_eff_su2_r1_d2_s45,ideal_shot,1024,5,2026,ibm_kingston,False,full_main_quantum_stack,membership,max_probability_auc,0.5071
MNIST_QNN_eff_su2_r1_d2_s45,ideal_shot,1024,5,2026,ibm_kingston,False,full_main_quantum_stack,target,generalization_gap_accuracy,0.019999980926513672
MNIST_QNN_eff_su2_r1_d2_s45,ideal_shot,1024,6,2026,ibm_kingston,False,full_main_quantum_stack,train,target_accuracy,0.75
MNIST_QNN_eff_su2_r1_d2_s45,ideal_shot,1024,6,2026,ibm_kingston,False,full_main_quantum_stack,train,target_loss,0.5559338927268982
MNIST_QNN_eff_su2_r1_d2_s45,ideal_shot,1024,6,2026,ibm_kingston,False,full_main_quantum_stack,train,n_records,100.0
MNIST_QNN_eff_su2_r1_d2_s45,ideal_shot,1024,6,2026,ibm_kingston,False,full_main_quantum_stack,test,target_accuracy,0.7300000190734863
MNIST_QNN_eff_su2_r1_d2_s45,ideal_shot,1024,6,2026,ibm_kingston,False,full_main_quantum_stack,test,target_loss,0.6155629754066467
MNIST_QNN_eff_su2_r1_d2_s45,ideal_shot,1024,6,2026,ibm_kingston,False,full_main_quantum_stack,test,n_records,100.0
MNIST_QNN_eff_su2_r1_d2_s45,ideal_shot,1024,6,2026,ibm_kingston,False,full_main_quantum_stack,membership,loss_auc,0.4897
MNIST_QNN_eff_su2_r1_d2_s45,ideal_shot,1024,6,2026,ibm_kingston,False,full_main_quantum_stack,membership,entropy_auc,0.47080000000000005
MNIST_QNN_eff_su2_r1_d2_s45,ideal_shot,1024,6,2026,ibm_kingston,False,full_main_quantum_stack,membership,confidence_auc,0.474
MNIST_QNN_eff_su2_r1_d2_s45,ideal_shot,1024,6,2026,ibm_kingston,False,full_main_quantum_stack,membership,margin_auc,0.4797
MNIST_QNN_eff_su2_r1_d2_s45,ideal_shot,1024,6,2026,ibm_kingston,False,full_main_quantum_stack,membership,correctness_auc,0.51
MNIST_QNN_eff_su2_r1_d2_s45,ideal_shot,1024,6,2026,ibm_kingston,False,full_main_quantum_stack,membership,max_probability_auc,0.474
MNIST_QNN_eff_su2_r1_d2_s45,ideal_shot,1024,6,2026,ibm_kingston,False,full_main_quantum_stack,target,generalization_gap_accuracy,0.019999980926513672
MNIST_QNN_eff_su2_r1_d2_s45,ideal_shot,1024,7,2026,ibm_kingston,False,full_main_quantum_stack,train,target_accuracy,0.7799999713897705
MNIST_QNN_eff_su2_r1_d2_s45,ideal_shot,1024,7,2026,ibm_kingston,False,full_main_quantum_stack,train,target_loss,0.5065153241157532
MNIST_QNN_eff_su2_r1_d2_s45,ideal_shot,1024,7,2026,ibm_kingston,False,full_main_quantum_stack,train,n_records,100.0
MNIST_QNN_eff_su2_r1_d2_s45,ideal_shot,1024,7,2026,ibm_kingston,False,full_main_quantum_stack,test,target_accuracy,0.7099999785423279
MNIST_QNN_eff_su2_r1_d2_s45,ideal_shot,1024,7,2026,ibm_kingston,False,full_main_quantum_stack,test,target_loss,0.6372379660606384
MNIST_QNN_eff_su2_r1_d2_s45,ideal_shot,1024,7,2026,ibm_kingston,False,full_main_quantum_stack,test,n_records,100.0
MNIST_QNN_eff_su2_r1_d2_s45,ideal_shot,1024,7,2026,ibm_kingston,False,full_main_quantum_stack,membership,loss_auc,0.5296000000000001
MNIST_QNN_eff_su2_r1_d2_s45,ideal_shot,1024,7,2026,ibm_kingston,False,full_main_quantum_stack,membership,entropy_auc,0.4932
MNIST_QNN_eff_su2_r1_d2_s45,ideal_shot,1024,7,2026,ibm_kingston,False,full_main_quantum_stack,membership,confidence_auc,0.5084
MNIST_QNN_eff_su2_r1_d2_s45,ideal_shot,1024,7,2026,ibm_kingston,False,full_main_quantum_stack,membership,margin_auc,0.5181
MNIST_QNN_eff_su2_r1_d2_s45,ideal_shot,1024,7,2026,ibm_kingston,False,full_main_quantum_stack,membership,correctness_auc,0.535
MNIST_QNN_eff_su2_r1_d2_s45,ideal_shot,1024,7,2026,ibm_kingston,False,full_main_quantum_stack,membership,max_probability_auc,0.5084
MNIST_QNN_eff_su2_r1_d2_s45,ideal_shot,1024,7,2026,ibm_kingston,False,full_main_quantum_stack,target,generalization_gap_accuracy,0.06999999284744263
MNIST_QNN_eff_su2_r1_d2_s45,ideal_shot,1024,8,2026,ibm_kingston,False,full_main_quantum_stack,train,target_accuracy,0.8199999928474426
MNIST_QNN_eff_su2_r1_d2_s45,ideal_shot,1024,8,2026,ibm_kingston,False,full_main_quantum_stack,train,target_loss,0.5092914700508118
MNIST_QNN_eff_su2_r1_d2_s45,ideal_shot,1024,8,2026,ibm_kingston,False,full_main_quantum_stack,train,n_records,100.0
MNIST_QNN_eff_su2_r1_d2_s45,ideal_shot,1024,8,2026,ibm_kingston,False,full_main_quantum_stack,test,target_accuracy,0.7799999713897705
MNIST_QNN_eff_su2_r1_d2_s45,ideal_shot,1024,8,2026,ibm_kingston,False,full_main_quantum_stack,test,target_loss,0.6629090309143066
MNIST_QNN_eff_su2_r1_d2_s45,ideal_shot,1024,8,2026,ibm_kingston,False,full_main_quantum_stack,test,n_records,100.0
MNIST_QNN_eff_su2_r1_d2_s45,ideal_shot,1024,8,2026,ibm_kingston,False,full_main_quantum_stack,membership,loss_auc,0.5247999999999999
MNIST_QNN_eff_su2_r1_d2_s45,ideal_shot,1024,8,2026,ibm_kingston,False,full_main_quantum_stack,membership,entropy_auc,0.48710000000000003
MNIST_QNN_eff_su2_r1_d2_s45,ideal_shot,1024,8,2026,ibm_kingston,False,full_main_quantum_stack,membership,confidence_auc,0.4864
MNIST_QNN_eff_su2_r1_d2_s45,ideal_shot,1024,8,2026,ibm_kingston,False,full_main_quantum_stack,membership,margin_auc,0.4884
MNIST_QNN_eff_su2_r1_d2_s45,ideal_shot,1024,8,2026,ibm_kingston,False,full_main_quantum_stack,membership,correctness_auc,0.5199999999999999
MNIST_QNN_eff_su2_r1_d2_s45,ideal_shot,1024,8,2026,ibm_kingston,False,full_main_quantum_stack,membership,max_probability_auc,0.4864
MNIST_QNN_eff_su2_r1_d2_s45,ideal_shot,1024,8,2026,ibm_kingston,False,full_main_quantum_stack,target,generalization_gap_accuracy,0.04000002145767212
MNIST_QNN_eff_su2_r1_d2_s45,ideal_shot,1024,9,2026,ibm_kingston,False,full_main_quantum_stack,train,target_accuracy,0.8299999833106995
MNIST_QNN_eff_su2_r1_d2_s45,ideal_shot,1024,9,2026,ibm_kingston,False,full_main_quantum_stack,train,target_loss,0.528620719909668
MNIST_QNN_eff_su2_r1_d2_s45,ideal_shot,1024,9,2026,ibm_kingston,False,full_main_quantum_stack,train,n_records,100.0
MNIST_QNN_eff_su2_r1_d2_s45,ideal_shot,1024,9,2026,ibm_kingston,False,full_main_quantum_stack,test,target_accuracy,0.7799999713897705
MNIST_QNN_eff_su2_r1_d2_s45,ideal_shot,1024,9,2026,ibm_kingston,False,full_main_quantum_stack,test,target_loss,0.6562137603759766
MNIST_QNN_eff_su2_r1_d2_s45,ideal_shot,1024,9,2026,ibm_kingston,False,full_main_quantum_stack,test,n_records,100.0
MNIST_QNN_eff_su2_r1_d2_s45,ideal_shot,1024,9,2026,ibm_kingston,False,full_main_quantum_stack,membership,loss_auc,0.519
MNIST_QNN_eff_su2_r1_d2_s45,ideal_shot,1024,9,2026,ibm_kingston,False,full_main_quantum_stack,membership,entropy_auc,0.47959999999999997
MNIST_QNN_eff_su2_r1_d2_s45,ideal_shot,1024,9,2026,ibm_kingston,False,full_main_quantum_stack,membership,confidence_auc,0.4797
MNIST_QNN_eff_su2_r1_d2_s45,ideal_shot,1024,9,2026,ibm_kingston,False,full_main_quantum_stack,membership,margin_auc,0.4902
MNIST_QNN_eff_su2_r1_d2_s45,ideal_shot,1024,9,2026,ibm_kingston,False,full_main_quantum_stack,membership,correctness_auc,0.5249999999999999
MNIST_QNN_eff_su2_r1_d2_s45,ideal_shot,1024,9,2026,ibm_kingston,False,full_main_quantum_stack,membership,max_probability_auc,0.4797
MNIST_QNN_eff_su2_r1_d2_s45,ideal_shot,1024,9,2026,ibm_kingston,False,full_main_quantum_stack,target,generalization_gap_accuracy,0.050000011920928955
MNIST_QNN_eff_su2_r1_d2_s45,noisy_shot,128,0,2026,ibm_kingston,True,full_main_quantum_stack,train,target_accuracy,0.6200000047683716
MNIST_QNN_eff_su2_r1_d2_s45,noisy_shot,128,0,2026,ibm_kingston,True,full_main_quantum_stack,train,target_loss,0.8640804290771484
MNIST_QNN_eff_su2_r1_d2_s45,noisy_shot,128,0,2026,ibm_kingston,True,full_main_quantum_stack,train,n_records,100.0
MNIST_QNN_eff_su2_r1_d2_s45,noisy_shot,128,0,2026,ibm_kingston,True,full_main_quantum_stack,test,target_accuracy,0.5600000023841858
MNIST_QNN_eff_su2_r1_d2_s45,noisy_shot,128,0,2026,ibm_kingston,True,full_main_quantum_stack,test,target_loss,1.1053370237350464
MNIST_QNN_eff_su2_r1_d2_s45,noisy_shot,128,0,2026,ibm_kingston,True,full_main_quantum_stack,test,n_records,100.0
MNIST_QNN_eff_su2_r1_d2_s45,noisy_shot,128,0,2026,ibm_kingston,True,full_main_quantum_stack,membership,loss_auc,0.5667
MNIST_QNN_eff_su2_r1_d2_s45,noisy_shot,128,0,2026,ibm_kingston,True,full_main_quantum_stack,membership,entropy_auc,0.5303
MNIST_QNN_eff_su2_r1_d2_s45,noisy_shot,128,0,2026,ibm_kingston,True,full_main_quantum_stack,membership,confidence_auc,0.5389999999999999
MNIST_QNN_eff_su2_r1_d2_s45,noisy_shot,128,0,2026,ibm_kingston,True,full_main_quantum_stack,membership,margin_auc,0.5417000000000001
MNIST_QNN_eff_su2_r1_d2_s45,noisy_shot,128,0,2026,ibm_kingston,True,full_main_quantum_stack,membership,correctness_auc,0.53
MNIST_QNN_eff_su2_r1_d2_s45,noisy_shot,128,0,2026,ibm_kingston,True,full_main_quantum_stack,membership,max_probability_auc,0.5389999999999999
MNIST_QNN_eff_su2_r1_d2_s45,noisy_shot,128,0,2026,ibm_kingston,True,full_main_quantum_stack,target,generalization_gap_accuracy,0.06000000238418579
MNIST_QNN_eff_su2_r1_d2_s45,noisy_shot,128,1,2026,ibm_kingston,True,full_main_quantum_stack,train,target_accuracy,0.6700000166893005
MNIST_QNN_eff_su2_r1_d2_s45,noisy_shot,128,1,2026,ibm_kingston,True,full_main_quantum_stack,train,target_loss,0.6858662366867065
MNIST_QNN_eff_su2_r1_d2_s45,noisy_shot,128,1,2026,ibm_kingston,True,full_main_quantum_stack,train,n_records,100.0
MNIST_QNN_eff_su2_r1_d2_s45,noisy_shot,128,1,2026,ibm_kingston,True,full_main_quantum_stack,test,target_accuracy,0.6499999761581421
MNIST_QNN_eff_su2_r1_d2_s45,noisy_shot,128,1,2026,ibm_kingston,True,full_main_quantum_stack,test,target_loss,0.8541497588157654
MNIST_QNN_eff_su2_r1_d2_s45,noisy_shot,128,1,2026,ibm_kingston,True,full_main_quantum_stack,test,n_records,100.0
MNIST_QNN_eff_su2_r1_d2_s45,noisy_shot,128,1,2026,ibm_kingston,True,full_main_quantum_stack,membership,loss_auc,0.5467
MNIST_QNN_eff_su2_r1_d2_s45,noisy_shot,128,1,2026,ibm_kingston,True,full_main_quantum_stack,membership,entropy_auc,0.5047
MNIST_QNN_eff_su2_r1_d2_s45,noisy_shot,128,1,2026,ibm_kingston,True,full_main_quantum_stack,membership,confidence_auc,0.516
MNIST_QNN_eff_su2_r1_d2_s45,noisy_shot,128,1,2026,ibm_kingston,True,full_main_quantum_stack,membership,margin_auc,0.525
MNIST_QNN_eff_su2_r1_d2_s45,noisy_shot,128,1,2026,ibm_kingston,True,full_main_quantum_stack,membership,correctness_auc,0.51
MNIST_QNN_eff_su2_r1_d2_s45,noisy_shot,128,1,2026,ibm_kingston,True,full_main_quantum_stack,membership,max_probability_auc,0.516
MNIST_QNN_eff_su2_r1_d2_s45,noisy_shot,128,1,2026,ibm_kingston,True,full_main_quantum_stack,target,generalization_gap_accuracy,0.020000040531158447
MNIST_QNN_eff_su2_r1_d2_s45,noisy_shot,128,2,2026,ibm_kingston,True,full_main_quantum_stack,train,target_accuracy,0.6600000262260437
MNIST_QNN_eff_su2_r1_d2_s45,noisy_shot,128,2,2026,ibm_kingston,True,full_main_quantum_stack,train,target_loss,0.7980304956436157
MNIST_QNN_eff_su2_r1_d2_s45,noisy_shot,128,2,2026,ibm_kingston,True,full_main_quantum_stack,train,n_records,100.0
MNIST_QNN_eff_su2_r1_d2_s45,noisy_shot,128,2,2026,ibm_kingston,True,full_main_quantum_stack,test,target_accuracy,0.6200000047683716
MNIST_QNN_eff_su2_r1_d2_s45,noisy_shot,128,2,2026,ibm_kingston,True,full_main_quantum_stack,test,target_loss,0.8221220374107361
MNIST_QNN_eff_su2_r1_d2_s45,noisy_shot,128,2,2026,ibm_kingston,True,full_main_quantum_stack,test,n_records,100.0
MNIST_QNN_eff_su2_r1_d2_s45,noisy_shot,128,2,2026,ibm_kingston,True,full_main_quantum_stack,membership,loss_auc,0.5323
MNIST_QNN_eff_su2_r1_d2_s45,noisy_shot,128,2,2026,ibm_kingston,True,full_main_quantum_stack,membership,entropy_auc,0.5023
MNIST_QNN_eff_su2_r1_d2_s45,noisy_shot,128,2,2026,ibm_kingston,True,full_main_quantum_stack,membership,confidence_auc,0.5243
MNIST_QNN_eff_su2_r1_d2_s45,noisy_shot,128,2,2026,ibm_kingston,True,full_main_quantum_stack,membership,margin_auc,0.5393
MNIST_QNN_eff_su2_r1_d2_s45,noisy_shot,128,2,2026,ibm_kingston,True,full_main_quantum_stack,membership,correctness_auc,0.52
MNIST_QNN_eff_su2_r1_d2_s45,noisy_shot,128,2,2026,ibm_kingston,True,full_main_quantum_stack,membership,max_probability_auc,0.5243
MNIST_QNN_eff_su2_r1_d2_s45,noisy_shot,128,2,2026,ibm_kingston,True,full_main_quantum_stack,target,generalization_gap_accuracy,0.04000002145767212
MNIST_QNN_eff_su2_r1_d2_s45,noisy_shot,128,3,2026,ibm_kingston,True,full_main_quantum_stack,train,target_accuracy,0.6499999761581421
MNIST_QNN_eff_su2_r1_d2_s45,noisy_shot,128,3,2026,ibm_kingston,True,full_main_quantum_stack,train,target_loss,0.8249569535255432
MNIST_QNN_eff_su2_r1_d2_s45,noisy_shot,128,3,2026,ibm_kingston,True,full_main_quantum_stack,train,n_records,100.0
MNIST_QNN_eff_su2_r1_d2_s45,noisy_shot,128,3,2026,ibm_kingston,True,full_main_quantum_stack,test,target_accuracy,0.6399999856948853
MNIST_QNN_eff_su2_r1_d2_s45,noisy_shot,128,3,2026,ibm_kingston,True,full_main_quantum_stack,test,target_loss,0.8130803108215332
MNIST_QNN_eff_su2_r1_d2_s45,noisy_shot,128,3,2026,ibm_kingston,True,full_main_quantum_stack,test,n_records,100.0
MNIST_QNN_eff_su2_r1_d2_s45,noisy_shot,128,3,2026,ibm_kingston,True,full_main_quantum_stack,membership,loss_auc,0.499
MNIST_QNN_eff_su2_r1_d2_s45,noisy_shot,128,3,2026,ibm_kingston,True,full_main_quantum_stack,membership,entropy_auc,0.4662
MNIST_QNN_eff_su2_r1_d2_s45,noisy_shot,128,3,2026,ibm_kingston,True,full_main_quantum_stack,membership,confidence_auc,0.4537
MNIST_QNN_eff_su2_r1_d2_s45,noisy_shot,128,3,2026,ibm_kingston,True,full_main_quantum_stack,membership,margin_auc,0.4476
MNIST_QNN_eff_su2_r1_d2_s45,noisy_shot,128,3,2026,ibm_kingston,True,full_main_quantum_stack,membership,correctness_auc,0.505
MNIST_QNN_eff_su2_r1_d2_s45,noisy_shot,128,3,2026,ibm_kingston,True,full_main_quantum_stack,membership,max_probability_auc,0.4537
MNIST_QNN_eff_su2_r1_d2_s45,noisy_shot,128,3,2026,ibm_kingston,True,full_main_quantum_stack,target,generalization_gap_accuracy,0.009999990463256836
MNIST_QNN_eff_su2_r1_d2_s45,noisy_shot,128,4,2026,ibm_kingston,True,full_main_quantum_stack,train,target_accuracy,0.699999988079071
MNIST_QNN_eff_su2_r1_d2_s45,noisy_shot,128,4,2026,ibm_kingston,True,full_main_quantum_stack,train,target_loss,0.7262254953384399
MNIST_QNN_eff_su2_r1_d2_s45,noisy_shot,128,4,2026,ibm_kingston,True,full_main_quantum_stack,train,n_records,100.0
MNIST_QNN_eff_su2_r1_d2_s45,noisy_shot,128,4,2026,ibm_kingston,True,full_main_quantum_stack,test,target_accuracy,0.6800000071525574
MNIST_QNN_eff_su2_r1_d2_s45,noisy_shot,128,4,2026,ibm_kingston,True,full_main_quantum_stack,test,target_loss,0.8225122690200806
MNIST_QNN_eff_su2_r1_d2_s45,noisy_shot,128,4,2026,ibm_kingston,True,full_main_quantum_stack,test,n_records,100.0
MNIST_QNN_eff_su2_r1_d2_s45,noisy_shot,128,4,2026,ibm_kingston,True,full_main_quantum_stack,membership,loss_auc,0.5117
MNIST_QNN_eff_su2_r1_d2_s45,noisy_shot,128,4,2026,ibm_kingston,True,full_main_quantum_stack,membership,entropy_auc,0.47440000000000004
MNIST_QNN_eff_su2_r1_d2_s45,noisy_shot,128,4,2026,ibm_kingston,True,full_main_quantum_stack,membership,confidence_auc,0.46119999999999994
MNIST_QNN_eff_su2_r1_d2_s45,noisy_shot,128,4,2026,ibm_kingston,True,full_main_quantum_stack,membership,margin_auc,0.45399999999999996
MNIST_QNN_eff_su2_r1_d2_s45,noisy_shot,128,4,2026,ibm_kingston,True,full_main_quantum_stack,membership,correctness_auc,0.51
MNIST_QNN_eff_su2_r1_d2_s45,noisy_shot,128,4,2026,ibm_kingston,True,full_main_quantum_stack,membership,max_probability_auc,0.46119999999999994
MNIST_QNN_eff_su2_r1_d2_s45,noisy_shot,128,4,2026,ibm_kingston,True,full_main_quantum_stack,target,generalization_gap_accuracy,0.019999980926513672
MNIST_QNN_eff_su2_r1_d2_s45,noisy_shot,128,5,2026,ibm_kingston,True,full_main_quantum_stack,train,target_accuracy,0.6700000166893005
MNIST_QNN_eff_su2_r1_d2_s45,noisy_shot,128,5,2026,ibm_kingston,True,full_main_quantum_stack,train,target_loss,0.8439905643463135
MNIST_QNN_eff_su2_r1_d2_s45,noisy_shot,128,5,2026,ibm_kingston,True,full_main_quantum_stack,train,n_records,100.0
MNIST_QNN_eff_su2_r1_d2_s45,noisy_shot,128,5,2026,ibm_kingston,True,full_main_quantum_stack,test,target_accuracy,0.6100000143051147
MNIST_QNN_eff_su2_r1_d2_s45,noisy_shot,128,5,2026,ibm_kingston,True,full_main_quantum_stack,test,target_loss,0.9228055477142334
MNIST_QNN_eff_su2_r1_d2_s45,noisy_shot,128,5,2026,ibm_kingston,True,full_main_quantum_stack,test,n_records,100.0
MNIST_QNN_eff_su2_r1_d2_s45,noisy_shot,128,5,2026,ibm_kingston,True,full_main_quantum_stack,membership,loss_auc,0.5086
MNIST_QNN_eff_su2_r1_d2_s45,noisy_shot,128,5,2026,ibm_kingston,True,full_main_quantum_stack,membership,entropy_auc,0.4753
MNIST_QNN_eff_su2_r1_d2_s45,noisy_shot,128,5,2026,ibm_kingston,True,full_main_quantum_stack,membership,confidence_auc,0.4777
MNIST_QNN_eff_su2_r1_d2_s45,noisy_shot,128,5,2026,ibm_kingston,True,full_main_quantum_stack,membership,margin_auc,0.47900000000000004
MNIST_QNN_eff_su2_r1_d2_s45,noisy_shot,128,5,2026,ibm_kingston,True,full_main_quantum_stack,membership,correctness_auc,0.53
MNIST_QNN_eff_su2_r1_d2_s45,noisy_shot,128,5,2026,ibm_kingston,True,full_main_quantum_stack,membership,max_probability_auc,0.4777
MNIST_QNN_eff_su2_r1_d2_s45,noisy_shot,128,5,2026,ibm_kingston,True,full_main_quantum_stack,target,generalization_gap_accuracy,0.06000000238418579
MNIST_QNN_eff_su2_r1_d2_s45,noisy_shot,128,6,2026,ibm_kingston,True,full_main_quantum_stack,train,target_accuracy,0.6499999761581421
MNIST_QNN_eff_su2_r1_d2_s45,noisy_shot,128,6,2026,ibm_kingston,True,full_main_quantum_stack,train,target_loss,0.815959632396698
MNIST_QNN_eff_su2_r1_d2_s45,noisy_shot,128,6,2026,ibm_kingston,True,full_main_quantum_stack,train,n_records,100.0
MNIST_QNN_eff_su2_r1_d2_s45,noisy_shot,128,6,2026,ibm_kingston,True,full_main_quantum_stack,test,target_accuracy,0.6700000166893005
MNIST_QNN_eff_su2_r1_d2_s45,noisy_shot,128,6,2026,ibm_kingston,True,full_main_quantum_stack,test,target_loss,0.7653149962425232
MNIST_QNN_eff_su2_r1_d2_s45,noisy_shot,128,6,2026,ibm_kingston,True,full_main_quantum_stack,test,n_records,100.0
MNIST_QNN_eff_su2_r1_d2_s45,noisy_shot,128,6,2026,ibm_kingston,True,full_main_quantum_stack,membership,loss_auc,0.4877
MNIST_QNN_eff_su2_r1_d2_s45,noisy_shot,128,6,2026,ibm_kingston,True,full_main_quantum_stack,membership,entropy_auc,0.4831
MNIST_QNN_eff_su2_r1_d2_s45,noisy_shot,128,6,2026,ibm_kingston,True,full_main_quantum_stack,membership,confidence_auc,0.4927
MNIST_QNN_eff_su2_r1_d2_s45,noisy_shot,128,6,2026,ibm_kingston,True,full_main_quantum_stack,membership,margin_auc,0.4946
MNIST_QNN_eff_su2_r1_d2_s45,noisy_shot,128,6,2026,ibm_kingston,True,full_main_quantum_stack,membership,correctness_auc,0.49
MNIST_QNN_eff_su2_r1_d2_s45,noisy_shot,128,6,2026,ibm_kingston,True,full_main_quantum_stack,membership,max_probability_auc,0.4927
MNIST_QNN_eff_su2_r1_d2_s45,noisy_shot,128,6,2026,ibm_kingston,True,full_main_quantum_stack,target,generalization_gap_accuracy,-0.020000040531158447
MNIST_QNN_eff_su2_r1_d2_s45,noisy_shot,128,7,2026,ibm_kingston,True,full_main_quantum_stack,train,target_accuracy,0.699999988079071
MNIST_QNN_eff_su2_r1_d2_s45,noisy_shot,128,7,2026,ibm_kingston,True,full_main_quantum_stack,train,target_loss,0.7162312269210815
MNIST_QNN_eff_su2_r1_d2_s45,noisy_shot,128,7,2026,ibm_kingston,True,full_main_quantum_stack,train,n_records,100.0
MNIST_QNN_eff_su2_r1_d2_s45,noisy_shot,128,7,2026,ibm_kingston,True,full_main_quantum_stack,test,target_accuracy,0.5799999833106995
MNIST_QNN_eff_su2_r1_d2_s45,noisy_shot,128,7,2026,ibm_kingston,True,full_main_quantum_stack,test,target_loss,1.0131586790084839
MNIST_QNN_eff_su2_r1_d2_s45,noisy_shot,128,7,2026,ibm_kingston,True,full_main_quantum_stack,test,n_records,100.0
MNIST_QNN_eff_su2_r1_d2_s45,noisy_shot,128,7,2026,ibm_kingston,True,full_main_quantum_stack,membership,loss_auc,0.5746
MNIST_QNN_eff_su2_r1_d2_s45,noisy_shot,128,7,2026,ibm_kingston,True,full_main_quantum_stack,membership,entropy_auc,0.4958
MNIST_QNN_eff_su2_r1_d2_s45,noisy_shot,128,7,2026,ibm_kingston,True,full_main_quantum_stack,membership,confidence_auc,0.49510000000000004
MNIST_QNN_eff_su2_r1_d2_s45,noisy_shot,128,7,2026,ibm_kingston,True,full_main_quantum_stack,membership,margin_auc,0.4949
MNIST_QNN_eff_su2_r1_d2_s45,noisy_shot,128,7,2026,ibm_kingston,True,full_main_quantum_stack,membership,correctness_auc,0.56
MNIST_QNN_eff_su2_r1_d2_s45,noisy_shot,128,7,2026,ibm_kingston,True,full_main_quantum_stack,membership,max_probability_auc,0.49510000000000004
MNIST_QNN_eff_su2_r1_d2_s45,noisy_shot,128,7,2026,ibm_kingston,True,full_main_quantum_stack,target,generalization_gap_accuracy,0.12000000476837158
MNIST_QNN_eff_su2_r1_d2_s45,noisy_shot,128,8,2026,ibm_kingston,True,full_main_quantum_stack,train,target_accuracy,0.699999988079071
MNIST_QNN_eff_su2_r1_d2_s45,noisy_shot,128,8,2026,ibm_kingston,True,full_main_quantum_stack,train,target_loss,0.7256925106048584
MNIST_QNN_eff_su2_r1_d2_s45,noisy_shot,128,8,2026,ibm_kingston,True,full_main_quantum_stack,train,n_records,100.0
MNIST_QNN_eff_su2_r1_d2_s45,noisy_shot,128,8,2026,ibm_kingston,True,full_main_quantum_stack,test,target_accuracy,0.5899999737739563
MNIST_QNN_eff_su2_r1_d2_s45,noisy_shot,128,8,2026,ibm_kingston,True,full_main_quantum_stack,test,target_loss,0.942421555519104
MNIST_QNN_eff_su2_r1_d2_s45,noisy_shot,128,8,2026,ibm_kingston,True,full_main_quantum_stack,test,n_records,100.0
MNIST_QNN_eff_su2_r1_d2_s45,noisy_shot,128,8,2026,ibm_kingston,True,full_main_quantum_stack,membership,loss_auc,0.5415000000000001
MNIST_QNN_eff_su2_r1_d2_s45,noisy_shot,128,8,2026,ibm_kingston,True,full_main_quantum_stack,membership,entropy_auc,0.4592
MNIST_QNN_eff_su2_r1_d2_s45,noisy_shot,128,8,2026,ibm_kingston,True,full_main_quantum_stack,membership,confidence_auc,0.48210000000000003
MNIST_QNN_eff_su2_r1_d2_s45,noisy_shot,128,8,2026,ibm_kingston,True,full_main_quantum_stack,membership,margin_auc,0.48260000000000003
MNIST_QNN_eff_su2_r1_d2_s45,noisy_shot,128,8,2026,ibm_kingston,True,full_main_quantum_stack,membership,correctness_auc,0.555
MNIST_QNN_eff_su2_r1_d2_s45,noisy_shot,128,8,2026,ibm_kingston,True,full_main_quantum_stack,membership,max_probability_auc,0.48210000000000003
MNIST_QNN_eff_su2_r1_d2_s45,noisy_shot,128,8,2026,ibm_kingston,True,full_main_quantum_stack,target,generalization_gap_accuracy,0.11000001430511475
MNIST_QNN_eff_su2_r1_d2_s45,noisy_shot,128,9,2026,ibm_kingston,True,full_main_quantum_stack,train,target_accuracy,0.6600000262260437
MNIST_QNN_eff_su2_r1_d2_s45,noisy_shot,128,9,2026,ibm_kingston,True,full_main_quantum_stack,train,target_loss,0.9013355374336243
MNIST_QNN_eff_su2_r1_d2_s45,noisy_shot,128,9,2026,ibm_kingston,True,full_main_quantum_stack,train,n_records,100.0
MNIST_QNN_eff_su2_r1_d2_s45,noisy_shot,128,9,2026,ibm_kingston,True,full_main_quantum_stack,test,target_accuracy,0.5699999928474426
MNIST_QNN_eff_su2_r1_d2_s45,noisy_shot,128,9,2026,ibm_kingston,True,full_main_quantum_stack,test,target_loss,0.9540778994560242
MNIST_QNN_eff_su2_r1_d2_s45,noisy_shot,128,9,2026,ibm_kingston,True,full_main_quantum_stack,test,n_records,100.0
MNIST_QNN_eff_su2_r1_d2_s45,noisy_shot,128,9,2026,ibm_kingston,True,full_main_quantum_stack,membership,loss_auc,0.5506000000000002
MNIST_QNN_eff_su2_r1_d2_s45,noisy_shot,128,9,2026,ibm_kingston,True,full_main_quantum_stack,membership,entropy_auc,0.5848000000000001
MNIST_QNN_eff_su2_r1_d2_s45,noisy_shot,128,9,2026,ibm_kingston,True,full_main_quantum_stack,membership,confidence_auc,0.5902000000000001
MNIST_QNN_eff_su2_r1_d2_s45,noisy_shot,128,9,2026,ibm_kingston,True,full_main_quantum_stack,membership,margin_auc,0.5946
MNIST_QNN_eff_su2_r1_d2_s45,noisy_shot,128,9,2026,ibm_kingston,True,full_main_quantum_stack,membership,correctness_auc,0.545
MNIST_QNN_eff_su2_r1_d2_s45,noisy_shot,128,9,2026,ibm_kingston,True,full_main_quantum_stack,membership,max_probability_auc,0.5902000000000001
MNIST_QNN_eff_su2_r1_d2_s45,noisy_shot,128,9,2026,ibm_kingston,True,full_main_quantum_stack,target,generalization_gap_accuracy,0.09000003337860107
MNIST_QNN_eff_su2_r1_d2_s45,noisy_shot,512,0,2026,ibm_kingston,True,full_main_quantum_stack,train,target_accuracy,0.7400000095367432
MNIST_QNN_eff_su2_r1_d2_s45,noisy_shot,512,0,2026,ibm_kingston,True,full_main_quantum_stack,train,target_loss,0.6195452213287354
MNIST_QNN_eff_su2_r1_d2_s45,noisy_shot,512,0,2026,ibm_kingston,True,full_main_quantum_stack,train,n_records,100.0
MNIST_QNN_eff_su2_r1_d2_s45,noisy_shot,512,0,2026,ibm_kingston,True,full_main_quantum_stack,test,target_accuracy,0.6200000047683716
MNIST_QNN_eff_su2_r1_d2_s45,noisy_shot,512,0,2026,ibm_kingston,True,full_main_quantum_stack,test,target_loss,0.8154346942901611
MNIST_QNN_eff_su2_r1_d2_s45,noisy_shot,512,0,2026,ibm_kingston,True,full_main_quantum_stack,test,n_records,100.0
MNIST_QNN_eff_su2_r1_d2_s45,noisy_shot,512,0,2026,ibm_kingston,True,full_main_quantum_stack,membership,loss_auc,0.5614
MNIST_QNN_eff_su2_r1_d2_s45,noisy_shot,512,0,2026,ibm_kingston,True,full_main_quantum_stack,membership,entropy_auc,0.5105999999999999
MNIST_QNN_eff_su2_r1_d2_s45,noisy_shot,512,0,2026,ibm_kingston,True,full_main_quantum_stack,membership,confidence_auc,0.5297000000000001
MNIST_QNN_eff_su2_r1_d2_s45,noisy_shot,512,0,2026,ibm_kingston,True,full_main_quantum_stack,membership,margin_auc,0.5298
MNIST_QNN_eff_su2_r1_d2_s45,noisy_shot,512,0,2026,ibm_kingston,True,full_main_quantum_stack,membership,correctness_auc,0.56
MNIST_QNN_eff_su2_r1_d2_s45,noisy_shot,512,0,2026,ibm_kingston,True,full_main_quantum_stack,membership,max_probability_auc,0.5297000000000001
MNIST_QNN_eff_su2_r1_d2_s45,noisy_shot,512,0,2026,ibm_kingston,True,full_main_quantum_stack,target,generalization_gap_accuracy,0.12000000476837158
MNIST_QNN_eff_su2_r1_d2_s45,noisy_shot,512,1,2026,ibm_kingston,True,full_main_quantum_stack,train,target_accuracy,0.75
MNIST_QNN_eff_su2_r1_d2_s45,noisy_shot,512,1,2026,ibm_kingston,True,full_main_quantum_stack,train,target_loss,0.606722891330719
MNIST_QNN_eff_su2_r1_d2_s45,noisy_shot,512,1,2026,ibm_kingston,True,full_main_quantum_stack,train,n_records,100.0
MNIST_QNN_eff_su2_r1_d2_s45,noisy_shot,512,1,2026,ibm_kingston,True,full_main_quantum_stack,test,target_accuracy,0.7099999785423279
MNIST_QNN_eff_su2_r1_d2_s45,noisy_shot,512,1,2026,ibm_kingston,True,full_main_quantum_stack,test,target_loss,0.6927075982093811
MNIST_QNN_eff_su2_r1_d2_s45,noisy_shot,512,1,2026,ibm_kingston,True,full_main_quantum_stack,test,n_records,100.0
MNIST_QNN_eff_su2_r1_d2_s45,noisy_shot,512,1,2026,ibm_kingston,True,full_main_quantum_stack,membership,loss_auc,0.5299
MNIST_QNN_eff_su2_r1_d2_s45,noisy_shot,512,1,2026,ibm_kingston,True,full_main_quantum_stack,membership,entropy_auc,0.5247
MNIST_QNN_eff_su2_r1_d2_s45,noisy_shot,512,1,2026,ibm_kingston,True,full_main_quantum_stack,membership,confidence_auc,0.5267999999999999
MNIST_QNN_eff_su2_r1_d2_s45,noisy_shot,512,1,2026,ibm_kingston,True,full_main_quantum_stack,membership,margin_auc,0.5211
MNIST_QNN_eff_su2_r1_d2_s45,noisy_shot,512,1,2026,ibm_kingston,True,full_main_quantum_stack,membership,correctness_auc,0.52
MNIST_QNN_eff_su2_r1_d2_s45,noisy_shot,512,1,2026,ibm_kingston,True,full_main_quantum_stack,membership,max_probability_auc,0.5267999999999999
MNIST_QNN_eff_su2_r1_d2_s45,noisy_shot,512,1,2026,ibm_kingston,True,full_main_quantum_stack,target,generalization_gap_accuracy,0.04000002145767212
MNIST_QNN_eff_su2_r1_d2_s45,noisy_shot,512,2,2026,ibm_kingston,True,full_main_quantum_stack,train,target_accuracy,0.75
MNIST_QNN_eff_su2_r1_d2_s45,noisy_shot,512,2,2026,ibm_kingston,True,full_main_quantum_stack,train,target_loss,0.7051343321800232
MNIST_QNN_eff_su2_r1_d2_s45,noisy_shot,512,2,2026,ibm_kingston,True,full_main_quantum_stack,train,n_records,100.0
MNIST_QNN_eff_su2_r1_d2_s45,noisy_shot,512,2,2026,ibm_kingston,True,full_main_quantum_stack,test,target_accuracy,0.6600000262260437
MNIST_QNN_eff_su2_r1_d2_s45,noisy_shot,512,2,2026,ibm_kingston,True,full_main_quantum_stack,test,target_loss,0.6590786576271057
MNIST_QNN_eff_su2_r1_d2_s45,noisy_shot,512,2,2026,ibm_kingston,True,full_main_quantum_stack,test,n_records,100.0
MNIST_QNN_eff_su2_r1_d2_s45,noisy_shot,512,2,2026,ibm_kingston,True,full_main_quantum_stack,membership,loss_auc,0.4941
MNIST_QNN_eff_su2_r1_d2_s45,noisy_shot,512,2,2026,ibm_kingston,True,full_main_quantum_stack,membership,entropy_auc,0.45959999999999995
MNIST_QNN_eff_su2_r1_d2_s45,noisy_shot,512,2,2026,ibm_kingston,True,full_main_quantum_stack,membership,confidence_auc,0.4915
MNIST_QNN_eff_su2_r1_d2_s45,noisy_shot,512,2,2026,ibm_kingston,True,full_main_quantum_stack,membership,margin_auc,0.5056
MNIST_QNN_eff_su2_r1_d2_s45,noisy_shot,512,2,2026,ibm_kingston,True,full_main_quantum_stack,membership,correctness_auc,0.5449999999999999
MNIST_QNN_eff_su2_r1_d2_s45,noisy_shot,512,2,2026,ibm_kingston,True,full_main_quantum_stack,membership,max_probability_auc,0.4915
MNIST_QNN_eff_su2_r1_d2_s45,noisy_shot,512,2,2026,ibm_kingston,True,full_main_quantum_stack,target,generalization_gap_accuracy,0.0899999737739563
MNIST_QNN_eff_su2_r1_d2_s45,noisy_shot,512,3,2026,ibm_kingston,True,full_main_quantum_stack,train,target_accuracy,0.7200000286102295
MNIST_QNN_eff_su2_r1_d2_s45,noisy_shot,512,3,2026,ibm_kingston,True,full_main_quantum_stack,train,target_loss,0.6253977417945862
MNIST_QNN_eff_su2_r1_d2_s45,noisy_shot,512,3,2026,ibm_kingston,True,full_main_quantum_stack,train,n_records,100.0
MNIST_QNN_eff_su2_r1_d2_s45,noisy_shot,512,3,2026,ibm_kingston,True,full_main_quantum_stack,test,target_accuracy,0.699999988079071
MNIST_QNN_eff_su2_r1_d2_s45,noisy_shot,512,3,2026,ibm_kingston,True,full_main_quantum_stack,test,target_loss,0.6871554851531982
MNIST_QNN_eff_su2_r1_d2_s45,noisy_shot,512,3,2026,ibm_kingston,True,full_main_quantum_stack,test,n_records,100.0
MNIST_QNN_eff_su2_r1_d2_s45,noisy_shot,512,3,2026,ibm_kingston,True,full_main_quantum_stack,membership,loss_auc,0.5225
MNIST_QNN_eff_su2_r1_d2_s45,noisy_shot,512,3,2026,ibm_kingston,True,full_main_quantum_stack,membership,entropy_auc,0.5046999999999999
MNIST_QNN_eff_su2_r1_d2_s45,noisy_shot,512,3,2026,ibm_kingston,True,full_main_quantum_stack,membership,confidence_auc,0.4929
MNIST_QNN_eff_su2_r1_d2_s45,noisy_shot,512,3,2026,ibm_kingston,True,full_main_quantum_stack,membership,margin_auc,0.493
MNIST_QNN_eff_su2_r1_d2_s45,noisy_shot,512,3,2026,ibm_kingston,True,full_main_quantum_stack,membership,correctness_auc,0.51
MNIST_QNN_eff_su2_r1_d2_s45,noisy_shot,512,3,2026,ibm_kingston,True,full_main_quantum_stack,membership,max_probability_auc,0.4929
MNIST_QNN_eff_su2_r1_d2_s45,noisy_shot,512,3,2026,ibm_kingston,True,full_main_quantum_stack,target,generalization_gap_accuracy,0.020000040531158447
MNIST_QNN_eff_su2_r1_d2_s45,noisy_shot,512,4,2026,ibm_kingston,True,full_main_quantum_stack,train,target_accuracy,0.7699999809265137
MNIST_QNN_eff_su2_r1_d2_s45,noisy_shot,512,4,2026,ibm_kingston,True,full_main_quantum_stack,train,target_loss,0.6332060098648071
MNIST_QNN_eff_su2_r1_d2_s45,noisy_shot,512,4,2026,ibm_kingston,True,full_main_quantum_stack,train,n_records,100.0
MNIST_QNN_eff_su2_r1_d2_s45,noisy_shot,512,4,2026,ibm_kingston,True,full_main_quantum_stack,test,target_accuracy,0.7300000190734863
MNIST_QNN_eff_su2_r1_d2_s45,noisy_shot,512,4,2026,ibm_kingston,True,full_main_quantum_stack,test,target_loss,0.6434839367866516
MNIST_QNN_eff_su2_r1_d2_s45,noisy_shot,512,4,2026,ibm_kingston,True,full_main_quantum_stack,test,n_records,100.0
MNIST_QNN_eff_su2_r1_d2_s45,noisy_shot,512,4,2026,ibm_kingston,True,full_main_quantum_stack,membership,loss_auc,0.5199
MNIST_QNN_eff_su2_r1_d2_s45,noisy_shot,512,4,2026,ibm_kingston,True,full_main_quantum_stack,membership,entropy_auc,0.5339
MNIST_QNN_eff_su2_r1_d2_s45,noisy_shot,512,4,2026,ibm_kingston,True,full_main_quantum_stack,membership,confidence_auc,0.529
MNIST_QNN_eff_su2_r1_d2_s45,noisy_shot,512,4,2026,ibm_kingston,True,full_main_quantum_stack,membership,margin_auc,0.5238
MNIST_QNN_eff_su2_r1_d2_s45,noisy_shot,512,4,2026,ibm_kingston,True,full_main_quantum_stack,membership,correctness_auc,0.52
MNIST_QNN_eff_su2_r1_d2_s45,noisy_shot,512,4,2026,ibm_kingston,True,full_main_quantum_stack,membership,max_probability_auc,0.529
MNIST_QNN_eff_su2_r1_d2_s45,noisy_shot,512,4,2026,ibm_kingston,True,full_main_quantum_stack,target,generalization_gap_accuracy,0.039999961853027344
MNIST_QNN_eff_su2_r1_d2_s45,noisy_shot,512,5,2026,ibm_kingston,True,full_main_quantum_stack,train,target_accuracy,0.7400000095367432
MNIST_QNN_eff_su2_r1_d2_s45,noisy_shot,512,5,2026,ibm_kingston,True,full_main_quantum_stack,train,target_loss,0.6372328996658325
MNIST_QNN_eff_su2_r1_d2_s45,noisy_shot,512,5,2026,ibm_kingston,True,full_main_quantum_stack,train,n_records,100.0
MNIST_QNN_eff_su2_r1_d2_s45,noisy_shot,512,5,2026,ibm_kingston,True,full_main_quantum_stack,test,target_accuracy,0.7200000286102295
MNIST_QNN_eff_su2_r1_d2_s45,noisy_shot,512,5,2026,ibm_kingston,True,full_main_quantum_stack,test,target_loss,0.6557393074035645
MNIST_QNN_eff_su2_r1_d2_s45,noisy_shot,512,5,2026,ibm_kingston,True,full_main_quantum_stack,test,n_records,100.0
MNIST_QNN_eff_su2_r1_d2_s45,noisy_shot,512,5,2026,ibm_kingston,True,full_main_quantum_stack,membership,loss_auc,0.5094
MNIST_QNN_eff_su2_r1_d2_s45,noisy_shot,512,5,2026,ibm_kingston,True,full_main_quantum_stack,membership,entropy_auc,0.5042
MNIST_QNN_eff_su2_r1_d2_s45,noisy_shot,512,5,2026,ibm_kingston,True,full_main_quantum_stack,membership,confidence_auc,0.4942
MNIST_QNN_eff_su2_r1_d2_s45,noisy_shot,512,5,2026,ibm_kingston,True,full_main_quantum_stack,membership,margin_auc,0.49779999999999996
MNIST_QNN_eff_su2_r1_d2_s45,noisy_shot,512,5,2026,ibm_kingston,True,full_main_quantum_stack,membership,correctness_auc,0.51
MNIST_QNN_eff_su2_r1_d2_s45,noisy_shot,512,5,2026,ibm_kingston,True,full_main_quantum_stack,membership,max_probability_auc,0.4942
MNIST_QNN_eff_su2_r1_d2_s45,noisy_shot,512,5,2026,ibm_kingston,True,full_main_quantum_stack,target,generalization_gap_accuracy,0.019999980926513672
MNIST_QNN_eff_su2_r1_d2_s45,noisy_shot,512,6,2026,ibm_kingston,True,full_main_quantum_stack,train,target_accuracy,0.6899999976158142
MNIST_QNN_eff_su2_r1_d2_s45,noisy_shot,512,6,2026,ibm_kingston,True,full_main_quantum_stack,train,target_loss,0.6644404530525208
MNIST_QNN_eff_su2_r1_d2_s45,noisy_shot,512,6,2026,ibm_kingston,True,full_main_quantum_stack,train,n_records,100.0
MNIST_QNN_eff_su2_r1_d2_s45,noisy_shot,512,6,2026,ibm_kingston,True,full_main_quantum_stack,test,target_accuracy,0.7699999809265137
MNIST_QNN_eff_su2_r1_d2_s45,noisy_shot,512,6,2026,ibm_kingston,True,full_main_quantum_stack,test,target_loss,0.650892436504364
MNIST_QNN_eff_su2_r1_d2_s45,noisy_shot,512,6,2026,ibm_kingston,True,full_main_quantum_stack,test,n_records,100.0
MNIST_QNN_eff_su2_r1_d2_s45,noisy_shot,512,6,2026,ibm_kingston,True,full_main_quantum_stack,membership,loss_auc,0.48740000000000006
MNIST_QNN_eff_su2_r1_d2_s45,noisy_shot,512,6,2026,ibm_kingston,True,full_main_quantum_stack,membership,entropy_auc,0.4869
MNIST_QNN_eff_su2_r1_d2_s45,noisy_shot,512,6,2026,ibm_kingston,True,full_main_quantum_stack,membership,confidence_auc,0.4887
MNIST_QNN_eff_su2_r1_d2_s45,noisy_shot,512,6,2026,ibm_kingston,True,full_main_quantum_stack,membership,margin_auc,0.4964
MNIST_QNN_eff_su2_r1_d2_s45,noisy_shot,512,6,2026,ibm_kingston,True,full_main_quantum_stack,membership,correctness_auc,0.45999999999999996
MNIST_QNN_eff_su2_r1_d2_s45,noisy_shot,512,6,2026,ibm_kingston,True,full_main_quantum_stack,membership,max_probability_auc,0.4887
MNIST_QNN_eff_su2_r1_d2_s45,noisy_shot,512,6,2026,ibm_kingston,True,full_main_quantum_stack,target,generalization_gap_accuracy,-0.07999998331069946
MNIST_QNN_eff_su2_r1_d2_s45,noisy_shot,512,7,2026,ibm_kingston,True,full_main_quantum_stack,train,target_accuracy,0.7799999713897705
MNIST_QNN_eff_su2_r1_d2_s45,noisy_shot,512,7,2026,ibm_kingston,True,full_main_quantum_stack,train,target_loss,0.5760111212730408
MNIST_QNN_eff_su2_r1_d2_s45,noisy_shot,512,7,2026,ibm_kingston,True,full_main_quantum_stack,train,n_records,100.0
MNIST_QNN_eff_su2_r1_d2_s45,noisy_shot,512,7,2026,ibm_kingston,True,full_main_quantum_stack,test,target_accuracy,0.7200000286102295
MNIST_QNN_eff_su2_r1_d2_s45,noisy_shot,512,7,2026,ibm_kingston,True,full_main_quantum_stack,test,target_loss,0.7252296209335327
MNIST_QNN_eff_su2_r1_d2_s45,noisy_shot,512,7,2026,ibm_kingston,True,full_main_quantum_stack,test,n_records,100.0
MNIST_QNN_eff_su2_r1_d2_s45,noisy_shot,512,7,2026,ibm_kingston,True,full_main_quantum_stack,membership,loss_auc,0.5639
MNIST_QNN_eff_su2_r1_d2_s45,noisy_shot,512,7,2026,ibm_kingston,True,full_main_quantum_stack,membership,entropy_auc,0.5307999999999999
MNIST_QNN_eff_su2_r1_d2_s45,noisy_shot,512,7,2026,ibm_kingston,True,full_main_quantum_stack,membership,confidence_auc,0.5497
MNIST_QNN_eff_su2_r1_d2_s45,noisy_shot,512,7,2026,ibm_kingston,True,full_main_quantum_stack,membership,margin_auc,0.5573999999999999
MNIST_QNN_eff_su2_r1_d2_s45,noisy_shot,512,7,2026,ibm_kingston,True,full_main_quantum_stack,membership,correctness_auc,0.53
MNIST_QNN_eff_su2_r1_d2_s45,noisy_shot,512,7,2026,ibm_kingston,True,full_main_quantum_stack,membership,max_probability_auc,0.5497
MNIST_QNN_eff_su2_r1_d2_s45,noisy_shot,512,7,2026,ibm_kingston,True,full_main_quantum_stack,target,generalization_gap_accuracy,0.059999942779541016
MNIST_QNN_eff_su2_r1_d2_s45,noisy_shot,512,8,2026,ibm_kingston,True,full_main_quantum_stack,train,target_accuracy,0.800000011920929
MNIST_QNN_eff_su2_r1_d2_s45,noisy_shot,512,8,2026,ibm_kingston,True,full_main_quantum_stack,train,target_loss,0.6214991211891174
MNIST_QNN_eff_su2_r1_d2_s45,noisy_shot,512,8,2026,ibm_kingston,True,full_main_quantum_stack,train,n_records,100.0
MNIST_QNN_eff_su2_r1_d2_s45,noisy_shot,512,8,2026,ibm_kingston,True,full_main_quantum_stack,test,target_accuracy,0.7200000286102295
MNIST_QNN_eff_su2_r1_d2_s45,noisy_shot,512,8,2026,ibm_kingston,True,full_main_quantum_stack,test,target_loss,0.6966587901115417
MNIST_QNN_eff_su2_r1_d2_s45,noisy_shot,512,8,2026,ibm_kingston,True,full_main_quantum_stack,test,n_records,100.0
MNIST_QNN_eff_su2_r1_d2_s45,noisy_shot,512,8,2026,ibm_kingston,True,full_main_quantum_stack,membership,loss_auc,0.5088999999999999
MNIST_QNN_eff_su2_r1_d2_s45,noisy_shot,512,8,2026,ibm_kingston,True,full_main_quantum_stack,membership,entropy_auc,0.46570000000000006
MNIST_QNN_eff_su2_r1_d2_s45,noisy_shot,512,8,2026,ibm_kingston,True,full_main_quantum_stack,membership,confidence_auc,0.48040000000000005
MNIST_QNN_eff_su2_r1_d2_s45,noisy_shot,512,8,2026,ibm_kingston,True,full_main_quantum_stack,membership,margin_auc,0.48869999999999997
MNIST_QNN_eff_su2_r1_d2_s45,noisy_shot,512,8,2026,ibm_kingston,True,full_main_quantum_stack,membership,correctness_auc,0.54
MNIST_QNN_eff_su2_r1_d2_s45,noisy_shot,512,8,2026,ibm_kingston,True,full_main_quantum_stack,membership,max_probability_auc,0.48040000000000005
MNIST_QNN_eff_su2_r1_d2_s45,noisy_shot,512,8,2026,ibm_kingston,True,full_main_quantum_stack,target,generalization_gap_accuracy,0.07999998331069946
MNIST_QNN_eff_su2_r1_d2_s45,noisy_shot,512,9,2026,ibm_kingston,True,full_main_quantum_stack,train,target_accuracy,0.7200000286102295
MNIST_QNN_eff_su2_r1_d2_s45,noisy_shot,512,9,2026,ibm_kingston,True,full_main_quantum_stack,train,target_loss,0.6192323565483093
MNIST_QNN_eff_su2_r1_d2_s45,noisy_shot,512,9,2026,ibm_kingston,True,full_main_quantum_stack,train,n_records,100.0
MNIST_QNN_eff_su2_r1_d2_s45,noisy_shot,512,9,2026,ibm_kingston,True,full_main_quantum_stack,test,target_accuracy,0.6700000166893005
MNIST_QNN_eff_su2_r1_d2_s45,noisy_shot,512,9,2026,ibm_kingston,True,full_main_quantum_stack,test,target_loss,0.6923925280570984
MNIST_QNN_eff_su2_r1_d2_s45,noisy_shot,512,9,2026,ibm_kingston,True,full_main_quantum_stack,test,n_records,100.0
MNIST_QNN_eff_su2_r1_d2_s45,noisy_shot,512,9,2026,ibm_kingston,True,full_main_quantum_stack,membership,loss_auc,0.5321
MNIST_QNN_eff_su2_r1_d2_s45,noisy_shot,512,9,2026,ibm_kingston,True,full_main_quantum_stack,membership,entropy_auc,0.5133000000000001
MNIST_QNN_eff_su2_r1_d2_s45,noisy_shot,512,9,2026,ibm_kingston,True,full_main_quantum_stack,membership,confidence_auc,0.5224
MNIST_QNN_eff_su2_r1_d2_s45,noisy_shot,512,9,2026,ibm_kingston,True,full_main_quantum_stack,membership,margin_auc,0.538
MNIST_QNN_eff_su2_r1_d2_s45,noisy_shot,512,9,2026,ibm_kingston,True,full_main_quantum_stack,membership,correctness_auc,0.5249999999999999
MNIST_QNN_eff_su2_r1_d2_s45,noisy_shot,512,9,2026,ibm_kingston,True,full_main_quantum_stack,membership,max_probability_auc,0.5224
MNIST_QNN_eff_su2_r1_d2_s45,noisy_shot,512,9,2026,ibm_kingston,True,full_main_quantum_stack,target,generalization_gap_accuracy,0.050000011920928955
MNIST_QNN_eff_su2_r1_d2_s45,noisy_shot,1024,0,2026,ibm_kingston,True,full_main_quantum_stack,train,target_accuracy,0.75
MNIST_QNN_eff_su2_r1_d2_s45,noisy_shot,1024,0,2026,ibm_kingston,True,full_main_quantum_stack,train,target_loss,0.6039320826530457
MNIST_QNN_eff_su2_r1_d2_s45,noisy_shot,1024,0,2026,ibm_kingston,True,full_main_quantum_stack,train,n_records,100.0
MNIST_QNN_eff_su2_r1_d2_s45,noisy_shot,1024,0,2026,ibm_kingston,True,full_main_quantum_stack,test,target_accuracy,0.7200000286102295
MNIST_QNN_eff_su2_r1_d2_s45,noisy_shot,1024,0,2026,ibm_kingston,True,full_main_quantum_stack,test,target_loss,0.6498806476593018
MNIST_QNN_eff_su2_r1_d2_s45,noisy_shot,1024,0,2026,ibm_kingston,True,full_main_quantum_stack,test,n_records,100.0
MNIST_QNN_eff_su2_r1_d2_s45,noisy_shot,1024,0,2026,ibm_kingston,True,full_main_quantum_stack,membership,loss_auc,0.5085999999999999
MNIST_QNN_eff_su2_r1_d2_s45,noisy_shot,1024,0,2026,ibm_kingston,True,full_main_quantum_stack,membership,entropy_auc,0.48260000000000003
MNIST_QNN_eff_su2_r1_d2_s45,noisy_shot,1024,0,2026,ibm_kingston,True,full_main_quantum_stack,membership,confidence_auc,0.4902999999999999
MNIST_QNN_eff_su2_r1_d2_s45,noisy_shot,1024,0,2026,ibm_kingston,True,full_main_quantum_stack,membership,margin_auc,0.4925
MNIST_QNN_eff_su2_r1_d2_s45,noisy_shot,1024,0,2026,ibm_kingston,True,full_main_quantum_stack,membership,correctness_auc,0.515
MNIST_QNN_eff_su2_r1_d2_s45,noisy_shot,1024,0,2026,ibm_kingston,True,full_main_quantum_stack,membership,max_probability_auc,0.4902999999999999
MNIST_QNN_eff_su2_r1_d2_s45,noisy_shot,1024,0,2026,ibm_kingston,True,full_main_quantum_stack,target,generalization_gap_accuracy,0.029999971389770508
MNIST_QNN_eff_su2_r1_d2_s45,noisy_shot,1024,1,2026,ibm_kingston,True,full_main_quantum_stack,train,target_accuracy,0.7799999713897705
MNIST_QNN_eff_su2_r1_d2_s45,noisy_shot,1024,1,2026,ibm_kingston,True,full_main_quantum_stack,train,target_loss,0.5779088139533997
MNIST_QNN_eff_su2_r1_d2_s45,noisy_shot,1024,1,2026,ibm_kingston,True,full_main_quantum_stack,train,n_records,100.0
MNIST_QNN_eff_su2_r1_d2_s45,noisy_shot,1024,1,2026,ibm_kingston,True,full_main_quantum_stack,test,target_accuracy,0.7900000214576721
MNIST_QNN_eff_su2_r1_d2_s45,noisy_shot,1024,1,2026,ibm_kingston,True,full_main_quantum_stack,test,target_loss,0.6310938000679016
MNIST_QNN_eff_su2_r1_d2_s45,noisy_shot,1024,1,2026,ibm_kingston,True,full_main_quantum_stack,test,n_records,100.0
MNIST_QNN_eff_su2_r1_d2_s45,noisy_shot,1024,1,2026,ibm_kingston,True,full_main_quantum_stack,membership,loss_auc,0.5107999999999999
MNIST_QNN_eff_su2_r1_d2_s45,noisy_shot,1024,1,2026,ibm_kingston,True,full_main_quantum_stack,membership,entropy_auc,0.5008
MNIST_QNN_eff_su2_r1_d2_s45,noisy_shot,1024,1,2026,ibm_kingston,True,full_main_quantum_stack,membership,confidence_auc,0.5051000000000001
MNIST_QNN_eff_su2_r1_d2_s45,noisy_shot,1024,1,2026,ibm_kingston,True,full_main_quantum_stack,membership,margin_auc,0.5143
MNIST_QNN_eff_su2_r1_d2_s45,noisy_shot,1024,1,2026,ibm_kingston,True,full_main_quantum_stack,membership,correctness_auc,0.495
MNIST_QNN_eff_su2_r1_d2_s45,noisy_shot,1024,1,2026,ibm_kingston,True,full_main_quantum_stack,membership,max_probability_auc,0.5051000000000001
MNIST_QNN_eff_su2_r1_d2_s45,noisy_shot,1024,1,2026,ibm_kingston,True,full_main_quantum_stack,target,generalization_gap_accuracy,-0.010000050067901611
MNIST_QNN_eff_su2_r1_d2_s45,noisy_shot,1024,2,2026,ibm_kingston,True,full_main_quantum_stack,train,target_accuracy,0.75
MNIST_QNN_eff_su2_r1_d2_s45,noisy_shot,1024,2,2026,ibm_kingston,True,full_main_quantum_stack,train,target_loss,0.6126714944839478
MNIST_QNN_eff_su2_r1_d2_s45,noisy_shot,1024,2,2026,ibm_kingston,True,full_main_quantum_stack,train,n_records,100.0
MNIST_QNN_eff_su2_r1_d2_s45,noisy_shot,1024,2,2026,ibm_kingston,True,full_main_quantum_stack,test,target_accuracy,0.75
MNIST_QNN_eff_su2_r1_d2_s45,noisy_shot,1024,2,2026,ibm_kingston,True,full_main_quantum_stack,test,target_loss,0.6052672863006592
MNIST_QNN_eff_su2_r1_d2_s45,noisy_shot,1024,2,2026,ibm_kingston,True,full_main_quantum_stack,test,n_records,100.0
MNIST_QNN_eff_su2_r1_d2_s45,noisy_shot,1024,2,2026,ibm_kingston,True,full_main_quantum_stack,membership,loss_auc,0.48650000000000004
MNIST_QNN_eff_su2_r1_d2_s45,noisy_shot,1024,2,2026,ibm_kingston,True,full_main_quantum_stack,membership,entropy_auc,0.46590000000000004
MNIST_QNN_eff_su2_r1_d2_s45,noisy_shot,1024,2,2026,ibm_kingston,True,full_main_quantum_stack,membership,confidence_auc,0.47020000000000006
MNIST_QNN_eff_su2_r1_d2_s45,noisy_shot,1024,2,2026,ibm_kingston,True,full_main_quantum_stack,membership,margin_auc,0.47650000000000003
MNIST_QNN_eff_su2_r1_d2_s45,noisy_shot,1024,2,2026,ibm_kingston,True,full_main_quantum_stack,membership,correctness_auc,0.5
MNIST_QNN_eff_su2_r1_d2_s45,noisy_shot,1024,2,2026,ibm_kingston,True,full_main_quantum_stack,membership,max_probability_auc,0.47020000000000006
MNIST_QNN_eff_su2_r1_d2_s45,noisy_shot,1024,2,2026,ibm_kingston,True,full_main_quantum_stack,target,generalization_gap_accuracy,0.0
MNIST_QNN_eff_su2_r1_d2_s45,noisy_shot,1024,3,2026,ibm_kingston,True,full_main_quantum_stack,train,target_accuracy,0.7699999809265137
MNIST_QNN_eff_su2_r1_d2_s45,noisy_shot,1024,3,2026,ibm_kingston,True,full_main_quantum_stack,train,target_loss,0.5632286667823792
MNIST_QNN_eff_su2_r1_d2_s45,noisy_shot,1024,3,2026,ibm_kingston,True,full_main_quantum_stack,train,n_records,100.0
MNIST_QNN_eff_su2_r1_d2_s45,noisy_shot,1024,3,2026,ibm_kingston,True,full_main_quantum_stack,test,target_accuracy,0.7400000095367432
MNIST_QNN_eff_su2_r1_d2_s45,noisy_shot,1024,3,2026,ibm_kingston,True,full_main_quantum_stack,test,target_loss,0.625089168548584
MNIST_QNN_eff_su2_r1_d2_s45,noisy_shot,1024,3,2026,ibm_kingston,True,full_main_quantum_stack,test,n_records,100.0
MNIST_QNN_eff_su2_r1_d2_s45,noisy_shot,1024,3,2026,ibm_kingston,True,full_main_quantum_stack,membership,loss_auc,0.5152
MNIST_QNN_eff_su2_r1_d2_s45,noisy_shot,1024,3,2026,ibm_kingston,True,full_main_quantum_stack,membership,entropy_auc,0.5021
MNIST_QNN_eff_su2_r1_d2_s45,noisy_shot,1024,3,2026,ibm_kingston,True,full_main_quantum_stack,membership,confidence_auc,0.4985
MNIST_QNN_eff_su2_r1_d2_s45,noisy_shot,1024,3,2026,ibm_kingston,True,full_main_quantum_stack,membership,margin_auc,0.49950000000000006
MNIST_QNN_eff_su2_r1_d2_s45,noisy_shot,1024,3,2026,ibm_kingston,True,full_main_quantum_stack,membership,correctness_auc,0.515
MNIST_QNN_eff_su2_r1_d2_s45,noisy_shot,1024,3,2026,ibm_kingston,True,full_main_quantum_stack,membership,max_probability_auc,0.4985
MNIST_QNN_eff_su2_r1_d2_s45,noisy_shot,1024,3,2026,ibm_kingston,True,full_main_quantum_stack,target,generalization_gap_accuracy,0.029999971389770508
MNIST_QNN_eff_su2_r1_d2_s45,noisy_shot,1024,4,2026,ibm_kingston,True,full_main_quantum_stack,train,target_accuracy,0.7200000286102295
MNIST_QNN_eff_su2_r1_d2_s45,noisy_shot,1024,4,2026,ibm_kingston,True,full_main_quantum_stack,train,target_loss,0.5922208428382874
MNIST_QNN_eff_su2_r1_d2_s45,noisy_shot,1024,4,2026,ibm_kingston,True,full_main_quantum_stack,train,n_records,100.0
MNIST_QNN_eff_su2_r1_d2_s45,noisy_shot,1024,4,2026,ibm_kingston,True,full_main_quantum_stack,test,target_accuracy,0.7099999785423279
MNIST_QNN_eff_su2_r1_d2_s45,noisy_shot,1024,4,2026,ibm_kingston,True,full_main_quantum_stack,test,target_loss,0.6402261853218079
MNIST_QNN_eff_su2_r1_d2_s45,noisy_shot,1024,4,2026,ibm_kingston,True,full_main_quantum_stack,test,n_records,100.0
MNIST_QNN_eff_su2_r1_d2_s45,noisy_shot,1024,4,2026,ibm_kingston,True,full_main_quantum_stack,membership,loss_auc,0.4959
MNIST_QNN_eff_su2_r1_d2_s45,noisy_shot,1024,4,2026,ibm_kingston,True,full_main_quantum_stack,membership,entropy_auc,0.4763
MNIST_QNN_eff_su2_r1_d2_s45,noisy_shot,1024,4,2026,ibm_kingston,True,full_main_quantum_stack,membership,confidence_auc,0.4777
MNIST_QNN_eff_su2_r1_d2_s45,noisy_shot,1024,4,2026,ibm_kingston,True,full_main_quantum_stack,membership,margin_auc,0.4826
MNIST_QNN_eff_su2_r1_d2_s45,noisy_shot,1024,4,2026,ibm_kingston,True,full_main_quantum_stack,membership,correctness_auc,0.505
MNIST_QNN_eff_su2_r1_d2_s45,noisy_shot,1024,4,2026,ibm_kingston,True,full_main_quantum_stack,membership,max_probability_auc,0.4777
MNIST_QNN_eff_su2_r1_d2_s45,noisy_shot,1024,4,2026,ibm_kingston,True,full_main_quantum_stack,target,generalization_gap_accuracy,0.010000050067901611
MNIST_QNN_eff_su2_r1_d2_s45,noisy_shot,1024,5,2026,ibm_kingston,True,full_main_quantum_stack,train,target_accuracy,0.7200000286102295
MNIST_QNN_eff_su2_r1_d2_s45,noisy_shot,1024,5,2026,ibm_kingston,True,full_main_quantum_stack,train,target_loss,0.6009044647216797
MNIST_QNN_eff_su2_r1_d2_s45,noisy_shot,1024,5,2026,ibm_kingston,True,full_main_quantum_stack,train,n_records,100.0
MNIST_QNN_eff_su2_r1_d2_s45,noisy_shot,1024,5,2026,ibm_kingston,True,full_main_quantum_stack,test,target_accuracy,0.7599999904632568
MNIST_QNN_eff_su2_r1_d2_s45,noisy_shot,1024,5,2026,ibm_kingston,True,full_main_quantum_stack,test,target_loss,0.6775797009468079
MNIST_QNN_eff_su2_r1_d2_s45,noisy_shot,1024,5,2026,ibm_kingston,True,full_main_quantum_stack,test,n_records,100.0
MNIST_QNN_eff_su2_r1_d2_s45,noisy_shot,1024,5,2026,ibm_kingston,True,full_main_quantum_stack,membership,loss_auc,0.5242
MNIST_QNN_eff_su2_r1_d2_s45,noisy_shot,1024,5,2026,ibm_kingston,True,full_main_quantum_stack,membership,entropy_auc,0.5275000000000001
MNIST_QNN_eff_su2_r1_d2_s45,noisy_shot,1024,5,2026,ibm_kingston,True,full_main_quantum_stack,membership,confidence_auc,0.5063
MNIST_QNN_eff_su2_r1_d2_s45,noisy_shot,1024,5,2026,ibm_kingston,True,full_main_quantum_stack,membership,margin_auc,0.4981000000000001
MNIST_QNN_eff_su2_r1_d2_s45,noisy_shot,1024,5,2026,ibm_kingston,True,full_main_quantum_stack,membership,correctness_auc,0.48
MNIST_QNN_eff_su2_r1_d2_s45,noisy_shot,1024,5,2026,ibm_kingston,True,full_main_quantum_stack,membership,max_probability_auc,0.5063
MNIST_QNN_eff_su2_r1_d2_s45,noisy_shot,1024,5,2026,ibm_kingston,True,full_main_quantum_stack,target,generalization_gap_accuracy,-0.039999961853027344
MNIST_QNN_eff_su2_r1_d2_s45,noisy_shot,1024,6,2026,ibm_kingston,True,full_main_quantum_stack,train,target_accuracy,0.7099999785423279
MNIST_QNN_eff_su2_r1_d2_s45,noisy_shot,1024,6,2026,ibm_kingston,True,full_main_quantum_stack,train,target_loss,0.6380401849746704
MNIST_QNN_eff_su2_r1_d2_s45,noisy_shot,1024,6,2026,ibm_kingston,True,full_main_quantum_stack,train,n_records,100.0
MNIST_QNN_eff_su2_r1_d2_s45,noisy_shot,1024,6,2026,ibm_kingston,True,full_main_quantum_stack,test,target_accuracy,0.7200000286102295
MNIST_QNN_eff_su2_r1_d2_s45,noisy_shot,1024,6,2026,ibm_kingston,True,full_main_quantum_stack,test,target_loss,0.6137216091156006
MNIST_QNN_eff_su2_r1_d2_s45,noisy_shot,1024,6,2026,ibm_kingston,True,full_main_quantum_stack,test,n_records,100.0
MNIST_QNN_eff_su2_r1_d2_s45,noisy_shot,1024,6,2026,ibm_kingston,True,full_main_quantum_stack,membership,loss_auc,0.48439999999999994
MNIST_QNN_eff_su2_r1_d2_s45,noisy_shot,1024,6,2026,ibm_kingston,True,full_main_quantum_stack,membership,entropy_auc,0.491
MNIST_QNN_eff_su2_r1_d2_s45,noisy_shot,1024,6,2026,ibm_kingston,True,full_main_quantum_stack,membership,confidence_auc,0.4866
MNIST_QNN_eff_su2_r1_d2_s45,noisy_shot,1024,6,2026,ibm_kingston,True,full_main_quantum_stack,membership,margin_auc,0.4892
MNIST_QNN_eff_su2_r1_d2_s45,noisy_shot,1024,6,2026,ibm_kingston,True,full_main_quantum_stack,membership,correctness_auc,0.495
MNIST_QNN_eff_su2_r1_d2_s45,noisy_shot,1024,6,2026,ibm_kingston,True,full_main_quantum_stack,membership,max_probability_auc,0.4866
MNIST_QNN_eff_su2_r1_d2_s45,noisy_shot,1024,6,2026,ibm_kingston,True,full_main_quantum_stack,target,generalization_gap_accuracy,-0.010000050067901611
MNIST_QNN_eff_su2_r1_d2_s45,noisy_shot,1024,7,2026,ibm_kingston,True,full_main_quantum_stack,train,target_accuracy,0.7699999809265137
MNIST_QNN_eff_su2_r1_d2_s45,noisy_shot,1024,7,2026,ibm_kingston,True,full_main_quantum_stack,train,target_loss,0.5365966558456421
MNIST_QNN_eff_su2_r1_d2_s45,noisy_shot,1024,7,2026,ibm_kingston,True,full_main_quantum_stack,train,n_records,100.0
MNIST_QNN_eff_su2_r1_d2_s45,noisy_shot,1024,7,2026,ibm_kingston,True,full_main_quantum_stack,test,target_accuracy,0.7200000286102295
MNIST_QNN_eff_su2_r1_d2_s45,noisy_shot,1024,7,2026,ibm_kingston,True,full_main_quantum_stack,test,target_loss,0.648597002029419
MNIST_QNN_eff_su2_r1_d2_s45,noisy_shot,1024,7,2026,ibm_kingston,True,full_main_quantum_stack,test,n_records,100.0
MNIST_QNN_eff_su2_r1_d2_s45,noisy_shot,1024,7,2026,ibm_kingston,True,full_main_quantum_stack,membership,loss_auc,0.5333
MNIST_QNN_eff_su2_r1_d2_s45,noisy_shot,1024,7,2026,ibm_kingston,True,full_main_quantum_stack,membership,entropy_auc,0.5026999999999999
MNIST_QNN_eff_su2_r1_d2_s45,noisy_shot,1024,7,2026,ibm_kingston,True,full_main_quantum_stack,membership,confidence_auc,0.5118
MNIST_QNN_eff_su2_r1_d2_s45,noisy_shot,1024,7,2026,ibm_kingston,True,full_main_quantum_stack,membership,margin_auc,0.5194000000000001
MNIST_QNN_eff_su2_r1_d2_s45,noisy_shot,1024,7,2026,ibm_kingston,True,full_main_quantum_stack,membership,correctness_auc,0.525
MNIST_QNN_eff_su2_r1_d2_s45,noisy_shot,1024,7,2026,ibm_kingston,True,full_main_quantum_stack,membership,max_probability_auc,0.5118
MNIST_QNN_eff_su2_r1_d2_s45,noisy_shot,1024,7,2026,ibm_kingston,True,full_main_quantum_stack,target,generalization_gap_accuracy,0.04999995231628418
MNIST_QNN_eff_su2_r1_d2_s45,noisy_shot,1024,8,2026,ibm_kingston,True,full_main_quantum_stack,train,target_accuracy,0.7900000214576721
MNIST_QNN_eff_su2_r1_d2_s45,noisy_shot,1024,8,2026,ibm_kingston,True,full_main_quantum_stack,train,target_loss,0.5774726271629333
MNIST_QNN_eff_su2_r1_d2_s45,noisy_shot,1024,8,2026,ibm_kingston,True,full_main_quantum_stack,train,n_records,100.0
MNIST_QNN_eff_su2_r1_d2_s45,noisy_shot,1024,8,2026,ibm_kingston,True,full_main_quantum_stack,test,target_accuracy,0.7599999904632568
MNIST_QNN_eff_su2_r1_d2_s45,noisy_shot,1024,8,2026,ibm_kingston,True,full_main_quantum_stack,test,target_loss,0.6471872925758362
MNIST_QNN_eff_su2_r1_d2_s45,noisy_shot,1024,8,2026,ibm_kingston,True,full_main_quantum_stack,test,n_records,100.0
MNIST_QNN_eff_su2_r1_d2_s45,noisy_shot,1024,8,2026,ibm_kingston,True,full_main_quantum_stack,membership,loss_auc,0.5105999999999999
MNIST_QNN_eff_su2_r1_d2_s45,noisy_shot,1024,8,2026,ibm_kingston,True,full_main_quantum_stack,membership,entropy_auc,0.4902
MNIST_QNN_eff_su2_r1_d2_s45,noisy_shot,1024,8,2026,ibm_kingston,True,full_main_quantum_stack,membership,confidence_auc,0.4913
MNIST_QNN_eff_su2_r1_d2_s45,noisy_shot,1024,8,2026,ibm_kingston,True,full_main_quantum_stack,membership,margin_auc,0.4964
MNIST_QNN_eff_su2_r1_d2_s45,noisy_shot,1024,8,2026,ibm_kingston,True,full_main_quantum_stack,membership,correctness_auc,0.515
MNIST_QNN_eff_su2_r1_d2_s45,noisy_shot,1024,8,2026,ibm_kingston,True,full_main_quantum_stack,membership,max_probability_auc,0.4913
MNIST_QNN_eff_su2_r1_d2_s45,noisy_shot,1024,8,2026,ibm_kingston,True,full_main_quantum_stack,target,generalization_gap_accuracy,0.030000030994415283
MNIST_QNN_eff_su2_r1_d2_s45,noisy_shot,1024,9,2026,ibm_kingston,True,full_main_quantum_stack,train,target_accuracy,0.7799999713897705
MNIST_QNN_eff_su2_r1_d2_s45,noisy_shot,1024,9,2026,ibm_kingston,True,full_main_quantum_stack,train,target_loss,0.5850683450698853
MNIST_QNN_eff_su2_r1_d2_s45,noisy_shot,1024,9,2026,ibm_kingston,True,full_main_quantum_stack,train,n_records,100.0
MNIST_QNN_eff_su2_r1_d2_s45,noisy_shot,1024,9,2026,ibm_kingston,True,full_main_quantum_stack,test,target_accuracy,0.6899999976158142
MNIST_QNN_eff_su2_r1_d2_s45,noisy_shot,1024,9,2026,ibm_kingston,True,full_main_quantum_stack,test,target_loss,0.6483542919158936
MNIST_QNN_eff_su2_r1_d2_s45,noisy_shot,1024,9,2026,ibm_kingston,True,full_main_quantum_stack,test,n_records,100.0
MNIST_QNN_eff_su2_r1_d2_s45,noisy_shot,1024,9,2026,ibm_kingston,True,full_main_quantum_stack,membership,loss_auc,0.5148999999999999
MNIST_QNN_eff_su2_r1_d2_s45,noisy_shot,1024,9,2026,ibm_kingston,True,full_main_quantum_stack,membership,entropy_auc,0.4947
MNIST_QNN_eff_su2_r1_d2_s45,noisy_shot,1024,9,2026,ibm_kingston,True,full_main_quantum_stack,membership,confidence_auc,0.4889
MNIST_QNN_eff_su2_r1_d2_s45,noisy_shot,1024,9,2026,ibm_kingston,True,full_main_quantum_stack,membership,margin_auc,0.4955
MNIST_QNN_eff_su2_r1_d2_s45,noisy_shot,1024,9,2026,ibm_kingston,True,full_main_quantum_stack,membership,correctness_auc,0.545
MNIST_QNN_eff_su2_r1_d2_s45,noisy_shot,1024,9,2026,ibm_kingston,True,full_main_quantum_stack,membership,max_probability_auc,0.4889
MNIST_QNN_eff_su2_r1_d2_s45,noisy_shot,1024,9,2026,ibm_kingston,True,full_main_quantum_stack,target,generalization_gap_accuracy,0.0899999737739563
