target_id,structural_cell_id,model_seed,risk_role,fm_kind,reps,depth,mode,shots,attack,backend_name,noise_model_loaded,n_replicates,train_accuracy_mean,train_accuracy_sd,train_accuracy_ci95_low,train_accuracy_ci95_high,train_accuracy_valid_bootstrap,test_accuracy_mean,test_accuracy_sd,test_accuracy_ci95_low,test_accuracy_ci95_high,test_accuracy_valid_bootstrap,accuracy_gap_mean,accuracy_gap_sd,accuracy_gap_ci95_low,accuracy_gap_ci95_high,accuracy_gap_valid_bootstrap,train_loss_mean,train_loss_sd,train_loss_ci95_low,train_loss_ci95_high,train_loss_valid_bootstrap,test_loss_mean,test_loss_sd,test_loss_ci95_low,test_loss_ci95_high,test_loss_valid_bootstrap,loss_gap_mean,loss_gap_sd,loss_gap_ci95_low,loss_gap_ci95_high,loss_gap_valid_bootstrap,roc_auc_mean,roc_auc_sd,roc_auc_ci95_low,roc_auc_ci95_high,roc_auc_valid_bootstrap,balanced_accuracy_mean,balanced_accuracy_sd,balanced_accuracy_ci95_low,balanced_accuracy_ci95_high,balanced_accuracy_valid_bootstrap,membership_advantage_mean,membership_advantage_sd,membership_advantage_ci95_low,membership_advantage_ci95_high,membership_advantage_valid_bootstrap,crossfit_tpr_mean,crossfit_tpr_sd,crossfit_tpr_ci95_low,crossfit_tpr_ci95_high,crossfit_tpr_valid_bootstrap,crossfit_fpr_mean,crossfit_fpr_sd,crossfit_fpr_ci95_low,crossfit_fpr_ci95_high,crossfit_fpr_valid_bootstrap,tpr_at_5pct_fpr_mean,tpr_at_5pct_fpr_sd,tpr_at_5pct_fpr_ci95_low,tpr_at_5pct_fpr_ci95_high,tpr_at_5pct_fpr_valid_bootstrap,tpr_at_10pct_fpr_mean,tpr_at_10pct_fpr_sd,tpr_at_10pct_fpr_ci95_low,tpr_at_10pct_fpr_ci95_high,tpr_at_10pct_fpr_valid_bootstrap,error_bar_type,ci_method,bootstrap_unit,bootstrap_replicates
MNIST_QNN_eff_su2_r1_d2_s43,eff_su2_r1_d2,43,low_risk_anchor,eff_su2,1,2,exact,0,confidence,none,False,1,0.79,,,,0,0.75,,,,0,0.040000000000000036,,,,0,0.5472866800799966,,,,0,0.6041101982817054,,,,0,0.056823518201708834,,,,0,0.4903,,,,0,0.515,,,,0,0.03,,,,0,0.26,,,,0,0.23,,,,0,0.03,,,,0,0.09,,,,0,sample_sd,none_single_replicate,none,0
MNIST_QNN_eff_su2_r1_d2_s43,eff_su2_r1_d2,43,low_risk_anchor,eff_su2,1,2,exact,0,correctness,none,False,1,0.79,,,,0,0.75,,,,0,0.040000000000000036,,,,0,0.5472866800799966,,,,0,0.6041101982817054,,,,0,0.056823518201708834,,,,0,0.52,,,,0,0.52,,,,0,0.040000000000000036,,,,0,0.79,,,,0,0.75,,,,0,0.0,,,,0,0.0,,,,0,sample_sd,none_single_replicate,none,0
MNIST_QNN_eff_su2_r1_d2_s43,eff_su2_r1_d2,43,low_risk_anchor,eff_su2,1,2,exact,0,loss,none,False,1,0.79,,,,0,0.75,,,,0,0.040000000000000036,,,,0,0.5472866800799966,,,,0,0.6041101982817054,,,,0,0.056823518201708834,,,,0,0.5128999999999999,,,,0,0.515,,,,0,0.030000000000000027,,,,0,0.33,,,,0,0.3,,,,0,0.03,,,,0,0.09,,,,0,sample_sd,none_single_replicate,none,0
MNIST_QNN_eff_su2_r1_d2_s43,eff_su2_r1_d2,43,low_risk_anchor,eff_su2,1,2,ideal_shot,128,confidence,ibm_kingston,False,10,0.6329999999999999,0.03233505150074074,0.615,0.653,5000,0.635,0.05317685377847939,0.6050000000000001,0.6689999999999999,5000,-0.0020000000000000018,0.05959119994689745,-0.03500000000000001,0.03499999999999999,5000,0.8440290190377272,0.07214114341357858,0.8023681156982667,0.8866601079924032,5000,0.8564551271252858,0.09625288810248955,0.7968155862688786,0.9112177939907641,5000,0.012426108087558518,0.11991980978669978,-0.056757968043910645,0.08475024780536973,5000,0.49957,0.03479498846417718,0.48083,0.5215005,5000,0.4910000000000001,0.03186778240724567,0.473,0.51,5000,-0.017999999999999988,0.06373556481449133,-0.05500000000000001,0.020000000000000025,5000,0.458,0.12318008497047456,0.38097499999999995,0.525,5000,0.4760000000000001,0.1631086890525592,0.37297499999999995,0.562,5000,0.049999999999999996,0.026666666666666665,0.035,0.066,5000,0.11600000000000002,0.04718756898449704,0.089,0.144,5000,sample_sd,95% percentile bootstrap over simulator_seeds_within_fixed_target,simulator_seeds_within_fixed_target,5000
MNIST_QNN_eff_su2_r1_d2_s43,eff_su2_r1_d2,43,low_risk_anchor,eff_su2,1,2,ideal_shot,128,correctness,ibm_kingston,False,10,0.6329999999999999,0.03233505150074074,0.615,0.653,5000,0.635,0.05317685377847939,0.605,0.667,5000,-0.0020000000000000018,0.05959119994689745,-0.03699999999999998,0.034999999999999976,5000,0.8440290190377272,0.07214114341357858,0.8029321906632976,0.8877336782680068,5000,0.8564551271252858,0.09625288810248955,0.7978838152833428,0.9118419964849386,5000,0.012426108087558518,0.11991980978669978,-0.05545964352469021,0.08505544085806384,5000,0.499,0.029795599973448734,0.48199999999999993,0.5175,5000,0.489,0.029795599973448727,0.4734999999999999,0.508,5000,-0.02200000000000001,0.059591199946897454,-0.054000000000000006,0.016999999999999994,5000,0.272,0.2378047752067042,0.137975,0.414,5000,0.29400000000000004,0.21125024654817962,0.168,0.41902499999999965,5000,0.0,0.0,0.0,0.0,5000,0.0,0.0,0.0,0.0,5000,sample_sd,95% percentile bootstrap over simulator_seeds_within_fixed_target,simulator_seeds_within_fixed_target,5000
MNIST_QNN_eff_su2_r1_d2_s43,eff_su2_r1_d2,43,low_risk_anchor,eff_su2,1,2,ideal_shot,128,loss,ibm_kingston,False,10,0.6329999999999999,0.03233505150074074,0.615,0.653,5000,0.635,0.05317685377847939,0.606,0.6679999999999999,5000,-0.0020000000000000018,0.05959119994689745,-0.03499999999999999,0.03399999999999999,5000,0.8440290190377272,0.07214114341357858,0.8039569446360112,0.8883320628308574,5000,0.8564551271252858,0.09625288810248955,0.7984692502599391,0.91065188231368,5000,0.012426108087558518,0.11991980978669978,-0.05524555457927493,0.0835695612703966,5000,0.5018900000000001,0.03350792443587039,0.4838982499999999,0.5224642499999999,5000,0.49449999999999994,0.04996943510231474,0.466,0.525,5000,-0.011000000000000001,0.09993887020462949,-0.06699999999999999,0.049,5000,0.46399999999999997,0.1770247942458281,0.35500000000000004,0.5650249999999997,5000,0.4750000000000001,0.23286858478072514,0.33599999999999997,0.606,5000,0.053000000000000005,0.02496664441476534,0.039,0.068,5000,0.11699999999999999,0.04715223571935199,0.09,0.14500000000000002,5000,sample_sd,95% percentile bootstrap over simulator_seeds_within_fixed_target,simulator_seeds_within_fixed_target,5000
MNIST_QNN_eff_su2_r1_d2_s43,eff_su2_r1_d2,43,low_risk_anchor,eff_su2,1,2,ideal_shot,512,confidence,ibm_kingston,False,10,0.746,0.032041639575194465,0.726,0.763,5000,0.72,0.034318767136623324,0.7,0.7390000000000001,5000,0.026000000000000002,0.055617742972304575,-0.006000000000000017,0.06,5000,0.613748789025005,0.019963675183651296,0.602159492022451,0.6256651886216364,5000,0.6740568013763987,0.04063954646009676,0.6515747047982993,0.698427143793064,5000,0.06030801235139368,0.05484359462507222,0.029853815809660594,0.09469534193880386,5000,0.4862,0.02809914984874492,0.46941974999999997,0.50227,5000,0.49049999999999994,0.04219333807341839,0.4665,0.5165,5000,-0.019,0.08438667614683677,-0.06599999999999998,0.033,5000,0.446,0.1577762128247897,0.359,0.5439999999999999,5000,0.465,0.16701629993639677,0.37299999999999994,0.5670249999999997,5000,0.044,0.016465452046971293,0.034,0.053000000000000005,5000,0.092,0.027808871486152277,0.07500000000000001,0.10700000000000001,5000,sample_sd,95% percentile bootstrap over simulator_seeds_within_fixed_target,simulator_seeds_within_fixed_target,5000
MNIST_QNN_eff_su2_r1_d2_s43,eff_su2_r1_d2,43,low_risk_anchor,eff_su2,1,2,ideal_shot,512,correctness,ibm_kingston,False,10,0.746,0.032041639575194465,0.727,0.7630000000000001,5000,0.72,0.034318767136623324,0.7,0.739,5000,0.026000000000000002,0.055617742972304575,-0.005000000000000016,0.05900000000000001,5000,0.613748789025005,0.019963675183651296,0.6020639720986481,0.6254802765983274,5000,0.6740568013763987,0.04063954646009676,0.6517850886629895,0.6988219836664387,5000,0.06030801235139368,0.05484359462507222,0.031158386438689185,0.09396634453581643,5000,0.5129999999999999,0.027808871486152284,0.49749999999999994,0.5295,5000,0.5049999999999999,0.030822070014844903,0.488,0.5245,5000,0.01,0.06164414002968977,-0.023000000000000007,0.047,5000,0.45,0.29321967494998996,0.277,0.62,5000,0.44000000000000006,0.25055493963954845,0.29197499999999993,0.575,5000,0.0,0.0,0.0,0.0,5000,0.0,0.0,0.0,0.0,5000,sample_sd,95% percentile bootstrap over simulator_seeds_within_fixed_target,simulator_seeds_within_fixed_target,5000
MNIST_QNN_eff_su2_r1_d2_s43,eff_su2_r1_d2,43,low_risk_anchor,eff_su2,1,2,ideal_shot,512,loss,ibm_kingston,False,10,0.746,0.032041639575194465,0.727,0.763,5000,0.72,0.034318767136623324,0.6990000000000001,0.7390249999999997,5000,0.026000000000000002,0.055617742972304575,-0.006000000000000005,0.061,5000,0.613748789025005,0.019963675183651296,0.6021922341464903,0.625740379903198,5000,0.6740568013763987,0.04063954646009676,0.6518118538446724,0.6993674479858017,5000,0.06030801235139368,0.05484359462507222,0.03000481832039076,0.09411496935060708,5000,0.50896,0.027623186717763846,0.49318999999999996,0.5258307499999999,5000,0.49800000000000005,0.032591750830880874,0.48,0.5190125,5000,-0.004000000000000006,0.06518350166176172,-0.038000000000000034,0.03600000000000002,5000,0.5860000000000001,0.12868566353716332,0.509,0.6580249999999997,5000,0.59,0.18427033281447006,0.47800000000000004,0.6890249999999997,5000,0.043,0.018287822299126937,0.032,0.053000000000000005,5000,0.092,0.03011090610836324,0.074,0.10802499999999965,5000,sample_sd,95% percentile bootstrap over simulator_seeds_within_fixed_target,simulator_seeds_within_fixed_target,5000
MNIST_QNN_eff_su2_r1_d2_s43,eff_su2_r1_d2,43,low_risk_anchor,eff_su2,1,2,ideal_shot,1024,confidence,ibm_kingston,False,10,0.751,0.02685351208149713,0.735,0.767,5000,0.748,0.024855135843076352,0.733,0.762,5000,0.0030000000000000027,0.03056868404829436,-0.015000000000000013,0.020000000000000018,5000,0.5811278751278295,0.01960716179786888,0.569431890473701,0.5925659540218534,5000,0.6317086614277214,0.018888564783954145,0.6213813922261586,0.6434765216165687,5000,0.05058078629989178,0.03451899161969265,0.03169252449506893,0.07284008960786736,5000,0.48927000000000004,0.02326203631097959,0.47514925,0.50221,5000,0.47000000000000003,0.023804761428476182,0.45649999999999996,0.485,5000,-0.06,0.04760952285695232,-0.087,-0.031,5000,0.438,0.15411395495253216,0.354,0.5359999999999999,5000,0.49800000000000005,0.16982343772283023,0.40097499999999997,0.599,5000,0.045,0.024608038433722338,0.032,0.061,5000,0.088,0.03966526608171605,0.06500000000000002,0.11300000000000002,5000,sample_sd,95% percentile bootstrap over simulator_seeds_within_fixed_target,simulator_seeds_within_fixed_target,5000
MNIST_QNN_eff_su2_r1_d2_s43,eff_su2_r1_d2,43,low_risk_anchor,eff_su2,1,2,ideal_shot,1024,correctness,ibm_kingston,False,10,0.751,0.02685351208149713,0.735,0.7669999999999999,5000,0.748,0.024855135843076352,0.733,0.7620000000000001,5000,0.0030000000000000027,0.03056868404829436,-0.015000000000000013,0.020000000000000018,5000,0.5811278751278295,0.01960716179786888,0.5695486765745561,0.5926607005832251,5000,0.6317086614277214,0.018888564783954145,0.6217529284420422,0.6435990970811574,5000,0.05058078629989178,0.03451899161969265,0.031170123669109324,0.07171638391576708,5000,0.5015,0.01528434202414718,0.492,0.51,5000,0.488,0.018439088914585778,0.4774999999999999,0.4995,5000,-0.024000000000000004,0.03687817782917156,-0.046,-0.0010000000000000009,5000,0.32999999999999996,0.23266571155486862,0.198,0.4699999999999999,5000,0.35400000000000004,0.2266274475874447,0.21800000000000003,0.4810249999999996,5000,0.0,0.0,0.0,0.0,5000,0.0,0.0,0.0,0.0,5000,sample_sd,95% percentile bootstrap over simulator_seeds_within_fixed_target,simulator_seeds_within_fixed_target,5000
MNIST_QNN_eff_su2_r1_d2_s43,eff_su2_r1_d2,43,low_risk_anchor,eff_su2,1,2,ideal_shot,1024,loss,ibm_kingston,False,10,0.751,0.02685351208149713,0.736,0.767,5000,0.748,0.024855135843076352,0.733,0.762,5000,0.0030000000000000027,0.03056868404829436,-0.015000000000000013,0.020000000000000018,5000,0.5811278751278295,0.01960716179786888,0.5695544273401144,0.5927782073529204,5000,0.6317086614277214,0.018888564783954145,0.6215809434923808,0.6431721668007317,5000,0.05058078629989178,0.03451899161969265,0.03162774305138736,0.07242284883288666,5000,0.50998,0.019836095045816512,0.4982800000000001,0.5217702500000001,5000,0.47850000000000004,0.028190818048120247,0.46099999999999997,0.49450000000000005,5000,-0.043,0.056381636096240494,-0.077,-0.011,5000,0.5559999999999999,0.16500505042775712,0.458,0.6519999999999999,5000,0.599,0.18988007911427793,0.477,0.7020249999999997,5000,0.045,0.024608038433722338,0.031999999999999994,0.06000000000000001,5000,0.088,0.03966526608171605,0.06500000000000002,0.11200000000000002,5000,sample_sd,95% percentile bootstrap over simulator_seeds_within_fixed_target,simulator_seeds_within_fixed_target,5000
MNIST_QNN_eff_su2_r1_d2_s43,eff_su2_r1_d2,43,low_risk_anchor,eff_su2,1,2,noisy_shot,128,confidence,ibm_kingston,True,10,0.624,0.023664319132398488,0.61,0.637,5000,0.6289999999999999,0.04840798832148816,0.602,0.659,5000,-0.004999999999999982,0.04648775226993785,-0.031999999999999994,0.02100000000000003,5000,0.8980248099748278,0.06847359367727861,0.8548701230515611,0.9380396672403672,5000,0.8927457935805434,0.08685359415940677,0.8427081301402534,0.9455182508598838,5000,-0.005279016394284575,0.11542181122008685,-0.06898141373722173,0.06707196243284262,5000,0.5086900000000001,0.03184118402321119,0.48918950000000005,0.5260999999999999,5000,0.508,0.04224268509984237,0.483,0.5325000000000001,5000,0.016000000000000004,0.08448537019968475,-0.03500000000000002,0.06600000000000002,5000,0.6890000000000001,0.21444761079988225,0.5589999999999999,0.8100249999999998,5000,0.673,0.17230786401090348,0.5700000000000001,0.772,5000,0.068,0.043410188256265886,0.044,0.095,5000,0.10900000000000001,0.04458450154232721,0.08399999999999999,0.136,5000,sample_sd,95% percentile bootstrap over simulator_seeds_within_fixed_target,simulator_seeds_within_fixed_target,5000
MNIST_QNN_eff_su2_r1_d2_s43,eff_su2_r1_d2,43,low_risk_anchor,eff_su2,1,2,noisy_shot,128,correctness,ibm_kingston,True,10,0.624,0.023664319132398488,0.61,0.638,5000,0.6289999999999999,0.04840798832148816,0.602,0.6570249999999996,5000,-0.004999999999999982,0.04648775226993785,-0.032999999999999974,0.02200000000000002,5000,0.8980248099748278,0.06847359367727861,0.8571943513457663,0.9363845670633019,5000,0.8927457935805434,0.08685359415940677,0.8423261774622428,0.9463293840822121,5000,-0.005279016394284575,0.11542181122008685,-0.0686686451950809,0.07016031686257326,5000,0.49749999999999994,0.023243876134968932,0.483,0.5109999999999999,5000,0.4835,0.013753787357185184,0.475,0.4915,5000,-0.03299999999999999,0.027507574714370344,-0.04899999999999999,-0.016999999999999998,5000,0.187,0.175122179571229,0.08600000000000001,0.29400000000000004,5000,0.22000000000000003,0.19113694915775267,0.10600000000000001,0.3310249999999996,5000,0.0,0.0,0.0,0.0,5000,0.0,0.0,0.0,0.0,5000,sample_sd,95% percentile bootstrap over simulator_seeds_within_fixed_target,simulator_seeds_within_fixed_target,5000
MNIST_QNN_eff_su2_r1_d2_s43,eff_su2_r1_d2,43,low_risk_anchor,eff_su2,1,2,noisy_shot,128,loss,ibm_kingston,True,10,0.624,0.023664319132398488,0.61,0.637,5000,0.6289999999999999,0.04840798832148816,0.603,0.658,5000,-0.004999999999999982,0.04648775226993785,-0.032999999999999974,0.02100000000000003,5000,0.8980248099748278,0.06847359367727861,0.855874724391845,0.9360662980349327,5000,0.8927457935805434,0.08685359415940677,0.8424083067118016,0.9456342072344441,5000,-0.005279016394284575,0.11542181122008685,-0.06757727726891462,0.06833731539321006,5000,0.50347,0.03078650678462886,0.48638974999999995,0.5228007499999999,5000,0.4915,0.026251984052003907,0.4774999999999999,0.5085,5000,-0.017,0.05250396810400778,-0.04599999999999999,0.015999999999999997,5000,0.38599999999999995,0.1501998668441487,0.295975,0.472,5000,0.403,0.1565637960137088,0.309,0.49300000000000005,5000,0.06500000000000002,0.04143267631552018,0.041999999999999996,0.09,5000,0.11100000000000002,0.04067486256208427,0.088,0.135,5000,sample_sd,95% percentile bootstrap over simulator_seeds_within_fixed_target,simulator_seeds_within_fixed_target,5000
MNIST_QNN_eff_su2_r1_d2_s43,eff_su2_r1_d2,43,low_risk_anchor,eff_su2,1,2,noisy_shot,512,confidence,ibm_kingston,True,10,0.7300000000000001,0.037118429085533484,0.708,0.751,5000,0.705,0.031001792062897122,0.687,0.724,5000,0.025000000000000012,0.0566176258382101,-0.010999999999999965,0.055000000000000014,5000,0.6588524798331783,0.020942945874334703,0.6470411881722277,0.6712201205568153,5000,0.7119604015070944,0.04870064234782999,0.6838271035518496,0.7407864057667087,5000,0.05310792167391627,0.06258418920676012,0.01733409121038857,0.0892080265702446,5000,0.49198000000000003,0.0340510009642399,0.4721067500000001,0.51160025,5000,0.492,0.020843330934484663,0.4805,0.5045,5000,-0.016,0.04168666186896927,-0.03899999999999999,0.00999999999999999,5000,0.369,0.12151360234786703,0.292,0.43600000000000005,5000,0.385,0.13393613735242957,0.30900000000000005,0.462,5000,0.074,0.026331223544175334,0.05900000000000001,0.089,5000,0.11199999999999999,0.02485513584307633,0.097,0.12599999999999997,5000,sample_sd,95% percentile bootstrap over simulator_seeds_within_fixed_target,simulator_seeds_within_fixed_target,5000
MNIST_QNN_eff_su2_r1_d2_s43,eff_su2_r1_d2,43,low_risk_anchor,eff_su2,1,2,noisy_shot,512,correctness,ibm_kingston,True,10,0.7300000000000001,0.037118429085533484,0.7070000000000001,0.7500000000000001,5000,0.705,0.031001792062897122,0.688,0.724,5000,0.025000000000000012,0.0566176258382101,-0.010999999999999987,0.055000000000000014,5000,0.6588524798331783,0.020942945874334703,0.6470582081287868,0.6708308279897787,5000,0.7119604015070944,0.04870064234782999,0.6840747346428688,0.7397964392493012,5000,0.05310792167391627,0.06258418920676012,0.01646272329161875,0.09081444178901137,5000,0.5125,0.028308812919105034,0.49450000000000005,0.5279999999999999,5000,0.51,0.01840893502864545,0.4995,0.521,5000,0.019999999999999997,0.03681787005729086,-0.001000000000000012,0.04299999999999997,5000,0.47400000000000003,0.3340725137517968,0.266,0.655,5000,0.454,0.316023909081435,0.259,0.6180249999999996,5000,0.0,0.0,0.0,0.0,5000,0.0,0.0,0.0,0.0,5000,sample_sd,95% percentile bootstrap over simulator_seeds_within_fixed_target,simulator_seeds_within_fixed_target,5000
MNIST_QNN_eff_su2_r1_d2_s43,eff_su2_r1_d2,43,low_risk_anchor,eff_su2,1,2,noisy_shot,512,loss,ibm_kingston,True,10,0.7300000000000001,0.037118429085533484,0.7070000000000001,0.751,5000,0.705,0.031001792062897122,0.688,0.724,5000,0.025000000000000012,0.0566176258382101,-0.011999999999999988,0.05499999999999999,5000,0.6588524798331783,0.020942945874334703,0.6469859098596267,0.6714908548840555,5000,0.7119604015070944,0.04870064234782999,0.6844912561321166,0.7405262906006072,5000,0.05310792167391627,0.06258418920676012,0.016644609391898824,0.09012637085875029,5000,0.51615,0.028911522116815476,0.49908975,0.53354075,5000,0.503,0.03794733192202056,0.48200000000000004,0.526,5000,0.0060000000000000105,0.07589466384404112,-0.036999999999999984,0.051000000000000024,5000,0.503,0.18511557951122798,0.394,0.6119999999999999,5000,0.49700000000000005,0.17166181222909707,0.398,0.603,5000,0.074,0.02503331114069145,0.05900000000000001,0.089,5000,0.11300000000000002,0.029832867780352594,0.095,0.12999999999999998,5000,sample_sd,95% percentile bootstrap over simulator_seeds_within_fixed_target,simulator_seeds_within_fixed_target,5000
MNIST_QNN_eff_su2_r1_d2_s43,eff_su2_r1_d2,43,low_risk_anchor,eff_su2,1,2,noisy_shot,1024,confidence,ibm_kingston,True,10,0.733,0.025407785333546002,0.717,0.7460000000000001,5000,0.715,0.022730302828309755,0.7010000000000001,0.728,5000,0.018000000000000016,0.025298221281347056,0.0030000000000000027,0.03400000000000003,5000,0.6317937468346208,0.01782681610121862,0.6204960082673467,0.6419014860552736,5000,0.6716024201596157,0.020754478453091828,0.6595468336234334,0.6841903360728873,5000,0.03980867332499475,0.03410385521782399,0.021186235666926925,0.06092397628854958,5000,0.4989699999999999,0.020106828580249918,0.48670975,0.5105505,5000,0.5015,0.018566696588844845,0.48949999999999994,0.5115000000000001,5000,0.0029999999999999914,0.037133393177689655,-0.02000000000000001,0.023000000000000003,5000,0.35,0.12987173159185436,0.27999999999999997,0.429,5000,0.347,0.12910374811669015,0.275,0.42300000000000004,5000,0.075,0.02718251071716682,0.06000000000000001,0.092,5000,0.128,0.033266599866332396,0.10899999999999999,0.14700000000000002,5000,sample_sd,95% percentile bootstrap over simulator_seeds_within_fixed_target,simulator_seeds_within_fixed_target,5000
MNIST_QNN_eff_su2_r1_d2_s43,eff_su2_r1_d2,43,low_risk_anchor,eff_su2,1,2,noisy_shot,1024,correctness,ibm_kingston,True,10,0.733,0.025407785333546002,0.717,0.747,5000,0.715,0.022730302828309755,0.701,0.728,5000,0.018000000000000016,0.025298221281347056,0.0040000000000000036,0.03300000000000003,5000,0.6317937468346208,0.01782681610121862,0.621444700403977,0.6417194817482028,5000,0.6716024201596157,0.020754478453091828,0.6601536674371686,0.6847274127091514,5000,0.03980867332499475,0.03410385521782399,0.02194785076023546,0.06175145389311948,5000,0.509,0.012649110640673528,0.5015000000000001,0.5165000000000001,5000,0.4805,0.015536694915228567,0.471,0.48949999999999994,5000,-0.03899999999999999,0.03107338983045711,-0.057999999999999996,-0.020999999999999998,5000,0.42700000000000005,0.14461058820923942,0.34199999999999997,0.5109999999999999,5000,0.466,0.12420413304985733,0.39199999999999996,0.537,5000,0.0,0.0,0.0,0.0,5000,0.0,0.0,0.0,0.0,5000,sample_sd,95% percentile bootstrap over simulator_seeds_within_fixed_target,simulator_seeds_within_fixed_target,5000
MNIST_QNN_eff_su2_r1_d2_s43,eff_su2_r1_d2,43,low_risk_anchor,eff_su2,1,2,noisy_shot,1024,loss,ibm_kingston,True,10,0.733,0.025407785333546002,0.717,0.7460249999999997,5000,0.715,0.022730302828309755,0.701,0.728,5000,0.018000000000000016,0.025298221281347056,0.0030000000000000027,0.03400000000000003,5000,0.6317937468346208,0.01782681610121862,0.6211044215126428,0.6420538124444428,5000,0.6716024201596157,0.020754478453091828,0.6595516226686072,0.6842139362355926,5000,0.03980867332499475,0.03410385521782399,0.02162350114888977,0.06148400557413698,5000,0.52047,0.01575599004259087,0.5116,0.5300905000000001,5000,0.5095000000000001,0.01921371038260615,0.49800000000000005,0.5209999999999999,5000,0.018999999999999996,0.03842742076521227,-0.003000000000000014,0.041,5000,0.45199999999999996,0.2000444395072699,0.3380000000000001,0.5750000000000001,5000,0.433,0.1931061884042042,0.32500000000000007,0.548,5000,0.075,0.02718251071716682,0.06000000000000001,0.092,5000,0.13099999999999998,0.03573047252229764,0.10900000000000001,0.151,5000,sample_sd,95% percentile bootstrap over simulator_seeds_within_fixed_target,simulator_seeds_within_fixed_target,5000
MNIST_QNN_eff_su2_r1_d2_s44,eff_su2_r1_d2,44,low_risk_anchor,eff_su2,1,2,exact,0,confidence,none,False,1,0.8,,,,0,0.71,,,,0,0.09000000000000008,,,,0,0.49842420816654337,,,,0,0.6355740142427385,,,,0,0.13714980607619515,,,,0,0.5016999999999999,,,,0,0.45499999999999996,,,,0,-0.08999999999999997,,,,0,0.62,,,,0,0.71,,,,0,0.05,,,,0,0.1,,,,0,sample_sd,none_single_replicate,none,0
MNIST_QNN_eff_su2_r1_d2_s44,eff_su2_r1_d2,44,low_risk_anchor,eff_su2,1,2,exact,0,correctness,none,False,1,0.8,,,,0,0.71,,,,0,0.09000000000000008,,,,0,0.49842420816654337,,,,0,0.6355740142427385,,,,0,0.13714980607619515,,,,0,0.545,,,,0,0.545,,,,0,0.09000000000000008,,,,0,0.8,,,,0,0.71,,,,0,0.0,,,,0,0.0,,,,0,sample_sd,none_single_replicate,none,0
MNIST_QNN_eff_su2_r1_d2_s44,eff_su2_r1_d2,44,low_risk_anchor,eff_su2,1,2,exact,0,loss,none,False,1,0.8,,,,0,0.71,,,,0,0.09000000000000008,,,,0,0.49842420816654337,,,,0,0.6355740142427385,,,,0,0.13714980607619515,,,,0,0.5421,,,,0,0.54,,,,0,0.08000000000000007,,,,0,0.65,,,,0,0.57,,,,0,0.05,,,,0,0.1,,,,0,sample_sd,none_single_replicate,none,0
MNIST_QNN_eff_su2_r1_d2_s44,eff_su2_r1_d2,44,low_risk_anchor,eff_su2,1,2,ideal_shot,128,confidence,ibm_kingston,False,10,0.6829999999999999,0.02584139659108572,0.669,0.6990000000000001,5000,0.6039999999999999,0.042216373863966844,0.578,0.627,5000,0.07900000000000003,0.04794672969962487,0.05200000000000001,0.10800000000000001,5000,0.8023742598553216,0.08255380013296701,0.7556373263832972,0.8518548479726539,5000,0.90399110346433,0.06375941876698477,0.868569711444811,0.9432572206770284,5000,0.10161684360900836,0.09172402223432131,0.04654605300219191,0.1525511913772566,5000,0.49321000000000004,0.0222023247031076,0.48000974999999996,0.5053599999999999,5000,0.48949999999999994,0.03499603152104853,0.4684875,0.509,5000,-0.020999999999999998,0.06999206304209706,-0.06400000000000002,0.017999999999999995,5000,0.5029999999999999,0.226276625198254,0.364,0.63,5000,0.5239999999999999,0.17727567985109147,0.41899999999999993,0.625,5000,0.06,0.03527668414752788,0.040999999999999995,0.08199999999999999,5000,0.10600000000000001,0.03864367132317184,0.08399999999999999,0.13000000000000003,5000,sample_sd,95% percentile bootstrap over simulator_seeds_within_fixed_target,simulator_seeds_within_fixed_target,5000
MNIST_QNN_eff_su2_r1_d2_s44,eff_su2_r1_d2,44,low_risk_anchor,eff_su2,1,2,ideal_shot,128,correctness,ibm_kingston,False,10,0.6829999999999999,0.02584139659108572,0.668975,0.6990000000000001,5000,0.6039999999999999,0.042216373863966844,0.579,0.627,5000,0.07900000000000003,0.04794672969962487,0.05100000000000003,0.10900000000000001,5000,0.8023742598553216,0.08255380013296701,0.7537834203237642,0.8524911913228705,5000,0.90399110346433,0.06375941876698477,0.8676110472032557,0.9426340840957221,5000,0.10161684360900836,0.09172402223432131,0.045779754238841286,0.1525493378557323,5000,0.5395,0.023973364849812447,0.526,0.5535,5000,0.5299999999999999,0.03651483716701108,0.5089874999999999,0.5504999999999999,5000,0.06000000000000002,0.07302967433402216,0.016975000000000007,0.10200000000000001,5000,0.597,0.16323466407462464,0.49300000000000005,0.6819999999999999,5000,0.5369999999999999,0.10414199707877489,0.47000000000000003,0.591,5000,0.0,0.0,0.0,0.0,5000,0.0,0.0,0.0,0.0,5000,sample_sd,95% percentile bootstrap over simulator_seeds_within_fixed_target,simulator_seeds_within_fixed_target,5000
MNIST_QNN_eff_su2_r1_d2_s44,eff_su2_r1_d2,44,low_risk_anchor,eff_su2,1,2,ideal_shot,128,loss,ibm_kingston,False,10,0.6829999999999999,0.02584139659108572,0.6689999999999999,0.699,5000,0.6039999999999999,0.042216373863966844,0.577975,0.627,5000,0.07900000000000003,0.04794672969962487,0.05200000000000001,0.10800000000000005,5000,0.8023742598553216,0.08255380013296701,0.7558685886864929,0.8507751705279952,5000,0.90399110346433,0.06375941876698477,0.8681093457378956,0.9419957481134003,5000,0.10161684360900836,0.09172402223432131,0.04677560646834754,0.15382261726345925,5000,0.5304499999999999,0.022602077092357866,0.5178495,0.5448717499999999,5000,0.5325,0.03199392303408743,0.5149999999999999,0.5515,5000,0.06499999999999997,0.0639878460681749,0.027999999999999997,0.10499999999999998,5000,0.599,0.08089087299153926,0.5449999999999999,0.638,5000,0.534,0.08669230390037835,0.48600000000000004,0.5850000000000001,5000,0.063,0.03591656999213594,0.043,0.086,5000,0.10500000000000002,0.03659083066683358,0.083,0.126,5000,sample_sd,95% percentile bootstrap over simulator_seeds_within_fixed_target,simulator_seeds_within_fixed_target,5000
MNIST_QNN_eff_su2_r1_d2_s44,eff_su2_r1_d2,44,low_risk_anchor,eff_su2,1,2,ideal_shot,512,confidence,ibm_kingston,False,10,0.7620000000000001,0.039101008796307145,0.74,0.7859999999999999,5000,0.6619999999999999,0.032249030993194185,0.643,0.6819999999999998,5000,0.09999999999999999,0.05185449728701346,0.07099999999999998,0.13199999999999995,5000,0.5721767898786929,0.03477131664934952,0.5508674472236526,0.5918378484724047,5000,0.7064494249433046,0.038730859852973254,0.6841239059151208,0.7293629808056634,5000,0.13427263506461168,0.036923281775576466,0.11230506661304684,0.15536764836710065,5000,0.4976000000000001,0.016490064348637992,0.48886900000000005,0.5081402500000001,5000,0.49349999999999994,0.03972474739448392,0.471,0.5175124999999999,5000,-0.012999999999999994,0.07944949478896782,-0.055999999999999994,0.03700000000000001,5000,0.541,0.17584399651711488,0.441,0.649,5000,0.554,0.12677188612271695,0.48200000000000004,0.631,5000,0.045,0.013540064007726603,0.03700000000000001,0.053000000000000005,5000,0.08299999999999999,0.02110818693198342,0.07000000000000002,0.095,5000,sample_sd,95% percentile bootstrap over simulator_seeds_within_fixed_target,simulator_seeds_within_fixed_target,5000
MNIST_QNN_eff_su2_r1_d2_s44,eff_su2_r1_d2,44,low_risk_anchor,eff_su2,1,2,ideal_shot,512,correctness,ibm_kingston,False,10,0.7620000000000001,0.039101008796307145,0.741,0.7859999999999999,5000,0.6619999999999999,0.032249030993194185,0.6439999999999999,0.6809999999999999,5000,0.09999999999999999,0.05185449728701346,0.07100000000000001,0.13199999999999998,5000,0.5721767898786929,0.03477131664934952,0.55142293710768,0.5917847173282659,5000,0.7064494249433046,0.038730859852973254,0.6836021487976455,0.728492279200122,5000,0.13427263506461168,0.036923281775576466,0.11232336212581577,0.1560544891730533,5000,0.55,0.02592724864350675,0.5359875,0.5655,5000,0.5459999999999999,0.03314949304120485,0.526,0.5650000000000001,5000,0.092,0.06629898608240968,0.052000000000000025,0.13199999999999995,5000,0.744,0.07777460310981268,0.693,0.783,5000,0.6519999999999999,0.037653389990514506,0.63,0.6739999999999999,5000,0.0,0.0,0.0,0.0,5000,0.0,0.0,0.0,0.0,5000,sample_sd,95% percentile bootstrap over simulator_seeds_within_fixed_target,simulator_seeds_within_fixed_target,5000
MNIST_QNN_eff_su2_r1_d2_s44,eff_su2_r1_d2,44,low_risk_anchor,eff_su2,1,2,ideal_shot,512,loss,ibm_kingston,False,10,0.7620000000000001,0.039101008796307145,0.74,0.7859999999999999,5000,0.6619999999999999,0.032249030993194185,0.643,0.6809999999999999,5000,0.09999999999999999,0.05185449728701346,0.07100000000000002,0.13299999999999998,5000,0.5721767898786929,0.03477131664934952,0.5512913609847732,0.5918485300007785,5000,0.7064494249433046,0.038730859852973254,0.6839923021668365,0.7284363510854426,5000,0.13427263506461168,0.036923281775576466,0.11205492494908831,0.15564490025070407,5000,0.5330999999999999,0.01661110739502,0.5235187500000001,0.5426805,5000,0.5295,0.037671828554858684,0.5065,0.55,5000,0.05899999999999998,0.07534365710971738,0.014000000000000002,0.10099999999999998,5000,0.639,0.11589746426139884,0.562,0.694,5000,0.58,0.0841955396021006,0.5279999999999999,0.627,5000,0.045,0.013540064007726603,0.03700000000000001,0.053000000000000005,5000,0.08499999999999999,0.01957890020745122,0.07300000000000001,0.096,5000,sample_sd,95% percentile bootstrap over simulator_seeds_within_fixed_target,simulator_seeds_within_fixed_target,5000
MNIST_QNN_eff_su2_r1_d2_s44,eff_su2_r1_d2,44,low_risk_anchor,eff_su2,1,2,ideal_shot,1024,confidence,ibm_kingston,False,10,0.789,0.02998147576235848,0.7709999999999999,0.806,5000,0.6780000000000002,0.024855135843076307,0.664,0.693,5000,0.11099999999999999,0.027668674625929503,0.095,0.127,5000,0.5365141916276188,0.018468573490798005,0.5258807148417196,0.5477252952378854,5000,0.6711319551402702,0.030565758749866608,0.6521772528776317,0.688399191670306,5000,0.13461776351265145,0.026440521346751195,0.11858704578025793,0.15092287275829874,5000,0.5002800000000001,0.015682318422704955,0.490969,0.5092602500000001,5000,0.49400000000000005,0.040400770069668496,0.47050000000000003,0.518,5000,-0.01200000000000001,0.08080154013933699,-0.05800000000000001,0.03599999999999998,5000,0.492,0.14281300905574237,0.40700000000000003,0.5780000000000001,5000,0.5040000000000001,0.10936178491593852,0.43800000000000006,0.563,5000,0.05700000000000001,0.020027758514399734,0.048,0.07000000000000002,5000,0.086,0.01837873166945363,0.07500000000000001,0.096,5000,sample_sd,95% percentile bootstrap over simulator_seeds_within_fixed_target,simulator_seeds_within_fixed_target,5000
MNIST_QNN_eff_su2_r1_d2_s44,eff_su2_r1_d2,44,low_risk_anchor,eff_su2,1,2,ideal_shot,1024,correctness,ibm_kingston,False,10,0.789,0.02998147576235848,0.7700000000000001,0.805,5000,0.6780000000000002,0.024855135843076307,0.6639999999999999,0.692,5000,0.11099999999999999,0.027668674625929503,0.09400000000000003,0.127,5000,0.5365141916276188,0.018468573490798005,0.5259317317418754,0.5479466273237893,5000,0.6711319551402702,0.030565758749866608,0.6521852681512944,0.6881235324229112,5000,0.13461776351265145,0.026440521346751195,0.11948660504404107,0.15007198387486279,5000,0.5555,0.013834337312964762,0.547,0.5635000000000001,5000,0.5555,0.013834337312964755,0.5475000000000001,0.5635000000000001,5000,0.11099999999999999,0.027668674625929503,0.09400000000000001,0.128,5000,0.789,0.02998147576235848,0.7700000000000001,0.805,5000,0.6780000000000002,0.024855135843076307,0.664,0.692,5000,0.0,0.0,0.0,0.0,5000,0.0,0.0,0.0,0.0,5000,sample_sd,95% percentile bootstrap over simulator_seeds_within_fixed_target,simulator_seeds_within_fixed_target,5000
MNIST_QNN_eff_su2_r1_d2_s44,eff_su2_r1_d2,44,low_risk_anchor,eff_su2,1,2,ideal_shot,1024,loss,ibm_kingston,False,10,0.789,0.02998147576235848,0.771,0.806,5000,0.6780000000000002,0.024855135843076307,0.664,0.6929999999999998,5000,0.11099999999999999,0.027668674625929503,0.09400000000000004,0.127,5000,0.5365141916276188,0.018468573490798005,0.5260682317478467,0.5472866732199211,5000,0.6711319551402702,0.030565758749866608,0.6525748042346328,0.6884159838119521,5000,0.13461776351265145,0.026440521346751195,0.1188303580753534,0.1498144081475533,5000,0.53821,0.012104126936251512,0.5313397499999999,0.54525,5000,0.5285,0.02261390919078099,0.5159874999999999,0.542,5000,0.05700000000000001,0.04522781838156197,0.03100000000000001,0.08499999999999999,5000,0.635,0.0699603062060512,0.591,0.6739999999999999,5000,0.578,0.08560892995995738,0.5279999999999999,0.627,5000,0.05700000000000001,0.020027758514399734,0.048,0.07000000000000002,5000,0.087,0.01888562063228706,0.076,0.098,5000,sample_sd,95% percentile bootstrap over simulator_seeds_within_fixed_target,simulator_seeds_within_fixed_target,5000
MNIST_QNN_eff_su2_r1_d2_s44,eff_su2_r1_d2,44,low_risk_anchor,eff_su2,1,2,noisy_shot,128,confidence,ibm_kingston,True,10,0.6689999999999998,0.04040077006966849,0.6439999999999999,0.692,5000,0.5870000000000001,0.042700507413066316,0.5650000000000001,0.6149999999999999,5000,0.08199999999999999,0.05553777493242274,0.05,0.11499999999999999,5000,0.8443421720994811,0.10528390936990244,0.7830952549548535,0.906328176471476,5000,0.937760820161202,0.06990001251329843,0.8968867098233342,0.9806093055266305,5000,0.09341864806172087,0.1119843324492752,0.03358265163726973,0.1646244918210497,5000,0.50573,0.023130213526419894,0.49287000000000003,0.5201210000000002,5000,0.501,0.024472206457303552,0.48650000000000004,0.515,5000,0.001999999999999996,0.048944412914607056,-0.02599999999999999,0.02999999999999999,5000,0.503,0.22321140950527893,0.369,0.6320249999999996,5000,0.501,0.2077632199296968,0.375,0.617,5000,0.069,0.03142893217686178,0.051000000000000004,0.088,5000,0.11699999999999999,0.03973523485382827,0.096,0.142,5000,sample_sd,95% percentile bootstrap over simulator_seeds_within_fixed_target,simulator_seeds_within_fixed_target,5000
MNIST_QNN_eff_su2_r1_d2_s44,eff_su2_r1_d2,44,low_risk_anchor,eff_su2,1,2,noisy_shot,128,correctness,ibm_kingston,True,10,0.6689999999999998,0.04040077006966849,0.6449999999999999,0.692,5000,0.5870000000000001,0.042700507413066316,0.5650000000000002,0.6139999999999999,5000,0.08199999999999999,0.05553777493242274,0.051000000000000004,0.11599999999999996,5000,0.8443421720994811,0.10528390936990244,0.7841391081834365,0.9081748189621088,5000,0.937760820161202,0.06990001251329843,0.8985472925860493,0.9790195295352752,5000,0.09341864806172087,0.1119843324492752,0.03311882365892665,0.16316097348184047,5000,0.5409999999999999,0.027768887466211378,0.525,0.5575,5000,0.53,0.04055175020198812,0.506,0.5539999999999999,5000,0.059999999999999984,0.08110350040397626,0.011974999999999975,0.10799999999999998,5000,0.564,0.1760807895383379,0.45600000000000007,0.6620249999999996,5000,0.504,0.10710327311110109,0.437,0.5609999999999999,5000,0.0,0.0,0.0,0.0,5000,0.0,0.0,0.0,0.0,5000,sample_sd,95% percentile bootstrap over simulator_seeds_within_fixed_target,simulator_seeds_within_fixed_target,5000
MNIST_QNN_eff_su2_r1_d2_s44,eff_su2_r1_d2,44,low_risk_anchor,eff_su2,1,2,noisy_shot,128,loss,ibm_kingston,True,10,0.6689999999999998,0.04040077006966849,0.6449999999999999,0.6910000000000001,5000,0.5870000000000001,0.042700507413066316,0.5650000000000001,0.615,5000,0.08199999999999999,0.05553777493242274,0.05000000000000001,0.11499999999999999,5000,0.8443421720994811,0.10528390936990244,0.7837655607146742,0.9055351924759255,5000,0.937760820161202,0.06990001251329843,0.8980169179701537,0.9793856193016486,5000,0.09341864806172087,0.1119843324492752,0.03211677022605652,0.16554771067648102,5000,0.5426199999999999,0.026589839329254246,0.52805,0.5587812499999999,5000,0.5359999999999999,0.03339993346633427,0.5165,0.5555000000000001,5000,0.07200000000000001,0.0667998669326685,0.03400000000000001,0.11200000000000002,5000,0.6010000000000001,0.09803060746521976,0.538,0.6519999999999999,5000,0.5289999999999999,0.09338688939626968,0.47300000000000003,0.584,5000,0.067,0.029078437983419185,0.05,0.084,5000,0.124,0.04812021982031623,0.097,0.153,5000,sample_sd,95% percentile bootstrap over simulator_seeds_within_fixed_target,simulator_seeds_within_fixed_target,5000
MNIST_QNN_eff_su2_r1_d2_s44,eff_su2_r1_d2,44,low_risk_anchor,eff_su2,1,2,noisy_shot,512,confidence,ibm_kingston,True,10,0.7479999999999999,0.02936362072739368,0.732,0.7659999999999999,5000,0.652,0.01988857852023508,0.64,0.663,5000,0.09599999999999997,0.03835506630304677,0.07599999999999996,0.11999999999999997,5000,0.6203014795647468,0.04374197820944663,0.5946737604099209,0.6452913329370029,5000,0.7264182269425363,0.02688313826220428,0.7104606145782307,0.7420191647566505,5000,0.1061167473777896,0.03670207242010223,0.08458382614271832,0.1286244540935266,5000,0.5132700000000001,0.010487987837945318,0.50817975,0.5200112499999999,5000,0.5145000000000002,0.022662989897873402,0.502,0.5280125,5000,0.029000000000000005,0.04532597979574679,0.002999999999999986,0.056999999999999995,5000,0.514,0.17173623185959722,0.41500000000000004,0.616,5000,0.48500000000000004,0.17696515664578344,0.383975,0.5900000000000001,5000,0.062,0.0322490309931942,0.043000000000000003,0.08199999999999999,5000,0.124,0.03306559138036598,0.10600000000000001,0.144,5000,sample_sd,95% percentile bootstrap over simulator_seeds_within_fixed_target,simulator_seeds_within_fixed_target,5000
MNIST_QNN_eff_su2_r1_d2_s44,eff_su2_r1_d2,44,low_risk_anchor,eff_su2,1,2,noisy_shot,512,correctness,ibm_kingston,True,10,0.7479999999999999,0.02936362072739368,0.732,0.766,5000,0.652,0.01988857852023508,0.64,0.663,5000,0.09599999999999997,0.03835506630304677,0.07499999999999996,0.12000000000000002,5000,0.6203014795647468,0.04374197820944663,0.5940106101212499,0.6448482969311706,5000,0.7264182269425363,0.02688313826220428,0.7108019928111432,0.7417593510338426,5000,0.1061167473777896,0.03670207242010223,0.08545037933420394,0.1279876328958373,5000,0.5479999999999999,0.0191775331515234,0.5379999999999999,0.5599999999999999,5000,0.5435000000000001,0.026462762096534417,0.5279999999999999,0.5589999999999999,5000,0.087,0.0529255241930688,0.05500000000000001,0.11799999999999997,5000,0.7309999999999999,0.0693541635375988,0.6849999999999999,0.764,5000,0.644,0.03272783388968956,0.623,0.6610000000000001,5000,0.0,0.0,0.0,0.0,5000,0.0,0.0,0.0,0.0,5000,sample_sd,95% percentile bootstrap over simulator_seeds_within_fixed_target,simulator_seeds_within_fixed_target,5000
MNIST_QNN_eff_su2_r1_d2_s44,eff_su2_r1_d2,44,low_risk_anchor,eff_su2,1,2,noisy_shot,512,loss,ibm_kingston,True,10,0.7479999999999999,0.02936362072739368,0.732,0.766,5000,0.652,0.01988857852023508,0.64,0.663,5000,0.09599999999999997,0.03835506630304677,0.07499999999999996,0.12000000000000002,5000,0.6203014795647468,0.04374197820944663,0.5946988447849871,0.6459566972343075,5000,0.7264182269425363,0.02688313826220428,0.7106200306819198,0.7418987872704397,5000,0.1061167473777896,0.03670207242010223,0.08596215733768477,0.12820762507385522,5000,0.5413699999999999,0.016440873861608862,0.53227975,0.5509304999999999,5000,0.5285,0.020689503511576952,0.517,0.5415,5000,0.056999999999999995,0.041379007023153905,0.034999999999999996,0.08299999999999996,5000,0.5730000000000001,0.10832564075252195,0.51,0.6359999999999999,5000,0.5159999999999999,0.09979979959899721,0.458,0.5740000000000001,5000,0.062,0.0322490309931942,0.043000000000000003,0.08099999999999999,5000,0.127,0.03301514803843835,0.10800000000000001,0.148,5000,sample_sd,95% percentile bootstrap over simulator_seeds_within_fixed_target,simulator_seeds_within_fixed_target,5000
MNIST_QNN_eff_su2_r1_d2_s44,eff_su2_r1_d2,44,low_risk_anchor,eff_su2,1,2,noisy_shot,1024,confidence,ibm_kingston,True,10,0.76,0.03333333333333336,0.7380000000000001,0.7780000000000001,5000,0.679,0.029981475762358458,0.663,0.6980000000000001,5000,0.08099999999999999,0.03446415206816757,0.05999999999999996,0.1,5000,0.5822885334775784,0.017752724750571866,0.5723964062549757,0.5930193997621769,5000,0.6889751521646976,0.030847558063707602,0.6720025402272819,0.708881654966483,5000,0.10668661868711933,0.03105497842948738,0.08912158536608329,0.1254605179448146,5000,0.51705,0.012734140463075387,0.5102095000000001,0.5250005,5000,0.506,0.03494440028260766,0.48600000000000004,0.527,5000,0.01200000000000001,0.06988880056521535,-0.027025000000000007,0.05400000000000001,5000,0.4600000000000001,0.12987173159185436,0.39197499999999996,0.545,5000,0.44800000000000006,0.09874771446018944,0.39,0.506,5000,0.06000000000000001,0.01763834207376394,0.05,0.07,5000,0.1,0.024944382578492946,0.085,0.11400000000000002,5000,sample_sd,95% percentile bootstrap over simulator_seeds_within_fixed_target,simulator_seeds_within_fixed_target,5000
MNIST_QNN_eff_su2_r1_d2_s44,eff_su2_r1_d2,44,low_risk_anchor,eff_su2,1,2,noisy_shot,1024,correctness,ibm_kingston,True,10,0.76,0.03333333333333336,0.7389999999999999,0.778,5000,0.679,0.029981475762358458,0.663,0.6980000000000001,5000,0.08099999999999999,0.03446415206816757,0.06099999999999996,0.09999999999999998,5000,0.5822885334775784,0.017752724750571866,0.5723505894840346,0.5930187714304657,5000,0.6889751521646976,0.030847558063707602,0.6716608012281824,0.7077508430988761,5000,0.10668661868711933,0.03105497842948738,0.08904848623032444,0.12476584838294656,5000,0.5405,0.01723207603408379,0.5295,0.55,5000,0.5359999999999999,0.029230881691191674,0.5155000000000001,0.55,5000,0.072,0.05846176338238335,0.03399999999999999,0.1,5000,0.7150000000000001,0.16840757438758838,0.6050000000000001,0.7779999999999999,5000,0.643,0.11738351199759227,0.5650000000000001,0.693,5000,0.0,0.0,0.0,0.0,5000,0.0,0.0,0.0,0.0,5000,sample_sd,95% percentile bootstrap over simulator_seeds_within_fixed_target,simulator_seeds_within_fixed_target,5000
MNIST_QNN_eff_su2_r1_d2_s44,eff_su2_r1_d2,44,low_risk_anchor,eff_su2,1,2,noisy_shot,1024,loss,ibm_kingston,True,10,0.76,0.03333333333333336,0.738,0.7780000000000001,5000,0.679,0.029981475762358458,0.662975,0.6980000000000001,5000,0.08099999999999999,0.03446415206816757,0.05999999999999996,0.1,5000,0.5822885334775784,0.017752724750571866,0.5723505123031093,0.5933873841434251,5000,0.6889751521646976,0.030847558063707602,0.6719504422886063,0.7086528833968797,5000,0.10668661868711933,0.03105497842948738,0.08925045980056745,0.12527173263020813,5000,0.54511,0.011920146345112086,0.5384599999999999,0.5521504999999999,5000,0.524,0.023428377854407458,0.511,0.538,5000,0.04800000000000001,0.046856755708814875,0.022000000000000002,0.077,5000,0.5469999999999999,0.051218486246016035,0.518,0.5770000000000001,5000,0.499,0.05526702854726718,0.46799999999999997,0.533,5000,0.06000000000000001,0.01763834207376394,0.049,0.06999999999999999,5000,0.10200000000000001,0.026583202716502514,0.086,0.11699999999999999,5000,sample_sd,95% percentile bootstrap over simulator_seeds_within_fixed_target,simulator_seeds_within_fixed_target,5000
MNIST_QNN_eff_su2_r1_d2_s45,eff_su2_r1_d2,45,low_risk_anchor,eff_su2,1,2,exact,0,confidence,none,False,1,0.76,,,,0,0.79,,,,0,-0.030000000000000027,,,,0,0.4953943025041372,,,,0,0.5920957564096898,,,,0,0.09670145390555263,,,,0,0.4831,,,,0,0.45499999999999996,,,,0,-0.09000000000000002,,,,0,0.31,,,,0,0.4,,,,0,0.05,,,,0,0.09,,,,0,sample_sd,none_single_replicate,none,0
MNIST_QNN_eff_su2_r1_d2_s45,eff_su2_r1_d2,45,low_risk_anchor,eff_su2,1,2,exact,0,correctness,none,False,1,0.76,,,,0,0.79,,,,0,-0.030000000000000027,,,,0,0.4953943025041372,,,,0,0.5920957564096898,,,,0,0.09670145390555263,,,,0,0.485,,,,0,0.475,,,,0,-0.05000000000000002,,,,0,0.12,,,,0,0.17,,,,0,0.0,,,,0,0.0,,,,0,sample_sd,none_single_replicate,none,0
MNIST_QNN_eff_su2_r1_d2_s45,eff_su2_r1_d2,45,low_risk_anchor,eff_su2,1,2,exact,0,loss,none,False,1,0.76,,,,0,0.79,,,,0,-0.030000000000000027,,,,0,0.4953943025041372,,,,0,0.5920957564096898,,,,0,0.09670145390555263,,,,0,0.5082,,,,0,0.485,,,,0,-0.030000000000000027,,,,0,0.61,,,,0,0.64,,,,0,0.05,,,,0,0.09,,,,0,sample_sd,none_single_replicate,none,0
MNIST_QNN_eff_su2_r1_d2_s45,eff_su2_r1_d2,45,low_risk_anchor,eff_su2,1,2,ideal_shot,128,confidence,ibm_kingston,False,10,0.675,0.04249182927993986,0.649,0.699,5000,0.6279999999999999,0.043410188256265886,0.604,0.6530249999999997,5000,0.046999999999999986,0.05945119380167603,0.009999999999999998,0.08099999999999997,5000,0.747649879847344,0.06520502370242519,0.7088738738148544,0.7856396002640174,5000,0.8697277519528506,0.07385214335528138,0.8248647262790785,0.9131140634699038,5000,0.12207787210550665,0.09321239141833176,0.06350317510861839,0.17230421855056266,5000,0.49818999999999997,0.036933768047983165,0.477779,0.5216717500000001,5000,0.49449999999999994,0.0434901010448227,0.46950000000000003,0.5199999999999999,5000,-0.011,0.08698020208964541,-0.062,0.039000000000000014,5000,0.483,0.16832838276548742,0.386,0.584,5000,0.49400000000000005,0.18428239199663107,0.387,0.609,5000,0.044000000000000004,0.029514591494904877,0.027000000000000003,0.06100000000000001,5000,0.101,0.03871548642195896,0.08,0.125,5000,sample_sd,95% percentile bootstrap over simulator_seeds_within_fixed_target,simulator_seeds_within_fixed_target,5000
MNIST_QNN_eff_su2_r1_d2_s45,eff_su2_r1_d2,45,low_risk_anchor,eff_su2,1,2,ideal_shot,128,correctness,ibm_kingston,False,10,0.675,0.04249182927993986,0.649,0.6990000000000001,5000,0.6279999999999999,0.043410188256265886,0.6020000000000001,0.6540249999999997,5000,0.046999999999999986,0.05945119380167603,0.010999999999999977,0.08099999999999999,5000,0.747649879847344,0.06520502370242519,0.7101146132989732,0.7849265315790264,5000,0.8697277519528506,0.07385214335528138,0.8276734801781239,0.9136363604020035,5000,0.12207787210550665,0.09321239141833176,0.0638914120607006,0.1713533321968636,5000,0.5235,0.029725596900838012,0.5055,0.5399999999999999,5000,0.5215,0.032063305437143495,0.502,0.5395000000000001,5000,0.04299999999999998,0.06412661087428698,0.0029999999999999944,0.07899999999999999,5000,0.476,0.30255210754145767,0.294,0.642,5000,0.433,0.254342289051585,0.268,0.572,5000,0.0,0.0,0.0,0.0,5000,0.0,0.0,0.0,0.0,5000,sample_sd,95% percentile bootstrap over simulator_seeds_within_fixed_target,simulator_seeds_within_fixed_target,5000
MNIST_QNN_eff_su2_r1_d2_s45,eff_su2_r1_d2,45,low_risk_anchor,eff_su2,1,2,ideal_shot,128,loss,ibm_kingston,False,10,0.675,0.04249182927993986,0.649,0.699,5000,0.6279999999999999,0.043410188256265886,0.6020000000000001,0.654,5000,0.046999999999999986,0.05945119380167603,0.01100000000000001,0.08099999999999999,5000,0.747649879847344,0.06520502370242519,0.7069906817387217,0.7843118758074648,5000,0.8697277519528506,0.07385214335528138,0.8249936383460494,0.9126878403933875,5000,0.12207787210550665,0.09321239141833176,0.06643930213424533,0.17087975170115938,5000,0.52256,0.027317930619527767,0.5059695000000001,0.53769,5000,0.5235000000000001,0.025500544656492697,0.5085000000000001,0.5385,5000,0.046999999999999986,0.051001089312985366,0.01599999999999998,0.07699999999999999,5000,0.556,0.18869140002778198,0.44099999999999995,0.66,5000,0.509,0.18993858656593893,0.3989749999999999,0.621,5000,0.05,0.03741657386773942,0.028999999999999998,0.073,5000,0.10300000000000001,0.04498147766951786,0.079,0.131,5000,sample_sd,95% percentile bootstrap over simulator_seeds_within_fixed_target,simulator_seeds_within_fixed_target,5000
MNIST_QNN_eff_su2_r1_d2_s45,eff_su2_r1_d2,45,low_risk_anchor,eff_su2,1,2,ideal_shot,512,confidence,ibm_kingston,False,10,0.756,0.02547329756605709,0.742,0.772,5000,0.715,0.020682789409984755,0.703,0.727,5000,0.04100000000000002,0.03754996671103718,0.02100000000000002,0.06600000000000003,5000,0.5665906406752765,0.02478835219272556,0.5525291714635969,0.5815469253740447,5000,0.6700386358877878,0.04724904145937272,0.6432632273545924,0.6994333467369026,5000,0.10344799521251116,0.06423271734891235,0.06296793359850997,0.13980425032975036,5000,0.49524,0.021386246878673104,0.48234975,0.5076002500000001,5000,0.496,0.030804040139061142,0.479,0.5145000000000001,5000,-0.007999999999999993,0.06160808027812225,-0.04399999999999999,0.029000000000000005,5000,0.4960000000000001,0.19414771009036735,0.377,0.6040000000000001,5000,0.5040000000000001,0.20467860985782887,0.377,0.6210000000000001,5000,0.06300000000000001,0.02451756739791106,0.049,0.078,5000,0.10600000000000001,0.027568097504180447,0.09,0.12200000000000003,5000,sample_sd,95% percentile bootstrap over simulator_seeds_within_fixed_target,simulator_seeds_within_fixed_target,5000
MNIST_QNN_eff_su2_r1_d2_s45,eff_su2_r1_d2,45,low_risk_anchor,eff_su2,1,2,ideal_shot,512,correctness,ibm_kingston,False,10,0.756,0.02547329756605709,0.742,0.772,5000,0.715,0.020682789409984755,0.703,0.7270000000000001,5000,0.04100000000000002,0.03754996671103718,0.02100000000000002,0.06500000000000003,5000,0.5665906406752765,0.02478835219272556,0.5529196095466905,0.5819173986046284,5000,0.6700386358877878,0.04724904145937272,0.6433829087816849,0.6982469985298957,5000,0.10344799521251116,0.06423271734891235,0.06411937939812777,0.14057862607195276,5000,0.5205,0.018774983355518575,0.5105000000000001,0.5329999999999999,5000,0.501,0.03373096170846274,0.48200000000000004,0.5215000000000001,5000,0.0020000000000000074,0.06746192341692545,-0.037000000000000005,0.04300000000000002,5000,0.594,0.185903200617956,0.483,0.6990000000000001,5000,0.592,0.1336496248487897,0.5060000000000001,0.6620249999999998,5000,0.0,0.0,0.0,0.0,5000,0.0,0.0,0.0,0.0,5000,sample_sd,95% percentile bootstrap over simulator_seeds_within_fixed_target,simulator_seeds_within_fixed_target,5000
MNIST_QNN_eff_su2_r1_d2_s45,eff_su2_r1_d2,45,low_risk_anchor,eff_su2,1,2,ideal_shot,512,loss,ibm_kingston,False,10,0.756,0.02547329756605709,0.742,0.772,5000,0.715,0.020682789409984755,0.703,0.7270000000000001,5000,0.04100000000000002,0.03754996671103718,0.02100000000000002,0.06500000000000002,5000,0.5665906406752765,0.02478835219272556,0.5529352346981584,0.5823254615603713,5000,0.6700386358877878,0.04724904145937272,0.643118097118917,0.6991209703489644,5000,0.10344799521251116,0.06423271734891235,0.0635560481668188,0.1392542279859946,5000,0.51795,0.021511870108281025,0.50564875,0.5306205,5000,0.5075000000000001,0.026378652985574045,0.49349999999999994,0.5245,5000,0.015000000000000003,0.05275730597114805,-0.013000000000000001,0.048,5000,0.587,0.19425355709598846,0.476975,0.7030000000000001,5000,0.5720000000000001,0.18795980657813224,0.465,0.6839999999999999,5000,0.06300000000000001,0.02451756739791106,0.049,0.078,5000,0.10600000000000001,0.027568097504180447,0.09,0.123,5000,sample_sd,95% percentile bootstrap over simulator_seeds_within_fixed_target,simulator_seeds_within_fixed_target,5000
MNIST_QNN_eff_su2_r1_d2_s45,eff_su2_r1_d2,45,low_risk_anchor,eff_su2,1,2,ideal_shot,1024,confidence,ibm_kingston,False,10,0.784,0.03339993346633424,0.765,0.8039999999999999,5000,0.7470000000000001,0.026687491868330818,0.7310000000000001,0.763,5000,0.037,0.02002775851439973,0.02599999999999999,0.049,5000,0.5298312373852821,0.02048809460533104,0.5179152572250982,0.5415178433549357,5000,0.6316017605490051,0.024860291192615264,0.6159754691588692,0.6455781154688913,5000,0.10177052316372284,0.03800646056291798,0.07840425179207232,0.1225447738075163,5000,0.49029,0.011487814800426089,0.4837095,0.49708075000000007,5000,0.4734999999999999,0.03197655391063896,0.453,0.49050000000000005,5000,-0.05299999999999998,0.06395310782127792,-0.092,-0.019999999999999997,5000,0.44399999999999995,0.13574485871172678,0.359,0.5189999999999999,5000,0.497,0.16970890109570302,0.393975,0.594,5000,0.049,0.01728840330651992,0.039,0.06,5000,0.093,0.02406010991015812,0.07999999999999999,0.10800000000000001,5000,sample_sd,95% percentile bootstrap over simulator_seeds_within_fixed_target,simulator_seeds_within_fixed_target,5000
MNIST_QNN_eff_su2_r1_d2_s45,eff_su2_r1_d2,45,low_risk_anchor,eff_su2,1,2,ideal_shot,1024,correctness,ibm_kingston,False,10,0.784,0.03339993346633424,0.766,0.8049999999999999,5000,0.7470000000000001,0.026687491868330818,0.732,0.7620000000000001,5000,0.037,0.02002775851439973,0.025000000000000012,0.049,5000,0.5298312373852821,0.02048809460533104,0.5178632153834972,0.5418083070535736,5000,0.6316017605490051,0.024860291192615264,0.6165273434168427,0.6459678676723037,5000,0.10177052316372284,0.03800646056291798,0.07843038603056919,0.1221350799066713,5000,0.5185000000000001,0.010013879257199867,0.5125,0.5245,5000,0.5095000000000001,0.0215316304796249,0.497,0.5215000000000001,5000,0.019,0.04306326095924975,-0.007999999999999974,0.04299999999999997,5000,0.656,0.19670621071367658,0.532,0.763,5000,0.637,0.1569182377333283,0.5399999999999999,0.725,5000,0.0,0.0,0.0,0.0,5000,0.0,0.0,0.0,0.0,5000,sample_sd,95% percentile bootstrap over simulator_seeds_within_fixed_target,simulator_seeds_within_fixed_target,5000
MNIST_QNN_eff_su2_r1_d2_s45,eff_su2_r1_d2,45,low_risk_anchor,eff_su2,1,2,ideal_shot,1024,loss,ibm_kingston,False,10,0.784,0.03339993346633424,0.766,0.8049999999999999,5000,0.7470000000000001,0.026687491868330818,0.732,0.763,5000,0.037,0.02002775851439973,0.025000000000000012,0.04899999999999999,5000,0.5298312373852821,0.02048809460533104,0.5180176361975726,0.541895690344373,5000,0.6316017605490051,0.024860291192615264,0.6166691151197186,0.6457928172769025,5000,0.10177052316372284,0.03800646056291798,0.07789753296464916,0.12276197530017816,5000,0.51535,0.012563549569201296,0.50756,0.5222200000000001,5000,0.49000000000000005,0.026457513110645925,0.4755,0.5065000000000001,5000,-0.019999999999999997,0.05291502622129181,-0.049,0.013000000000000001,5000,0.5650000000000001,0.11843892002959913,0.496,0.632,5000,0.5850000000000001,0.11345581616745005,0.52,0.6529999999999999,5000,0.049,0.01728840330651992,0.039,0.06,5000,0.097,0.024966644414765343,0.082,0.11100000000000002,5000,sample_sd,95% percentile bootstrap over simulator_seeds_within_fixed_target,simulator_seeds_within_fixed_target,5000
MNIST_QNN_eff_su2_r1_d2_s45,eff_su2_r1_d2,45,low_risk_anchor,eff_su2,1,2,noisy_shot,128,confidence,ibm_kingston,True,10,0.668,0.026161889160464757,0.652,0.683,5000,0.617,0.04217687623436438,0.592,0.642,5000,0.051000000000000004,0.04557045826702501,0.024999999999999988,0.078,5000,0.7902369101057994,0.07245427753123984,0.7478038233659928,0.8326874937764224,5000,0.9014980029562721,0.10543900328522246,0.8427915836357555,0.9658974709376634,5000,0.11126109285047278,0.1151917126771713,0.04367248908432959,0.17922160381667493,5000,0.5032,0.0407502692560975,0.4809900000000001,0.52949075,5000,0.5005000000000001,0.05101470376273885,0.47400000000000003,0.5334999999999999,5000,0.0009999999999999788,0.1020294075254777,-0.05300000000000003,0.06400000000000002,5000,0.552,0.19314933773292275,0.43199999999999994,0.661,5000,0.5509999999999999,0.21460299262695393,0.42200000000000004,0.6699999999999999,5000,0.061,0.025582111805799855,0.046,0.07599999999999998,5000,0.098,0.02573367875415838,0.08299999999999999,0.11300000000000002,5000,sample_sd,95% percentile bootstrap over simulator_seeds_within_fixed_target,simulator_seeds_within_fixed_target,5000
MNIST_QNN_eff_su2_r1_d2_s45,eff_su2_r1_d2,45,low_risk_anchor,eff_su2,1,2,noisy_shot,128,correctness,ibm_kingston,True,10,0.668,0.026161889160464757,0.652,0.683,5000,0.617,0.04217687623436438,0.592,0.643,5000,0.051000000000000004,0.04557045826702501,0.024999999999999977,0.078,5000,0.7902369101057994,0.07245427753123984,0.7476642539509892,0.8334594518518745,5000,0.9014980029562721,0.10543900328522246,0.8413577275360848,0.9673730076807624,5000,0.11126109285047278,0.1151917126771713,0.04459828063599126,0.1792852424597499,5000,0.5254999999999999,0.022785229133512518,0.5125,0.539,5000,0.5085,0.0290641053917409,0.492,0.526,5000,0.016999999999999998,0.05812821078348181,-0.015000000000000013,0.05200000000000001,5000,0.512,0.15324635214074248,0.421,0.6000249999999997,5000,0.495,0.10058164179743073,0.433,0.551,5000,0.0,0.0,0.0,0.0,5000,0.0,0.0,0.0,0.0,5000,sample_sd,95% percentile bootstrap over simulator_seeds_within_fixed_target,simulator_seeds_within_fixed_target,5000
MNIST_QNN_eff_su2_r1_d2_s45,eff_su2_r1_d2,45,low_risk_anchor,eff_su2,1,2,noisy_shot,128,loss,ibm_kingston,True,10,0.668,0.026161889160464757,0.652,0.6820249999999998,5000,0.617,0.04217687623436438,0.593,0.642,5000,0.051000000000000004,0.04557045826702501,0.024974999999999976,0.078,5000,0.7902369101057994,0.07245427753123984,0.748064419476653,0.831590250169026,5000,0.9014980029562721,0.10543900328522246,0.8425127742469747,0.9649169189928128,5000,0.11126109285047278,0.1151917126771713,0.04706779237781305,0.17872398611059617,5000,0.53194,0.029216327246554756,0.51439925,0.54953125,5000,0.5215000000000001,0.03993397328368694,0.4984875,0.5445,5000,0.04299999999999999,0.07986794656737388,-0.004000000000000015,0.088,5000,0.5569999999999999,0.13840761058072878,0.48100000000000004,0.639,5000,0.514,0.16741166825125023,0.4149749999999999,0.6130000000000001,5000,0.05700000000000001,0.02213594362117866,0.044,0.07000000000000002,5000,0.10300000000000002,0.02496664441476534,0.08800000000000001,0.11699999999999999,5000,sample_sd,95% percentile bootstrap over simulator_seeds_within_fixed_target,simulator_seeds_within_fixed_target,5000
MNIST_QNN_eff_su2_r1_d2_s45,eff_su2_r1_d2,45,low_risk_anchor,eff_su2,1,2,noisy_shot,512,confidence,ibm_kingston,True,10,0.7459999999999999,0.03204163957519447,0.727,0.765,5000,0.702,0.042110964526276676,0.6769999999999999,0.725,5000,0.044000000000000004,0.05378971401051818,0.009999999999999986,0.07200000000000004,5000,0.6308422138709575,0.03441919629121204,0.6118672016189491,0.6520037552478839,5000,0.6918772793016397,0.05036346302174084,0.6667336355789681,0.7253870436090394,5000,0.061035065430682135,0.07329361586736811,0.020724274365976417,0.10414187948760206,5000,0.51053,0.023505368181190714,0.4973492500000001,0.5245205,5000,0.512,0.02926886855802026,0.49450000000000005,0.5285,5000,0.023999999999999983,0.05853773711604051,-0.012000000000000021,0.055999999999999994,5000,0.44000000000000006,0.1577621275493231,0.346,0.5319999999999999,5000,0.41600000000000004,0.1745597637232335,0.31100000000000005,0.5210249999999997,5000,0.054000000000000006,0.020110804171997808,0.043,0.06699999999999999,5000,0.118,0.025298221281347035,0.10400000000000001,0.13300000000000003,5000,sample_sd,95% percentile bootstrap over simulator_seeds_within_fixed_target,simulator_seeds_within_fixed_target,5000
MNIST_QNN_eff_su2_r1_d2_s45,eff_su2_r1_d2,45,low_risk_anchor,eff_su2,1,2,noisy_shot,512,correctness,ibm_kingston,True,10,0.7459999999999999,0.03204163957519447,0.727,0.764,5000,0.702,0.042110964526276676,0.676,0.726,5000,0.044000000000000004,0.05378971401051818,0.008999999999999998,0.07200000000000002,5000,0.6308422138709575,0.03441919629121204,0.6119747563909798,0.6520631683600077,5000,0.6918772793016397,0.05036346302174084,0.6665456834008452,0.7234517015435965,5000,0.061035065430682135,0.07329361586736811,0.020193764832662366,0.10438851812069767,5000,0.5219999999999999,0.026894857005259093,0.5049999999999999,0.5365,5000,0.5095,0.031837259792750885,0.491,0.5290000000000001,5000,0.019000000000000006,0.06367451958550174,-0.018000000000000006,0.05800000000000001,5000,0.5469999999999999,0.2478821404529894,0.388,0.683,5000,0.5279999999999999,0.21175457492106278,0.38899999999999996,0.634,5000,0.0,0.0,0.0,0.0,5000,0.0,0.0,0.0,0.0,5000,sample_sd,95% percentile bootstrap over simulator_seeds_within_fixed_target,simulator_seeds_within_fixed_target,5000
MNIST_QNN_eff_su2_r1_d2_s45,eff_su2_r1_d2,45,low_risk_anchor,eff_su2,1,2,noisy_shot,512,loss,ibm_kingston,True,10,0.7459999999999999,0.03204163957519447,0.727,0.765,5000,0.702,0.042110964526276676,0.6759999999999999,0.726,5000,0.044000000000000004,0.05378971401051818,0.011999999999999988,0.07200000000000001,5000,0.6308422138709575,0.03441919629121204,0.6116139979270112,0.6521907065186883,5000,0.6918772793016397,0.05036346302174084,0.6667625096783625,0.725170488177333,5000,0.061035065430682135,0.07329361586736811,0.01960049518315352,0.10458792277624009,5000,0.5229499999999999,0.02532887022088957,0.50878,0.5385004999999998,5000,0.5225000000000001,0.033103373443402015,0.5025000000000001,0.5415,5000,0.045,0.066206746886804,0.0050000000000000044,0.08299999999999999,5000,0.5,0.1491457154746473,0.41200000000000003,0.588,5000,0.45499999999999996,0.1499073788117924,0.366,0.542,5000,0.054000000000000006,0.020110804171997808,0.043,0.06699999999999999,5000,0.118,0.02820559440174157,0.101,0.13499999999999998,5000,sample_sd,95% percentile bootstrap over simulator_seeds_within_fixed_target,simulator_seeds_within_fixed_target,5000
MNIST_QNN_eff_su2_r1_d2_s45,eff_su2_r1_d2,45,low_risk_anchor,eff_su2,1,2,noisy_shot,1024,confidence,ibm_kingston,True,10,0.754,0.028751811537130457,0.7369999999999999,0.7700000000000001,5000,0.736,0.0295145914949049,0.719,0.754,5000,0.018000000000000016,0.036453928305312876,-0.0030000000000000027,0.040000000000000036,5000,0.5888044116059319,0.02793161586860417,0.5725601444098634,0.6046114936423022,5000,0.6386996986237354,0.02078176441737985,0.6265745296737761,0.6512722756782431,5000,0.049895287017803644,0.039595723545124556,0.025754143866628908,0.07246276906747369,5000,0.49267000000000005,0.013028946405770672,0.48485975000000003,0.5002599999999999,5000,0.48200000000000004,0.023475755815545337,0.4685,0.496,5000,-0.03600000000000001,0.046951511631090695,-0.06400000000000002,-0.008000000000000018,5000,0.43,0.10790942704159098,0.37099999999999994,0.497,5000,0.466,0.10823841996054615,0.403,0.532,5000,0.05,0.021081851067789197,0.03799999999999999,0.06200000000000001,5000,0.088,0.030477678535099896,0.071,0.10600000000000001,5000,sample_sd,95% percentile bootstrap over simulator_seeds_within_fixed_target,simulator_seeds_within_fixed_target,5000
MNIST_QNN_eff_su2_r1_d2_s45,eff_su2_r1_d2,45,low_risk_anchor,eff_su2,1,2,noisy_shot,1024,correctness,ibm_kingston,True,10,0.754,0.028751811537130457,0.7369999999999999,0.7700000000000001,5000,0.736,0.0295145914949049,0.719,0.754,5000,0.018000000000000016,0.036453928305312876,-0.0030000000000000027,0.040000000000000036,5000,0.5888044116059319,0.02793161586860417,0.5722291088179685,0.6054528400970157,5000,0.6386996986237354,0.02078176441737985,0.6268085069127963,0.6509678912973498,5000,0.049895287017803644,0.039595723545124556,0.026148944394395246,0.07135910165489186,5000,0.509,0.018226964152656438,0.49899999999999994,0.5205,5000,0.48999999999999994,0.022110831935702686,0.479,0.5045,5000,-0.019999999999999997,0.04422166387140535,-0.04200000000000001,0.008000000000000016,5000,0.437,0.2310387172940693,0.298,0.571,5000,0.457,0.1982731000973713,0.33599999999999997,0.569,5000,0.0,0.0,0.0,0.0,5000,0.0,0.0,0.0,0.0,5000,sample_sd,95% percentile bootstrap over simulator_seeds_within_fixed_target,simulator_seeds_within_fixed_target,5000
MNIST_QNN_eff_su2_r1_d2_s45,eff_su2_r1_d2,45,low_risk_anchor,eff_su2,1,2,noisy_shot,1024,loss,ibm_kingston,True,10,0.754,0.028751811537130457,0.7369749999999999,0.7700000000000001,5000,0.736,0.0295145914949049,0.719,0.754,5000,0.018000000000000016,0.036453928305312876,-0.0030000000000000027,0.040000000000000036,5000,0.5888044116059319,0.02793161586860417,0.572246141171921,0.6048711305146571,5000,0.6386996986237354,0.02078176441737985,0.6264665119532612,0.6511012304862612,5000,0.049895287017803644,0.039595723545124556,0.026077292502636566,0.07176063640154894,5000,0.50844,0.015565717315805121,0.4992295,0.5175702500000001,5000,0.48699999999999993,0.03607091780245009,0.46699999999999997,0.5090000000000001,5000,-0.026000000000000013,0.0721418356049002,-0.06602500000000003,0.01899999999999999,5000,0.5229999999999999,0.10446158251827424,0.46299999999999997,0.586,5000,0.549,0.11873874215642041,0.48600000000000004,0.625,5000,0.05,0.021081851067789197,0.037,0.06200000000000001,5000,0.088,0.030477678535099896,0.06999999999999999,0.10600000000000001,5000,sample_sd,95% percentile bootstrap over simulator_seeds_within_fixed_target,simulator_seeds_within_fixed_target,5000
MNIST_QNN_eff_su2_r5_d2_s43,eff_su2_r5_d2,43,corrected_eff_su2_repetition_control,eff_su2,5,2,exact,0,confidence,none,False,1,0.88,,,,0,0.8,,,,0,0.07999999999999996,,,,0,0.32673266965546643,,,,0,0.5894482196221361,,,,0,0.2627155499666697,,,,0,0.5036,,,,0,0.435,,,,0,-0.13,,,,0,0.48,,,,0,0.61,,,,0,0.03,,,,0,0.14,,,,0,sample_sd,none_single_replicate,none,0
MNIST_QNN_eff_su2_r5_d2_s43,eff_su2_r5_d2,43,corrected_eff_su2_repetition_control,eff_su2,5,2,exact,0,correctness,none,False,1,0.88,,,,0,0.8,,,,0,0.07999999999999996,,,,0,0.32673266965546643,,,,0,0.5894482196221361,,,,0,0.2627155499666697,,,,0,0.54,,,,0,0.54,,,,0,0.07999999999999996,,,,0,0.88,,,,0,0.8,,,,0,0.0,,,,0,0.0,,,,0,sample_sd,none_single_replicate,none,0
MNIST_QNN_eff_su2_r5_d2_s43,eff_su2_r5_d2,43,corrected_eff_su2_repetition_control,eff_su2,5,2,exact,0,loss,none,False,1,0.88,,,,0,0.8,,,,0,0.07999999999999996,,,,0,0.32673266965546643,,,,0,0.5894482196221361,,,,0,0.2627155499666697,,,,0,0.5435,,,,0,0.515,,,,0,0.030000000000000027,,,,0,0.77,,,,0,0.74,,,,0,0.03,,,,0,0.15,,,,0,sample_sd,none_single_replicate,none,0
MNIST_QNN_eff_su2_r5_d2_s43,eff_su2_r5_d2,43,corrected_eff_su2_repetition_control,eff_su2,5,2,ideal_shot,128,confidence,ibm_kingston,False,10,0.756,0.03864367132317187,0.734,0.779,5000,0.705,0.02718251071716683,0.691,0.723,5000,0.05100000000000003,0.05445691467165175,0.019000000000000006,0.08200000000000006,5000,0.5786159421090507,0.08124833659104984,0.532357325342162,0.6298425779112694,5000,0.8611124258715372,0.05746866476467618,0.8267572902499496,0.8923411721172212,5000,0.28249648376248665,0.10142573413727843,0.2217424537000257,0.3392213727945194,5000,0.5082700000000001,0.03358680461795143,0.4883890000000001,0.52735025,5000,0.5135,0.017004901254246287,0.5029999999999999,0.5229999999999999,5000,0.027000000000000003,0.034009802508492545,0.006000000000000015,0.046,5000,0.386,0.2045156880698072,0.266,0.502,5000,0.359,0.2089896329167231,0.231,0.48,5000,0.065,0.030276503540974917,0.047,0.082,5000,0.11200000000000002,0.04237399621885521,0.08600000000000001,0.136,5000,sample_sd,95% percentile bootstrap over simulator_seeds_within_fixed_target,simulator_seeds_within_fixed_target,5000
MNIST_QNN_eff_su2_r5_d2_s43,eff_su2_r5_d2,43,corrected_eff_su2_repetition_control,eff_su2,5,2,ideal_shot,128,correctness,ibm_kingston,False,10,0.756,0.03864367132317187,0.734,0.7790000000000001,5000,0.705,0.02718251071716683,0.691,0.7229999999999999,5000,0.05100000000000003,0.05445691467165175,0.019000000000000017,0.08200000000000006,5000,0.5786159421090507,0.08124833659104984,0.5326077789743001,0.6291887379196993,5000,0.8611124258715372,0.05746866476467618,0.826169290620576,0.892585293616169,5000,0.28249648376248665,0.10142573413727843,0.2225079911436301,0.33977539458214756,5000,0.5255000000000001,0.027228457335825868,0.51,0.5414999999999999,5000,0.5165,0.03582751890811186,0.49499999999999994,0.538,5000,0.03300000000000004,0.07165503781622369,-0.009999999999999964,0.07500000000000007,5000,0.553,0.2852698527515463,0.377975,0.709,5000,0.52,0.23199616855073754,0.36899999999999994,0.642,5000,0.0,0.0,0.0,0.0,5000,0.0,0.0,0.0,0.0,5000,sample_sd,95% percentile bootstrap over simulator_seeds_within_fixed_target,simulator_seeds_within_fixed_target,5000
MNIST_QNN_eff_su2_r5_d2_s43,eff_su2_r5_d2,43,corrected_eff_su2_repetition_control,eff_su2,5,2,ideal_shot,128,loss,ibm_kingston,False,10,0.756,0.03864367132317187,0.734,0.7780000000000001,5000,0.705,0.02718251071716683,0.691,0.723,5000,0.05100000000000003,0.05445691467165175,0.018000000000000016,0.08300000000000005,5000,0.5786159421090507,0.08124833659104984,0.533246019402859,0.6281865838372825,5000,0.8611124258715372,0.05746866476467618,0.8267067452965656,0.8932607226365525,5000,0.28249648376248665,0.10142573413727843,0.2230592203128765,0.34128562752204106,5000,0.54667,0.02916996362318228,0.52939975,0.56364125,5000,0.523,0.026583202716502538,0.5069999999999999,0.538,5000,0.046,0.05316640543300501,0.013000000000000017,0.07599999999999998,5000,0.608,0.1403012631605448,0.5289999999999999,0.6890249999999998,5000,0.562,0.13546627296530717,0.48500000000000004,0.644,5000,0.066,0.029514591494904877,0.048,0.08202499999999965,5000,0.121,0.04148627617792553,0.095,0.14300000000000002,5000,sample_sd,95% percentile bootstrap over simulator_seeds_within_fixed_target,simulator_seeds_within_fixed_target,5000
MNIST_QNN_eff_su2_r5_d2_s43,eff_su2_r5_d2,43,corrected_eff_su2_repetition_control,eff_su2,5,2,ideal_shot,512,confidence,ibm_kingston,False,10,0.8370000000000001,0.0216281709300111,0.825,0.85,5000,0.78,0.02905932629027116,0.764,0.798,5000,0.056999999999999974,0.042439499421071274,0.030999999999999993,0.07999999999999999,5000,0.39675491287225306,0.034258364004498325,0.3752233235599094,0.41540976603422597,5000,0.6582718906830124,0.039377328822073634,0.6354454715092154,0.6810260407290087,5000,0.2615169778107593,0.04840655644295922,0.23128646981205273,0.2883115406598883,5000,0.5058800000000001,0.01558573421790299,0.49677000000000004,0.5152804999999999,5000,0.49049999999999994,0.02823020447046826,0.475,0.5085,5000,-0.019000000000000017,0.056460408940936464,-0.050000000000000044,0.01499999999999999,5000,0.572,0.13733980567272627,0.49000000000000005,0.6519999999999999,5000,0.591,0.14224001624796806,0.505,0.6759999999999999,5000,0.05800000000000001,0.028596814119369623,0.041999999999999996,0.075,5000,0.11000000000000003,0.024944382578492946,0.095,0.12400000000000003,5000,sample_sd,95% percentile bootstrap over simulator_seeds_within_fixed_target,simulator_seeds_within_fixed_target,5000
MNIST_QNN_eff_su2_r5_d2_s43,eff_su2_r5_d2,43,corrected_eff_su2_repetition_control,eff_su2,5,2,ideal_shot,512,correctness,ibm_kingston,False,10,0.8370000000000001,0.0216281709300111,0.8240000000000001,0.85,5000,0.78,0.02905932629027116,0.7630000000000001,0.7970000000000002,5000,0.056999999999999974,0.042439499421071274,0.030999999999999993,0.07999999999999997,5000,0.39675491287225306,0.034258364004498325,0.37562267620288475,0.4157460440189306,5000,0.6582718906830124,0.039377328822073634,0.635080141995469,0.6813491905401744,5000,0.2615169778107593,0.04840655644295922,0.23095435842572926,0.28811422894062294,5000,0.5285,0.02121974971053563,0.515,0.5405,5000,0.5195,0.03174989063848184,0.5005,0.5375,5000,0.03899999999999997,0.06349978127696364,0.002974999999999978,0.07499999999999997,5000,0.6639999999999999,0.2726087958147271,0.496975,0.8099999999999999,5000,0.625,0.21614038647755457,0.48900000000000005,0.74,5000,0.0,0.0,0.0,0.0,5000,0.0,0.0,0.0,0.0,5000,sample_sd,95% percentile bootstrap over simulator_seeds_within_fixed_target,simulator_seeds_within_fixed_target,5000
MNIST_QNN_eff_su2_r5_d2_s43,eff_su2_r5_d2,43,corrected_eff_su2_repetition_control,eff_su2,5,2,ideal_shot,512,loss,ibm_kingston,False,10,0.8370000000000001,0.0216281709300111,0.825,0.8499999999999999,5000,0.78,0.02905932629027116,0.764,0.798,5000,0.056999999999999974,0.042439499421071274,0.030999999999999982,0.07999999999999999,5000,0.39675491287225306,0.034258364004498325,0.37501965894022743,0.4152668903972237,5000,0.6582718906830124,0.039377328822073634,0.6352260536335526,0.680463932178546,5000,0.2615169778107593,0.04840655644295922,0.2303516248720325,0.28829129266907205,5000,0.54488,0.016713321366835225,0.5356200000000001,0.5551007499999999,5000,0.5265000000000001,0.02108843811718218,0.5144875,0.5389999999999999,5000,0.05299999999999998,0.042176876234364356,0.029000000000000005,0.077,5000,0.663,0.06395310782127792,0.624,0.7,5000,0.61,0.08393118874676113,0.563,0.659,5000,0.061,0.02726414006223804,0.046,0.077,5000,0.12799999999999997,0.031552425509864625,0.10800000000000003,0.146,5000,sample_sd,95% percentile bootstrap over simulator_seeds_within_fixed_target,simulator_seeds_within_fixed_target,5000
MNIST_QNN_eff_su2_r5_d2_s43,eff_su2_r5_d2,43,corrected_eff_su2_repetition_control,eff_su2,5,2,ideal_shot,1024,confidence,ibm_kingston,False,10,0.859,0.020789954839350252,0.8469999999999999,0.8710000000000001,5000,0.789,0.015951314818673852,0.7809999999999999,0.799,5000,0.06999999999999997,0.031972210155418145,0.049999999999999975,0.08899999999999997,5000,0.35840446451099706,0.02152585589085222,0.34597093445512983,0.37046343315246816,5000,0.6188007833184674,0.03110426108658927,0.6002861971909543,0.6372109076513369,5000,0.2603963188074704,0.03771928733221844,0.23685747842538402,0.2805797975777728,5000,0.50545,0.017117973010844494,0.4954395,0.5155605,5000,0.48250000000000004,0.033767999315591324,0.46399999999999997,0.504,5000,-0.03500000000000001,0.0675359986311827,-0.07400000000000001,0.006999999999999995,5000,0.5,0.17352553446427157,0.4,0.6,5000,0.535,0.14630637564903165,0.446,0.622,5000,0.044,0.01837873166945363,0.033999999999999996,0.05500000000000001,5000,0.09300000000000001,0.031640339933558095,0.074,0.11100000000000002,5000,sample_sd,95% percentile bootstrap over simulator_seeds_within_fixed_target,simulator_seeds_within_fixed_target,5000
MNIST_QNN_eff_su2_r5_d2_s43,eff_su2_r5_d2,43,corrected_eff_su2_repetition_control,eff_su2,5,2,ideal_shot,1024,correctness,ibm_kingston,False,10,0.859,0.020789954839350252,0.8469999999999999,0.8719999999999999,5000,0.789,0.015951314818673852,0.78,0.799,5000,0.06999999999999997,0.031972210155418145,0.050999999999999955,0.08799999999999998,5000,0.35840446451099706,0.02152585589085222,0.34583197275921523,0.3707905029086807,5000,0.6188007833184674,0.03110426108658927,0.6009230347745833,0.6375819111139382,5000,0.2603963188074704,0.03771928733221844,0.23648468319788515,0.28082363450858605,5000,0.5349999999999999,0.01598610507770908,0.5259999999999999,0.5445,5000,0.5305000000000001,0.023973364849812454,0.5155000000000001,0.5435,5000,0.060999999999999964,0.047946729699624865,0.030999999999999972,0.08599999999999998,5000,0.8069999999999998,0.12815355372885034,0.727,0.868,5000,0.7460000000000001,0.08604908160140029,0.6839999999999999,0.784,5000,0.0,0.0,0.0,0.0,5000,0.0,0.0,0.0,0.0,5000,sample_sd,95% percentile bootstrap over simulator_seeds_within_fixed_target,simulator_seeds_within_fixed_target,5000
MNIST_QNN_eff_su2_r5_d2_s43,eff_su2_r5_d2,43,corrected_eff_su2_repetition_control,eff_su2,5,2,ideal_shot,1024,loss,ibm_kingston,False,10,0.859,0.020789954839350252,0.8470000000000001,0.8719999999999999,5000,0.789,0.015951314818673852,0.78,0.799,5000,0.06999999999999997,0.031972210155418145,0.05099999999999995,0.08899999999999997,5000,0.35840446451099706,0.02152585589085222,0.3455088229496552,0.37114261609472265,5000,0.6188007833184674,0.03110426108658927,0.6006055396268755,0.6372348504229128,5000,0.2603963188074704,0.03771928733221844,0.23600358619031717,0.2805143230093563,5000,0.5437700000000001,0.0103557874318341,0.5382997500000001,0.55038025,5000,0.523,0.019888578520235067,0.5115000000000001,0.5345000000000001,5000,0.046,0.03977715704047013,0.02300000000000001,0.07,5000,0.6829999999999999,0.12596736790843005,0.616,0.763,5000,0.637,0.13030306553910728,0.5589999999999999,0.7150000000000001,5000,0.052000000000000005,0.020439612955674525,0.04,0.06400000000000002,5000,0.10400000000000001,0.03272783388968954,0.08300000000000002,0.12200000000000003,5000,sample_sd,95% percentile bootstrap over simulator_seeds_within_fixed_target,simulator_seeds_within_fixed_target,5000
MNIST_QNN_eff_su2_r5_d2_s43,eff_su2_r5_d2,43,corrected_eff_su2_repetition_control,eff_su2,5,2,noisy_shot,128,confidence,ibm_kingston,True,10,0.6950000000000001,0.03064129385141704,0.6769999999999999,0.712,5000,0.6529999999999999,0.05121848624601604,0.623,0.683,5000,0.041999999999999996,0.05533734925185901,0.007999999999999997,0.07299999999999998,5000,0.7422889732491021,0.10367937662788254,0.6813211343280735,0.8024646372986415,5000,0.9085675498887866,0.10164999727988074,0.8523897043231486,0.9702551063850764,5000,0.16627857663968462,0.14077096693189117,0.0819341847882835,0.24808016295980254,5000,0.49867,0.04331884501384282,0.47452949999999994,0.5251702500000001,5000,0.49250000000000005,0.034980153103025616,0.47300000000000003,0.514,5000,-0.014999999999999994,0.06996030620605118,-0.053000000000000005,0.027000000000000007,5000,0.49700000000000005,0.19630192165244956,0.382,0.6140249999999997,5000,0.512,0.19360899887258454,0.40099999999999997,0.6260000000000001,5000,0.051000000000000004,0.025144029554194813,0.036,0.06500000000000002,5000,0.094,0.04376706016578627,0.07,0.122,5000,sample_sd,95% percentile bootstrap over simulator_seeds_within_fixed_target,simulator_seeds_within_fixed_target,5000
MNIST_QNN_eff_su2_r5_d2_s43,eff_su2_r5_d2,43,corrected_eff_su2_repetition_control,eff_su2,5,2,noisy_shot,128,correctness,ibm_kingston,True,10,0.6950000000000001,0.03064129385141704,0.6759999999999999,0.7129999999999999,5000,0.6529999999999999,0.05121848624601604,0.623,0.683,5000,0.041999999999999996,0.05533734925185901,0.008000000000000018,0.07299999999999997,5000,0.7422889732491021,0.10367937662788254,0.6841426752668142,0.8035015335560662,5000,0.9085675498887866,0.10164999727988074,0.8512658511746148,0.9704601302248734,5000,0.16627857663968462,0.14077096693189117,0.08290795392286146,0.24456049197830976,5000,0.521,0.02766867462592951,0.5045000000000001,0.536,5000,0.5205,0.025652593544426568,0.5049999999999999,0.5350124999999999,5000,0.040999999999999995,0.05130518708885313,0.011,0.06999999999999999,5000,0.484,0.3167964646267379,0.29200000000000004,0.6450249999999996,5000,0.44299999999999995,0.2768894685208843,0.269,0.5979999999999999,5000,0.0,0.0,0.0,0.0,5000,0.0,0.0,0.0,0.0,5000,sample_sd,95% percentile bootstrap over simulator_seeds_within_fixed_target,simulator_seeds_within_fixed_target,5000
MNIST_QNN_eff_su2_r5_d2_s43,eff_su2_r5_d2,43,corrected_eff_su2_repetition_control,eff_su2,5,2,noisy_shot,128,loss,ibm_kingston,True,10,0.6950000000000001,0.03064129385141704,0.6769999999999999,0.7129999999999999,5000,0.6529999999999999,0.05121848624601604,0.623,0.6839999999999999,5000,0.041999999999999996,0.05533734925185901,0.008999999999999985,0.07399999999999998,5000,0.7422889732491021,0.10367937662788254,0.6812156968848758,0.8024725960490825,5000,0.9085675498887866,0.10164999727988074,0.8496117256291629,0.9685605697005777,5000,0.16627857663968462,0.14077096693189117,0.08197556621639925,0.2461097818485038,5000,0.52713,0.03810439023991272,0.5050790000000001,0.5503005,5000,0.522,0.03720812336633555,0.49800000000000005,0.5425000000000001,5000,0.044,0.07441624673267108,-0.0020000000000000183,0.086,5000,0.5960000000000001,0.15707040176656806,0.504,0.692,5000,0.5519999999999999,0.16962704186931202,0.45099999999999996,0.653,5000,0.05700000000000001,0.031287200080686174,0.039,0.075,5000,0.11200000000000002,0.04341018825626589,0.088,0.139,5000,sample_sd,95% percentile bootstrap over simulator_seeds_within_fixed_target,simulator_seeds_within_fixed_target,5000
MNIST_QNN_eff_su2_r5_d2_s43,eff_su2_r5_d2,43,corrected_eff_su2_repetition_control,eff_su2,5,2,noisy_shot,512,confidence,ibm_kingston,True,10,0.8149999999999998,0.02758824226207806,0.799,0.8310000000000001,5000,0.765,0.02415229457698242,0.751,0.779,5000,0.04999999999999999,0.04,0.02599999999999999,0.07200000000000001,5000,0.48360332709451914,0.03414676326213751,0.4625624293099914,0.5027125367739543,5000,0.6584875328493072,0.036681031158169425,0.635956672038592,0.679629322141863,5000,0.17488420575478814,0.03784047767711486,0.15241745285397915,0.19756741291431976,5000,0.49108,0.028346577296817423,0.4749,0.5079010000000002,5000,0.4884999999999999,0.03644249656041084,0.46799999999999997,0.5105000000000001,5000,-0.02300000000000001,0.07288499312082167,-0.06399999999999997,0.02099999999999999,5000,0.487,0.25923177102953854,0.33997499999999997,0.643,5000,0.51,0.22612680808195507,0.37900000000000006,0.6410249999999996,5000,0.05100000000000001,0.01728840330651992,0.040999999999999995,0.06100000000000001,5000,0.11200000000000002,0.03425395354310701,0.091,0.13199999999999998,5000,sample_sd,95% percentile bootstrap over simulator_seeds_within_fixed_target,simulator_seeds_within_fixed_target,5000
MNIST_QNN_eff_su2_r5_d2_s43,eff_su2_r5_d2,43,corrected_eff_su2_repetition_control,eff_su2,5,2,noisy_shot,512,correctness,ibm_kingston,True,10,0.8149999999999998,0.02758824226207806,0.799,0.8310000000000001,5000,0.765,0.02415229457698242,0.751,0.7790000000000001,5000,0.04999999999999999,0.04,0.02599999999999999,0.07299999999999998,5000,0.48360332709451914,0.03414676326213751,0.4637047492540384,0.5033746043834062,5000,0.6584875328493072,0.036681031158169425,0.6366988290165886,0.6788332492673275,5000,0.17488420575478814,0.03784047767711486,0.15304598465780148,0.19747609689531234,5000,0.5250000000000001,0.020000000000000007,0.513,0.5369999999999999,5000,0.52,0.02581988897471611,0.5045000000000001,0.5345000000000001,5000,0.039999999999999994,0.05163977794943222,0.009,0.068,5000,0.683,0.2593603242166731,0.515,0.8180000000000002,5000,0.643,0.2168998744940982,0.5030000000000001,0.7510000000000001,5000,0.0,0.0,0.0,0.0,5000,0.0,0.0,0.0,0.0,5000,sample_sd,95% percentile bootstrap over simulator_seeds_within_fixed_target,simulator_seeds_within_fixed_target,5000
MNIST_QNN_eff_su2_r5_d2_s43,eff_su2_r5_d2,43,corrected_eff_su2_repetition_control,eff_su2,5,2,noisy_shot,512,loss,ibm_kingston,True,10,0.8149999999999998,0.02758824226207806,0.799,0.8310000000000001,5000,0.765,0.02415229457698242,0.7500000000000001,0.779,5000,0.04999999999999999,0.04,0.02599999999999999,0.073,5000,0.48360332709451914,0.03414676326213751,0.46367405592165306,0.5032214251940822,5000,0.6584875328493072,0.036681031158169425,0.6366895702439476,0.6794333286465378,5000,0.17488420575478814,0.03784047767711486,0.15353094617929602,0.19791008062499899,5000,0.5250900000000001,0.02007936751991953,0.5135285,0.53713,5000,0.5139999999999999,0.03642343567906063,0.49300000000000005,0.535,5000,0.028000000000000004,0.07284687135812126,-0.015000000000000008,0.07100000000000002,5000,0.673,0.17172652678022696,0.573,0.7709999999999999,5000,0.645,0.14041604846550365,0.563975,0.728,5000,0.063,0.02496664441476534,0.048,0.07799999999999999,5000,0.12000000000000002,0.03333333333333333,0.10000000000000002,0.13899999999999998,5000,sample_sd,95% percentile bootstrap over simulator_seeds_within_fixed_target,simulator_seeds_within_fixed_target,5000
MNIST_QNN_eff_su2_r5_d2_s43,eff_su2_r5_d2,43,corrected_eff_su2_repetition_control,eff_su2,5,2,noisy_shot,1024,confidence,ibm_kingston,True,10,0.837,0.02451756739791104,0.8220000000000001,0.85,5000,0.777,0.019465068427541928,0.765,0.788,5000,0.05999999999999996,0.0339934634239519,0.038999999999999965,0.07899999999999996,5000,0.438016195766395,0.02063794110682317,0.42565251758745576,0.449443335845662,5000,0.6328841550904325,0.033121098532678035,0.6136235725506151,0.6516898761877441,5000,0.19486795932403764,0.032228677767276684,0.17552841621538967,0.21185257362074916,5000,0.49154,0.016397777627200315,0.48175,0.50085025,5000,0.47000000000000003,0.024037008503093257,0.45549999999999996,0.484,5000,-0.059999999999999984,0.048074017006186534,-0.088,-0.03299999999999998,5000,0.44700000000000006,0.14787757699454565,0.364,0.5369999999999999,5000,0.507,0.1450708639098684,0.42299999999999993,0.5880000000000001,5000,0.05500000000000001,0.01957890020745122,0.043000000000000003,0.06602499999999965,5000,0.094,0.0211869981094276,0.08199999999999999,0.10700000000000001,5000,sample_sd,95% percentile bootstrap over simulator_seeds_within_fixed_target,simulator_seeds_within_fixed_target,5000
MNIST_QNN_eff_su2_r5_d2_s43,eff_su2_r5_d2,43,corrected_eff_su2_repetition_control,eff_su2,5,2,noisy_shot,1024,correctness,ibm_kingston,True,10,0.837,0.02451756739791104,0.8220000000000001,0.851,5000,0.777,0.019465068427541928,0.766,0.788,5000,0.05999999999999996,0.0339934634239519,0.03899999999999996,0.07899999999999997,5000,0.438016195766395,0.02063794110682317,0.42575842517000273,0.4497704315968672,5000,0.6328841550904325,0.033121098532678035,0.6130400970037038,0.6517148532674589,5000,0.19486795932403764,0.032228677767276684,0.17387796605899636,0.21171810658442844,5000,0.53,0.016996731711975962,0.5199874999999999,0.5395000000000001,5000,0.5225000000000002,0.02637865298557404,0.5065000000000001,0.5365,5000,0.04499999999999998,0.05275730597114803,0.01399999999999998,0.07499999999999997,5000,0.75,0.16041612554021287,0.647975,0.8340249999999996,5000,0.705,0.11147994338793762,0.633,0.764,5000,0.0,0.0,0.0,0.0,5000,0.0,0.0,0.0,0.0,5000,sample_sd,95% percentile bootstrap over simulator_seeds_within_fixed_target,simulator_seeds_within_fixed_target,5000
MNIST_QNN_eff_su2_r5_d2_s43,eff_su2_r5_d2,43,corrected_eff_su2_repetition_control,eff_su2,5,2,noisy_shot,1024,loss,ibm_kingston,True,10,0.837,0.02451756739791104,0.8220000000000001,0.851,5000,0.777,0.019465068427541928,0.765,0.788,5000,0.05999999999999996,0.0339934634239519,0.038999999999999965,0.07899999999999996,5000,0.438016195766395,0.02063794110682317,0.42509841530364356,0.44944140613743216,5000,0.6328841550904325,0.033121098532678035,0.6133730875353504,0.6519703431823175,5000,0.19486795932403764,0.032228677767276684,0.17442615298371816,0.21196236196374518,5000,0.53024,0.009033542433004303,0.52503,0.5353505,5000,0.5235000000000001,0.02953811097548386,0.5065,0.5405,5000,0.046999999999999986,0.059076221950967706,0.012,0.08199999999999999,5000,0.7390000000000001,0.17922363435415295,0.626,0.836,5000,0.692,0.14038043548396148,0.6040000000000001,0.765,5000,0.06200000000000001,0.017511900715418263,0.052000000000000005,0.07200000000000002,5000,0.101,0.019119507199599983,0.09,0.11200000000000002,5000,sample_sd,95% percentile bootstrap over simulator_seeds_within_fixed_target,simulator_seeds_within_fixed_target,5000
MNIST_QNN_eff_su2_r5_d2_s44,eff_su2_r5_d2,44,corrected_eff_su2_repetition_control,eff_su2,5,2,exact,0,confidence,none,False,1,0.86,,,,0,0.79,,,,0,0.06999999999999995,,,,0,0.34802537493931596,,,,0,0.6353985967527842,,,,0,0.28737322181346825,,,,0,0.5185,,,,0,0.54,,,,0,0.08000000000000002,,,,0,0.46,,,,0,0.38,,,,0,0.06,,,,0,0.08,,,,0,sample_sd,none_single_replicate,none,0
MNIST_QNN_eff_su2_r5_d2_s44,eff_su2_r5_d2,44,corrected_eff_su2_repetition_control,eff_su2,5,2,exact,0,correctness,none,False,1,0.86,,,,0,0.79,,,,0,0.06999999999999995,,,,0,0.34802537493931596,,,,0,0.6353985967527842,,,,0,0.28737322181346825,,,,0,0.5349999999999999,,,,0,0.535,,,,0,0.06999999999999995,,,,0,0.86,,,,0,0.79,,,,0,0.0,,,,0,0.0,,,,0,sample_sd,none_single_replicate,none,0
MNIST_QNN_eff_su2_r5_d2_s44,eff_su2_r5_d2,44,corrected_eff_su2_repetition_control,eff_su2,5,2,exact,0,loss,none,False,1,0.86,,,,0,0.79,,,,0,0.06999999999999995,,,,0,0.34802537493931596,,,,0,0.6353985967527842,,,,0,0.28737322181346825,,,,0,0.569,,,,0,0.51,,,,0,0.020000000000000018,,,,0,0.55,,,,0,0.53,,,,0,0.08,,,,0,0.09,,,,0,sample_sd,none_single_replicate,none,0
MNIST_QNN_eff_su2_r5_d2_s44,eff_su2_r5_d2,44,corrected_eff_su2_repetition_control,eff_su2,5,2,ideal_shot,128,confidence,ibm_kingston,False,10,0.7529999999999999,0.04083843505544475,0.7299999999999999,0.7779999999999999,5000,0.6890000000000001,0.020248456731316554,0.6769999999999999,0.701,5000,0.064,0.04903513479582211,0.03500000000000001,0.093,5000,0.5973957462419319,0.08240577031866611,0.5509537290212564,0.6515296363630403,5000,0.8440254351800978,0.05654821995156401,0.8115585208309901,0.8788904027364031,5000,0.24662968893816578,0.06817162303636046,0.20361408300983444,0.2835226266355821,5000,0.5031999999999999,0.027020609418244676,0.4869297500000001,0.5190512499999999,5000,0.5,0.029999999999999992,0.48200000000000004,0.5185,5000,0.0,0.059999999999999984,-0.03402499999999999,0.03399999999999999,5000,0.44399999999999995,0.12685950233755977,0.368975,0.516,5000,0.44400000000000006,0.1199259030494339,0.37,0.506,5000,0.059,0.025582111805799855,0.043000000000000003,0.07300000000000001,5000,0.10800000000000001,0.046619023298792236,0.08,0.134,5000,sample_sd,95% percentile bootstrap over simulator_seeds_within_fixed_target,simulator_seeds_within_fixed_target,5000
MNIST_QNN_eff_su2_r5_d2_s44,eff_su2_r5_d2,44,corrected_eff_su2_repetition_control,eff_su2,5,2,ideal_shot,128,correctness,ibm_kingston,False,10,0.7529999999999999,0.04083843505544475,0.73,0.7779999999999999,5000,0.6890000000000001,0.020248456731316554,0.677,0.701,5000,0.064,0.04903513479582211,0.034999999999999996,0.09200000000000001,5000,0.5973957462419319,0.08240577031866611,0.5531619111594358,0.6486762438299055,5000,0.8440254351800978,0.05654821995156401,0.8120146566523083,0.8773979928863408,5000,0.24662968893816578,0.06817162303636046,0.20471727781161958,0.28378807608280926,5000,0.532,0.02451756739791107,0.5175000000000001,0.5465000000000001,5000,0.5195000000000001,0.04058256330549421,0.49450000000000005,0.5425000000000001,5000,0.039,0.0811651266109884,-0.009000000000000013,0.08499999999999999,5000,0.641,0.19919002652408746,0.5149999999999999,0.7449999999999999,5000,0.6020000000000001,0.12263767773404714,0.52,0.664,5000,0.0,0.0,0.0,0.0,5000,0.0,0.0,0.0,0.0,5000,sample_sd,95% percentile bootstrap over simulator_seeds_within_fixed_target,simulator_seeds_within_fixed_target,5000
MNIST_QNN_eff_su2_r5_d2_s44,eff_su2_r5_d2,44,corrected_eff_su2_repetition_control,eff_su2,5,2,ideal_shot,128,loss,ibm_kingston,False,10,0.7529999999999999,0.04083843505544475,0.7300000000000001,0.777,5000,0.6890000000000001,0.020248456731316554,0.677,0.701,5000,0.064,0.04903513479582211,0.034975,0.092,5000,0.5973957462419319,0.08240577031866611,0.5526005677475584,0.6513633372528761,5000,0.8440254351800978,0.05654821995156401,0.8126345686924892,0.8779042381569306,5000,0.24662968893816578,0.06817162303636046,0.20338204665032608,0.2838200949975845,5000,0.5428799999999999,0.020322390498057945,0.5314592499999999,0.55528,5000,0.526,0.028848262031225088,0.509,0.542,5000,0.052000000000000005,0.057696524062450134,0.019000000000000017,0.086,5000,0.617,0.16014229783400624,0.518975,0.7060249999999997,5000,0.5649999999999998,0.1345155918265405,0.48200000000000004,0.6369999999999999,5000,0.069,0.025144029554194813,0.053000000000000005,0.08299999999999999,5000,0.119,0.030713731999438516,0.10200000000000001,0.138,5000,sample_sd,95% percentile bootstrap over simulator_seeds_within_fixed_target,simulator_seeds_within_fixed_target,5000
MNIST_QNN_eff_su2_r5_d2_s44,eff_su2_r5_d2,44,corrected_eff_su2_repetition_control,eff_su2,5,2,ideal_shot,512,confidence,ibm_kingston,False,10,0.8240000000000001,0.023190036174568097,0.8109999999999999,0.8379999999999999,5000,0.7440000000000001,0.013498971154211071,0.7360000000000001,0.752,5000,0.07999999999999999,0.027080128015453196,0.065,0.097,5000,0.4237572003375389,0.023927997124805003,0.4096870681667427,0.43704024062767377,5000,0.6813214238077999,0.028626298267198324,0.6659319872681518,0.7002078680377579,5000,0.2575642234702609,0.03455284744495329,0.23829611210523524,0.2786135698939254,5000,0.5200799999999999,0.020118195191859957,0.5078689999999999,0.53155075,5000,0.5235000000000001,0.026462762096534406,0.5075,0.5389999999999999,5000,0.047,0.05292552419306882,0.014999999999999996,0.077,5000,0.4619999999999999,0.15817009128712603,0.36900000000000005,0.5549999999999999,5000,0.4149999999999999,0.14879142747110427,0.326,0.5019999999999999,5000,0.06100000000000001,0.017919573407620817,0.051000000000000004,0.072,5000,0.11099999999999999,0.02558211180579986,0.097,0.12699999999999997,5000,sample_sd,95% percentile bootstrap over simulator_seeds_within_fixed_target,simulator_seeds_within_fixed_target,5000
MNIST_QNN_eff_su2_r5_d2_s44,eff_su2_r5_d2,44,corrected_eff_su2_repetition_control,eff_su2,5,2,ideal_shot,512,correctness,ibm_kingston,False,10,0.8240000000000001,0.023190036174568097,0.8109999999999999,0.8380000000000001,5000,0.7440000000000001,0.013498971154211071,0.7360000000000001,0.752,5000,0.07999999999999999,0.027080128015453196,0.065,0.09699999999999999,5000,0.4237572003375389,0.023927997124805003,0.40935284674735234,0.43739903942546443,5000,0.6813214238077999,0.028626298267198324,0.6662161495912284,0.6997023720479914,5000,0.2575642234702609,0.03455284744495329,0.23818252628755054,0.2785087613093385,5000,0.54,0.013540064007726619,0.5325000000000001,0.5485,5000,0.54,0.013540064007726609,0.5325000000000001,0.5485,5000,0.07999999999999999,0.027080128015453196,0.065,0.097,5000,0.8240000000000001,0.023190036174568097,0.8109999999999999,0.8379999999999999,5000,0.7440000000000001,0.013498971154211071,0.7360000000000001,0.752,5000,0.0,0.0,0.0,0.0,5000,0.0,0.0,0.0,0.0,5000,sample_sd,95% percentile bootstrap over simulator_seeds_within_fixed_target,simulator_seeds_within_fixed_target,5000
MNIST_QNN_eff_su2_r5_d2_s44,eff_su2_r5_d2,44,corrected_eff_su2_repetition_control,eff_su2,5,2,ideal_shot,512,loss,ibm_kingston,False,10,0.8240000000000001,0.023190036174568097,0.8100000000000002,0.8379999999999999,5000,0.7440000000000001,0.013498971154211071,0.7360000000000001,0.752,5000,0.07999999999999999,0.027080128015453196,0.065,0.09699999999999998,5000,0.4237572003375389,0.023927997124805003,0.4092040967305765,0.43749500422429294,5000,0.6813214238077999,0.028626298267198324,0.6659139981086881,0.6997550777798005,5000,0.2575642234702609,0.03455284744495329,0.23828877280944855,0.2791131745619059,5000,0.55887,0.010502597562296472,0.55257975,0.5647102500000001,5000,0.5315000000000001,0.01886354508922788,0.5209999999999999,0.5429999999999999,5000,0.06300000000000001,0.03772709017845575,0.042,0.086,5000,0.5980000000000001,0.17093208527885506,0.5010000000000001,0.701,5000,0.535,0.1814907405045472,0.433975,0.648,5000,0.07000000000000002,0.013333333333333332,0.06200000000000001,0.078,5000,0.12200000000000003,0.030477678535099896,0.10400000000000001,0.13999999999999999,5000,sample_sd,95% percentile bootstrap over simulator_seeds_within_fixed_target,simulator_seeds_within_fixed_target,5000
MNIST_QNN_eff_su2_r5_d2_s44,eff_su2_r5_d2,44,corrected_eff_su2_repetition_control,eff_su2,5,2,ideal_shot,1024,confidence,ibm_kingston,False,10,0.844,0.02458545188611437,0.8300000000000001,0.858,5000,0.76,0.016329931618554536,0.75,0.769,5000,0.08399999999999998,0.026749870196985173,0.06699999999999998,0.09799999999999998,5000,0.3761946208987647,0.01629674438067536,0.36713461244098217,0.38590848606621947,5000,0.6696042445652275,0.0149105069627806,0.6613949420221833,0.6784733275072699,5000,0.2934096236664627,0.013763201796159044,0.285991363793346,0.3018553842027176,5000,0.526805,0.01682957796394325,0.5165392499999999,0.53684575,5000,0.5085,0.024838366380348843,0.49449999999999994,0.5235000000000001,5000,0.017000000000000005,0.04967673276069773,-0.011,0.04702499999999966,5000,0.454,0.0683455273672763,0.413,0.495,5000,0.437,0.0797287066662107,0.389,0.483,5000,0.07100000000000001,0.015951314818673866,0.06300000000000001,0.081,5000,0.11299999999999999,0.02790858091857931,0.096,0.129,5000,sample_sd,95% percentile bootstrap over simulator_seeds_within_fixed_target,simulator_seeds_within_fixed_target,5000
MNIST_QNN_eff_su2_r5_d2_s44,eff_su2_r5_d2,44,corrected_eff_su2_repetition_control,eff_su2,5,2,ideal_shot,1024,correctness,ibm_kingston,False,10,0.844,0.02458545188611437,0.8300000000000001,0.859,5000,0.76,0.016329931618554536,0.75,0.769,5000,0.08399999999999998,0.026749870196985173,0.06799999999999998,0.09799999999999998,5000,0.3761946208987647,0.01629674438067536,0.36711126578114783,0.38584859768980717,5000,0.6696042445652275,0.0149105069627806,0.6610157285963043,0.6786340911360166,5000,0.2934096236664627,0.013763201796159044,0.2857139602642401,0.3021979077713364,5000,0.5419999999999999,0.013374935098492606,0.5335,0.5494999999999999,5000,0.538,0.024060109910158133,0.522,0.5494999999999999,5000,0.07599999999999998,0.04812021982031623,0.04399999999999998,0.09899999999999998,5000,0.808,0.1276105185493909,0.724,0.858,5000,0.732,0.08283853102404835,0.6779999999999999,0.7649999999999999,5000,0.0,0.0,0.0,0.0,5000,0.0,0.0,0.0,0.0,5000,sample_sd,95% percentile bootstrap over simulator_seeds_within_fixed_target,simulator_seeds_within_fixed_target,5000
MNIST_QNN_eff_su2_r5_d2_s44,eff_su2_r5_d2,44,corrected_eff_su2_repetition_control,eff_su2,5,2,ideal_shot,1024,loss,ibm_kingston,False,10,0.844,0.02458545188611437,0.8300000000000001,0.859,5000,0.76,0.016329931618554536,0.75,0.769,5000,0.08399999999999998,0.026749870196985173,0.06699999999999998,0.09799999999999998,5000,0.3761946208987647,0.01629674438067536,0.36704824389452806,0.3861170345900973,5000,0.6696042445652275,0.0149105069627806,0.6609821324434232,0.6788366684158246,5000,0.2934096236664627,0.013763201796159044,0.28563176320901834,0.301971494138151,5000,0.569855,0.010012282734499436,0.563754625,0.5753902500000001,5000,0.5285,0.031095730324989065,0.5115000000000001,0.5475,5000,0.05699999999999998,0.062191460649978145,0.022999999999999993,0.096,5000,0.619,0.07781031065639336,0.5740000000000001,0.6639999999999999,5000,0.562,0.10528268824666495,0.5,0.623,5000,0.07700000000000001,0.016363916944844768,0.06800000000000002,0.087,5000,0.125,0.028771127502720116,0.10800000000000001,0.14100000000000001,5000,sample_sd,95% percentile bootstrap over simulator_seeds_within_fixed_target,simulator_seeds_within_fixed_target,5000
MNIST_QNN_eff_su2_r5_d2_s44,eff_su2_r5_d2,44,corrected_eff_su2_repetition_control,eff_su2,5,2,noisy_shot,128,confidence,ibm_kingston,True,10,0.728,0.028205594401741578,0.711,0.744,5000,0.6599999999999999,0.03366501646120691,0.64,0.68,5000,0.06799999999999999,0.04022160834399561,0.044,0.08902499999999966,5000,0.6440820444447073,0.08470083155584067,0.5970931598716571,0.6958322867344477,5000,0.9205117331783839,0.05876919659993456,0.886745666780993,0.955580936237235,5000,0.27642968873367685,0.09779640961008026,0.22321776918098934,0.3352575528858884,5000,0.52056,0.03996543506581657,0.49753975000000006,0.5442212499999999,5000,0.5215,0.03727152621863862,0.49949999999999994,0.5435,5000,0.043,0.07454305243727727,0.0009999999999999953,0.086,5000,0.544,0.21670256112930458,0.422,0.6729999999999998,5000,0.5010000000000001,0.20636806385140552,0.388,0.628,5000,0.05700000000000001,0.027100635498903795,0.040999999999999995,0.073,5000,0.11200000000000002,0.026161889160464778,0.098,0.128,5000,sample_sd,95% percentile bootstrap over simulator_seeds_within_fixed_target,simulator_seeds_within_fixed_target,5000
MNIST_QNN_eff_su2_r5_d2_s44,eff_su2_r5_d2,44,corrected_eff_su2_repetition_control,eff_su2,5,2,noisy_shot,128,correctness,ibm_kingston,True,10,0.728,0.028205594401741578,0.711,0.744,5000,0.6599999999999999,0.03366501646120691,0.64,0.6799999999999999,5000,0.06799999999999999,0.04022160834399561,0.044,0.09,5000,0.6440820444447073,0.08470083155584067,0.5985660591549978,0.6980154392481611,5000,0.9205117331783839,0.05876919659993456,0.8869426449628293,0.9564899746207902,5000,0.27642968873367685,0.09779640961008026,0.224328695994513,0.33580959017425527,5000,0.534,0.020110804171997804,0.5210000000000001,0.5454999999999999,5000,0.5305,0.026817282984423825,0.5134875,0.5445000000000001,5000,0.061,0.0536345659688476,0.025999999999999995,0.089,5000,0.6549999999999999,0.17302857824327425,0.541,0.7400249999999996,5000,0.594,0.12420413304985736,0.5119999999999999,0.6560249999999997,5000,0.0,0.0,0.0,0.0,5000,0.0,0.0,0.0,0.0,5000,sample_sd,95% percentile bootstrap over simulator_seeds_within_fixed_target,simulator_seeds_within_fixed_target,5000
MNIST_QNN_eff_su2_r5_d2_s44,eff_su2_r5_d2,44,corrected_eff_su2_repetition_control,eff_su2,5,2,noisy_shot,128,loss,ibm_kingston,True,10,0.728,0.028205594401741578,0.712,0.744,5000,0.6599999999999999,0.03366501646120691,0.64,0.6789999999999999,5000,0.06799999999999999,0.04022160834399561,0.043000000000000003,0.08999999999999998,5000,0.6440820444447073,0.08470083155584067,0.5968956580764166,0.6959139311063552,5000,0.9205117331783839,0.05876919659993456,0.8862748171445708,0.9553086077279225,5000,0.27642968873367685,0.09779640961008026,0.22417223087685687,0.33860192535036987,5000,0.55901,0.031101534438745044,0.5410680000000001,0.5771025,5000,0.542,0.037505555144093906,0.5205000000000001,0.5635,5000,0.08399999999999999,0.07501111028818776,0.04,0.12799999999999997,5000,0.596,0.1285992915135141,0.526,0.673,5000,0.5119999999999999,0.17001960671248087,0.41600000000000004,0.618,5000,0.07400000000000001,0.02836272984824353,0.05600000000000001,0.089,5000,0.11600000000000002,0.02988868236194652,0.1,0.13499999999999998,5000,sample_sd,95% percentile bootstrap over simulator_seeds_within_fixed_target,simulator_seeds_within_fixed_target,5000
MNIST_QNN_eff_su2_r5_d2_s44,eff_su2_r5_d2,44,corrected_eff_su2_repetition_control,eff_su2,5,2,noisy_shot,512,confidence,ibm_kingston,True,10,0.8089999999999999,0.03510302297840203,0.788,0.829,5000,0.721,0.0191195071996,0.71,0.733,5000,0.08800000000000004,0.034253953543107,0.06900000000000003,0.10900000000000003,5000,0.47028202465228963,0.02070576754368302,0.4588655933599803,0.4831505578132899,5000,0.7132912763806234,0.024548250105469682,0.6992425943312431,0.7279816619587997,5000,0.24300925172833376,0.03676039223935316,0.22264926480636565,0.26591521090130765,5000,0.52895,0.017733662277650903,0.5186697499999999,0.53912075,5000,0.526,0.026749870196985156,0.5109874999999999,0.5419999999999999,5000,0.052000000000000005,0.053499740393970346,0.02099999999999999,0.084,5000,0.495,0.1468370222767784,0.41,0.581,5000,0.44299999999999995,0.13132233456482395,0.365,0.517,5000,0.045,0.015811388300841896,0.036,0.054000000000000006,5000,0.11000000000000001,0.0282842712474619,0.093,0.12599999999999997,5000,sample_sd,95% percentile bootstrap over simulator_seeds_within_fixed_target,simulator_seeds_within_fixed_target,5000
MNIST_QNN_eff_su2_r5_d2_s44,eff_su2_r5_d2,44,corrected_eff_su2_repetition_control,eff_su2,5,2,noisy_shot,512,correctness,ibm_kingston,True,10,0.8089999999999999,0.03510302297840203,0.788,0.8290000000000001,5000,0.721,0.0191195071996,0.7100000000000001,0.732,5000,0.08800000000000004,0.034253953543107,0.06900000000000003,0.10900000000000003,5000,0.47028202465228963,0.02070576754368302,0.45885213815735043,0.48326335550507504,5000,0.7132912763806234,0.024548250105469682,0.6995047029134185,0.7281725612486007,5000,0.24300925172833376,0.03676039223935316,0.22217665506951087,0.2652728354569771,5000,0.5440000000000002,0.017126976771553514,0.5345,0.5545000000000001,5000,0.544,0.017126976771553486,0.534,0.5545,5000,0.08800000000000004,0.034253953543107,0.06900000000000003,0.10902499999999966,5000,0.8089999999999999,0.03510302297840203,0.788,0.829,5000,0.721,0.0191195071996,0.71,0.733,5000,0.0,0.0,0.0,0.0,5000,0.0,0.0,0.0,0.0,5000,sample_sd,95% percentile bootstrap over simulator_seeds_within_fixed_target,simulator_seeds_within_fixed_target,5000
MNIST_QNN_eff_su2_r5_d2_s44,eff_su2_r5_d2,44,corrected_eff_su2_repetition_control,eff_su2,5,2,noisy_shot,512,loss,ibm_kingston,True,10,0.8089999999999999,0.03510302297840203,0.788,0.8290000000000001,5000,0.721,0.0191195071996,0.71,0.732,5000,0.08800000000000004,0.034253953543107,0.06800000000000003,0.10900000000000006,5000,0.47028202465228963,0.02070576754368302,0.45883633620341274,0.48343878385640565,5000,0.7132912763806234,0.024548250105469682,0.6991750174244727,0.7281741609675881,5000,0.24300925172833376,0.03676039223935316,0.2222433655674759,0.26584747703280226,5000,0.5678500000000001,0.011892130918291211,0.56081,0.57484025,5000,0.5365,0.029064105391740883,0.52,0.5539999999999999,5000,0.073,0.05812821078348179,0.03900000000000001,0.10800000000000001,5000,0.6060000000000001,0.13251415018781956,0.5359999999999999,0.692,5000,0.533,0.10339245620450264,0.47400000000000003,0.5959999999999999,5000,0.052000000000000005,0.02043961295567452,0.04,0.064,5000,0.125,0.03689323936863109,0.10300000000000002,0.147,5000,sample_sd,95% percentile bootstrap over simulator_seeds_within_fixed_target,simulator_seeds_within_fixed_target,5000
MNIST_QNN_eff_su2_r5_d2_s44,eff_su2_r5_d2,44,corrected_eff_su2_repetition_control,eff_su2,5,2,noisy_shot,1024,confidence,ibm_kingston,True,10,0.8240000000000001,0.026331223544175313,0.808,0.8380000000000001,5000,0.733,0.02002775851439975,0.7219999999999999,0.7450000000000001,5000,0.091,0.030349812373573433,0.074,0.10899999999999999,5000,0.4252437111646869,0.011553706716360385,0.4186168914149078,0.4320872085122973,5000,0.6875835585623864,0.023316924677608004,0.6739276613216177,0.7017530647212595,5000,0.26233984739769944,0.022684742914825074,0.24871348238277421,0.2758561640159213,5000,0.5325500000000001,0.00818253560266554,0.5277997499999999,0.5373505,5000,0.5165000000000001,0.02593260495977989,0.502,0.5315000000000001,5000,0.033000000000000015,0.05186520991955975,0.003000000000000014,0.06400000000000002,5000,0.484,0.10490207073477838,0.42397499999999994,0.5460249999999996,5000,0.45099999999999996,0.10461038826681283,0.39297499999999996,0.514,5000,0.046,0.013498971154211059,0.038,0.054000000000000006,5000,0.10300000000000001,0.020027758514399734,0.091,0.11499999999999999,5000,sample_sd,95% percentile bootstrap over simulator_seeds_within_fixed_target,simulator_seeds_within_fixed_target,5000
MNIST_QNN_eff_su2_r5_d2_s44,eff_su2_r5_d2,44,corrected_eff_su2_repetition_control,eff_su2,5,2,noisy_shot,1024,correctness,ibm_kingston,True,10,0.8240000000000001,0.026331223544175313,0.808,0.8389999999999999,5000,0.733,0.02002775851439975,0.722,0.745,5000,0.091,0.030349812373573433,0.07399999999999998,0.10899999999999999,5000,0.4252437111646869,0.011553706716360385,0.41868056245597246,0.4323739026538097,5000,0.6875835585623864,0.023316924677608004,0.6738693932764145,0.7028386066748034,5000,0.26233984739769944,0.022684742914825074,0.24903119165137466,0.27625782435992874,5000,0.5455000000000001,0.015174906186786736,0.537,0.5545000000000001,5000,0.5455000000000001,0.015174906186786703,0.537,0.5545,5000,0.091,0.030349812373573433,0.07399999999999998,0.10900000000000001,5000,0.8240000000000001,0.026331223544175313,0.808,0.8380000000000001,5000,0.733,0.02002775851439975,0.722,0.7450000000000001,5000,0.0,0.0,0.0,0.0,5000,0.0,0.0,0.0,0.0,5000,sample_sd,95% percentile bootstrap over simulator_seeds_within_fixed_target,simulator_seeds_within_fixed_target,5000
MNIST_QNN_eff_su2_r5_d2_s44,eff_su2_r5_d2,44,corrected_eff_su2_repetition_control,eff_su2,5,2,noisy_shot,1024,loss,ibm_kingston,True,10,0.8240000000000001,0.026331223544175313,0.807,0.8380000000000001,5000,0.733,0.02002775851439975,0.722,0.745,5000,0.091,0.030349812373573433,0.07300000000000001,0.10899999999999999,5000,0.4252437111646869,0.011553706716360385,0.4186795631638845,0.43239846301081697,5000,0.6875835585623864,0.023316924677608004,0.6732712645618477,0.7014407457449022,5000,0.26233984739769944,0.022684742914825074,0.24898024246445272,0.27556187261698506,5000,0.5744,0.006477482364142547,0.5704997499999999,0.57814,5000,0.528,0.01843908891458577,0.517,0.5385,5000,0.05599999999999998,0.036878177829171535,0.03399999999999999,0.07699999999999999,5000,0.633,0.06945022198188668,0.5970000000000001,0.677,5000,0.5770000000000001,0.07888810641239484,0.533,0.625,5000,0.05600000000000001,0.019550504398153576,0.045,0.068,5000,0.11600000000000002,0.014298407059684812,0.10800000000000001,0.125,5000,sample_sd,95% percentile bootstrap over simulator_seeds_within_fixed_target,simulator_seeds_within_fixed_target,5000
MNIST_QNN_eff_su2_r5_d2_s45,eff_su2_r5_d2,45,corrected_eff_su2_repetition_control,eff_su2,5,2,exact,0,confidence,none,False,1,0.92,,,,0,0.75,,,,0,0.17000000000000004,,,,0,0.2878437943960307,,,,0,0.5958045964330085,,,,0,0.30796080203697784,,,,0,0.52,,,,0,0.49,,,,0,-0.020000000000000018,,,,0,0.63,,,,0,0.65,,,,0,0.04,,,,0,0.11,,,,0,sample_sd,none_single_replicate,none,0
MNIST_QNN_eff_su2_r5_d2_s45,eff_su2_r5_d2,45,corrected_eff_su2_repetition_control,eff_su2,5,2,exact,0,correctness,none,False,1,0.92,,,,0,0.75,,,,0,0.17000000000000004,,,,0,0.2878437943960307,,,,0,0.5958045964330085,,,,0,0.30796080203697784,,,,0,0.585,,,,0,0.585,,,,0,0.17000000000000004,,,,0,0.92,,,,0,0.75,,,,0,0.0,,,,0,0.0,,,,0,sample_sd,none_single_replicate,none,0
MNIST_QNN_eff_su2_r5_d2_s45,eff_su2_r5_d2,45,corrected_eff_su2_repetition_control,eff_su2,5,2,exact,0,loss,none,False,1,0.92,,,,0,0.75,,,,0,0.17000000000000004,,,,0,0.2878437943960307,,,,0,0.5958045964330085,,,,0,0.30796080203697784,,,,0,0.5641,,,,0,0.57,,,,0,0.14,,,,0,0.85,,,,0,0.71,,,,0,0.04,,,,0,0.12,,,,0,sample_sd,none_single_replicate,none,0
MNIST_QNN_eff_su2_r5_d2_s45,eff_su2_r5_d2,45,corrected_eff_su2_repetition_control,eff_su2,5,2,ideal_shot,128,confidence,ibm_kingston,False,10,0.771,0.02726414006223804,0.756,0.788,5000,0.693,0.043217794688967845,0.6689999999999999,0.7209999999999999,5000,0.07800000000000001,0.04049691346263317,0.05400000000000001,0.10100000000000002,5000,0.5878566953144845,0.057716877168006935,0.5546474016858305,0.6217964065035962,5000,0.8931738947465622,0.11226838383931614,0.8296475656979857,0.9597226504635797,5000,0.3053171994320776,0.11039319950659111,0.2387178055970903,0.36743671777470677,5000,0.5146,0.03344062732000639,0.49594925,0.5346615,5000,0.5035000000000001,0.028289181285038618,0.4884875,0.521,5000,0.006999999999999995,0.05657836257007718,-0.024,0.040999999999999995,5000,0.40499999999999997,0.0884747295999133,0.35699999999999993,0.458,5000,0.398,0.10850499220466003,0.329,0.457,5000,0.049,0.026012817353502228,0.034,0.065,5000,0.11500000000000002,0.044032816045409685,0.093,0.14300000000000002,5000,sample_sd,95% percentile bootstrap over simulator_seeds_within_fixed_target,simulator_seeds_within_fixed_target,5000
MNIST_QNN_eff_su2_r5_d2_s45,eff_su2_r5_d2,45,corrected_eff_su2_repetition_control,eff_su2,5,2,ideal_shot,128,correctness,ibm_kingston,False,10,0.771,0.02726414006223804,0.756,0.7870000000000001,5000,0.693,0.043217794688967845,0.669,0.72,5000,0.07800000000000001,0.04049691346263317,0.05400000000000001,0.10100000000000002,5000,0.5878566953144845,0.057716877168006935,0.5531110355817913,0.6215215532479774,5000,0.8931738947465622,0.11226838383931614,0.8282358088470069,0.9596895185188558,5000,0.3053171994320776,0.11039319950659111,0.23724276048813064,0.3669288062514174,5000,0.5389999999999999,0.0202484567313166,0.527,0.5509999999999999,5000,0.5285,0.03416056856149271,0.5075000000000001,0.547,5000,0.05700000000000001,0.06832113712298543,0.015999999999999997,0.095,5000,0.682,0.14512829573250774,0.5929749999999999,0.76,5000,0.625,0.08154753215150046,0.574,0.6679999999999999,5000,0.0,0.0,0.0,0.0,5000,0.0,0.0,0.0,0.0,5000,sample_sd,95% percentile bootstrap over simulator_seeds_within_fixed_target,simulator_seeds_within_fixed_target,5000
MNIST_QNN_eff_su2_r5_d2_s45,eff_su2_r5_d2,45,corrected_eff_su2_repetition_control,eff_su2,5,2,ideal_shot,128,loss,ibm_kingston,False,10,0.771,0.02726414006223804,0.756,0.788,5000,0.693,0.043217794688967845,0.6689999999999999,0.7190000000000001,5000,0.07800000000000001,0.04049691346263317,0.05400000000000003,0.10100000000000002,5000,0.5878566953144845,0.057716877168006935,0.5548889633752571,0.621608530719702,5000,0.8931738947465622,0.11226838383931614,0.8305280458119777,0.959183425650455,5000,0.3053171994320776,0.11039319950659111,0.23840243644537504,0.3697434383191414,5000,0.5534800000000001,0.028923608196611817,0.5368700000000001,0.5711625,5000,0.5195000000000001,0.04172995193969061,0.4955000000000001,0.544,5000,0.039,0.08345990387938122,-0.00799999999999999,0.089,5000,0.558,0.11506519890914021,0.491,0.625,5000,0.5189999999999999,0.16003124694883808,0.421,0.607,5000,0.05900000000000001,0.03414023367751831,0.039,0.079,5000,0.12100000000000002,0.04094712037087183,0.099,0.148,5000,sample_sd,95% percentile bootstrap over simulator_seeds_within_fixed_target,simulator_seeds_within_fixed_target,5000
MNIST_QNN_eff_su2_r5_d2_s45,eff_su2_r5_d2,45,corrected_eff_su2_repetition_control,eff_su2,5,2,ideal_shot,512,confidence,ibm_kingston,False,10,0.865,0.03027650354097494,0.8480000000000001,0.884,5000,0.7430000000000001,0.023118054512532956,0.73,0.757,5000,0.12200000000000003,0.03705851229249949,0.09799999999999998,0.14200000000000004,5000,0.358499439482548,0.02626505431191844,0.3432047457553399,0.37372409753289504,5000,0.6737358702114834,0.03214832060222032,0.6538576293599611,0.6917079869655034,5000,0.3152364307289354,0.03791197441630776,0.29236397230621775,0.33694120446815606,5000,0.5179500000000001,0.013235663103062767,0.5100597499999999,0.5254,5000,0.491,0.022085691697969936,0.47800000000000004,0.5035000000000001,5000,-0.018000000000000023,0.04417138339593986,-0.04300000000000003,0.00699999999999999,5000,0.47800000000000004,0.17389652095427324,0.383,0.584,5000,0.496,0.17563851766878727,0.39499999999999996,0.6000249999999998,5000,0.049,0.019119507199599987,0.038,0.06000000000000001,5000,0.097,0.022135943621178655,0.08399999999999999,0.11000000000000001,5000,sample_sd,95% percentile bootstrap over simulator_seeds_within_fixed_target,simulator_seeds_within_fixed_target,5000
MNIST_QNN_eff_su2_r5_d2_s45,eff_su2_r5_d2,45,corrected_eff_su2_repetition_control,eff_su2,5,2,ideal_shot,512,correctness,ibm_kingston,False,10,0.865,0.03027650354097494,0.8470000000000001,0.884,5000,0.7430000000000001,0.023118054512532956,0.7299999999999999,0.757,5000,0.12200000000000003,0.03705851229249949,0.09899999999999998,0.142,5000,0.358499439482548,0.02626505431191844,0.34239125061053705,0.37322187654298433,5000,0.6737358702114834,0.03214832060222032,0.6543283744975027,0.6921070485637283,5000,0.3152364307289354,0.03791197441630776,0.2933579542621311,0.3369484277200998,5000,0.561,0.018529256146249708,0.5499875000000001,0.571,5000,0.561,0.018529256146249715,0.5495000000000001,0.5710000000000001,5000,0.12200000000000003,0.03705851229249949,0.09999999999999998,0.14300000000000002,5000,0.865,0.03027650354097494,0.8480000000000001,0.883,5000,0.7430000000000001,0.023118054512532956,0.7299999999999999,0.757,5000,0.0,0.0,0.0,0.0,5000,0.0,0.0,0.0,0.0,5000,sample_sd,95% percentile bootstrap over simulator_seeds_within_fixed_target,simulator_seeds_within_fixed_target,5000
MNIST_QNN_eff_su2_r5_d2_s45,eff_su2_r5_d2,45,corrected_eff_su2_repetition_control,eff_su2,5,2,ideal_shot,512,loss,ibm_kingston,False,10,0.865,0.03027650354097494,0.8470000000000001,0.883,5000,0.7430000000000001,0.023118054512532956,0.7299999999999999,0.757,5000,0.12200000000000003,0.03705851229249949,0.09899999999999998,0.14200000000000004,5000,0.358499439482548,0.02626505431191844,0.3424220235785342,0.37365329829908983,5000,0.6737358702114834,0.03214832060222032,0.6545288713198293,0.6920905639856387,5000,0.3152364307289354,0.03791197441630776,0.29282993972248766,0.3379670725545656,5000,0.56588,0.00830070947436288,0.56106975,0.5707209999999999,5000,0.5485,0.028872324310853653,0.5305,0.5645,5000,0.09699999999999999,0.057744648621707306,0.061999999999999986,0.12799999999999997,5000,0.765,0.11983785341498365,0.6880000000000001,0.8270249999999996,5000,0.6679999999999999,0.09342852288722588,0.61,0.717,5000,0.05500000000000001,0.01715938356831167,0.045,0.065,5000,0.11500000000000002,0.037193189340702336,0.09300000000000001,0.13799999999999998,5000,sample_sd,95% percentile bootstrap over simulator_seeds_within_fixed_target,simulator_seeds_within_fixed_target,5000
MNIST_QNN_eff_su2_r5_d2_s45,eff_su2_r5_d2,45,corrected_eff_su2_repetition_control,eff_su2,5,2,ideal_shot,1024,confidence,ibm_kingston,False,10,0.897,0.017669811040931443,0.8869999999999999,0.907,5000,0.76,0.014142135623730965,0.752,0.768,5000,0.137,0.012516655570345737,0.13000000000000003,0.14500000000000002,5000,0.3187198932361171,0.01568998432744127,0.3102061425936344,0.3284993546541112,5000,0.6218164253936338,0.02896088970408071,0.603218857254885,0.6370650824144906,5000,0.30309653215751675,0.030003175710969537,0.2850287742368022,0.31974920603196366,5000,0.51509,0.0132129103531357,0.5069097499999998,0.52249,5000,0.5035,0.03621310382843329,0.484,0.5249999999999999,5000,0.007000000000000001,0.07242620765686655,-0.03300000000000001,0.050000000000000024,5000,0.512,0.10454132622503357,0.45199999999999996,0.573,5000,0.505,0.15269795894728477,0.412975,0.591,5000,0.047,0.014944341180973262,0.039,0.056999999999999995,5000,0.08900000000000001,0.02846049894151541,0.07300000000000002,0.10600000000000001,5000,sample_sd,95% percentile bootstrap over simulator_seeds_within_fixed_target,simulator_seeds_within_fixed_target,5000
MNIST_QNN_eff_su2_r5_d2_s45,eff_su2_r5_d2,45,corrected_eff_su2_repetition_control,eff_su2,5,2,ideal_shot,1024,correctness,ibm_kingston,False,10,0.897,0.017669811040931443,0.8869999999999999,0.908,5000,0.76,0.014142135623730965,0.752,0.7689999999999999,5000,0.137,0.012516655570345737,0.12999999999999998,0.14400000000000004,5000,0.3187198932361171,0.01568998432744127,0.3098878307063045,0.3282880492527379,5000,0.6218164253936338,0.02896088970408071,0.6033288369878345,0.6371969869731237,5000,0.30309653215751675,0.030003175710969537,0.2847538767718275,0.3200384179167711,5000,0.5685,0.006258327785172865,0.5649999999999998,0.5725,5000,0.5685,0.006258327785172862,0.5650000000000001,0.5720000000000001,5000,0.137,0.012516655570345737,0.13000000000000003,0.14400000000000004,5000,0.897,0.017669811040931443,0.8869999999999999,0.908,5000,0.76,0.014142135623730965,0.752,0.7689999999999999,5000,0.0,0.0,0.0,0.0,5000,0.0,0.0,0.0,0.0,5000,sample_sd,95% percentile bootstrap over simulator_seeds_within_fixed_target,simulator_seeds_within_fixed_target,5000
MNIST_QNN_eff_su2_r5_d2_s45,eff_su2_r5_d2,45,corrected_eff_su2_repetition_control,eff_su2,5,2,ideal_shot,1024,loss,ibm_kingston,False,10,0.897,0.017669811040931443,0.8869999999999999,0.9070000000000003,5000,0.76,0.014142135623730965,0.752,0.7689999999999999,5000,0.137,0.012516655570345737,0.13000000000000003,0.14400000000000004,5000,0.3187198932361171,0.01568998432744127,0.3099765100798488,0.32834222274040714,5000,0.6218164253936338,0.02896088970408071,0.6028986472112081,0.6373486144691787,5000,0.30309653215751675,0.030003175710969537,0.28424859022181387,0.3193179405497062,5000,0.56361,0.01070964777924821,0.55655,0.56908,5000,0.5505000000000002,0.016406299603099597,0.541,0.56,5000,0.10100000000000002,0.0328125992061992,0.08200000000000003,0.12199999999999997,5000,0.7609999999999999,0.10608696642116054,0.6920000000000001,0.819,5000,0.6599999999999999,0.09797958971132711,0.5970000000000001,0.712,5000,0.05700000000000001,0.018287822299126937,0.047,0.068,5000,0.097,0.02907843798341919,0.08,0.11500000000000003,5000,sample_sd,95% percentile bootstrap over simulator_seeds_within_fixed_target,simulator_seeds_within_fixed_target,5000
MNIST_QNN_eff_su2_r5_d2_s45,eff_su2_r5_d2,45,corrected_eff_su2_repetition_control,eff_su2,5,2,noisy_shot,128,confidence,ibm_kingston,True,10,0.732,0.02299758441421378,0.7179999999999999,0.7440000000000001,5000,0.672,0.04289522117905442,0.648,0.6980000000000001,5000,0.06,0.054772255750516585,0.027000000000000003,0.089,5000,0.6555198573202797,0.05758996385562092,0.62313641032707,0.6903088634831638,5000,0.9485398295624583,0.08917003981701288,0.8955603136342604,1.0009990110128966,5000,0.2930199722421785,0.09630998078290391,0.23723982111557956,0.3483270332610202,5000,0.49429999999999996,0.0343293201538018,0.47505800000000004,0.5145512499999999,5000,0.49349999999999994,0.03543773882929514,0.47400000000000003,0.5165,5000,-0.013000000000000001,0.0708754776585903,-0.05199999999999999,0.033999999999999996,5000,0.43400000000000005,0.27064531935521974,0.29100000000000004,0.604,5000,0.44699999999999995,0.27137714633984117,0.30200000000000005,0.623,5000,0.053000000000000005,0.029458068127047602,0.036,0.06999999999999999,5000,0.09899999999999999,0.05216427044549853,0.06900000000000002,0.13000000000000003,5000,sample_sd,95% percentile bootstrap over simulator_seeds_within_fixed_target,simulator_seeds_within_fixed_target,5000
MNIST_QNN_eff_su2_r5_d2_s45,eff_su2_r5_d2,45,corrected_eff_su2_repetition_control,eff_su2,5,2,noisy_shot,128,correctness,ibm_kingston,True,10,0.732,0.02299758441421378,0.717,0.7449999999999999,5000,0.672,0.04289522117905442,0.648,0.6980000000000001,5000,0.06,0.054772255750516585,0.026000000000000002,0.09,5000,0.6555198573202797,0.05758996385562092,0.6236538265703658,0.6908631298905626,5000,0.9485398295624583,0.08917003981701288,0.898626730253647,1.0010921049695665,5000,0.2930199722421785,0.09630998078290391,0.23787613278477893,0.3491178184264495,5000,0.53,0.02738612787525831,0.5135,0.5449999999999999,5000,0.5295,0.029102309950319122,0.5105000000000001,0.5455,5000,0.059,0.05820461990063827,0.022974999999999995,0.08999999999999998,5000,0.617,0.264241051567188,0.446,0.742,5000,0.558,0.22290007726433037,0.421975,0.663,5000,0.0,0.0,0.0,0.0,5000,0.0,0.0,0.0,0.0,5000,sample_sd,95% percentile bootstrap over simulator_seeds_within_fixed_target,simulator_seeds_within_fixed_target,5000
MNIST_QNN_eff_su2_r5_d2_s45,eff_su2_r5_d2,45,corrected_eff_su2_repetition_control,eff_su2,5,2,noisy_shot,128,loss,ibm_kingston,True,10,0.732,0.02299758441421378,0.718,0.744,5000,0.672,0.04289522117905442,0.647,0.6980000000000001,5000,0.06,0.054772255750516585,0.025000000000000033,0.089,5000,0.6555198573202797,0.05758996385562092,0.6224768368023942,0.69047534987317,5000,0.9485398295624583,0.08917003981701288,0.8986619746188285,1.002571429888701,5000,0.2930199722421785,0.09630998078290391,0.23843977554418283,0.34926399693887317,5000,0.54647,0.03613050573192193,0.5255997499999999,0.5679307499999999,5000,0.534,0.031162655713387322,0.516,0.552,5000,0.068,0.06232531142677464,0.03099999999999999,0.10500000000000001,5000,0.6520000000000001,0.18730842064478695,0.5429999999999999,0.763,5000,0.584,0.16694643186097483,0.48600000000000004,0.6779999999999999,5000,0.06,0.03333333333333333,0.04,0.079,5000,0.11800000000000002,0.05573747990954262,0.087,0.15100000000000002,5000,sample_sd,95% percentile bootstrap over simulator_seeds_within_fixed_target,simulator_seeds_within_fixed_target,5000
MNIST_QNN_eff_su2_r5_d2_s45,eff_su2_r5_d2,45,corrected_eff_su2_repetition_control,eff_su2,5,2,noisy_shot,512,confidence,ibm_kingston,True,10,0.8489999999999999,0.022335820757001273,0.836,0.8619999999999999,5000,0.738,0.02699794230842214,0.722,0.753,5000,0.11099999999999999,0.030713731999438536,0.09299999999999999,0.129,5000,0.42346656039659863,0.033703469443394314,0.4033698855321563,0.4425784626547546,5000,0.6871223592727184,0.031442074273503075,0.6700307205606988,0.7060261415748971,5000,0.2636557988761197,0.04627485808155258,0.23690453988513835,0.29113813568240765,5000,0.51676,0.026686209505618775,0.50104,0.5323899999999999,5000,0.5010000000000001,0.05048652185374715,0.4715,0.5285,5000,0.002000000000000003,0.1009730437074943,-0.05900000000000001,0.059,5000,0.46699999999999997,0.14353087163084852,0.377,0.5429999999999999,5000,0.46500000000000014,0.20668010708983742,0.33799999999999997,0.5810000000000001,5000,0.049,0.02726414006223804,0.034,0.06500000000000002,5000,0.094,0.043256341860022224,0.07,0.12200000000000003,5000,sample_sd,95% percentile bootstrap over simulator_seeds_within_fixed_target,simulator_seeds_within_fixed_target,5000
MNIST_QNN_eff_su2_r5_d2_s45,eff_su2_r5_d2,45,corrected_eff_su2_repetition_control,eff_su2,5,2,noisy_shot,512,correctness,ibm_kingston,True,10,0.8489999999999999,0.022335820757001273,0.836,0.8619999999999999,5000,0.738,0.02699794230842214,0.722,0.7539999999999999,5000,0.11099999999999999,0.030713731999438536,0.092,0.129,5000,0.42346656039659863,0.033703469443394314,0.40341838631937926,0.4434335381760466,5000,0.6871223592727184,0.031442074273503075,0.669398881025955,0.7059269487057754,5000,0.2636557988761197,0.04627485808155258,0.23745716226443578,0.29194864379098834,5000,0.5555000000000001,0.015356865999719254,0.5465,0.5645,5000,0.5525,0.022267315359812304,0.5385,0.5640000000000001,5000,0.10500000000000001,0.044534630719624636,0.07699999999999999,0.12800000000000003,5000,0.8299999999999998,0.07007932013876211,0.783,0.861,5000,0.7250000000000001,0.03865804501581068,0.701,0.746,5000,0.0,0.0,0.0,0.0,5000,0.0,0.0,0.0,0.0,5000,sample_sd,95% percentile bootstrap over simulator_seeds_within_fixed_target,simulator_seeds_within_fixed_target,5000
MNIST_QNN_eff_su2_r5_d2_s45,eff_su2_r5_d2,45,corrected_eff_su2_repetition_control,eff_su2,5,2,noisy_shot,512,loss,ibm_kingston,True,10,0.8489999999999999,0.022335820757001273,0.836,0.8620000000000001,5000,0.738,0.02699794230842214,0.722,0.753,5000,0.11099999999999999,0.030713731999438536,0.09299999999999999,0.129,5000,0.42346656039659863,0.033703469443394314,0.40282056809661415,0.4427262091905221,5000,0.6871223592727184,0.031442074273503075,0.6693789222518856,0.7061283269944578,5000,0.2636557988761197,0.04627485808155258,0.2369558017283074,0.29089621017328643,5000,0.5641299999999999,0.018169941600835664,0.5537492500000001,0.57488075,5000,0.5425,0.010341394704992369,0.5365,0.5485,5000,0.08499999999999998,0.020682789409984765,0.07299999999999998,0.09699999999999999,5000,0.695,0.16419838949000415,0.599,0.7880249999999996,5000,0.61,0.15874507866387544,0.515,0.698,5000,0.052000000000000005,0.024855135843076335,0.038,0.06700000000000002,5000,0.11400000000000002,0.054405882034941774,0.08399999999999999,0.147,5000,sample_sd,95% percentile bootstrap over simulator_seeds_within_fixed_target,simulator_seeds_within_fixed_target,5000
MNIST_QNN_eff_su2_r5_d2_s45,eff_su2_r5_d2,45,corrected_eff_su2_repetition_control,eff_su2,5,2,noisy_shot,1024,confidence,ibm_kingston,True,10,0.8699999999999999,0.019436506316151018,0.859,0.882,5000,0.76,0.02054804667656327,0.749,0.772,5000,0.10999999999999996,0.02788866755113588,0.09399999999999997,0.12600000000000003,5000,0.389301939456971,0.016511066205388263,0.3795465002393793,0.39895461016271727,5000,0.6441129823165246,0.035677089667565165,0.6213215609533713,0.6629386957531853,5000,0.2548110428595537,0.03098641861529319,0.23676335869925752,0.27268295625923605,5000,0.50332,0.01901834202377624,0.49241950000000007,0.5147,5000,0.4955,0.04132862876452056,0.472,0.5199999999999999,5000,-0.009,0.0826572575290411,-0.05799999999999998,0.04,5000,0.418,0.11163432367431722,0.354,0.4830249999999996,5000,0.42699999999999994,0.1388084211342301,0.34600000000000003,0.5069999999999999,5000,0.035,0.015811388300841896,0.026000000000000002,0.044000000000000004,5000,0.08,0.024494897427831782,0.06600000000000002,0.095,5000,sample_sd,95% percentile bootstrap over simulator_seeds_within_fixed_target,simulator_seeds_within_fixed_target,5000
MNIST_QNN_eff_su2_r5_d2_s45,eff_su2_r5_d2,45,corrected_eff_su2_repetition_control,eff_su2,5,2,noisy_shot,1024,correctness,ibm_kingston,True,10,0.8699999999999999,0.019436506316151018,0.859,0.881,5000,0.76,0.02054804667656327,0.748,0.7729999999999999,5000,0.10999999999999996,0.02788866755113588,0.09399999999999997,0.127,5000,0.389301939456971,0.016511066205388263,0.37972281002261443,0.3992841756074853,5000,0.6441129823165246,0.035677089667565165,0.6206047572977681,0.662605410633872,5000,0.2548110428595537,0.03098641861529319,0.2367248117579973,0.27305141667642047,5000,0.5549999999999999,0.013944333775567948,0.547,0.5630000000000001,5000,0.5549999999999999,0.013944333775567946,0.5465000000000001,0.5635,5000,0.10999999999999996,0.02788866755113588,0.09399999999999997,0.127,5000,0.8699999999999999,0.019436506316151018,0.859,0.881,5000,0.76,0.02054804667656327,0.748,0.772,5000,0.0,0.0,0.0,0.0,5000,0.0,0.0,0.0,0.0,5000,sample_sd,95% percentile bootstrap over simulator_seeds_within_fixed_target,simulator_seeds_within_fixed_target,5000
MNIST_QNN_eff_su2_r5_d2_s45,eff_su2_r5_d2,45,corrected_eff_su2_repetition_control,eff_su2,5,2,noisy_shot,1024,loss,ibm_kingston,True,10,0.8699999999999999,0.019436506316151018,0.859,0.881,5000,0.76,0.02054804667656327,0.748,0.772,5000,0.10999999999999996,0.02788866755113588,0.09299999999999997,0.12600000000000003,5000,0.389301939456971,0.016511066205388263,0.3798085776683551,0.3986377146861214,5000,0.6441129823165246,0.035677089667565165,0.6221853303784768,0.6628021603569345,5000,0.2548110428595537,0.03098641861529319,0.23743230272476396,0.27339261899576667,5000,0.55838,0.015311128850175207,0.5497795,0.5680302500000001,5000,0.5425000000000001,0.024748737341529155,0.5285,0.557,5000,0.08499999999999998,0.04949747468305833,0.055999999999999994,0.11599999999999996,5000,0.756,0.1155854662143991,0.6809999999999999,0.821,5000,0.671,0.13135617398677704,0.590975,0.7430249999999997,5000,0.045000000000000005,0.0190029237516523,0.034,0.05600000000000001,5000,0.091,0.03634709219609061,0.07200000000000001,0.11600000000000002,5000,sample_sd,95% percentile bootstrap over simulator_seeds_within_fixed_target,simulator_seeds_within_fixed_target,5000
MNIST_QNN_z_r1_d6_s43,z_r1_d6,43,medium_risk_z_anchor,z,1,6,exact,0,confidence,none,False,1,0.94,,,,0,0.74,,,,0,0.19999999999999996,,,,0,0.21924896416741832,,,,0,0.604485579385073,,,,0,0.3852366152176546,,,,0,0.49350000000000005,,,,0,0.48,,,,0,-0.040000000000000036,,,,0,0.29,,,,0,0.33,,,,0,0.11,,,,0,0.14,,,,0,sample_sd,none_single_replicate,none,0
MNIST_QNN_z_r1_d6_s43,z_r1_d6,43,medium_risk_z_anchor,z,1,6,exact,0,correctness,none,False,1,0.94,,,,0,0.74,,,,0,0.19999999999999996,,,,0,0.21924896416741832,,,,0,0.604485579385073,,,,0,0.3852366152176546,,,,0,0.6,,,,0,0.6,,,,0,0.19999999999999996,,,,0,0.94,,,,0,0.74,,,,0,0.0,,,,0,0.0,,,,0,sample_sd,none_single_replicate,none,0
MNIST_QNN_z_r1_d6_s43,z_r1_d6,43,medium_risk_z_anchor,z,1,6,exact,0,loss,none,False,1,0.94,,,,0,0.74,,,,0,0.19999999999999996,,,,0,0.21924896416741832,,,,0,0.604485579385073,,,,0,0.3852366152176546,,,,0,0.5572,,,,0,0.59,,,,0,0.17999999999999994,,,,0,0.94,,,,0,0.76,,,,0,0.11,,,,0,0.14,,,,0,sample_sd,none_single_replicate,none,0
MNIST_QNN_z_r1_d6_s43,z_r1_d6,43,medium_risk_z_anchor,z,1,6,ideal_shot,128,confidence,ibm_kingston,False,10,0.881,0.025144029554194838,0.866,0.8960000000000001,5000,0.72,0.018257418583505554,0.71,0.731,5000,0.16100000000000003,0.035418137224372016,0.14100000000000001,0.18200000000000002,5000,0.2953029893443345,0.024404665008979427,0.28069865454590315,0.3086788611633192,5000,0.6654547210240489,0.042923286701626144,0.6400215480596995,0.6909800748015366,5000,0.37015173167971444,0.05411803681489992,0.338347446099283,0.4021368483912415,5000,0.4892899999999999,0.02513246903907375,0.47504874999999996,0.50491075,5000,0.48549999999999993,0.024658782523789696,0.4715,0.5005,5000,-0.02899999999999999,0.04931756504757936,-0.05799999999999998,0.00099999999999999,5000,0.254,0.12130768959779738,0.18000000000000002,0.32100000000000006,5000,0.28300000000000003,0.1264954983827927,0.205,0.352,5000,0.087,0.01636391694484477,0.077,0.096,5000,0.123,0.019465068427541914,0.11300000000000002,0.13599999999999998,5000,sample_sd,95% percentile bootstrap over simulator_seeds_within_fixed_target,simulator_seeds_within_fixed_target,5000
MNIST_QNN_z_r1_d6_s43,z_r1_d6,43,medium_risk_z_anchor,z,1,6,ideal_shot,128,correctness,ibm_kingston,False,10,0.881,0.025144029554194838,0.867,0.8959999999999999,5000,0.72,0.018257418583505554,0.709,0.731,5000,0.16100000000000003,0.035418137224372016,0.14100000000000001,0.18100000000000005,5000,0.2953029893443345,0.024404665008979427,0.28012159220565847,0.3089591738441213,5000,0.6654547210240489,0.042923286701626144,0.6404251698382606,0.6902237610555313,5000,0.37015173167971444,0.05411803681489992,0.3382591776555737,0.4028061753780639,5000,0.5805,0.01770906861218604,0.5704999999999999,0.591,5000,0.5805,0.017709068612185994,0.5705,0.591,5000,0.16100000000000003,0.035418137224372016,0.14000000000000004,0.18200000000000008,5000,0.881,0.025144029554194838,0.866,0.8960000000000001,5000,0.72,0.018257418583505554,0.709,0.731,5000,0.0,0.0,0.0,0.0,5000,0.0,0.0,0.0,0.0,5000,sample_sd,95% percentile bootstrap over simulator_seeds_within_fixed_target,simulator_seeds_within_fixed_target,5000
MNIST_QNN_z_r1_d6_s43,z_r1_d6,43,medium_risk_z_anchor,z,1,6,ideal_shot,128,loss,ibm_kingston,False,10,0.881,0.025144029554194838,0.866,0.8960000000000001,5000,0.72,0.018257418583505554,0.709,0.731,5000,0.16100000000000003,0.035418137224372016,0.14100000000000001,0.18200000000000008,5000,0.2953029893443345,0.024404665008979427,0.27977538237694927,0.30888138943893395,5000,0.6654547210240489,0.042923286701626144,0.6395139043821969,0.6918428253006178,5000,0.37015173167971444,0.05411803681489992,0.3376274390140135,0.40190051691042034,5000,0.5537,0.018180575715123368,0.5430195,0.564521,5000,0.5605,0.030041637771599596,0.543,0.579,5000,0.121,0.060083275543199206,0.08700000000000001,0.1560249999999997,5000,0.8530000000000001,0.06037843618010948,0.8190000000000002,0.8919999999999998,5000,0.732,0.030840089349921013,0.714,0.75,5000,0.087,0.01636391694484477,0.077,0.096,5000,0.123,0.019465068427541914,0.11300000000000002,0.13599999999999998,5000,sample_sd,95% percentile bootstrap over simulator_seeds_within_fixed_target,simulator_seeds_within_fixed_target,5000
MNIST_QNN_z_r1_d6_s43,z_r1_d6,43,medium_risk_z_anchor,z,1,6,ideal_shot,512,confidence,ibm_kingston,False,10,0.909,0.021317702607092644,0.8960000000000001,0.921,5000,0.727,0.015670212364724226,0.7180000000000001,0.7369999999999999,5000,0.18200000000000002,0.0304776785350999,0.164,0.199,5000,0.23385795947620497,0.011613178487803313,0.22681601782182076,0.24042955386572612,5000,0.624812239254301,0.009299687030099616,0.6194001614437519,0.6303385774706789,5000,0.390954279778096,0.011639482015899141,0.3847158612284215,0.3985517361641656,5000,0.491745,0.00696772121205268,0.48753,0.495715125,5000,0.48549999999999993,0.024545875417267177,0.4725,0.501,5000,-0.02899999999999999,0.04909175083453434,-0.05600000000000001,0.0030000000000000248,5000,0.41899999999999993,0.15314843924912994,0.332,0.5129999999999999,5000,0.44799999999999995,0.11640923980127656,0.379,0.518,5000,0.07100000000000001,0.02131770260709264,0.05800000000000001,0.08299999999999999,5000,0.128,0.023944379994757292,0.11299999999999999,0.142,5000,sample_sd,95% percentile bootstrap over simulator_seeds_within_fixed_target,simulator_seeds_within_fixed_target,5000
MNIST_QNN_z_r1_d6_s43,z_r1_d6,43,medium_risk_z_anchor,z,1,6,ideal_shot,512,correctness,ibm_kingston,False,10,0.909,0.021317702607092644,0.897,0.9219999999999999,5000,0.727,0.015670212364724226,0.719,0.737,5000,0.18200000000000002,0.0304776785350999,0.16500000000000004,0.2,5000,0.23385795947620497,0.011613178487803313,0.22696573841482165,0.24055187285616958,5000,0.624812239254301,0.009299687030099616,0.6195842082623276,0.6304898658555095,5000,0.390954279778096,0.011639482015899141,0.38455244161654595,0.3978745587840465,5000,0.591,0.015238839267549943,0.5820000000000001,0.5999999999999999,5000,0.591,0.015238839267549934,0.5820000000000001,0.6,5000,0.18200000000000002,0.0304776785350999,0.16400000000000006,0.20000000000000004,5000,0.909,0.021317702607092644,0.897,0.921,5000,0.727,0.015670212364724226,0.7180000000000001,0.7369999999999999,5000,0.0,0.0,0.0,0.0,5000,0.0,0.0,0.0,0.0,5000,sample_sd,95% percentile bootstrap over simulator_seeds_within_fixed_target,simulator_seeds_within_fixed_target,5000
MNIST_QNN_z_r1_d6_s43,z_r1_d6,43,medium_risk_z_anchor,z,1,6,ideal_shot,512,loss,ibm_kingston,False,10,0.909,0.021317702607092644,0.8960000000000001,0.921,5000,0.727,0.015670212364724226,0.719,0.7369999999999999,5000,0.18200000000000002,0.0304776785350999,0.16400000000000006,0.20000000000000004,5000,0.23385795947620497,0.011613178487803313,0.22697047852070085,0.2404928425743725,5000,0.624812239254301,0.009299687030099616,0.6194788444571393,0.6304454388802675,5000,0.390954279778096,0.011639482015899141,0.384618192588324,0.39836651568375847,5000,0.556925,0.0060734051404463685,0.553255,0.5603303749999999,5000,0.5865,0.020554804791094453,0.5730000000000001,0.5975,5000,0.17299999999999996,0.04110960958218893,0.14699999999999996,0.19499999999999995,5000,0.9279999999999997,0.04049691346263316,0.9019999999999999,0.9489999999999998,5000,0.7550000000000001,0.024152294576982418,0.74,0.769,5000,0.07100000000000001,0.02131770260709264,0.05800000000000001,0.083,5000,0.128,0.023944379994757292,0.11300000000000002,0.14100000000000001,5000,sample_sd,95% percentile bootstrap over simulator_seeds_within_fixed_target,simulator_seeds_within_fixed_target,5000
MNIST_QNN_z_r1_d6_s43,z_r1_d6,43,medium_risk_z_anchor,z,1,6,ideal_shot,1024,confidence,ibm_kingston,False,10,0.924,0.014298407059684782,0.915,0.932,5000,0.733,0.014944341180973276,0.724,0.742,5000,0.191,0.024244128727957552,0.17700000000000005,0.20599999999999996,5000,0.22539312182564392,0.008326372686031782,0.22050966045472167,0.23039537140678293,5000,0.6133300840220182,0.007687952367309259,0.6085969672333872,0.6174645617785456,5000,0.3879369621963743,0.008700815803491047,0.38296147274837905,0.39291621739043525,5000,0.49074999999999996,0.006505083482255339,0.48734,0.49479125000000007,5000,0.4744999999999999,0.019213710382606133,0.4640000000000001,0.48600000000000004,5000,-0.05099999999999999,0.038427420765212265,-0.072,-0.026999999999999986,5000,0.402,0.13104706533659324,0.324,0.4780249999999997,5000,0.453,0.14118939211018808,0.368,0.534,5000,0.077,0.02213594362117866,0.06400000000000002,0.09,5000,0.12800000000000003,0.016193277068654827,0.11800000000000002,0.137,5000,sample_sd,95% percentile bootstrap over simulator_seeds_within_fixed_target,simulator_seeds_within_fixed_target,5000
MNIST_QNN_z_r1_d6_s43,z_r1_d6,43,medium_risk_z_anchor,z,1,6,ideal_shot,1024,correctness,ibm_kingston,False,10,0.924,0.014298407059684782,0.915,0.932,5000,0.733,0.014944341180973276,0.724,0.742,5000,0.191,0.024244128727957552,0.17700000000000005,0.20500000000000002,5000,0.22539312182564392,0.008326372686031782,0.22067544439162884,0.2303900505452248,5000,0.6133300840220182,0.007687952367309259,0.608537089029602,0.6175834270796389,5000,0.3879369621963743,0.008700815803491047,0.38293447193191305,0.3928834735570512,5000,0.5955,0.012122064363978774,0.5885,0.603,5000,0.5955,0.012122064363978788,0.5885,0.6025,5000,0.191,0.024244128727957552,0.17700000000000005,0.20600000000000002,5000,0.924,0.014298407059684782,0.915,0.932,5000,0.733,0.014944341180973276,0.724,0.742,5000,0.0,0.0,0.0,0.0,5000,0.0,0.0,0.0,0.0,5000,sample_sd,95% percentile bootstrap over simulator_seeds_within_fixed_target,simulator_seeds_within_fixed_target,5000
MNIST_QNN_z_r1_d6_s43,z_r1_d6,43,medium_risk_z_anchor,z,1,6,ideal_shot,1024,loss,ibm_kingston,False,10,0.924,0.014298407059684782,0.915,0.932,5000,0.733,0.014944341180973276,0.724,0.742,5000,0.191,0.024244128727957552,0.17700000000000002,0.20600000000000002,5000,0.22539312182564392,0.008326372686031782,0.22081988670650135,0.2303462248360609,5000,0.6133300840220182,0.007687952367309259,0.6084807660251287,0.6175792203141609,5000,0.3879369621963743,0.008700815803491047,0.3828517790199257,0.3930622342215327,5000,0.55617,0.003935324354837595,0.55399975,0.55852,5000,0.5845,0.007619419633774959,0.5800000000000001,0.5890000000000001,5000,0.169,0.015238839267549929,0.16099999999999998,0.17800000000000002,5000,0.924,0.02270584848790185,0.9099999999999999,0.9359999999999999,5000,0.7550000000000001,0.015092308563562374,0.745,0.7629999999999999,5000,0.077,0.02213594362117866,0.06400000000000002,0.09,5000,0.12800000000000003,0.016193277068654827,0.119,0.13799999999999998,5000,sample_sd,95% percentile bootstrap over simulator_seeds_within_fixed_target,simulator_seeds_within_fixed_target,5000
MNIST_QNN_z_r1_d6_s43,z_r1_d6,43,medium_risk_z_anchor,z,1,6,noisy_shot,128,confidence,ibm_kingston,True,10,0.8539999999999999,0.03238655413730966,0.835,0.874,5000,0.7179999999999999,0.013165611772087677,0.7100000000000001,0.726,5000,0.13599999999999998,0.03777124126457414,0.11400000000000002,0.15900000000000003,5000,0.36533804311439966,0.038143118319261544,0.34219403721954417,0.38672001449188154,5000,0.6698491658567509,0.022782996990890793,0.6570563081456813,0.6832865196351776,5000,0.30451112274235126,0.049668020026059086,0.27536922537707975,0.3326886741356393,5000,0.46581,0.026883842731276378,0.45167999999999997,0.4825005000000001,5000,0.48949999999999994,0.0190685896466181,0.4779999999999999,0.501,5000,-0.020999999999999998,0.03813717929323619,-0.04299999999999998,0.001999999999999996,5000,0.16299999999999998,0.17562902822584756,0.07,0.271,5000,0.184,0.1852445830667001,0.092,0.3100249999999996,5000,0.07100000000000002,0.019119507199599983,0.05900000000000001,0.081,5000,0.11200000000000002,0.02485513584307633,0.098,0.127,5000,sample_sd,95% percentile bootstrap over simulator_seeds_within_fixed_target,simulator_seeds_within_fixed_target,5000
MNIST_QNN_z_r1_d6_s43,z_r1_d6,43,medium_risk_z_anchor,z,1,6,noisy_shot,128,correctness,ibm_kingston,True,10,0.8539999999999999,0.03238655413730966,0.836,0.874,5000,0.7179999999999999,0.013165611772087677,0.71,0.726,5000,0.13599999999999998,0.03777124126457414,0.11400000000000002,0.15900000000000003,5000,0.36533804311439966,0.038143118319261544,0.3408507102416581,0.3867686784855998,5000,0.6698491658567509,0.022782996990890793,0.6569953978447243,0.6837772466252078,5000,0.30451112274235126,0.049668020026059086,0.27553028409780317,0.3334007103009762,5000,0.568,0.018885620632287083,0.5569999999999999,0.5790000000000001,5000,0.5679999999999998,0.01888562063228708,0.5569999999999999,0.579,5000,0.13599999999999998,0.03777124126457414,0.11499999999999999,0.15900000000000003,5000,0.8539999999999999,0.03238655413730966,0.8360000000000001,0.873,5000,0.7179999999999999,0.013165611772087677,0.71,0.726,5000,0.0,0.0,0.0,0.0,5000,0.0,0.0,0.0,0.0,5000,sample_sd,95% percentile bootstrap over simulator_seeds_within_fixed_target,simulator_seeds_within_fixed_target,5000
MNIST_QNN_z_r1_d6_s43,z_r1_d6,43,medium_risk_z_anchor,z,1,6,noisy_shot,128,loss,ibm_kingston,True,10,0.8539999999999999,0.03238655413730966,0.835,0.874,5000,0.7179999999999999,0.013165611772087677,0.71,0.726,5000,0.13599999999999998,0.03777124126457414,0.11499999999999999,0.15800000000000006,5000,0.36533804311439966,0.038143118319261544,0.3422229658537497,0.38743213905690027,5000,0.6698491658567509,0.022782996990890793,0.6569390381185767,0.6836261242743676,5000,0.30451112274235126,0.049668020026059086,0.27418275189199975,0.3326768162744296,5000,0.5369999999999999,0.019429530788638908,0.5260889999999999,0.5489702500000001,5000,0.557,0.019607254893136958,0.5459875000000001,0.5685,5000,0.11399999999999996,0.039214509786274006,0.09099999999999997,0.137,5000,0.8860000000000001,0.03949683531626301,0.8649999999999999,0.9100000000000001,5000,0.772,0.03190262963734776,0.7529999999999999,0.7900000000000001,5000,0.07100000000000002,0.019119507199599983,0.05900000000000001,0.081,5000,0.11200000000000002,0.02485513584307633,0.098,0.12700000000000003,5000,sample_sd,95% percentile bootstrap over simulator_seeds_within_fixed_target,simulator_seeds_within_fixed_target,5000
MNIST_QNN_z_r1_d6_s43,z_r1_d6,43,medium_risk_z_anchor,z,1,6,noisy_shot,512,confidence,ibm_kingston,True,10,0.884,0.02503331114069147,0.869,0.898,5000,0.7070000000000001,0.01636391694484479,0.698,0.717,5000,0.17700000000000005,0.03093002855909882,0.15700000000000003,0.1940000000000001,5000,0.2940170696583081,0.014727073353302537,0.2851779547103909,0.3024907132849625,5000,0.6302242174842686,0.01634723237026533,0.6203928065338863,0.6397009192619443,5000,0.3362071478259604,0.025091171252077795,0.32044272410927804,0.35004452916588163,5000,0.47074999999999995,0.010346470144181767,0.46480949999999993,0.47694025,5000,0.4665,0.015284342024147171,0.4575,0.4755,5000,-0.06699999999999998,0.03056868404829434,-0.08499999999999999,-0.048999999999999995,5000,0.426,0.17846256999407156,0.32697499999999996,0.5310249999999996,5000,0.49300000000000005,0.17600820687936372,0.391,0.597,5000,0.06799999999999999,0.013165611772087665,0.06100000000000001,0.076,5000,0.10400000000000001,0.020110804171997808,0.092,0.11500000000000002,5000,sample_sd,95% percentile bootstrap over simulator_seeds_within_fixed_target,simulator_seeds_within_fixed_target,5000
MNIST_QNN_z_r1_d6_s43,z_r1_d6,43,medium_risk_z_anchor,z,1,6,noisy_shot,512,correctness,ibm_kingston,True,10,0.884,0.02503331114069147,0.8690000000000001,0.898,5000,0.7070000000000001,0.01636391694484479,0.698,0.717,5000,0.17700000000000005,0.03093002855909882,0.15900000000000003,0.19500000000000006,5000,0.2940170696583081,0.014727073353302537,0.28529185704752597,0.30247265850305816,5000,0.6302242174842686,0.01634723237026533,0.6202151792146622,0.6397262924807947,5000,0.3362071478259604,0.025091171252077795,0.32092665450121677,0.34969835232468394,5000,0.5885,0.015465014279549391,0.5790000000000001,0.5974999999999999,5000,0.5885,0.015465014279549364,0.5795,0.5970000000000001,5000,0.17700000000000005,0.03093002855909882,0.15900000000000003,0.1940000000000001,5000,0.884,0.02503331114069147,0.869,0.898,5000,0.7070000000000001,0.01636391694484479,0.698,0.717,5000,0.0,0.0,0.0,0.0,5000,0.0,0.0,0.0,0.0,5000,sample_sd,95% percentile bootstrap over simulator_seeds_within_fixed_target,simulator_seeds_within_fixed_target,5000
MNIST_QNN_z_r1_d6_s43,z_r1_d6,43,medium_risk_z_anchor,z,1,6,noisy_shot,512,loss,ibm_kingston,True,10,0.884,0.02503331114069147,0.869,0.898,5000,0.7070000000000001,0.01636391694484479,0.6979999999999998,0.717,5000,0.17700000000000005,0.03093002855909882,0.15800000000000006,0.19500000000000006,5000,0.2940170696583081,0.014727073353302537,0.2854486667309753,0.3024619715417557,5000,0.6302242174842686,0.01634723237026533,0.6203638752501371,0.63946398016155,5000,0.3362071478259604,0.025091171252077795,0.3203673416340629,0.3502375660576563,5000,0.5443100000000001,0.007745457450087162,0.5396,0.5486602500000002,5000,0.5860000000000001,0.01760681686165899,0.5759875,0.5960000000000001,5000,0.172,0.03521363372331803,0.152,0.19202499999999967,5000,0.9229999999999998,0.03497618237219912,0.901,0.942,5000,0.751,0.02558211180579988,0.737,0.767,5000,0.06799999999999999,0.013165611772087665,0.06100000000000001,0.076,5000,0.10400000000000001,0.020110804171997808,0.092,0.11600000000000002,5000,sample_sd,95% percentile bootstrap over simulator_seeds_within_fixed_target,simulator_seeds_within_fixed_target,5000
MNIST_QNN_z_r1_d6_s43,z_r1_d6,43,medium_risk_z_anchor,z,1,6,noisy_shot,1024,confidence,ibm_kingston,True,10,0.891,0.02282785822435193,0.877,0.9040000000000001,5000,0.712,0.013984117975602034,0.704,0.72,5000,0.17900000000000005,0.024244128727957594,0.164,0.19300000000000006,5000,0.28319010524659827,0.010214301227597809,0.2773564534293579,0.28901212853724023,5000,0.6190465699396154,0.00858650202698292,0.6137211346272794,0.6239914542517414,5000,0.3358564646930172,0.008731585636218835,0.33096392492377236,0.3412373827424293,5000,0.47329,0.007416715355645454,0.46913,0.4777107500000001,5000,0.47250000000000003,0.016708281379802837,0.46299999999999997,0.48250000000000004,5000,-0.05500000000000001,0.0334165627596057,-0.075,-0.034999999999999996,5000,0.33999999999999997,0.1501110699893027,0.251,0.426,5000,0.395,0.14439529078193653,0.31000000000000005,0.4800000000000001,5000,0.06200000000000001,0.0063245553203367605,0.05800000000000001,0.06600000000000002,5000,0.10700000000000001,0.02162817093001112,0.094,0.12000000000000002,5000,sample_sd,95% percentile bootstrap over simulator_seeds_within_fixed_target,simulator_seeds_within_fixed_target,5000
MNIST_QNN_z_r1_d6_s43,z_r1_d6,43,medium_risk_z_anchor,z,1,6,noisy_shot,1024,correctness,ibm_kingston,True,10,0.891,0.02282785822435193,0.877,0.9040000000000001,5000,0.712,0.013984117975602034,0.704,0.7209999999999999,5000,0.17900000000000005,0.024244128727957594,0.16500000000000004,0.19300000000000006,5000,0.28319010524659827,0.010214301227597809,0.277211970259131,0.28913704102570553,5000,0.6190465699396154,0.00858650202698292,0.6138384769428689,0.6240864426072236,5000,0.3358564646930172,0.008731585636218835,0.33117497017671965,0.3411831027730892,5000,0.5894999999999999,0.012122064363978812,0.5820000000000001,0.5965,5000,0.5894999999999999,0.0121220643639788,0.5824999999999999,0.596,5000,0.17900000000000005,0.024244128727957594,0.164,0.19300000000000006,5000,0.891,0.02282785822435193,0.877,0.9040000000000001,5000,0.712,0.013984117975602034,0.704,0.72,5000,0.0,0.0,0.0,0.0,5000,0.0,0.0,0.0,0.0,5000,sample_sd,95% percentile bootstrap over simulator_seeds_within_fixed_target,simulator_seeds_within_fixed_target,5000
MNIST_QNN_z_r1_d6_s43,z_r1_d6,43,medium_risk_z_anchor,z,1,6,noisy_shot,1024,loss,ibm_kingston,True,10,0.891,0.02282785822435193,0.877,0.905,5000,0.712,0.013984117975602034,0.704,0.72,5000,0.17900000000000005,0.024244128727957594,0.16400000000000006,0.19300000000000006,5000,0.28319010524659827,0.010214301227597809,0.2772020000224002,0.2891151091395252,5000,0.6190465699396154,0.00858650202698292,0.6139192020272705,0.6239376493852163,5000,0.3358564646930172,0.008731585636218835,0.3311327302789854,0.3411587871977827,5000,0.5467000000000001,0.0050688591747387515,0.5436700000000001,0.5495099999999999,5000,0.589,0.015420044674960488,0.5795,0.5974999999999999,5000,0.178,0.03084008934992101,0.15999999999999998,0.195,5000,0.93,0.021602468994692835,0.9170000000000001,0.943,5000,0.752,0.023475755815545365,0.7379999999999999,0.765,5000,0.06200000000000001,0.0063245553203367605,0.05800000000000001,0.06600000000000002,5000,0.10700000000000001,0.02162817093001112,0.094,0.12000000000000002,5000,sample_sd,95% percentile bootstrap over simulator_seeds_within_fixed_target,simulator_seeds_within_fixed_target,5000
MNIST_QNN_z_r1_d6_s44,z_r1_d6,44,medium_risk_z_anchor,z,1,6,exact,0,confidence,none,False,1,0.94,,,,0,0.78,,,,0,0.15999999999999992,,,,0,0.24789545225095935,,,,0,0.5403431775025092,,,,0,0.29244772525154983,,,,0,0.5203,,,,0,0.435,,,,0,-0.13,,,,0,0.49,,,,0,0.62,,,,0,0.03,,,,0,0.07,,,,0,sample_sd,none_single_replicate,none,0
MNIST_QNN_z_r1_d6_s44,z_r1_d6,44,medium_risk_z_anchor,z,1,6,exact,0,correctness,none,False,1,0.94,,,,0,0.78,,,,0,0.15999999999999992,,,,0,0.24789545225095935,,,,0,0.5403431775025092,,,,0,0.29244772525154983,,,,0,0.58,,,,0,0.58,,,,0,0.15999999999999992,,,,0,0.94,,,,0,0.78,,,,0,0.0,,,,0,0.0,,,,0,sample_sd,none_single_replicate,none,0
MNIST_QNN_z_r1_d6_s44,z_r1_d6,44,medium_risk_z_anchor,z,1,6,exact,0,loss,none,False,1,0.94,,,,0,0.78,,,,0,0.15999999999999992,,,,0,0.24789545225095935,,,,0,0.5403431775025092,,,,0,0.29244772525154983,,,,0,0.5679,,,,0,0.58,,,,0,0.16000000000000003,,,,0,0.85,,,,0,0.69,,,,0,0.03,,,,0,0.07,,,,0,sample_sd,none_single_replicate,none,0
MNIST_QNN_z_r1_d6_s44,z_r1_d6,44,medium_risk_z_anchor,z,1,6,ideal_shot,128,confidence,ibm_kingston,False,10,0.8880000000000001,0.013984117975602034,0.8790000000000001,0.8960000000000001,5000,0.746,0.024585451886114384,0.732,0.7609999999999999,5000,0.142,0.03190262963734776,0.12400000000000003,0.16100000000000003,5000,0.2962866944041743,0.011815779863265473,0.2891247236219752,0.30289801628586793,5000,0.5859323268598382,0.03251119573395763,0.566442274165119,0.6039167535353682,5000,0.2896456324556639,0.027018220859386,0.2734445645524502,0.3054474567682126,5000,0.5197299999999999,0.004778435355264808,0.5169400000000001,0.52251,5000,0.5,0.015092308563562373,0.4915,0.5095,5000,-1.1102230246251566e-17,0.03018461712712472,-0.017000000000000015,0.018999999999999982,5000,0.55,0.12631530214330944,0.47700000000000004,0.6200000000000001,5000,0.55,0.1246327939722661,0.47400000000000003,0.619,5000,0.048,0.02043961295567452,0.036000000000000004,0.06000000000000001,5000,0.101,0.018529256146249725,0.09,0.11199999999999999,5000,sample_sd,95% percentile bootstrap over simulator_seeds_within_fixed_target,simulator_seeds_within_fixed_target,5000
MNIST_QNN_z_r1_d6_s44,z_r1_d6,44,medium_risk_z_anchor,z,1,6,ideal_shot,128,correctness,ibm_kingston,False,10,0.8880000000000001,0.013984117975602034,0.8790000000000001,0.8950000000000001,5000,0.746,0.024585451886114384,0.732,0.7609999999999999,5000,0.142,0.03190262963734776,0.12400000000000003,0.16100000000000003,5000,0.2962866944041743,0.011815779863265473,0.289132949347607,0.3029431067130732,5000,0.5859323268598382,0.03251119573395763,0.566200360260778,0.6038507502135518,5000,0.2896456324556639,0.027018220859386,0.27375009321271787,0.30499227566664155,5000,0.571,0.01595131481867388,0.562,0.5805,5000,0.571,0.01595131481867384,0.562,0.5805,5000,0.142,0.03190262963734776,0.12399999999999997,0.16100000000000003,5000,0.8880000000000001,0.013984117975602034,0.8790000000000001,0.8960000000000001,5000,0.746,0.024585451886114384,0.732,0.76,5000,0.0,0.0,0.0,0.0,5000,0.0,0.0,0.0,0.0,5000,sample_sd,95% percentile bootstrap over simulator_seeds_within_fixed_target,simulator_seeds_within_fixed_target,5000
MNIST_QNN_z_r1_d6_s44,z_r1_d6,44,medium_risk_z_anchor,z,1,6,ideal_shot,128,loss,ibm_kingston,False,10,0.8880000000000001,0.013984117975602034,0.8799999999999999,0.8960000000000001,5000,0.746,0.024585451886114384,0.7329999999999999,0.76,5000,0.142,0.03190262963734776,0.12397499999999997,0.16100000000000003,5000,0.2962866944041743,0.011815779863265473,0.28901612019644163,0.30283923224139797,5000,0.5859323268598382,0.03251119573395763,0.5657839655045059,0.6035891246994979,5000,0.2896456324556639,0.027018220859386,0.2736046531879536,0.3048734514640117,5000,0.56583,0.006069239381229438,0.56281,0.5699199999999999,5000,0.5509999999999999,0.02170509412813293,0.5389999999999999,0.5640000000000001,5000,0.10200000000000001,0.04341018825626591,0.07799999999999999,0.129,5000,0.782,0.05493430419854044,0.752,0.818,5000,0.68,0.042426406871192854,0.655,0.704,5000,0.048,0.02043961295567452,0.037,0.06000000000000001,5000,0.101,0.018529256146249725,0.08900000000000001,0.11100000000000002,5000,sample_sd,95% percentile bootstrap over simulator_seeds_within_fixed_target,simulator_seeds_within_fixed_target,5000
MNIST_QNN_z_r1_d6_s44,z_r1_d6,44,medium_risk_z_anchor,z,1,6,ideal_shot,512,confidence,ibm_kingston,False,10,0.916,0.014298407059684805,0.908,0.925,5000,0.768,0.016193277068654838,0.7589750000000001,0.778,5000,0.148,0.013165611772087676,0.13999999999999999,0.15500000000000003,5000,0.2574232373115374,0.008983207104798361,0.252122145920062,0.262650448412131,5000,0.5471968532466853,0.017164740893436316,0.5364551829712269,0.5563038032169686,5000,0.28977361593514794,0.015675108084117505,0.2803031517543874,0.2989877633456097,5000,0.52406,0.007043231581533536,0.5196397500000001,0.5280302500000001,5000,0.506,0.015420044674960495,0.49750000000000005,0.5155000000000001,5000,0.011999999999999983,0.030840089349921003,-0.005000000000000016,0.030999999999999965,5000,0.5569999999999998,0.10242070103255492,0.509,0.625,5000,0.545,0.09559753599799992,0.49400000000000005,0.605,5000,0.046000000000000006,0.021186998109427604,0.033999999999999996,0.05800000000000001,5000,0.083,0.024517567397911055,0.068,0.097,5000,sample_sd,95% percentile bootstrap over simulator_seeds_within_fixed_target,simulator_seeds_within_fixed_target,5000
MNIST_QNN_z_r1_d6_s44,z_r1_d6,44,medium_risk_z_anchor,z,1,6,ideal_shot,512,correctness,ibm_kingston,False,10,0.916,0.014298407059684805,0.908,0.925,5000,0.768,0.016193277068654838,0.759,0.777,5000,0.148,0.013165611772087676,0.13999999999999999,0.15500000000000003,5000,0.2574232373115374,0.008983207104798361,0.2522065864293603,0.26274425162909026,5000,0.5471968532466853,0.017164740893436316,0.5360650236646674,0.5562081883097257,5000,0.28977361593514794,0.015675108084117505,0.27998093163684384,0.2987443519672938,5000,0.5740000000000001,0.006582805886043808,0.5700000000000001,0.5775,5000,0.5740000000000001,0.006582805886043815,0.5700000000000001,0.5775000000000001,5000,0.148,0.013165611772087676,0.13999999999999999,0.156,5000,0.916,0.014298407059684805,0.908,0.925,5000,0.768,0.016193277068654838,0.759,0.777,5000,0.0,0.0,0.0,0.0,5000,0.0,0.0,0.0,0.0,5000,sample_sd,95% percentile bootstrap over simulator_seeds_within_fixed_target,simulator_seeds_within_fixed_target,5000
MNIST_QNN_z_r1_d6_s44,z_r1_d6,44,medium_risk_z_anchor,z,1,6,ideal_shot,512,loss,ibm_kingston,False,10,0.916,0.014298407059684805,0.908,0.925,5000,0.768,0.016193277068654838,0.759,0.778,5000,0.148,0.013165611772087676,0.13999999999999999,0.15500000000000003,5000,0.2574232373115374,0.008983207104798361,0.25233172793461855,0.2629710155427849,5000,0.5471968532466853,0.017164740893436316,0.536247617210733,0.5564890674012276,5000,0.28977361593514794,0.015675108084117505,0.2804918902502417,0.29906933810279296,5000,0.5692900000000001,0.005852720165302032,0.56568975,0.57244,5000,0.562,0.02250925735484548,0.5495000000000001,0.5755,5000,0.12400000000000003,0.045018514709691024,0.09897499999999998,0.15099999999999997,5000,0.7949999999999999,0.03566822426505448,0.776,0.818,5000,0.6709999999999999,0.04771442828607157,0.643,0.6990000000000001,5000,0.046000000000000006,0.021186998109427604,0.034,0.059,5000,0.083,0.024517567397911055,0.06700000000000002,0.096,5000,sample_sd,95% percentile bootstrap over simulator_seeds_within_fixed_target,simulator_seeds_within_fixed_target,5000
MNIST_QNN_z_r1_d6_s44,z_r1_d6,44,medium_risk_z_anchor,z,1,6,ideal_shot,1024,confidence,ibm_kingston,False,10,0.922,0.012292725943057166,0.9159750000000001,0.9299999999999999,5000,0.78,0.013333333333333346,0.772,0.7870000000000001,5000,0.14200000000000002,0.018737959096740267,0.131,0.15300000000000002,5000,0.2561194326468103,0.008733220048549307,0.2511632643516481,0.2613268581925673,5000,0.5349417244758806,0.012362993592854487,0.527884994166516,0.5429074207418685,5000,0.27882229182907037,0.014556608556186243,0.27085136839949625,0.2878167256663321,5000,0.52176,0.006732376169591884,0.5177397499999999,0.5255799999999999,5000,0.5055,0.022292250771163626,0.49350000000000005,0.519,5000,0.011000000000000005,0.04458450154232722,-0.014000000000000012,0.03800000000000003,5000,0.563,0.0740945342113708,0.52,0.608,5000,0.552,0.06285786435372356,0.516,0.589,5000,0.039999999999999994,0.009428090415820635,0.034999999999999996,0.046,5000,0.07700000000000001,0.020575065816014617,0.06400000000000002,0.089,5000,sample_sd,95% percentile bootstrap over simulator_seeds_within_fixed_target,simulator_seeds_within_fixed_target,5000
MNIST_QNN_z_r1_d6_s44,z_r1_d6,44,medium_risk_z_anchor,z,1,6,ideal_shot,1024,correctness,ibm_kingston,False,10,0.922,0.012292725943057166,0.915,0.9299999999999999,5000,0.78,0.013333333333333346,0.772,0.788,5000,0.14200000000000002,0.018737959096740267,0.13199999999999998,0.15299999999999997,5000,0.2561194326468103,0.008733220048549307,0.2509433896354334,0.2612315183457897,5000,0.5349417244758806,0.012362993592854487,0.5281240922192273,0.5423077059650605,5000,0.27882229182907037,0.014556608556186243,0.2706082494317008,0.2876036901814405,5000,0.571,0.009368979548370139,0.5660000000000001,0.5765,5000,0.5710000000000001,0.00936897954837009,0.5660000000000001,0.577,5000,0.14200000000000002,0.018737959096740267,0.13199999999999998,0.15299999999999997,5000,0.922,0.012292725943057166,0.915,0.9299999999999999,5000,0.78,0.013333333333333346,0.772,0.788,5000,0.0,0.0,0.0,0.0,5000,0.0,0.0,0.0,0.0,5000,sample_sd,95% percentile bootstrap over simulator_seeds_within_fixed_target,simulator_seeds_within_fixed_target,5000
MNIST_QNN_z_r1_d6_s44,z_r1_d6,44,medium_risk_z_anchor,z,1,6,ideal_shot,1024,loss,ibm_kingston,False,10,0.922,0.012292725943057166,0.916,0.9299999999999999,5000,0.78,0.013333333333333346,0.7719999999999999,0.788,5000,0.14200000000000002,0.018737959096740267,0.131,0.15299999999999997,5000,0.2561194326468103,0.008733220048549307,0.2511540568004049,0.26136946906006997,5000,0.5349417244758806,0.012362993592854487,0.5278300974835903,0.5425389860438037,5000,0.27882229182907037,0.014556608556186243,0.27078777885962046,0.28794416798530653,5000,0.5672200000000001,0.006428547442636027,0.56355,0.57100025,5000,0.5605,0.013632070031118989,0.5529999999999999,0.5685,5000,0.12100000000000004,0.027264140062238002,0.10600000000000005,0.13799999999999998,5000,0.799,0.04629614814791111,0.7710000000000001,0.826,5000,0.678,0.03852848873813302,0.653,0.6990000000000001,5000,0.039999999999999994,0.009428090415820635,0.034999999999999996,0.046,5000,0.07700000000000001,0.020575065816014617,0.065,0.089,5000,sample_sd,95% percentile bootstrap over simulator_seeds_within_fixed_target,simulator_seeds_within_fixed_target,5000
MNIST_QNN_z_r1_d6_s44,z_r1_d6,44,medium_risk_z_anchor,z,1,6,noisy_shot,128,confidence,ibm_kingston,True,10,0.8460000000000001,0.020110804171997804,0.834,0.858,5000,0.738,0.03675746333890729,0.718,0.7609999999999999,5000,0.10800000000000001,0.03359894178227778,0.08799999999999998,0.12600000000000003,5000,0.3680452771922573,0.020877943282676444,0.35485603909574565,0.379584693922344,5000,0.5813970630844415,0.04460532945081825,0.5569137673894257,0.6093173403567612,5000,0.21335178589218415,0.0495810494700845,0.18520779371380924,0.24308470927557135,5000,0.50654,0.01581730416699101,0.49661974999999997,0.5152302500000001,5000,0.4995000000000001,0.03601311489505516,0.47800000000000004,0.5215124999999998,5000,-0.0010000000000000286,0.07202622979011032,-0.043000000000000024,0.03999999999999996,5000,0.6599999999999999,0.11832159566199232,0.579,0.7150000000000001,5000,0.661,0.14969969939849578,0.5650000000000001,0.742,5000,0.04,0.018856180831641266,0.028000000000000004,0.051000000000000004,5000,0.07699999999999999,0.02869378562220979,0.06000000000000001,0.094,5000,sample_sd,95% percentile bootstrap over simulator_seeds_within_fixed_target,simulator_seeds_within_fixed_target,5000
MNIST_QNN_z_r1_d6_s44,z_r1_d6,44,medium_risk_z_anchor,z,1,6,noisy_shot,128,correctness,ibm_kingston,True,10,0.8460000000000001,0.020110804171997804,0.834,0.858,5000,0.738,0.03675746333890729,0.7179749999999999,0.7609999999999999,5000,0.10800000000000001,0.03359894178227778,0.08699999999999998,0.127,5000,0.3680452771922573,0.020877943282676444,0.3555136937534873,0.37985731940636175,5000,0.5813970630844415,0.04460532945081825,0.5573950609809943,0.6090622372891005,5000,0.21335178589218415,0.0495810494700845,0.18635026530518226,0.24313263021097736,5000,0.5539999999999999,0.01679947089113888,0.5439999999999999,0.5635,5000,0.554,0.01679947089113886,0.5435000000000001,0.5630000000000001,5000,0.10800000000000001,0.03359894178227778,0.08699999999999998,0.127,5000,0.8460000000000001,0.020110804171997804,0.834,0.8579999999999999,5000,0.738,0.03675746333890729,0.7179999999999999,0.76,5000,0.0,0.0,0.0,0.0,5000,0.0,0.0,0.0,0.0,5000,sample_sd,95% percentile bootstrap over simulator_seeds_within_fixed_target,simulator_seeds_within_fixed_target,5000
MNIST_QNN_z_r1_d6_s44,z_r1_d6,44,medium_risk_z_anchor,z,1,6,noisy_shot,128,loss,ibm_kingston,True,10,0.8460000000000001,0.020110804171997804,0.834,0.858,5000,0.738,0.03675746333890729,0.7179999999999999,0.76,5000,0.10800000000000001,0.03359894178227778,0.08799999999999997,0.127,5000,0.3680452771922573,0.020877943282676444,0.35518605342335063,0.37976374450489536,5000,0.5813970630844415,0.04460532945081825,0.5569542380763036,0.6076404335729457,5000,0.21335178589218415,0.0495810494700845,0.18557390540112903,0.24241043709645307,5000,0.5443899999999999,0.010641788696768349,0.5386797499999999,0.5513610000000001,5000,0.5395,0.019642640691448127,0.5285,0.5515,5000,0.07900000000000003,0.039285281382896234,0.05800000000000002,0.10300000000000002,5000,0.7470000000000001,0.05869885480616769,0.712,0.781,5000,0.6679999999999999,0.06811754546370562,0.6279999999999999,0.708,5000,0.04,0.018856180831641266,0.029000000000000005,0.051000000000000004,5000,0.07699999999999999,0.02869378562220979,0.05900000000000001,0.094,5000,sample_sd,95% percentile bootstrap over simulator_seeds_within_fixed_target,simulator_seeds_within_fixed_target,5000
MNIST_QNN_z_r1_d6_s44,z_r1_d6,44,medium_risk_z_anchor,z,1,6,noisy_shot,512,confidence,ibm_kingston,True,10,0.884,0.015776212754932326,0.875,0.8930000000000001,5000,0.7379999999999999,0.019888578520235085,0.727,0.75,5000,0.14600000000000005,0.021186998109427622,0.13400000000000004,0.15900000000000003,5000,0.31474187460914255,0.011648954027235623,0.30777463287193096,0.32171212123025905,5000,0.5461287362092407,0.016096687902524255,0.5367068300093989,0.5554117722328344,5000,0.2313868616000982,0.02226408257474891,0.2176840883292927,0.24430675009712868,5000,0.50587,0.00894589291239281,0.50083,0.5111802500000001,5000,0.49450000000000005,0.024883059833281505,0.48149999999999993,0.51,5000,-0.010999999999999992,0.04976611966656301,-0.038000000000000006,0.020000000000000018,5000,0.571,0.13633700076566807,0.49000000000000005,0.6510249999999996,5000,0.5820000000000001,0.11350966674448675,0.515,0.647,5000,0.016,0.012649110640673518,0.009,0.024,5000,0.05400000000000001,0.021705094128132943,0.042,0.068,5000,sample_sd,95% percentile bootstrap over simulator_seeds_within_fixed_target,simulator_seeds_within_fixed_target,5000
MNIST_QNN_z_r1_d6_s44,z_r1_d6,44,medium_risk_z_anchor,z,1,6,noisy_shot,512,correctness,ibm_kingston,True,10,0.884,0.015776212754932326,0.875,0.8930000000000001,5000,0.7379999999999999,0.019888578520235085,0.7260000000000001,0.75,5000,0.14600000000000005,0.021186998109427622,0.13400000000000004,0.15900000000000003,5000,0.31474187460914255,0.011648954027235623,0.30793261252404186,0.3214380350151623,5000,0.5461287362092407,0.016096687902524255,0.5363751273048196,0.5554904269391553,5000,0.2313868616000982,0.02226408257474891,0.21833102497504442,0.2445498637242359,5000,0.5730000000000001,0.010593499054713804,0.5670000000000001,0.5795,5000,0.5730000000000001,0.010593499054713792,0.5670000000000002,0.5795,5000,0.14600000000000005,0.021186998109427622,0.13399999999999998,0.15900000000000003,5000,0.884,0.015776212754932326,0.875,0.8930000000000001,5000,0.7379999999999999,0.019888578520235085,0.726,0.749,5000,0.0,0.0,0.0,0.0,5000,0.0,0.0,0.0,0.0,5000,sample_sd,95% percentile bootstrap over simulator_seeds_within_fixed_target,simulator_seeds_within_fixed_target,5000
MNIST_QNN_z_r1_d6_s44,z_r1_d6,44,medium_risk_z_anchor,z,1,6,noisy_shot,512,loss,ibm_kingston,True,10,0.884,0.015776212754932326,0.875,0.8930000000000001,5000,0.7379999999999999,0.019888578520235085,0.726,0.749,5000,0.14600000000000005,0.021186998109427622,0.13400000000000004,0.15900000000000003,5000,0.31474187460914255,0.011648954027235623,0.3079784951588313,0.32157390635181216,5000,0.5461287362092407,0.016096687902524255,0.5365195672896311,0.5554762511046952,5000,0.2313868616000982,0.02226408257474891,0.21835051433534824,0.24428520229940182,5000,0.55103,0.00805702591944861,0.5463699999999999,0.55576,5000,0.5495,0.029481632700151934,0.5314875,0.5665,5000,0.09900000000000003,0.05896326540030384,0.06400000000000003,0.13300000000000006,5000,0.8109999999999999,0.06367451958550176,0.776,0.85,5000,0.712,0.04341018825626589,0.688,0.7380000000000001,5000,0.016,0.012649110640673518,0.009,0.024,5000,0.05400000000000001,0.021705094128132943,0.041999999999999996,0.06799999999999999,5000,sample_sd,95% percentile bootstrap over simulator_seeds_within_fixed_target,simulator_seeds_within_fixed_target,5000
MNIST_QNN_z_r1_d6_s44,z_r1_d6,44,medium_risk_z_anchor,z,1,6,noisy_shot,1024,confidence,ibm_kingston,True,10,0.898,0.011352924243950943,0.8920000000000001,0.905,5000,0.738,0.010327955589886454,0.732,0.744,5000,0.16000000000000006,0.012472191289246483,0.15200000000000005,0.16700000000000004,5000,0.30813312143157234,0.007321204385541416,0.30388265142173043,0.3126089098668482,5000,0.5340689641074279,0.01491284871794195,0.5254476052258368,0.5427847286854172,5000,0.22593584267585537,0.015476267475156824,0.21689377594669348,0.23508826465154709,5000,0.50629,0.008068105932208205,0.5018800000000001,0.51135075,5000,0.493,0.018135294011647277,0.48249999999999993,0.5035124999999999,5000,-0.01399999999999998,0.03627058802329451,-0.03499999999999996,0.007000000000000029,5000,0.628,0.1365283853270081,0.548,0.708,5000,0.6419999999999999,0.13595750970227588,0.563,0.72,5000,0.009,0.009944289260117532,0.003,0.015000000000000003,5000,0.046,0.021186998109427604,0.034999999999999996,0.05900000000000001,5000,sample_sd,95% percentile bootstrap over simulator_seeds_within_fixed_target,simulator_seeds_within_fixed_target,5000
MNIST_QNN_z_r1_d6_s44,z_r1_d6,44,medium_risk_z_anchor,z,1,6,noisy_shot,1024,correctness,ibm_kingston,True,10,0.898,0.011352924243950943,0.8920000000000001,0.905,5000,0.738,0.010327955589886454,0.732,0.744,5000,0.16000000000000006,0.012472191289246483,0.15300000000000002,0.16700000000000004,5000,0.30813312143157234,0.007321204385541416,0.3040278147729172,0.31256133534877445,5000,0.5340689641074279,0.01491284871794195,0.5252840939797491,0.5428326402770763,5000,0.22593584267585537,0.015476267475156824,0.21708814371573099,0.23503980196588092,5000,0.58,0.006236095644623251,0.5765,0.5835,5000,0.58,0.006236095644623242,0.5765,0.5835,5000,0.16000000000000006,0.012472191289246483,0.15300000000000002,0.16702499999999967,5000,0.898,0.011352924243950943,0.8920000000000001,0.905,5000,0.738,0.010327955589886454,0.732,0.744,5000,0.0,0.0,0.0,0.0,5000,0.0,0.0,0.0,0.0,5000,sample_sd,95% percentile bootstrap over simulator_seeds_within_fixed_target,simulator_seeds_within_fixed_target,5000
MNIST_QNN_z_r1_d6_s44,z_r1_d6,44,medium_risk_z_anchor,z,1,6,noisy_shot,1024,loss,ibm_kingston,True,10,0.898,0.011352924243950943,0.8920000000000001,0.905,5000,0.738,0.010327955589886454,0.732,0.744,5000,0.16000000000000006,0.012472191289246483,0.15300000000000002,0.16700000000000004,5000,0.30813312143157234,0.007321204385541416,0.304038277889532,0.31232316841130964,5000,0.5340689641074279,0.01491284871794195,0.5253991479205928,0.5429428391566035,5000,0.22593584267585537,0.015476267475156824,0.21689096351671616,0.23485969561323874,5000,0.5508000000000001,0.0062579726926715075,0.5472,0.55449,5000,0.571,0.021832697191750416,0.5574999999999999,0.5834999999999999,5000,0.14200000000000004,0.043665394383500845,0.11400000000000003,0.166,5000,0.86,0.05291502622129182,0.8250000000000002,0.8870000000000001,5000,0.718,0.022997584414213807,0.7049999999999998,0.7310000000000001,5000,0.009,0.009944289260117532,0.004,0.015000000000000003,5000,0.046,0.021186998109427604,0.034999999999999996,0.06,5000,sample_sd,95% percentile bootstrap over simulator_seeds_within_fixed_target,simulator_seeds_within_fixed_target,5000
MNIST_QNN_z_r1_d6_s45,z_r1_d6,45,medium_risk_z_anchor,z,1,6,exact,0,confidence,none,False,1,0.95,,,,0,0.76,,,,0,0.18999999999999995,,,,0,0.19047785101922274,,,,0,0.6327584863906668,,,,0,0.442280635371444,,,,0,0.5219,,,,0,0.53,,,,0,0.05999999999999994,,,,0,0.57,,,,0,0.51,,,,0,0.07,,,,0,0.08,,,,0,sample_sd,none_single_replicate,none,0
MNIST_QNN_z_r1_d6_s45,z_r1_d6,45,medium_risk_z_anchor,z,1,6,exact,0,correctness,none,False,1,0.95,,,,0,0.76,,,,0,0.18999999999999995,,,,0,0.19047785101922274,,,,0,0.6327584863906668,,,,0,0.442280635371444,,,,0,0.595,,,,0,0.595,,,,0,0.18999999999999995,,,,0,0.95,,,,0,0.76,,,,0,0.0,,,,0,0.0,,,,0,sample_sd,none_single_replicate,none,0
MNIST_QNN_z_r1_d6_s45,z_r1_d6,45,medium_risk_z_anchor,z,1,6,exact,0,loss,none,False,1,0.95,,,,0,0.76,,,,0,0.18999999999999995,,,,0,0.19047785101922274,,,,0,0.6327584863906668,,,,0,0.442280635371444,,,,0,0.5781,,,,0,0.6,,,,0,0.20000000000000007,,,,0,0.91,,,,0,0.71,,,,0,0.07,,,,0,0.08,,,,0,sample_sd,none_single_replicate,none,0
MNIST_QNN_z_r1_d6_s45,z_r1_d6,45,medium_risk_z_anchor,z,1,6,ideal_shot,128,confidence,ibm_kingston,False,10,0.8780000000000001,0.02097617696340305,0.8649999999999999,0.889,5000,0.7270000000000001,0.025407785333546005,0.7110000000000001,0.741,5000,0.15100000000000002,0.03446415206816757,0.129,0.17099999999999999,5000,0.29362268290387555,0.027005637982303154,0.2781442567755116,0.30934135865814655,5000,0.7374087726813222,0.07124502195325257,0.695061315401488,0.7790354351151713,5000,0.4437860897774467,0.06727738633365377,0.4041772439706246,0.48273891751914133,5000,0.50356,0.016375198047996566,0.492999,0.5122,5000,0.493,0.03181543999730669,0.4740000000000001,0.5110124999999999,5000,-0.014000000000000018,0.06363087999461339,-0.053000000000000026,0.023024999999999646,5000,0.5429999999999999,0.13727911551126615,0.46699999999999997,0.627,5000,0.5570000000000002,0.14111067366511376,0.475,0.64,5000,0.05700000000000001,0.027908580918579305,0.042,0.075,5000,0.093,0.02710063549890379,0.07899999999999999,0.11000000000000001,5000,sample_sd,95% percentile bootstrap over simulator_seeds_within_fixed_target,simulator_seeds_within_fixed_target,5000
MNIST_QNN_z_r1_d6_s45,z_r1_d6,45,medium_risk_z_anchor,z,1,6,ideal_shot,128,correctness,ibm_kingston,False,10,0.8780000000000001,0.02097617696340305,0.865,0.889,5000,0.7270000000000001,0.025407785333546005,0.712,0.741,5000,0.15100000000000002,0.03446415206816757,0.129,0.17099999999999999,5000,0.29362268290387555,0.027005637982303154,0.27841324244207055,0.3094218973488454,5000,0.7374087726813222,0.07124502195325257,0.6950630816555636,0.7788297236538457,5000,0.4437860897774467,0.06727738633365377,0.4037672791457804,0.4828551617223203,5000,0.5755,0.01723207603408378,0.5650000000000001,0.585,5000,0.5755,0.017232076034083763,0.5654999999999999,0.5854999999999999,5000,0.15100000000000002,0.03446415206816757,0.12997499999999998,0.17,5000,0.8780000000000001,0.02097617696340305,0.8640000000000001,0.889,5000,0.7270000000000001,0.025407785333546005,0.7110000000000001,0.741,5000,0.0,0.0,0.0,0.0,5000,0.0,0.0,0.0,0.0,5000,sample_sd,95% percentile bootstrap over simulator_seeds_within_fixed_target,simulator_seeds_within_fixed_target,5000
MNIST_QNN_z_r1_d6_s45,z_r1_d6,45,medium_risk_z_anchor,z,1,6,ideal_shot,128,loss,ibm_kingston,False,10,0.8780000000000001,0.02097617696340305,0.8649999999999999,0.8889999999999999,5000,0.7270000000000001,0.025407785333546005,0.711,0.741,5000,0.15100000000000002,0.03446415206816757,0.12999999999999998,0.17099999999999999,5000,0.29362268290387555,0.027005637982303154,0.2786543382862615,0.30935043126411105,5000,0.7374087726813222,0.07124502195325257,0.695977797322289,0.7774127679739634,5000,0.4437860897774467,0.06727738633365377,0.40360832403054014,0.4824093264238693,5000,0.56364,0.015012602113631797,0.5545595000000001,0.57220075,5000,0.5584999999999999,0.014729034063523801,0.5495,0.567,5000,0.11699999999999999,0.029458068127047616,0.09999999999999999,0.13400000000000004,5000,0.843,0.033349995835415376,0.8239999999999998,0.8639999999999999,5000,0.726,0.033730961708462744,0.708,0.747,5000,0.05700000000000001,0.027908580918579305,0.041999999999999996,0.07400000000000002,5000,0.096,0.028362729848243527,0.08099999999999999,0.11400000000000002,5000,sample_sd,95% percentile bootstrap over simulator_seeds_within_fixed_target,simulator_seeds_within_fixed_target,5000
MNIST_QNN_z_r1_d6_s45,z_r1_d6,45,medium_risk_z_anchor,z,1,6,ideal_shot,512,confidence,ibm_kingston,False,10,0.9349999999999999,0.01957890020745119,0.922,0.945,5000,0.75,0.018257418583505554,0.739,0.7600249999999996,5000,0.18499999999999997,0.030276503540974924,0.16599999999999998,0.20199999999999996,5000,0.2210802186217975,0.015528118520497883,0.2121316589369268,0.2301435508215054,5000,0.657944684019949,0.023329884906793687,0.6454280174923478,0.6729941927618781,5000,0.4368644653981514,0.026368217125603447,0.4215869919020007,0.45150779430463145,5000,0.5101100000000001,0.01747960398737786,0.49995975000000004,0.5201105,5000,0.5125,0.04090979236211194,0.487,0.5355000000000001,5000,0.025000000000000005,0.08181958472422388,-0.02300000000000001,0.07300000000000001,5000,0.5840000000000001,0.09811557810392121,0.526975,0.6399999999999999,5000,0.5589999999999999,0.09666091936937769,0.5080000000000001,0.6249999999999999,5000,0.05700000000000001,0.009486832980505136,0.052000000000000005,0.06300000000000001,5000,0.087,0.018287822299126937,0.077,0.098,5000,sample_sd,95% percentile bootstrap over simulator_seeds_within_fixed_target,simulator_seeds_within_fixed_target,5000
MNIST_QNN_z_r1_d6_s45,z_r1_d6,45,medium_risk_z_anchor,z,1,6,ideal_shot,512,correctness,ibm_kingston,False,10,0.9349999999999999,0.01957890020745119,0.9229999999999998,0.945,5000,0.75,0.018257418583505554,0.7380000000000001,0.76,5000,0.18499999999999997,0.030276503540974924,0.166,0.202,5000,0.2210802186217975,0.015528118520497883,0.21162790108362675,0.2302173504486553,5000,0.657944684019949,0.023329884906793687,0.6457448751164736,0.673111035016442,5000,0.4368644653981514,0.026368217125603447,0.42133337314606417,0.4521897938968644,5000,0.5925,0.015138251770487455,0.583,0.6005,5000,0.5925,0.015138251770487443,0.5825000000000001,0.6009999999999999,5000,0.18499999999999997,0.030276503540974924,0.166,0.20199999999999996,5000,0.9349999999999999,0.01957890020745119,0.922,0.945,5000,0.75,0.018257418583505554,0.738,0.76,5000,0.0,0.0,0.0,0.0,5000,0.0,0.0,0.0,0.0,5000,sample_sd,95% percentile bootstrap over simulator_seeds_within_fixed_target,simulator_seeds_within_fixed_target,5000
MNIST_QNN_z_r1_d6_s45,z_r1_d6,45,medium_risk_z_anchor,z,1,6,ideal_shot,512,loss,ibm_kingston,False,10,0.9349999999999999,0.01957890020745119,0.923,0.945,5000,0.75,0.018257418583505554,0.7390000000000001,0.76,5000,0.18499999999999997,0.030276503540974924,0.16599999999999998,0.20199999999999996,5000,0.2210802186217975,0.015528118520497883,0.21219525282273083,0.2304974223959117,5000,0.657944684019949,0.023329884906793687,0.6459304992764702,0.6724709183286713,5000,0.4368644653981514,0.026368217125603447,0.42107025194390824,0.4521359875265933,5000,0.5701499999999999,0.01451346118455401,0.56131,0.57825,5000,0.5660000000000001,0.020923139768633615,0.5535,0.5785,5000,0.13199999999999998,0.04184627953726723,0.10800000000000001,0.15699999999999997,5000,0.851,0.07415449338299662,0.806,0.8939999999999999,5000,0.719,0.04931756504757937,0.6890000000000001,0.746,5000,0.05700000000000001,0.009486832980505136,0.052000000000000005,0.06300000000000001,5000,0.087,0.018287822299126937,0.077,0.098,5000,sample_sd,95% percentile bootstrap over simulator_seeds_within_fixed_target,simulator_seeds_within_fixed_target,5000
MNIST_QNN_z_r1_d6_s45,z_r1_d6,45,medium_risk_z_anchor,z,1,6,ideal_shot,1024,confidence,ibm_kingston,False,10,0.9410000000000001,0.01791957340762079,0.93,0.95,5000,0.756,0.005163977794943227,0.7529999999999999,0.759,5000,0.18499999999999997,0.01957890020745119,0.172,0.19499999999999995,5000,0.20300259366015777,0.014386298436088496,0.19526241525645252,0.21216517790269848,5000,0.635109597119932,0.01823667910679112,0.6243158175480928,0.6460200172147258,5000,0.4321070034597742,0.020935340852481932,0.4180744847747308,0.4419965999635513,5000,0.5166000000000001,0.010257463407468487,0.5106392500000001,0.52256,5000,0.5185,0.022242351993937648,0.5055000000000001,0.5315000000000001,5000,0.03700000000000001,0.04448470398787528,0.010000000000000031,0.06299999999999999,5000,0.559,0.05915140648276158,0.522,0.588,5000,0.522,0.04962078417580905,0.492,0.5509999999999999,5000,0.052000000000000005,0.011352924243950934,0.045,0.05800000000000001,5000,0.086,0.012649110640673514,0.079,0.094,5000,sample_sd,95% percentile bootstrap over simulator_seeds_within_fixed_target,simulator_seeds_within_fixed_target,5000
MNIST_QNN_z_r1_d6_s45,z_r1_d6,45,medium_risk_z_anchor,z,1,6,ideal_shot,1024,correctness,ibm_kingston,False,10,0.9410000000000001,0.01791957340762079,0.9299999999999999,0.95,5000,0.756,0.005163977794943227,0.7529999999999999,0.759,5000,0.18499999999999997,0.01957890020745119,0.17200000000000001,0.19499999999999995,5000,0.20300259366015777,0.014386298436088496,0.19501007897842332,0.2121175726749941,5000,0.635109597119932,0.01823667910679112,0.6242130682052501,0.6460828473877727,5000,0.4321070034597742,0.020935340852481932,0.4179703322783706,0.44222110865621284,5000,0.5925,0.009789450103725573,0.5860000000000001,0.5974999999999999,5000,0.5925,0.009789450103725573,0.5860000000000001,0.5974999999999999,5000,0.18499999999999997,0.01957890020745119,0.17200000000000001,0.19499999999999995,5000,0.9410000000000001,0.01791957340762079,0.9289999999999999,0.95,5000,0.756,0.005163977794943227,0.7529999999999999,0.759,5000,0.0,0.0,0.0,0.0,5000,0.0,0.0,0.0,0.0,5000,sample_sd,95% percentile bootstrap over simulator_seeds_within_fixed_target,simulator_seeds_within_fixed_target,5000
MNIST_QNN_z_r1_d6_s45,z_r1_d6,45,medium_risk_z_anchor,z,1,6,ideal_shot,1024,loss,ibm_kingston,False,10,0.9410000000000001,0.01791957340762079,0.929,0.95,5000,0.756,0.005163977794943227,0.7529999999999999,0.759,5000,0.18499999999999997,0.01957890020745119,0.173,0.19499999999999995,5000,0.20300259366015777,0.014386298436088496,0.19533801606213913,0.21190116783576235,5000,0.635109597119932,0.01823667910679112,0.6243278949559184,0.6461937526810049,5000,0.4321070034597742,0.020935340852481932,0.4184706539494416,0.44218443844322336,5000,0.57439,0.008878494617144635,0.5689495,0.5795199999999999,5000,0.5785000000000001,0.024042785935817722,0.5645,0.5925,5000,0.157,0.04808557187163549,0.12999999999999998,0.18400000000000002,5000,0.8779999999999999,0.06460134157533674,0.8389999999999999,0.916,5000,0.7209999999999999,0.03665151201974257,0.7,0.743,5000,0.052000000000000005,0.011352924243950934,0.045,0.05800000000000001,5000,0.086,0.012649110640673514,0.079,0.09302499999999964,5000,sample_sd,95% percentile bootstrap over simulator_seeds_within_fixed_target,simulator_seeds_within_fixed_target,5000
MNIST_QNN_z_r1_d6_s45,z_r1_d6,45,medium_risk_z_anchor,z,1,6,noisy_shot,128,confidence,ibm_kingston,True,10,0.8710000000000001,0.020789954839350252,0.859,0.883,5000,0.721,0.025582111805799855,0.7050000000000001,0.736,5000,0.15,0.03162277660168379,0.13200000000000003,0.17,5000,0.33923294231174805,0.02613475091830271,0.3229818847243302,0.3536510474912029,5000,0.7281127301628804,0.05804068159521749,0.6939353928139691,0.7621881178091688,5000,0.38887978785113225,0.06294521669201682,0.35123829667425577,0.4248881703693136,5000,0.50245,0.0219424626390628,0.48887,0.5145404999999998,5000,0.501,0.03160520350968951,0.48249999999999993,0.519,5000,0.0020000000000000018,0.063210407019379,-0.03499999999999999,0.03899999999999999,5000,0.469,0.11985639555549614,0.4050000000000001,0.5439999999999999,5000,0.46699999999999997,0.12499333315554606,0.398,0.546,5000,0.052000000000000005,0.02201009869229224,0.03899999999999999,0.06500000000000002,5000,0.096,0.027568097504180444,0.081,0.11200000000000003,5000,sample_sd,95% percentile bootstrap over simulator_seeds_within_fixed_target,simulator_seeds_within_fixed_target,5000
MNIST_QNN_z_r1_d6_s45,z_r1_d6,45,medium_risk_z_anchor,z,1,6,noisy_shot,128,correctness,ibm_kingston,True,10,0.8710000000000001,0.020789954839350252,0.859,0.883,5000,0.721,0.025582111805799855,0.705,0.736,5000,0.15,0.03162277660168379,0.13200000000000003,0.17,5000,0.33923294231174805,0.02613475091830271,0.3229689835775222,0.3535380241768941,5000,0.7281127301628804,0.05804068159521749,0.6929928871316905,0.7613410901027241,5000,0.38887978785113225,0.06294521669201682,0.3505052812992537,0.42369084239418564,5000,0.5750000000000001,0.01581138830084188,0.5665,0.5850000000000001,5000,0.575,0.01581138830084189,0.5664999999999999,0.585,5000,0.15,0.03162277660168379,0.133,0.17,5000,0.8710000000000001,0.020789954839350252,0.859,0.883,5000,0.721,0.025582111805799855,0.7050000000000001,0.735,5000,0.0,0.0,0.0,0.0,5000,0.0,0.0,0.0,0.0,5000,sample_sd,95% percentile bootstrap over simulator_seeds_within_fixed_target,simulator_seeds_within_fixed_target,5000
MNIST_QNN_z_r1_d6_s45,z_r1_d6,45,medium_risk_z_anchor,z,1,6,noisy_shot,128,loss,ibm_kingston,True,10,0.8710000000000001,0.020789954839350252,0.859,0.883,5000,0.721,0.025582111805799855,0.7050000000000001,0.735,5000,0.15,0.03162277660168379,0.133,0.17,5000,0.33923294231174805,0.02613475091830271,0.3233761715143424,0.35365278129230787,5000,0.7281127301628804,0.05804068159521749,0.6949367136294745,0.7613491886142406,5000,0.38887978785113225,0.06294521669201682,0.34962685364049495,0.42400427604175295,5000,0.56968,0.022608739706385914,0.55527975,0.5814605,5000,0.5710000000000001,0.030623157540948916,0.553,0.5894999999999999,5000,0.14200000000000002,0.061246315081897845,0.10700000000000003,0.178,5000,0.833,0.10687999500997993,0.770975,0.8960000000000001,5000,0.691,0.08089087299153927,0.6439999999999999,0.736,5000,0.052000000000000005,0.02201009869229224,0.039,0.065,5000,0.097,0.029078437983419185,0.081,0.11500000000000003,5000,sample_sd,95% percentile bootstrap over simulator_seeds_within_fixed_target,simulator_seeds_within_fixed_target,5000
MNIST_QNN_z_r1_d6_s45,z_r1_d6,45,medium_risk_z_anchor,z,1,6,noisy_shot,512,confidence,ibm_kingston,True,10,0.9289999999999999,0.01728840330651988,0.9189999999999999,0.9389999999999998,5000,0.738,0.013984117975602034,0.7290000000000001,0.7459999999999999,5000,0.191,0.021317702607092627,0.18,0.20400000000000001,5000,0.2633379370664115,0.016527507802466944,0.25376061872160066,0.27320049274862684,5000,0.6505047119866066,0.024768511204044812,0.6364142793707491,0.6653445623583356,5000,0.38716677492019513,0.029079456232695023,0.3703139011033759,0.4042354523767498,5000,0.49832,0.026396161337083317,0.48314,0.51379075,5000,0.48450000000000004,0.041729951939690604,0.4619999999999999,0.5105,5000,-0.03099999999999999,0.08345990387938126,-0.077,0.021000000000000008,5000,0.5700000000000001,0.0808290376865476,0.524,0.619,5000,0.6010000000000001,0.1332041040408791,0.5210000000000001,0.679,5000,0.051000000000000004,0.016633299933166198,0.041999999999999996,0.062,5000,0.085,0.026352313834736494,0.07000000000000002,0.101,5000,sample_sd,95% percentile bootstrap over simulator_seeds_within_fixed_target,simulator_seeds_within_fixed_target,5000
MNIST_QNN_z_r1_d6_s45,z_r1_d6,45,medium_risk_z_anchor,z,1,6,noisy_shot,512,correctness,ibm_kingston,True,10,0.9289999999999999,0.01728840330651988,0.9189999999999999,0.9389999999999998,5000,0.738,0.013984117975602034,0.73,0.746,5000,0.191,0.021317702607092627,0.18000000000000002,0.205,5000,0.2633379370664115,0.016527507802466944,0.2538140984135669,0.27325803707537777,5000,0.6505047119866066,0.024768511204044812,0.6366404953843311,0.6661067425767577,5000,0.38716677492019513,0.029079456232695023,0.37082422284212985,0.4046529650072128,5000,0.5955,0.010658851303546301,0.59,0.6024999999999999,5000,0.5955,0.010658851303546301,0.59,0.602,5000,0.191,0.021317702607092627,0.18000000000000002,0.205,5000,0.9289999999999999,0.01728840330651988,0.9189999999999999,0.9389999999999998,5000,0.738,0.013984117975602034,0.7290000000000001,0.7460000000000001,5000,0.0,0.0,0.0,0.0,5000,0.0,0.0,0.0,0.0,5000,sample_sd,95% percentile bootstrap over simulator_seeds_within_fixed_target,simulator_seeds_within_fixed_target,5000
MNIST_QNN_z_r1_d6_s45,z_r1_d6,45,medium_risk_z_anchor,z,1,6,noisy_shot,512,loss,ibm_kingston,True,10,0.9289999999999999,0.01728840330651988,0.9189999999999999,0.9389999999999998,5000,0.738,0.013984117975602034,0.73,0.7460000000000001,5000,0.191,0.021317702607092627,0.17999999999999997,0.205,5000,0.2633379370664115,0.016527507802466944,0.25395326265617807,0.27336299862796437,5000,0.6505047119866066,0.024768511204044812,0.6365563455411829,0.6652203305307345,5000,0.38716677492019513,0.029079456232695023,0.37067809145437347,0.4044475868127865,5000,0.56641,0.022218433288100636,0.55362925,0.5797102500000001,5000,0.5875000000000001,0.021505813167606566,0.5754874999999999,0.6005,5000,0.175,0.043011626335213146,0.15100000000000002,0.20099999999999998,5000,0.8799999999999999,0.06055300708194982,0.844,0.9129999999999999,5000,0.705,0.05441609239104836,0.673,0.736,5000,0.051000000000000004,0.016633299933166198,0.041999999999999996,0.06100000000000001,5000,0.085,0.026352313834736494,0.07000000000000002,0.101,5000,sample_sd,95% percentile bootstrap over simulator_seeds_within_fixed_target,simulator_seeds_within_fixed_target,5000
MNIST_QNN_z_r1_d6_s45,z_r1_d6,45,medium_risk_z_anchor,z,1,6,noisy_shot,1024,confidence,ibm_kingston,True,10,0.9420000000000002,0.017511900715418232,0.931,0.952,5000,0.748,0.010327955589886454,0.742,0.7549999999999999,5000,0.194,0.017126976771553483,0.184,0.20399999999999996,5000,0.2450065112850571,0.013116990127778555,0.2379554836248368,0.2534401191130135,5000,0.6237696702191606,0.015128146094352469,0.6146402062231414,0.6325447387657477,5000,0.37876315893410356,0.016381620677351123,0.3690832886338965,0.3886282630883747,5000,0.50749,0.014897162295029355,0.49876750000000003,0.5164,5000,0.48450000000000004,0.025435102603379542,0.47000000000000003,0.4995,5000,-0.031000000000000007,0.05087020520675908,-0.061,-0.0009999999999999953,5000,0.46699999999999997,0.09900056116563741,0.41200000000000003,0.529,5000,0.49800000000000005,0.10163114133418402,0.44000000000000006,0.5589999999999999,5000,0.046,0.013498971154211056,0.038,0.053000000000000005,5000,0.07899999999999999,0.02233582075700127,0.06699999999999999,0.092,5000,sample_sd,95% percentile bootstrap over simulator_seeds_within_fixed_target,simulator_seeds_within_fixed_target,5000
MNIST_QNN_z_r1_d6_s45,z_r1_d6,45,medium_risk_z_anchor,z,1,6,noisy_shot,1024,correctness,ibm_kingston,True,10,0.9420000000000002,0.017511900715418232,0.9319749999999999,0.952,5000,0.748,0.010327955589886454,0.743,0.7540000000000001,5000,0.194,0.017126976771553483,0.184,0.20399999999999996,5000,0.2450065112850571,0.013116990127778555,0.23811930839239906,0.25345194458549597,5000,0.6237696702191606,0.015128146094352469,0.6144330875158819,0.632586811746686,5000,0.37876315893410356,0.016381620677351123,0.36952550657728095,0.3885274338309719,5000,0.5969999999999999,0.00856348838577676,0.592,0.602,5000,0.5969999999999999,0.00856348838577676,0.592,0.6020000000000001,5000,0.194,0.017126976771553483,0.184,0.20399999999999996,5000,0.9420000000000002,0.017511900715418232,0.931,0.952,5000,0.748,0.010327955589886454,0.743,0.7540000000000001,5000,0.0,0.0,0.0,0.0,5000,0.0,0.0,0.0,0.0,5000,sample_sd,95% percentile bootstrap over simulator_seeds_within_fixed_target,simulator_seeds_within_fixed_target,5000
MNIST_QNN_z_r1_d6_s45,z_r1_d6,45,medium_risk_z_anchor,z,1,6,noisy_shot,1024,loss,ibm_kingston,True,10,0.9420000000000002,0.017511900715418232,0.931,0.952,5000,0.748,0.010327955589886454,0.742,0.7540000000000001,5000,0.194,0.017126976771553483,0.184,0.20399999999999996,5000,0.2450065112850571,0.013116990127778555,0.2380669915976916,0.2534245598589088,5000,0.6237696702191606,0.015128146094352469,0.6147513876683327,0.6322191216631864,5000,0.37876315893410356,0.016381620677351123,0.3691899812022569,0.38841857250828404,5000,0.57254,0.012489124157530928,0.5653400000000001,0.5799,5000,0.575,0.014337208778404376,0.5660000000000001,0.5820000000000001,5000,0.15000000000000005,0.02867441755680875,0.13200000000000003,0.16400000000000006,5000,0.876,0.04718756898449704,0.8470000000000001,0.9020000000000001,5000,0.726,0.044522154285504,0.6980000000000001,0.751,5000,0.046,0.013498971154211056,0.038,0.05302499999999964,5000,0.07899999999999999,0.02233582075700127,0.06600000000000002,0.093,5000,sample_sd,95% percentile bootstrap over simulator_seeds_within_fixed_target,simulator_seeds_within_fixed_target,5000
MNIST_QNN_zz_r1_d6_s43,zz_r1_d6,43,medium_risk_zz_repetition_baseline,zz,1,6,exact,0,confidence,none,False,1,0.96,,,,0,0.74,,,,0,0.21999999999999997,,,,0,0.17917700710921053,,,,0,0.7570719016220869,,,,0,0.5778948945128763,,,,0,0.5146999999999999,,,,0,0.49,,,,0,-0.020000000000000018,,,,0,0.48,,,,0,0.5,,,,0,0.02,,,,0,0.08,,,,0,sample_sd,none_single_replicate,none,0
MNIST_QNN_zz_r1_d6_s43,zz_r1_d6,43,medium_risk_zz_repetition_baseline,zz,1,6,exact,0,correctness,none,False,1,0.96,,,,0,0.74,,,,0,0.21999999999999997,,,,0,0.17917700710921053,,,,0,0.7570719016220869,,,,0,0.5778948945128763,,,,0,0.61,,,,0,0.61,,,,0,0.21999999999999997,,,,0,0.96,,,,0,0.74,,,,0,0.0,,,,0,0.0,,,,0,sample_sd,none_single_replicate,none,0
MNIST_QNN_zz_r1_d6_s43,zz_r1_d6,43,medium_risk_zz_repetition_baseline,zz,1,6,exact,0,loss,none,False,1,0.96,,,,0,0.74,,,,0,0.21999999999999997,,,,0,0.17917700710921053,,,,0,0.7570719016220869,,,,0,0.5778948945128763,,,,0,0.5819000000000001,,,,0,0.605,,,,0,0.20999999999999996,,,,0,0.97,,,,0,0.76,,,,0,0.02,,,,0,0.08,,,,0,sample_sd,none_single_replicate,none,0
MNIST_QNN_zz_r1_d6_s43,zz_r1_d6,43,medium_risk_zz_repetition_baseline,zz,1,6,ideal_shot,128,confidence,ibm_kingston,False,10,0.901,0.02183269719175044,0.8880000000000001,0.914,5000,0.7140000000000001,0.0340587727318528,0.6930000000000001,0.734,5000,0.18700000000000006,0.03334999583541536,0.16800000000000004,0.20700000000000002,5000,0.26725083537537314,0.030695395818394488,0.24923526544838262,0.28551998597752143,5000,0.8829439109797169,0.06369882646938241,0.8459856484706526,0.9214098952098486,5000,0.6156930756043438,0.061169036522534616,0.5788598214410009,0.6520267989463149,5000,0.50144,0.02347671186516542,0.48848925,0.5159902500000001,5000,0.491,0.026853512081497118,0.47450000000000003,0.506,5000,-0.018000000000000016,0.053707024162994214,-0.05100000000000003,0.010999999999999972,5000,0.5780000000000001,0.12497110777206777,0.503,0.6519999999999999,5000,0.596,0.09674709297958257,0.5389999999999999,0.651,5000,0.023,0.0105934990547138,0.017,0.029000000000000005,5000,0.07800000000000001,0.02299758441421379,0.06500000000000002,0.092,5000,sample_sd,95% percentile bootstrap over simulator_seeds_within_fixed_target,simulator_seeds_within_fixed_target,5000
MNIST_QNN_zz_r1_d6_s43,zz_r1_d6,43,medium_risk_zz_repetition_baseline,zz,1,6,ideal_shot,128,correctness,ibm_kingston,False,10,0.901,0.02183269719175044,0.8879999999999999,0.914,5000,0.7140000000000001,0.0340587727318528,0.693975,0.733,5000,0.18700000000000006,0.03334999583541536,0.168,0.20700000000000002,5000,0.26725083537537314,0.030695395818394488,0.24968866346395865,0.28479625436120454,5000,0.8829439109797169,0.06369882646938241,0.8465584146572679,0.9209024387116524,5000,0.6156930756043438,0.061169036522534616,0.5781995952230765,0.65208988528702,5000,0.5935,0.01667499791770768,0.5840000000000001,0.6035,5000,0.5935,0.016674997917707685,0.584,0.6030125,5000,0.18700000000000006,0.03334999583541536,0.16700000000000004,0.20700000000000002,5000,0.901,0.02183269719175044,0.8879999999999999,0.914,5000,0.7140000000000001,0.0340587727318528,0.694,0.734,5000,0.0,0.0,0.0,0.0,5000,0.0,0.0,0.0,0.0,5000,sample_sd,95% percentile bootstrap over simulator_seeds_within_fixed_target,simulator_seeds_within_fixed_target,5000
MNIST_QNN_zz_r1_d6_s43,zz_r1_d6,43,medium_risk_zz_repetition_baseline,zz,1,6,ideal_shot,128,loss,ibm_kingston,False,10,0.901,0.02183269719175044,0.8889999999999999,0.9139999999999999,5000,0.7140000000000001,0.0340587727318528,0.694,0.734,5000,0.18700000000000006,0.03334999583541536,0.168,0.20700000000000002,5000,0.26725083537537314,0.030695395818394488,0.24951376221341665,0.28568910952446935,5000,0.8829439109797169,0.06369882646938241,0.8462343237443888,0.9206961360244604,5000,0.6156930756043438,0.061169036522534616,0.5780034005871871,0.6512419452941357,5000,0.5756000000000001,0.02132103812356862,0.5637595000000001,0.5879305,5000,0.5745,0.02900670420590538,0.558,0.5915,5000,0.14900000000000002,0.058013408411810775,0.11600000000000002,0.184,5000,0.805,0.08436033823229176,0.7550000000000001,0.8549999999999999,5000,0.656,0.04812021982031621,0.6279999999999999,0.6840249999999997,5000,0.023,0.0105934990547138,0.017,0.029000000000000005,5000,0.08000000000000002,0.026666666666666665,0.06500000000000002,0.096,5000,sample_sd,95% percentile bootstrap over simulator_seeds_within_fixed_target,simulator_seeds_within_fixed_target,5000
MNIST_QNN_zz_r1_d6_s43,zz_r1_d6,43,medium_risk_zz_repetition_baseline,zz,1,6,ideal_shot,512,confidence,ibm_kingston,False,10,0.932,0.016193277068654793,0.9229749999999999,0.9419999999999998,5000,0.745,0.016499158227686123,0.736,0.7550000000000001,5000,0.187,0.01702938636592639,0.177,0.197,5000,0.2074716435146256,0.017739157786206425,0.19716921075057678,0.2185570122760421,5000,0.7891576830530865,0.033723405387212364,0.7685687848554188,0.8083699205842712,5000,0.5816860395384609,0.031444570159797285,0.561691433063172,0.599164161159282,5000,0.51039,0.02137513872599558,0.49879000000000007,0.52335075,5000,0.4965,0.03697221178729296,0.4784999999999999,0.5215,5000,-0.00699999999999999,0.0739444235745859,-0.043,0.04300000000000001,5000,0.5039999999999999,0.12222020200350588,0.43,0.572,5000,0.511,0.12792793110011416,0.429,0.5810000000000001,5000,0.020999999999999998,0.008755950357709132,0.016,0.026000000000000002,5000,0.064,0.021186998109427604,0.053000000000000005,0.07700000000000001,5000,sample_sd,95% percentile bootstrap over simulator_seeds_within_fixed_target,simulator_seeds_within_fixed_target,5000
MNIST_QNN_zz_r1_d6_s43,zz_r1_d6,43,medium_risk_zz_repetition_baseline,zz,1,6,ideal_shot,512,correctness,ibm_kingston,False,10,0.932,0.016193277068654793,0.923,0.9410249999999997,5000,0.745,0.016499158227686123,0.736,0.7550000000000001,5000,0.187,0.01702938636592639,0.177,0.197,5000,0.2074716435146256,0.017739157786206425,0.19775067126756762,0.2182322142867662,5000,0.7891576830530865,0.033723405387212364,0.7689406752684858,0.8081294753960574,5000,0.5816860395384609,0.031444570159797285,0.5616883454646288,0.5984319182394496,5000,0.5935,0.008514693182963192,0.5885,0.5984999999999999,5000,0.5935,0.008514693182963202,0.5885,0.5984999999999999,5000,0.187,0.01702938636592639,0.177,0.197,5000,0.932,0.016193277068654793,0.9229999999999998,0.942,5000,0.745,0.016499158227686123,0.736,0.7550000000000001,5000,0.0,0.0,0.0,0.0,5000,0.0,0.0,0.0,0.0,5000,sample_sd,95% percentile bootstrap over simulator_seeds_within_fixed_target,simulator_seeds_within_fixed_target,5000
MNIST_QNN_zz_r1_d6_s43,zz_r1_d6,43,medium_risk_zz_repetition_baseline,zz,1,6,ideal_shot,512,loss,ibm_kingston,False,10,0.932,0.016193277068654793,0.923,0.9419999999999998,5000,0.745,0.016499158227686123,0.736,0.7550000000000001,5000,0.187,0.01702938636592639,0.177,0.19699999999999998,5000,0.2074716435146256,0.017739157786206425,0.19725075004019216,0.21841636769028194,5000,0.7891576830530865,0.033723405387212364,0.768503541614811,0.8084280986576704,5000,0.5816860395384609,0.031444570159797285,0.5623007737741891,0.5985934976566593,5000,0.57941,0.016640876713015413,0.5705095,0.5904010000000001,5000,0.5705000000000001,0.017232076034083797,0.5605,0.5809999999999998,5000,0.14100000000000001,0.03446415206816756,0.121,0.16099999999999998,5000,0.849,0.07445356494710872,0.8019999999999999,0.89,5000,0.7080000000000001,0.06460134157533674,0.666,0.7409999999999999,5000,0.020999999999999998,0.008755950357709132,0.016,0.026000000000000002,5000,0.064,0.021186998109427604,0.053000000000000005,0.07799999999999999,5000,sample_sd,95% percentile bootstrap over simulator_seeds_within_fixed_target,simulator_seeds_within_fixed_target,5000
MNIST_QNN_zz_r1_d6_s43,zz_r1_d6,43,medium_risk_zz_repetition_baseline,zz,1,6,ideal_shot,1024,confidence,ibm_kingston,False,10,0.9369999999999999,0.013374935098492547,0.9289999999999999,0.945,5000,0.745,0.012692955176439858,0.7380000000000001,0.7529999999999999,5000,0.19200000000000003,0.020439612955674494,0.18000000000000002,0.20400000000000001,5000,0.19465142713757907,0.010814553408564494,0.1883944917399385,0.20110430132356652,5000,0.775727864987892,0.025224309681042768,0.7612038925100605,0.7911233241514263,5000,0.5810764378503129,0.021920897878497235,0.5679456718365822,0.593282261453049,5000,0.5151499999999999,0.013526866270911047,0.5074299999999999,0.5227002500000001,5000,0.5145,0.025435102603379525,0.5005,0.53,5000,0.02900000000000001,0.05087020520675907,0.001000000000000012,0.06002499999999967,5000,0.581,0.08736259051918173,0.534,0.634,5000,0.552,0.09953223933312597,0.5,0.616,5000,0.014000000000000002,0.0051639777949432225,0.011,0.017,5000,0.068,0.02250925735484551,0.05500000000000001,0.08099999999999999,5000,sample_sd,95% percentile bootstrap over simulator_seeds_within_fixed_target,simulator_seeds_within_fixed_target,5000
MNIST_QNN_zz_r1_d6_s43,zz_r1_d6,43,medium_risk_zz_repetition_baseline,zz,1,6,ideal_shot,1024,correctness,ibm_kingston,False,10,0.9369999999999999,0.013374935098492547,0.929,0.945,5000,0.745,0.012692955176439858,0.7380000000000001,0.7529999999999999,5000,0.19200000000000003,0.020439612955674494,0.18000000000000002,0.20400000000000001,5000,0.19465142713757907,0.010814553408564494,0.18820262546652916,0.20094967176415623,5000,0.775727864987892,0.025224309681042768,0.761486569353635,0.7908555379068188,5000,0.5810764378503129,0.021920897878497235,0.5683056430377263,0.5937949337388067,5000,0.5959999999999999,0.010219806477837236,0.5900000000000001,0.602,5000,0.5959999999999999,0.010219806477837236,0.5900000000000001,0.6020000000000001,5000,0.19200000000000003,0.020439612955674494,0.18000000000000002,0.20400000000000001,5000,0.9369999999999999,0.013374935098492547,0.929,0.945,5000,0.745,0.012692955176439858,0.7380000000000001,0.7529999999999999,5000,0.0,0.0,0.0,0.0,5000,0.0,0.0,0.0,0.0,5000,sample_sd,95% percentile bootstrap over simulator_seeds_within_fixed_target,simulator_seeds_within_fixed_target,5000
MNIST_QNN_zz_r1_d6_s43,zz_r1_d6,43,medium_risk_zz_repetition_baseline,zz,1,6,ideal_shot,1024,loss,ibm_kingston,False,10,0.9369999999999999,0.013374935098492547,0.929,0.945,5000,0.745,0.012692955176439858,0.7380000000000001,0.7529999999999999,5000,0.19200000000000003,0.020439612955674494,0.18000000000000005,0.20400000000000001,5000,0.19465142713757907,0.010814553408564494,0.18840179538007035,0.20111676952077412,5000,0.775727864987892,0.025224309681042768,0.7609800240214796,0.7912346302418238,5000,0.5810764378503129,0.021920897878497235,0.5682912765147895,0.5934077020396787,5000,0.5819099999999999,0.01089622258705588,0.5756600000000001,0.5881102500000001,5000,0.579,0.019832633040857993,0.5675000000000001,0.591,5000,0.158,0.039665266081716034,0.135,0.181,5000,0.873,0.063779132776934,0.835975,0.9099999999999999,5000,0.7149999999999999,0.048819395052922696,0.683,0.738,5000,0.014000000000000002,0.0051639777949432225,0.011,0.017,5000,0.068,0.02250925735484551,0.054975,0.081,5000,sample_sd,95% percentile bootstrap over simulator_seeds_within_fixed_target,simulator_seeds_within_fixed_target,5000
MNIST_QNN_zz_r1_d6_s43,zz_r1_d6,43,medium_risk_zz_repetition_baseline,zz,1,6,noisy_shot,128,confidence,ibm_kingston,True,10,0.853,0.024060109910158115,0.8390000000000001,0.867,5000,0.7010000000000001,0.031073389830457092,0.681,0.718,5000,0.152,0.04131182235954576,0.12900000000000006,0.177,5000,0.3882573633474785,0.03795573729758608,0.3674061912929141,0.41162852664202493,5000,0.8257234120335525,0.0985878988591324,0.7711315458416462,0.8865899703873475,5000,0.43746604868607386,0.11357703348652995,0.3708518796840305,0.5041552056561615,5000,0.4941,0.01923648154476856,0.48303975000000005,0.5056205,5000,0.493,0.037282703764614504,0.4715000000000001,0.5149999999999999,5000,-0.01399999999999999,0.07456540752922901,-0.059999999999999984,0.02900000000000002,5000,0.5549999999999999,0.1783411213252725,0.45200000000000007,0.655,5000,0.5690000000000001,0.14153523314787106,0.483,0.6489999999999999,5000,0.037000000000000005,0.025841396591085742,0.021,0.05102499999999964,5000,0.06699999999999999,0.025841396591085742,0.051000000000000004,0.08199999999999999,5000,sample_sd,95% percentile bootstrap over simulator_seeds_within_fixed_target,simulator_seeds_within_fixed_target,5000
MNIST_QNN_zz_r1_d6_s43,zz_r1_d6,43,medium_risk_zz_repetition_baseline,zz,1,6,noisy_shot,128,correctness,ibm_kingston,True,10,0.853,0.024060109910158115,0.8390000000000001,0.867,5000,0.7010000000000001,0.031073389830457092,0.682,0.718,5000,0.152,0.04131182235954576,0.129,0.177,5000,0.3882573633474785,0.03795573729758608,0.36703947031522327,0.4113651268776194,5000,0.8257234120335525,0.0985878988591324,0.7724981748062548,0.8856275221867476,5000,0.43746604868607386,0.11357703348652995,0.37035444065481904,0.5059498782215326,5000,0.576,0.020655911179772873,0.5645,0.5885,5000,0.576,0.020655911179772883,0.5645,0.5894999999999999,5000,0.152,0.04131182235954576,0.129,0.17602499999999965,5000,0.853,0.024060109910158115,0.8389749999999999,0.867,5000,0.7010000000000001,0.031073389830457092,0.682,0.7180000000000001,5000,0.0,0.0,0.0,0.0,5000,0.0,0.0,0.0,0.0,5000,sample_sd,95% percentile bootstrap over simulator_seeds_within_fixed_target,simulator_seeds_within_fixed_target,5000
MNIST_QNN_zz_r1_d6_s43,zz_r1_d6,43,medium_risk_zz_repetition_baseline,zz,1,6,noisy_shot,128,loss,ibm_kingston,True,10,0.853,0.024060109910158115,0.8390000000000001,0.867,5000,0.7010000000000001,0.031073389830457092,0.682,0.718,5000,0.152,0.04131182235954576,0.129,0.177,5000,0.3882573633474785,0.03795573729758608,0.36733333157190967,0.41228824373188966,5000,0.8257234120335525,0.0985878988591324,0.7726604390347857,0.8862267578685745,5000,0.43746604868607386,0.11357703348652995,0.3737479953680418,0.5050179493325991,5000,0.5646300000000002,0.025769493161057297,0.549648,0.57987075,5000,0.556,0.03580813067198875,0.534,0.5755125,5000,0.11200000000000002,0.07161626134397756,0.06699999999999999,0.15100000000000002,5000,0.8019999999999999,0.09484490263348662,0.742975,0.852,5000,0.6900000000000001,0.08894442709417558,0.6399750000000001,0.7430249999999997,5000,0.037000000000000005,0.025841396591085742,0.022,0.052000000000000005,5000,0.06999999999999999,0.029059326290271158,0.053000000000000005,0.086,5000,sample_sd,95% percentile bootstrap over simulator_seeds_within_fixed_target,simulator_seeds_within_fixed_target,5000
MNIST_QNN_zz_r1_d6_s43,zz_r1_d6,43,medium_risk_zz_repetition_baseline,zz,1,6,noisy_shot,512,confidence,ibm_kingston,True,10,0.917,0.020027758514399727,0.905,0.9279999999999999,5000,0.7350000000000001,0.015092308563562374,0.726,0.744,5000,0.18200000000000002,0.019888578520235053,0.17000000000000007,0.19300000000000003,5000,0.2979210159808572,0.019366649357605,0.28671199842132633,0.3098960554183751,5000,0.7031316597058395,0.026500141067494338,0.687881560188891,0.7191818260749825,5000,0.4052106437249822,0.027663322939942923,0.3891585547979164,0.4211427868370306,5000,0.50362,0.020792883397932078,0.4911192500000001,0.5158007499999999,5000,0.49549999999999994,0.04105890078087007,0.473,0.5200124999999999,5000,-0.008999999999999989,0.08211780156174013,-0.05599999999999996,0.041000000000000016,5000,0.49300000000000005,0.13458165633630098,0.409975,0.5650000000000001,5000,0.502,0.11380294860464342,0.432975,0.5660000000000001,5000,0.020999999999999998,0.0073786478737262184,0.016999999999999998,0.025,5000,0.067,0.026267851073127395,0.053000000000000005,0.083,5000,sample_sd,95% percentile bootstrap over simulator_seeds_within_fixed_target,simulator_seeds_within_fixed_target,5000
MNIST_QNN_zz_r1_d6_s43,zz_r1_d6,43,medium_risk_zz_repetition_baseline,zz,1,6,noisy_shot,512,correctness,ibm_kingston,True,10,0.917,0.020027758514399727,0.905,0.9279999999999999,5000,0.7350000000000001,0.015092308563562374,0.726,0.744,5000,0.18200000000000002,0.019888578520235053,0.17,0.19300000000000003,5000,0.2979210159808572,0.019366649357605,0.28691985582712803,0.30928180452131426,5000,0.7031316597058395,0.026500141067494338,0.6879609617993124,0.7187069689474155,5000,0.4052106437249822,0.027663322939942923,0.38880241385416736,0.42122641823086215,5000,0.591,0.009944289260117502,0.5850000000000001,0.597,5000,0.591,0.009944289260117511,0.5850000000000001,0.5969999999999999,5000,0.18200000000000002,0.019888578520235053,0.17,0.194,5000,0.917,0.020027758514399727,0.905,0.9279999999999999,5000,0.7350000000000001,0.015092308563562374,0.726,0.744,5000,0.0,0.0,0.0,0.0,5000,0.0,0.0,0.0,0.0,5000,sample_sd,95% percentile bootstrap over simulator_seeds_within_fixed_target,simulator_seeds_within_fixed_target,5000
MNIST_QNN_zz_r1_d6_s43,zz_r1_d6,43,medium_risk_zz_repetition_baseline,zz,1,6,noisy_shot,512,loss,ibm_kingston,True,10,0.917,0.020027758514399727,0.905,0.9289999999999999,5000,0.7350000000000001,0.015092308563562374,0.726,0.744,5000,0.18200000000000002,0.019888578520235053,0.17,0.1930249999999997,5000,0.2979210159808572,0.019366649357605,0.28735104801761047,0.3098562403377277,5000,0.7031316597058395,0.026500141067494338,0.6879620341861068,0.7191692463787871,5000,0.4052106437249822,0.027663322939942923,0.38923084290275034,0.42055512267124884,5000,0.56543,0.016183053550619608,0.5557595000000001,0.57476075,5000,0.5615,0.01582016996677903,0.5525,0.571,5000,0.123,0.03164033993355812,0.10399999999999998,0.14100000000000001,5000,0.845,0.058357138000038666,0.8089999999999999,0.8770000000000001,5000,0.722,0.051380930314660525,0.692,0.7510000000000001,5000,0.020999999999999998,0.0073786478737262184,0.016999999999999998,0.025,5000,0.067,0.026267851073127395,0.053000000000000005,0.08399999999999999,5000,sample_sd,95% percentile bootstrap over simulator_seeds_within_fixed_target,simulator_seeds_within_fixed_target,5000
MNIST_QNN_zz_r1_d6_s43,zz_r1_d6,43,medium_risk_zz_repetition_baseline,zz,1,6,noisy_shot,1024,confidence,ibm_kingston,True,10,0.9269999999999999,0.022632326929023908,0.9139999999999999,0.9399999999999998,5000,0.748,0.013984117975602034,0.74,0.757,5000,0.179,0.03142893217686176,0.15999999999999998,0.19699999999999998,5000,0.2798365811936674,0.012403500345017651,0.2730692070381745,0.28737390190986045,5000,0.6786095194683439,0.01946536170030256,0.6677902918589955,0.6903241794576089,5000,0.3987729382746766,0.026002943924079622,0.3838766036239795,0.4140871280520485,5000,0.50905,0.01028399511646886,0.5031797499999999,0.5152804999999999,5000,0.5205,0.03601311489505517,0.49800000000000005,0.5414999999999999,5000,0.041,0.07202622979011034,-0.0010000000000000009,0.08199999999999999,5000,0.536,0.11918239989379491,0.4680000000000001,0.607,5000,0.49499999999999994,0.0909517576642817,0.44200000000000006,0.548,5000,0.019999999999999997,0.013333333333333334,0.012999999999999998,0.028000000000000004,5000,0.053000000000000005,0.015670212364724212,0.043,0.06200000000000001,5000,sample_sd,95% percentile bootstrap over simulator_seeds_within_fixed_target,simulator_seeds_within_fixed_target,5000
MNIST_QNN_zz_r1_d6_s43,zz_r1_d6,43,medium_risk_zz_repetition_baseline,zz,1,6,noisy_shot,1024,correctness,ibm_kingston,True,10,0.9269999999999999,0.022632326929023908,0.914,0.9399999999999998,5000,0.748,0.013984117975602034,0.74,0.756,5000,0.179,0.03142893217686176,0.15999999999999998,0.19699999999999998,5000,0.2798365811936674,0.012403500345017651,0.27299212313361354,0.2875597053766192,5000,0.6786095194683439,0.01946536170030256,0.6675609088872997,0.6908756723167203,5000,0.3987729382746766,0.026002943924079622,0.38422496441798903,0.4143333367235085,5000,0.5894999999999999,0.015714466088430874,0.5800000000000001,0.5984999999999998,5000,0.5895,0.015714466088430856,0.5800000000000001,0.5984999999999999,5000,0.179,0.03142893217686176,0.16,0.196,5000,0.9269999999999999,0.022632326929023908,0.913,0.9399999999999998,5000,0.748,0.013984117975602034,0.74,0.756,5000,0.0,0.0,0.0,0.0,5000,0.0,0.0,0.0,0.0,5000,sample_sd,95% percentile bootstrap over simulator_seeds_within_fixed_target,simulator_seeds_within_fixed_target,5000
MNIST_QNN_zz_r1_d6_s43,zz_r1_d6,43,medium_risk_zz_repetition_baseline,zz,1,6,noisy_shot,1024,loss,ibm_kingston,True,10,0.9269999999999999,0.022632326929023908,0.914,0.9399999999999998,5000,0.748,0.013984117975602034,0.74,0.757,5000,0.179,0.03142893217686176,0.16,0.196,5000,0.2798365811936674,0.012403500345017651,0.27315278607670335,0.2876430372739284,5000,0.6786095194683439,0.01946536170030256,0.6673595793974485,0.6906249623388274,5000,0.3987729382746766,0.026002943924079622,0.3836431073478496,0.41386169610935974,5000,0.56799,0.009633788916562828,0.56241925,0.5737,5000,0.5599999999999999,0.028771127502720102,0.543,0.5759999999999998,5000,0.11999999999999997,0.057542255005440225,0.08399999999999996,0.15199999999999997,5000,0.804,0.07275529763071094,0.7599750000000001,0.843,5000,0.6839999999999999,0.07198765326236312,0.64,0.724,5000,0.019999999999999997,0.013333333333333334,0.013000000000000001,0.028000000000000004,5000,0.053000000000000005,0.015670212364724212,0.043000000000000003,0.062,5000,sample_sd,95% percentile bootstrap over simulator_seeds_within_fixed_target,simulator_seeds_within_fixed_target,5000
MNIST_QNN_zz_r1_d6_s44,zz_r1_d6,44,medium_risk_zz_repetition_baseline,zz,1,6,exact,0,confidence,none,False,1,0.93,,,,0,0.71,,,,0,0.22000000000000008,,,,0,0.2011581755959196,,,,0,0.7000130773895944,,,,0,0.49885490179367475,,,,0,0.503,,,,0,0.48,,,,0,-0.040000000000000036,,,,0,0.52,,,,0,0.56,,,,0,0.01,,,,0,0.09,,,,0,sample_sd,none_single_replicate,none,0
MNIST_QNN_zz_r1_d6_s44,zz_r1_d6,44,medium_risk_zz_repetition_baseline,zz,1,6,exact,0,correctness,none,False,1,0.93,,,,0,0.71,,,,0,0.22000000000000008,,,,0,0.2011581755959196,,,,0,0.7000130773895944,,,,0,0.49885490179367475,,,,0,0.6100000000000001,,,,0,0.61,,,,0,0.22000000000000008,,,,0,0.93,,,,0,0.71,,,,0,0.0,,,,0,0.0,,,,0,sample_sd,none_single_replicate,none,0
MNIST_QNN_zz_r1_d6_s44,zz_r1_d6,44,medium_risk_zz_repetition_baseline,zz,1,6,exact,0,loss,none,False,1,0.93,,,,0,0.71,,,,0,0.22000000000000008,,,,0,0.2011581755959196,,,,0,0.7000130773895944,,,,0,0.49885490179367475,,,,0,0.5747,,,,0,0.625,,,,0,0.25,,,,0,0.96,,,,0,0.71,,,,0,0.01,,,,0,0.09,,,,0,sample_sd,none_single_replicate,none,0
MNIST_QNN_zz_r1_d6_s44,zz_r1_d6,44,medium_risk_zz_repetition_baseline,zz,1,6,ideal_shot,128,confidence,ibm_kingston,False,10,0.8850000000000001,0.02838231060987736,0.869,0.9019999999999999,5000,0.707,0.02002775851439972,0.695,0.7180000000000001,5000,0.17800000000000002,0.03224903099319422,0.16,0.198,5000,0.2857516037928072,0.03098699870052064,0.2671901962579015,0.30373629048388795,5000,0.757418226723984,0.05810386401488272,0.7236062776343866,0.7919200119314007,5000,0.4716666229311768,0.08265714387997973,0.42207134013249414,0.5195275700511817,5000,0.5008999999999999,0.025641849473944815,0.4862885,0.5161499999999999,5000,0.49050000000000005,0.03443593084749321,0.471,0.511,5000,-0.018999999999999982,0.06887186169498637,-0.05899999999999996,0.023,5000,0.517,0.1418958929794814,0.43099999999999994,0.5970000000000001,5000,0.536,0.14773850773128402,0.449,0.621,5000,0.051000000000000004,0.024244128727957576,0.037,0.06500000000000002,5000,0.098,0.03645392830531284,0.075,0.119,5000,sample_sd,95% percentile bootstrap over simulator_seeds_within_fixed_target,simulator_seeds_within_fixed_target,5000
MNIST_QNN_zz_r1_d6_s44,zz_r1_d6,44,medium_risk_zz_repetition_baseline,zz,1,6,ideal_shot,128,correctness,ibm_kingston,False,10,0.8850000000000001,0.02838231060987736,0.8680000000000001,0.9010249999999997,5000,0.707,0.02002775851439972,0.695,0.718,5000,0.17800000000000002,0.03224903099319422,0.16,0.19800000000000004,5000,0.2857516037928072,0.03098699870052064,0.267550457455116,0.3038386571577123,5000,0.757418226723984,0.05810386401488272,0.723723081986542,0.7913665385297063,5000,0.4716666229311768,0.08265714387997973,0.4232471937483566,0.5194092708362553,5000,0.5890000000000001,0.0161245154965971,0.58,0.5985000000000001,5000,0.5890000000000001,0.016124515496597092,0.58,0.599,5000,0.17800000000000002,0.03224903099319422,0.16,0.198,5000,0.8850000000000001,0.02838231060987736,0.869,0.9019999999999999,5000,0.707,0.02002775851439972,0.695,0.7180000000000001,5000,0.0,0.0,0.0,0.0,5000,0.0,0.0,0.0,0.0,5000,sample_sd,95% percentile bootstrap over simulator_seeds_within_fixed_target,simulator_seeds_within_fixed_target,5000
MNIST_QNN_zz_r1_d6_s44,zz_r1_d6,44,medium_risk_zz_repetition_baseline,zz,1,6,ideal_shot,128,loss,ibm_kingston,False,10,0.8850000000000001,0.02838231060987736,0.868975,0.9019999999999999,5000,0.707,0.02002775851439972,0.696,0.7189999999999999,5000,0.17800000000000002,0.03224903099319422,0.16,0.19700000000000004,5000,0.2857516037928072,0.03098699870052064,0.2671623866816419,0.3038585841241759,5000,0.757418226723984,0.05810386401488272,0.724644515814002,0.7912085337094157,5000,0.4716666229311768,0.08265714387997973,0.42459785172186126,0.5219087545648164,5000,0.5700200000000001,0.02890785360416788,0.55378975,0.5868405,5000,0.5635000000000001,0.02014530549118908,0.5514874999999999,0.575,5000,0.12700000000000006,0.040290610982378176,0.10300000000000002,0.15000000000000005,5000,0.8280000000000001,0.0802496105909555,0.7780000000000001,0.8720000000000001,5000,0.7010000000000001,0.0587745220690432,0.6639999999999999,0.734,5000,0.051000000000000004,0.024244128727957576,0.037,0.065,5000,0.098,0.03645392830531284,0.076,0.11800000000000002,5000,sample_sd,95% percentile bootstrap over simulator_seeds_within_fixed_target,simulator_seeds_within_fixed_target,5000
MNIST_QNN_zz_r1_d6_s44,zz_r1_d6,44,medium_risk_zz_repetition_baseline,zz,1,6,ideal_shot,512,confidence,ibm_kingston,False,10,0.924,0.018378731669453606,0.913,0.9339999999999999,5000,0.706,0.012649110640673528,0.699,0.7139999999999999,5000,0.21800000000000005,0.02394437999475728,0.20400000000000004,0.23200000000000004,5000,0.22358284809379256,0.011403998171234163,0.21719729591042922,0.23012725203420412,5000,0.710701506909776,0.026805004614583135,0.6965608868439356,0.727810395487432,5000,0.48711865881598354,0.03338517124906908,0.46905664749530335,0.5080014225297648,5000,0.49695999999999996,0.009662895816242443,0.49133975,0.50230025,5000,0.4755000000000001,0.017232076034083783,0.4664999999999999,0.48651249999999985,5000,-0.049,0.03446415206816757,-0.068,-0.02799999999999999,5000,0.45499999999999996,0.13737620689996582,0.374975,0.5350249999999996,5000,0.504,0.13574485871172678,0.42000000000000004,0.5780000000000001,5000,0.05,0.025385910352879695,0.035,0.06400000000000002,5000,0.11100000000000002,0.017919573407620817,0.101,0.121,5000,sample_sd,95% percentile bootstrap over simulator_seeds_within_fixed_target,simulator_seeds_within_fixed_target,5000
MNIST_QNN_zz_r1_d6_s44,zz_r1_d6,44,medium_risk_zz_repetition_baseline,zz,1,6,ideal_shot,512,correctness,ibm_kingston,False,10,0.924,0.018378731669453606,0.9129999999999999,0.9339999999999999,5000,0.706,0.012649110640673528,0.699,0.7139999999999999,5000,0.21800000000000005,0.02394437999475728,0.20400000000000004,0.23200000000000004,5000,0.22358284809379256,0.011403998171234163,0.21696706770642488,0.23030925646354444,5000,0.710701506909776,0.026805004614583135,0.6968603468230032,0.7275070552227187,5000,0.48711865881598354,0.03338517124906908,0.4691132181400658,0.5086827135993769,5000,0.609,0.011972189997378617,0.6020000000000001,0.6160000000000001,5000,0.609,0.01197218999737864,0.602,0.616,5000,0.21800000000000005,0.02394437999475728,0.20400000000000004,0.23200000000000004,5000,0.924,0.018378731669453606,0.913,0.9339999999999999,5000,0.706,0.012649110640673528,0.699,0.7130000000000001,5000,0.0,0.0,0.0,0.0,5000,0.0,0.0,0.0,0.0,5000,sample_sd,95% percentile bootstrap over simulator_seeds_within_fixed_target,simulator_seeds_within_fixed_target,5000
MNIST_QNN_zz_r1_d6_s44,zz_r1_d6,44,medium_risk_zz_repetition_baseline,zz,1,6,ideal_shot,512,loss,ibm_kingston,False,10,0.924,0.018378731669453606,0.913,0.9339999999999999,5000,0.706,0.012649110640673528,0.699,0.714,5000,0.21800000000000005,0.02394437999475728,0.2040000000000001,0.23200000000000004,5000,0.22358284809379256,0.011403998171234163,0.21695257993284398,0.23048218386706065,5000,0.710701506909776,0.026805004614583135,0.6968536049636845,0.7277475183186528,5000,0.48711865881598354,0.03338517124906908,0.4691970019175236,0.5078237288232,5000,0.56887,0.00711587427282599,0.5645,0.5730002500000001,5000,0.603,0.017669811040931443,0.5924999999999999,0.6125,5000,0.20599999999999996,0.03533962208186286,0.184,0.225,5000,0.9349999999999999,0.0302765035409749,0.9159999999999998,0.9510000000000002,5000,0.729,0.026012817353502228,0.7140000000000001,0.744,5000,0.05,0.025385910352879695,0.035,0.06400000000000002,5000,0.11100000000000002,0.017919573407620817,0.1,0.12102499999999966,5000,sample_sd,95% percentile bootstrap over simulator_seeds_within_fixed_target,simulator_seeds_within_fixed_target,5000
MNIST_QNN_zz_r1_d6_s44,zz_r1_d6,44,medium_risk_zz_repetition_baseline,zz,1,6,ideal_shot,1024,confidence,ibm_kingston,False,10,0.9359999999999999,0.016465452046971252,0.9259999999999999,0.946,5000,0.711,0.00994428926011754,0.7050000000000001,0.717,5000,0.22500000000000003,0.02068278940998473,0.21300000000000002,0.23700000000000002,5000,0.21440443915111246,0.00851627990644037,0.20994997118500175,0.21981238595774774,5000,0.7019986053324974,0.018379718659618093,0.6914382292263757,0.7124693685612473,5000,0.4875941661813849,0.022475346551743013,0.4746829203475886,0.5007270887643732,5000,0.50207,0.006064111183384116,0.4982297500000001,0.5055002500000001,5000,0.4795,0.027933452664820703,0.46399999999999997,0.497,5000,-0.04100000000000001,0.05586690532964138,-0.07200000000000001,-0.007000000000000001,5000,0.43899999999999995,0.09036346360977736,0.383,0.48900000000000005,5000,0.47999999999999987,0.10295630140987001,0.413,0.5349999999999999,5000,0.035,0.01649915822768611,0.026000000000000002,0.045,5000,0.10800000000000001,0.013984117975602018,0.1,0.11600000000000002,5000,sample_sd,95% percentile bootstrap over simulator_seeds_within_fixed_target,simulator_seeds_within_fixed_target,5000
MNIST_QNN_zz_r1_d6_s44,zz_r1_d6,44,medium_risk_zz_repetition_baseline,zz,1,6,ideal_shot,1024,correctness,ibm_kingston,False,10,0.9359999999999999,0.016465452046971252,0.9259999999999999,0.945,5000,0.711,0.00994428926011754,0.7050000000000001,0.717,5000,0.22500000000000003,0.02068278940998473,0.21300000000000008,0.23700000000000004,5000,0.21440443915111246,0.00851627990644037,0.2099914547948574,0.21982522642837862,5000,0.7019986053324974,0.018379718659618093,0.6914882811211464,0.7131335796167038,5000,0.4875941661813849,0.022475346551743013,0.4747893709089934,0.5008303015099663,5000,0.6125,0.010341394704992339,0.6065000000000002,0.6185,5000,0.6125,0.01034139470499236,0.6064999999999999,0.6185,5000,0.22500000000000003,0.02068278940998473,0.21300000000000002,0.23700000000000002,5000,0.9359999999999999,0.016465452046971252,0.9259999999999999,0.946,5000,0.711,0.00994428926011754,0.7050000000000001,0.717,5000,0.0,0.0,0.0,0.0,5000,0.0,0.0,0.0,0.0,5000,sample_sd,95% percentile bootstrap over simulator_seeds_within_fixed_target,simulator_seeds_within_fixed_target,5000
MNIST_QNN_zz_r1_d6_s44,zz_r1_d6,44,medium_risk_zz_repetition_baseline,zz,1,6,ideal_shot,1024,loss,ibm_kingston,False,10,0.9359999999999999,0.016465452046971252,0.9269999999999999,0.945,5000,0.711,0.00994428926011754,0.7050000000000001,0.717,5000,0.22500000000000003,0.02068278940998473,0.21300000000000008,0.23700000000000002,5000,0.21440443915111246,0.00851627990644037,0.20986902784236444,0.2198990421642491,5000,0.7019986053324974,0.018379718659618093,0.6913678563202563,0.7128410089083415,5000,0.4875941661813849,0.022475346551743013,0.47488774275711654,0.5018731617873197,5000,0.57218,0.005316598745647663,0.56903,0.57521025,5000,0.596,0.021959558789334158,0.5825,0.609,5000,0.192,0.04391911757866827,0.166,0.21799999999999997,5000,0.9259999999999999,0.03949683531626298,0.9019999999999999,0.9490000000000001,5000,0.734,0.01712697677155352,0.7230000000000001,0.743,5000,0.035,0.01649915822768611,0.026000000000000002,0.045,5000,0.10800000000000001,0.013984117975602018,0.1,0.11600000000000002,5000,sample_sd,95% percentile bootstrap over simulator_seeds_within_fixed_target,simulator_seeds_within_fixed_target,5000
MNIST_QNN_zz_r1_d6_s44,zz_r1_d6,44,medium_risk_zz_repetition_baseline,zz,1,6,noisy_shot,128,confidence,ibm_kingston,True,10,0.858,0.032591750830880846,0.8379999999999999,0.876,5000,0.695,0.030276503540974907,0.675,0.71,5000,0.16300000000000003,0.045716517802649834,0.135,0.18900000000000003,5000,0.38881026007836045,0.027616949534360554,0.37287788683247486,0.40486256425849126,5000,0.7246570680857258,0.07290296076592703,0.682681597533812,0.7669291026652307,5000,0.3358468080073653,0.08184326458780751,0.28803411653907934,0.3834885070730339,5000,0.49401,0.020483188228398442,0.482439,0.50606,5000,0.499,0.022459840703897373,0.48550000000000004,0.5120000000000001,5000,-0.0020000000000000018,0.04491968140779474,-0.028000000000000018,0.024000000000000014,5000,0.45999999999999996,0.18838494867926386,0.35200000000000004,0.577,5000,0.462,0.20959219663167064,0.347,0.5900000000000001,5000,0.057999999999999996,0.02820559440174157,0.041,0.074,5000,0.10500000000000001,0.04428443418528807,0.079,0.13199999999999998,5000,sample_sd,95% percentile bootstrap over simulator_seeds_within_fixed_target,simulator_seeds_within_fixed_target,5000
MNIST_QNN_zz_r1_d6_s44,zz_r1_d6,44,medium_risk_zz_repetition_baseline,zz,1,6,noisy_shot,128,correctness,ibm_kingston,True,10,0.858,0.032591750830880846,0.8380000000000001,0.876,5000,0.695,0.030276503540974907,0.676,0.711,5000,0.16300000000000003,0.045716517802649834,0.13600000000000004,0.189,5000,0.38881026007836045,0.027616949534360554,0.37276805885931646,0.40498154720194873,5000,0.7246570680857258,0.07290296076592703,0.6840599668249489,0.7676114666326445,5000,0.3358468080073653,0.08184326458780751,0.288633901276991,0.3834173186426957,5000,0.5815,0.022858258901324917,0.5675000000000001,0.5945,5000,0.5815,0.022858258901324917,0.5685,0.5945,5000,0.16300000000000003,0.045716517802649834,0.137,0.18800000000000003,5000,0.858,0.032591750830880846,0.8379999999999999,0.876,5000,0.695,0.030276503540974907,0.675,0.711,5000,0.0,0.0,0.0,0.0,5000,0.0,0.0,0.0,0.0,5000,sample_sd,95% percentile bootstrap over simulator_seeds_within_fixed_target,simulator_seeds_within_fixed_target,5000
MNIST_QNN_zz_r1_d6_s44,zz_r1_d6,44,medium_risk_zz_repetition_baseline,zz,1,6,noisy_shot,128,loss,ibm_kingston,True,10,0.858,0.032591750830880846,0.8379999999999999,0.8760000000000001,5000,0.695,0.030276503540974907,0.675,0.71,5000,0.16300000000000003,0.045716517802649834,0.136,0.189,5000,0.38881026007836045,0.027616949534360554,0.3732641815852596,0.40512507563798716,5000,0.7246570680857258,0.07290296076592703,0.6818241665939992,0.7664647303902264,5000,0.3358468080073653,0.08184326458780751,0.287971077794936,0.3813163876507108,5000,0.56207,0.027229071473947347,0.5460487500000002,0.5782710000000001,5000,0.557,0.03119829055146022,0.5385,0.575,5000,0.11400000000000002,0.062396581102920484,0.076975,0.15000000000000005,5000,0.7829999999999999,0.11916841490559112,0.702,0.8390000000000001,5000,0.6689999999999999,0.07738073260042048,0.616,0.7070000000000001,5000,0.057999999999999996,0.02820559440174157,0.041,0.07400000000000001,5000,0.10500000000000001,0.04428443418528807,0.079,0.132,5000,sample_sd,95% percentile bootstrap over simulator_seeds_within_fixed_target,simulator_seeds_within_fixed_target,5000
MNIST_QNN_zz_r1_d6_s44,zz_r1_d6,44,medium_risk_zz_repetition_baseline,zz,1,6,noisy_shot,512,confidence,ibm_kingston,True,10,0.923,0.014944341180973235,0.914,0.932,5000,0.735,0.01433720877840439,0.7260000000000001,0.743,5000,0.188,0.024404006956964163,0.17400000000000002,0.20200000000000004,5000,0.2863874250692316,0.0052814114111208,0.28325819898040205,0.28939117549445365,5000,0.6473795107089536,0.026524274562776288,0.6319691143511486,0.663748526036838,5000,0.36099208563972207,0.02483751512664537,0.3469652786737577,0.3755560236735088,5000,0.5045499999999999,0.010224290249748942,0.4987397500000001,0.51056,5000,0.493,0.021883530082893145,0.48050000000000004,0.506,5000,-0.013999999999999995,0.04376706016578626,-0.03799999999999999,0.012,5000,0.445,0.13986104214938166,0.364,0.528,5000,0.45899999999999996,0.16353389047330016,0.36100000000000004,0.55,5000,0.052000000000000005,0.016193277068654827,0.043,0.06100000000000001,5000,0.083,0.014944341180973262,0.07400000000000002,0.092,5000,sample_sd,95% percentile bootstrap over simulator_seeds_within_fixed_target,simulator_seeds_within_fixed_target,5000
MNIST_QNN_zz_r1_d6_s44,zz_r1_d6,44,medium_risk_zz_repetition_baseline,zz,1,6,noisy_shot,512,correctness,ibm_kingston,True,10,0.923,0.014944341180973235,0.914,0.9319999999999998,5000,0.735,0.01433720877840439,0.726,0.743,5000,0.188,0.024404006956964163,0.17400000000000002,0.20200000000000004,5000,0.2863874250692316,0.0052814114111208,0.28315333668666426,0.2894435459588625,5000,0.6473795107089536,0.026524274562776288,0.6320451586226903,0.6634154255889348,5000,0.36099208563972207,0.02483751512664537,0.34674541802186537,0.3759279352601752,5000,0.594,0.012202003478482082,0.587,0.6010000000000001,5000,0.594,0.012202003478482066,0.587,0.6014999999999999,5000,0.188,0.024404006956964163,0.17400000000000002,0.20200000000000004,5000,0.923,0.014944341180973235,0.914,0.9319999999999998,5000,0.735,0.01433720877840439,0.726,0.743,5000,0.0,0.0,0.0,0.0,5000,0.0,0.0,0.0,0.0,5000,sample_sd,95% percentile bootstrap over simulator_seeds_within_fixed_target,simulator_seeds_within_fixed_target,5000
MNIST_QNN_zz_r1_d6_s44,zz_r1_d6,44,medium_risk_zz_repetition_baseline,zz,1,6,noisy_shot,512,loss,ibm_kingston,True,10,0.923,0.014944341180973235,0.914,0.932,5000,0.735,0.01433720877840439,0.727,0.743,5000,0.188,0.024404006956964163,0.17400000000000002,0.20200000000000004,5000,0.2863874250692316,0.0052814114111208,0.2832205649365264,0.28941887145885853,5000,0.6473795107089536,0.026524274562776288,0.6323625377074045,0.6638214950612604,5000,0.36099208563972207,0.02483751512664537,0.3458469615142523,0.37590048950177735,5000,0.57328,0.00601106387329969,0.56964975,0.5767402500000001,5000,0.5785,0.028679260799399958,0.5615,0.595,5000,0.15699999999999997,0.057358521598799984,0.12399999999999997,0.189,5000,0.867,0.0671730766172149,0.825,0.9040000000000001,5000,0.71,0.034318767136623324,0.691,0.7310000000000001,5000,0.052000000000000005,0.016193277068654827,0.042,0.06100000000000001,5000,0.083,0.014944341180973262,0.07400000000000002,0.092,5000,sample_sd,95% percentile bootstrap over simulator_seeds_within_fixed_target,simulator_seeds_within_fixed_target,5000
MNIST_QNN_zz_r1_d6_s44,zz_r1_d6,44,medium_risk_zz_repetition_baseline,zz,1,6,noisy_shot,1024,confidence,ibm_kingston,True,10,0.9399999999999998,0.0133333333333333,0.932,0.9469999999999998,5000,0.7310000000000001,0.017288403306519935,0.7219999999999999,0.742,5000,0.209,0.020789954839350238,0.196,0.221,5000,0.27044731430686075,0.009260694707740094,0.2652040615761827,0.276089475873328,5000,0.6467337285059621,0.020806682395001736,0.6340561934962098,0.6586431744818153,5000,0.37628641419910125,0.023828033507519983,0.3615255112773432,0.38971269545034154,5000,0.51555,0.008138420540184004,0.5108597499999998,0.5204,5000,0.488,0.021108186931983436,0.476,0.5005000000000001,5000,-0.023999999999999994,0.04221637386396681,-0.04799999999999998,0.0010000000000000009,5000,0.5670000000000001,0.16159276661479072,0.4640000000000001,0.655,5000,0.591,0.14820781205980862,0.497,0.674,5000,0.045,0.014337208778404376,0.036000000000000004,0.053000000000000005,5000,0.1,0.02211083193570267,0.087,0.11400000000000002,5000,sample_sd,95% percentile bootstrap over simulator_seeds_within_fixed_target,simulator_seeds_within_fixed_target,5000
MNIST_QNN_zz_r1_d6_s44,zz_r1_d6,44,medium_risk_zz_repetition_baseline,zz,1,6,noisy_shot,1024,correctness,ibm_kingston,True,10,0.9399999999999998,0.0133333333333333,0.932,0.9470000000000001,5000,0.7310000000000001,0.017288403306519935,0.7219999999999999,0.742,5000,0.209,0.020789954839350238,0.19699999999999998,0.221,5000,0.27044731430686075,0.009260694707740094,0.2652091842829949,0.2762158354804443,5000,0.6467337285059621,0.020806682395001736,0.6333447790736711,0.6583365198704895,5000,0.37628641419910125,0.023828033507519983,0.36161251751191154,0.3897735766400234,5000,0.6045,0.01039497741967511,0.5980000000000001,0.6100000000000001,5000,0.6045,0.010394977419675103,0.5980000000000001,0.6105,5000,0.209,0.020789954839350238,0.196,0.22000000000000003,5000,0.9399999999999998,0.0133333333333333,0.932,0.9479999999999998,5000,0.7310000000000001,0.017288403306519935,0.7219999999999999,0.742,5000,0.0,0.0,0.0,0.0,5000,0.0,0.0,0.0,0.0,5000,sample_sd,95% percentile bootstrap over simulator_seeds_within_fixed_target,simulator_seeds_within_fixed_target,5000
MNIST_QNN_zz_r1_d6_s44,zz_r1_d6,44,medium_risk_zz_repetition_baseline,zz,1,6,noisy_shot,1024,loss,ibm_kingston,True,10,0.9399999999999998,0.0133333333333333,0.932,0.9479999999999998,5000,0.7310000000000001,0.017288403306519935,0.722,0.742,5000,0.209,0.020789954839350238,0.196,0.2200249999999997,5000,0.27044731430686075,0.009260694707740094,0.26543400323988753,0.27596729052572044,5000,0.6467337285059621,0.020806682395001736,0.6342714880224506,0.658386566495098,5000,0.37628641419910125,0.023828033507519983,0.36175341935858735,0.3896251740257576,5000,0.5826499999999999,0.006472548871108578,0.5791797499999999,0.5868699999999999,5000,0.5925,0.017989194287435728,0.5814999999999999,0.6020000000000001,5000,0.185,0.0359783885748715,0.16200000000000006,0.20500000000000002,5000,0.89,0.0573488351136175,0.8550000000000001,0.922,5000,0.705,0.026770630673681673,0.6890000000000001,0.72,5000,0.045,0.014337208778404376,0.036000000000000004,0.053000000000000005,5000,0.1,0.02211083193570267,0.088,0.11302499999999967,5000,sample_sd,95% percentile bootstrap over simulator_seeds_within_fixed_target,simulator_seeds_within_fixed_target,5000
MNIST_QNN_zz_r1_d6_s45,zz_r1_d6,45,medium_risk_zz_repetition_baseline,zz,1,6,exact,0,confidence,none,False,1,0.96,,,,0,0.73,,,,0,0.22999999999999998,,,,0,0.1639117117378828,,,,0,0.6923390754732281,,,,0,0.5284273637353454,,,,0,0.5421,,,,0,0.5700000000000001,,,,0,0.14,,,,0,0.74,,,,0,0.6,,,,0,0.03,,,,0,0.05,,,,0,sample_sd,none_single_replicate,none,0
MNIST_QNN_zz_r1_d6_s45,zz_r1_d6,45,medium_risk_zz_repetition_baseline,zz,1,6,exact,0,correctness,none,False,1,0.96,,,,0,0.73,,,,0,0.22999999999999998,,,,0,0.1639117117378828,,,,0,0.6923390754732281,,,,0,0.5284273637353454,,,,0,0.615,,,,0,0.615,,,,0,0.22999999999999998,,,,0,0.96,,,,0,0.73,,,,0,0.0,,,,0,0.0,,,,0,sample_sd,none_single_replicate,none,0
MNIST_QNN_zz_r1_d6_s45,zz_r1_d6,45,medium_risk_zz_repetition_baseline,zz,1,6,exact,0,loss,none,False,1,0.96,,,,0,0.73,,,,0,0.22999999999999998,,,,0,0.1639117117378828,,,,0,0.6923390754732281,,,,0,0.5284273637353454,,,,0,0.5992999999999999,,,,0,0.61,,,,0,0.21999999999999997,,,,0,0.86,,,,0,0.64,,,,0,0.03,,,,0,0.05,,,,0,sample_sd,none_single_replicate,none,0
MNIST_QNN_zz_r1_d6_s45,zz_r1_d6,45,medium_risk_zz_repetition_baseline,zz,1,6,ideal_shot,128,confidence,ibm_kingston,False,10,0.9119999999999999,0.022509257354845498,0.899,0.925,5000,0.719,0.032812599206199264,0.701,0.74,5000,0.19300000000000003,0.034976182372199134,0.173,0.21300000000000002,5000,0.25746355575597196,0.026201551702995124,0.2411367805823799,0.27296236808458885,5000,0.8174973119247143,0.05020079962046705,0.7899239460377632,0.8489646146389525,5000,0.5600337561687423,0.05805545208060233,0.5237105337757751,0.5929342074194147,5000,0.52031,0.022379973686808073,0.5072697499999999,0.5335905,5000,0.5115,0.030372685096974873,0.49399999999999994,0.5305000000000001,5000,0.022999999999999975,0.060745370193949766,-0.010000000000000031,0.06099999999999998,5000,0.5690000000000001,0.11049886877249014,0.502,0.631,5000,0.546,0.12384578223652906,0.47000000000000003,0.611,5000,0.038,0.015491933384829668,0.029000000000000005,0.047,5000,0.073,0.02496664441476534,0.05900000000000001,0.088,5000,sample_sd,95% percentile bootstrap over simulator_seeds_within_fixed_target,simulator_seeds_within_fixed_target,5000
MNIST_QNN_zz_r1_d6_s45,zz_r1_d6,45,medium_risk_zz_repetition_baseline,zz,1,6,ideal_shot,128,correctness,ibm_kingston,False,10,0.9119999999999999,0.022509257354845498,0.899,0.925,5000,0.719,0.032812599206199264,0.701,0.74,5000,0.19300000000000003,0.034976182372199134,0.17400000000000002,0.21400000000000002,5000,0.25746355575597196,0.026201551702995124,0.24154523348701504,0.2723843761872266,5000,0.8174973119247143,0.05020079962046705,0.7894194916926655,0.8483672734593928,5000,0.5600337561687423,0.05805545208060233,0.5250775211534728,0.5935387694232218,5000,0.5965,0.017488091186099577,0.5864999999999999,0.6065000000000002,5000,0.5965,0.017488091186099543,0.5860000000000001,0.6065,5000,0.19300000000000003,0.034976182372199134,0.17200000000000001,0.21300000000000002,5000,0.9119999999999999,0.022509257354845498,0.899,0.925,5000,0.719,0.032812599206199264,0.701,0.74,5000,0.0,0.0,0.0,0.0,5000,0.0,0.0,0.0,0.0,5000,sample_sd,95% percentile bootstrap over simulator_seeds_within_fixed_target,simulator_seeds_within_fixed_target,5000
MNIST_QNN_zz_r1_d6_s45,zz_r1_d6,45,medium_risk_zz_repetition_baseline,zz,1,6,ideal_shot,128,loss,ibm_kingston,False,10,0.9119999999999999,0.022509257354845498,0.899,0.925,5000,0.719,0.032812599206199264,0.701,0.74,5000,0.19300000000000003,0.034976182372199134,0.17300000000000004,0.21400000000000005,5000,0.25746355575597196,0.026201551702995124,0.24201745930823465,0.27280897489383404,5000,0.8174973119247143,0.05020079962046705,0.790169333928689,0.8485097828509526,5000,0.5600337561687423,0.05805545208060233,0.5242028151272894,0.5929698916741891,5000,0.59053,0.0158708012820189,0.58122925,0.5995607500000001,5000,0.5735,0.026671874491473003,0.5559875,0.587,5000,0.147,0.05334374898294602,0.11200000000000002,0.174,5000,0.8200000000000001,0.04242640687119284,0.795,0.8440000000000001,5000,0.673,0.04945255863507525,0.643,0.702,5000,0.038,0.015491933384829668,0.029000000000000005,0.047,5000,0.073,0.02496664441476534,0.05900000000000001,0.08800000000000001,5000,sample_sd,95% percentile bootstrap over simulator_seeds_within_fixed_target,simulator_seeds_within_fixed_target,5000
MNIST_QNN_zz_r1_d6_s45,zz_r1_d6,45,medium_risk_zz_repetition_baseline,zz,1,6,ideal_shot,512,confidence,ibm_kingston,False,10,0.952,0.01475729574745243,0.9439999999999997,0.961,5000,0.727,0.02359378449224854,0.713,0.741,5000,0.225,0.029533408577782257,0.20800000000000002,0.242,5000,0.18711246098504147,0.010959916458312098,0.18092415770207426,0.19369014035439283,5000,0.7333369753933512,0.034232553705430824,0.7115626967247694,0.7506852246976534,5000,0.5462245144083097,0.03609606238114412,0.523296742514956,0.5660346044377422,5000,0.52931,0.006980838854400733,0.5252800000000001,0.5335705000000001,5000,0.517,0.018135294011647252,0.5069999999999999,0.5285,5000,0.034000000000000016,0.03627058802329451,0.015000000000000013,0.05700000000000001,5000,0.658,0.07345444544447637,0.6140000000000001,0.702,5000,0.624,0.06979334575094615,0.587,0.668,5000,0.028000000000000004,0.007888106377466156,0.024,0.032999999999999995,5000,0.079,0.02514402955419481,0.06500000000000002,0.094,5000,sample_sd,95% percentile bootstrap over simulator_seeds_within_fixed_target,simulator_seeds_within_fixed_target,5000
MNIST_QNN_zz_r1_d6_s45,zz_r1_d6,45,medium_risk_zz_repetition_baseline,zz,1,6,ideal_shot,512,correctness,ibm_kingston,False,10,0.952,0.01475729574745243,0.9439999999999997,0.961,5000,0.727,0.02359378449224854,0.7139999999999999,0.741,5000,0.225,0.029533408577782257,0.20700000000000002,0.242,5000,0.18711246098504147,0.010959916458312098,0.18090284801676423,0.19367934320868682,5000,0.7333369753933512,0.034232553705430824,0.7119686021371451,0.7521124493398981,5000,0.5462245144083097,0.03609606238114412,0.5238669736586246,0.5663252882608808,5000,0.6125,0.01476670428889112,0.6039999999999999,0.6214999999999999,5000,0.6125,0.01476670428889112,0.6035,0.621,5000,0.225,0.029533408577782257,0.207,0.24100000000000002,5000,0.952,0.01475729574745243,0.944,0.961,5000,0.727,0.02359378449224854,0.713,0.741,5000,0.0,0.0,0.0,0.0,5000,0.0,0.0,0.0,0.0,5000,sample_sd,95% percentile bootstrap over simulator_seeds_within_fixed_target,simulator_seeds_within_fixed_target,5000
MNIST_QNN_zz_r1_d6_s45,zz_r1_d6,45,medium_risk_zz_repetition_baseline,zz,1,6,ideal_shot,512,loss,ibm_kingston,False,10,0.952,0.01475729574745243,0.944,0.961,5000,0.727,0.02359378449224854,0.713,0.741,5000,0.225,0.029533408577782257,0.20799999999999996,0.24299999999999997,5000,0.18711246098504147,0.010959916458312098,0.18064328114416275,0.19374950758677684,5000,0.7333369753933512,0.034232553705430824,0.7119321401351345,0.7522279017657589,5000,0.5462245144083097,0.03609606238114412,0.5238050073018747,0.5668322183935859,5000,0.5951299999999999,0.006858093353436105,0.5914397499999999,0.59932025,5000,0.6054999999999999,0.02385721414303577,0.591,0.619,5000,0.211,0.04771442828607155,0.183,0.23799999999999993,5000,0.8789999999999999,0.06573515886579348,0.8400000000000001,0.9159999999999998,5000,0.6679999999999999,0.05652924513520018,0.635,0.6990000000000001,5000,0.028000000000000004,0.007888106377466156,0.023,0.032999999999999995,5000,0.079,0.02514402955419481,0.06500000000000002,0.095,5000,sample_sd,95% percentile bootstrap over simulator_seeds_within_fixed_target,simulator_seeds_within_fixed_target,5000
MNIST_QNN_zz_r1_d6_s45,zz_r1_d6,45,medium_risk_zz_repetition_baseline,zz,1,6,ideal_shot,1024,confidence,ibm_kingston,False,10,0.96,0.009428090415820642,0.954,0.9659999999999999,5000,0.731,0.015238839267549962,0.722,0.74,5000,0.229,0.020248456731316603,0.21599999999999997,0.24100000000000002,5000,0.17649022619265903,0.008517551903809355,0.17121960595642666,0.1809643528372058,5000,0.7158919927479765,0.027804047839721267,0.6999890120571985,0.7322770923117773,5000,0.5394017665553174,0.029240031049156033,0.5225605379482794,0.5561731558128598,5000,0.53561,0.008693605568334577,0.53061,0.5405802500000001,5000,0.5149999999999999,0.014529663145135591,0.5065,0.5235000000000001,5000,0.030000000000000027,0.029059326290271182,0.013000000000000012,0.04700000000000004,5000,0.6639999999999999,0.09203863922891903,0.6060000000000001,0.715,5000,0.634,0.07947046970765652,0.5850000000000001,0.677,5000,0.024,0.006992058987801009,0.019999999999999997,0.028000000000000004,5000,0.06400000000000002,0.01577621275493231,0.05500000000000001,0.07300000000000001,5000,sample_sd,95% percentile bootstrap over simulator_seeds_within_fixed_target,simulator_seeds_within_fixed_target,5000
MNIST_QNN_zz_r1_d6_s45,zz_r1_d6,45,medium_risk_zz_repetition_baseline,zz,1,6,ideal_shot,1024,correctness,ibm_kingston,False,10,0.96,0.009428090415820642,0.9549999999999998,0.966,5000,0.731,0.015238839267549962,0.7220000000000001,0.74,5000,0.229,0.020248456731316603,0.217,0.24000000000000005,5000,0.17649022619265903,0.008517551903809355,0.17099596423435748,0.18113766453247737,5000,0.7158919927479765,0.027804047839721267,0.699511236384708,0.7321054026192071,5000,0.5394017665553174,0.029240031049156033,0.5225302899972819,0.5563389555140659,5000,0.6144999999999999,0.010124228365658303,0.6085,0.6205,5000,0.6144999999999999,0.010124228365658303,0.6080000000000001,0.62,5000,0.229,0.020248456731316603,0.217,0.24,5000,0.96,0.009428090415820642,0.954,0.9650000000000001,5000,0.731,0.015238839267549962,0.7220000000000001,0.74,5000,0.0,0.0,0.0,0.0,5000,0.0,0.0,0.0,0.0,5000,sample_sd,95% percentile bootstrap over simulator_seeds_within_fixed_target,simulator_seeds_within_fixed_target,5000
MNIST_QNN_zz_r1_d6_s45,zz_r1_d6,45,medium_risk_zz_repetition_baseline,zz,1,6,ideal_shot,1024,loss,ibm_kingston,False,10,0.96,0.009428090415820642,0.954,0.9650000000000001,5000,0.731,0.015238839267549962,0.722,0.74,5000,0.229,0.020248456731316603,0.217,0.24000000000000005,5000,0.17649022619265903,0.008517551903809355,0.17106270482189487,0.18098615601764523,5000,0.7158919927479765,0.027804047839721267,0.7001114614188166,0.7320095479400359,5000,0.5394017665553174,0.029240031049156033,0.5222697971665626,0.5560524506516992,5000,0.5979599999999999,0.005398600641730109,0.5948497500000001,0.60124025,5000,0.5965,0.02517163306404872,0.5805,0.61,5000,0.193,0.05034326612809744,0.1610000000000001,0.221,5000,0.866,0.04880801391392834,0.8350000000000002,0.893,5000,0.6729999999999999,0.03743141876967944,0.651,0.696,5000,0.024,0.006992058987801009,0.019999999999999997,0.028000000000000004,5000,0.06400000000000002,0.01577621275493231,0.05500000000000001,0.07300000000000001,5000,sample_sd,95% percentile bootstrap over simulator_seeds_within_fixed_target,simulator_seeds_within_fixed_target,5000
MNIST_QNN_zz_r1_d6_s45,zz_r1_d6,45,medium_risk_zz_repetition_baseline,zz,1,6,noisy_shot,128,confidence,ibm_kingston,True,10,0.8409999999999999,0.019692073983655897,0.829,0.852,5000,0.6880000000000001,0.02347575581554532,0.674,0.7019999999999998,5000,0.15299999999999997,0.03713339317768964,0.131,0.17499999999999996,5000,0.39453816256240226,0.035781179859581756,0.37271315259740206,0.4145647492147197,5000,0.8171099267461267,0.06869554945835853,0.7754219823430694,0.8575774868976327,5000,0.4225717641837246,0.09254161924521012,0.36837851927988124,0.4762256584858077,5000,0.51854,0.0243279537432422,0.50433925,0.533212,5000,0.5095,0.0338665682413268,0.49000000000000005,0.5295,5000,0.019,0.06773313648265358,-0.019,0.06000000000000001,5000,0.534,0.14576998624164333,0.45,0.619,5000,0.515,0.15543844798218717,0.42400000000000004,0.607,5000,0.048,0.019888578520235064,0.037,0.061,5000,0.10799999999999998,0.02780887148615228,0.092,0.12400000000000003,5000,sample_sd,95% percentile bootstrap over simulator_seeds_within_fixed_target,simulator_seeds_within_fixed_target,5000
MNIST_QNN_zz_r1_d6_s45,zz_r1_d6,45,medium_risk_zz_repetition_baseline,zz,1,6,noisy_shot,128,correctness,ibm_kingston,True,10,0.8409999999999999,0.019692073983655897,0.8280000000000001,0.851,5000,0.6880000000000001,0.02347575581554532,0.674,0.702,5000,0.15299999999999997,0.03713339317768964,0.13197499999999995,0.17499999999999996,5000,0.39453816256240226,0.035781179859581756,0.3719291297136788,0.4139248643520502,5000,0.8171099267461267,0.06869554945835853,0.7773066611886505,0.8581382561456461,5000,0.4225717641837246,0.09254161924521012,0.3671475627706808,0.47592008792624846,5000,0.5765,0.01856669658884482,0.5655,0.588,5000,0.5765,0.018566696588844817,0.5654999999999999,0.5875,5000,0.15299999999999997,0.03713339317768964,0.13199999999999998,0.175,5000,0.8409999999999999,0.019692073983655897,0.829,0.852,5000,0.6880000000000001,0.02347575581554532,0.674,0.7010249999999997,5000,0.0,0.0,0.0,0.0,5000,0.0,0.0,0.0,0.0,5000,sample_sd,95% percentile bootstrap over simulator_seeds_within_fixed_target,simulator_seeds_within_fixed_target,5000
MNIST_QNN_zz_r1_d6_s45,zz_r1_d6,45,medium_risk_zz_repetition_baseline,zz,1,6,noisy_shot,128,loss,ibm_kingston,True,10,0.8409999999999999,0.019692073983655897,0.829,0.852,5000,0.6880000000000001,0.02347575581554532,0.674,0.702,5000,0.15299999999999997,0.03713339317768964,0.131,0.17499999999999996,5000,0.39453816256240226,0.035781179859581756,0.37182018098284825,0.41386469407495186,5000,0.8171099267461267,0.06869554945835853,0.7761162268518078,0.857075068605104,5000,0.4225717641837246,0.09254161924521012,0.3673110864968884,0.47553521120965725,5000,0.58963,0.024267630475365513,0.5764697499999999,0.6047205,5000,0.5660000000000001,0.03649961948051269,0.5455,0.5879999999999999,5000,0.13199999999999998,0.07299923896102538,0.09199999999999998,0.17699999999999996,5000,0.714,0.1233063033443321,0.643,0.788,5000,0.5820000000000001,0.09174844836714012,0.525,0.6319999999999999,5000,0.048,0.019888578520235064,0.037,0.06000000000000001,5000,0.11500000000000002,0.024608038433722335,0.101,0.13,5000,sample_sd,95% percentile bootstrap over simulator_seeds_within_fixed_target,simulator_seeds_within_fixed_target,5000
MNIST_QNN_zz_r1_d6_s45,zz_r1_d6,45,medium_risk_zz_repetition_baseline,zz,1,6,noisy_shot,512,confidence,ibm_kingston,True,10,0.9179999999999999,0.01686548085423135,0.908,0.9289999999999999,5000,0.731,0.02183269719175044,0.719,0.7449999999999999,5000,0.187,0.029458068127047606,0.17,0.20400000000000004,5000,0.2834844353929784,0.011681254832953413,0.2761677644310765,0.2900032273738212,5000,0.7075476144153654,0.029629487967554692,0.6886603019812876,0.7237800956069371,5000,0.424063179022387,0.0310650110384994,0.40427234509232507,0.4406579637160649,5000,0.53469,0.01956603917222106,0.523448,0.54653075,5000,0.522,0.02030325644378809,0.5105000000000001,0.534,5000,0.044,0.04060651288757615,0.02099999999999999,0.06802499999999964,5000,0.602,0.14573949361789343,0.522,0.6940249999999997,5000,0.558,0.11839669665061511,0.49000000000000005,0.631,5000,0.039999999999999994,0.018856180831641266,0.029000000000000005,0.051000000000000004,5000,0.097,0.02213594362117866,0.08499999999999999,0.11000000000000001,5000,sample_sd,95% percentile bootstrap over simulator_seeds_within_fixed_target,simulator_seeds_within_fixed_target,5000
MNIST_QNN_zz_r1_d6_s45,zz_r1_d6,45,medium_risk_zz_repetition_baseline,zz,1,6,noisy_shot,512,correctness,ibm_kingston,True,10,0.9179999999999999,0.01686548085423135,0.908,0.9279999999999999,5000,0.731,0.02183269719175044,0.719,0.744,5000,0.187,0.029458068127047606,0.17000000000000007,0.20500000000000002,5000,0.2834844353929784,0.011681254832953413,0.27617555555099166,0.28995783212123405,5000,0.7075476144153654,0.029629487967554692,0.6890241573746145,0.7238710344248335,5000,0.424063179022387,0.0310650110384994,0.40446119974301864,0.440553931779342,5000,0.5935,0.014729034063523824,0.585,0.6025,5000,0.5935,0.0147290340635238,0.585,0.602,5000,0.187,0.029458068127047606,0.17000000000000007,0.20500000000000002,5000,0.9179999999999999,0.01686548085423135,0.908,0.9279999999999999,5000,0.731,0.02183269719175044,0.719,0.7449999999999999,5000,0.0,0.0,0.0,0.0,5000,0.0,0.0,0.0,0.0,5000,sample_sd,95% percentile bootstrap over simulator_seeds_within_fixed_target,simulator_seeds_within_fixed_target,5000
MNIST_QNN_zz_r1_d6_s45,zz_r1_d6,45,medium_risk_zz_repetition_baseline,zz,1,6,noisy_shot,512,loss,ibm_kingston,True,10,0.9179999999999999,0.01686548085423135,0.908,0.9279999999999999,5000,0.731,0.02183269719175044,0.719,0.744,5000,0.187,0.029458068127047606,0.17,0.20500000000000002,5000,0.2834844353929784,0.011681254832953413,0.27624365681758867,0.290040023590248,5000,0.7075476144153654,0.029629487967554692,0.6893307468261376,0.7240756120307152,5000,0.424063179022387,0.0310650110384994,0.4048944722731779,0.44051311213147143,5000,0.60612,0.014128757120772448,0.5983799999999999,0.6149610000000002,5000,0.5720000000000001,0.031019706997684915,0.554,0.5900000000000001,5000,0.14400000000000002,0.06203941399536983,0.10800000000000001,0.17900000000000005,5000,0.754,0.07366591251499344,0.7130000000000001,0.798,5000,0.61,0.06289320754704403,0.5729999999999998,0.645,5000,0.039999999999999994,0.018856180831641266,0.029000000000000005,0.051000000000000004,5000,0.1,0.020000000000000004,0.089,0.11200000000000002,5000,sample_sd,95% percentile bootstrap over simulator_seeds_within_fixed_target,simulator_seeds_within_fixed_target,5000
MNIST_QNN_zz_r1_d6_s45,zz_r1_d6,45,medium_risk_zz_repetition_baseline,zz,1,6,noisy_shot,1024,confidence,ibm_kingston,True,10,0.9279999999999999,0.00918936583472679,0.922,0.933,5000,0.7310000000000001,0.01728840330651994,0.7209999999999999,0.741,5000,0.197,0.01766981104093143,0.18600000000000008,0.20700000000000007,5000,0.26466040019978027,0.009492242277841902,0.258713920082518,0.26982523304603706,5000,0.6878361378223344,0.020172176265519166,0.6759851228741187,0.6992606682064455,5000,0.4231757376225541,0.01894607843226271,0.41248872302063905,0.43480802578609384,5000,0.54161,0.019860426872440495,0.5304895,0.5536905,5000,0.5279999999999999,0.018439088914585778,0.517,0.538,5000,0.055999999999999994,0.03687817782917156,0.032999999999999974,0.07600000000000003,5000,0.6140000000000001,0.10068653225619492,0.557,0.675,5000,0.558,0.10737266360153727,0.497,0.6209999999999999,5000,0.032999999999999995,0.00948683298050514,0.027999999999999997,0.03899999999999999,5000,0.097,0.01946506842754191,0.08499999999999999,0.10700000000000001,5000,sample_sd,95% percentile bootstrap over simulator_seeds_within_fixed_target,simulator_seeds_within_fixed_target,5000
MNIST_QNN_zz_r1_d6_s45,zz_r1_d6,45,medium_risk_zz_repetition_baseline,zz,1,6,noisy_shot,1024,correctness,ibm_kingston,True,10,0.9279999999999999,0.00918936583472679,0.922,0.933,5000,0.7310000000000001,0.01728840330651994,0.721,0.741,5000,0.197,0.01766981104093143,0.187,0.2070249999999997,5000,0.26466040019978027,0.009492242277841902,0.25874983159483494,0.2698848832161941,5000,0.6878361378223344,0.020172176265519166,0.6758986366495737,0.6993458473044668,5000,0.4231757376225541,0.01894607843226271,0.4125354150125341,0.4346265587821799,5000,0.5985,0.008834905520465695,0.5934999999999999,0.6039999999999999,5000,0.5985,0.008834905520465699,0.5934999999999999,0.6035000000000001,5000,0.197,0.01766981104093143,0.18700000000000003,0.20800000000000002,5000,0.9279999999999999,0.00918936583472679,0.922,0.933,5000,0.7310000000000001,0.01728840330651994,0.721,0.741,5000,0.0,0.0,0.0,0.0,5000,0.0,0.0,0.0,0.0,5000,sample_sd,95% percentile bootstrap over simulator_seeds_within_fixed_target,simulator_seeds_within_fixed_target,5000
MNIST_QNN_zz_r1_d6_s45,zz_r1_d6,45,medium_risk_zz_repetition_baseline,zz,1,6,noisy_shot,1024,loss,ibm_kingston,True,10,0.9279999999999999,0.00918936583472679,0.922,0.933,5000,0.7310000000000001,0.01728840330651994,0.7209999999999999,0.741,5000,0.197,0.01766981104093143,0.187,0.20700000000000007,5000,0.26466040019978027,0.009492242277841902,0.2587281403503595,0.2698826009853858,5000,0.6878361378223344,0.020172176265519166,0.6759475278039677,0.6991990724093204,5000,0.4231757376225541,0.01894607843226271,0.4124014434578937,0.4347747265394165,5000,0.6089500000000001,0.01271554167151363,0.6019697499999999,0.61701025,5000,0.605,0.022484562605386754,0.5925,0.6184999999999999,5000,0.20999999999999996,0.044969125210773474,0.18400000000000002,0.23700000000000002,5000,0.859,0.04581363212940978,0.833,0.8859999999999999,5000,0.649,0.0715619389837301,0.6060000000000001,0.6910000000000001,5000,0.032999999999999995,0.00948683298050514,0.027999999999999997,0.03899999999999999,5000,0.1,0.020548046676563254,0.086,0.11000000000000001,5000,sample_sd,95% percentile bootstrap over simulator_seeds_within_fixed_target,simulator_seeds_within_fixed_target,5000
MNIST_QNN_zz_r5_d6_s43,zz_r5_d6,43,high_risk_anchor,zz,5,6,exact,0,confidence,none,False,1,0.81,,,,0,0.54,,,,0,0.27,,,,0,0.42891142015869266,,,,0,1.192774503410328,,,,0,0.7638630832516354,,,,0,0.5050000000000001,,,,0,0.51,,,,0,0.019999999999999907,,,,0,0.58,,,,0,0.56,,,,0,0.03,,,,0,0.05,,,,0,sample_sd,none_single_replicate,none,0
MNIST_QNN_zz_r5_d6_s43,zz_r5_d6,43,high_risk_anchor,zz,5,6,exact,0,correctness,none,False,1,0.81,,,,0,0.54,,,,0,0.27,,,,0,0.42891142015869266,,,,0,1.192774503410328,,,,0,0.7638630832516354,,,,0,0.635,,,,0,0.635,,,,0,0.27,,,,0,0.81,,,,0,0.54,,,,0,0.0,,,,0,0.0,,,,0,sample_sd,none_single_replicate,none,0
MNIST_QNN_zz_r5_d6_s43,zz_r5_d6,43,high_risk_anchor,zz,5,6,exact,0,loss,none,False,1,0.81,,,,0,0.54,,,,0,0.27,,,,0,0.42891142015869266,,,,0,1.192774503410328,,,,0,0.7638630832516354,,,,0,0.6583,,,,0,0.625,,,,0,0.25,,,,0,0.8,,,,0,0.55,,,,0,0.05,,,,0,0.07,,,,0,sample_sd,none_single_replicate,none,0
MNIST_QNN_zz_r5_d6_s43,zz_r5_d6,43,high_risk_anchor,zz,5,6,ideal_shot,128,confidence,ibm_kingston,False,10,0.758,0.032591750830880874,0.738,0.776,5000,0.524,0.029135697844549557,0.5050000000000001,0.539,5000,0.23399999999999999,0.05274677451960665,0.20399999999999996,0.266,5000,0.6111600224245339,0.05749528599745361,0.5797963530775159,0.6468222811017673,5000,1.369347674760851,0.04107096776822445,1.3440379336402328,1.3921161846121308,5000,0.7581876523363171,0.0701768656104244,0.7137991723512422,0.7981325535897107,5000,0.50898,0.027106858500714856,0.49573924999999996,0.5270024999999999,5000,0.48450000000000004,0.03059139312508233,0.46799999999999997,0.504,5000,-0.031000000000000017,0.061182786250164614,-0.064,0.006999999999999984,5000,0.558,0.17351272767917245,0.4600000000000001,0.661,5000,0.5890000000000001,0.16312571838922274,0.49700000000000005,0.687,5000,0.039,0.017288403306519918,0.029000000000000005,0.049,5000,0.06999999999999999,0.02160246899469287,0.05800000000000001,0.08299999999999999,5000,sample_sd,95% percentile bootstrap over simulator_seeds_within_fixed_target,simulator_seeds_within_fixed_target,5000
MNIST_QNN_zz_r5_d6_s43,zz_r5_d6,43,high_risk_anchor,zz,5,6,ideal_shot,128,correctness,ibm_kingston,False,10,0.758,0.032591750830880874,0.737,0.7750000000000001,5000,0.524,0.029135697844549557,0.5050000000000001,0.54,5000,0.23399999999999999,0.05274677451960665,0.20399999999999996,0.265,5000,0.6111600224245339,0.05749528599745361,0.5794585368524138,0.6470121956652685,5000,1.369347674760851,0.04107096776822445,1.344317432860531,1.3920308119347464,5000,0.7581876523363171,0.0701768656104244,0.7159698807793792,0.7975160305934491,5000,0.6170000000000001,0.026373387259803333,0.602,0.6325000000000001,5000,0.6170000000000001,0.026373387259803333,0.6015,0.6325000000000001,5000,0.23399999999999999,0.05274677451960665,0.20299999999999993,0.265,5000,0.758,0.032591750830880874,0.7379999999999999,0.7750249999999997,5000,0.524,0.029135697844549557,0.505,0.539,5000,0.0,0.0,0.0,0.0,5000,0.0,0.0,0.0,0.0,5000,sample_sd,95% percentile bootstrap over simulator_seeds_within_fixed_target,simulator_seeds_within_fixed_target,5000
MNIST_QNN_zz_r5_d6_s43,zz_r5_d6,43,high_risk_anchor,zz,5,6,ideal_shot,128,loss,ibm_kingston,False,10,0.758,0.032591750830880874,0.736,0.7750000000000001,5000,0.524,0.029135697844549557,0.505,0.54,5000,0.23399999999999999,0.05274677451960665,0.20399999999999996,0.265,5000,0.6111600224245339,0.05749528599745361,0.5798461121160333,0.6466792671018338,5000,1.369347674760851,0.04107096776822445,1.3448539556932928,1.3925014393659092,5000,0.7581876523363171,0.0701768656104244,0.7154209092293683,0.7972177576831504,5000,0.6334799999999999,0.01547548599129176,0.62373,0.64218075,5000,0.601,0.04053804797142228,0.5765,0.6235,5000,0.20199999999999996,0.08107609594284453,0.154,0.24899999999999997,5000,0.724,0.10002221975363498,0.663,0.7809999999999999,5000,0.522,0.06477310827461931,0.48100000000000004,0.558,5000,0.054000000000000006,0.019550504398153576,0.042,0.06500000000000002,5000,0.144,0.030258148581093915,0.12600000000000003,0.162,5000,sample_sd,95% percentile bootstrap over simulator_seeds_within_fixed_target,simulator_seeds_within_fixed_target,5000
MNIST_QNN_zz_r5_d6_s43,zz_r5_d6,43,high_risk_anchor,zz,5,6,ideal_shot,512,confidence,ibm_kingston,False,10,0.8119999999999999,0.022509257354845477,0.799,0.826,5000,0.5349999999999999,0.027182510717166822,0.5189999999999999,0.5509999999999999,5000,0.277,0.03560586718193754,0.258,0.29999999999999993,5000,0.4700606527480996,0.01682413333755759,0.4595266666950287,0.4795714187533274,5000,1.2250984453600833,0.03137312634134312,1.2064111599879483,1.2432428447753585,5000,0.7550377926119836,0.031363917940239024,0.7370931973970554,0.7734739957407663,5000,0.51277,0.01550333655844587,0.5040100000000001,0.5222804999999999,5000,0.5120000000000001,0.0403594956471075,0.48900000000000005,0.5365,5000,0.02400000000000001,0.08071899129421499,-0.021,0.07199999999999998,5000,0.6,0.1083205120618128,0.534,0.6599999999999999,5000,0.5760000000000001,0.1140370310225781,0.509,0.6420249999999997,5000,0.030000000000000006,0.009428090415820635,0.025,0.036,5000,0.05800000000000001,0.012292725943057184,0.051000000000000004,0.06500000000000002,5000,sample_sd,95% percentile bootstrap over simulator_seeds_within_fixed_target,simulator_seeds_within_fixed_target,5000
MNIST_QNN_zz_r5_d6_s43,zz_r5_d6,43,high_risk_anchor,zz,5,6,ideal_shot,512,correctness,ibm_kingston,False,10,0.8119999999999999,0.022509257354845477,0.799,0.825,5000,0.5349999999999999,0.027182510717166822,0.518,0.55,5000,0.277,0.03560586718193754,0.259,0.29900000000000004,5000,0.4700606527480996,0.01682413333755759,0.459930324846576,0.47967474786661335,5000,1.2250984453600833,0.03137312634134312,1.206456575169467,1.2429427667332944,5000,0.7550377926119836,0.031363917940239024,0.7366957161265332,0.7737932877800215,5000,0.6385,0.017802933590968746,0.6295,0.65,5000,0.6385,0.017802933590968763,0.6295,0.65,5000,0.277,0.03560586718193754,0.259,0.29999999999999993,5000,0.8119999999999999,0.022509257354845477,0.799,0.825,5000,0.5349999999999999,0.027182510717166822,0.518,0.55,5000,0.0,0.0,0.0,0.0,5000,0.0,0.0,0.0,0.0,5000,sample_sd,95% percentile bootstrap over simulator_seeds_within_fixed_target,simulator_seeds_within_fixed_target,5000
MNIST_QNN_zz_r5_d6_s43,zz_r5_d6,43,high_risk_anchor,zz,5,6,ideal_shot,512,loss,ibm_kingston,False,10,0.8119999999999999,0.022509257354845477,0.799,0.825,5000,0.5349999999999999,0.027182510717166822,0.519,0.55,5000,0.277,0.03560586718193754,0.259,0.29999999999999993,5000,0.4700606527480996,0.01682413333755759,0.46026295647332155,0.4797144980385813,5000,1.2250984453600833,0.03137312634134312,1.2060612569768256,1.2432672637523807,5000,0.7550377926119836,0.031363917940239024,0.7374500596460437,0.7744253358240629,5000,0.6553100000000001,0.007025263933357483,0.65133,0.6594002500000001,5000,0.6214999999999999,0.01599479081868012,0.6125,0.6315,5000,0.24300000000000002,0.03198958163736021,0.225,0.262,5000,0.741,0.06488451279003335,0.7,0.7750000000000001,5000,0.49799999999999994,0.06844300142778986,0.45600000000000007,0.537,5000,0.044,0.01837873166945363,0.033999999999999996,0.05500000000000001,5000,0.10400000000000001,0.041150131632029234,0.08199999999999999,0.131,5000,sample_sd,95% percentile bootstrap over simulator_seeds_within_fixed_target,simulator_seeds_within_fixed_target,5000
MNIST_QNN_zz_r5_d6_s43,zz_r5_d6,43,high_risk_anchor,zz,5,6,ideal_shot,1024,confidence,ibm_kingston,False,10,0.8109999999999999,0.023309511649396094,0.797,0.825,5000,0.5519999999999999,0.019888578520235036,0.54,0.564,5000,0.259,0.03142893217686174,0.24100000000000002,0.27702499999999963,5000,0.4495275473502115,0.018220343697657654,0.43909519021977833,0.46054811015162483,5000,1.2051867122899274,0.02656619235512622,1.1894010247741156,1.2208292164914134,5000,0.755659164939716,0.025064745364420604,0.7422728490779599,0.7714248806099239,5000,0.50656,0.014302851308587234,0.49773975,0.5148205,5000,0.493,0.03917198545446027,0.471,0.5165,5000,-0.013999999999999995,0.0783439709089205,-0.06000000000000001,0.03300000000000001,5000,0.601,0.09326783415995511,0.5469999999999999,0.6570000000000001,5000,0.615,0.06637435917246624,0.576,0.6529999999999999,5000,0.023,0.013374935098492587,0.015000000000000003,0.031,5000,0.054000000000000006,0.015055453054181621,0.045,0.063,5000,sample_sd,95% percentile bootstrap over simulator_seeds_within_fixed_target,simulator_seeds_within_fixed_target,5000
MNIST_QNN_zz_r5_d6_s43,zz_r5_d6,43,high_risk_anchor,zz,5,6,ideal_shot,1024,correctness,ibm_kingston,False,10,0.8109999999999999,0.023309511649396094,0.797,0.825,5000,0.5519999999999999,0.019888578520235036,0.541,0.564,5000,0.259,0.03142893217686174,0.24100000000000002,0.2779999999999999,5000,0.4495275473502115,0.018220343697657654,0.43890736894462096,0.46100140350429936,5000,1.2051867122899274,0.02656619235512622,1.1896502947011032,1.2206030894080906,5000,0.755659164939716,0.025064745364420604,0.7426522589989537,0.7715953347441055,5000,0.6295,0.015714466088430835,0.6200000000000001,0.6385,5000,0.6295,0.015714466088430887,0.6205,0.639,5000,0.259,0.03142893217686174,0.24100000000000002,0.27799999999999997,5000,0.8109999999999999,0.023309511649396094,0.797,0.825,5000,0.5519999999999999,0.019888578520235036,0.54,0.564,5000,0.0,0.0,0.0,0.0,5000,0.0,0.0,0.0,0.0,5000,sample_sd,95% percentile bootstrap over simulator_seeds_within_fixed_target,simulator_seeds_within_fixed_target,5000
MNIST_QNN_zz_r5_d6_s43,zz_r5_d6,43,high_risk_anchor,zz,5,6,ideal_shot,1024,loss,ibm_kingston,False,10,0.8109999999999999,0.023309511649396094,0.7979999999999999,0.825,5000,0.5519999999999999,0.019888578520235036,0.54,0.564,5000,0.259,0.03142893217686174,0.24100000000000002,0.277,5000,0.4495275473502115,0.018220343697657654,0.43925140111602307,0.46030742816359704,5000,1.2051867122899274,0.02656619235512622,1.1894357039066326,1.2207868077461288,5000,0.755659164939716,0.025064745364420604,0.7427651515095466,0.7712045239196886,5000,0.65411,0.007683091102472302,0.64975,0.65869,5000,0.6285,0.025061036601775978,0.614,0.643,5000,0.257,0.05012207320355199,0.22699999999999995,0.28500000000000003,5000,0.7779999999999999,0.08216514535440872,0.729,0.8229999999999998,5000,0.5209999999999999,0.07866242926440663,0.4709749999999999,0.5630000000000001,5000,0.039,0.01728840330651992,0.028999999999999998,0.049,5000,0.094,0.027968235951204037,0.078,0.11099999999999999,5000,sample_sd,95% percentile bootstrap over simulator_seeds_within_fixed_target,simulator_seeds_within_fixed_target,5000
MNIST_QNN_zz_r5_d6_s43,zz_r5_d6,43,high_risk_anchor,zz,5,6,noisy_shot,128,confidence,ibm_kingston,True,10,0.641,0.037844711945293256,0.6199999999999999,0.664,5000,0.501,0.03071373199943853,0.483,0.519,5000,0.13999999999999999,0.05416025603090641,0.10800000000000001,0.172,5000,0.8556089361281483,0.05922523077462729,0.818929596781767,0.8881244751788455,5000,1.3015714005990886,0.07374397974710381,1.259047032608505,1.345581196611357,5000,0.44596246447094023,0.09754535579972436,0.3886145485611006,0.5036984448130125,5000,0.47364999999999996,0.04375769773549692,0.44736975,0.4989405,5000,0.502,0.0286937856222098,0.4845,0.518,5000,0.003999999999999976,0.05738757124441957,-0.030000000000000027,0.035999999999999976,5000,0.5509999999999999,0.22639444437627979,0.42397499999999994,0.6849999999999998,5000,0.5469999999999999,0.200723690679501,0.43497499999999995,0.6679999999999999,5000,0.034,0.018378731669453627,0.023,0.045,5000,0.065,0.018408935028645435,0.05400000000000001,0.07600000000000003,5000,sample_sd,95% percentile bootstrap over simulator_seeds_within_fixed_target,simulator_seeds_within_fixed_target,5000
MNIST_QNN_zz_r5_d6_s43,zz_r5_d6,43,high_risk_anchor,zz,5,6,noisy_shot,128,correctness,ibm_kingston,True,10,0.641,0.037844711945293256,0.6209999999999999,0.6649999999999999,5000,0.501,0.03071373199943853,0.483,0.5189999999999999,5000,0.13999999999999999,0.05416025603090641,0.10899999999999996,0.17099999999999999,5000,0.8556089361281483,0.05922523077462729,0.8194845381341176,0.8880132812778248,5000,1.3015714005990886,0.07374397974710381,1.2580576427019319,1.344334526543639,5000,0.44596246447094023,0.09754535579972436,0.38725957109179576,0.5034547552907432,5000,0.5700000000000001,0.027080128015453203,0.5545,0.586,5000,0.5700000000000001,0.027080128015453207,0.554,0.5855,5000,0.13999999999999999,0.05416025603090641,0.10899999999999994,0.172,5000,0.641,0.037844711945293256,0.6199999999999999,0.6639999999999999,5000,0.501,0.03071373199943853,0.483,0.519,5000,0.0,0.0,0.0,0.0,5000,0.0,0.0,0.0,0.0,5000,sample_sd,95% percentile bootstrap over simulator_seeds_within_fixed_target,simulator_seeds_within_fixed_target,5000
MNIST_QNN_zz_r5_d6_s43,zz_r5_d6,43,high_risk_anchor,zz,5,6,noisy_shot,128,loss,ibm_kingston,True,10,0.641,0.037844711945293256,0.619,0.6649999999999998,5000,0.501,0.03071373199943853,0.48299999999999993,0.5180249999999997,5000,0.13999999999999999,0.05416025603090641,0.10799999999999996,0.172,5000,0.8556089361281483,0.05922523077462729,0.8194857467243447,0.888550628567471,5000,1.3015714005990886,0.07374397974710381,1.2597826401095487,1.3454329711494502,5000,0.44596246447094023,0.09754535579972436,0.38706536671049396,0.5025308668173266,5000,0.58613,0.030556979562777486,0.5682767499999999,0.604543,5000,0.578,0.03309917756615041,0.5574874999999999,0.5954999999999999,5000,0.156,0.06619835513230084,0.11400000000000002,0.192,5000,0.7060000000000001,0.11147495981908523,0.64,0.772,5000,0.55,0.12780193008453877,0.471,0.621,5000,0.05900000000000001,0.0166332999331662,0.051000000000000004,0.07000000000000002,5000,0.123,0.02496664441476534,0.10700000000000001,0.137,5000,sample_sd,95% percentile bootstrap over simulator_seeds_within_fixed_target,simulator_seeds_within_fixed_target,5000
MNIST_QNN_zz_r5_d6_s43,zz_r5_d6,43,high_risk_anchor,zz,5,6,noisy_shot,512,confidence,ibm_kingston,True,10,0.747,0.03831158803518563,0.725,0.77,5000,0.557,0.024966644414765315,0.542,0.5700000000000001,5000,0.19,0.0565685424949238,0.15799999999999997,0.22499999999999995,5000,0.644632171697449,0.02635158058994852,0.6289302933396771,0.6595698234137497,5000,1.0951200753245502,0.028368858949415727,1.0779273064292272,1.110993295127549,5000,0.45048790362710134,0.04213773130710437,0.42597303606499914,0.47583154300018204,5000,0.46623000000000003,0.027255419440707345,0.45074975000000006,0.48263,5000,0.479,0.027264140062238047,0.4634875,0.49450000000000005,5000,-0.04200000000000001,0.05452828012447607,-0.07300000000000001,-0.009000000000000025,5000,0.466,0.2332952349849149,0.32397499999999996,0.5890249999999997,5000,0.508,0.22817147547890868,0.36100000000000004,0.629,5000,0.037000000000000005,0.02057506581601462,0.026000000000000002,0.05,5000,0.09,0.02748737083745107,0.073,0.10500000000000001,5000,sample_sd,95% percentile bootstrap over simulator_seeds_within_fixed_target,simulator_seeds_within_fixed_target,5000
MNIST_QNN_zz_r5_d6_s43,zz_r5_d6,43,high_risk_anchor,zz,5,6,noisy_shot,512,correctness,ibm_kingston,True,10,0.747,0.03831158803518563,0.726,0.771,5000,0.557,0.024966644414765315,0.542,0.571,5000,0.19,0.0565685424949238,0.158,0.22599999999999998,5000,0.644632171697449,0.02635158058994852,0.6294797289547509,0.6599995079489193,5000,1.0951200753245502,0.028368858949415727,1.0782038930506446,1.1108034089876107,5000,0.45048790362710134,0.04213773130710437,0.4262378818374127,0.47620981565983966,5000,0.595,0.028284271247461874,0.5795000000000001,0.613,5000,0.595,0.028284271247461926,0.579,0.612,5000,0.19,0.0565685424949238,0.15897499999999995,0.22399999999999998,5000,0.747,0.03831158803518563,0.725,0.77,5000,0.557,0.024966644414765315,0.542,0.572,5000,0.0,0.0,0.0,0.0,5000,0.0,0.0,0.0,0.0,5000,sample_sd,95% percentile bootstrap over simulator_seeds_within_fixed_target,simulator_seeds_within_fixed_target,5000
MNIST_QNN_zz_r5_d6_s43,zz_r5_d6,43,high_risk_anchor,zz,5,6,noisy_shot,512,loss,ibm_kingston,True,10,0.747,0.03831158803518563,0.725,0.77,5000,0.557,0.024966644414765315,0.542,0.5710000000000001,5000,0.19,0.0565685424949238,0.15799999999999997,0.223,5000,0.644632171697449,0.02635158058994852,0.6286873744939687,0.6607885655805237,5000,1.0951200753245502,0.028368858949415727,1.0775671670465499,1.1102353499079356,5000,0.45048790362710134,0.04213773130710437,0.42664433518007866,0.4751121432105661,5000,0.61158,0.020369246972390065,0.5995197499999998,0.62373,5000,0.5825,0.028210518133017903,0.5650000000000001,0.5980000000000001,5000,0.16499999999999998,0.05642103626603582,0.131,0.19699999999999998,5000,0.791,0.08425490424235782,0.742,0.8400000000000001,5000,0.626,0.07904991390816875,0.5780000000000001,0.673,5000,0.07,0.033665016461206926,0.05000000000000001,0.089,5000,0.14500000000000002,0.043269183285823895,0.118975,0.17,5000,sample_sd,95% percentile bootstrap over simulator_seeds_within_fixed_target,simulator_seeds_within_fixed_target,5000
MNIST_QNN_zz_r5_d6_s43,zz_r5_d6,43,high_risk_anchor,zz,5,6,noisy_shot,1024,confidence,ibm_kingston,True,10,0.766,0.028362729848243555,0.749,0.782,5000,0.576,0.010749676997731371,0.5690000000000002,0.5820000000000001,5000,0.19000000000000003,0.03197221015541813,0.17100000000000004,0.20800000000000005,5000,0.6240427899034694,0.016214688739177564,0.6149791744991672,0.633885897938977,5000,1.0656507461760194,0.025426722186971003,1.0506442370175153,1.0806075142165645,5000,0.4416079562725499,0.030740828910679426,0.4216434046957874,0.45772141884230066,5000,0.46733000000000013,0.018843451559272976,0.4559997500000001,0.4785102500000001,5000,0.481,0.030623157540948926,0.46399999999999997,0.499,5000,-0.03800000000000002,0.06124631508189786,-0.07400000000000004,-0.0020000000000000573,5000,0.499,0.2997943739743404,0.32700000000000007,0.675,5000,0.537,0.2644512137322203,0.378,0.69,5000,0.046,0.014298407059684812,0.038,0.054000000000000006,5000,0.095,0.02990726407487727,0.08,0.11500000000000002,5000,sample_sd,95% percentile bootstrap over simulator_seeds_within_fixed_target,simulator_seeds_within_fixed_target,5000
MNIST_QNN_zz_r5_d6_s43,zz_r5_d6,43,high_risk_anchor,zz,5,6,noisy_shot,1024,correctness,ibm_kingston,True,10,0.766,0.028362729848243555,0.749,0.783,5000,0.576,0.010749676997731371,0.5700000000000001,0.5820000000000001,5000,0.19000000000000003,0.03197221015541813,0.170975,0.20802499999999974,5000,0.6240427899034694,0.016214688739177564,0.6148580267232611,0.63400954513615,5000,1.0656507461760194,0.025426722186971003,1.0500409869043852,1.080187769856304,5000,0.4416079562725499,0.030740828910679426,0.4216398809247184,0.45802306892808986,5000,0.595,0.01598610507770908,0.5855,0.6040000000000001,5000,0.595,0.01598610507770908,0.5854999999999999,0.604,5000,0.19000000000000003,0.03197221015541813,0.17100000000000004,0.20800000000000005,5000,0.766,0.028362729848243555,0.749,0.782,5000,0.576,0.010749676997731371,0.57,0.5820000000000001,5000,0.0,0.0,0.0,0.0,5000,0.0,0.0,0.0,0.0,5000,sample_sd,95% percentile bootstrap over simulator_seeds_within_fixed_target,simulator_seeds_within_fixed_target,5000
MNIST_QNN_zz_r5_d6_s43,zz_r5_d6,43,high_risk_anchor,zz,5,6,noisy_shot,1024,loss,ibm_kingston,True,10,0.766,0.028362729848243555,0.749,0.782,5000,0.576,0.010749676997731371,0.57,0.5820000000000001,5000,0.19000000000000003,0.03197221015541813,0.17200000000000001,0.20800000000000005,5000,0.6240427899034694,0.016214688739177564,0.6151138225243195,0.6337437773786253,5000,1.0656507461760194,0.025426722186971003,1.050735153278522,1.080586522470764,5000,0.4416079562725499,0.030740828910679426,0.42121072666777765,0.45786620048168114,5000,0.6173,0.012855349081219075,0.60943975,0.62456,5000,0.5965,0.027593276153601073,0.5795,0.6119999999999999,5000,0.19299999999999998,0.05518655230720211,0.15999999999999998,0.22299999999999995,5000,0.8160000000000001,0.06113736809658867,0.78,0.853,5000,0.623,0.057358521598799936,0.588,0.656,5000,0.084,0.03747591819348053,0.06300000000000001,0.10800000000000001,5000,0.16199999999999998,0.028596814119369623,0.14500000000000002,0.179,5000,sample_sd,95% percentile bootstrap over simulator_seeds_within_fixed_target,simulator_seeds_within_fixed_target,5000
MNIST_QNN_zz_r5_d6_s44,zz_r5_d6,44,high_risk_anchor,zz,5,6,exact,0,confidence,none,False,1,0.89,,,,0,0.55,,,,0,0.33999999999999997,,,,0,0.37541136185638607,,,,0,1.4118418869911693,,,,0,1.0364305251347832,,,,0,0.5546,,,,0,0.53,,,,0,0.06000000000000005,,,,0,0.65,,,,0,0.59,,,,0,0.1,,,,0,0.18,,,,0,sample_sd,none_single_replicate,none,0
MNIST_QNN_zz_r5_d6_s44,zz_r5_d6,44,high_risk_anchor,zz,5,6,exact,0,correctness,none,False,1,0.89,,,,0,0.55,,,,0,0.33999999999999997,,,,0,0.37541136185638607,,,,0,1.4118418869911693,,,,0,1.0364305251347832,,,,0,0.6699999999999999,,,,0,0.67,,,,0,0.33999999999999997,,,,0,0.89,,,,0,0.55,,,,0,0.0,,,,0,0.0,,,,0,sample_sd,none_single_replicate,none,0
MNIST_QNN_zz_r5_d6_s44,zz_r5_d6,44,high_risk_anchor,zz,5,6,exact,0,loss,none,False,1,0.89,,,,0,0.55,,,,0,0.33999999999999997,,,,0,0.37541136185638607,,,,0,1.4118418869911693,,,,0,1.0364305251347832,,,,0,0.7289000000000001,,,,0,0.665,,,,0,0.32999999999999996,,,,0,0.72,,,,0,0.39,,,,0,0.18,,,,0,0.23,,,,0,sample_sd,none_single_replicate,none,0
MNIST_QNN_zz_r5_d6_s44,zz_r5_d6,44,high_risk_anchor,zz,5,6,ideal_shot,128,confidence,ibm_kingston,False,10,0.8119999999999999,0.017511900715418235,0.8009999999999999,0.8210000000000001,5000,0.5109999999999999,0.026012817353502252,0.4959999999999999,0.526,5000,0.301,0.025144029554194827,0.285,0.31500000000000006,5000,0.49377558438433333,0.031090570890832184,0.4745730609774123,0.5107078067659925,5000,1.5170760193360837,0.08398496519681245,1.469953148533193,1.5699472875631217,5000,1.0233004349517505,0.06700230549673508,0.9866174013276667,1.0658681993470267,5000,0.51693,0.03094852536425961,0.49812200000000006,0.5342534999999998,5000,0.508,0.03816630276391292,0.48500000000000004,0.5299999999999999,5000,0.016000000000000014,0.07633260552782584,-0.028000000000000004,0.061,5000,0.576,0.16607896381607823,0.476,0.673,5000,0.5599999999999999,0.17638342073763935,0.45499999999999996,0.659,5000,0.06700000000000002,0.02359378449224852,0.05200000000000001,0.08,5000,0.11200000000000002,0.030840089349921006,0.094,0.13,5000,sample_sd,95% percentile bootstrap over simulator_seeds_within_fixed_target,simulator_seeds_within_fixed_target,5000
MNIST_QNN_zz_r5_d6_s44,zz_r5_d6,44,high_risk_anchor,zz,5,6,ideal_shot,128,correctness,ibm_kingston,False,10,0.8119999999999999,0.017511900715418235,0.8009999999999999,0.8210000000000001,5000,0.5109999999999999,0.026012817353502252,0.4959999999999999,0.526,5000,0.301,0.025144029554194827,0.2859999999999999,0.315,5000,0.49377558438433333,0.031090570890832184,0.4745276910924586,0.5110092810905277,5000,1.5170760193360837,0.08398496519681245,1.4698380693209125,1.5668471874644854,5000,1.0233004349517505,0.06700230549673508,0.9872898886706368,1.0661127352555575,5000,0.6505000000000001,0.012572014777097414,0.6425000000000001,0.6575,5000,0.6505000000000001,0.01257201477709741,0.643,0.6575,5000,0.301,0.025144029554194827,0.286,0.315,5000,0.8119999999999999,0.017511900715418235,0.8009999999999999,0.8210000000000001,5000,0.5109999999999999,0.026012817353502252,0.4959999999999999,0.526,5000,0.0,0.0,0.0,0.0,5000,0.0,0.0,0.0,0.0,5000,sample_sd,95% percentile bootstrap over simulator_seeds_within_fixed_target,simulator_seeds_within_fixed_target,5000
MNIST_QNN_zz_r5_d6_s44,zz_r5_d6,44,high_risk_anchor,zz,5,6,ideal_shot,128,loss,ibm_kingston,False,10,0.8119999999999999,0.017511900715418235,0.8000000000000002,0.8210000000000001,5000,0.5109999999999999,0.026012817353502252,0.495,0.526,5000,0.301,0.025144029554194827,0.286,0.315,5000,0.49377558438433333,0.031090570890832184,0.4746775093506672,0.5109367298248165,5000,1.5170760193360837,0.08398496519681245,1.4722682273382561,1.5696489700431493,5000,1.0233004349517505,0.06700230549673508,0.9862670812268606,1.0637388475360663,5000,0.69511,0.015170472050078793,0.68594875,0.70344,5000,0.6445000000000001,0.027330284382794952,0.6289999999999999,0.66,5000,0.289,0.05466056876558988,0.256,0.32,5000,0.7380000000000001,0.11877148928369413,0.664,0.8019999999999999,5000,0.449,0.11599329482536672,0.378,0.513,5000,0.11400000000000002,0.03747591819348052,0.092,0.13599999999999998,5000,0.21000000000000002,0.05206833117271103,0.181,0.24100000000000002,5000,sample_sd,95% percentile bootstrap over simulator_seeds_within_fixed_target,simulator_seeds_within_fixed_target,5000
MNIST_QNN_zz_r5_d6_s44,zz_r5_d6,44,high_risk_anchor,zz,5,6,ideal_shot,512,confidence,ibm_kingston,False,10,0.86,0.02054804667656327,0.8489999999999999,0.873,5000,0.539,0.0128668393770792,0.531,0.546,5000,0.321,0.026012817353502252,0.30699999999999994,0.33699999999999997,5000,0.41070484605268576,0.014776142189464084,0.4030932364628708,0.4200285511561902,5000,1.4269660373373774,0.0372254694951663,1.4062683284200503,1.4488265465105146,5000,1.0162611912846915,0.035833492478398114,0.9965561488331821,1.03836866352645,5000,0.53069,0.012092463217503123,0.5239297499999999,0.53791,5000,0.5165,0.04558569463719464,0.49049999999999994,0.5435000000000001,5000,0.032999999999999995,0.0911713892743893,-0.017000000000000022,0.085,5000,0.5050000000000001,0.18155195154861628,0.396,0.612,5000,0.472,0.15873107936240952,0.37,0.5589999999999999,5000,0.08800000000000001,0.026997942308422115,0.073,0.10500000000000001,5000,0.14100000000000001,0.033813212407775364,0.119,0.158,5000,sample_sd,95% percentile bootstrap over simulator_seeds_within_fixed_target,simulator_seeds_within_fixed_target,5000
MNIST_QNN_zz_r5_d6_s44,zz_r5_d6,44,high_risk_anchor,zz,5,6,ideal_shot,512,correctness,ibm_kingston,False,10,0.86,0.02054804667656327,0.8480000000000001,0.8720000000000001,5000,0.539,0.0128668393770792,0.5310000000000001,0.546,5000,0.321,0.026012817353502252,0.30699999999999994,0.337,5000,0.41070484605268576,0.014776142189464084,0.40319263548112355,0.42059328434886994,5000,1.4269660373373774,0.0372254694951663,1.406039948096779,1.4489090534960472,5000,1.0162611912846915,0.035833492478398114,0.996272353994233,1.0389475584484849,5000,0.6605,0.013006408676751104,0.6535,0.6684999999999999,5000,0.6605,0.013006408676751098,0.6535,0.6685000000000001,5000,0.321,0.026012817353502252,0.30699999999999994,0.33799999999999997,5000,0.86,0.02054804667656327,0.8479999999999999,0.873,5000,0.539,0.0128668393770792,0.5319999999999999,0.5469999999999999,5000,0.0,0.0,0.0,0.0,5000,0.0,0.0,0.0,0.0,5000,sample_sd,95% percentile bootstrap over simulator_seeds_within_fixed_target,simulator_seeds_within_fixed_target,5000
MNIST_QNN_zz_r5_d6_s44,zz_r5_d6,44,high_risk_anchor,zz,5,6,ideal_shot,512,loss,ibm_kingston,False,10,0.86,0.02054804667656327,0.8489999999999999,0.8720000000000001,5000,0.539,0.0128668393770792,0.5319999999999999,0.5469999999999999,5000,0.321,0.026012817353502252,0.30699999999999994,0.337,5000,0.41070484605268576,0.014776142189464084,0.40315771811205203,0.42014868157514723,5000,1.4269660373373774,0.0372254694951663,1.406121201108648,1.450054115495147,5000,1.0162611912846915,0.035833492478398114,0.9958869383700962,1.0377802683135684,5000,0.7137,0.011826242006656227,0.7068292500000001,0.7205402500000001,5000,0.6635,0.02749242319864393,0.6475,0.6805,5000,0.32699999999999996,0.0549848463972878,0.296,0.361,5000,0.758,0.06613118276073195,0.7180000000000001,0.7959999999999999,5000,0.43099999999999994,0.08211780156174016,0.384,0.4789999999999999,5000,0.13,0.037118429085533484,0.10700000000000001,0.151,5000,0.225,0.03951089863709899,0.203,0.24900000000000003,5000,sample_sd,95% percentile bootstrap over simulator_seeds_within_fixed_target,simulator_seeds_within_fixed_target,5000
MNIST_QNN_zz_r5_d6_s44,zz_r5_d6,44,high_risk_anchor,zz,5,6,ideal_shot,1024,confidence,ibm_kingston,False,10,0.8800000000000001,0.014907119849998611,0.8710000000000001,0.8880000000000001,5000,0.5370000000000001,0.014944341180973278,0.528,0.5450249999999998,5000,0.34299999999999997,0.02263232692902396,0.32997499999999996,0.356,5000,0.39132444286090323,0.012400440692532653,0.38360563511174395,0.398281421868311,5000,1.4232510708266057,0.03809627913521211,1.4011486789432315,1.44526079350006,5000,1.031926627965702,0.029870176337482762,1.0147463459475359,1.0496115871885738,5000,0.54765,0.00799002850780623,0.54289,0.55213025,5000,0.518,0.019748417658131498,0.5065000000000001,0.5295,5000,0.036000000000000004,0.03949683531626297,0.013000000000000022,0.05900000000000001,5000,0.5539999999999999,0.11266469426281392,0.487,0.6210000000000001,5000,0.518,0.11554700823089756,0.446,0.58,5000,0.089,0.03142893217686178,0.07200000000000001,0.10800000000000001,5000,0.147,0.027908580918579305,0.129,0.16199999999999998,5000,sample_sd,95% percentile bootstrap over simulator_seeds_within_fixed_target,simulator_seeds_within_fixed_target,5000
MNIST_QNN_zz_r5_d6_s44,zz_r5_d6,44,high_risk_anchor,zz,5,6,ideal_shot,1024,correctness,ibm_kingston,False,10,0.8800000000000001,0.014907119849998611,0.8719999999999999,0.8889999999999999,5000,0.5370000000000001,0.014944341180973278,0.528,0.546,5000,0.34299999999999997,0.02263232692902396,0.32999999999999996,0.356,5000,0.39132444286090323,0.012400440692532653,0.383691017227614,0.3982859120098699,5000,1.4232510708266057,0.03809627913521211,1.3998005645611995,1.4461232661308234,5000,1.031926627965702,0.029870176337482762,1.0151205684594546,1.0492038477694745,5000,0.6715,0.011316163464511976,0.6645,0.6779999999999999,5000,0.6715,0.01131616346451195,0.6645000000000001,0.6779999999999999,5000,0.34299999999999997,0.02263232692902396,0.32999999999999996,0.356,5000,0.8800000000000001,0.014907119849998611,0.8710000000000001,0.889,5000,0.5370000000000001,0.014944341180973278,0.528,0.546,5000,0.0,0.0,0.0,0.0,5000,0.0,0.0,0.0,0.0,5000,sample_sd,95% percentile bootstrap over simulator_seeds_within_fixed_target,simulator_seeds_within_fixed_target,5000
MNIST_QNN_zz_r5_d6_s44,zz_r5_d6,44,high_risk_anchor,zz,5,6,ideal_shot,1024,loss,ibm_kingston,False,10,0.8800000000000001,0.014907119849998611,0.8710000000000001,0.8880000000000001,5000,0.5370000000000001,0.014944341180973278,0.528,0.546,5000,0.34299999999999997,0.02263232692902396,0.32899999999999996,0.356,5000,0.39132444286090323,0.012400440692532653,0.3836797019054589,0.3980697744329926,5000,1.4232510708266057,0.03809627913521211,1.4008553387017384,1.4457794894103537,5000,1.031926627965702,0.029870176337482762,1.0147705160582499,1.0491489924444726,5000,0.72459,0.004588015789956369,0.7217997499999999,0.7272000000000001,5000,0.6655000000000001,0.02114106062723541,0.6540000000000001,0.6785,5000,0.33099999999999996,0.04228212125447089,0.308,0.35700000000000004,5000,0.7630000000000001,0.03622460796505909,0.743,0.7859999999999999,5000,0.43200000000000005,0.04756282395129858,0.404,0.45999999999999996,5000,0.153,0.034657049948186754,0.13297499999999998,0.173,5000,0.252,0.03457680661303984,0.23199999999999998,0.27299999999999996,5000,sample_sd,95% percentile bootstrap over simulator_seeds_within_fixed_target,simulator_seeds_within_fixed_target,5000
MNIST_QNN_zz_r5_d6_s44,zz_r5_d6,44,high_risk_anchor,zz,5,6,noisy_shot,128,confidence,ibm_kingston,True,10,0.6739999999999999,0.04718756898449703,0.647,0.702,5000,0.473,0.028693785622209797,0.458,0.492,5000,0.201,0.05363456596884762,0.17,0.233,5000,0.754723415120039,0.0508388638429572,0.7243014189257753,0.7848299327249172,5000,1.36615234031633,0.04512179615980671,1.3400520729641199,1.3932465317317753,5000,0.6114289251962909,0.08161316123299289,0.5645468676893884,0.65784523545212,5000,0.50511,0.021538980167748578,0.492048,0.5177099999999999,5000,0.5155000000000001,0.02733028438279492,0.49849999999999994,0.5305,5000,0.03100000000000001,0.05466056876558987,-0.0030000000000000027,0.06200000000000001,5000,0.55,0.2460352278299458,0.405975,0.6930249999999997,5000,0.519,0.2566645021553753,0.36900000000000005,0.6699999999999999,5000,0.06799999999999999,0.05245103536738919,0.04,0.101,5000,0.11500000000000002,0.04116363011742823,0.092,0.13999999999999999,5000,sample_sd,95% percentile bootstrap over simulator_seeds_within_fixed_target,simulator_seeds_within_fixed_target,5000
MNIST_QNN_zz_r5_d6_s44,zz_r5_d6,44,high_risk_anchor,zz,5,6,noisy_shot,128,correctness,ibm_kingston,True,10,0.6739999999999999,0.04718756898449703,0.646,0.7020000000000001,5000,0.473,0.028693785622209797,0.458,0.491,5000,0.201,0.05363456596884762,0.16900000000000004,0.233,5000,0.754723415120039,0.0508388638429572,0.7249305963209598,0.7834348413458908,5000,1.36615234031633,0.04512179615980671,1.3394285270381314,1.392643722536601,5000,0.6114289251962909,0.08161316123299289,0.5641886656668678,0.6613200595844827,5000,0.6005,0.026817282984423797,0.5845,0.6169999999999999,5000,0.6005,0.026817282984423797,0.5845,0.616,5000,0.201,0.05363456596884762,0.169,0.233,5000,0.6739999999999999,0.04718756898449703,0.647,0.702,5000,0.473,0.028693785622209797,0.45899999999999996,0.492,5000,0.0,0.0,0.0,0.0,5000,0.0,0.0,0.0,0.0,5000,sample_sd,95% percentile bootstrap over simulator_seeds_within_fixed_target,simulator_seeds_within_fixed_target,5000
MNIST_QNN_zz_r5_d6_s44,zz_r5_d6,44,high_risk_anchor,zz,5,6,noisy_shot,128,loss,ibm_kingston,True,10,0.6739999999999999,0.04718756898449703,0.6479999999999999,0.702,5000,0.473,0.028693785622209797,0.458,0.4919999999999999,5000,0.201,0.05363456596884762,0.16999999999999998,0.23200000000000004,5000,0.754723415120039,0.0508388638429572,0.7241705122469574,0.7836213420187705,5000,1.36615234031633,0.04512179615980671,1.3399458190817208,1.3921026907829683,5000,0.6114289251962909,0.08161316123299289,0.5640826787891129,0.658403973663965,5000,0.64359,0.02264461917934982,0.6302787500000001,0.6571110000000001,5000,0.6005,0.031837259792750885,0.582,0.6194999999999999,5000,0.20099999999999998,0.06367451958550174,0.16399999999999998,0.238,5000,0.6969999999999998,0.08380532998165054,0.65,0.745,5000,0.496,0.07763160868271807,0.45099999999999996,0.542,5000,0.098,0.05452828012447608,0.06800000000000002,0.132,5000,0.186,0.04742245131674331,0.15999999999999998,0.21500000000000002,5000,sample_sd,95% percentile bootstrap over simulator_seeds_within_fixed_target,simulator_seeds_within_fixed_target,5000
MNIST_QNN_zz_r5_d6_s44,zz_r5_d6,44,high_risk_anchor,zz,5,6,noisy_shot,512,confidence,ibm_kingston,True,10,0.729,0.0191195071996,0.7180000000000001,0.741,5000,0.47000000000000003,0.03431876713662333,0.449,0.48900000000000005,5000,0.25899999999999995,0.045570458267024994,0.236,0.28800000000000003,5000,0.6390786066222935,0.02337917917575523,0.6253045487518423,0.652421700980002,5000,1.2330647942335344,0.03496975063340044,1.2123856576401741,1.253831377774186,5000,0.593986187611241,0.04837341245008578,0.5645483713970287,0.6206900428091293,5000,0.52857,0.025208642697826217,0.51352925,0.5428004999999999,5000,0.5085,0.020419217527722373,0.4955,0.5194999999999999,5000,0.017000000000000005,0.040838435055444745,-0.009000000000000005,0.03800000000000001,5000,0.42300000000000004,0.13064370546558216,0.34900000000000003,0.5020249999999996,5000,0.406,0.1382590161817867,0.326,0.48599999999999993,5000,0.075,0.030641293851417065,0.05700000000000001,0.092,5000,0.13600000000000004,0.04115013163202924,0.11400000000000002,0.16299999999999998,5000,sample_sd,95% percentile bootstrap over simulator_seeds_within_fixed_target,simulator_seeds_within_fixed_target,5000
MNIST_QNN_zz_r5_d6_s44,zz_r5_d6,44,high_risk_anchor,zz,5,6,noisy_shot,512,correctness,ibm_kingston,True,10,0.729,0.0191195071996,0.719,0.741,5000,0.47000000000000003,0.03431876713662333,0.449,0.48900000000000005,5000,0.25899999999999995,0.045570458267024994,0.23599999999999993,0.28800000000000003,5000,0.6390786066222935,0.02337917917575523,0.6251871071869973,0.65277694581612,5000,1.2330647942335344,0.03496975063340044,1.2124192843296682,1.2534558729897134,5000,0.593986187611241,0.04837341245008578,0.5646878366716207,0.6210748635512194,5000,0.6295,0.022785229133512518,0.618,0.6445000000000001,5000,0.6295,0.022785229133512518,0.618,0.6445,5000,0.25899999999999995,0.045570458267024994,0.236,0.288,5000,0.729,0.0191195071996,0.718,0.741,5000,0.47000000000000003,0.03431876713662333,0.449,0.49000000000000005,5000,0.0,0.0,0.0,0.0,5000,0.0,0.0,0.0,0.0,5000,sample_sd,95% percentile bootstrap over simulator_seeds_within_fixed_target,simulator_seeds_within_fixed_target,5000
MNIST_QNN_zz_r5_d6_s44,zz_r5_d6,44,high_risk_anchor,zz,5,6,noisy_shot,512,loss,ibm_kingston,True,10,0.729,0.0191195071996,0.719,0.741,5000,0.47000000000000003,0.03431876713662333,0.449975,0.489,5000,0.25899999999999995,0.045570458267024994,0.236,0.288,5000,0.6390786066222935,0.02337917917575523,0.6256498536646367,0.652449839814147,5000,1.2330647942335344,0.03496975063340044,1.2125776893541567,1.2531216058816412,5000,0.593986187611241,0.04837341245008578,0.5659011870778049,0.620811764528579,5000,0.6743800000000001,0.017042613258144008,0.6645997499999999,0.6844210000000001,5000,0.604,0.03389526351702977,0.585,0.6239999999999999,5000,0.20800000000000002,0.06779052703405954,0.17099999999999999,0.24899999999999997,5000,0.6990000000000001,0.09643074659510258,0.646,0.758,5000,0.491,0.1004932280747757,0.433,0.5509999999999999,5000,0.10900000000000001,0.03142893217686178,0.091,0.12799999999999997,5000,0.233,0.04595891885393108,0.20500000000000002,0.259,5000,sample_sd,95% percentile bootstrap over simulator_seeds_within_fixed_target,simulator_seeds_within_fixed_target,5000
MNIST_QNN_zz_r5_d6_s44,zz_r5_d6,44,high_risk_anchor,zz,5,6,noisy_shot,1024,confidence,ibm_kingston,True,10,0.7249999999999999,0.03171049598406742,0.707,0.744,5000,0.49000000000000005,0.018856180831641273,0.4790000000000001,0.5010000000000001,5000,0.23499999999999996,0.04116363011742824,0.21100000000000002,0.259,5000,0.6142933380007743,0.011420970466145812,0.6076627442862839,0.6210488565480335,5000,1.203504046707414,0.033076791536643994,1.1834707383384464,1.2221709201024846,5000,0.5892107087066396,0.03677737865220426,0.5673985905466834,0.6103680748063838,5000,0.5334899999999999,0.02061415101871096,0.5211797499999999,0.54561075,5000,0.518,0.028982753492378905,0.5005000000000001,0.5345000000000001,5000,0.036,0.057965506984757754,0.0020000000000000018,0.06899999999999999,5000,0.414,0.07961016127215029,0.37100000000000005,0.46499999999999997,5000,0.378,0.10075272259900034,0.32299999999999995,0.43900000000000006,5000,0.093,0.027507574714370344,0.07699999999999999,0.10900000000000001,5000,0.156,0.02796823595120404,0.139,0.17099999999999999,5000,sample_sd,95% percentile bootstrap over simulator_seeds_within_fixed_target,simulator_seeds_within_fixed_target,5000
MNIST_QNN_zz_r5_d6_s44,zz_r5_d6,44,high_risk_anchor,zz,5,6,noisy_shot,1024,correctness,ibm_kingston,True,10,0.7249999999999999,0.03171049598406742,0.707,0.743,5000,0.49000000000000005,0.018856180831641273,0.4790000000000001,0.502,5000,0.23499999999999996,0.04116363011742824,0.21200000000000002,0.259,5000,0.6142933380007743,0.011420970466145812,0.6077197223393247,0.6210585197865032,5000,1.203504046707414,0.033076791536643994,1.1838622201270887,1.2221414273211033,5000,0.5892107087066396,0.03677737865220426,0.5669534972851166,0.6101810067942832,5000,0.6174999999999999,0.020581815058714117,0.6059999999999999,0.6295,5000,0.6174999999999999,0.020581815058714117,0.606,0.6299999999999999,5000,0.23499999999999996,0.04116363011742824,0.211,0.26000000000000006,5000,0.7249999999999999,0.03171049598406742,0.7060000000000001,0.744,5000,0.49000000000000005,0.018856180831641273,0.48,0.502,5000,0.0,0.0,0.0,0.0,5000,0.0,0.0,0.0,0.0,5000,sample_sd,95% percentile bootstrap over simulator_seeds_within_fixed_target,simulator_seeds_within_fixed_target,5000
MNIST_QNN_zz_r5_d6_s44,zz_r5_d6,44,high_risk_anchor,zz,5,6,noisy_shot,1024,loss,ibm_kingston,True,10,0.7249999999999999,0.03171049598406742,0.7060000000000001,0.744,5000,0.49000000000000005,0.018856180831641273,0.48,0.5010249999999997,5000,0.23499999999999996,0.04116363011742824,0.211,0.259,5000,0.6142933380007743,0.011420970466145812,0.6075500420817174,0.6209193732249549,5000,1.203504046707414,0.033076791536643994,1.1834913951413242,1.222041275731637,5000,0.5892107087066396,0.03677737865220426,0.566178097896371,0.6100022458198946,5000,0.6755500000000001,0.008059811136469362,0.6711,0.68047025,5000,0.6139999999999999,0.035260932110954386,0.5934875,0.634,5000,0.22799999999999998,0.07052186422190874,0.185,0.26899999999999996,5000,0.7429999999999999,0.13199747472331938,0.659,0.8160000000000001,5000,0.515,0.07501851623284601,0.47000000000000003,0.5599999999999999,5000,0.12300000000000003,0.028303906287138372,0.10700000000000001,0.14,5000,0.20400000000000001,0.04351245032554859,0.181,0.23000000000000004,5000,sample_sd,95% percentile bootstrap over simulator_seeds_within_fixed_target,simulator_seeds_within_fixed_target,5000
MNIST_QNN_zz_r5_d6_s45,zz_r5_d6,45,high_risk_anchor,zz,5,6,exact,0,confidence,none,False,1,0.92,,,,0,0.56,,,,0,0.36,,,,0,0.28251409030810465,,,,0,1.342869641011348,,,,0,1.0603555507032434,,,,0,0.5699,,,,0,0.5800000000000001,,,,0,0.16000000000000003,,,,0,0.67,,,,0,0.51,,,,0,0.08,,,,0,0.14,,,,0,sample_sd,none_single_replicate,none,0
MNIST_QNN_zz_r5_d6_s45,zz_r5_d6,45,high_risk_anchor,zz,5,6,exact,0,correctness,none,False,1,0.92,,,,0,0.56,,,,0,0.36,,,,0,0.28251409030810465,,,,0,1.342869641011348,,,,0,1.0603555507032434,,,,0,0.6799999999999999,,,,0,0.68,,,,0,0.36,,,,0,0.92,,,,0,0.56,,,,0,0.0,,,,0,0.0,,,,0,sample_sd,none_single_replicate,none,0
MNIST_QNN_zz_r5_d6_s45,zz_r5_d6,45,high_risk_anchor,zz,5,6,exact,0,loss,none,False,1,0.92,,,,0,0.56,,,,0,0.36,,,,0,0.28251409030810465,,,,0,1.342869641011348,,,,0,1.0603555507032434,,,,0,0.7129,,,,0,0.685,,,,0,0.37000000000000005,,,,0,0.81,,,,0,0.44,,,,0,0.09,,,,0,0.15,,,,0,sample_sd,none_single_replicate,none,0
MNIST_QNN_zz_r5_d6_s45,zz_r5_d6,45,high_risk_anchor,zz,5,6,ideal_shot,128,confidence,ibm_kingston,False,10,0.841,0.03446415206816754,0.8210000000000001,0.8619999999999999,5000,0.5130000000000001,0.024966644414765364,0.49800000000000005,0.527,5000,0.328,0.04848825745591515,0.3,0.357,5000,0.44143196314538,0.046992953122745026,0.4124276105389246,0.46860614161862113,5000,1.561686257427744,0.07812197538484768,1.515371314916707,1.606765689851701,5000,1.1202542942823637,0.10075086506013355,1.0622226932514258,1.1807468096438276,5000,0.53793,0.018260768512487837,0.5256000000000001,0.54616,5000,0.521,0.031954829229884976,0.5014874999999999,0.5395,5000,0.04199999999999999,0.06390965845976995,0.003999999999999981,0.07800000000000001,5000,0.5349999999999999,0.14096886969193667,0.45199999999999996,0.617,5000,0.493,0.10231215850414739,0.43200000000000005,0.5509999999999999,5000,0.07100000000000001,0.025144029554194813,0.05500000000000001,0.08399999999999999,5000,0.11600000000000002,0.023190036174568114,0.10200000000000001,0.129,5000,sample_sd,95% percentile bootstrap over simulator_seeds_within_fixed_target,simulator_seeds_within_fixed_target,5000
MNIST_QNN_zz_r5_d6_s45,zz_r5_d6,45,high_risk_anchor,zz,5,6,ideal_shot,128,correctness,ibm_kingston,False,10,0.841,0.03446415206816754,0.821,0.861,5000,0.5130000000000001,0.024966644414765364,0.49799999999999994,0.5279999999999999,5000,0.328,0.04848825745591515,0.30000000000000004,0.357,5000,0.44143196314538,0.046992953122745026,0.4144990614510852,0.46779896239506763,5000,1.561686257427744,0.07812197538484768,1.5144986339258768,1.6077570924767097,5000,1.1202542942823637,0.10075086506013355,1.0590887317464877,1.1799845751146079,5000,0.664,0.024244128727957576,0.65,0.679,5000,0.664,0.024244128727957562,0.65,0.6789999999999999,5000,0.328,0.04848825745591515,0.3,0.357,5000,0.841,0.03446415206816754,0.8219749999999999,0.861,5000,0.5130000000000001,0.024966644414765364,0.49799999999999994,0.527,5000,0.0,0.0,0.0,0.0,5000,0.0,0.0,0.0,0.0,5000,sample_sd,95% percentile bootstrap over simulator_seeds_within_fixed_target,simulator_seeds_within_fixed_target,5000
MNIST_QNN_zz_r5_d6_s45,zz_r5_d6,45,high_risk_anchor,zz,5,6,ideal_shot,128,loss,ibm_kingston,False,10,0.841,0.03446415206816754,0.8210000000000001,0.8620000000000001,5000,0.5130000000000001,0.024966644414765364,0.49799999999999994,0.527,5000,0.328,0.04848825745591515,0.3,0.357,5000,0.44143196314538,0.046992953122745026,0.4126122012792246,0.46782934847859015,5000,1.561686257427744,0.07812197538484768,1.5153393502024668,1.6067248181886846,5000,1.1202542942823637,0.10075086506013355,1.0623478987964479,1.1783281538933181,5000,0.68418,0.021606778771693137,0.6709797500000001,0.6965007500000001,5000,0.6495,0.020062402647738897,0.638,0.6615,5000,0.299,0.040124805295477746,0.27599999999999997,0.32300000000000006,5000,0.7619999999999999,0.05788878225624643,0.725,0.792,5000,0.46299999999999997,0.0848593607748203,0.409,0.508,5000,0.077,0.027908580918579305,0.05900000000000001,0.091,5000,0.15,0.04055175020198813,0.127,0.174,5000,sample_sd,95% percentile bootstrap over simulator_seeds_within_fixed_target,simulator_seeds_within_fixed_target,5000
MNIST_QNN_zz_r5_d6_s45,zz_r5_d6,45,high_risk_anchor,zz,5,6,ideal_shot,512,confidence,ibm_kingston,False,10,0.8950000000000001,0.017159383568311683,0.8859999999999999,0.906,5000,0.522,0.013165611772087677,0.5130000000000001,0.5280000000000001,5000,0.373,0.026267851073127416,0.36,0.39,5000,0.3245202414444357,0.02290208539821215,0.31139297210504663,0.33841550463130476,5000,1.4108085046350571,0.017817810624643875,1.4002133609007996,1.4206756799465798,5000,1.0862882631906214,0.03355331480250753,1.0667995494142424,1.1062957717123838,5000,0.5545399999999999,0.01705821405266879,0.5439999999999999,0.56396,5000,0.5365000000000001,0.01826502425706332,0.5265,0.5479999999999999,5000,0.07300000000000001,0.03653004851412663,0.052000000000000005,0.096,5000,0.649,0.06657493689236378,0.608,0.6869999999999999,5000,0.576,0.0884684501201794,0.522,0.626,5000,0.077,0.026267851073127395,0.061,0.092,5000,0.131,0.02131770260709264,0.11800000000000002,0.14300000000000002,5000,sample_sd,95% percentile bootstrap over simulator_seeds_within_fixed_target,simulator_seeds_within_fixed_target,5000
MNIST_QNN_zz_r5_d6_s45,zz_r5_d6,45,high_risk_anchor,zz,5,6,ideal_shot,512,correctness,ibm_kingston,False,10,0.8950000000000001,0.017159383568311683,0.8859999999999999,0.905,5000,0.522,0.013165611772087677,0.5130000000000001,0.5290000000000001,5000,0.373,0.026267851073127416,0.36,0.39,5000,0.3245202414444357,0.02290208539821215,0.3115812229156203,0.3375636330033275,5000,1.4108085046350571,0.017817810624643875,1.4002209289753822,1.4208259357837139,5000,1.0862882631906214,0.03355331480250753,1.0666996602576821,1.1062690342430836,5000,0.6864999999999999,0.013133925536563694,0.6799999999999999,0.6954999999999999,5000,0.6864999999999999,0.013133925536563685,0.6799999999999999,0.695,5000,0.373,0.026267851073127416,0.36,0.39099999999999996,5000,0.8950000000000001,0.017159383568311683,0.8859999999999999,0.905,5000,0.522,0.013165611772087677,0.514,0.529,5000,0.0,0.0,0.0,0.0,5000,0.0,0.0,0.0,0.0,5000,sample_sd,95% percentile bootstrap over simulator_seeds_within_fixed_target,simulator_seeds_within_fixed_target,5000
MNIST_QNN_zz_r5_d6_s45,zz_r5_d6,45,high_risk_anchor,zz,5,6,ideal_shot,512,loss,ibm_kingston,False,10,0.8950000000000001,0.017159383568311683,0.8859999999999999,0.906,5000,0.522,0.013165611772087677,0.514,0.529,5000,0.373,0.026267851073127416,0.36,0.39099999999999996,5000,0.3245202414444357,0.02290208539821215,0.311737859753221,0.3379879341367537,5000,1.4108085046350571,0.017817810624643875,1.4001897262738774,1.4207737111037657,5000,1.0862882631906214,0.03355331480250753,1.0672005492557395,1.105865762173934,5000,0.70336,0.010094134710590888,0.6974,0.7091302500000001,5000,0.6755000000000001,0.031397982950077105,0.6575,0.6944999999999999,5000,0.351,0.06279596590015424,0.315,0.388,5000,0.8009999999999999,0.05043147165543887,0.77,0.8299999999999998,5000,0.45,0.04422166387140533,0.42400000000000004,0.4750000000000001,5000,0.097,0.025407785333546005,0.08,0.11099999999999999,5000,0.15099999999999997,0.02558211180579986,0.13500000000000004,0.16499999999999998,5000,sample_sd,95% percentile bootstrap over simulator_seeds_within_fixed_target,simulator_seeds_within_fixed_target,5000
MNIST_QNN_zz_r5_d6_s45,zz_r5_d6,45,high_risk_anchor,zz,5,6,ideal_shot,1024,confidence,ibm_kingston,False,10,0.915,0.011785113019775802,0.907,0.921,5000,0.5269999999999999,0.018287822299126955,0.516,0.537,5000,0.388,0.02299758441421381,0.375,0.402,5000,0.30080793634020664,0.008569678528085352,0.29574250850471434,0.30547197764587725,5000,1.3706304079929832,0.02020359638823109,1.3591114651223857,1.3824994679296796,5000,1.0698224716527764,0.019760689618141453,1.0577685932438647,1.0804867392351256,5000,0.56169,0.01692515878802912,0.5518287500000001,0.57127025,5000,0.5575,0.02508319490548735,0.542,0.572,5000,0.11499999999999999,0.05016638981097474,0.08499999999999996,0.144,5000,0.65,0.05395471352079548,0.617,0.679,5000,0.535,0.06114645442614713,0.4960000000000001,0.5680000000000001,5000,0.08499999999999999,0.02223610677354389,0.073,0.098,5000,0.144,0.02590581230363393,0.128,0.158,5000,sample_sd,95% percentile bootstrap over simulator_seeds_within_fixed_target,simulator_seeds_within_fixed_target,5000
MNIST_QNN_zz_r5_d6_s45,zz_r5_d6,45,high_risk_anchor,zz,5,6,ideal_shot,1024,correctness,ibm_kingston,False,10,0.915,0.011785113019775802,0.907,0.921,5000,0.5269999999999999,0.018287822299126955,0.515,0.537,5000,0.388,0.02299758441421381,0.375,0.402,5000,0.30080793634020664,0.008569678528085352,0.2954602727074289,0.3056633515602996,5000,1.3706304079929832,0.02020359638823109,1.3591284831815678,1.3828242529464545,5000,1.0698224716527764,0.019760689618141453,1.057946297749213,1.0805781579596274,5000,0.694,0.011498792207106905,0.6874999999999999,0.701,5000,0.6940000000000001,0.011498792207106902,0.6875,0.7010000000000001,5000,0.388,0.02299758441421381,0.375,0.402,5000,0.915,0.011785113019775802,0.908,0.921,5000,0.5269999999999999,0.018287822299126955,0.515975,0.537,5000,0.0,0.0,0.0,0.0,5000,0.0,0.0,0.0,0.0,5000,sample_sd,95% percentile bootstrap over simulator_seeds_within_fixed_target,simulator_seeds_within_fixed_target,5000
MNIST_QNN_zz_r5_d6_s45,zz_r5_d6,45,high_risk_anchor,zz,5,6,ideal_shot,1024,loss,ibm_kingston,False,10,0.915,0.011785113019775802,0.907,0.921,5000,0.5269999999999999,0.018287822299126955,0.515,0.5370000000000001,5000,0.388,0.02299758441421381,0.375,0.402,5000,0.30080793634020664,0.008569678528085352,0.2955014062981357,0.3054914831374499,5000,1.3706304079929832,0.02020359638823109,1.3588139063039486,1.3826135983154244,5000,1.0698224716527764,0.019760689618141453,1.057824669965113,1.0805341636446733,5000,0.70916,0.0067440838270788565,0.70523,0.71327,5000,0.689,0.012427567921538221,0.6819999999999998,0.6965,5000,0.378,0.02485513584307634,0.364,0.3920249999999997,5000,0.8239999999999998,0.04526465385804787,0.796,0.849,5000,0.446,0.045018514709691024,0.42000000000000004,0.47300000000000003,5000,0.096,0.021186998109427604,0.083,0.10800000000000001,5000,0.156,0.025033311140691447,0.141,0.16999999999999998,5000,sample_sd,95% percentile bootstrap over simulator_seeds_within_fixed_target,simulator_seeds_within_fixed_target,5000
MNIST_QNN_zz_r5_d6_s45,zz_r5_d6,45,high_risk_anchor,zz,5,6,noisy_shot,128,confidence,ibm_kingston,True,10,0.7070000000000001,0.038887301554906356,0.6849999999999999,0.731,5000,0.51,0.0371184290855335,0.48699999999999993,0.53,5000,0.19699999999999998,0.05396500923952689,0.16599999999999998,0.22800000000000004,5000,0.718197158318566,0.08270675648455086,0.665630024170145,0.7609368054646563,5000,1.327880127627519,0.07513006361409064,1.2834528096191062,1.370631446921025,5000,0.609682969308953,0.10458393914927114,0.5512085017942707,0.6716497587209066,5000,0.52059,0.030236050962018455,0.5033997499999999,0.5392312499999999,5000,0.5045,0.02783383233085634,0.48850000000000005,0.5215000000000001,5000,0.008999999999999984,0.05566766466171263,-0.023000000000000013,0.04299999999999998,5000,0.32299999999999995,0.10583530181896356,0.263,0.38599999999999995,5000,0.314,0.09020963240019204,0.267,0.36900000000000005,5000,0.094,0.030623157540948936,0.075,0.11100000000000002,5000,0.151,0.02558211180579986,0.135,0.16599999999999998,5000,sample_sd,95% percentile bootstrap over simulator_seeds_within_fixed_target,simulator_seeds_within_fixed_target,5000
MNIST_QNN_zz_r5_d6_s45,zz_r5_d6,45,high_risk_anchor,zz,5,6,noisy_shot,128,correctness,ibm_kingston,True,10,0.7070000000000001,0.038887301554906356,0.685,0.7310000000000001,5000,0.51,0.0371184290855335,0.487,0.53,5000,0.19699999999999998,0.05396500923952689,0.16699999999999998,0.22999999999999998,5000,0.718197158318566,0.08270675648455086,0.6656959201836172,0.7609337902751461,5000,1.327880127627519,0.07513006361409064,1.283752704577861,1.3704761805393617,5000,0.609682969308953,0.10458393914927114,0.5503079568285145,0.6705635127962509,5000,0.5985,0.026982504619763436,0.5825,0.6144999999999999,5000,0.5985,0.026982504619763436,0.583,0.6145,5000,0.19699999999999998,0.05396500923952689,0.16699999999999998,0.22899999999999995,5000,0.7070000000000001,0.038887301554906356,0.685,0.731,5000,0.51,0.0371184290855335,0.48599999999999993,0.53,5000,0.0,0.0,0.0,0.0,5000,0.0,0.0,0.0,0.0,5000,sample_sd,95% percentile bootstrap over simulator_seeds_within_fixed_target,simulator_seeds_within_fixed_target,5000
MNIST_QNN_zz_r5_d6_s45,zz_r5_d6,45,high_risk_anchor,zz,5,6,noisy_shot,128,loss,ibm_kingston,True,10,0.7070000000000001,0.038887301554906356,0.685,0.731,5000,0.51,0.0371184290855335,0.48599999999999993,0.53,5000,0.19699999999999998,0.05396500923952689,0.16599999999999995,0.229,5000,0.718197158318566,0.08270675648455086,0.6656318920789753,0.7621177123439556,5000,1.327880127627519,0.07513006361409064,1.2809563296370383,1.3706284518720058,5000,0.609682969308953,0.10458393914927114,0.5512933312277164,0.6739500039751903,5000,0.63619,0.036785699214051455,0.6176697499999999,0.6592305,5000,0.5900000000000001,0.028867513459481284,0.574,0.607,5000,0.18,0.05773502691896256,0.147,0.215,5000,0.708,0.10528268824666495,0.645,0.767,5000,0.5279999999999999,0.10325803708294198,0.46399999999999997,0.5880000000000001,5000,0.10200000000000001,0.03552776691859794,0.08,0.12200000000000003,5000,0.187,0.04715223571935199,0.158,0.21400000000000002,5000,sample_sd,95% percentile bootstrap over simulator_seeds_within_fixed_target,simulator_seeds_within_fixed_target,5000
MNIST_QNN_zz_r5_d6_s45,zz_r5_d6,45,high_risk_anchor,zz,5,6,noisy_shot,512,confidence,ibm_kingston,True,10,0.819,0.02514402955419479,0.8030000000000002,0.833,5000,0.548,0.036147844564602544,0.5269999999999999,0.569,5000,0.271,0.03281259920619922,0.253,0.291,5000,0.5207292301214765,0.01879061551299225,0.5097264331676415,0.5317572897325501,5000,1.144469365879195,0.04926506441584572,1.1174601139449047,1.174819705106842,5000,0.6237401357577183,0.04249857643667115,0.6001388133686152,0.6490253289529355,5000,0.51963,0.012116568087632017,0.5123000000000001,0.52624,5000,0.5015,0.019727307638567074,0.48900000000000005,0.512,5000,0.0030000000000000053,0.039454615277134134,-0.020999999999999984,0.02400000000000001,5000,0.40499999999999997,0.14206805880750725,0.32300000000000006,0.49000000000000005,5000,0.40199999999999997,0.14733182502998687,0.31599999999999995,0.488,5000,0.088,0.028596814119369623,0.07,0.10400000000000001,5000,0.14700000000000002,0.018885620632287062,0.13599999999999998,0.158,5000,sample_sd,95% percentile bootstrap over simulator_seeds_within_fixed_target,simulator_seeds_within_fixed_target,5000
MNIST_QNN_zz_r5_d6_s45,zz_r5_d6,45,high_risk_anchor,zz,5,6,noisy_shot,512,correctness,ibm_kingston,True,10,0.819,0.02514402955419479,0.8039999999999999,0.833,5000,0.548,0.036147844564602544,0.526,0.569,5000,0.271,0.03281259920619922,0.253,0.291,5000,0.5207292301214765,0.01879061551299225,0.5094590132595447,0.5317586907573801,5000,1.144469365879195,0.04926506441584572,1.1176444897306443,1.175574221597193,5000,0.6237401357577183,0.04249857643667115,0.5997470605434152,0.649376000363368,5000,0.6355,0.016406299603099608,0.6265,0.6455124999999998,5000,0.6355000000000001,0.016406299603099608,0.6265000000000001,0.6455,5000,0.271,0.03281259920619922,0.253,0.2919999999999999,5000,0.819,0.02514402955419479,0.8039999999999999,0.833,5000,0.548,0.036147844564602544,0.5269999999999999,0.57,5000,0.0,0.0,0.0,0.0,5000,0.0,0.0,0.0,0.0,5000,sample_sd,95% percentile bootstrap over simulator_seeds_within_fixed_target,simulator_seeds_within_fixed_target,5000
MNIST_QNN_zz_r5_d6_s45,zz_r5_d6,45,high_risk_anchor,zz,5,6,noisy_shot,512,loss,ibm_kingston,True,10,0.819,0.02514402955419479,0.8039999999999999,0.833,5000,0.548,0.036147844564602544,0.527,0.569,5000,0.271,0.03281259920619922,0.253,0.2909999999999999,5000,0.5207292301214765,0.01879061551299225,0.5097468546859046,0.5313298934938153,5000,1.144469365879195,0.04926506441584572,1.1183270295794356,1.174754598719621,5000,0.6237401357577183,0.04249857643667115,0.599001988925552,0.6488694383733963,5000,0.6670300000000001,0.010864524328698862,0.6605995,0.67338,5000,0.6355,0.021788121126481347,0.622,0.647,5000,0.271,0.04357624225296269,0.24299999999999997,0.29400000000000004,5000,0.7859999999999999,0.08834276679187973,0.735975,0.8379999999999999,5000,0.5149999999999999,0.08113774296425391,0.47000000000000003,0.566,5000,0.12000000000000002,0.022607766610417565,0.10800000000000001,0.134,5000,0.16199999999999998,0.02097617696340303,0.14900000000000002,0.174,5000,sample_sd,95% percentile bootstrap over simulator_seeds_within_fixed_target,simulator_seeds_within_fixed_target,5000
MNIST_QNN_zz_r5_d6_s45,zz_r5_d6,45,high_risk_anchor,zz,5,6,noisy_shot,1024,confidence,ibm_kingston,True,10,0.8360000000000001,0.026331223544175313,0.8190000000000002,0.85,5000,0.55,0.02211083193570266,0.5369999999999999,0.562,5000,0.2859999999999999,0.018973665961010248,0.275,0.297,5000,0.4864447845490649,0.01460362072200257,0.47829489832759137,0.4953520040857722,5000,1.100989092333941,0.026904797155557193,1.086268032497185,1.117909844316973,5000,0.6145443077848759,0.020312953566719624,0.6033265098912933,0.62633900357291,5000,0.5291,0.01674508219680569,0.5188297499999999,0.53841,5000,0.5225,0.032425127430572874,0.5025,0.5409999999999999,5000,0.04499999999999999,0.06485025486114573,0.004999999999999993,0.08199999999999999,5000,0.458,0.16033298683261243,0.36100000000000004,0.546,5000,0.413,0.1284133949399361,0.33499999999999996,0.487,5000,0.10200000000000001,0.019888578520235064,0.09,0.11399999999999999,5000,0.142,0.032591750830880846,0.12399999999999997,0.162,5000,sample_sd,95% percentile bootstrap over simulator_seeds_within_fixed_target,simulator_seeds_within_fixed_target,5000
MNIST_QNN_zz_r5_d6_s45,zz_r5_d6,45,high_risk_anchor,zz,5,6,noisy_shot,1024,correctness,ibm_kingston,True,10,0.8360000000000001,0.026331223544175313,0.82,0.85,5000,0.55,0.02211083193570266,0.536,0.562,5000,0.2859999999999999,0.018973665961010248,0.275,0.29700000000000004,5000,0.4864447845490649,0.01460362072200257,0.4781548577045324,0.49585068413115796,5000,1.100989092333941,0.026904797155557193,1.0863699989258662,1.1169701058940844,5000,0.6145443077848759,0.020312953566719624,0.6028323046014471,0.6270516400792286,5000,0.643,0.009486832980505146,0.6375,0.6485000000000001,5000,0.643,0.009486832980505146,0.6375,0.6485000000000001,5000,0.2859999999999999,0.018973665961010248,0.275,0.29799999999999993,5000,0.8360000000000001,0.026331223544175313,0.8190000000000002,0.85,5000,0.55,0.02211083193570266,0.536975,0.562,5000,0.0,0.0,0.0,0.0,5000,0.0,0.0,0.0,0.0,5000,sample_sd,95% percentile bootstrap over simulator_seeds_within_fixed_target,simulator_seeds_within_fixed_target,5000
MNIST_QNN_zz_r5_d6_s45,zz_r5_d6,45,high_risk_anchor,zz,5,6,noisy_shot,1024,loss,ibm_kingston,True,10,0.8360000000000001,0.026331223544175313,0.819,0.85,5000,0.55,0.02211083193570266,0.536,0.562,5000,0.2859999999999999,0.018973665961010248,0.275,0.297,5000,0.4864447845490649,0.01460362072200257,0.4785440663064946,0.49530731744834916,5000,1.100989092333941,0.026904797155557193,1.0863000815622916,1.117990667005797,5000,0.6145443077848759,0.020312953566719624,0.6029301887258829,0.6267936459516873,5000,0.67714,0.010686876687476747,0.67074,0.6833499999999999,5000,0.6165,0.03188956638846702,0.5985,0.6355000000000001,5000,0.23299999999999996,0.06377913277693402,0.19699999999999998,0.271,5000,0.7100000000000001,0.0402768199119819,0.6859999999999999,0.733,5000,0.47700000000000004,0.08615876817441934,0.425,0.525,5000,0.11299999999999999,0.027908580918579305,0.096,0.129,5000,0.154,0.03687817782917155,0.133,0.176,5000,sample_sd,95% percentile bootstrap over simulator_seeds_within_fixed_target,simulator_seeds_within_fixed_target,5000
