target_id,structural_cell_id,model_seed,risk_role,fm_kind,reps,depth,mode,shots,attack,backend_name,noise_model_loaded,n_replicates,delta_train_accuracy_from_exact_mean,delta_train_accuracy_from_exact_sd,delta_train_accuracy_from_exact_ci95_low,delta_train_accuracy_from_exact_ci95_high,delta_train_accuracy_from_exact_valid_bootstrap,delta_test_accuracy_from_exact_mean,delta_test_accuracy_from_exact_sd,delta_test_accuracy_from_exact_ci95_low,delta_test_accuracy_from_exact_ci95_high,delta_test_accuracy_from_exact_valid_bootstrap,delta_accuracy_gap_from_exact_mean,delta_accuracy_gap_from_exact_sd,delta_accuracy_gap_from_exact_ci95_low,delta_accuracy_gap_from_exact_ci95_high,delta_accuracy_gap_from_exact_valid_bootstrap,delta_train_loss_from_exact_mean,delta_train_loss_from_exact_sd,delta_train_loss_from_exact_ci95_low,delta_train_loss_from_exact_ci95_high,delta_train_loss_from_exact_valid_bootstrap,delta_test_loss_from_exact_mean,delta_test_loss_from_exact_sd,delta_test_loss_from_exact_ci95_low,delta_test_loss_from_exact_ci95_high,delta_test_loss_from_exact_valid_bootstrap,delta_loss_gap_from_exact_mean,delta_loss_gap_from_exact_sd,delta_loss_gap_from_exact_ci95_low,delta_loss_gap_from_exact_ci95_high,delta_loss_gap_from_exact_valid_bootstrap,delta_roc_auc_from_exact_mean,delta_roc_auc_from_exact_sd,delta_roc_auc_from_exact_ci95_low,delta_roc_auc_from_exact_ci95_high,delta_roc_auc_from_exact_valid_bootstrap,delta_balanced_accuracy_from_exact_mean,delta_balanced_accuracy_from_exact_sd,delta_balanced_accuracy_from_exact_ci95_low,delta_balanced_accuracy_from_exact_ci95_high,delta_balanced_accuracy_from_exact_valid_bootstrap,delta_membership_advantage_from_exact_mean,delta_membership_advantage_from_exact_sd,delta_membership_advantage_from_exact_ci95_low,delta_membership_advantage_from_exact_ci95_high,delta_membership_advantage_from_exact_valid_bootstrap,delta_crossfit_tpr_from_exact_mean,delta_crossfit_tpr_from_exact_sd,delta_crossfit_tpr_from_exact_ci95_low,delta_crossfit_tpr_from_exact_ci95_high,delta_crossfit_tpr_from_exact_valid_bootstrap,delta_crossfit_fpr_from_exact_mean,delta_crossfit_fpr_from_exact_sd,delta_crossfit_fpr_from_exact_ci95_low,delta_crossfit_fpr_from_exact_ci95_high,delta_crossfit_fpr_from_exact_valid_bootstrap,delta_tpr_at_5pct_fpr_from_exact_mean,delta_tpr_at_5pct_fpr_from_exact_sd,delta_tpr_at_5pct_fpr_from_exact_ci95_low,delta_tpr_at_5pct_fpr_from_exact_ci95_high,delta_tpr_at_5pct_fpr_from_exact_valid_bootstrap,delta_tpr_at_10pct_fpr_from_exact_mean,delta_tpr_at_10pct_fpr_from_exact_sd,delta_tpr_at_10pct_fpr_from_exact_ci95_low,delta_tpr_at_10pct_fpr_from_exact_ci95_high,delta_tpr_at_10pct_fpr_from_exact_valid_bootstrap,error_bar_type,ci_method,bootstrap_unit,bootstrap_replicates
MNIST_QNN_eff_su2_r1_d2_s43,eff_su2_r1_d2,43,low_risk_anchor,eff_su2,1,2,ideal_shot,128,confidence,ibm_kingston,False,10,-0.15700000000000003,0.03233505150074074,-0.17500000000000004,-0.13700000000000004,5000,-0.11499999999999999,0.05317685377847939,-0.14499999999999996,-0.08200000000000002,5000,-0.04200000000000004,0.05959119994689745,-0.07600000000000003,-0.006000000000000038,5000,0.29674233895773067,0.07214114341357858,0.2543249124933267,0.34024487485580607,5000,0.25234492884358034,0.09625288810248955,0.1954148096130687,0.30738422478898203,5000,-0.04439741011415031,0.11991980978669978,-0.11228161661254718,0.028922796931197,5000,0.009269999999999995,0.03479498846417718,-0.01029100000000001,0.030870250000000012,5000,-0.024000000000000014,0.03186778240724567,-0.042500000000000024,-0.0050000000000000044,5000,-0.04799999999999999,0.06373556481449133,-0.083025,-0.008999999999999975,5000,0.198,0.12318008497047456,0.12297499999999999,0.265,5000,0.246,0.1631086890525592,0.14700000000000002,0.3310249999999997,5000,0.02,0.02666666666666667,0.005000000000000002,0.036,5000,0.026000000000000002,0.04718756898449704,-0.000999999999999998,0.053000000000000005,5000,sample_sd,95% percentile bootstrap over paired_simulator_seeds_within_fixed_target,paired_simulator_seeds_within_fixed_target,5000
MNIST_QNN_eff_su2_r1_d2_s43,eff_su2_r1_d2,43,low_risk_anchor,eff_su2,1,2,ideal_shot,128,correctness,ibm_kingston,False,10,-0.15700000000000003,0.03233505150074074,-0.17500000000000004,-0.13800000000000004,5000,-0.11499999999999999,0.05317685377847939,-0.144,-0.08100000000000002,5000,-0.04200000000000004,0.05959119994689745,-0.07600000000000003,-0.005000000000000049,5000,0.29674233895773067,0.07214114341357858,0.25420747178180614,0.33937403706099134,5000,0.25234492884358034,0.09625288810248955,0.1942347201097079,0.30679109647911607,5000,-0.04439741011415031,0.11991980978669978,-0.11178631648940217,0.028272003326799265,5000,-0.021000000000000026,0.029795599973448737,-0.03801250000000003,-0.003000000000000014,5000,-0.031000000000000038,0.029795599973448727,-0.04650000000000004,-0.011500000000000043,5000,-0.062000000000000055,0.059591199946897454,-0.09300000000000005,-0.024000000000000042,5000,-0.5180000000000001,0.2378047752067042,-0.653,-0.378,5000,-0.45600000000000007,0.21125024654817962,-0.5800000000000001,-0.33399999999999996,5000,0.0,0.0,0.0,0.0,5000,0.0,0.0,0.0,0.0,5000,sample_sd,95% percentile bootstrap over paired_simulator_seeds_within_fixed_target,paired_simulator_seeds_within_fixed_target,5000
MNIST_QNN_eff_su2_r1_d2_s43,eff_su2_r1_d2,43,low_risk_anchor,eff_su2,1,2,ideal_shot,128,loss,ibm_kingston,False,10,-0.15700000000000003,0.03233505150074074,-0.17500000000000004,-0.13700000000000007,5000,-0.11499999999999999,0.05317685377847939,-0.144025,-0.08199999999999999,5000,-0.04200000000000004,0.05959119994689745,-0.07500000000000004,-0.006000000000000038,5000,0.29674233895773067,0.07214114341357858,0.25432948662762644,0.3392611696138628,5000,0.25234492884358034,0.09625288810248955,0.19410495225951593,0.30765134653559423,5000,-0.04439741011415031,0.11991980978669978,-0.11398471939775343,0.027412958871183904,5000,-0.011009999999999926,0.03350792443587039,-0.02942049999999992,0.010190000000000065,5000,-0.02050000000000001,0.04996943510231474,-0.048,0.009999999999999992,5000,-0.04100000000000002,0.09993887020462949,-0.09600000000000002,0.018999999999999982,5000,0.13399999999999998,0.1770247942458281,0.029999999999999978,0.23199999999999998,5000,0.175,0.23286858478072514,0.03600000000000001,0.308,5000,0.023000000000000003,0.024966644414765336,0.01,0.038,5000,0.027000000000000003,0.04715223571935199,2.7755575615628915e-18,0.05500000000000001,5000,sample_sd,95% percentile bootstrap over paired_simulator_seeds_within_fixed_target,paired_simulator_seeds_within_fixed_target,5000
MNIST_QNN_eff_su2_r1_d2_s43,eff_su2_r1_d2,43,low_risk_anchor,eff_su2,1,2,ideal_shot,512,confidence,ibm_kingston,False,10,-0.04400000000000004,0.032041639575194465,-0.06400000000000006,-0.026000000000000023,5000,-0.030000000000000006,0.034318767136623324,-0.05099999999999999,-0.01100000000000001,5000,-0.014000000000000035,0.055617742972304575,-0.04600000000000004,0.018999999999999972,5000,0.06646210894500838,0.019963675183651296,0.05484329030979425,0.07835297323336125,5000,0.06994660309469322,0.04063954646009676,0.04705689147976224,0.0949999612943851,5000,0.003484494149684847,0.05484359462507222,-0.027723817047756207,0.036221759484126176,5000,-0.004100000000000037,0.02809914984874492,-0.020902000000000035,0.012089999999999951,5000,-0.024500000000000022,0.04219333807341839,-0.04800000000000002,0.0004999999999999895,5000,-0.049,0.08438667614683677,-0.09699999999999999,0.0030000000000000027,5000,0.186,0.1577762128247897,0.1,0.284,5000,0.23500000000000001,0.1670162999363968,0.13899999999999998,0.335,5000,0.014000000000000002,0.016465452046971293,0.004000000000000002,0.024,5000,0.0020000000000000026,0.027808871486152277,-0.014999999999999994,0.018,5000,sample_sd,95% percentile bootstrap over paired_simulator_seeds_within_fixed_target,paired_simulator_seeds_within_fixed_target,5000
MNIST_QNN_eff_su2_r1_d2_s43,eff_su2_r1_d2,43,low_risk_anchor,eff_su2,1,2,ideal_shot,512,correctness,ibm_kingston,False,10,-0.04400000000000004,0.032041639575194465,-0.06400000000000006,-0.026975000000000388,5000,-0.030000000000000006,0.034318767136623324,-0.051000000000000004,-0.01100000000000001,5000,-0.014000000000000035,0.055617742972304575,-0.046025000000000045,0.018999999999999972,5000,0.06646210894500838,0.019963675183651296,0.05500421755466379,0.0787995361623238,5000,0.06994660309469322,0.04063954646009676,0.047425634026457525,0.09571156253436344,5000,0.003484494149684847,0.05484359462507222,-0.02738281558264285,0.036048045473731936,5000,-0.0070000000000000175,0.027808871486152287,-0.02300000000000002,0.009499999999999998,5000,-0.015000000000000008,0.030822070014844903,-0.032000000000000015,0.004500000000000004,5000,-0.030000000000000037,0.061644140029689765,-0.06400000000000003,0.006999999999999967,5000,-0.34,0.29321967494998996,-0.511,-0.17000000000000004,5000,-0.30999999999999994,0.25055493963954845,-0.45999999999999996,-0.17,5000,0.0,0.0,0.0,0.0,5000,0.0,0.0,0.0,0.0,5000,sample_sd,95% percentile bootstrap over paired_simulator_seeds_within_fixed_target,paired_simulator_seeds_within_fixed_target,5000
MNIST_QNN_eff_su2_r1_d2_s43,eff_su2_r1_d2,43,low_risk_anchor,eff_su2,1,2,ideal_shot,512,loss,ibm_kingston,False,10,-0.04400000000000004,0.032041639575194465,-0.06300000000000006,-0.027000000000000024,5000,-0.030000000000000006,0.034318767136623324,-0.05099999999999999,-0.010000000000000009,5000,-0.014000000000000035,0.055617742972304575,-0.04600000000000004,0.02002499999999961,5000,0.06646210894500838,0.019963675183651296,0.05532827578998403,0.07842936732356903,5000,0.06994660309469322,0.04063954646009676,0.04715188317535207,0.0943252810845151,5000,0.003484494149684847,0.05484359462507222,-0.026825518814486027,0.035995547987916376,5000,-0.003939999999999893,0.027623186717763842,-0.019509999999999895,0.012550750000000084,5000,-0.017000000000000008,0.032591750830880874,-0.035000000000000024,0.0035124999999998265,5000,-0.03400000000000003,0.06518350166176172,-0.06900000000000005,0.005999999999999978,5000,0.256,0.12868566353716332,0.17897499999999997,0.3290249999999996,5000,0.29,0.18427033281447006,0.17400000000000002,0.3890249999999997,5000,0.013000000000000003,0.018287822299126937,0.002000000000000002,0.02300000000000001,5000,0.002000000000000003,0.03011090610836324,-0.016999999999999994,0.018000000000000002,5000,sample_sd,95% percentile bootstrap over paired_simulator_seeds_within_fixed_target,paired_simulator_seeds_within_fixed_target,5000
MNIST_QNN_eff_su2_r1_d2_s43,eff_su2_r1_d2,43,low_risk_anchor,eff_su2,1,2,ideal_shot,1024,confidence,ibm_kingston,False,10,-0.039000000000000035,0.02685351208149713,-0.05500000000000005,-0.02400000000000002,5000,-0.0020000000000000018,0.024855135843076352,-0.017000000000000015,0.01200000000000001,5000,-0.03700000000000003,0.03056868404829436,-0.05500000000000005,-0.019000000000000017,5000,0.033841195047833006,0.01960716179786888,0.021921127093816155,0.04522854901570825,5000,0.02759846314601595,0.01888856478395414,0.01728674682865379,0.039420654772873924,5000,-0.0062427319018170556,0.03451899161969265,-0.025651112281461268,0.015576760445674853,5000,-0.0010299999999999975,0.02326203631097959,-0.015040499999999988,0.011751249999999991,5000,-0.045000000000000026,0.023804761428476182,-0.05800000000000004,-0.03050000000000002,5000,-0.09,0.04760952285695232,-0.11600000000000002,-0.060999999999999985,5000,0.178,0.15411395495253216,0.092,0.274,5000,0.26799999999999996,0.16982343772283023,0.16899999999999998,0.368,5000,0.015000000000000003,0.024608038433722338,0.0010000000000000026,0.030000000000000006,5000,-0.0019999999999999935,0.03966526608171605,-0.023999999999999997,0.022000000000000002,5000,sample_sd,95% percentile bootstrap over paired_simulator_seeds_within_fixed_target,paired_simulator_seeds_within_fixed_target,5000
MNIST_QNN_eff_su2_r1_d2_s43,eff_su2_r1_d2,43,low_risk_anchor,eff_su2,1,2,ideal_shot,1024,correctness,ibm_kingston,False,10,-0.039000000000000035,0.02685351208149713,-0.05600000000000005,-0.02300000000000002,5000,-0.0020000000000000018,0.024855135843076352,-0.017000000000000015,0.013000000000000012,5000,-0.03700000000000003,0.03056868404829436,-0.05500000000000005,-0.020000000000000018,5000,0.033841195047833006,0.01960716179786888,0.021765863528265584,0.0452399065403966,5000,0.02759846314601595,0.01888856478395414,0.017507167215226153,0.039006759422901036,5000,-0.0062427319018170556,0.03451899161969265,-0.02528952704649423,0.015079536185250587,5000,-0.018500000000000016,0.01528434202414718,-0.027500000000000024,-0.010000000000000009,5000,-0.032000000000000015,0.01843908891458578,-0.042500000000000024,-0.02100000000000001,5000,-0.06400000000000003,0.03687817782917156,-0.08500000000000005,-0.041000000000000036,5000,-0.4600000000000001,0.23266571155486862,-0.5930000000000001,-0.3179750000000004,5000,-0.39599999999999996,0.2266274475874447,-0.533025,-0.264,5000,0.0,0.0,0.0,0.0,5000,0.0,0.0,0.0,0.0,5000,sample_sd,95% percentile bootstrap over paired_simulator_seeds_within_fixed_target,paired_simulator_seeds_within_fixed_target,5000
MNIST_QNN_eff_su2_r1_d2_s43,eff_su2_r1_d2,43,low_risk_anchor,eff_su2,1,2,ideal_shot,1024,loss,ibm_kingston,False,10,-0.039000000000000035,0.02685351208149713,-0.05600000000000005,-0.02400000000000002,5000,-0.0020000000000000018,0.024855135843076352,-0.017000000000000015,0.01200000000000001,5000,-0.03700000000000003,0.03056868404829436,-0.05600000000000005,-0.020000000000000018,5000,0.033841195047833006,0.01960716179786888,0.022279017390334027,0.04528449553269891,5000,0.02759846314601595,0.01888856478395414,0.017433838761202008,0.0390129554244922,5000,-0.0062427319018170556,0.03451899161969265,-0.025135516611440145,0.015352405715989835,5000,-0.002919999999999906,0.01983609504581651,-0.0146702499999999,0.008540500000000084,5000,-0.03650000000000002,0.028190818048120247,-0.054500000000000014,-0.021000000000000008,5000,-0.07300000000000002,0.056381636096240494,-0.10700000000000001,-0.04100000000000002,5000,0.22600000000000003,0.16500505042775712,0.12899999999999998,0.323,5000,0.29900000000000004,0.1898800791142779,0.17800000000000002,0.403,5000,0.015000000000000003,0.024608038433722338,0.0010000000000000026,0.030000000000000006,5000,-0.0019999999999999935,0.03966526608171605,-0.02499999999999999,0.023000000000000003,5000,sample_sd,95% percentile bootstrap over paired_simulator_seeds_within_fixed_target,paired_simulator_seeds_within_fixed_target,5000
MNIST_QNN_eff_su2_r1_d2_s43,eff_su2_r1_d2,43,low_risk_anchor,eff_su2,1,2,noisy_shot,128,confidence,ibm_kingston,True,10,-0.166,0.023664319132398484,-0.18000000000000002,-0.15200000000000005,5000,-0.121,0.04840798832148816,-0.14800000000000005,-0.092,5000,-0.04500000000000002,0.04648775226993785,-0.07500000000000001,-0.019000000000000017,5000,0.3507381298948312,0.06847359367727861,0.30793003441084577,0.3898270317280199,5000,0.2886355952988378,0.08685359415940677,0.23935956563429792,0.33860075396649764,5000,-0.06210253459599341,0.11542181122008685,-0.1255284421650752,0.009754640606796516,5000,0.018389999999999983,0.0318411840232112,-0.0014405000000000134,0.03591024999999996,5000,-0.007000000000000011,0.04224268509984238,-0.032000000000000015,0.017999999999999995,5000,-0.013999999999999995,0.08448537019968475,-0.06602500000000003,0.03400000000000001,5000,0.429,0.21444761079988225,0.300975,0.554,5000,0.44300000000000006,0.17230786401090348,0.342,0.542,5000,0.038,0.043410188256265886,0.015,0.06402499999999964,5000,0.019000000000000006,0.04458450154232721,-0.005999999999999994,0.047,5000,sample_sd,95% percentile bootstrap over paired_simulator_seeds_within_fixed_target,paired_simulator_seeds_within_fixed_target,5000
MNIST_QNN_eff_su2_r1_d2_s43,eff_su2_r1_d2,43,low_risk_anchor,eff_su2,1,2,noisy_shot,128,correctness,ibm_kingston,True,10,-0.166,0.023664319132398484,-0.18000000000000008,-0.15300000000000002,5000,-0.121,0.04840798832148816,-0.14900000000000002,-0.093,5000,-0.04500000000000002,0.04648775226993785,-0.07200000000000002,-0.018000000000000006,5000,0.3507381298948312,0.06847359367727861,0.30946011245815325,0.38963200157188405,5000,0.2886355952988378,0.08685359415940677,0.23921500598852866,0.3401138991293555,5000,-0.06210253459599341,0.11542181122008685,-0.12435135716116352,0.01224042022907225,5000,-0.02250000000000001,0.023243876134968932,-0.03700000000000002,-0.009000000000000003,5000,-0.03650000000000003,0.013753787357185184,-0.04500000000000004,-0.029000000000000026,5000,-0.07300000000000004,0.027507574714370344,-0.09000000000000002,-0.05800000000000003,5000,-0.6030000000000001,0.175122179571229,-0.703025,-0.502,5000,-0.53,0.19113694915775267,-0.643025,-0.417,5000,0.0,0.0,0.0,0.0,5000,0.0,0.0,0.0,0.0,5000,sample_sd,95% percentile bootstrap over paired_simulator_seeds_within_fixed_target,paired_simulator_seeds_within_fixed_target,5000
MNIST_QNN_eff_su2_r1_d2_s43,eff_su2_r1_d2,43,low_risk_anchor,eff_su2,1,2,noisy_shot,128,loss,ibm_kingston,True,10,-0.166,0.023664319132398484,-0.18100000000000005,-0.15300000000000002,5000,-0.121,0.04840798832148816,-0.148,-0.09100000000000001,5000,-0.04500000000000002,0.04648775226993785,-0.07200000000000004,-0.019000000000000017,5000,0.3507381298948312,0.06847359367727861,0.3087568809248973,0.39029269665676974,5000,0.2886355952988378,0.08685359415940677,0.23916539902999065,0.3393003554122522,5000,-0.06210253459599341,0.11542181122008685,-0.12432306998106947,0.009441700124298142,5000,-0.009429999999999933,0.03078650678462886,-0.026419999999999916,0.009261000000000059,5000,-0.023500000000000014,0.026251984052003907,-0.03751250000000003,-0.007500000000000007,5000,-0.04700000000000003,0.05250396810400778,-0.07500000000000002,-0.014000000000000035,5000,0.05599999999999998,0.15019986684414868,-0.031000000000000017,0.14199999999999996,5000,0.10300000000000002,0.1565637960137088,0.010000000000000009,0.195,5000,0.03500000000000001,0.04143267631552018,0.012,0.06000000000000001,5000,0.021,0.04067486256208427,-0.0029999999999999944,0.045000000000000005,5000,sample_sd,95% percentile bootstrap over paired_simulator_seeds_within_fixed_target,paired_simulator_seeds_within_fixed_target,5000
MNIST_QNN_eff_su2_r1_d2_s43,eff_su2_r1_d2,43,low_risk_anchor,eff_su2,1,2,noisy_shot,512,confidence,ibm_kingston,True,10,-0.06000000000000004,0.03711842908553349,-0.08300000000000005,-0.039000000000000035,5000,-0.04500000000000002,0.031001792062897122,-0.06200000000000002,-0.027000000000000014,5000,-0.015000000000000024,0.0566176258382101,-0.050000000000000024,0.01499999999999998,5000,0.11156579975318164,0.020942945874334703,0.09963177897124553,0.1240106998910196,5000,0.10785020322538905,0.04870064234782998,0.07940048208995718,0.13634021275932892,5000,-0.003715596527792564,0.06258418920676012,-0.039856920819543354,0.03355727422374756,5000,0.0016800000000000205,0.0340510009642399,-0.01830099999999999,0.02251000000000003,5000,-0.02300000000000002,0.020843330934484663,-0.03500000000000003,-0.01050000000000001,5000,-0.046,0.04168666186896927,-0.069,-0.02100000000000001,5000,0.10900000000000001,0.12151360234786704,0.03199999999999999,0.176,5000,0.155,0.1339361373524296,0.074,0.231,5000,0.044000000000000004,0.026331223544175334,0.028000000000000004,0.05900000000000001,5000,0.02200000000000001,0.02485513584307633,0.0070000000000000045,0.03600000000000001,5000,sample_sd,95% percentile bootstrap over paired_simulator_seeds_within_fixed_target,paired_simulator_seeds_within_fixed_target,5000
MNIST_QNN_eff_su2_r1_d2_s43,eff_su2_r1_d2,43,low_risk_anchor,eff_su2,1,2,noisy_shot,512,correctness,ibm_kingston,True,10,-0.06000000000000004,0.03711842908553349,-0.08300000000000005,-0.039000000000000035,5000,-0.04500000000000002,0.031001792062897122,-0.06300000000000001,-0.026000000000000023,5000,-0.015000000000000024,0.0566176258382101,-0.050025000000000035,0.014999999999999968,5000,0.11156579975318164,0.020942945874334703,0.0994615228837356,0.12373591101586354,5000,0.10785020322538905,0.04870064234782998,0.08023935483391392,0.13712327690240922,5000,-0.003715596527792564,0.06258418920676012,-0.03943493860869207,0.03295454943808712,5000,-0.007500000000000007,0.028308812919105034,-0.025499999999999988,0.007499999999999995,5000,-0.010000000000000009,0.01840893502864545,-0.020500000000000018,0.0010000000000000009,5000,-0.02000000000000004,0.03681787005729086,-0.041000000000000036,0.0019999999999999684,5000,-0.316,0.3340725137517968,-0.524,-0.13300000000000006,5000,-0.296,0.316023909081435,-0.492,-0.139,5000,0.0,0.0,0.0,0.0,5000,0.0,0.0,0.0,0.0,5000,sample_sd,95% percentile bootstrap over paired_simulator_seeds_within_fixed_target,paired_simulator_seeds_within_fixed_target,5000
MNIST_QNN_eff_su2_r1_d2_s43,eff_su2_r1_d2,43,low_risk_anchor,eff_su2,1,2,noisy_shot,512,loss,ibm_kingston,True,10,-0.06000000000000004,0.03711842908553349,-0.08300000000000003,-0.039000000000000035,5000,-0.04500000000000002,0.031001792062897122,-0.06300000000000001,-0.026000000000000023,5000,-0.015000000000000024,0.0566176258382101,-0.05000000000000003,0.01499999999999999,5000,0.11156579975318164,0.020942945874334703,0.09932455859982876,0.12407775208540259,5000,0.10785020322538905,0.04870064234782998,0.08063520107129583,0.13616174350706858,5000,-0.003715596527792564,0.06258418920676012,-0.040101175811351315,0.03398011765987604,5000,0.0032500000000000805,0.028911522116815476,-0.012919999999999886,0.020361000000000067,5000,-0.01200000000000001,0.03794733192202056,-0.034,0.010499999999999992,5000,-0.024000000000000014,0.07589466384404112,-0.06700000000000003,0.02099999999999999,5000,0.173,0.18511557951122798,0.063,0.283,5000,0.197,0.17166181222909704,0.09400000000000001,0.30102499999999965,5000,0.044000000000000004,0.02503331114069145,0.029000000000000005,0.05800000000000001,5000,0.023,0.029832867780352594,0.004000000000000005,0.04000000000000001,5000,sample_sd,95% percentile bootstrap over paired_simulator_seeds_within_fixed_target,paired_simulator_seeds_within_fixed_target,5000
MNIST_QNN_eff_su2_r1_d2_s43,eff_su2_r1_d2,43,low_risk_anchor,eff_su2,1,2,noisy_shot,1024,confidence,ibm_kingston,True,10,-0.05700000000000004,0.025407785333546002,-0.07300000000000004,-0.04300000000000004,5000,-0.03500000000000002,0.022730302828309755,-0.04900000000000001,-0.02100000000000002,5000,-0.02200000000000002,0.025298221281347056,-0.03600000000000003,-0.007000000000000006,5000,0.08450706675462424,0.01782681610121862,0.07366331777237355,0.09469315947443245,5000,0.06749222187791015,0.020754478453091824,0.05607123542462937,0.07994624683361032,5000,-0.017014844876714084,0.03410385521782399,-0.035711785893840796,0.005329204079578573,5000,0.008669999999999978,0.020106828580249918,-0.0035202500000000286,0.020220749999999968,5000,-0.013500000000000012,0.01856669658884485,-0.025012500000000017,-0.003500000000000003,5000,-0.027000000000000007,0.037133393177689655,-0.05000000000000001,-0.006000000000000014,5000,0.09,0.12987173159185436,0.016999999999999994,0.17099999999999999,5000,0.11700000000000002,0.12910374811669018,0.04397500000000001,0.196,5000,0.045000000000000005,0.027182510717166816,0.030000000000000006,0.062,5000,0.03800000000000001,0.033266599866332396,0.019000000000000006,0.05600000000000001,5000,sample_sd,95% percentile bootstrap over paired_simulator_seeds_within_fixed_target,paired_simulator_seeds_within_fixed_target,5000
MNIST_QNN_eff_su2_r1_d2_s43,eff_su2_r1_d2,43,low_risk_anchor,eff_su2,1,2,noisy_shot,1024,correctness,ibm_kingston,True,10,-0.05700000000000004,0.025407785333546002,-0.07300000000000004,-0.04300000000000004,5000,-0.03500000000000002,0.022730302828309755,-0.04900000000000001,-0.02200000000000002,5000,-0.02200000000000002,0.025298221281347056,-0.03600000000000003,-0.007000000000000006,5000,0.08450706675462424,0.01782681610121862,0.07368701197584158,0.09439627041462809,5000,0.06749222187791015,0.020754478453091824,0.05565058680365326,0.08003803332576057,5000,-0.017014844876714084,0.03410385521782399,-0.03571018309064679,0.0050859058842062516,5000,-0.01100000000000001,0.012649110640673528,-0.018000000000000016,-0.003500000000000003,5000,-0.03950000000000002,0.015536694915228567,-0.04850000000000003,-0.03050000000000001,5000,-0.07900000000000003,0.03107338983045711,-0.09800000000000005,-0.06100000000000003,5000,-0.36300000000000004,0.14461058820923942,-0.44799999999999995,-0.27800000000000014,5000,-0.28400000000000003,0.12420413304985733,-0.357,-0.213,5000,0.0,0.0,0.0,0.0,5000,0.0,0.0,0.0,0.0,5000,sample_sd,95% percentile bootstrap over paired_simulator_seeds_within_fixed_target,paired_simulator_seeds_within_fixed_target,5000
MNIST_QNN_eff_su2_r1_d2_s43,eff_su2_r1_d2,43,low_risk_anchor,eff_su2,1,2,noisy_shot,1024,loss,ibm_kingston,True,10,-0.05700000000000004,0.025407785333546002,-0.07200000000000004,-0.04300000000000004,5000,-0.03500000000000002,0.022730302828309755,-0.04900000000000002,-0.02200000000000002,5000,-0.02200000000000002,0.025298221281347056,-0.03600000000000003,-0.00697500000000037,5000,0.08450706675462424,0.01782681610121862,0.07361374490451997,0.09461634450834243,5000,0.06749222187791015,0.020754478453091824,0.05583869746671984,0.08012900516258081,5000,-0.017014844876714084,0.03410385521782399,-0.03559851149760657,0.004462411613110409,5000,0.007570000000000116,0.01575599004259087,-0.0015402499999999076,0.016890250000000114,5000,-0.005500000000000005,0.019213710382606147,-0.016500000000000015,0.006000000000000005,5000,-0.011000000000000029,0.03842742076521227,-0.03300000000000003,0.010999999999999968,5000,0.122,0.20004443950726997,0.011999999999999992,0.246,5000,0.133,0.1931061884042042,0.023000000000000017,0.24900000000000003,5000,0.045000000000000005,0.027182510717166816,0.030000000000000006,0.06100000000000001,5000,0.041000000000000016,0.035730472522297635,0.020000000000000007,0.06200000000000001,5000,sample_sd,95% percentile bootstrap over paired_simulator_seeds_within_fixed_target,paired_simulator_seeds_within_fixed_target,5000
MNIST_QNN_eff_su2_r1_d2_s44,eff_su2_r1_d2,44,low_risk_anchor,eff_su2,1,2,ideal_shot,128,confidence,ibm_kingston,False,10,-0.11700000000000003,0.02584139659108572,-0.131,-0.10200000000000002,5000,-0.10599999999999996,0.042216373863966844,-0.13299999999999995,-0.08397500000000031,5000,-0.011000000000000055,0.04794672969962487,-0.03800000000000007,0.01799999999999996,5000,0.30395005168877837,0.08255380013296701,0.25641635864018786,0.35220085645507354,5000,0.2684170892215916,0.06375941876698477,0.23250258213302472,0.30783738156028445,5000,-0.03553296246718678,0.09172402223432131,-0.09200915614153204,0.014704102294252043,5000,-0.008489999999999937,0.0222023247031076,-0.02167049999999993,0.0037800000000000555,5000,0.034500000000000045,0.03499603152104853,0.013000000000000045,0.05450000000000005,5000,0.06899999999999998,0.06999206304209706,0.025999999999999968,0.10799999999999998,5000,-0.11699999999999999,0.226276625198254,-0.253,0.010000000000000009,5000,-0.18599999999999997,0.17727567985109144,-0.29100000000000004,-0.0879750000000003,5000,0.009999999999999998,0.03527668414752788,-0.009000000000000003,0.032,5000,0.005999999999999998,0.03864367132317184,-0.016000000000000004,0.030000000000000006,5000,sample_sd,95% percentile bootstrap over paired_simulator_seeds_within_fixed_target,paired_simulator_seeds_within_fixed_target,5000
MNIST_QNN_eff_su2_r1_d2_s44,eff_su2_r1_d2,44,low_risk_anchor,eff_su2,1,2,ideal_shot,128,correctness,ibm_kingston,False,10,-0.11700000000000003,0.02584139659108572,-0.13100000000000003,-0.10100000000000005,5000,-0.10599999999999996,0.042216373863966844,-0.13299999999999998,-0.08399999999999996,5000,-0.011000000000000055,0.04794672969962487,-0.038000000000000075,0.017024999999999606,5000,0.30395005168877837,0.08255380013296701,0.2572939039759397,0.3540160593953159,5000,0.2684170892215916,0.06375941876698477,0.23277639629073638,0.3070228841900333,5000,-0.03553296246718678,0.09172402223432131,-0.09233624615420198,0.01609043499456514,5000,-0.005500000000000016,0.023973364849812443,-0.019500000000000017,0.008999999999999998,5000,-0.015000000000000036,0.03651483716701108,-0.03700000000000005,0.005999999999999961,5000,-0.03000000000000006,0.07302967433402216,-0.07400000000000007,0.009999999999999953,5000,-0.203,0.16323466407462464,-0.31100000000000005,-0.11700000000000003,5000,-0.17299999999999996,0.10414199707877489,-0.23899999999999996,-0.11999999999999997,5000,0.0,0.0,0.0,0.0,5000,0.0,0.0,0.0,0.0,5000,sample_sd,95% percentile bootstrap over paired_simulator_seeds_within_fixed_target,paired_simulator_seeds_within_fixed_target,5000
MNIST_QNN_eff_su2_r1_d2_s44,eff_su2_r1_d2,44,low_risk_anchor,eff_su2,1,2,ideal_shot,128,loss,ibm_kingston,False,10,-0.11700000000000003,0.02584139659108572,-0.13200000000000003,-0.10100000000000006,5000,-0.10599999999999996,0.042216373863966844,-0.13199999999999998,-0.08299999999999996,5000,-0.011000000000000055,0.04794672969962487,-0.03800000000000007,0.01699999999999996,5000,0.30395005168877837,0.08255380013296701,0.2576179672572471,0.3519486429391178,5000,0.2684170892215916,0.06375941876698477,0.23272936920388748,0.30706950340854344,5000,-0.03553296246718678,0.09172402223432131,-0.09094289460074692,0.014917855425962937,5000,-0.01165000000000005,0.022602077092357863,-0.024470750000000048,0.0012502499999999257,5000,-0.007500000000000051,0.03199392303408743,-0.026000000000000044,0.011999999999999933,5000,-0.015000000000000086,0.0639878460681749,-0.050000000000000086,0.02299999999999992,5000,-0.051000000000000024,0.08089087299153926,-0.10600000000000002,-0.013000000000000012,5000,-0.035999999999999935,0.08669230390037835,-0.08799999999999994,0.016024999999999717,5000,0.012999999999999998,0.03591656999213594,-0.007000000000000004,0.035,5000,0.0049999999999999975,0.03659083066683358,-0.016000000000000004,0.02602499999999964,5000,sample_sd,95% percentile bootstrap over paired_simulator_seeds_within_fixed_target,paired_simulator_seeds_within_fixed_target,5000
MNIST_QNN_eff_su2_r1_d2_s44,eff_su2_r1_d2,44,low_risk_anchor,eff_su2,1,2,ideal_shot,512,confidence,ibm_kingston,False,10,-0.038000000000000055,0.039101008796307145,-0.059000000000000066,-0.014000000000000068,5000,-0.047999999999999966,0.03224903099319418,-0.06599999999999998,-0.02799999999999999,5000,0.009999999999999908,0.05185449728701346,-0.019000000000000083,0.04099999999999989,5000,0.07375258171214956,0.03477131664934952,0.05339950894298673,0.09311490884142695,5000,0.0708754107005661,0.03873085985297325,0.047499830059666404,0.09342163657628987,5000,-0.002877171011583468,0.036923281775576466,-0.024494987650100733,0.018584472318222054,5000,-0.0040999999999999145,0.016490064348637992,-0.012979999999999903,0.006400750000000057,5000,0.03850000000000002,0.03972474739448392,0.016000000000000014,0.06250000000000004,5000,0.07699999999999999,0.07944949478896782,0.03299999999999996,0.12499999999999997,5000,-0.07899999999999999,0.17584399651711485,-0.179,0.028000000000000018,5000,-0.15599999999999997,0.12677188612271695,-0.22799999999999992,-0.07799999999999996,5000,-0.005000000000000002,0.013540064007726603,-0.013000000000000001,0.003,5000,-0.017000000000000008,0.02110818693198342,-0.02900000000000001,-0.005000000000000006,5000,sample_sd,95% percentile bootstrap over paired_simulator_seeds_within_fixed_target,paired_simulator_seeds_within_fixed_target,5000
MNIST_QNN_eff_su2_r1_d2_s44,eff_su2_r1_d2,44,low_risk_anchor,eff_su2,1,2,ideal_shot,512,correctness,ibm_kingston,False,10,-0.038000000000000055,0.039101008796307145,-0.06000000000000005,-0.014000000000000058,5000,-0.047999999999999966,0.03224903099319418,-0.06602499999999997,-0.02899999999999997,5000,0.009999999999999908,0.05185449728701346,-0.020000000000000084,0.04199999999999989,5000,0.07375258171214956,0.03477131664934952,0.05262188713045471,0.09387745149498518,5000,0.0708754107005661,0.03873085985297325,0.047886466336343414,0.09266484399231555,5000,-0.002877171011583468,0.036923281775576466,-0.02531854208920419,0.018382518150114564,5000,0.0049999999999999715,0.025927248643506755,-0.009500000000000019,0.020999999999999963,5000,0.0009999999999999788,0.03314949304120485,-0.019512500000000033,0.019499999999999962,5000,0.001999999999999913,0.06629898608240967,-0.039000000000000055,0.03999999999999989,5000,-0.05600000000000005,0.07777460310981268,-0.10600000000000005,-0.01600000000000007,5000,-0.05799999999999996,0.037653389990514506,-0.07999999999999996,-0.035975000000000305,5000,0.0,0.0,0.0,0.0,5000,0.0,0.0,0.0,0.0,5000,sample_sd,95% percentile bootstrap over paired_simulator_seeds_within_fixed_target,paired_simulator_seeds_within_fixed_target,5000
MNIST_QNN_eff_su2_r1_d2_s44,eff_su2_r1_d2,44,low_risk_anchor,eff_su2,1,2,ideal_shot,512,loss,ibm_kingston,False,10,-0.038000000000000055,0.039101008796307145,-0.05902500000000006,-0.014000000000000058,5000,-0.047999999999999966,0.03224903099319418,-0.06699999999999996,-0.02899999999999996,5000,0.009999999999999908,0.05185449728701346,-0.019000000000000072,0.041999999999999885,5000,0.07375258171214956,0.03477131664934952,0.05307844377660076,0.09274202965752631,5000,0.0708754107005661,0.03873085985297325,0.04841922414759752,0.09317393511973196,5000,-0.002877171011583468,0.036923281775576466,-0.024296975727926516,0.017442749426893674,5000,-0.009000000000000008,0.01661110739502,-0.018640250000000046,0.0011112499999999382,5000,-0.010500000000000065,0.037671828554858684,-0.03350000000000007,0.01101249999999977,5000,-0.021000000000000085,0.07534365710971738,-0.06800000000000009,0.02199999999999991,5000,-0.011000000000000027,0.11589746426139884,-0.08300000000000003,0.045999999999999965,5000,0.01000000000000006,0.0841955396021006,-0.04299999999999994,0.05400000000000007,5000,-0.005000000000000002,0.013540064007726603,-0.013000000000000001,0.003,5000,-0.015000000000000008,0.01957890020745122,-0.027000000000000007,-0.004000000000000006,5000,sample_sd,95% percentile bootstrap over paired_simulator_seeds_within_fixed_target,paired_simulator_seeds_within_fixed_target,5000
MNIST_QNN_eff_su2_r1_d2_s44,eff_su2_r1_d2,44,low_risk_anchor,eff_su2,1,2,ideal_shot,1024,confidence,ibm_kingston,False,10,-0.011000000000000032,0.029981475762358482,-0.029000000000000036,0.004999999999999982,5000,-0.03199999999999996,0.024855135843076307,-0.04599999999999995,-0.01699999999999998,5000,0.02099999999999993,0.027668674625929503,0.004999999999999926,0.036999999999999936,5000,0.03808998346107549,0.018468573490798005,0.027717589156079386,0.048946525790661714,5000,0.03555794089753178,0.030565758749866605,0.016986038522608573,0.05252076113934158,5000,-0.0025320425635437125,0.026440521346751195,-0.01801409567568342,0.013249374118988553,5000,-0.0014199999999999324,0.015682318422704955,-0.010720249999999924,0.007752000000000039,5000,0.03900000000000004,0.040400770069668496,0.016500000000000032,0.06300000000000003,5000,0.07799999999999996,0.08080154013933699,0.03199999999999995,0.12799999999999995,5000,-0.128,0.14281300905574237,-0.21002500000000004,-0.044,5000,-0.20599999999999996,0.10936178491593852,-0.27199999999999996,-0.14599999999999996,5000,0.0069999999999999975,0.020027758514399734,-0.0020000000000000026,0.02,5000,-0.014000000000000007,0.01837873166945363,-0.025000000000000005,-0.0030000000000000083,5000,sample_sd,95% percentile bootstrap over paired_simulator_seeds_within_fixed_target,paired_simulator_seeds_within_fixed_target,5000
MNIST_QNN_eff_su2_r1_d2_s44,eff_su2_r1_d2,44,low_risk_anchor,eff_su2,1,2,ideal_shot,1024,correctness,ibm_kingston,False,10,-0.011000000000000032,0.029981475762358482,-0.030000000000000047,0.005999999999999961,5000,-0.03199999999999996,0.024855135843076307,-0.04599999999999995,-0.01799999999999997,5000,0.02099999999999993,0.027668674625929503,0.003999999999999959,0.03799999999999991,5000,0.03808998346107549,0.018468573490798005,0.02742143142552526,0.048982686151890116,5000,0.03555794089753178,0.030565758749866605,0.01752561280319931,0.05293462376293025,5000,-0.0025320425635437125,0.026440521346751195,-0.01740762732773442,0.013338528079417232,5000,0.010499999999999976,0.01383433731296476,0.0024999999999999684,0.018500000000000016,5000,0.010499999999999987,0.013834337312964755,0.0025000000000000022,0.018999999999999982,5000,0.02099999999999993,0.027668674625929503,0.004999999999999916,0.03699999999999991,5000,-0.011000000000000032,0.029981475762358482,-0.029000000000000047,0.0059999999999999385,5000,-0.03199999999999996,0.024855135843076307,-0.046999999999999945,-0.01699999999999996,5000,0.0,0.0,0.0,0.0,5000,0.0,0.0,0.0,0.0,5000,sample_sd,95% percentile bootstrap over paired_simulator_seeds_within_fixed_target,paired_simulator_seeds_within_fixed_target,5000
MNIST_QNN_eff_su2_r1_d2_s44,eff_su2_r1_d2,44,low_risk_anchor,eff_su2,1,2,ideal_shot,1024,loss,ibm_kingston,False,10,-0.011000000000000032,0.029981475762358482,-0.030000000000000037,0.0049999999999999715,5000,-0.03199999999999996,0.024855135843076307,-0.04599999999999995,-0.016999999999999994,5000,0.02099999999999993,0.027668674625929503,0.003999999999999948,0.036999999999999936,5000,0.03808998346107549,0.018468573490798005,0.027643110106291748,0.04926633789877525,5000,0.03555794089753178,0.030565758749866605,0.01745692311374003,0.05242151948207754,5000,-0.0025320425635437125,0.026440521346751195,-0.01803635903446125,0.013184355105284987,5000,-0.003890000000000038,0.012104126936251512,-0.010840250000000062,0.003110249999999932,5000,-0.01150000000000002,0.02261390919078099,-0.02400000000000002,0.00249999999999998,5000,-0.02300000000000007,0.04522781838156197,-0.04800000000000008,0.0039999999999999255,5000,-0.015000000000000013,0.0699603062060512,-0.05800000000000002,0.024,5000,0.008000000000000057,0.08560892995995738,-0.04099999999999993,0.05802499999999971,5000,0.0069999999999999975,0.020027758514399734,-0.0020000000000000018,0.019999999999999997,5000,-0.013000000000000006,0.01888562063228706,-0.024000000000000007,-0.0020000000000000074,5000,sample_sd,95% percentile bootstrap over paired_simulator_seeds_within_fixed_target,paired_simulator_seeds_within_fixed_target,5000
MNIST_QNN_eff_su2_r1_d2_s44,eff_su2_r1_d2,44,low_risk_anchor,eff_su2,1,2,noisy_shot,128,confidence,ibm_kingston,True,10,-0.13100000000000006,0.04040077006966849,-0.15600000000000008,-0.10900000000000007,5000,-0.12299999999999996,0.042700507413066316,-0.14499999999999996,-0.09499999999999999,5000,-0.008000000000000085,0.05553777493242274,-0.04000000000000008,0.02499999999999992,5000,0.3459179639329377,0.10528390936990244,0.2850341934439901,0.40820539134048733,5000,0.3021868059184635,0.06990001251329843,0.261534989495427,0.3454163440961856,5000,-0.04373115801447427,0.11198433244927519,-0.10554374051405253,0.024810212701499273,5000,0.0040300000000001,0.023130213526419894,-0.009090999999999908,0.018041000000000095,5000,0.04600000000000005,0.024472206457303552,0.03148750000000003,0.060012499999999885,5000,0.09199999999999996,0.048944412914607056,0.06299999999999999,0.11999999999999995,5000,-0.11700000000000002,0.22321140950527893,-0.253,0.010999999999999992,5000,-0.209,0.2077632199296968,-0.333,-0.09399999999999996,5000,0.018999999999999996,0.03142893217686178,0.000999999999999998,0.037,5000,0.016999999999999994,0.03973523485382827,-0.0050000000000000044,0.041999999999999996,5000,sample_sd,95% percentile bootstrap over paired_simulator_seeds_within_fixed_target,paired_simulator_seeds_within_fixed_target,5000
MNIST_QNN_eff_su2_r1_d2_s44,eff_su2_r1_d2,44,low_risk_anchor,eff_su2,1,2,noisy_shot,128,correctness,ibm_kingston,True,10,-0.13100000000000006,0.04040077006966849,-0.15700000000000003,-0.10900000000000007,5000,-0.12299999999999996,0.042700507413066316,-0.14499999999999996,-0.09599999999999999,5000,-0.008000000000000085,0.05553777493242274,-0.03900000000000009,0.02499999999999991,5000,0.3459179639329377,0.10528390936990244,0.2853523960274739,0.40900093133724086,5000,0.3021868059184635,0.06990001251329843,0.2618779124173015,0.3438602901187289,5000,-0.04373115801447427,0.11198433244927519,-0.10334913729110853,0.02491961633184243,5000,-0.0040000000000000365,0.027768887466211374,-0.020000000000000028,0.012999999999999956,5000,-0.015000000000000058,0.040551750201988125,-0.038500000000000055,0.00899999999999992,5000,-0.03000000000000009,0.08110350040397626,-0.0790000000000001,0.017999999999999905,5000,-0.23600000000000004,0.1760807895383379,-0.346,-0.14100000000000007,5000,-0.20599999999999996,0.10710327311110109,-0.2739999999999999,-0.14899999999999997,5000,0.0,0.0,0.0,0.0,5000,0.0,0.0,0.0,0.0,5000,sample_sd,95% percentile bootstrap over paired_simulator_seeds_within_fixed_target,paired_simulator_seeds_within_fixed_target,5000
MNIST_QNN_eff_su2_r1_d2_s44,eff_su2_r1_d2,44,low_risk_anchor,eff_su2,1,2,noisy_shot,128,loss,ibm_kingston,True,10,-0.13100000000000006,0.04040077006966849,-0.15600000000000008,-0.10900000000000007,5000,-0.12299999999999996,0.042700507413066316,-0.14499999999999996,-0.095,5000,-0.008000000000000085,0.05553777493242274,-0.04000000000000008,0.0249999999999999,5000,0.3459179639329377,0.10528390936990244,0.28497439020908066,0.405966563271264,5000,0.3021868059184635,0.06990001251329843,0.26180256007574204,0.34374756115175537,5000,-0.04373115801447427,0.11198433244927519,-0.10367999713734687,0.025506902586958237,5000,0.0005199999999999649,0.026589839329254246,-0.014002000000000034,0.01673049999999997,5000,-0.004000000000000026,0.03339993346633427,-0.02400000000000002,0.01599999999999996,5000,-0.008000000000000068,0.0667998669326685,-0.04602500000000007,0.03199999999999992,5000,-0.04900000000000003,0.09803060746521976,-0.11002500000000003,0.003999999999999948,5000,-0.04099999999999997,0.09338688939626968,-0.09399999999999997,0.012000000000000028,5000,0.016999999999999998,0.029078437983419185,-2.0990154059319307e-18,0.033999999999999996,5000,0.023999999999999997,0.04812021982031623,-0.0020249999999999986,0.053000000000000005,5000,sample_sd,95% percentile bootstrap over paired_simulator_seeds_within_fixed_target,paired_simulator_seeds_within_fixed_target,5000
MNIST_QNN_eff_su2_r1_d2_s44,eff_su2_r1_d2,44,low_risk_anchor,eff_su2,1,2,noisy_shot,512,confidence,ibm_kingston,True,10,-0.052000000000000046,0.029363620727393683,-0.06900000000000006,-0.03400000000000003,5000,-0.05799999999999994,0.01988857852023508,-0.06999999999999995,-0.04699999999999993,5000,0.005999999999999894,0.03835506630304677,-0.015000000000000124,0.029999999999999916,5000,0.12187727139820345,0.04374197820944663,0.09630928626130335,0.14642307443162428,5000,0.09084421269979791,0.02688313826220428,0.07437046857534439,0.10619089694348219,5000,-0.031033058698405547,0.03670207242010223,-0.052173963948502246,-0.008737668650137599,5000,0.01157000000000008,0.010487987837945318,0.00643000000000008,0.018470250000000073,5000,0.05950000000000005,0.022662989897873402,0.04700000000000004,0.07300000000000006,5000,0.11899999999999997,0.04532597979574679,0.09299999999999996,0.14699999999999996,5000,-0.10600000000000001,0.17173623185959722,-0.204025,0.0010000000000000009,5000,-0.22499999999999995,0.17696515664578344,-0.32899999999999996,-0.12099999999999997,5000,0.011999999999999999,0.0322490309931942,-0.007000000000000001,0.030999999999999993,5000,0.023999999999999997,0.03306559138036598,0.005999999999999996,0.044999999999999984,5000,sample_sd,95% percentile bootstrap over paired_simulator_seeds_within_fixed_target,paired_simulator_seeds_within_fixed_target,5000
MNIST_QNN_eff_su2_r1_d2_s44,eff_su2_r1_d2,44,low_risk_anchor,eff_su2,1,2,noisy_shot,512,correctness,ibm_kingston,True,10,-0.052000000000000046,0.029363620727393683,-0.06900000000000006,-0.03400000000000003,5000,-0.05799999999999994,0.01988857852023508,-0.06999999999999995,-0.04699999999999993,5000,0.005999999999999894,0.03835506630304677,-0.015000000000000124,0.029999999999999916,5000,0.12187727139820345,0.04374197820944663,0.09569151380135446,0.14655553385953535,5000,0.09084421269979791,0.02688313826220428,0.07459698564347052,0.1056126557825948,5000,-0.031033058698405547,0.03670207242010223,-0.05135108138304498,-0.008602633061658744,5000,0.002999999999999925,0.0191775331515234,-0.007000000000000106,0.014999999999999958,5000,-0.0015000000000000347,0.02646276209653442,-0.018000000000000026,0.013012499999999828,5000,-0.0030000000000000916,0.0529255241930688,-0.0360000000000001,0.027999999999999914,5000,-0.06900000000000003,0.0693541635375988,-0.11500000000000003,-0.03600000000000003,5000,-0.06599999999999995,0.03272783388968956,-0.08799999999999997,-0.04799999999999993,5000,0.0,0.0,0.0,0.0,5000,0.0,0.0,0.0,0.0,5000,sample_sd,95% percentile bootstrap over paired_simulator_seeds_within_fixed_target,paired_simulator_seeds_within_fixed_target,5000
MNIST_QNN_eff_su2_r1_d2_s44,eff_su2_r1_d2,44,low_risk_anchor,eff_su2,1,2,noisy_shot,512,loss,ibm_kingston,True,10,-0.052000000000000046,0.029363620727393683,-0.06800000000000006,-0.03400000000000003,5000,-0.05799999999999994,0.01988857852023508,-0.06999999999999995,-0.04699999999999993,5000,0.005999999999999894,0.03835506630304677,-0.015000000000000124,0.030024999999999552,5000,0.12187727139820345,0.04374197820944663,0.09575731762223877,0.14608762623145594,5000,0.09084421269979791,0.02688313826220428,0.07507061667409722,0.10576803646935148,5000,-0.031033058698405547,0.03670207242010223,-0.052307509013460395,-0.009157965131502778,5000,-0.0007300000000000084,0.016440873861608862,-0.00992150000000004,0.009520249999999992,5000,-0.011500000000000033,0.020689503511576952,-0.02250000000000003,0.0014999999999999569,5000,-0.023000000000000076,0.041379007023153905,-0.04500000000000007,0.0039999999999998925,5000,-0.07700000000000003,0.10832564075252193,-0.14200000000000002,-0.013000000000000029,5000,-0.05399999999999994,0.09979979959899721,-0.11199999999999995,0.00400000000000007,5000,0.011999999999999999,0.0322490309931942,-0.007000000000000001,0.031,5000,0.027000000000000003,0.03301514803843835,0.008999999999999996,0.047,5000,sample_sd,95% percentile bootstrap over paired_simulator_seeds_within_fixed_target,paired_simulator_seeds_within_fixed_target,5000
MNIST_QNN_eff_su2_r1_d2_s44,eff_su2_r1_d2,44,low_risk_anchor,eff_su2,1,2,noisy_shot,1024,confidence,ibm_kingston,True,10,-0.040000000000000036,0.03333333333333336,-0.06000000000000005,-0.02200000000000002,5000,-0.03099999999999995,0.029981475762358455,-0.046999999999999945,-0.011999999999999955,5000,-0.009000000000000086,0.03446415206816757,-0.030000000000000093,0.00999999999999992,5000,0.08386432531103494,0.017752724750571866,0.07424927374004621,0.09459022589254891,5000,0.05340113792195912,0.0308475580637076,0.03611115694425529,0.07281586801672817,5000,-0.03046318738907582,0.03105497842948738,-0.049001146832772145,-0.012033196806162669,5000,0.015350000000000096,0.012734140463075387,0.008320000000000095,0.023160000000000104,5000,0.051000000000000045,0.03494440028260766,0.030500000000000055,0.07200000000000004,5000,0.10199999999999998,0.06988880056521535,0.06199999999999998,0.14399999999999996,5000,-0.15999999999999998,0.12987173159185436,-0.22999999999999998,-0.077,5000,-0.26199999999999996,0.09874771446018944,-0.31999999999999995,-0.20299999999999999,5000,0.009999999999999998,0.01763834207376394,-0.0010000000000000015,0.02,5000,-2.7755575615628915e-18,0.024944382578492946,-0.015000000000000003,0.013999999999999995,5000,sample_sd,95% percentile bootstrap over paired_simulator_seeds_within_fixed_target,paired_simulator_seeds_within_fixed_target,5000
MNIST_QNN_eff_su2_r1_d2_s44,eff_su2_r1_d2,44,low_risk_anchor,eff_su2,1,2,noisy_shot,1024,correctness,ibm_kingston,True,10,-0.040000000000000036,0.03333333333333336,-0.061000000000000054,-0.02200000000000002,5000,-0.03099999999999995,0.029981475762358455,-0.04699999999999995,-0.011999999999999966,5000,-0.009000000000000086,0.03446415206816757,-0.031000000000000104,0.00999999999999992,5000,0.08386432531103494,0.017752724750571866,0.0737636323018349,0.09449547502906061,5000,0.05340113792195912,0.0308475580637076,0.03633912019806443,0.07277670862704977,5000,-0.03046318738907582,0.03105497842948738,-0.04916861270181844,-0.012446563062351274,5000,-0.004500000000000004,0.01723207603408379,-0.015000000000000013,0.0050000000000000044,5000,-0.009000000000000013,0.029230881691191674,-0.028500000000000008,0.005499999999999961,5000,-0.01800000000000008,0.05846176338238335,-0.05700000000000007,0.01099999999999991,5000,-0.08500000000000003,0.16840757438758838,-0.19600000000000004,-0.02200000000000002,5000,-0.06699999999999995,0.11738351199759227,-0.14599999999999996,-0.01799999999999995,5000,0.0,0.0,0.0,0.0,5000,0.0,0.0,0.0,0.0,5000,sample_sd,95% percentile bootstrap over paired_simulator_seeds_within_fixed_target,paired_simulator_seeds_within_fixed_target,5000
MNIST_QNN_eff_su2_r1_d2_s44,eff_su2_r1_d2,44,low_risk_anchor,eff_su2,1,2,noisy_shot,1024,loss,ibm_kingston,True,10,-0.040000000000000036,0.03333333333333336,-0.06000000000000005,-0.02200000000000002,5000,-0.03099999999999995,0.029981475762358455,-0.046999999999999945,-0.012999999999999956,5000,-0.009000000000000086,0.03446415206816757,-0.031000000000000083,0.009999999999999908,5000,0.08386432531103494,0.017752724750571866,0.07392033872513568,0.094816651296278,5000,0.05340113792195912,0.0308475580637076,0.03630824937853025,0.07255583450279661,5000,-0.03046318738907582,0.03105497842948738,-0.04859267286743279,-0.012556761002366006,5000,0.0030099999999999684,0.011920146345112086,-0.004170500000000049,0.009860499999999972,5000,-0.016000000000000014,0.023428377854407458,-0.029000000000000026,-0.0020000000000000018,5000,-0.03200000000000006,0.046856755708814875,-0.05800000000000007,-0.004000000000000064,5000,-0.10300000000000002,0.05121848624601603,-0.131,-0.07300000000000001,5000,-0.07099999999999995,0.05526702854726718,-0.10299999999999994,-0.03799999999999996,5000,0.009999999999999998,0.01763834207376394,-0.0010000000000000009,0.02,5000,0.0019999999999999974,0.026583202716502514,-0.014000000000000002,0.016999999999999998,5000,sample_sd,95% percentile bootstrap over paired_simulator_seeds_within_fixed_target,paired_simulator_seeds_within_fixed_target,5000
MNIST_QNN_eff_su2_r1_d2_s45,eff_su2_r1_d2,45,low_risk_anchor,eff_su2,1,2,ideal_shot,128,confidence,ibm_kingston,False,10,-0.08500000000000002,0.04249182927993986,-0.11100000000000002,-0.06100000000000003,5000,-0.162,0.04341018825626588,-0.187,-0.13600000000000004,5000,0.07700000000000001,0.05945119380167603,0.041000000000000016,0.11000000000000001,5000,0.2522555773432068,0.06520502370242519,0.21305447689272372,0.28947066057628756,5000,0.2776319955431608,0.07385214335528138,0.2334725775910199,0.3206529577054654,5000,0.02537641819995403,0.09321239141833176,-0.03356969610359839,0.0748767326284323,5000,0.015090000000000043,0.036933768047983165,-0.004780249999999967,0.038261250000000024,5000,0.03950000000000002,0.04349010104482269,0.013000000000000022,0.06500000000000002,5000,0.07900000000000003,0.08698020208964541,0.027000000000000024,0.12900000000000003,5000,0.173,0.16832838276548742,0.073,0.267,5000,0.09399999999999997,0.18428239199663107,-0.010000000000000014,0.20299999999999999,5000,-0.006000000000000001,0.029514591494904877,-0.024,0.012,5000,0.011000000000000005,0.038715486421958954,-0.009999999999999993,0.034999999999999996,5000,sample_sd,95% percentile bootstrap over paired_simulator_seeds_within_fixed_target,paired_simulator_seeds_within_fixed_target,5000
MNIST_QNN_eff_su2_r1_d2_s45,eff_su2_r1_d2,45,low_risk_anchor,eff_su2,1,2,ideal_shot,128,correctness,ibm_kingston,False,10,-0.08500000000000002,0.04249182927993986,-0.11000000000000001,-0.06100000000000002,5000,-0.162,0.04341018825626588,-0.18600000000000003,-0.13600000000000004,5000,0.07700000000000001,0.05945119380167603,0.04200000000000004,0.11002499999999965,5000,0.2522555773432068,0.06520502370242519,0.21473406532791126,0.29025049581615525,5000,0.2776319955431608,0.07385214335528138,0.2331843750642583,0.318739288718316,5000,0.02537641819995403,0.09321239141833176,-0.032680337823553604,0.07567688259983663,5000,0.038500000000000006,0.029725596900838015,0.02050000000000001,0.055499999999999994,5000,0.04650000000000002,0.032063305437143495,0.027500000000000014,0.06500000000000003,5000,0.093,0.06412661087428698,0.054000000000000006,0.12999999999999998,5000,0.356,0.30255210754145767,0.16399999999999998,0.5209999999999999,5000,0.26299999999999996,0.25434228905158496,0.10197499999999995,0.39999999999999997,5000,0.0,0.0,0.0,0.0,5000,0.0,0.0,0.0,0.0,5000,sample_sd,95% percentile bootstrap over paired_simulator_seeds_within_fixed_target,paired_simulator_seeds_within_fixed_target,5000
MNIST_QNN_eff_su2_r1_d2_s45,eff_su2_r1_d2,45,low_risk_anchor,eff_su2,1,2,ideal_shot,128,loss,ibm_kingston,False,10,-0.08500000000000002,0.04249182927993986,-0.11000000000000001,-0.06000000000000003,5000,-0.162,0.04341018825626588,-0.18700000000000006,-0.13500000000000006,5000,0.07700000000000001,0.05945119380167603,0.041000000000000016,0.11099999999999999,5000,0.2522555773432068,0.06520502370242519,0.21387475379520765,0.2907355297630868,5000,0.2776319955431608,0.07385214335528138,0.23297766472924772,0.3198483580150328,5000,0.02537641819995403,0.09321239141833176,-0.033746092368061566,0.07516330182807619,5000,0.014360000000000017,0.027317930619527767,-0.0026702499999999934,0.028990250000000013,5000,0.03850000000000002,0.025500544656492697,0.02450000000000001,0.05350000000000003,5000,0.07700000000000001,0.051001089312985366,0.04700000000000002,0.10700000000000003,5000,-0.05399999999999998,0.18869140002778198,-0.16999999999999998,0.051000000000000004,5000,-0.131,0.18993858656593893,-0.246,-0.020999999999999984,5000,-1.3877787807814458e-18,0.03741657386773942,-0.021,0.023,5000,0.013000000000000006,0.04498147766951786,-0.010999999999999996,0.041,5000,sample_sd,95% percentile bootstrap over paired_simulator_seeds_within_fixed_target,paired_simulator_seeds_within_fixed_target,5000
MNIST_QNN_eff_su2_r1_d2_s45,eff_su2_r1_d2,45,low_risk_anchor,eff_su2,1,2,ideal_shot,512,confidence,ibm_kingston,False,10,-0.0040000000000000036,0.02547329756605709,-0.018000000000000016,0.01200000000000001,5000,-0.07500000000000005,0.020682789409984758,-0.08700000000000005,-0.062000000000000055,5000,0.07100000000000005,0.03754996671103718,0.052000000000000046,0.09400000000000006,5000,0.07119633817113932,0.02478835219272556,0.05748509996816279,0.08662034053746023,5000,0.07794287947809786,0.047249041459372726,0.050337122532783496,0.10744789689847384,5000,0.0067465413069585315,0.06423271734891235,-0.03273444008219813,0.042537600219063464,5000,0.01214000000000004,0.021386246878673104,-0.00019999999999996187,0.024600500000000032,5000,0.04100000000000004,0.030804040139061142,0.023487500000000026,0.059012499999999884,5000,0.08200000000000003,0.06160808027812225,0.04700000000000004,0.12000000000000002,5000,0.18600000000000003,0.19414771009036735,0.06500000000000003,0.292,5000,0.10399999999999998,0.2046786098578289,-0.016025000000000005,0.22299999999999995,5000,0.013000000000000001,0.02451756739791106,-0.0010000000000000015,0.028000000000000004,5000,0.016000000000000007,0.027568097504180444,8.326672684688674e-18,0.03200000000000001,5000,sample_sd,95% percentile bootstrap over paired_simulator_seeds_within_fixed_target,paired_simulator_seeds_within_fixed_target,5000
MNIST_QNN_eff_su2_r1_d2_s45,eff_su2_r1_d2,45,low_risk_anchor,eff_su2,1,2,ideal_shot,512,correctness,ibm_kingston,False,10,-0.0040000000000000036,0.02547329756605709,-0.018000000000000016,0.01100000000000001,5000,-0.07500000000000005,0.020682789409984758,-0.08700000000000005,-0.06300000000000006,5000,0.07100000000000005,0.03754996671103718,0.051000000000000045,0.09500000000000006,5000,0.07119633817113932,0.02478835219272556,0.05750293503871652,0.0868027303170587,5000,0.07794287947809786,0.047249041459372726,0.05089142476567936,0.10673287027200562,5000,0.0067465413069585315,0.06423271734891235,-0.031534269280257314,0.04293175715192921,5000,0.03550000000000002,0.018774983355518575,0.025500000000000023,0.04700000000000001,5000,0.026000000000000034,0.03373096170846274,0.007000000000000023,0.04650000000000005,5000,0.052000000000000025,0.06746192341692545,0.014000000000000007,0.09300000000000003,5000,0.47400000000000003,0.18590320061795604,0.362,0.579,5000,0.422,0.13364962484878967,0.341,0.493,5000,0.0,0.0,0.0,0.0,5000,0.0,0.0,0.0,0.0,5000,sample_sd,95% percentile bootstrap over paired_simulator_seeds_within_fixed_target,paired_simulator_seeds_within_fixed_target,5000
MNIST_QNN_eff_su2_r1_d2_s45,eff_su2_r1_d2,45,low_risk_anchor,eff_su2,1,2,ideal_shot,512,loss,ibm_kingston,False,10,-0.0040000000000000036,0.02547329756605709,-0.018000000000000016,0.01200000000000001,5000,-0.07500000000000005,0.020682789409984758,-0.08700000000000005,-0.06300000000000004,5000,0.07100000000000005,0.03754996671103718,0.051000000000000045,0.09400000000000006,5000,0.07119633817113932,0.02478835219272556,0.056891268397105156,0.0857496436992485,5000,0.07794287947809786,0.047249041459372726,0.05168860088195649,0.10662152677784323,5000,0.0067465413069585315,0.06423271734891235,-0.031889882956052315,0.04320994470436414,5000,0.009750000000000019,0.021511870108281025,-0.002819999999999978,0.022179999999999967,5000,0.02250000000000002,0.02637865298557405,0.008987500000000013,0.039500000000000035,5000,0.045000000000000026,0.05275730597114805,0.017000000000000022,0.07800000000000004,5000,-0.022999999999999975,0.19425355709598843,-0.13599999999999998,0.09102499999999965,5000,-0.068,0.18795980657813224,-0.17502500000000004,0.04399999999999999,5000,0.013000000000000001,0.02451756739791106,-0.0010000000000000022,0.027999999999999997,5000,0.016000000000000007,0.027568097504180444,6.938893903907228e-18,0.032000000000000015,5000,sample_sd,95% percentile bootstrap over paired_simulator_seeds_within_fixed_target,paired_simulator_seeds_within_fixed_target,5000
MNIST_QNN_eff_su2_r1_d2_s45,eff_su2_r1_d2,45,low_risk_anchor,eff_su2,1,2,ideal_shot,1024,confidence,ibm_kingston,False,10,0.023999999999999987,0.03339993346633424,0.0050000000000000044,0.04399999999999997,5000,-0.04300000000000004,0.026687491868330818,-0.05900000000000005,-0.027000000000000024,5000,0.06700000000000003,0.02002775851439973,0.05500000000000005,0.079,5000,0.03443693488114512,0.02048809460533104,0.022222542333602872,0.04656646016631273,5000,0.03950600413931531,0.024860291192615264,0.023993408681696724,0.053014935697952716,5000,0.005069069258170194,0.038006460562917975,-0.018236109486065098,0.027234812392177996,5000,0.0071900000000000245,0.01148781480042609,0.0005997500000000176,0.013880749999999997,5000,0.018500000000000044,0.03197655391063896,-0.001999999999999952,0.035000000000000045,5000,0.03700000000000004,0.06395310782127792,-0.002999999999999953,0.07100000000000004,5000,0.134,0.1357448587117268,0.04900000000000002,0.20600000000000004,5000,0.09699999999999998,0.16970890109570302,-0.005000000000000016,0.19499999999999998,5000,-0.0010000000000000015,0.01728840330651992,-0.011000000000000001,0.009999999999999998,5000,0.0030000000000000053,0.02406010991015812,-0.009999999999999997,0.018000000000000006,5000,sample_sd,95% percentile bootstrap over paired_simulator_seeds_within_fixed_target,paired_simulator_seeds_within_fixed_target,5000
MNIST_QNN_eff_su2_r1_d2_s45,eff_su2_r1_d2,45,low_risk_anchor,eff_su2,1,2,ideal_shot,1024,correctness,ibm_kingston,False,10,0.023999999999999987,0.03339993346633424,0.005999999999999994,0.04499999999999997,5000,-0.04300000000000004,0.026687491868330818,-0.05800000000000005,-0.027000000000000024,5000,0.06700000000000003,0.02002775851439973,0.056000000000000015,0.079,5000,0.03443693488114512,0.02048809460533104,0.022274809798225718,0.046346832454629464,5000,0.03950600413931531,0.024860291192615264,0.024665520364430232,0.05311602634118168,5000,0.005069069258170194,0.038006460562917975,-0.019112091535842073,0.026502583828137714,5000,0.03350000000000001,0.010013879257199867,0.027500000000000014,0.039500000000000014,5000,0.03450000000000003,0.0215316304796249,0.02150000000000002,0.04700000000000004,5000,0.06900000000000002,0.04306326095924975,0.04300000000000002,0.093,5000,0.5359999999999999,0.19670621071367658,0.41500000000000004,0.6440249999999997,5000,0.46699999999999997,0.1569182377333283,0.36999999999999994,0.5519999999999999,5000,0.0,0.0,0.0,0.0,5000,0.0,0.0,0.0,0.0,5000,sample_sd,95% percentile bootstrap over paired_simulator_seeds_within_fixed_target,paired_simulator_seeds_within_fixed_target,5000
MNIST_QNN_eff_su2_r1_d2_s45,eff_su2_r1_d2,45,low_risk_anchor,eff_su2,1,2,ideal_shot,1024,loss,ibm_kingston,False,10,0.023999999999999987,0.03339993346633424,0.005999999999999994,0.044999999999999964,5000,-0.04300000000000004,0.026687491868330818,-0.05800000000000005,-0.027000000000000024,5000,0.06700000000000003,0.02002775851439973,0.055000000000000035,0.07900000000000003,5000,0.03443693488114512,0.02048809460533104,0.022532571910967792,0.046286308770335745,5000,0.03950600413931531,0.024860291192615264,0.02445052195797905,0.053621196778560934,5000,0.005069069258170194,0.038006460562917975,-0.018278973349789174,0.026177462971548066,5000,0.007150000000000012,0.012563549569201296,-0.0006404999999999962,0.013981000000000023,5000,0.00500000000000001,0.026457513110645925,-0.009500000000000008,0.021500000000000026,5000,0.010000000000000031,0.05291502622129181,-0.01899999999999996,0.04200000000000002,5000,-0.04499999999999997,0.11843892002959915,-0.11399999999999996,0.026000000000000016,5000,-0.05500000000000001,0.11345581616745005,-0.119,0.01100000000000001,5000,-0.0010000000000000015,0.01728840330651992,-0.011000000000000003,0.009999999999999998,5000,0.0070000000000000045,0.024966644414765343,-0.006999999999999995,0.022000000000000002,5000,sample_sd,95% percentile bootstrap over paired_simulator_seeds_within_fixed_target,paired_simulator_seeds_within_fixed_target,5000
MNIST_QNN_eff_su2_r1_d2_s45,eff_su2_r1_d2,45,low_risk_anchor,eff_su2,1,2,noisy_shot,128,confidence,ibm_kingston,True,10,-0.092,0.026161889160464757,-0.10799999999999998,-0.07700000000000001,5000,-0.17300000000000004,0.04217687623436438,-0.19700000000000006,-0.14800000000000005,5000,0.08100000000000003,0.04557045826702501,0.05400000000000005,0.10800000000000003,5000,0.2948426076016621,0.07245427753123984,0.2522037513277871,0.3370836416373204,5000,0.3094022465465823,0.10543900328522246,0.2497585830475349,0.37252347971108685,5000,0.01455963894492015,0.1151917126771713,-0.050938288128073314,0.08249073708191428,5000,0.020100000000000028,0.0407502692560975,-0.00240049999999998,0.04509100000000001,5000,0.045500000000000033,0.051014703762738846,0.018500000000000023,0.07751249999999986,5000,0.09100000000000001,0.1020294075254777,0.036999999999999984,0.15500000000000003,5000,0.242,0.19314933773292278,0.126,0.347,5000,0.15099999999999997,0.21460299262695393,0.022974999999999985,0.27299999999999996,5000,0.010999999999999998,0.025582111805799855,-0.0040000000000000036,0.026000000000000002,5000,0.008000000000000007,0.02573367875415838,-0.006999999999999995,0.02300000000000001,5000,sample_sd,95% percentile bootstrap over paired_simulator_seeds_within_fixed_target,paired_simulator_seeds_within_fixed_target,5000
MNIST_QNN_eff_su2_r1_d2_s45,eff_su2_r1_d2,45,low_risk_anchor,eff_su2,1,2,noisy_shot,128,correctness,ibm_kingston,True,10,-0.092,0.026161889160464757,-0.10799999999999998,-0.07700000000000003,5000,-0.17300000000000004,0.04217687623436438,-0.19700000000000006,-0.14800000000000005,5000,0.08100000000000003,0.04557045826702501,0.05500000000000003,0.10700000000000005,5000,0.2948426076016621,0.07245427753123984,0.25071668071610625,0.3361430994519062,5000,0.3094022465465823,0.10543900328522246,0.24818132832630369,0.3750965227499501,5000,0.01455963894492015,0.1151917126771713,-0.05027172756760555,0.08375731111043995,5000,0.040500000000000036,0.022785229133512514,0.02748750000000003,0.05400000000000005,5000,0.033500000000000016,0.029064105391740903,0.017000000000000015,0.05100000000000001,5000,0.06700000000000002,0.05812821078348181,0.034999999999999996,0.10200000000000002,5000,0.392,0.15324635214074248,0.29900000000000004,0.48,5000,0.32499999999999996,0.10058164179743072,0.262975,0.381,5000,0.0,0.0,0.0,0.0,5000,0.0,0.0,0.0,0.0,5000,sample_sd,95% percentile bootstrap over paired_simulator_seeds_within_fixed_target,paired_simulator_seeds_within_fixed_target,5000
MNIST_QNN_eff_su2_r1_d2_s45,eff_su2_r1_d2,45,low_risk_anchor,eff_su2,1,2,noisy_shot,128,loss,ibm_kingston,True,10,-0.092,0.026161889160464757,-0.10799999999999998,-0.07700000000000003,5000,-0.17300000000000004,0.04217687623436438,-0.19702500000000006,-0.14900000000000002,5000,0.08100000000000003,0.04557045826702501,0.055000000000000035,0.10800000000000005,5000,0.2948426076016621,0.07245427753123984,0.25306239217895776,0.3377553903983208,5000,0.3094022465465823,0.10543900328522246,0.2501774774570498,0.3722116564318929,5000,0.01455963894492015,0.1151917126771713,-0.05212919204011121,0.08661286997172718,5000,0.02374000000000005,0.029216327246554756,0.00689850000000005,0.040410500000000016,5000,0.036500000000000005,0.03993397328368693,0.013000000000000006,0.060499999999999984,5000,0.07300000000000002,0.07986794656737388,0.027000000000000024,0.12002499999999967,5000,-0.053000000000000005,0.13840761058072876,-0.12999999999999998,0.03,5000,-0.12600000000000003,0.16741166825125023,-0.22000000000000003,-0.028000000000000004,5000,0.006999999999999999,0.022135943621178655,-0.006000000000000001,0.02,5000,0.013000000000000006,0.024966644414765343,-0.001999999999999995,0.027000000000000007,5000,sample_sd,95% percentile bootstrap over paired_simulator_seeds_within_fixed_target,paired_simulator_seeds_within_fixed_target,5000
MNIST_QNN_eff_su2_r1_d2_s45,eff_su2_r1_d2,45,low_risk_anchor,eff_su2,1,2,noisy_shot,512,confidence,ibm_kingston,True,10,-0.014000000000000012,0.03204163957519447,-0.03300000000000003,0.0050000000000000044,5000,-0.08800000000000005,0.042110964526276676,-0.11400000000000006,-0.06500000000000003,5000,0.07400000000000004,0.05378971401051817,0.03900000000000002,0.10300000000000002,5000,0.1354479113668203,0.03441919629121204,0.11636097369514754,0.15596260728470512,5000,0.09978152289194983,0.050363463021740836,0.07427995310849504,0.13294613859988744,5000,-0.03566638847487049,0.07329361586736811,-0.07897702633145387,0.009472669501794718,5000,0.027430000000000027,0.023505368181190714,0.013799000000000035,0.04211050000000003,5000,0.05700000000000003,0.02926886855802026,0.03900000000000002,0.07300000000000004,5000,0.11400000000000002,0.05853773711604051,0.077,0.146,5000,0.12999999999999998,0.1577621275493231,0.03897500000000001,0.22102499999999964,5000,0.015999999999999993,0.1745597637232335,-0.08600000000000001,0.119,5000,0.003999999999999998,0.020110804171997808,-0.007000000000000002,0.016,5000,0.028000000000000004,0.025298221281347035,0.013000000000000006,0.043000000000000003,5000,sample_sd,95% percentile bootstrap over paired_simulator_seeds_within_fixed_target,paired_simulator_seeds_within_fixed_target,5000
MNIST_QNN_eff_su2_r1_d2_s45,eff_su2_r1_d2,45,low_risk_anchor,eff_su2,1,2,noisy_shot,512,correctness,ibm_kingston,True,10,-0.014000000000000012,0.03204163957519447,-0.03300000000000003,0.0040000000000000036,5000,-0.08800000000000005,0.042110964526276676,-0.11300000000000006,-0.06500000000000003,5000,0.07400000000000004,0.05378971401051817,0.040000000000000015,0.10300000000000006,5000,0.1354479113668203,0.03441919629121204,0.11652791923853802,0.1572137584270734,5000,0.09978152289194983,0.050363463021740836,0.07461167864550365,0.13343060011180344,5000,-0.03566638847487049,0.07329361586736811,-0.07785590832509919,0.008633987947035295,5000,0.03700000000000001,0.02689485700525909,0.019500000000000007,0.05150000000000001,5000,0.03450000000000004,0.03183725979275089,0.016500000000000025,0.05300000000000005,5000,0.06900000000000002,0.06367451958550174,0.032000000000000015,0.10700000000000005,5000,0.42699999999999994,0.2478821404529894,0.269,0.5589999999999999,5000,0.35799999999999993,0.21175457492106278,0.22399999999999998,0.46299999999999997,5000,0.0,0.0,0.0,0.0,5000,0.0,0.0,0.0,0.0,5000,sample_sd,95% percentile bootstrap over paired_simulator_seeds_within_fixed_target,paired_simulator_seeds_within_fixed_target,5000
MNIST_QNN_eff_su2_r1_d2_s45,eff_su2_r1_d2,45,low_risk_anchor,eff_su2,1,2,noisy_shot,512,loss,ibm_kingston,True,10,-0.014000000000000012,0.03204163957519447,-0.03300000000000003,0.0050000000000000044,5000,-0.08800000000000005,0.042110964526276676,-0.11400000000000003,-0.06400000000000004,5000,0.07400000000000004,0.05378971401051817,0.040000000000000015,0.10200000000000005,5000,0.1354479113668203,0.03441919629121204,0.11638295717801081,0.15648883984406126,5000,0.09978152289194983,0.050363463021740836,0.07472604330980681,0.1354408293848275,5000,-0.03566638847487049,0.07329361586736811,-0.07712762970309708,0.010236874988750755,5000,0.014750000000000008,0.02532887022088957,0.0005897499999999909,0.030102249999999973,5000,0.037500000000000026,0.033103373443402015,0.017500000000000033,0.056500000000000036,5000,0.07500000000000002,0.066206746886804,0.03500000000000005,0.11300000000000003,5000,-0.10999999999999996,0.1491457154746473,-0.20099999999999998,-0.024999999999999967,5000,-0.185,0.1499073788117924,-0.274,-0.101,5000,0.003999999999999998,0.020110804171997808,-0.007000000000000004,0.015999999999999997,5000,0.028000000000000004,0.02820559440174157,0.012000000000000007,0.045000000000000005,5000,sample_sd,95% percentile bootstrap over paired_simulator_seeds_within_fixed_target,paired_simulator_seeds_within_fixed_target,5000
MNIST_QNN_eff_su2_r1_d2_s45,eff_su2_r1_d2,45,low_risk_anchor,eff_su2,1,2,noisy_shot,1024,confidence,ibm_kingston,True,10,-0.006000000000000005,0.028751811537130457,-0.02300000000000002,0.010000000000000009,5000,-0.05400000000000005,0.0295145914949049,-0.07100000000000006,-0.03600000000000003,5000,0.04800000000000004,0.036453928305312876,0.027000000000000024,0.07000000000000006,5000,0.09341010910179463,0.027931615868604175,0.0772083241601707,0.10932405024995093,5000,0.04660394221404566,0.02078176441737985,0.034745468743355004,0.05886479917389803,5000,-0.04680616688774898,0.039595723545124556,-0.07196548431537812,-0.02499533440640663,5000,0.009570000000000033,0.013028946405770672,0.001969750000000033,0.01708025000000003,5000,0.02700000000000004,0.02347575581554534,0.01350000000000005,0.04100000000000005,5000,0.05400000000000001,0.046951511631090695,0.026000000000000016,0.08200000000000002,5000,0.12,0.10790942704159098,0.06100000000000001,0.188,5000,0.06599999999999999,0.10823841996054615,0.005999999999999994,0.13002499999999964,5000,-1.3877787807814458e-18,0.021081851067789197,-0.013000000000000001,0.012,5000,-0.001999999999999995,0.030477678535099896,-0.019999999999999997,0.016000000000000007,5000,sample_sd,95% percentile bootstrap over paired_simulator_seeds_within_fixed_target,paired_simulator_seeds_within_fixed_target,5000
MNIST_QNN_eff_su2_r1_d2_s45,eff_su2_r1_d2,45,low_risk_anchor,eff_su2,1,2,noisy_shot,1024,correctness,ibm_kingston,True,10,-0.006000000000000005,0.028751811537130457,-0.02300000000000002,0.010000000000000009,5000,-0.05400000000000005,0.0295145914949049,-0.07100000000000006,-0.03600000000000003,5000,0.04800000000000004,0.036453928305312876,0.027000000000000024,0.07000000000000006,5000,0.09341010910179463,0.027931615868604175,0.07641779430028979,0.10987019055902489,5000,0.04660394221404566,0.02078176441737985,0.034819273923430566,0.058501300541521015,5000,-0.04680616688774898,0.039595723545124556,-0.07127138231275601,-0.02457680463546421,5000,0.02400000000000002,0.018226964152656438,0.013500000000000012,0.03500000000000003,5000,0.015000000000000013,0.022110831935702686,0.004500000000000004,0.029500000000000026,5000,0.030000000000000016,0.04422166387140535,0.008000000000000012,0.05900000000000003,5000,0.317,0.2310387172940693,0.181,0.454,5000,0.287,0.1982731000973713,0.16599999999999998,0.4010249999999996,5000,0.0,0.0,0.0,0.0,5000,0.0,0.0,0.0,0.0,5000,sample_sd,95% percentile bootstrap over paired_simulator_seeds_within_fixed_target,paired_simulator_seeds_within_fixed_target,5000
MNIST_QNN_eff_su2_r1_d2_s45,eff_su2_r1_d2,45,low_risk_anchor,eff_su2,1,2,noisy_shot,1024,loss,ibm_kingston,True,10,-0.006000000000000005,0.028751811537130457,-0.02300000000000002,0.010000000000000009,5000,-0.05400000000000005,0.0295145914949049,-0.07100000000000006,-0.03600000000000003,5000,0.04800000000000004,0.036453928305312876,0.027000000000000024,0.07000000000000006,5000,0.09341010910179463,0.027931615868604175,0.07708273945173712,0.10990920331201047,5000,0.04660394221404566,0.02078176441737985,0.03471374379793411,0.05896480301395057,5000,-0.04680616688774898,0.039595723545124556,-0.07065533131450648,-0.02497498440055641,5000,0.00023999999999998466,0.015565717315805123,-0.008990249999999998,0.009030249999999969,5000,0.001999999999999996,0.0360709178024501,-0.018000000000000006,0.025,5000,0.004000000000000015,0.0721418356049002,-0.03499999999999999,0.04800000000000002,5000,-0.087,0.10446158251827425,-0.14899999999999997,-0.026000000000000002,5000,-0.09100000000000001,0.11873874215642041,-0.15499999999999997,-0.01597500000000036,5000,-1.3877787807814458e-18,0.021081851067789197,-0.013000000000000001,0.012,5000,-0.001999999999999995,0.030477678535099896,-0.02099999999999999,0.015000000000000008,5000,sample_sd,95% percentile bootstrap over paired_simulator_seeds_within_fixed_target,paired_simulator_seeds_within_fixed_target,5000
MNIST_QNN_eff_su2_r5_d2_s43,eff_su2_r5_d2,43,corrected_eff_su2_repetition_control,eff_su2,5,2,ideal_shot,128,confidence,ibm_kingston,False,10,-0.12400000000000003,0.03864367132317187,-0.14700000000000002,-0.10199999999999998,5000,-0.09500000000000007,0.02718251071716683,-0.10900000000000007,-0.07800000000000006,5000,-0.028999999999999925,0.05445691467165175,-0.06099999999999994,0.002000000000000113,5000,0.2518832724535842,0.08124833659104984,0.20625555108366886,0.300274469216336,5000,0.2716642062494011,0.05746866476467618,0.23521048012105408,0.3040348484981445,5000,0.019780933795816906,0.10142573413727843,-0.040049645756100656,0.07728602671722698,5000,0.00466999999999998,0.03358680461795144,-0.01579000000000002,0.023580499999999997,5000,0.07850000000000001,0.017004901254246287,0.06799999999999999,0.088,5000,0.15699999999999997,0.034009802508492545,0.13500000000000006,0.17500000000000002,5000,-0.094,0.20451568806980716,-0.21799999999999997,0.019000000000000024,5000,-0.251,0.2089896329167231,-0.376025,-0.13099999999999998,5000,0.035,0.030276503540974917,0.017,0.052000000000000005,5000,-0.028000000000000008,0.04237399621885521,-0.05300000000000001,-0.004000000000000006,5000,sample_sd,95% percentile bootstrap over paired_simulator_seeds_within_fixed_target,paired_simulator_seeds_within_fixed_target,5000
MNIST_QNN_eff_su2_r5_d2_s43,eff_su2_r5_d2,43,corrected_eff_su2_repetition_control,eff_su2,5,2,ideal_shot,128,correctness,ibm_kingston,False,10,-0.12400000000000003,0.03864367132317187,-0.14600000000000005,-0.10199999999999998,5000,-0.09500000000000007,0.02718251071716683,-0.10900000000000007,-0.07700000000000007,5000,-0.028999999999999925,0.05445691467165175,-0.06099999999999994,0.0020000000000001015,5000,0.2518832724535842,0.08124833659104984,0.2068406050778688,0.3012416565226884,5000,0.2716642062494011,0.05746866476467618,0.23590857757166991,0.30297648358736584,5000,0.019780933795816906,0.10142573413727843,-0.0412806542824053,0.07898043763289922,5000,-0.014500000000000023,0.027228457335825868,-0.030500000000000027,0.0014999999999999682,5000,-0.023500000000000014,0.03582751890811186,-0.045000000000000026,-0.002999999999999997,5000,-0.04699999999999992,0.07165503781622369,-0.08999999999999993,-0.005999999999999906,5000,-0.327,0.2852698527515463,-0.501,-0.16899999999999998,5000,-0.28,0.2319961685507375,-0.43000000000000005,-0.15797500000000042,5000,0.0,0.0,0.0,0.0,5000,0.0,0.0,0.0,0.0,5000,sample_sd,95% percentile bootstrap over paired_simulator_seeds_within_fixed_target,paired_simulator_seeds_within_fixed_target,5000
MNIST_QNN_eff_su2_r5_d2_s43,eff_su2_r5_d2,43,corrected_eff_su2_repetition_control,eff_su2,5,2,ideal_shot,128,loss,ibm_kingston,False,10,-0.12400000000000003,0.03864367132317187,-0.14600000000000005,-0.10099999999999998,5000,-0.09500000000000007,0.02718251071716683,-0.10900000000000007,-0.07700000000000005,5000,-0.028999999999999925,0.05445691467165175,-0.061999999999999944,0.0030000000000000916,5000,0.2518832724535842,0.08124833659104984,0.20619397472093529,0.29992770766741444,5000,0.2716642062494011,0.05746866476467618,0.2366496348142904,0.3031026162071572,5000,0.019780933795816906,0.10142573413727843,-0.04097398666217352,0.07773780797979067,5000,0.0031700000000000005,0.02916996362318228,-0.014019999999999994,0.02008049999999997,5000,0.008000000000000007,0.026583202716502538,-0.007500000000000007,0.02300000000000002,5000,0.01599999999999997,0.05316640543300501,-0.016000000000000014,0.04599999999999995,5000,-0.16200000000000003,0.1403012631605448,-0.24100000000000002,-0.07900000000000003,5000,-0.178,0.13546627296530717,-0.255,-0.096,5000,0.036000000000000004,0.029514591494904877,0.018000000000000006,0.053000000000000005,5000,-0.02899999999999999,0.041486276177925524,-0.05399999999999999,-0.006999999999999991,5000,sample_sd,95% percentile bootstrap over paired_simulator_seeds_within_fixed_target,paired_simulator_seeds_within_fixed_target,5000
MNIST_QNN_eff_su2_r5_d2_s43,eff_su2_r5_d2,43,corrected_eff_su2_repetition_control,eff_su2,5,2,ideal_shot,512,confidence,ibm_kingston,False,10,-0.04300000000000002,0.0216281709300111,-0.055000000000000035,-0.031000000000000017,5000,-0.020000000000000028,0.02905932629027116,-0.03600000000000003,-0.002000000000000035,5000,-0.022999999999999986,0.042439499421071274,-0.04799999999999997,0.0010000000000000009,5000,0.0700222432167866,0.03425836400449833,0.04862897766452945,0.08840635669299736,5000,0.06882367106087621,0.039377328822073634,0.045201958362832376,0.09227047681311955,5000,-0.0011985721559103935,0.04840655644295922,-0.03148314636079413,0.02578470888485351,5000,0.00227999999999996,0.01558573421790299,-0.006280250000000052,0.011420999999999971,5000,0.055499999999999994,0.028230204470468253,0.03949999999999998,0.073,5000,0.11099999999999999,0.056460408940936464,0.07999999999999999,0.146,5000,0.092,0.1373398056727263,0.011000000000000015,0.16899999999999998,5000,-0.01899999999999998,0.1422400162479681,-0.10299999999999998,0.06400000000000003,5000,0.028000000000000004,0.028596814119369623,0.012000000000000002,0.046,5000,-0.030000000000000016,0.02494438257849295,-0.04500000000000002,-0.016000000000000007,5000,sample_sd,95% percentile bootstrap over paired_simulator_seeds_within_fixed_target,paired_simulator_seeds_within_fixed_target,5000
MNIST_QNN_eff_su2_r5_d2_s43,eff_su2_r5_d2,43,corrected_eff_su2_repetition_control,eff_su2,5,2,ideal_shot,512,correctness,ibm_kingston,False,10,-0.04300000000000002,0.0216281709300111,-0.055000000000000014,-0.030000000000000027,5000,-0.020000000000000028,0.02905932629027116,-0.03700000000000003,-0.002000000000000046,5000,-0.022999999999999986,0.042439499421071274,-0.04899999999999995,0.0010000000000000009,5000,0.0700222432167866,0.03425836400449833,0.048030372697425106,0.08869553160897949,5000,0.06882367106087621,0.039377328822073634,0.04602147836352632,0.09262762810593994,5000,-0.0011985721559103935,0.04840655644295922,-0.03214241928541189,0.02530195865664857,5000,-0.011500000000000038,0.021219749710535633,-0.024500000000000022,-4.4408920985006264e-17,5000,-0.02050000000000003,0.03174989063848184,-0.040000000000000036,-0.002000000000000013,5000,-0.04099999999999999,0.06349978127696364,-0.07999999999999999,-0.0049999999999999906,5000,-0.21600000000000003,0.2726087958147271,-0.39005,-0.07100000000000002,5000,-0.17500000000000002,0.2161403864775546,-0.313,-0.06097500000000038,5000,0.0,0.0,0.0,0.0,5000,0.0,0.0,0.0,0.0,5000,sample_sd,95% percentile bootstrap over paired_simulator_seeds_within_fixed_target,paired_simulator_seeds_within_fixed_target,5000
MNIST_QNN_eff_su2_r5_d2_s43,eff_su2_r5_d2,43,corrected_eff_su2_repetition_control,eff_su2,5,2,ideal_shot,512,loss,ibm_kingston,False,10,-0.04300000000000002,0.0216281709300111,-0.05599999999999998,-0.030000000000000027,5000,-0.020000000000000028,0.02905932629027116,-0.036000000000000046,-0.002000000000000024,5000,-0.022999999999999986,0.042439499421071274,-0.048999999999999974,1.1102230246251566e-17,5000,0.0700222432167866,0.03425836400449833,0.04912838249407635,0.08845568158554289,5000,0.06882367106087621,0.039377328822073634,0.04491148176000242,0.09181117410533259,5000,-0.0011985721559103935,0.04840655644295922,-0.03133283445806302,0.02532292324675941,5000,0.0013800000000000257,0.016713321366835225,-0.008189999999999975,0.011400500000000004,5000,0.0115,0.02108843811718218,-0.0005000000000000004,0.024499999999999977,5000,0.022999999999999955,0.042176876234364356,-0.002000000000000035,0.047999999999999966,5000,-0.10700000000000003,0.06395310782127792,-0.14402500000000004,-0.07200000000000004,5000,-0.12999999999999998,0.08393118874676113,-0.177,-0.08099999999999997,5000,0.031000000000000007,0.02726414006223804,0.016000000000000004,0.048,5000,-0.021999999999999992,0.031552425509864625,-0.041999999999999996,-0.004999999999999988,5000,sample_sd,95% percentile bootstrap over paired_simulator_seeds_within_fixed_target,paired_simulator_seeds_within_fixed_target,5000
MNIST_QNN_eff_su2_r5_d2_s43,eff_su2_r5_d2,43,corrected_eff_su2_repetition_control,eff_su2,5,2,ideal_shot,1024,confidence,ibm_kingston,False,10,-0.02100000000000002,0.020789954839350252,-0.03300000000000003,-0.008975000000000372,5000,-0.01100000000000002,0.015951314818673856,-0.020000000000000018,-0.001000000000000023,5000,-0.009999999999999998,0.031972210155418145,-0.029000000000000015,0.009000000000000008,5000,0.031671794855530636,0.021525855890852215,0.018832831485258085,0.04435408126394617,5000,0.029352563696331314,0.03110426108658927,0.011621670628202218,0.047582020688908155,5000,-0.0023192311591993197,0.03771928733221843,-0.0262366987908882,0.01756460736404581,5000,0.0018499999999999684,0.017117973010844494,-0.008151000000000023,0.012320749999999958,5000,0.0475,0.033767999315591324,0.02850000000000002,0.06799999999999998,5000,0.095,0.0675359986311827,0.057999999999999996,0.136,5000,0.020000000000000025,0.17352553446427157,-0.08099999999999997,0.12400000000000003,5000,-0.07499999999999998,0.14630637564903165,-0.16399999999999998,0.00900000000000003,5000,0.014000000000000002,0.01837873166945363,0.0030000000000000022,0.025000000000000005,5000,-0.04700000000000001,0.031640339933558095,-0.06500000000000002,-0.02900000000000001,5000,sample_sd,95% percentile bootstrap over paired_simulator_seeds_within_fixed_target,paired_simulator_seeds_within_fixed_target,5000
MNIST_QNN_eff_su2_r5_d2_s43,eff_su2_r5_d2,43,corrected_eff_su2_repetition_control,eff_su2,5,2,ideal_shot,1024,correctness,ibm_kingston,False,10,-0.02100000000000002,0.020789954839350252,-0.03300000000000003,-0.009000000000000008,5000,-0.01100000000000002,0.015951314818673856,-0.020000000000000018,-0.0010000000000000343,5000,-0.009999999999999998,0.031972210155418145,-0.029000000000000015,0.008000000000000018,5000,0.031671794855530636,0.021525855890852215,0.019025310347499932,0.04423519511560736,5000,0.029352563696331314,0.03110426108658927,0.01124861783429365,0.047938382503399,5000,-0.0023192311591993197,0.03771928733221843,-0.02700898134719943,0.01751895027469067,5000,-0.005000000000000027,0.01598610507770908,-0.014500000000000013,0.003999999999999992,5000,-0.009500000000000008,0.023973364849812454,-0.025000000000000022,0.003500000000000003,5000,-0.018999999999999996,0.047946729699624865,-0.04899999999999999,0.007000000000000006,5000,-0.07300000000000001,0.12815355372885034,-0.15999999999999998,-0.01100000000000001,5000,-0.05400000000000001,0.08604908160140028,-0.11000000000000001,-0.015000000000000013,5000,0.0,0.0,0.0,0.0,5000,0.0,0.0,0.0,0.0,5000,sample_sd,95% percentile bootstrap over paired_simulator_seeds_within_fixed_target,paired_simulator_seeds_within_fixed_target,5000
MNIST_QNN_eff_su2_r5_d2_s43,eff_su2_r5_d2,43,corrected_eff_su2_repetition_control,eff_su2,5,2,ideal_shot,1024,loss,ibm_kingston,False,10,-0.02100000000000002,0.020789954839350252,-0.03300000000000003,-0.009000000000000008,5000,-0.01100000000000002,0.015951314818673856,-0.020000000000000018,-0.0010000000000000343,5000,-0.009999999999999998,0.031972210155418145,-0.02899999999999998,0.009000000000000008,5000,0.031671794855530636,0.021525855890852215,0.019046937440623177,0.04423514830414208,5000,0.029352563696331314,0.03110426108658927,0.010777705612976545,0.04786324705587755,5000,-0.0023192311591993197,0.03771928733221843,-0.026474264734126046,0.017133529399970156,5000,0.00027000000000002575,0.0103557874318341,-0.005220249999999948,0.0069799999999999975,5000,0.007999999999999997,0.019888578520235067,-0.003500000000000003,0.020000000000000007,5000,0.015999999999999976,0.03977715704047013,-0.007000000000000039,0.03999999999999999,5000,-0.08700000000000001,0.12596736790843005,-0.158,-0.009000000000000018,5000,-0.10299999999999998,0.13030306553910728,-0.17899999999999996,-0.02899999999999999,5000,0.022000000000000002,0.020439612955674525,0.010000000000000002,0.033024999999999645,5000,-0.045999999999999985,0.03272783388968954,-0.06599999999999999,-0.02799999999999999,5000,sample_sd,95% percentile bootstrap over paired_simulator_seeds_within_fixed_target,paired_simulator_seeds_within_fixed_target,5000
MNIST_QNN_eff_su2_r5_d2_s43,eff_su2_r5_d2,43,corrected_eff_su2_repetition_control,eff_su2,5,2,noisy_shot,128,confidence,ibm_kingston,True,10,-0.185,0.03064129385141704,-0.20400000000000001,-0.168,5000,-0.14700000000000005,0.05121848624601604,-0.17700000000000005,-0.11600000000000006,5000,-0.037999999999999964,0.05533734925185901,-0.07299999999999994,-0.007999999999999974,5000,0.4155563035936357,0.10367937662788254,0.3541385423229632,0.47523489348442716,5000,0.3191193302666507,0.10164999727988074,0.262169482875619,0.37893356320372235,5000,-0.09643697332698506,0.14077096693189117,-0.17835270000219172,-0.013335191355486546,5000,-0.0049300000000000455,0.04331884501384282,-0.029152750000000047,0.021830249999999964,5000,0.057499999999999996,0.034980153103025616,0.038,0.08000000000000003,5000,0.11499999999999999,0.06996030620605118,0.07700000000000001,0.158,5000,0.017000000000000026,0.19630192165244956,-0.095025,0.132,5000,-0.09799999999999998,0.19360899887258454,-0.209,0.016000000000000014,5000,0.021,0.025144029554194813,0.006000000000000002,0.036,5000,-0.04600000000000002,0.04376706016578627,-0.07000000000000002,-0.01800000000000001,5000,sample_sd,95% percentile bootstrap over paired_simulator_seeds_within_fixed_target,paired_simulator_seeds_within_fixed_target,5000
MNIST_QNN_eff_su2_r5_d2_s43,eff_su2_r5_d2,43,corrected_eff_su2_repetition_control,eff_su2,5,2,noisy_shot,128,correctness,ibm_kingston,True,10,-0.185,0.03064129385141704,-0.203,-0.16799999999999998,5000,-0.14700000000000005,0.05121848624601604,-0.17700000000000005,-0.11700000000000003,5000,-0.037999999999999964,0.05533734925185901,-0.07199999999999997,-0.007999999999999962,5000,0.4155563035936357,0.10367937662788254,0.3547685808660499,0.4770269809356705,5000,0.3191193302666507,0.10164999727988074,0.26074538500805955,0.3822741945058212,5000,-0.09643697332698506,0.14077096693189117,-0.1796821489950315,-0.016626785243495836,5000,-0.019000000000000017,0.02766867462592951,-0.03600000000000003,-0.004000000000000015,5000,-0.019500000000000038,0.025652593544426564,-0.035000000000000045,-0.005000000000000037,5000,-0.038999999999999965,0.05130518708885313,-0.06899999999999998,-0.009999999999999992,5000,-0.396,0.3167964646267379,-0.593,-0.23897500000000033,5000,-0.35700000000000004,0.2768894685208843,-0.532,-0.20897500000000035,5000,0.0,0.0,0.0,0.0,5000,0.0,0.0,0.0,0.0,5000,sample_sd,95% percentile bootstrap over paired_simulator_seeds_within_fixed_target,paired_simulator_seeds_within_fixed_target,5000
MNIST_QNN_eff_su2_r5_d2_s43,eff_su2_r5_d2,43,corrected_eff_su2_repetition_control,eff_su2,5,2,noisy_shot,128,loss,ibm_kingston,True,10,-0.185,0.03064129385141704,-0.20299999999999999,-0.16700000000000004,5000,-0.14700000000000005,0.05121848624601604,-0.17800000000000007,-0.11700000000000003,5000,-0.037999999999999964,0.05533734925185901,-0.07099999999999997,-0.007999999999999974,5000,0.4155563035936357,0.10367937662788254,0.3550342717061369,0.4756569708986314,5000,0.3191193302666507,0.10164999727988074,0.2613691017409046,0.3816151808093885,5000,-0.09643697332698506,0.14077096693189117,-0.17965534369868608,-0.017336638202567964,5000,-0.016369999999999975,0.03810439023991272,-0.037850499999999974,0.006580750000000008,5000,0.006999999999999984,0.03720812336633555,-0.016000000000000014,0.02749999999999999,5000,0.013999999999999967,0.07441624673267108,-0.03100000000000005,0.05499999999999996,5000,-0.17400000000000002,0.15707040176656809,-0.266025,-0.08100000000000004,5000,-0.188,0.16962704186931202,-0.288,-0.09,5000,0.027000000000000003,0.031287200080686174,0.009000000000000003,0.045000000000000005,5000,-0.03799999999999999,0.043410188256265886,-0.06200000000000001,-0.01099999999999999,5000,sample_sd,95% percentile bootstrap over paired_simulator_seeds_within_fixed_target,paired_simulator_seeds_within_fixed_target,5000
MNIST_QNN_eff_su2_r5_d2_s43,eff_su2_r5_d2,43,corrected_eff_su2_repetition_control,eff_su2,5,2,noisy_shot,512,confidence,ibm_kingston,True,10,-0.065,0.02758824226207806,-0.08099999999999999,-0.04900000000000001,5000,-0.03500000000000003,0.02415229457698242,-0.049000000000000044,-0.02100000000000002,5000,-0.02999999999999997,0.04,-0.05399999999999996,-0.006999999999999973,5000,0.1568706574390526,0.03414676326213751,0.13555540660231635,0.17636236162451827,5000,0.06903931322717108,0.03668103115816942,0.04648618533075933,0.08952059163901577,5000,-0.08783134421188155,0.03784047767711486,-0.10973624310124434,-0.06523293808359451,5000,-0.012520000000000042,0.028346577296817426,-0.029150000000000027,0.00424124999999997,5000,0.05349999999999999,0.03644249656041084,0.033499999999999995,0.07549999999999998,5000,0.10699999999999998,0.07288499312082167,0.06800000000000002,0.15299999999999997,5000,0.007000000000000011,0.2592317710295386,-0.13899999999999998,0.1610249999999997,5000,-0.1,0.22612680808195507,-0.23099999999999996,0.03402499999999965,5000,0.021,0.01728840330651992,0.011000000000000001,0.031000000000000007,5000,-0.028000000000000004,0.03425395354310701,-0.049,-0.009000000000000005,5000,sample_sd,95% percentile bootstrap over paired_simulator_seeds_within_fixed_target,paired_simulator_seeds_within_fixed_target,5000
MNIST_QNN_eff_su2_r5_d2_s43,eff_su2_r5_d2,43,corrected_eff_su2_repetition_control,eff_su2,5,2,noisy_shot,512,correctness,ibm_kingston,True,10,-0.065,0.02758824226207806,-0.081,-0.04900000000000001,5000,-0.03500000000000003,0.02415229457698242,-0.050000000000000044,-0.02100000000000002,5000,-0.02999999999999997,0.04,-0.05399999999999997,-0.006999999999999973,5000,0.1568706574390526,0.03414676326213751,0.13611849732248815,0.1759019203969394,5000,0.06903931322717108,0.03668103115816942,0.047446117148749176,0.0897629766949423,5000,-0.08783134421188155,0.03784047767711486,-0.11018605589090735,-0.06490606076104165,5000,-0.015000000000000046,0.02000000000000001,-0.026500000000000044,-0.0035000000000000586,5000,-0.02000000000000004,0.025819888974716106,-0.035000000000000045,-0.005000000000000049,5000,-0.039999999999999966,0.05163977794943222,-0.07099999999999997,-0.010999999999999954,5000,-0.197,0.2593603242166731,-0.368,-0.06200000000000001,5000,-0.15700000000000003,0.2168998744940982,-0.2960250000000001,-0.04700000000000004,5000,0.0,0.0,0.0,0.0,5000,0.0,0.0,0.0,0.0,5000,sample_sd,95% percentile bootstrap over paired_simulator_seeds_within_fixed_target,paired_simulator_seeds_within_fixed_target,5000
MNIST_QNN_eff_su2_r5_d2_s43,eff_su2_r5_d2,43,corrected_eff_su2_repetition_control,eff_su2,5,2,noisy_shot,512,loss,ibm_kingston,True,10,-0.065,0.02758824226207806,-0.08099999999999999,-0.04800000000000002,5000,-0.03500000000000003,0.02415229457698242,-0.049000000000000044,-0.02100000000000002,5000,-0.02999999999999997,0.04,-0.05399999999999997,-0.005999999999999994,5000,0.1568706574390526,0.03414676326213751,0.13600138531592093,0.17642378643851406,5000,0.06903931322717108,0.03668103115816942,0.046635195007000585,0.09036755018698601,5000,-0.08783134421188155,0.03784047767711486,-0.1091815463262625,-0.06504954365108429,5000,-0.01840999999999997,0.02007936751991953,-0.03018999999999996,-0.006469250000000015,5000,-0.0010000000000000065,0.03642343567906063,-0.022500000000000003,0.020499999999999997,5000,-0.002000000000000024,0.07284687135812126,-0.043000000000000024,0.04199999999999997,5000,-0.09700000000000002,0.17172652678022696,-0.20099999999999998,0.00099999999999999,5000,-0.09499999999999999,0.14041604846550365,-0.17699999999999996,-0.012999999999999966,5000,0.033,0.02496664441476534,0.018000000000000002,0.048,5000,-0.029999999999999992,0.03333333333333333,-0.04999999999999999,-0.01099999999999999,5000,sample_sd,95% percentile bootstrap over paired_simulator_seeds_within_fixed_target,paired_simulator_seeds_within_fixed_target,5000
MNIST_QNN_eff_su2_r5_d2_s43,eff_su2_r5_d2,43,corrected_eff_su2_repetition_control,eff_su2,5,2,noisy_shot,1024,confidence,ibm_kingston,True,10,-0.04300000000000002,0.02451756739791104,-0.05800000000000002,-0.029000000000000026,5000,-0.02300000000000002,0.019465068427541928,-0.03500000000000003,-0.01200000000000001,5000,-0.019999999999999997,0.0339934634239519,-0.04102500000000001,-0.0010000000000000009,5000,0.11128352611092854,0.02063794110682317,0.09832449566693979,0.12263459133237484,5000,0.04343593546829647,0.033121098532678035,0.023152286740648502,0.06281495935442505,5000,-0.06784759064263206,0.03222867776727668,-0.08787327518277169,-0.05067583023952619,5000,-0.012060000000000065,0.016397777627200318,-0.02189000000000007,-0.0024400000000000754,5000,0.035,0.024037008503093257,0.02100000000000001,0.048499999999999995,5000,0.07000000000000003,0.048074017006186534,0.04200000000000002,0.09800000000000002,5000,-0.032999999999999974,0.14787757699454565,-0.11799999999999997,0.05700000000000003,5000,-0.10299999999999998,0.1450708639098684,-0.19,-0.02200000000000002,5000,0.025,0.01957890020745122,0.013000000000000003,0.03600000000000001,5000,-0.04600000000000001,0.0211869981094276,-0.05800000000000001,-0.03400000000000001,5000,sample_sd,95% percentile bootstrap over paired_simulator_seeds_within_fixed_target,paired_simulator_seeds_within_fixed_target,5000
MNIST_QNN_eff_su2_r5_d2_s43,eff_su2_r5_d2,43,corrected_eff_su2_repetition_control,eff_su2,5,2,noisy_shot,1024,correctness,ibm_kingston,True,10,-0.04300000000000002,0.02451756739791104,-0.057999999999999996,-0.029000000000000026,5000,-0.02300000000000002,0.019465068427541928,-0.03500000000000003,-0.011975000000000374,5000,-0.019999999999999997,0.0339934634239519,-0.040999999999999995,-0.0010000000000000009,5000,0.11128352611092854,0.02063794110682317,0.09877556712052901,0.12293200139629772,5000,0.04343593546829647,0.033121098532678035,0.02432806998039591,0.06225805782313103,5000,-0.06784759064263206,0.03222867776727668,-0.08898687444062386,-0.05056629275740422,5000,-0.010000000000000042,0.016996731711975965,-0.02100000000000003,-0.0005000000000000337,5000,-0.017500000000000026,0.02637865298557404,-0.033500000000000044,-0.0025000000000000135,5000,-0.03499999999999998,0.05275730597114803,-0.06699999999999998,-0.005999999999999994,5000,-0.13,0.16041612554021287,-0.22699999999999995,-0.042,5000,-0.09500000000000003,0.11147994338793762,-0.16600000000000004,-0.03600000000000002,5000,0.0,0.0,0.0,0.0,5000,0.0,0.0,0.0,0.0,5000,sample_sd,95% percentile bootstrap over paired_simulator_seeds_within_fixed_target,paired_simulator_seeds_within_fixed_target,5000
MNIST_QNN_eff_su2_r5_d2_s43,eff_su2_r5_d2,43,corrected_eff_su2_repetition_control,eff_su2,5,2,noisy_shot,1024,loss,ibm_kingston,True,10,-0.04300000000000002,0.02451756739791104,-0.05800000000000001,-0.029000000000000026,5000,-0.02300000000000002,0.019465068427541928,-0.03500000000000003,-0.01200000000000001,5000,-0.019999999999999997,0.0339934634239519,-0.04099999999999998,-0.0009999999999999898,5000,0.11128352611092854,0.02063794110682317,0.09860566359174557,0.12255040015738633,5000,0.04343593546829647,0.033121098532678035,0.024473681573948067,0.06258695374001393,5000,-0.06784759064263206,0.03222867776727668,-0.08872790703670769,-0.050694153736135984,5000,-0.013259999999999971,0.009033542433004303,-0.01852999999999997,-0.00793974999999993,5000,0.00849999999999999,0.029538110975483856,-0.008999999999999998,0.02599999999999999,5000,0.01699999999999996,0.059076221950967706,-0.019000000000000027,0.051999999999999956,5000,-0.031000000000000017,0.17922363435415295,-0.13799999999999998,0.06602499999999961,5000,-0.04799999999999997,0.14038043548396148,-0.14002499999999998,0.027000000000000014,5000,0.03200000000000001,0.017511900715418263,0.021000000000000008,0.042,5000,-0.048999999999999995,0.019119507199599983,-0.06,-0.03699999999999999,5000,sample_sd,95% percentile bootstrap over paired_simulator_seeds_within_fixed_target,paired_simulator_seeds_within_fixed_target,5000
MNIST_QNN_eff_su2_r5_d2_s44,eff_su2_r5_d2,44,corrected_eff_su2_repetition_control,eff_su2,5,2,ideal_shot,128,confidence,ibm_kingston,False,10,-0.10699999999999998,0.04083843505544475,-0.12999999999999998,-0.08297500000000034,5000,-0.10100000000000005,0.02024845673131655,-0.11300000000000003,-0.09000000000000005,5000,-0.00599999999999995,0.04903513479582211,-0.033999999999999954,0.02300000000000003,5000,0.2493703713026159,0.0824057703186661,0.203500995183279,0.30220197272362687,5000,0.20862683842731347,0.05654821995156401,0.1770068975864066,0.242023773458978,5000,-0.04074353287530243,0.06817162303636046,-0.0837885527831104,-0.00461289101249343,5000,-0.01529999999999998,0.02702060941824468,-0.03154099999999997,-0.00019924999999999926,5000,-0.040000000000000036,0.029999999999999992,-0.05751250000000004,-0.02300000000000003,5000,-0.08,0.059999999999999984,-0.11600000000000002,-0.04600000000000003,5000,-0.01600000000000002,0.12685950233755977,-0.09400000000000001,0.05499999999999998,5000,0.06399999999999999,0.11992590304943392,-0.012000000000000005,0.128,5000,-0.0009999999999999961,0.02558211180579986,-0.016999999999999994,0.013000000000000003,5000,0.028000000000000004,0.046619023298792236,1.3877787807814458e-18,0.05500000000000001,5000,sample_sd,95% percentile bootstrap over paired_simulator_seeds_within_fixed_target,paired_simulator_seeds_within_fixed_target,5000
MNIST_QNN_eff_su2_r5_d2_s44,eff_su2_r5_d2,44,corrected_eff_su2_repetition_control,eff_su2,5,2,ideal_shot,128,correctness,ibm_kingston,False,10,-0.10699999999999998,0.04083843505544475,-0.131,-0.08199999999999999,5000,-0.10100000000000005,0.02024845673131655,-0.11202500000000006,-0.08900000000000007,5000,-0.00599999999999995,0.04903513479582211,-0.03399999999999996,0.02400000000000003,5000,0.2493703713026159,0.0824057703186661,0.20383497242417195,0.3024248103780008,5000,0.20862683842731347,0.05654821995156401,0.17746163008831134,0.24319272878719117,5000,-0.04074353287530243,0.06817162303636046,-0.08290871580829147,-0.0044808004205405495,5000,-0.0029999999999999138,0.02451756739791107,-0.017499999999999905,0.01100000000000011,5000,-0.015500000000000019,0.040582563305494215,-0.04100000000000002,0.007499999999999995,5000,-0.03099999999999995,0.0811651266109884,-0.07999999999999995,0.015000000000000058,5000,-0.219,0.19919002652408746,-0.346,-0.11299999999999999,5000,-0.18800000000000003,0.12263767773404714,-0.26802500000000007,-0.12700000000000006,5000,0.0,0.0,0.0,0.0,5000,0.0,0.0,0.0,0.0,5000,sample_sd,95% percentile bootstrap over paired_simulator_seeds_within_fixed_target,paired_simulator_seeds_within_fixed_target,5000
MNIST_QNN_eff_su2_r5_d2_s44,eff_su2_r5_d2,44,corrected_eff_su2_repetition_control,eff_su2,5,2,ideal_shot,128,loss,ibm_kingston,False,10,-0.10699999999999998,0.04083843505544475,-0.12999999999999998,-0.08299999999999999,5000,-0.10100000000000005,0.02024845673131655,-0.11300000000000003,-0.08900000000000005,5000,-0.00599999999999995,0.04903513479582211,-0.03399999999999996,0.023000000000000055,5000,0.2493703713026159,0.0824057703186661,0.2047810089108234,0.29989564463384594,5000,0.20862683842731347,0.05654821995156401,0.1759007136613913,0.24221032892601835,5000,-0.04074353287530243,0.06817162303636046,-0.08339786255242425,-0.003555700559792429,5000,-0.026119999999999942,0.020322390498057948,-0.03733024999999994,-0.014078999999999972,5000,0.01600000000000002,0.028848262031225088,-0.001512499999999991,0.03250000000000003,5000,0.03199999999999999,0.057696524062450134,-0.002000000000000024,0.06499999999999999,5000,0.06699999999999998,0.16014229783400621,-0.03200000000000004,0.153,5000,0.03499999999999999,0.1345155918265405,-0.04900000000000001,0.10899999999999999,5000,-0.011,0.025144029554194813,-0.026999999999999996,0.0030000000000000014,5000,0.02900000000000001,0.030713731999438516,0.01100000000000001,0.047000000000000014,5000,sample_sd,95% percentile bootstrap over paired_simulator_seeds_within_fixed_target,paired_simulator_seeds_within_fixed_target,5000
MNIST_QNN_eff_su2_r5_d2_s44,eff_su2_r5_d2,44,corrected_eff_su2_repetition_control,eff_su2,5,2,ideal_shot,512,confidence,ibm_kingston,False,10,-0.036,0.023190036174568097,-0.04999999999999997,-0.02200000000000001,5000,-0.04600000000000004,0.013498971154211071,-0.05300000000000005,-0.038000000000000034,5000,0.010000000000000042,0.027080128015453196,-0.0049999999999999715,0.027000000000000034,5000,0.075731825398223,0.023927997124805003,0.06090404666412103,0.08927993815641237,5000,0.04592282705501567,0.028626298267198324,0.030612256430460557,0.06435555012801343,5000,-0.029808998343207334,0.03455284744495329,-0.0493332857572346,-0.007991801792854983,5000,0.001579999999999998,0.02011819519185996,-0.010619999999999985,0.01258999999999999,5000,-0.016500000000000035,0.026462762096534406,-0.03250000000000003,-0.0010000000000000453,5000,-0.033000000000000015,0.05292552419306882,-0.06400000000000003,-0.0040000000000000036,5000,0.0019999999999999797,0.15817009128712603,-0.08700000000000004,0.09299999999999997,5000,0.034999999999999996,0.1487914274711043,-0.052000000000000005,0.12,5000,0.0010000000000000037,0.017919573407620817,-0.008999999999999998,0.012000000000000002,5000,0.031,0.02558211180579986,0.016000000000000004,0.046,5000,sample_sd,95% percentile bootstrap over paired_simulator_seeds_within_fixed_target,paired_simulator_seeds_within_fixed_target,5000
MNIST_QNN_eff_su2_r5_d2_s44,eff_su2_r5_d2,44,corrected_eff_su2_repetition_control,eff_su2,5,2,ideal_shot,512,correctness,ibm_kingston,False,10,-0.036,0.023190036174568097,-0.049999999999999975,-0.02200000000000001,5000,-0.04600000000000004,0.013498971154211071,-0.05300000000000005,-0.038000000000000034,5000,0.010000000000000042,0.027080128015453196,-0.004999999999999938,0.027000000000000034,5000,0.075731825398223,0.023927997124805003,0.061111755559094656,0.08891459584629446,5000,0.04592282705501567,0.028626298267198324,0.03052061947695947,0.06399234133747302,5000,-0.029808998343207334,0.03455284744495329,-0.04904642811392111,-0.008936633990994418,5000,0.005000000000000104,0.013540064007726617,-0.001999999999999924,0.013500000000000123,5000,0.004999999999999993,0.013540064007726609,-0.0025000000000000022,0.013000000000000012,5000,0.010000000000000042,0.027080128015453196,-0.004999999999999938,0.027000000000000034,5000,-0.036,0.023190036174568097,-0.04999999999999997,-0.02200000000000001,5000,-0.04600000000000004,0.013498971154211071,-0.05300000000000005,-0.038000000000000034,5000,0.0,0.0,0.0,0.0,5000,0.0,0.0,0.0,0.0,5000,sample_sd,95% percentile bootstrap over paired_simulator_seeds_within_fixed_target,paired_simulator_seeds_within_fixed_target,5000
MNIST_QNN_eff_su2_r5_d2_s44,eff_su2_r5_d2,44,corrected_eff_su2_repetition_control,eff_su2,5,2,ideal_shot,512,loss,ibm_kingston,False,10,-0.036,0.023190036174568097,-0.04999999999999997,-0.02200000000000001,5000,-0.04600000000000004,0.013498971154211071,-0.05300000000000005,-0.038000000000000034,5000,0.010000000000000042,0.027080128015453196,-0.00499999999999996,0.027000000000000024,5000,0.075731825398223,0.023927997124805003,0.0611199221542749,0.08897844681692366,5000,0.04592282705501567,0.028626298267198324,0.030325397226865083,0.06438489809759958,5000,-0.029808998343207334,0.03455284744495329,-0.04865054323064559,-0.007781398001487999,5000,-0.01012999999999994,0.010502597562296474,-0.016560749999999944,-0.004349749999999924,5000,0.02150000000000001,0.018863545089227884,0.01100000000000001,0.032500000000000015,5000,0.04299999999999998,0.03772709017845575,0.020999999999999998,0.06599999999999998,5000,0.04799999999999996,0.1709320852788551,-0.051000000000000045,0.15,5000,0.004999999999999982,0.1814907405045472,-0.09400000000000001,0.11199999999999996,5000,-0.01,0.013333333333333332,-0.018,-0.0020000000000000005,5000,0.03200000000000001,0.030477678535099896,0.014000000000000004,0.05,5000,sample_sd,95% percentile bootstrap over paired_simulator_seeds_within_fixed_target,paired_simulator_seeds_within_fixed_target,5000
MNIST_QNN_eff_su2_r5_d2_s44,eff_su2_r5_d2,44,corrected_eff_su2_repetition_control,eff_su2,5,2,ideal_shot,1024,confidence,ibm_kingston,False,10,-0.016000000000000004,0.02458545188611437,-0.030000000000000006,-0.0010000000000000009,5000,-0.030000000000000027,0.016329931618554536,-0.040000000000000036,-0.02100000000000002,5000,0.014000000000000023,0.026749870196985173,-0.0029999999999999584,0.02802499999999967,5000,0.028169245959448735,0.01629674438067536,0.01908193210295648,0.03778162585876562,5000,0.03420564781244321,0.0149105069627806,0.025750554513612602,0.042814434448499715,5000,0.006036401852994472,0.013763201796159046,-0.0015370899303696146,0.014223565091630341,5000,0.00830500000000004,0.01682957796394325,-0.0017402499999999742,0.018190125000000026,5000,-0.03150000000000005,0.024838366380348843,-0.045500000000000054,-0.016987500000000218,5000,-0.06300000000000001,0.04967673276069773,-0.09100000000000001,-0.032,5000,-0.0060000000000000105,0.0683455273672763,-0.048000000000000015,0.034999999999999996,5000,0.05700000000000001,0.07972870666621068,0.010999999999999992,0.10300000000000001,5000,0.011000000000000006,0.015951314818673863,0.003000000000000004,0.021000000000000008,5000,0.032999999999999995,0.027908580918579305,0.015999999999999993,0.049,5000,sample_sd,95% percentile bootstrap over paired_simulator_seeds_within_fixed_target,paired_simulator_seeds_within_fixed_target,5000
MNIST_QNN_eff_su2_r5_d2_s44,eff_su2_r5_d2,44,corrected_eff_su2_repetition_control,eff_su2,5,2,ideal_shot,1024,correctness,ibm_kingston,False,10,-0.016000000000000004,0.02458545188611437,-0.030000000000000006,-0.0010000000000000009,5000,-0.030000000000000027,0.016329931618554536,-0.040000000000000036,-0.02100000000000002,5000,0.014000000000000023,0.026749870196985173,-0.0029999999999999693,0.029000000000000026,5000,0.028169245959448735,0.01629674438067536,0.01896852511893737,0.03789529913053775,5000,0.03420564781244321,0.0149105069627806,0.025823551997503094,0.04289889604376405,5000,0.006036401852994472,0.013763201796159046,-0.0014209611425456195,0.015039239720203457,5000,0.0070000000000000505,0.013374935098492604,-0.001499999999999968,0.014000000000000068,5000,0.0029999999999999805,0.024060109910158133,-0.013500000000000045,0.01399999999999999,5000,0.006000000000000022,0.04812021982031623,-0.025999999999999975,0.029000000000000026,5000,-0.052000000000000005,0.12761051854939093,-0.136,-0.0020000000000000018,5000,-0.05800000000000003,0.08283853102404835,-0.11200000000000003,-0.025000000000000022,5000,0.0,0.0,0.0,0.0,5000,0.0,0.0,0.0,0.0,5000,sample_sd,95% percentile bootstrap over paired_simulator_seeds_within_fixed_target,paired_simulator_seeds_within_fixed_target,5000
MNIST_QNN_eff_su2_r5_d2_s44,eff_su2_r5_d2,44,corrected_eff_su2_repetition_control,eff_su2,5,2,ideal_shot,1024,loss,ibm_kingston,False,10,-0.016000000000000004,0.02458545188611437,-0.030000000000000006,-0.0010000000000000009,5000,-0.030000000000000027,0.016329931618554536,-0.040000000000000036,-0.02100000000000002,5000,0.014000000000000023,0.026749870196985173,-0.0029999999999999693,0.029000000000000026,5000,0.028169245959448735,0.01629674438067536,0.019126592914559287,0.03820916683085414,5000,0.03420564781244321,0.0149105069627806,0.025669306389995487,0.04323897141696833,5000,0.006036401852994472,0.013763201796159046,-0.0014734971603163872,0.014576979898092755,5000,0.0008550000000000391,0.010012282734499436,-0.005170124999999963,0.0063252500000000106,5000,0.018499999999999982,0.031095730324989065,0.001487499999999973,0.0375,5000,0.03699999999999997,0.06219146064997814,0.0029999999999999805,0.07499999999999998,5000,0.06899999999999995,0.07781031065639336,0.021999999999999964,0.11299999999999995,5000,0.03199999999999998,0.10528268824666495,-0.02900000000000002,0.09099999999999996,5000,-0.0030000000000000014,0.01636391694484477,-0.012,0.0069999999999999975,5000,0.03500000000000001,0.028771127502720116,0.01800000000000001,0.052000000000000005,5000,sample_sd,95% percentile bootstrap over paired_simulator_seeds_within_fixed_target,paired_simulator_seeds_within_fixed_target,5000
MNIST_QNN_eff_su2_r5_d2_s44,eff_su2_r5_d2,44,corrected_eff_su2_repetition_control,eff_su2,5,2,noisy_shot,128,confidence,ibm_kingston,True,10,-0.132,0.028205594401741578,-0.14900000000000002,-0.11599999999999996,5000,-0.13000000000000003,0.03366501646120691,-0.15000000000000005,-0.11000000000000006,5000,-0.0019999999999999575,0.04022160834399561,-0.026999999999999948,0.02000000000000004,5000,0.29605666950539133,0.08470083155584067,0.24936967840470187,0.3481633401192484,5000,0.2851131364255998,0.05876919659993456,0.2514474473240512,0.3200194111737314,5000,-0.010943533079791446,0.09779640961008028,-0.06381118388279161,0.05034425886539212,5000,0.0020600000000000397,0.03996543506581657,-0.020842749999999962,0.02644050000000004,5000,-0.01850000000000005,0.03727152621863862,-0.04000000000000007,0.002999999999999936,5000,-0.03700000000000002,0.07454305243727727,-0.08100000000000002,0.004999999999999993,5000,0.08399999999999994,0.21670256112930458,-0.036000000000000025,0.21499999999999994,5000,0.121,0.2063680638514055,0.002999999999999989,0.246,5000,-0.0029999999999999944,0.027100635498903795,-0.018999999999999996,0.013000000000000006,5000,0.031999999999999994,0.026161889160464778,0.017000000000000005,0.048,5000,sample_sd,95% percentile bootstrap over paired_simulator_seeds_within_fixed_target,paired_simulator_seeds_within_fixed_target,5000
MNIST_QNN_eff_su2_r5_d2_s44,eff_su2_r5_d2,44,corrected_eff_su2_repetition_control,eff_su2,5,2,noisy_shot,128,correctness,ibm_kingston,True,10,-0.132,0.028205594401741578,-0.14899999999999997,-0.11599999999999996,5000,-0.13000000000000003,0.03366501646120691,-0.14900000000000002,-0.11100000000000003,5000,-0.0019999999999999575,0.04022160834399561,-0.026999999999999948,0.01900000000000005,5000,0.29605666950539133,0.08470083155584067,0.24907193526811316,0.3466388826994571,5000,0.2851131364255998,0.05876919659993456,0.2518525530758169,0.3207371964539685,5000,-0.010943533079791446,0.09779640961008028,-0.06414496151397166,0.0507218828414941,5000,-0.000999999999999912,0.020110804171997804,-0.013999999999999912,0.010000000000000064,5000,-0.004500000000000015,0.02681728298442382,-0.02150000000000003,0.009999999999999976,5000,-0.008999999999999952,0.0536345659688476,-0.04299999999999994,0.019000000000000038,5000,-0.205,0.17302857824327428,-0.32199999999999995,-0.11999999999999997,5000,-0.196,0.12420413304985736,-0.2800000000000001,-0.13400000000000004,5000,0.0,0.0,0.0,0.0,5000,0.0,0.0,0.0,0.0,5000,sample_sd,95% percentile bootstrap over paired_simulator_seeds_within_fixed_target,paired_simulator_seeds_within_fixed_target,5000
MNIST_QNN_eff_su2_r5_d2_s44,eff_su2_r5_d2,44,corrected_eff_su2_repetition_control,eff_su2,5,2,noisy_shot,128,loss,ibm_kingston,True,10,-0.132,0.028205594401741578,-0.14899999999999997,-0.11600000000000002,5000,-0.13000000000000003,0.03366501646120691,-0.15000000000000005,-0.11000000000000006,5000,-0.0019999999999999575,0.04022160834399561,-0.02799999999999995,0.020000000000000018,5000,0.29605666950539133,0.08470083155584067,0.24925117466640528,0.3489725945054515,5000,0.2851131364255998,0.05876919659993456,0.2505207033577408,0.32129800051085944,5000,-0.010943533079791446,0.09779640961008028,-0.06401574500198458,0.049084612012627406,5000,-0.009989999999999943,0.031101534438745044,-0.02813149999999994,0.00813075000000006,5000,0.032000000000000015,0.0375055551440939,0.010000000000000009,0.05400000000000001,5000,0.06399999999999997,0.07501111028818776,0.020999999999999974,0.10899999999999996,5000,0.04599999999999995,0.1285992915135141,-0.025000000000000043,0.1280249999999996,5000,-0.018000000000000016,0.17001960671248087,-0.11500000000000002,0.08199999999999999,5000,-0.006,0.02836272984824353,-0.023,0.009999999999999998,5000,0.026000000000000002,0.029888682361946525,0.010000000000000005,0.044000000000000004,5000,sample_sd,95% percentile bootstrap over paired_simulator_seeds_within_fixed_target,paired_simulator_seeds_within_fixed_target,5000
MNIST_QNN_eff_su2_r5_d2_s44,eff_su2_r5_d2,44,corrected_eff_su2_repetition_control,eff_su2,5,2,noisy_shot,512,confidence,ibm_kingston,True,10,-0.050999999999999976,0.03510302297840203,-0.07199999999999998,-0.030999999999999982,5000,-0.06900000000000006,0.0191195071996,-0.08000000000000007,-0.05700000000000005,5000,0.018000000000000082,0.034253953543107,-0.001999999999999902,0.03900000000000007,5000,0.12225664971297374,0.020705767543683015,0.1106212726253274,0.13477568711474447,5000,0.07789267962783925,0.024548250105469682,0.06371182017180761,0.09234030534895647,5000,-0.044363970085134485,0.03676039223935316,-0.06474764402291545,-0.022108726851924436,5000,0.01045000000000006,0.017733662277650903,0.00016000000000005956,0.020990750000000065,5000,-0.014000000000000058,0.026749870196985156,-0.029000000000000047,0.001999999999999924,5000,-0.028000000000000018,0.053499740393970346,-0.05900000000000001,0.003999999999999987,5000,0.034999999999999976,0.1468370222767784,-0.052000000000000025,0.11602499999999963,5000,0.06299999999999999,0.13132233456482395,-0.017000000000000005,0.13999999999999999,5000,-0.014999999999999996,0.015811388300841896,-0.024,-0.005999999999999995,5000,0.029999999999999992,0.0282842712474619,0.012999999999999994,0.046,5000,sample_sd,95% percentile bootstrap over paired_simulator_seeds_within_fixed_target,paired_simulator_seeds_within_fixed_target,5000
MNIST_QNN_eff_su2_r5_d2_s44,eff_su2_r5_d2,44,corrected_eff_su2_repetition_control,eff_su2,5,2,noisy_shot,512,correctness,ibm_kingston,True,10,-0.050999999999999976,0.03510302297840203,-0.07199999999999995,-0.030999999999999993,5000,-0.06900000000000006,0.0191195071996,-0.08000000000000007,-0.05800000000000005,5000,0.018000000000000082,0.034253953543107,-0.0009999999999999233,0.03900000000000009,5000,0.12225664971297374,0.020705767543683015,0.11056276744625211,0.13527945782658934,5000,0.07789267962783925,0.024548250105469682,0.06434776855242963,0.09321701306138638,5000,-0.044363970085134485,0.03676039223935316,-0.06473232454172756,-0.021974554046610164,5000,0.009000000000000096,0.017126976771553514,-0.0004999999999999227,0.019500000000000118,5000,0.008999999999999975,0.017126976771553486,-0.0005000000000000115,0.019512499999999815,5000,0.018000000000000082,0.034253953543107,-0.0009999999999999235,0.039000000000000076,5000,-0.050999999999999976,0.03510302297840203,-0.07199999999999998,-0.030999999999999993,5000,-0.06900000000000006,0.0191195071996,-0.08000000000000007,-0.05800000000000005,5000,0.0,0.0,0.0,0.0,5000,0.0,0.0,0.0,0.0,5000,sample_sd,95% percentile bootstrap over paired_simulator_seeds_within_fixed_target,paired_simulator_seeds_within_fixed_target,5000
MNIST_QNN_eff_su2_r5_d2_s44,eff_su2_r5_d2,44,corrected_eff_su2_repetition_control,eff_su2,5,2,noisy_shot,512,loss,ibm_kingston,True,10,-0.050999999999999976,0.03510302297840203,-0.07099999999999998,-0.030999999999999982,5000,-0.06900000000000006,0.0191195071996,-0.08000000000000007,-0.05800000000000005,5000,0.018000000000000082,0.034253953543107,-0.000999999999999912,0.038000000000000075,5000,0.12225664971297374,0.020705767543683015,0.11123959756684924,0.13449086092744833,5000,0.07789267962783925,0.024548250105469682,0.06424791670141129,0.0931132953059932,5000,-0.044363970085134485,0.03676039223935316,-0.06538250025289816,-0.02171983022407802,5000,-0.001149999999999951,0.011892130918291211,-0.008309999999999974,0.005940000000000034,5000,0.02649999999999999,0.029064105391740883,0.009499999999999998,0.04399999999999997,5000,0.05299999999999998,0.05812821078348179,0.018999999999999972,0.08702499999999966,5000,0.05599999999999996,0.1325141501878196,-0.01400000000000005,0.13802499999999962,5000,0.0029999999999999693,0.10339245620450264,-0.056000000000000036,0.06502499999999961,5000,-0.028000000000000004,0.02043961295567452,-0.039999999999999994,-0.016,5000,0.034999999999999996,0.036893239368631085,0.012000000000000007,0.05700000000000001,5000,sample_sd,95% percentile bootstrap over paired_simulator_seeds_within_fixed_target,paired_simulator_seeds_within_fixed_target,5000
MNIST_QNN_eff_su2_r5_d2_s44,eff_su2_r5_d2,44,corrected_eff_su2_repetition_control,eff_su2,5,2,noisy_shot,1024,confidence,ibm_kingston,True,10,-0.03600000000000001,0.026331223544175313,-0.052000000000000005,-0.02100000000000002,5000,-0.05700000000000005,0.02002775851439975,-0.06800000000000006,-0.04500000000000004,5000,0.02100000000000004,0.030349812373573433,0.004000000000000026,0.038024999999999705,5000,0.07721833622537087,0.011553706716360385,0.07047115785034838,0.08439178282720096,5000,0.052184961809602116,0.023316924677608007,0.03893224162811095,0.06608853925518926,5000,-0.02503337441576876,0.022684742914825074,-0.037915351474308384,-0.012014052139651909,5000,0.014050000000000062,0.00818253560266554,0.009259500000000045,0.01897025000000006,5000,-0.02350000000000003,0.02593260495977989,-0.038500000000000034,-0.007500000000000029,5000,-0.047,0.05186520991955975,-0.076,-0.01600000000000002,5000,0.023999999999999994,0.10490207073477838,-0.035,0.08402499999999964,5000,0.071,0.10461038826681283,0.012999999999999994,0.134,5000,-0.013999999999999995,0.013498971154211059,-0.021999999999999995,-0.005999999999999996,5000,0.023,0.020027758514399734,0.011,0.03499999999999999,5000,sample_sd,95% percentile bootstrap over paired_simulator_seeds_within_fixed_target,paired_simulator_seeds_within_fixed_target,5000
MNIST_QNN_eff_su2_r5_d2_s44,eff_su2_r5_d2,44,corrected_eff_su2_repetition_control,eff_su2,5,2,noisy_shot,1024,correctness,ibm_kingston,True,10,-0.03600000000000001,0.026331223544175313,-0.052000000000000005,-0.02100000000000002,5000,-0.05700000000000005,0.02002775851439975,-0.06800000000000006,-0.04400000000000004,5000,0.02100000000000004,0.030349812373573433,0.004000000000000026,0.040000000000000036,5000,0.07721833622537087,0.011553706716360385,0.07058782530799507,0.08412391277505958,5000,0.052184961809602116,0.023316924677608007,0.03826894997294732,0.06626487569665479,5000,-0.02503337441576876,0.022684742914825074,-0.03836684271646661,-0.011619596609775913,5000,0.01050000000000011,0.015174906186786736,0.0020000000000001015,0.020000000000000108,5000,0.010499999999999987,0.015174906186786703,0.0015000000000000013,0.019500000000000007,5000,0.02100000000000004,0.030349812373573433,0.005000000000000016,0.040000000000000036,5000,-0.03600000000000001,0.026331223544175313,-0.05199999999999999,-0.02100000000000002,5000,-0.05700000000000005,0.02002775851439975,-0.06800000000000006,-0.04500000000000004,5000,0.0,0.0,0.0,0.0,5000,0.0,0.0,0.0,0.0,5000,sample_sd,95% percentile bootstrap over paired_simulator_seeds_within_fixed_target,paired_simulator_seeds_within_fixed_target,5000
MNIST_QNN_eff_su2_r5_d2_s44,eff_su2_r5_d2,44,corrected_eff_su2_repetition_control,eff_su2,5,2,noisy_shot,1024,loss,ibm_kingston,True,10,-0.03600000000000001,0.026331223544175313,-0.052000000000000005,-0.02100000000000002,5000,-0.05700000000000005,0.02002775851439975,-0.06800000000000006,-0.04500000000000004,5000,0.02100000000000004,0.030349812373573433,0.004000000000000026,0.039000000000000035,5000,0.07721833622537087,0.011553706716360385,0.07075166060830815,0.08407792902059154,5000,0.052184961809602116,0.023316924677608007,0.03856089151972848,0.06625978177252256,5000,-0.02503337441576876,0.022684742914825074,-0.03830920058366606,-0.01157260279088221,5000,0.0054000000000000384,0.006477482364142547,0.001499750000000024,0.009080000000000022,5000,0.018000000000000006,0.01843908891458577,0.006999999999999995,0.028500000000000004,5000,0.03599999999999997,0.03687817782917154,0.013974999999999961,0.05799999999999996,5000,0.08299999999999995,0.06945022198188668,0.04599999999999995,0.12799999999999995,5000,0.04699999999999998,0.07888810641239484,0.001999999999999996,0.09399999999999997,5000,-0.024,0.019550504398153572,-0.034999999999999996,-0.012975000000000358,5000,0.026000000000000006,0.014298407059684812,0.018000000000000006,0.03500000000000001,5000,sample_sd,95% percentile bootstrap over paired_simulator_seeds_within_fixed_target,paired_simulator_seeds_within_fixed_target,5000
MNIST_QNN_eff_su2_r5_d2_s45,eff_su2_r5_d2,45,corrected_eff_su2_repetition_control,eff_su2,5,2,ideal_shot,128,confidence,ibm_kingston,False,10,-0.14900000000000008,0.02726414006223804,-0.16300000000000003,-0.13200000000000003,5000,-0.05700000000000001,0.043217794688967845,-0.08199999999999999,-0.031000000000000007,5000,-0.09200000000000003,0.04049691346263317,-0.11700000000000003,-0.06897500000000037,5000,0.3000129009184539,0.05771687716800693,0.26648395530233704,0.3336889650095774,5000,0.29736929831355363,0.11226838383931614,0.23378565731789633,0.36500859942481606,5000,-0.002643602604900275,0.11039319950659113,-0.07018852214794638,0.05907900864593104,5000,-0.005399999999999999,0.03344062732000638,-0.024500250000000032,0.015241499999999998,5000,0.013500000000000012,0.028289181285038618,-0.0015000000000000013,0.031000000000000028,5000,0.027000000000000014,0.05657836257007718,-0.003999999999999981,0.06200000000000001,5000,-0.22500000000000003,0.0884747295999133,-0.275,-0.169,5000,-0.25200000000000006,0.10850499220466003,-0.31600000000000006,-0.192,5000,0.009000000000000001,0.026012817353502228,-0.006,0.025,5000,0.004999999999999999,0.044032816045409685,-0.018,0.033,5000,sample_sd,95% percentile bootstrap over paired_simulator_seeds_within_fixed_target,paired_simulator_seeds_within_fixed_target,5000
MNIST_QNN_eff_su2_r5_d2_s45,eff_su2_r5_d2,45,corrected_eff_su2_repetition_control,eff_su2,5,2,ideal_shot,128,correctness,ibm_kingston,False,10,-0.14900000000000008,0.02726414006223804,-0.164,-0.13200000000000003,5000,-0.05700000000000001,0.043217794688967845,-0.08099999999999999,-0.030999999999999993,5000,-0.09200000000000003,0.04049691346263317,-0.11700000000000003,-0.06900000000000003,5000,0.3000129009184539,0.05771687716800693,0.2668517213230355,0.3332794730826383,5000,0.29736929831355363,0.11226838383931614,0.23447705171015468,0.3636941539251236,5000,-0.002643602604900275,0.11039319950659113,-0.06851256254031433,0.05962313177495,5000,-0.045999999999999965,0.020248456731316596,-0.058499999999999955,-0.03449999999999994,5000,-0.056499999999999974,0.03416056856149271,-0.07749999999999997,-0.037987500000000125,5000,-0.11300000000000003,0.06832113712298543,-0.15400000000000005,-0.07600000000000003,5000,-0.23800000000000004,0.14512829573250774,-0.3280000000000001,-0.16200000000000006,5000,-0.125,0.08154753215150046,-0.17600000000000002,-0.08097500000000035,5000,0.0,0.0,0.0,0.0,5000,0.0,0.0,0.0,0.0,5000,sample_sd,95% percentile bootstrap over paired_simulator_seeds_within_fixed_target,paired_simulator_seeds_within_fixed_target,5000
MNIST_QNN_eff_su2_r5_d2_s45,eff_su2_r5_d2,45,corrected_eff_su2_repetition_control,eff_su2,5,2,ideal_shot,128,loss,ibm_kingston,False,10,-0.14900000000000008,0.02726414006223804,-0.164,-0.13200000000000003,5000,-0.05700000000000001,0.043217794688967845,-0.08000000000000002,-0.031000000000000017,5000,-0.09200000000000003,0.04049691346263317,-0.11600000000000002,-0.06900000000000002,5000,0.3000129009184539,0.05771687716800693,0.26666497884917567,0.3345853758983483,5000,0.29736929831355363,0.11226838383931614,0.23261453987936867,0.364914881921345,5000,-0.002643602604900275,0.11039319950659113,-0.0691247319182732,0.057636467279619435,5000,-0.010620000000000029,0.028923608196611817,-0.02705350000000003,0.0060809999999999476,5000,-0.05049999999999995,0.04172995193969062,-0.07449999999999994,-0.02499999999999994,5000,-0.10100000000000002,0.08345990387938122,-0.148,-0.052000000000000025,5000,-0.292,0.1150651989091402,-0.36,-0.22499999999999995,5000,-0.19099999999999992,0.1600312469488381,-0.288,-0.10499999999999995,5000,0.019000000000000003,0.03414023367751832,6.938893903907229e-19,0.04,5000,0.0010000000000000065,0.04094712037087183,-0.019999999999999997,0.029000000000000005,5000,sample_sd,95% percentile bootstrap over paired_simulator_seeds_within_fixed_target,paired_simulator_seeds_within_fixed_target,5000
MNIST_QNN_eff_su2_r5_d2_s45,eff_su2_r5_d2,45,corrected_eff_su2_repetition_control,eff_su2,5,2,ideal_shot,512,confidence,ibm_kingston,False,10,-0.05500000000000005,0.03027650354097494,-0.07200000000000006,-0.03700000000000003,5000,-0.007000000000000006,0.02311805451253296,-0.020000000000000018,0.007000000000000006,5000,-0.04800000000000004,0.03705851229249949,-0.07100000000000006,-0.028000000000000025,5000,0.07065564508651735,0.02626505431191844,0.05547208525008284,0.08612708214539491,5000,0.07793127377847488,0.03214832060222032,0.05818912055584589,0.0959616107658676,5000,0.0072756286919575305,0.03791197441630776,-0.014970217344379873,0.02925667373741626,5000,-0.0020500000000000075,0.013235663103062767,-0.010220250000000018,0.005170499999999967,5000,0.0010000000000000065,0.02208569169796994,-0.01150000000000001,0.014000000000000012,5000,0.001999999999999996,0.04417138339593986,-0.023999999999999994,0.027999999999999997,5000,-0.152,0.17389652095427327,-0.24400000000000005,-0.044000000000000025,5000,-0.154,0.17563851766878727,-0.25400000000000006,-0.045,5000,0.009,0.019119507199599987,-0.0020000000000000005,0.020000000000000004,5000,-0.013000000000000001,0.022135943621178655,-0.026000000000000002,0.0,5000,sample_sd,95% percentile bootstrap over paired_simulator_seeds_within_fixed_target,paired_simulator_seeds_within_fixed_target,5000
MNIST_QNN_eff_su2_r5_d2_s45,eff_su2_r5_d2,45,corrected_eff_su2_repetition_control,eff_su2,5,2,ideal_shot,512,correctness,ibm_kingston,False,10,-0.05500000000000005,0.03027650354097494,-0.07200000000000006,-0.03600000000000003,5000,-0.007000000000000006,0.02311805451253296,-0.020025000000000008,0.007000000000000006,5000,-0.04800000000000004,0.03705851229249949,-0.07100000000000006,-0.02797500000000039,5000,0.07065564508651735,0.02626505431191844,0.05468509024489941,0.08596257873353498,5000,0.07793127377847488,0.03214832060222032,0.057985124406971046,0.09633960420774852,5000,0.0072756286919575305,0.03791197441630776,-0.014527985866150648,0.029110062194653452,5000,-0.023999999999999966,0.018529256146249708,-0.035499999999999955,-0.013999999999999947,5000,-0.023999999999999955,0.018529256146249715,-0.035499999999999955,-0.013999999999999967,5000,-0.04800000000000004,0.03705851229249949,-0.07000000000000006,-0.028000000000000025,5000,-0.05500000000000005,0.03027650354097494,-0.07300000000000006,-0.03700000000000003,5000,-0.007000000000000006,0.02311805451253296,-0.020000000000000018,0.006000000000000005,5000,0.0,0.0,0.0,0.0,5000,0.0,0.0,0.0,0.0,5000,sample_sd,95% percentile bootstrap over paired_simulator_seeds_within_fixed_target,paired_simulator_seeds_within_fixed_target,5000
MNIST_QNN_eff_su2_r5_d2_s45,eff_su2_r5_d2,45,corrected_eff_su2_repetition_control,eff_su2,5,2,ideal_shot,512,loss,ibm_kingston,False,10,-0.05500000000000005,0.03027650354097494,-0.07200000000000006,-0.03700000000000003,5000,-0.007000000000000006,0.02311805451253296,-0.02100000000000002,0.007000000000000006,5000,-0.04800000000000004,0.03705851229249949,-0.07100000000000006,-0.028000000000000025,5000,0.07065564508651735,0.02626505431191844,0.05484380432720721,0.08601352796853354,5000,0.07793127377847488,0.03214832060222032,0.05858625991652807,0.0969809631954409,5000,0.0072756286919575305,0.03791197441630776,-0.01519116388704061,0.029251559255047146,5000,0.0017799999999999593,0.00830070947436288,-0.0031200000000000117,0.006679999999999964,5000,-0.021499999999999953,0.028872324310853653,-0.038999999999999944,-0.004999999999999982,5000,-0.043000000000000024,0.057744648621707306,-0.07900000000000003,-0.01100000000000002,5000,-0.08499999999999999,0.11983785341498367,-0.16299999999999998,-0.024,5000,-0.04199999999999997,0.09342852288722586,-0.10199999999999998,0.008000000000000007,5000,0.015000000000000003,0.01715938356831167,0.005,0.025000000000000005,5000,-0.0049999999999999906,0.037193189340702336,-0.02599999999999999,0.01700000000000001,5000,sample_sd,95% percentile bootstrap over paired_simulator_seeds_within_fixed_target,paired_simulator_seeds_within_fixed_target,5000
MNIST_QNN_eff_su2_r5_d2_s45,eff_su2_r5_d2,45,corrected_eff_su2_repetition_control,eff_su2,5,2,ideal_shot,1024,confidence,ibm_kingston,False,10,-0.02300000000000002,0.017669811040931443,-0.03300000000000003,-0.01200000000000001,5000,0.010000000000000009,0.014142135623730965,0.0020000000000000018,0.019000000000000017,5000,-0.03300000000000003,0.012516655570345737,-0.040000000000000036,-0.025000000000000022,5000,0.03087609884008637,0.01568998432744127,0.022355633756347845,0.04062538427103849,5000,0.026011828960625295,0.028960889704080707,0.007696099858430553,0.04105614102023739,5000,-0.004864269879461075,0.030003175710969537,-0.02335870701670275,0.012175663151182375,5000,-0.004910000000000003,0.013212910353135699,-0.012920000000000032,0.0023502500000000142,5000,0.013500000000000002,0.03621310382843329,-0.006500000000000006,0.03500000000000001,5000,0.027000000000000017,0.07242620765686655,-0.01399999999999998,0.07200000000000001,5000,-0.118,0.10454132622503357,-0.179,-0.056000000000000015,5000,-0.14500000000000007,0.15269795894728477,-0.23600000000000004,-0.05897500000000038,5000,0.007000000000000001,0.014944341180973264,-0.0010000000000000009,0.01602499999999964,5000,-0.020999999999999998,0.028460498941515415,-0.03699999999999999,-0.003999999999999998,5000,sample_sd,95% percentile bootstrap over paired_simulator_seeds_within_fixed_target,paired_simulator_seeds_within_fixed_target,5000
MNIST_QNN_eff_su2_r5_d2_s45,eff_su2_r5_d2,45,corrected_eff_su2_repetition_control,eff_su2,5,2,ideal_shot,1024,correctness,ibm_kingston,False,10,-0.02300000000000002,0.017669811040931443,-0.03300000000000003,-0.01200000000000001,5000,0.010000000000000009,0.014142135623730965,0.0020000000000000018,0.019000000000000017,5000,-0.03300000000000003,0.012516655570345737,-0.040000000000000036,-0.025000000000000022,5000,0.03087609884008637,0.01568998432744127,0.02206370755291729,0.040665077137035884,5000,0.026011828960625295,0.028960889704080707,0.007594209040254288,0.041330807289782584,5000,-0.004864269879461075,0.030003175710969537,-0.023193185248763733,0.012220636280721165,5000,-0.01649999999999995,0.006258327785172865,-0.019999999999999962,-0.012999999999999923,5000,-0.016499999999999924,0.006258327785172863,-0.019999999999999928,-0.012999999999999911,5000,-0.03300000000000003,0.012516655570345737,-0.040000000000000036,-0.026000000000000023,5000,-0.02300000000000002,0.017669811040931443,-0.03300000000000003,-0.01200000000000001,5000,0.010000000000000009,0.014142135623730965,0.0020000000000000018,0.019000000000000017,5000,0.0,0.0,0.0,0.0,5000,0.0,0.0,0.0,0.0,5000,sample_sd,95% percentile bootstrap over paired_simulator_seeds_within_fixed_target,paired_simulator_seeds_within_fixed_target,5000
MNIST_QNN_eff_su2_r5_d2_s45,eff_su2_r5_d2,45,corrected_eff_su2_repetition_control,eff_su2,5,2,ideal_shot,1024,loss,ibm_kingston,False,10,-0.02300000000000002,0.017669811040931443,-0.03300000000000003,-0.01200000000000001,5000,0.010000000000000009,0.014142135623730965,0.0020000000000000018,0.019000000000000017,5000,-0.03300000000000003,0.012516655570345737,-0.040000000000000036,-0.025000000000000022,5000,0.03087609884008637,0.01568998432744127,0.022588141666124394,0.040367788575049086,5000,0.026011828960625295,0.028960889704080707,0.007111078138045201,0.04127974395163274,5000,-0.004864269879461075,0.030003175710969537,-0.02308609164364081,0.012035405217597224,5000,-0.000490000000000046,0.01070964777924821,-0.007370000000000066,0.0049599999999999644,5000,-0.019499999999999927,0.016406299603099597,-0.028999999999999925,-0.00999999999999993,5000,-0.03900000000000001,0.0328125992061992,-0.05799999999999998,-0.019000000000000045,5000,-0.08899999999999997,0.10608696642116053,-0.15499999999999997,-0.02999999999999996,5000,-0.049999999999999954,0.09797958971132711,-0.11299999999999996,0.0020249999999996816,5000,0.016999999999999998,0.018287822299126937,0.007000000000000001,0.028000000000000004,5000,-0.02299999999999999,0.02907843798341919,-0.039999999999999994,-0.005999999999999987,5000,sample_sd,95% percentile bootstrap over paired_simulator_seeds_within_fixed_target,paired_simulator_seeds_within_fixed_target,5000
MNIST_QNN_eff_su2_r5_d2_s45,eff_su2_r5_d2,45,corrected_eff_su2_repetition_control,eff_su2,5,2,noisy_shot,128,confidence,ibm_kingston,True,10,-0.18800000000000003,0.022997584414213783,-0.20200000000000004,-0.17600000000000007,5000,-0.078,0.04289522117905442,-0.10200000000000001,-0.05200000000000001,5000,-0.11000000000000006,0.054772255750516585,-0.14400000000000004,-0.08000000000000004,5000,0.367676062924249,0.05758996385562093,0.3362563715174041,0.40344894598222164,5000,0.35273523312944965,0.08917003981701287,0.30357013267570077,0.4042888470472634,5000,-0.014940829794799349,0.09630998078290391,-0.07072451015961631,0.04328557592625423,5000,-0.025700000000000018,0.0343293201538018,-0.045181250000000034,-0.004818750000000026,5000,0.0035000000000000087,0.03543773882929514,-0.015999999999999986,0.025500000000000012,5000,0.0070000000000000175,0.0708754776585903,-0.029999999999999992,0.051000000000000024,5000,-0.196,0.27064531935521974,-0.339,-0.027975000000000354,5000,-0.203,0.27137714633984117,-0.34800000000000003,-0.03500000000000001,5000,0.013000000000000001,0.0294580681270476,-0.004000000000000002,0.031,5000,-0.010999999999999996,0.05216427044549853,-0.039999999999999994,0.021000000000000008,5000,sample_sd,95% percentile bootstrap over paired_simulator_seeds_within_fixed_target,paired_simulator_seeds_within_fixed_target,5000
MNIST_QNN_eff_su2_r5_d2_s45,eff_su2_r5_d2,45,corrected_eff_su2_repetition_control,eff_su2,5,2,noisy_shot,128,correctness,ibm_kingston,True,10,-0.18800000000000003,0.022997584414213783,-0.20200000000000004,-0.17600000000000007,5000,-0.078,0.04289522117905442,-0.10200000000000001,-0.053000000000000005,5000,-0.11000000000000006,0.054772255750516585,-0.14400000000000002,-0.08000000000000004,5000,0.367676062924249,0.05758996385562093,0.3355697248701288,0.4030354137657123,5000,0.35273523312944965,0.08917003981701287,0.3029458880367227,0.4054998197800286,5000,-0.014940829794799349,0.09630998078290391,-0.0703089143475169,0.0416932766365927,5000,-0.05499999999999996,0.02738612787525831,-0.07249999999999997,-0.039999999999999945,5000,-0.05549999999999996,0.02910230995031912,-0.07399999999999995,-0.03999999999999998,5000,-0.11100000000000006,0.05820461990063828,-0.14800000000000005,-0.07900000000000006,5000,-0.30300000000000005,0.264241051567188,-0.4760000000000001,-0.17700000000000005,5000,-0.192,0.2229000772643304,-0.33602499999999996,-0.08600000000000001,5000,0.0,0.0,0.0,0.0,5000,0.0,0.0,0.0,0.0,5000,sample_sd,95% percentile bootstrap over paired_simulator_seeds_within_fixed_target,paired_simulator_seeds_within_fixed_target,5000
MNIST_QNN_eff_su2_r5_d2_s45,eff_su2_r5_d2,45,corrected_eff_su2_repetition_control,eff_su2,5,2,noisy_shot,128,loss,ibm_kingston,True,10,-0.18800000000000003,0.022997584414213783,-0.20200000000000004,-0.17500000000000004,5000,-0.078,0.04289522117905442,-0.10200000000000001,-0.05200000000000001,5000,-0.11000000000000006,0.054772255750516585,-0.14400000000000004,-0.08000000000000004,5000,0.367676062924249,0.05758996385562093,0.3350110101399771,0.4032660054650965,5000,0.35273523312944965,0.08917003981701287,0.3002957645626483,0.4052247356763595,5000,-0.014940829794799349,0.09630998078290391,-0.07016303494993863,0.04149885922315969,5000,-0.017630000000000073,0.03613050573192193,-0.03858025000000008,0.004432999999999895,5000,-0.03599999999999994,0.03116265571338732,-0.05449999999999995,-0.01849999999999994,5000,-0.07200000000000002,0.06232531142677464,-0.10800000000000003,-0.03600000000000001,5000,-0.19799999999999998,0.18730842064478695,-0.308,-0.088,5000,-0.12599999999999997,0.16694643186097483,-0.22499999999999992,-0.03099999999999999,5000,0.02,0.033333333333333326,0.0009999999999999996,0.039999999999999994,5000,-0.0019999999999999905,0.055737479909542614,-0.033024999999999985,0.032000000000000015,5000,sample_sd,95% percentile bootstrap over paired_simulator_seeds_within_fixed_target,paired_simulator_seeds_within_fixed_target,5000
MNIST_QNN_eff_su2_r5_d2_s45,eff_su2_r5_d2,45,corrected_eff_su2_repetition_control,eff_su2,5,2,noisy_shot,512,confidence,ibm_kingston,True,10,-0.07100000000000005,0.02233582075700127,-0.08400000000000005,-0.05800000000000005,5000,-0.01200000000000001,0.02699794230842214,-0.028000000000000025,0.0030000000000000027,5000,-0.05900000000000004,0.030713731999438536,-0.07700000000000004,-0.04200000000000002,5000,0.13562276600056797,0.033703469443394314,0.11512407635569802,0.1551579229624644,5000,0.09131776283970978,0.03144207427350307,0.07392534764478226,0.11103115875169171,5000,-0.044305003160858177,0.046274858081552586,-0.07089946780255196,-0.01671236654755631,5000,-0.0032400000000000094,0.02668620950561878,-0.01913075,0.012480249999999988,5000,0.011000000000000015,0.05048652185374715,-0.019999999999999973,0.03850000000000002,5000,0.02200000000000002,0.1009730437074943,-0.03799999999999998,0.07902499999999968,5000,-0.16299999999999998,0.14353087163084852,-0.25002500000000005,-0.087,5000,-0.185,0.20668010708983742,-0.31,-0.068,5000,0.009000000000000001,0.02726414006223804,-0.007000000000000001,0.026000000000000002,5000,-0.015999999999999997,0.043256341860022224,-0.039999999999999994,0.012000000000000002,5000,sample_sd,95% percentile bootstrap over paired_simulator_seeds_within_fixed_target,paired_simulator_seeds_within_fixed_target,5000
MNIST_QNN_eff_su2_r5_d2_s45,eff_su2_r5_d2,45,corrected_eff_su2_repetition_control,eff_su2,5,2,noisy_shot,512,correctness,ibm_kingston,True,10,-0.07100000000000005,0.02233582075700127,-0.08400000000000006,-0.05800000000000005,5000,-0.01200000000000001,0.02699794230842214,-0.028000000000000025,0.0040000000000000036,5000,-0.05900000000000004,0.030713731999438536,-0.07600000000000007,-0.04100000000000002,5000,0.13562276600056797,0.033703469443394314,0.11593667393722028,0.15530489967104735,5000,0.09131776283970978,0.03144207427350307,0.07376553833594339,0.11090299326548121,5000,-0.044305003160858177,0.046274858081552586,-0.07082837835598259,-0.016633206286693878,5000,-0.02949999999999996,0.015356865999719253,-0.03849999999999996,-0.020499999999999973,5000,-0.03249999999999996,0.022267315359812304,-0.047499999999999966,-0.020499999999999984,5000,-0.06500000000000003,0.044534630719624636,-0.09300000000000001,-0.041000000000000036,5000,-0.09000000000000005,0.07007932013876211,-0.13800000000000007,-0.06000000000000004,5000,-0.025000000000000012,0.03865804501581068,-0.05000000000000001,-0.0040000000000000036,5000,0.0,0.0,0.0,0.0,5000,0.0,0.0,0.0,0.0,5000,sample_sd,95% percentile bootstrap over paired_simulator_seeds_within_fixed_target,paired_simulator_seeds_within_fixed_target,5000
MNIST_QNN_eff_su2_r5_d2_s45,eff_su2_r5_d2,45,corrected_eff_su2_repetition_control,eff_su2,5,2,noisy_shot,512,loss,ibm_kingston,True,10,-0.07100000000000005,0.02233582075700127,-0.08400000000000005,-0.05800000000000005,5000,-0.01200000000000001,0.02699794230842214,-0.028000000000000025,0.0040000000000000036,5000,-0.05900000000000004,0.030713731999438536,-0.07700000000000005,-0.04100000000000002,5000,0.13562276600056797,0.033703469443394314,0.11512725535764112,0.15415780305763477,5000,0.09131776283970978,0.03144207427350307,0.07395931009171583,0.11111862900374288,5000,-0.044305003160858177,0.046274858081552586,-0.07144383622201678,-0.017026850450363396,5000,2.999999999996339e-05,0.018169941600835664,-0.010510750000000051,0.010679999999999967,5000,-0.027499999999999948,0.010341394704992369,-0.03349999999999996,-0.021499999999999964,5000,-0.05500000000000003,0.020682789409984765,-0.06700000000000005,-0.04400000000000002,5000,-0.15499999999999997,0.16419838949000415,-0.253,-0.05900000000000001,5000,-0.09999999999999995,0.15874507866387544,-0.19499999999999998,-0.011975000000000308,5000,0.012,0.02485513584307633,-0.0020000000000000005,0.028000000000000004,5000,-0.005999999999999994,0.054405882034941774,-0.036,0.027000000000000007,5000,sample_sd,95% percentile bootstrap over paired_simulator_seeds_within_fixed_target,paired_simulator_seeds_within_fixed_target,5000
MNIST_QNN_eff_su2_r5_d2_s45,eff_su2_r5_d2,45,corrected_eff_su2_repetition_control,eff_su2,5,2,noisy_shot,1024,confidence,ibm_kingston,True,10,-0.050000000000000044,0.019436506316151018,-0.061000000000000054,-0.038000000000000034,5000,0.010000000000000009,0.02054804667656327,-0.0020000000000000018,0.02200000000000002,5000,-0.06000000000000005,0.02788866755113588,-0.07600000000000007,-0.04400000000000004,5000,0.10145814506094034,0.016511066205388263,0.09192056120909843,0.1109253841154132,5000,0.04830838588351618,0.03567708966756517,0.024798035142059974,0.06683190838249137,5000,-0.05314975917742415,0.03098641861529319,-0.07181533596348019,-0.03496990312974961,5000,-0.01668000000000001,0.01901834202377624,-0.02761125000000001,-0.005389749999999999,5000,0.00550000000000001,0.04132862876452056,-0.018000000000000006,0.030000000000000016,5000,0.011000000000000018,0.0826572575290411,-0.03799999999999998,0.05900000000000003,5000,-0.21200000000000002,0.11163432367431722,-0.275,-0.14297500000000032,5000,-0.22300000000000003,0.1388084211342301,-0.30702500000000005,-0.14200000000000004,5000,-0.005,0.015811388300841896,-0.014000000000000002,0.004999999999999999,5000,-0.03,0.024494897427831782,-0.044,-0.014999999999999996,5000,sample_sd,95% percentile bootstrap over paired_simulator_seeds_within_fixed_target,paired_simulator_seeds_within_fixed_target,5000
MNIST_QNN_eff_su2_r5_d2_s45,eff_su2_r5_d2,45,corrected_eff_su2_repetition_control,eff_su2,5,2,noisy_shot,1024,correctness,ibm_kingston,True,10,-0.050000000000000044,0.019436506316151018,-0.061000000000000054,-0.0389750000000004,5000,0.010000000000000009,0.02054804667656327,-0.0020000000000000018,0.02200000000000002,5000,-0.06000000000000005,0.02788866755113588,-0.07600000000000007,-0.04300000000000004,5000,0.10145814506094034,0.016511066205388263,0.0918311222777735,0.11122959177171142,5000,0.04830838588351618,0.03567708966756517,0.02630590738193133,0.06701112101788456,5000,-0.05314975917742415,0.03098641861529319,-0.07189079899642095,-0.035662623629338856,5000,-0.029999999999999936,0.013944333775567948,-0.03799999999999996,-0.02199999999999992,5000,-0.029999999999999936,0.013944333775567948,-0.037999999999999944,-0.02149999999999993,5000,-0.06000000000000005,0.02788866755113588,-0.07600000000000007,-0.0439750000000004,5000,-0.050000000000000044,0.019436506316151018,-0.061000000000000054,-0.038000000000000034,5000,0.010000000000000009,0.02054804667656327,-0.0020000000000000018,0.02200000000000002,5000,0.0,0.0,0.0,0.0,5000,0.0,0.0,0.0,0.0,5000,sample_sd,95% percentile bootstrap over paired_simulator_seeds_within_fixed_target,paired_simulator_seeds_within_fixed_target,5000
MNIST_QNN_eff_su2_r5_d2_s45,eff_su2_r5_d2,45,corrected_eff_su2_repetition_control,eff_su2,5,2,noisy_shot,1024,loss,ibm_kingston,True,10,-0.050000000000000044,0.019436506316151018,-0.061000000000000054,-0.038000000000000034,5000,0.010000000000000009,0.02054804667656327,-0.0020000000000000018,0.02200000000000002,5000,-0.06000000000000005,0.02788866755113588,-0.07600000000000007,-0.04300000000000004,5000,0.10145814506094034,0.016511066205388263,0.09168646723543719,0.1110926311849213,5000,0.04830838588351618,0.03567708966756517,0.025411169227515358,0.06671203360052169,5000,-0.05314975917742415,0.03098641861529319,-0.07130075947025764,-0.03475646084927832,5000,-0.005720000000000047,0.015311128850175207,-0.014060750000000061,0.00394049999999996,5000,-0.027499999999999934,0.024748737341529155,-0.041499999999999926,-0.012499999999999956,5000,-0.055000000000000035,0.04949747468305833,-0.08300000000000005,-0.025000000000000057,5000,-0.09399999999999999,0.11558546621439911,-0.16699999999999995,-0.029999999999999992,5000,-0.038999999999999944,0.13135617398677707,-0.12099999999999993,0.03300000000000004,5000,0.004999999999999999,0.0190029237516523,-0.006,0.016,5000,-0.02899999999999999,0.03634709219609061,-0.04799999999999999,-0.005999999999999996,5000,sample_sd,95% percentile bootstrap over paired_simulator_seeds_within_fixed_target,paired_simulator_seeds_within_fixed_target,5000
MNIST_QNN_z_r1_d6_s43,z_r1_d6,43,medium_risk_z_anchor,z,1,6,ideal_shot,128,confidence,ibm_kingston,False,10,-0.05899999999999994,0.025144029554194838,-0.07399999999999995,-0.04399999999999993,5000,-0.020000000000000018,0.018257418583505554,-0.030000000000000027,-0.009000000000000008,5000,-0.038999999999999924,0.035418137224372016,-0.05899999999999994,-0.016999999999999904,5000,0.07605402517691617,0.024404665008979427,0.06127606106161436,0.08969336609926748,5000,0.060969141638975946,0.04292328670162614,0.03558017867730228,0.08611420350846814,5000,-0.015084883537940203,0.05411803681489992,-0.04656104437702281,0.01687815979824477,5000,-0.004210000000000047,0.02513246903907375,-0.018490000000000045,0.010281499999999935,5000,0.00550000000000001,0.024658782523789696,-0.008999999999999998,0.020000000000000018,5000,0.011000000000000043,0.04931756504757936,-0.01699999999999996,0.04000000000000003,5000,-0.03599999999999997,0.12130768959779738,-0.11099999999999996,0.031000000000000028,5000,-0.04700000000000003,0.12649549838279273,-0.12800000000000003,0.022999999999999986,5000,-0.023000000000000003,0.01636391694484477,-0.033,-0.014000000000000002,5000,-0.01700000000000001,0.019465068427541914,-0.027000000000000014,-0.0040000000000000105,5000,sample_sd,95% percentile bootstrap over paired_simulator_seeds_within_fixed_target,paired_simulator_seeds_within_fixed_target,5000
MNIST_QNN_z_r1_d6_s43,z_r1_d6,43,medium_risk_z_anchor,z,1,6,ideal_shot,128,correctness,ibm_kingston,False,10,-0.05899999999999994,0.025144029554194838,-0.07399999999999995,-0.04399999999999993,5000,-0.020000000000000018,0.018257418583505554,-0.031000000000000028,-0.009000000000000008,5000,-0.038999999999999924,0.035418137224372016,-0.05899999999999994,-0.018999999999999906,5000,0.07605402517691617,0.024404665008979427,0.06091382726924411,0.08938880887820176,5000,0.060969141638975946,0.04292328670162614,0.0359843358171281,0.0861314651946107,5000,-0.015084883537940203,0.05411803681489992,-0.04704470436730554,0.016835914967261036,5000,-0.019499999999999962,0.01770906861218604,-0.029500000000000005,-0.008999999999999942,5000,-0.019499999999999983,0.017709068612185994,-0.02949999999999999,-0.008999999999999985,5000,-0.038999999999999924,0.035418137224372016,-0.05899999999999994,-0.017999999999999905,5000,-0.05899999999999994,0.025144029554194838,-0.07399999999999995,-0.04399999999999993,5000,-0.020000000000000018,0.018257418583505554,-0.031000000000000028,-0.009000000000000008,5000,0.0,0.0,0.0,0.0,5000,0.0,0.0,0.0,0.0,5000,sample_sd,95% percentile bootstrap over paired_simulator_seeds_within_fixed_target,paired_simulator_seeds_within_fixed_target,5000
MNIST_QNN_z_r1_d6_s43,z_r1_d6,43,medium_risk_z_anchor,z,1,6,ideal_shot,128,loss,ibm_kingston,False,10,-0.05899999999999994,0.025144029554194838,-0.07399999999999995,-0.04399999999999993,5000,-0.020000000000000018,0.018257418583505554,-0.031000000000000028,-0.010000000000000009,5000,-0.038999999999999924,0.035418137224372016,-0.05999999999999994,-0.017999999999999905,5000,0.07605402517691617,0.024404665008979427,0.06089480993405402,0.08990091458156765,5000,0.060969141638975946,0.04292328670162614,0.03629298568051213,0.08614534590629512,5000,-0.015084883537940203,0.05411803681489992,-0.04750790504623665,0.015762048016589664,5000,-0.0035000000000000365,0.018180575715123368,-0.013830250000000042,0.007580249999999961,5000,-0.02949999999999996,0.030041637771599596,-0.04599999999999997,-0.011999999999999945,5000,-0.05899999999999992,0.060083275543199206,-0.09299999999999992,-0.02299999999999991,5000,-0.08699999999999994,0.060378436180109483,-0.12199999999999991,-0.05097500000000026,5000,-0.028000000000000014,0.030840089349921013,-0.04600000000000002,-0.010000000000000009,5000,-0.023000000000000003,0.01636391694484477,-0.033,-0.014000000000000002,5000,-0.01700000000000001,0.019465068427541914,-0.027000000000000014,-0.005000000000000007,5000,sample_sd,95% percentile bootstrap over paired_simulator_seeds_within_fixed_target,paired_simulator_seeds_within_fixed_target,5000
MNIST_QNN_z_r1_d6_s43,z_r1_d6,43,medium_risk_z_anchor,z,1,6,ideal_shot,512,confidence,ibm_kingston,False,10,-0.030999999999999927,0.021317702607092644,-0.04299999999999994,-0.018999999999999916,5000,-0.013000000000000012,0.015670212364724226,-0.02100000000000002,-0.0030000000000000027,5000,-0.017999999999999915,0.0304776785350999,-0.035999999999999935,8.881784197001253e-17,5000,0.014608995308786676,0.011613178487803313,0.00747548270648675,0.02113707882757206,5000,0.02032665986922798,0.009299687030099616,0.015269132772920397,0.025951821947773665,5000,0.005717664560441338,0.011639482015899143,-0.0006210091016377134,0.01288884139483398,5000,-0.00175500000000004,0.00696772121205268,-0.005990500000000039,0.002150124999999961,5000,0.005500000000000005,0.024545875417267174,-0.008000000000000007,0.02100000000000002,5000,0.011000000000000041,0.04909175083453434,-0.01599999999999997,0.04100000000000006,5000,0.129,0.15314843924912996,0.043000000000000024,0.21702499999999966,5000,0.11799999999999997,0.11640923980127656,0.04699999999999999,0.18699999999999997,5000,-0.039,0.021317702607092644,-0.052000000000000005,-0.027000000000000003,5000,-0.012000000000000012,0.023944379994757292,-0.027000000000000007,0.0019999999999999866,5000,sample_sd,95% percentile bootstrap over paired_simulator_seeds_within_fixed_target,paired_simulator_seeds_within_fixed_target,5000
MNIST_QNN_z_r1_d6_s43,z_r1_d6,43,medium_risk_z_anchor,z,1,6,ideal_shot,512,correctness,ibm_kingston,False,10,-0.030999999999999927,0.021317702607092644,-0.04399999999999993,-0.01897500000000027,5000,-0.013000000000000012,0.015670212364724226,-0.02100000000000002,-0.0030000000000000027,5000,-0.017999999999999915,0.0304776785350999,-0.03499999999999992,8.881784197001253e-17,5000,0.014608995308786676,0.011613178487803313,0.007765400534342899,0.02131050618003718,5000,0.02032665986922798,0.009299687030099616,0.015061089874972799,0.025756468783517544,5000,0.005717664560441338,0.011639482015899143,-0.0005403911938204867,0.012735421083808257,5000,-0.008999999999999998,0.015238839267549943,-0.01799999999999998,0.0,5000,-0.008999999999999985,0.015238839267549934,-0.01799999999999997,0.0,5000,-0.017999999999999915,0.0304776785350999,-0.035024999999999924,-0.0009750000000002547,5000,-0.030999999999999927,0.021317702607092644,-0.04399999999999993,-0.01799999999999995,5000,-0.013000000000000012,0.015670212364724226,-0.02200000000000002,-0.0030000000000000027,5000,0.0,0.0,0.0,0.0,5000,0.0,0.0,0.0,0.0,5000,sample_sd,95% percentile bootstrap over paired_simulator_seeds_within_fixed_target,paired_simulator_seeds_within_fixed_target,5000
MNIST_QNN_z_r1_d6_s43,z_r1_d6,43,medium_risk_z_anchor,z,1,6,ideal_shot,512,loss,ibm_kingston,False,10,-0.030999999999999927,0.021317702607092644,-0.04399999999999993,-0.018999999999999927,5000,-0.013000000000000012,0.015670212364724226,-0.02100000000000002,-0.0040000000000000036,5000,-0.017999999999999915,0.0304776785350999,-0.03502499999999993,7.771561172376095e-17,5000,0.014608995308786676,0.011613178487803313,0.0075386884716151905,0.021164221665539287,5000,0.02032665986922798,0.009299687030099616,0.014895923399535937,0.02595586424996139,5000,0.005717664560441338,0.011639482015899143,-0.0008499411245071101,0.013219493532160934,5000,-0.0002750000000000252,0.0060734051404463685,-0.004110500000000046,0.0031499999999999866,5000,-0.003499999999999981,0.020554804791094453,-0.01649999999999997,0.007500000000000018,5000,-0.006999999999999973,0.04110960958218893,-0.03299999999999996,0.015000000000000013,5000,-0.011999999999999978,0.04049691346263316,-0.03799999999999998,0.009000000000000008,5000,-0.0050000000000000044,0.02415229457698242,-0.020000000000000018,0.009000000000000008,5000,-0.039,0.021317702607092644,-0.052000000000000005,-0.027000000000000003,5000,-0.012000000000000012,0.023944379994757292,-0.026000000000000013,0.0019999999999999866,5000,sample_sd,95% percentile bootstrap over paired_simulator_seeds_within_fixed_target,paired_simulator_seeds_within_fixed_target,5000
MNIST_QNN_z_r1_d6_s43,z_r1_d6,43,medium_risk_z_anchor,z,1,6,ideal_shot,1024,confidence,ibm_kingston,False,10,-0.015999999999999938,0.014298407059684784,-0.02499999999999991,-0.007999999999999941,5000,-0.007000000000000006,0.014944341180973276,-0.016000000000000014,0.0020000000000000018,5000,-0.00899999999999993,0.024244128727957552,-0.02299999999999992,0.00500000000000006,5000,0.00614415765822558,0.00832637268603178,0.0014571643058435163,0.011051848565618526,5000,0.008844504636945161,0.007687952367309259,0.004017687810001337,0.013000785995533757,5000,0.002700346978719609,0.008700815803491047,-0.0024294469624764215,0.007602659784747259,5000,-0.002750000000000058,0.006505083482255339,-0.006300000000000067,0.0013199999999999547,5000,-0.005499999999999982,0.01921371038260613,-0.01599999999999998,0.006512499999999851,5000,-0.01099999999999995,0.038427420765212265,-0.03199999999999996,0.013000000000000053,5000,0.11200000000000003,0.13104706533659322,0.03400000000000003,0.189,5000,0.123,0.14118939211018808,0.041999999999999975,0.20599999999999996,5000,-0.033,0.02213594362117866,-0.046,-0.02,5000,-0.012000000000000014,0.016193277068654827,-0.022000000000000013,-0.0020000000000000157,5000,sample_sd,95% percentile bootstrap over paired_simulator_seeds_within_fixed_target,paired_simulator_seeds_within_fixed_target,5000
MNIST_QNN_z_r1_d6_s43,z_r1_d6,43,medium_risk_z_anchor,z,1,6,ideal_shot,1024,correctness,ibm_kingston,False,10,-0.015999999999999938,0.014298407059684784,-0.02499999999999992,-0.007999999999999952,5000,-0.007000000000000006,0.014944341180973276,-0.015000000000000013,0.0020000000000000018,5000,-0.00899999999999993,0.024244128727957552,-0.02299999999999992,0.0060000000000000496,5000,0.00614415765822558,0.00832637268603178,0.001468103002917527,0.011163461525356686,5000,0.008844504636945161,0.007687952367309259,0.004082911009906042,0.013026753717327649,5000,0.002700346978719609,0.008700815803491047,-0.0022981324018202225,0.007971914056511285,5000,-0.0044999999999999485,0.012122064363978774,-0.011499999999999932,0.0025000000000000577,5000,-0.00449999999999996,0.012122064363978786,-0.011499999999999932,0.0025000000000000577,5000,-0.00899999999999993,0.024244128727957552,-0.02299999999999992,0.0060000000000000496,5000,-0.015999999999999938,0.014298407059684784,-0.02499999999999992,-0.007999999999999952,5000,-0.007000000000000006,0.014944341180973276,-0.015000000000000013,0.0020000000000000018,5000,0.0,0.0,0.0,0.0,5000,0.0,0.0,0.0,0.0,5000,sample_sd,95% percentile bootstrap over paired_simulator_seeds_within_fixed_target,paired_simulator_seeds_within_fixed_target,5000
MNIST_QNN_z_r1_d6_s43,z_r1_d6,43,medium_risk_z_anchor,z,1,6,ideal_shot,1024,loss,ibm_kingston,False,10,-0.015999999999999938,0.014298407059684784,-0.02499999999999992,-0.007999999999999941,5000,-0.007000000000000006,0.014944341180973276,-0.015000000000000013,0.0020000000000000018,5000,-0.00899999999999993,0.024244128727957552,-0.02299999999999992,0.006000000000000038,5000,0.00614415765822558,0.00832637268603178,0.0013195594818464008,0.01098751323074863,5000,0.008844504636945161,0.007687952367309259,0.004064621933683475,0.012998574059866898,5000,0.002700346978719609,0.008700815803491047,-0.0023211973389336035,0.007837436374265148,5000,-0.0010300000000000088,0.003935324354837595,-0.003180250000000037,0.001330249999999994,5000,-0.005499999999999961,0.007619419633774959,-0.009999999999999943,-0.0009999999999999564,5000,-0.010999999999999932,0.015238839267549929,-0.01899999999999994,-0.001975000000000289,5000,-0.015999999999999938,0.02270584848790185,-0.029999999999999936,-0.003999999999999959,5000,-0.0050000000000000044,0.015092308563562374,-0.015000000000000013,0.0030000000000000027,5000,-0.033,0.02213594362117866,-0.046,-0.019999999999999997,5000,-0.012000000000000014,0.016193277068654827,-0.022000000000000013,-0.003000000000000011,5000,sample_sd,95% percentile bootstrap over paired_simulator_seeds_within_fixed_target,paired_simulator_seeds_within_fixed_target,5000
MNIST_QNN_z_r1_d6_s43,z_r1_d6,43,medium_risk_z_anchor,z,1,6,noisy_shot,128,confidence,ibm_kingston,True,10,-0.08599999999999995,0.03238655413730966,-0.10399999999999995,-0.06599999999999995,5000,-0.02200000000000002,0.013165611772087676,-0.030000000000000027,-0.014000000000000012,5000,-0.06399999999999993,0.03777124126457413,-0.08599999999999994,-0.04199999999999991,5000,0.1460890789469813,0.038143118319261544,0.12205073832666191,0.1671470848139277,5000,0.06536358647167796,0.022782996990890793,0.052510565581852985,0.07913408112978937,5000,-0.08072549247530332,0.04966802002605909,-0.11025985870743224,-0.05219188597550991,5000,-0.02769000000000004,0.026883842731276374,-0.04212025000000006,-0.011049250000000033,5000,0.009500000000000031,0.0190685896466181,-0.001499999999999968,0.021000000000000036,5000,0.019000000000000038,0.03813717929323619,-0.002999999999999961,0.04100000000000003,5000,-0.12699999999999997,0.17562902822584758,-0.215,-0.012999999999999961,5000,-0.14600000000000002,0.1852445830667001,-0.23900000000000005,-0.023000000000000007,5000,-0.03899999999999999,0.01911950719959998,-0.051000000000000004,-0.028999999999999998,5000,-0.028000000000000014,0.02485513584307633,-0.042000000000000016,-0.013000000000000008,5000,sample_sd,95% percentile bootstrap over paired_simulator_seeds_within_fixed_target,paired_simulator_seeds_within_fixed_target,5000
MNIST_QNN_z_r1_d6_s43,z_r1_d6,43,medium_risk_z_anchor,z,1,6,noisy_shot,128,correctness,ibm_kingston,True,10,-0.08599999999999995,0.03238655413730966,-0.10499999999999994,-0.06599999999999995,5000,-0.02200000000000002,0.013165611772087676,-0.030000000000000027,-0.014000000000000012,5000,-0.06399999999999993,0.03777124126457413,-0.08599999999999994,-0.041999999999999926,5000,0.1460890789469813,0.038143118319261544,0.12376377744671188,0.16739981718602817,5000,0.06536358647167796,0.022782996990890793,0.0525155712693289,0.07917074993061682,5000,-0.08072549247530332,0.04966802002605909,-0.11026106683106672,-0.052733225252946776,5000,-0.03199999999999996,0.018885620632287083,-0.04299999999999997,-0.02099999999999993,5000,-0.03200000000000001,0.01888562063228708,-0.043000000000000024,-0.020999999999999998,5000,-0.06399999999999993,0.03777124126457413,-0.08599999999999994,-0.04199999999999991,5000,-0.08599999999999995,0.03238655413730966,-0.10399999999999995,-0.06699999999999995,5000,-0.02200000000000002,0.013165611772087676,-0.030000000000000027,-0.014000000000000012,5000,0.0,0.0,0.0,0.0,5000,0.0,0.0,0.0,0.0,5000,sample_sd,95% percentile bootstrap over paired_simulator_seeds_within_fixed_target,paired_simulator_seeds_within_fixed_target,5000
MNIST_QNN_z_r1_d6_s43,z_r1_d6,43,medium_risk_z_anchor,z,1,6,noisy_shot,128,loss,ibm_kingston,True,10,-0.08599999999999995,0.03238655413730966,-0.10399999999999995,-0.06599999999999995,5000,-0.02200000000000002,0.013165611772087676,-0.030000000000000027,-0.014000000000000012,5000,-0.06399999999999993,0.03777124126457413,-0.08599999999999994,-0.041999999999999926,5000,0.1460890789469813,0.038143118319261544,0.12297422316935225,0.16791611701380968,5000,0.06536358647167796,0.022782996990890793,0.0524370595537577,0.0792622279797942,5000,-0.08072549247530332,0.04966802002605909,-0.11035955849783183,-0.05194958918194342,5000,-0.02020000000000004,0.019429530788638908,-0.031110500000000048,-0.008419500000000035,5000,-0.03299999999999996,0.019607254893136958,-0.04449999999999995,-0.021499999999999984,5000,-0.06599999999999996,0.039214509786274,-0.08899999999999998,-0.04299999999999993,5000,-0.05399999999999995,0.03949683531626302,-0.07599999999999996,-0.02899999999999996,5000,0.01200000000000001,0.03190262963734776,-0.007000000000000006,0.030000000000000027,5000,-0.03899999999999999,0.01911950719959998,-0.05099999999999999,-0.028999999999999998,5000,-0.028000000000000014,0.02485513584307633,-0.04200000000000001,-0.013000000000000008,5000,sample_sd,95% percentile bootstrap over paired_simulator_seeds_within_fixed_target,paired_simulator_seeds_within_fixed_target,5000
MNIST_QNN_z_r1_d6_s43,z_r1_d6,43,medium_risk_z_anchor,z,1,6,noisy_shot,512,confidence,ibm_kingston,True,10,-0.05599999999999994,0.02503331114069147,-0.07099999999999995,-0.041999999999999926,5000,-0.03300000000000003,0.016363916944844785,-0.04200000000000004,-0.02300000000000002,5000,-0.02299999999999991,0.03093002855909882,-0.041999999999999926,-0.004999999999999893,5000,0.07476810549088984,0.014727073353302537,0.06619541269219514,0.08323261562188486,5000,0.02573863809919561,0.016347232370265332,0.015848225426777877,0.03506204127069498,5000,-0.04902946739169421,0.025091171252077795,-0.06471583498988477,-0.03478293197779021,5000,-0.02275000000000004,0.010346470144181767,-0.028590000000000042,-0.016460000000000048,5000,-0.013499999999999984,0.015284342024147173,-0.022499999999999992,-0.004499999999999976,5000,-0.026999999999999958,0.03056868404829434,-0.04499999999999996,-0.008999999999999952,5000,0.136,0.17846256999407156,0.03400000000000003,0.24200000000000005,5000,0.16299999999999998,0.17600820687936372,0.06299999999999997,0.267,5000,-0.041999999999999996,0.013165611772087665,-0.049,-0.034,5000,-0.03600000000000001,0.020110804171997808,-0.04800000000000001,-0.024000000000000014,5000,sample_sd,95% percentile bootstrap over paired_simulator_seeds_within_fixed_target,paired_simulator_seeds_within_fixed_target,5000
MNIST_QNN_z_r1_d6_s43,z_r1_d6,43,medium_risk_z_anchor,z,1,6,noisy_shot,512,correctness,ibm_kingston,True,10,-0.05599999999999994,0.02503331114069147,-0.07099999999999995,-0.041999999999999926,5000,-0.03300000000000003,0.016363916944844785,-0.04200000000000004,-0.02300000000000002,5000,-0.02299999999999991,0.03093002855909882,-0.041999999999999926,-0.004999999999999893,5000,0.07476810549088984,0.014727073353302537,0.06625700026691009,0.08342765014690774,5000,0.02573863809919561,0.016347232370265332,0.015750788403416587,0.03494982171982842,5000,-0.04902946739169421,0.025091171252077795,-0.06363167864630671,-0.03514701271529412,5000,-0.011499999999999932,0.015465014279549391,-0.020499999999999942,-0.0029999999999999138,5000,-0.011499999999999977,0.015465014279549362,-0.020512499999999968,-0.0029999999999999914,5000,-0.02299999999999991,0.03093002855909882,-0.041999999999999926,-0.004999999999999893,5000,-0.05599999999999994,0.02503331114069147,-0.07099999999999995,-0.041999999999999926,5000,-0.03300000000000003,0.016363916944844785,-0.04200000000000004,-0.02300000000000002,5000,0.0,0.0,0.0,0.0,5000,0.0,0.0,0.0,0.0,5000,sample_sd,95% percentile bootstrap over paired_simulator_seeds_within_fixed_target,paired_simulator_seeds_within_fixed_target,5000
MNIST_QNN_z_r1_d6_s43,z_r1_d6,43,medium_risk_z_anchor,z,1,6,noisy_shot,512,loss,ibm_kingston,True,10,-0.05599999999999994,0.02503331114069147,-0.07099999999999995,-0.041999999999999926,5000,-0.03300000000000003,0.016363916944844785,-0.04200000000000004,-0.02300000000000002,5000,-0.02299999999999991,0.03093002855909882,-0.041999999999999926,-0.005999999999999894,5000,0.07476810549088984,0.014727073353302537,0.06603339295718431,0.08328400932111252,5000,0.02573863809919561,0.016347232370265332,0.01572583420640432,0.03514634439520373,5000,-0.04902946739169421,0.025091171252077795,-0.06505812504889404,-0.03536817490483374,5000,-0.012890000000000023,0.007745457450087162,-0.017690250000000005,-0.008509500000000036,5000,-0.003999999999999971,0.01760681686165899,-0.014499999999999935,0.006000000000000028,5000,-0.007999999999999952,0.03521363372331803,-0.028999999999999915,0.012000000000000066,5000,-0.01699999999999996,0.03497618237219912,-0.03899999999999996,0.0010000000000000453,5000,-0.009000000000000008,0.02558211180579988,-0.02300000000000002,0.007000000000000006,5000,-0.041999999999999996,0.013165611772087665,-0.049,-0.033999999999999996,5000,-0.03600000000000001,0.020110804171997808,-0.04800000000000001,-0.024000000000000014,5000,sample_sd,95% percentile bootstrap over paired_simulator_seeds_within_fixed_target,paired_simulator_seeds_within_fixed_target,5000
MNIST_QNN_z_r1_d6_s43,z_r1_d6,43,medium_risk_z_anchor,z,1,6,noisy_shot,1024,confidence,ibm_kingston,True,10,-0.04899999999999993,0.02282785822435193,-0.06299999999999994,-0.03599999999999992,5000,-0.028000000000000025,0.013984117975602034,-0.03600000000000003,-0.020000000000000018,5000,-0.020999999999999908,0.024244128727957594,-0.03599999999999992,-0.006999999999999895,5000,0.06394114107917993,0.010214301227597809,0.058071502614974076,0.06993586730781277,5000,0.014560990554542474,0.00858650202698292,0.009389790817032895,0.019540806247676616,5000,-0.04938015052463743,0.008731585636218833,-0.05424978174470709,-0.04381643433499851,5000,-0.020210000000000033,0.007416715355645454,-0.024491250000000048,-0.015678500000000033,5000,-0.007499999999999979,0.01670828137980284,-0.01699999999999997,0.0025000000000000187,5000,-0.014999999999999966,0.0334165627596057,-0.03499999999999996,0.00500000000000003,5000,0.05000000000000003,0.15011106998930268,-0.03599999999999997,0.139,5000,0.06499999999999999,0.14439529078193653,-0.01800000000000001,0.14799999999999996,5000,-0.048,0.006324555320336761,-0.052000000000000005,-0.044,5000,-0.03300000000000001,0.021628170930011112,-0.04500000000000002,-0.02000000000000001,5000,sample_sd,95% percentile bootstrap over paired_simulator_seeds_within_fixed_target,paired_simulator_seeds_within_fixed_target,5000
MNIST_QNN_z_r1_d6_s43,z_r1_d6,43,medium_risk_z_anchor,z,1,6,noisy_shot,1024,correctness,ibm_kingston,True,10,-0.04899999999999993,0.02282785822435193,-0.061999999999999944,-0.03599999999999992,5000,-0.028000000000000025,0.013984117975602034,-0.03600000000000003,-0.019000000000000017,5000,-0.020999999999999908,0.024244128727957594,-0.03499999999999992,-0.006999999999999895,5000,0.06394114107917993,0.010214301227597809,0.05823535967163079,0.06999327772568464,5000,0.014560990554542474,0.00858650202698292,0.009417868713197039,0.01960447642192881,5000,-0.04938015052463743,0.008731585636218833,-0.05400705452863149,-0.04396480198715034,5000,-0.010499999999999931,0.012122064363978812,-0.017999999999999926,-0.0034999999999999363,5000,-0.010499999999999987,0.012122064363978797,-0.01799999999999998,-0.003499999999999992,5000,-0.020999999999999908,0.024244128727957594,-0.03599999999999992,-0.006999999999999895,5000,-0.04899999999999993,0.02282785822435193,-0.06299999999999994,-0.03599999999999992,5000,-0.028000000000000025,0.013984117975602034,-0.03600000000000003,-0.019000000000000017,5000,0.0,0.0,0.0,0.0,5000,0.0,0.0,0.0,0.0,5000,sample_sd,95% percentile bootstrap over paired_simulator_seeds_within_fixed_target,paired_simulator_seeds_within_fixed_target,5000
MNIST_QNN_z_r1_d6_s43,z_r1_d6,43,medium_risk_z_anchor,z,1,6,noisy_shot,1024,loss,ibm_kingston,True,10,-0.04899999999999993,0.02282785822435193,-0.06299999999999994,-0.03599999999999992,5000,-0.028000000000000025,0.013984117975602034,-0.03600000000000003,-0.020000000000000018,5000,-0.020999999999999908,0.024244128727957594,-0.03499999999999992,-0.006999999999999895,5000,0.06394114107917993,0.010214301227597809,0.05805321565279081,0.07008591730531695,5000,0.014560990554542474,0.00858650202698292,0.009354428600233191,0.01949425586752325,5000,-0.04938015052463743,0.008731585636218833,-0.05412629617639069,-0.04390601319815067,5000,-0.01050000000000002,0.0050688591747387515,-0.013450250000000049,-0.007650000000000045,5000,-0.0009999999999999675,0.015420044674960488,-0.010499999999999954,0.008000000000000018,5000,-0.001999999999999935,0.030840089349921013,-0.02099999999999993,0.015000000000000069,5000,-0.009999999999999943,0.021602468994692835,-0.02199999999999993,0.003000000000000036,5000,-0.008000000000000007,0.023475755815545365,-0.02200000000000002,0.0050000000000000044,5000,-0.048,0.006324555320336761,-0.052000000000000005,-0.044,5000,-0.03300000000000001,0.021628170930011112,-0.04500000000000002,-0.02000000000000001,5000,sample_sd,95% percentile bootstrap over paired_simulator_seeds_within_fixed_target,paired_simulator_seeds_within_fixed_target,5000
MNIST_QNN_z_r1_d6_s44,z_r1_d6,44,medium_risk_z_anchor,z,1,6,ideal_shot,128,confidence,ibm_kingston,False,10,-0.051999999999999935,0.013984117975602034,-0.05999999999999994,-0.04399999999999993,5000,-0.03400000000000003,0.024585451886114384,-0.04800000000000004,-0.020000000000000018,5000,-0.017999999999999905,0.03190262963734776,-0.03599999999999992,0.002000000000000113,5000,0.04839124215321498,0.011815779863265473,0.04122743602314149,0.05512827127790514,5000,0.04558914935732905,0.03251119573395763,0.0256778812599929,0.06348742894754726,5000,-0.002802092795885963,0.027018220859385995,-0.0182967699775978,0.012209690155819426,5000,-0.0005699999999999817,0.004778435355264808,-0.003390250000000004,0.0022100000000000344,5000,0.06500000000000002,0.015092308563562374,0.05699999999999998,0.07450000000000001,5000,0.12999999999999998,0.03018461712712472,0.11299999999999999,0.14900000000000002,5000,0.059999999999999984,0.12631530214330944,-0.021,0.131,5000,-0.06999999999999999,0.12463279397226612,-0.146,-0.002975000000000334,5000,0.018000000000000002,0.02043961295567452,0.007000000000000001,0.030000000000000006,5000,0.03099999999999999,0.018529256146249725,0.019999999999999997,0.040999999999999995,5000,sample_sd,95% percentile bootstrap over paired_simulator_seeds_within_fixed_target,paired_simulator_seeds_within_fixed_target,5000
MNIST_QNN_z_r1_d6_s44,z_r1_d6,44,medium_risk_z_anchor,z,1,6,ideal_shot,128,correctness,ibm_kingston,False,10,-0.051999999999999935,0.013984117975602034,-0.06099999999999994,-0.04399999999999993,5000,-0.03400000000000003,0.024585451886114384,-0.04800000000000004,-0.020000000000000018,5000,-0.017999999999999905,0.03190262963734776,-0.03599999999999992,0.002000000000000113,5000,0.04839124215321498,0.011815779863265473,0.040960527439135315,0.05499837423839563,5000,0.04558914935732905,0.03251119573395763,0.024898204484368074,0.06323093409021062,5000,-0.002802092795885963,0.027018220859385995,-0.018741457599397448,0.012830889209656039,5000,-0.00899999999999993,0.01595131481867388,-0.018499999999999905,9.992007221626409e-17,5000,-0.00899999999999993,0.01595131481867384,-0.017999999999999915,0.0005000000000000449,5000,-0.017999999999999905,0.03190262963734776,-0.03699999999999992,0.001000000000000112,5000,-0.051999999999999935,0.013984117975602034,-0.06099999999999994,-0.04399999999999993,5000,-0.03400000000000003,0.024585451886114384,-0.04800000000000004,-0.019000000000000017,5000,0.0,0.0,0.0,0.0,5000,0.0,0.0,0.0,0.0,5000,sample_sd,95% percentile bootstrap over paired_simulator_seeds_within_fixed_target,paired_simulator_seeds_within_fixed_target,5000
MNIST_QNN_z_r1_d6_s44,z_r1_d6,44,medium_risk_z_anchor,z,1,6,ideal_shot,128,loss,ibm_kingston,False,10,-0.051999999999999935,0.013984117975602034,-0.06099999999999994,-0.04399999999999993,5000,-0.03400000000000003,0.024585451886114384,-0.04800000000000004,-0.020000000000000018,5000,-0.017999999999999905,0.03190262963734776,-0.03599999999999992,0.001000000000000112,5000,0.04839124215321498,0.011815779863265473,0.04122484528948552,0.05494512172321119,5000,0.04558914935732905,0.03251119573395763,0.02551277253852499,0.06368603989588342,5000,-0.002802092795885963,0.027018220859385995,-0.01960728037312766,0.012628040258938945,5000,-0.002069999999999983,0.006069239381229438,-0.005000250000000003,0.0019000000000000017,5000,-0.02899999999999995,0.021705094128132926,-0.04099999999999994,-0.015499999999999958,5000,-0.05800000000000003,0.04341018825626591,-0.08200000000000002,-0.030975000000000356,5000,-0.06799999999999998,0.054934304198540444,-0.09699999999999998,-0.033975000000000324,5000,-0.009999999999999943,0.04242640687119285,-0.03599999999999994,0.014000000000000068,5000,0.018000000000000002,0.02043961295567452,0.007000000000000001,0.030000000000000006,5000,0.03099999999999999,0.018529256146249725,0.019975000000000007,0.040999999999999995,5000,sample_sd,95% percentile bootstrap over paired_simulator_seeds_within_fixed_target,paired_simulator_seeds_within_fixed_target,5000
MNIST_QNN_z_r1_d6_s44,z_r1_d6,44,medium_risk_z_anchor,z,1,6,ideal_shot,512,confidence,ibm_kingston,False,10,-0.02399999999999992,0.014298407059684803,-0.03199999999999992,-0.015999999999999914,5000,-0.01200000000000001,0.016193277068654838,-0.02100000000000002,-0.0020000000000000018,5000,-0.01199999999999991,0.013165611772087676,-0.019999999999999917,-0.004999999999999893,5000,0.009527785060578026,0.008983207104798361,0.00439134000642953,0.014567615356278846,5000,0.00685367574417618,0.017164740893436316,-0.003778466988466913,0.015722403745853094,5000,-0.0026741093164018735,0.015675108084117505,-0.011785025744450806,0.006145926895800937,5000,0.00376000000000003,0.007043231581533536,-0.0005409999999999953,0.007680250000000048,5000,0.071,0.015420044674960495,0.06200000000000001,0.08,5000,0.14199999999999996,0.030840089349921003,0.125,0.16099999999999998,5000,0.067,0.10242070103255492,0.020000000000000007,0.13399999999999998,5000,-0.07499999999999998,0.09559753599799992,-0.125,-0.012999999999999989,5000,0.016,0.021186998109427604,0.003000000000000002,0.028999999999999998,5000,0.012999999999999998,0.024517567397911055,-0.002000000000000003,0.02699999999999999,5000,sample_sd,95% percentile bootstrap over paired_simulator_seeds_within_fixed_target,paired_simulator_seeds_within_fixed_target,5000
MNIST_QNN_z_r1_d6_s44,z_r1_d6,44,medium_risk_z_anchor,z,1,6,ideal_shot,512,correctness,ibm_kingston,False,10,-0.02399999999999992,0.014298407059684803,-0.03199999999999992,-0.014999999999999947,5000,-0.01200000000000001,0.016193277068654838,-0.02100000000000002,-0.0020000000000000018,5000,-0.01199999999999991,0.013165611772087676,-0.019999999999999917,-0.003999999999999915,5000,0.009527785060578026,0.008983207104798361,0.004352038060124318,0.0147397783530003,5000,0.00685367574417618,0.017164740893436316,-0.003733473452293352,0.015825468730464507,5000,-0.0026741093164018735,0.015675108084117505,-0.011817976838780272,0.006462619271366528,5000,-0.005999999999999961,0.006582805886043809,-0.009999999999999943,-0.0024999999999999467,5000,-0.005999999999999927,0.0065828058860438144,-0.00999999999999992,-0.0024999999999999246,5000,-0.01199999999999991,0.013165611772087676,-0.019999999999999917,-0.004999999999999905,5000,-0.02399999999999992,0.014298407059684803,-0.03199999999999992,-0.015975000000000267,5000,-0.01200000000000001,0.016193277068654838,-0.02100000000000002,-0.0020000000000000018,5000,0.0,0.0,0.0,0.0,5000,0.0,0.0,0.0,0.0,5000,sample_sd,95% percentile bootstrap over paired_simulator_seeds_within_fixed_target,paired_simulator_seeds_within_fixed_target,5000
MNIST_QNN_z_r1_d6_s44,z_r1_d6,44,medium_risk_z_anchor,z,1,6,ideal_shot,512,loss,ibm_kingston,False,10,-0.02399999999999992,0.014298407059684803,-0.03199999999999992,-0.014999999999999947,5000,-0.01200000000000001,0.016193277068654838,-0.02100000000000002,-0.0020000000000000018,5000,-0.01199999999999991,0.013165611772087676,-0.019999999999999917,-0.003999999999999915,5000,0.009527785060578026,0.008983207104798361,0.004183516527607569,0.014740457030129623,5000,0.00685367574417618,0.017164740893436316,-0.004164763869039563,0.01572974548263012,5000,-0.0026741093164018735,0.015675108084117505,-0.011955329275283977,0.006357018622814937,5000,0.0013900000000000579,0.005852720165302031,-0.002140499999999941,0.004590000000000027,5000,-0.01799999999999994,0.022509257354845484,-0.030499999999999926,-0.004499999999999971,5000,-0.03600000000000003,0.04501851470969102,-0.06100000000000003,-0.009000000000000018,5000,-0.05499999999999997,0.03566822426505448,-0.07399999999999997,-0.032999999999999974,5000,-0.01899999999999994,0.04771442828607157,-0.04699999999999993,0.010000000000000042,5000,0.016,0.021186998109427604,0.004000000000000002,0.029000000000000005,5000,0.012999999999999998,0.024517567397911055,-0.0020000000000000026,0.02699999999999999,5000,sample_sd,95% percentile bootstrap over paired_simulator_seeds_within_fixed_target,paired_simulator_seeds_within_fixed_target,5000
MNIST_QNN_z_r1_d6_s44,z_r1_d6,44,medium_risk_z_anchor,z,1,6,ideal_shot,1024,confidence,ibm_kingston,False,10,-0.017999999999999915,0.012292725943057166,-0.02499999999999991,-0.00999999999999993,5000,0.0,0.013333333333333346,-0.008000000000000007,0.008000000000000007,5000,-0.017999999999999915,0.018737959096740267,-0.027999999999999924,-0.006999999999999895,5000,0.008223980395850958,0.008733220048549307,0.0030923116883182864,0.013215569139573202,5000,-0.005401453026628533,0.012362993592854487,-0.012573512062968736,0.0019826495742906024,5000,-0.013625433422479516,0.014556608556186243,-0.021615201966933076,-0.0047356206131327645,5000,0.0014600000000000168,0.006732376169591884,-0.0024902499999999808,0.0053200000000000035,5000,0.07050000000000001,0.02229225077116363,0.0584875,0.08450000000000002,5000,0.14100000000000001,0.04458450154232722,0.11600000000000002,0.1680249999999997,5000,0.07300000000000001,0.0740945342113708,0.03300000000000001,0.118,5000,-0.068,0.06285786435372356,-0.10300000000000001,-0.029000000000000015,5000,0.01,0.009428090415820633,0.005000000000000001,0.016,5000,0.006999999999999995,0.02057506581601462,-0.0050000000000000044,0.017999999999999995,5000,sample_sd,95% percentile bootstrap over paired_simulator_seeds_within_fixed_target,paired_simulator_seeds_within_fixed_target,5000
MNIST_QNN_z_r1_d6_s44,z_r1_d6,44,medium_risk_z_anchor,z,1,6,ideal_shot,1024,correctness,ibm_kingston,False,10,-0.017999999999999915,0.012292725943057166,-0.02399999999999992,-0.00999999999999993,5000,0.0,0.013333333333333346,-0.008000000000000007,0.008000000000000007,5000,-0.017999999999999915,0.018737959096740267,-0.028999999999999915,-0.0069999999999999065,5000,0.008223980395850958,0.008733220048549307,0.0031335971057320318,0.01323112066062894,5000,-0.005401453026628533,0.012362993592854487,-0.012330241130714362,0.002067815046227823,5000,-0.013625433422479516,0.014556608556186243,-0.02169411511024078,-0.004443444474940027,5000,-0.008999999999999942,0.009368979548370137,-0.013999999999999957,-0.0034999999999999255,5000,-0.00899999999999993,0.00936897954837009,-0.013999999999999912,-0.0034999999999999476,5000,-0.017999999999999915,0.018737959096740267,-0.028999999999999915,-0.0059999999999999385,5000,-0.017999999999999915,0.012292725943057166,-0.02399999999999991,-0.00999999999999993,5000,0.0,0.013333333333333346,-0.008000000000000007,0.007000000000000006,5000,0.0,0.0,0.0,0.0,5000,0.0,0.0,0.0,0.0,5000,sample_sd,95% percentile bootstrap over paired_simulator_seeds_within_fixed_target,paired_simulator_seeds_within_fixed_target,5000
MNIST_QNN_z_r1_d6_s44,z_r1_d6,44,medium_risk_z_anchor,z,1,6,ideal_shot,1024,loss,ibm_kingston,False,10,-0.017999999999999915,0.012292725943057166,-0.02399999999999992,-0.00999999999999993,5000,0.0,0.013333333333333346,-0.008000000000000007,0.008000000000000007,5000,-0.017999999999999915,0.018737959096740267,-0.027999999999999924,-0.0069999999999999065,5000,0.008223980395850958,0.008733220048549307,0.003162421695954248,0.013324419899776698,5000,-0.005401453026628533,0.012362993592854487,-0.012372816215391453,0.002200886757113071,5000,-0.013625433422479516,0.014556608556186243,-0.02176984927920272,-0.004664297132604384,5000,-0.0006799999999999584,0.006428547442636027,-0.004370249999999962,0.0031702500000000146,5000,-0.01949999999999995,0.01363207003111899,-0.026999999999999934,-0.010999999999999965,5000,-0.039,0.027264140062238002,-0.05399999999999998,-0.02200000000000002,5000,-0.05099999999999997,0.0462961481479111,-0.07899999999999996,-0.022999999999999975,5000,-0.011999999999999966,0.03852848873813302,-0.035999999999999956,0.009000000000000018,5000,0.01,0.009428090415820633,0.005000000000000001,0.016000000000000004,5000,0.006999999999999995,0.02057506581601462,-0.005000000000000006,0.018999999999999996,5000,sample_sd,95% percentile bootstrap over paired_simulator_seeds_within_fixed_target,paired_simulator_seeds_within_fixed_target,5000
MNIST_QNN_z_r1_d6_s44,z_r1_d6,44,medium_risk_z_anchor,z,1,6,noisy_shot,128,confidence,ibm_kingston,True,10,-0.09399999999999996,0.020110804171997804,-0.10499999999999998,-0.08199999999999996,5000,-0.04200000000000004,0.03675746333890729,-0.062000000000000055,-0.020000000000000018,5000,-0.05199999999999992,0.03359894178227778,-0.07199999999999995,-0.032999999999999904,5000,0.12014982494129797,0.020877943282676444,0.10752773794639507,0.13186098213467046,5000,0.04105388558193233,0.04460532945081826,0.016523024534073994,0.06855308168568956,5000,-0.0790959393593657,0.0495810494700845,-0.10701615355610189,-0.049616292220953595,5000,-0.01376,0.01581730416699101,-0.023870500000000003,-0.005249750000000014,5000,0.06449999999999997,0.036013114895055154,0.0435,0.08549999999999995,5000,0.12899999999999998,0.07202622979011032,0.08897499999999997,0.172,5000,0.16999999999999998,0.11832159566199232,0.09197499999999999,0.22599999999999998,5000,0.04100000000000001,0.14969969939849576,-0.05599999999999997,0.12099999999999995,5000,0.01,0.018856180831641266,-0.0019999999999999974,0.020999999999999998,5000,0.006999999999999995,0.02869378562220979,-0.010000000000000004,0.023999999999999994,5000,sample_sd,95% percentile bootstrap over paired_simulator_seeds_within_fixed_target,paired_simulator_seeds_within_fixed_target,5000
MNIST_QNN_z_r1_d6_s44,z_r1_d6,44,medium_risk_z_anchor,z,1,6,noisy_shot,128,correctness,ibm_kingston,True,10,-0.09399999999999996,0.020110804171997804,-0.10599999999999996,-0.08299999999999995,5000,-0.04200000000000004,0.03675746333890729,-0.062000000000000055,-0.020000000000000018,5000,-0.05199999999999992,0.03359894178227778,-0.07299999999999994,-0.03299999999999992,5000,0.12014982494129797,0.020877943282676444,0.10729056800860562,0.13173427338790494,5000,0.04105388558193233,0.04460532945081826,0.01709346961812995,0.06891825945581734,5000,-0.0790959393593657,0.0495810494700845,-0.10777550358404688,-0.048940193884503956,5000,-0.025999999999999968,0.01679947089113888,-0.0360125,-0.016499999999999994,5000,-0.025999999999999947,0.01679947089113886,-0.036012499999999954,-0.01699999999999995,5000,-0.05199999999999992,0.03359894178227778,-0.07299999999999995,-0.03299999999999992,5000,-0.09399999999999996,0.020110804171997804,-0.10599999999999996,-0.08299999999999995,5000,-0.04200000000000004,0.03675746333890729,-0.06300000000000006,-0.020000000000000018,5000,0.0,0.0,0.0,0.0,5000,0.0,0.0,0.0,0.0,5000,sample_sd,95% percentile bootstrap over paired_simulator_seeds_within_fixed_target,paired_simulator_seeds_within_fixed_target,5000
MNIST_QNN_z_r1_d6_s44,z_r1_d6,44,medium_risk_z_anchor,z,1,6,noisy_shot,128,loss,ibm_kingston,True,10,-0.09399999999999996,0.020110804171997804,-0.10599999999999996,-0.08199999999999996,5000,-0.04200000000000004,0.03675746333890729,-0.062000000000000055,-0.020000000000000018,5000,-0.05199999999999992,0.03359894178227778,-0.07299999999999995,-0.032999999999999904,5000,0.12014982494129797,0.020877943282676444,0.1074232794152049,0.13207002985602884,5000,0.04105388558193233,0.04460532945081826,0.016466099946581436,0.0683335123305551,5000,-0.0790959393593657,0.0495810494700845,-0.10662746127356217,-0.04944291545436133,5000,-0.023509999999999975,0.010641788696768349,-0.029370249999999973,-0.01690999999999999,5000,-0.040499999999999946,0.019642640691448127,-0.051499999999999935,-0.02849999999999995,5000,-0.081,0.039285281382896234,-0.10299999999999998,-0.056000000000000015,5000,-0.10299999999999998,0.05869885480616769,-0.13699999999999998,-0.06899999999999996,5000,-0.021999999999999964,0.06811754546370562,-0.06099999999999998,0.019000000000000038,5000,0.01,0.018856180831641266,-0.0009999999999999987,0.021,5000,0.006999999999999995,0.02869378562220979,-0.010000000000000005,0.023999999999999994,5000,sample_sd,95% percentile bootstrap over paired_simulator_seeds_within_fixed_target,paired_simulator_seeds_within_fixed_target,5000
MNIST_QNN_z_r1_d6_s44,z_r1_d6,44,medium_risk_z_anchor,z,1,6,noisy_shot,512,confidence,ibm_kingston,True,10,-0.05599999999999994,0.015776212754932326,-0.06499999999999995,-0.04699999999999993,5000,-0.04200000000000004,0.01988857852023508,-0.05300000000000005,-0.030000000000000027,5000,-0.013999999999999901,0.021186998109427625,-0.025999999999999912,-0.0009999999999998899,5000,0.0668464223581832,0.011648954027235623,0.06005970792905427,0.07366398779106093,5000,0.005785558706731575,0.016096687902524255,-0.0038662676128674947,0.015283500448576568,5000,-0.06106086365145165,0.022264082574748906,-0.07446825408797304,-0.04787685256028199,5000,-0.01442999999999997,0.00894589291239281,-0.019550499999999978,-0.008959999999999985,5000,0.0595,0.024883059833281505,0.045500000000000006,0.07550000000000001,5000,0.119,0.04976611966656301,0.091,0.15000000000000005,5000,0.08100000000000002,0.13633700076566807,0.0010000000000000117,0.163,5000,-0.03799999999999999,0.11350966674448675,-0.10599999999999998,0.026000000000000006,5000,-0.013999999999999995,0.012649110640673518,-0.020999999999999998,-0.005999999999999998,5000,-0.016000000000000004,0.021705094128132943,-0.028000000000000004,-0.002000000000000004,5000,sample_sd,95% percentile bootstrap over paired_simulator_seeds_within_fixed_target,paired_simulator_seeds_within_fixed_target,5000
MNIST_QNN_z_r1_d6_s44,z_r1_d6,44,medium_risk_z_anchor,z,1,6,noisy_shot,512,correctness,ibm_kingston,True,10,-0.05599999999999994,0.015776212754932326,-0.06499999999999995,-0.04699999999999993,5000,-0.04200000000000004,0.01988857852023508,-0.05400000000000005,-0.031000000000000028,5000,-0.013999999999999901,0.021186998109427625,-0.025999999999999912,-0.0009999999999998899,5000,0.0668464223581832,0.011648954027235623,0.060113058203528635,0.07361543836929485,5000,0.005785558706731575,0.016096687902524255,-0.0038163835951155844,0.015348074225158815,5000,-0.06106086365145165,0.022264082574748906,-0.07383360844882846,-0.04848544672326244,5000,-0.006999999999999928,0.010593499054713806,-0.012999999999999933,-0.0004999999999999227,5000,-0.006999999999999939,0.010593499054713788,-0.012999999999999946,-0.0004999999999999449,5000,-0.013999999999999901,0.021186998109427625,-0.025999999999999912,-0.0009999999999998899,5000,-0.05599999999999994,0.015776212754932326,-0.06499999999999995,-0.04599999999999993,5000,-0.04200000000000004,0.01988857852023508,-0.05400000000000005,-0.030000000000000027,5000,0.0,0.0,0.0,0.0,5000,0.0,0.0,0.0,0.0,5000,sample_sd,95% percentile bootstrap over paired_simulator_seeds_within_fixed_target,paired_simulator_seeds_within_fixed_target,5000
MNIST_QNN_z_r1_d6_s44,z_r1_d6,44,medium_risk_z_anchor,z,1,6,noisy_shot,512,loss,ibm_kingston,True,10,-0.05599999999999994,0.015776212754932326,-0.06499999999999995,-0.04699999999999993,5000,-0.04200000000000004,0.01988857852023508,-0.05400000000000005,-0.030000000000000027,5000,-0.013999999999999901,0.021186998109427625,-0.026024999999999902,-0.0009999999999998899,5000,0.0668464223581832,0.011648954027235623,0.05981295536498655,0.07333383812512037,5000,0.005785558706731575,0.016096687902524255,-0.003773984485777294,0.014990784316504186,5000,-0.06106086365145165,0.022264082574748906,-0.07417171527596947,-0.0478973170290672,5000,-0.01686999999999995,0.008057025919448608,-0.02151024999999994,-0.012099999999999967,5000,-0.030499999999999926,0.029481632700151937,-0.047999999999999945,-0.013499999999999911,5000,-0.061,0.05896326540030384,-0.09400000000000001,-0.026000000000000013,5000,-0.03899999999999996,0.06367451958550173,-0.07399999999999995,0.0010000000000000456,5000,0.02200000000000004,0.04341018825626589,-0.0019999999999999575,0.048024999999999714,5000,-0.013999999999999995,0.012649110640673518,-0.020999999999999998,-0.005999999999999998,5000,-0.016000000000000004,0.021705094128132943,-0.027024999999999997,-0.003000000000000002,5000,sample_sd,95% percentile bootstrap over paired_simulator_seeds_within_fixed_target,paired_simulator_seeds_within_fixed_target,5000
MNIST_QNN_z_r1_d6_s44,z_r1_d6,44,medium_risk_z_anchor,z,1,6,noisy_shot,1024,confidence,ibm_kingston,True,10,-0.041999999999999926,0.011352924243950943,-0.04799999999999993,-0.03499999999999992,5000,-0.04200000000000004,0.010327955589886454,-0.04800000000000004,-0.03600000000000003,5000,1.1102230246251565e-16,0.012472191289246483,-0.006999999999999895,0.007000000000000117,5000,0.060237669180613004,0.007321204385541416,0.056096524830674746,0.06465220494107925,5000,-0.0062742133950814075,0.01491284871794195,-0.01473827017214203,0.0028025646523194485,5000,-0.06651188257569443,0.015476267475156822,-0.07562196074014935,-0.05755224421271411,5000,-0.01400999999999999,0.008068105932208205,-0.018339999999999988,-0.008928750000000011,5000,0.057999999999999996,0.018135294011647277,0.04749999999999999,0.0685,5000,0.11600000000000002,0.036270588023294505,0.09500000000000001,0.137,5000,0.13800000000000004,0.1365283853270081,0.06200000000000001,0.22000000000000003,5000,0.021999999999999992,0.13595750970227588,-0.05599999999999998,0.10099999999999998,5000,-0.020999999999999998,0.009944289260117532,-0.026000000000000002,-0.014999999999999996,5000,-0.024000000000000004,0.021186998109427604,-0.03500000000000001,-0.011000000000000005,5000,sample_sd,95% percentile bootstrap over paired_simulator_seeds_within_fixed_target,paired_simulator_seeds_within_fixed_target,5000
MNIST_QNN_z_r1_d6_s44,z_r1_d6,44,medium_risk_z_anchor,z,1,6,noisy_shot,1024,correctness,ibm_kingston,True,10,-0.041999999999999926,0.011352924243950943,-0.04799999999999993,-0.03499999999999992,5000,-0.04200000000000004,0.010327955589886454,-0.04800000000000004,-0.03600000000000003,5000,1.1102230246251565e-16,0.012472191289246483,-0.006999999999999895,0.007000000000000117,5000,0.060237669180613004,0.007321204385541416,0.05613377814621198,0.06469675843557342,5000,-0.0062742133950814075,0.01491284871794195,-0.01506688790348411,0.0023903967455466634,5000,-0.06651188257569443,0.015476267475156822,-0.07550590314015276,-0.056948155445395963,5000,5.551115123125783e-17,0.006236095644623251,-0.0034999999999999697,0.0035000000000000807,5000,4.4408920985006264e-17,0.006236095644623241,-0.0034999999999999697,0.0035000000000000807,5000,1.1102230246251565e-16,0.012472191289246483,-0.006999999999999895,0.007000000000000117,5000,-0.041999999999999926,0.011352924243950943,-0.04799999999999993,-0.03499999999999992,5000,-0.04200000000000004,0.010327955589886454,-0.04800000000000004,-0.03600000000000003,5000,0.0,0.0,0.0,0.0,5000,0.0,0.0,0.0,0.0,5000,sample_sd,95% percentile bootstrap over paired_simulator_seeds_within_fixed_target,paired_simulator_seeds_within_fixed_target,5000
MNIST_QNN_z_r1_d6_s44,z_r1_d6,44,medium_risk_z_anchor,z,1,6,noisy_shot,1024,loss,ibm_kingston,True,10,-0.041999999999999926,0.011352924243950943,-0.04799999999999993,-0.03499999999999992,5000,-0.04200000000000004,0.010327955589886454,-0.04800000000000004,-0.03600000000000003,5000,1.1102230246251565e-16,0.012472191289246483,-0.006999999999999895,0.007000000000000117,5000,0.060237669180613004,0.007321204385541416,0.05598469288191407,0.0646147458375257,5000,-0.0062742133950814075,0.01491284871794195,-0.01477098201276961,0.0024911680290388705,5000,-0.06651188257569443,0.015476267475156822,-0.07559887839303116,-0.057396758998293045,5000,-0.01709999999999997,0.0062579726926715075,-0.020689999999999965,-0.013409749999999948,5000,-0.008999999999999975,0.02183269719175042,-0.021999999999999974,0.0025000000000000356,5000,-0.017999999999999995,0.043665394383500845,-0.045999999999999985,0.006000000000000005,5000,0.010000000000000031,0.05291502622129182,-0.024999999999999977,0.038000000000000034,5000,0.028000000000000025,0.022997584414213807,0.015000000000000013,0.04200000000000004,5000,-0.020999999999999998,0.009944289260117532,-0.026000000000000002,-0.014999999999999996,5000,-0.024000000000000004,0.021186998109427604,-0.03500000000000001,-0.011000000000000005,5000,sample_sd,95% percentile bootstrap over paired_simulator_seeds_within_fixed_target,paired_simulator_seeds_within_fixed_target,5000
MNIST_QNN_z_r1_d6_s45,z_r1_d6,45,medium_risk_z_anchor,z,1,6,ideal_shot,128,confidence,ibm_kingston,False,10,-0.07199999999999995,0.02097617696340305,-0.08599999999999997,-0.06099999999999994,5000,-0.033000000000000015,0.025407785333546005,-0.04900000000000001,-0.020000000000000007,5000,-0.03899999999999994,0.03446415206816757,-0.05999999999999994,-0.019999999999999928,5000,0.10314483188465282,0.027005637982303154,0.08725426086368891,0.11940845234422015,5000,0.1046502862906555,0.07124502195325257,0.062342499889509094,0.1455281859839046,5000,0.0015054544060027041,0.06727738633365377,-0.03816107989541801,0.039930066825727355,5000,-0.01834000000000003,0.01637519804799657,-0.028752750000000032,-0.009839750000000029,5000,-0.03700000000000003,0.03181543999730669,-0.05600000000000003,-0.018500000000000037,5000,-0.07399999999999995,0.06363087999461339,-0.11099999999999995,-0.03499999999999996,5000,-0.026999999999999948,0.13727911551126615,-0.10399999999999994,0.059000000000000066,5000,0.04700000000000001,0.14111067366511376,-0.033999999999999996,0.12900000000000003,5000,-0.013000000000000006,0.027908580918579305,-0.028000000000000004,0.003999999999999997,5000,0.012999999999999994,0.02710063549890379,-0.0010000000000000022,0.031,5000,sample_sd,95% percentile bootstrap over paired_simulator_seeds_within_fixed_target,paired_simulator_seeds_within_fixed_target,5000
MNIST_QNN_z_r1_d6_s45,z_r1_d6,45,medium_risk_z_anchor,z,1,6,ideal_shot,128,correctness,ibm_kingston,False,10,-0.07199999999999995,0.02097617696340305,-0.08499999999999996,-0.06099999999999994,5000,-0.033000000000000015,0.025407785333546005,-0.04900000000000001,-0.019000000000000017,5000,-0.03899999999999994,0.03446415206816757,-0.058999999999999955,-0.01899999999999995,5000,0.10314483188465282,0.027005637982303154,0.08711658016418485,0.11939425463753574,5000,0.1046502862906555,0.07124502195325257,0.06381933123120542,0.146379948876728,5000,0.0015054544060027041,0.06727738633365377,-0.03959297276316312,0.039461993666981596,5000,-0.019499999999999983,0.01723207603408378,-0.02999999999999998,-0.009499999999999998,5000,-0.019499999999999997,0.017232076034083763,-0.030000000000000006,-0.009999999999999986,5000,-0.03899999999999994,0.03446415206816757,-0.06099999999999994,-0.019999999999999907,5000,-0.07199999999999995,0.02097617696340305,-0.08599999999999997,-0.06099999999999994,5000,-0.033000000000000015,0.025407785333546005,-0.04900000000000002,-0.019000000000000017,5000,0.0,0.0,0.0,0.0,5000,0.0,0.0,0.0,0.0,5000,sample_sd,95% percentile bootstrap over paired_simulator_seeds_within_fixed_target,paired_simulator_seeds_within_fixed_target,5000
MNIST_QNN_z_r1_d6_s45,z_r1_d6,45,medium_risk_z_anchor,z,1,6,ideal_shot,128,loss,ibm_kingston,False,10,-0.07199999999999995,0.02097617696340305,-0.08599999999999997,-0.06099999999999994,5000,-0.033000000000000015,0.025407785333546005,-0.04900000000000001,-0.019000000000000017,5000,-0.03899999999999994,0.03446415206816757,-0.05999999999999994,-0.019999999999999952,5000,0.10314483188465282,0.027005637982303154,0.0876718378712636,0.11920030750164691,5000,0.1046502862906555,0.07124502195325257,0.06378499968596982,0.14658412436013332,5000,0.0015054544060027041,0.06727738633365377,-0.037412787572704775,0.039389875989184774,5000,-0.014459999999999962,0.015012602113631797,-0.02313074999999995,-0.005579749999999966,5000,-0.0415,0.014729034063523801,-0.05,-0.032500000000000015,5000,-0.08300000000000006,0.029458068127047616,-0.10000000000000009,-0.06600000000000006,5000,-0.06700000000000005,0.033349995835415376,-0.08600000000000005,-0.04700000000000003,5000,0.016000000000000014,0.033730961708462744,-0.0020000000000000018,0.038000000000000034,5000,-0.013000000000000006,0.027908580918579305,-0.028000000000000004,0.004999999999999995,5000,0.015999999999999997,0.028362729848243527,-3.469446951952431e-20,0.033999999999999996,5000,sample_sd,95% percentile bootstrap over paired_simulator_seeds_within_fixed_target,paired_simulator_seeds_within_fixed_target,5000
MNIST_QNN_z_r1_d6_s45,z_r1_d6,45,medium_risk_z_anchor,z,1,6,ideal_shot,512,confidence,ibm_kingston,False,10,-0.014999999999999968,0.01957890020745119,-0.02699999999999997,-0.0049999999999999715,5000,-0.010000000000000009,0.018257418583505554,-0.02100000000000002,0.0,5000,-0.00499999999999996,0.030276503540974924,-0.023999999999999945,0.012000000000000044,5000,0.03060236760257475,0.015528118520497883,0.02157618474022188,0.039689334821151716,5000,0.025186197629282127,0.023329884906793687,0.013050878851865415,0.04032738391276383,5000,-0.0054161699732926,0.026368217125603447,-0.021341534515923747,0.009608040611312442,5000,-0.011790000000000017,0.01747960398737786,-0.022050750000000008,-0.0016900000000000027,5000,-0.017500000000000022,0.040909792362111945,-0.042500000000000024,0.005512499999999817,5000,-0.034999999999999934,0.08181958472422388,-0.08199999999999995,0.012000000000000077,5000,0.014000000000000058,0.09811557810392123,-0.04502499999999995,0.07000000000000005,5000,0.048999999999999995,0.09666091936937769,-0.0010000000000000065,0.11099999999999999,5000,-0.013000000000000006,0.009486832980505136,-0.018000000000000006,-0.007000000000000006,5000,0.006999999999999999,0.018287822299126937,-0.0030000000000000014,0.018,5000,sample_sd,95% percentile bootstrap over paired_simulator_seeds_within_fixed_target,paired_simulator_seeds_within_fixed_target,5000
MNIST_QNN_z_r1_d6_s45,z_r1_d6,45,medium_risk_z_anchor,z,1,6,ideal_shot,512,correctness,ibm_kingston,False,10,-0.014999999999999968,0.01957890020745119,-0.02799999999999995,-0.0049999999999999715,5000,-0.010000000000000009,0.018257418583505554,-0.02100000000000002,0.0,5000,-0.00499999999999996,0.030276503540974924,-0.022999999999999955,0.011000000000000055,5000,0.03060236760257475,0.015528118520497883,0.02162744330819727,0.03981235158066497,5000,0.025186197629282127,0.023329884906793687,0.013258065560965336,0.040291370095282886,5000,-0.0054161699732926,0.026368217125603447,-0.020637281906798883,0.0100695150127616,5000,-0.002499999999999969,0.015138251770487457,-0.012012499999999983,0.005500000000000038,5000,-0.00249999999999998,0.015138251770487443,-0.011999999999999966,0.0055000000000000274,5000,-0.00499999999999996,0.030276503540974924,-0.023999999999999955,0.012000000000000044,5000,-0.014999999999999968,0.01957890020745119,-0.02699999999999997,-0.0049999999999999715,5000,-0.010000000000000009,0.018257418583505554,-0.02100000000000002,0.0,5000,0.0,0.0,0.0,0.0,5000,0.0,0.0,0.0,0.0,5000,sample_sd,95% percentile bootstrap over paired_simulator_seeds_within_fixed_target,paired_simulator_seeds_within_fixed_target,5000
MNIST_QNN_z_r1_d6_s45,z_r1_d6,45,medium_risk_z_anchor,z,1,6,ideal_shot,512,loss,ibm_kingston,False,10,-0.014999999999999968,0.01957890020745119,-0.02699999999999997,-0.004999999999999982,5000,-0.010000000000000009,0.018257418583505554,-0.02100000000000002,0.0,5000,-0.00499999999999996,0.030276503540974924,-0.023999999999999966,0.011000000000000055,5000,0.03060236760257475,0.015528118520497883,0.021666240082906966,0.039891841446098926,5000,0.025186197629282127,0.023329884906793687,0.012569894042013696,0.03979940591521355,5000,-0.0054161699732926,0.026368217125603447,-0.0214971891828767,0.009379124324948071,5000,-0.007949999999999957,0.01451346118455401,-0.016959999999999965,0.00016000000000006038,5000,-0.033999999999999975,0.020923139768633612,-0.0460125,-0.021999999999999964,5000,-0.06800000000000007,0.04184627953726723,-0.09300000000000005,-0.044000000000000074,5000,-0.05900000000000004,0.07415449338299662,-0.10300000000000002,-0.016000000000000035,5000,0.00900000000000003,0.04931756504757937,-0.020999999999999974,0.036000000000000046,5000,-0.013000000000000006,0.009486832980505136,-0.018000000000000006,-0.007000000000000006,5000,0.006999999999999999,0.018287822299126937,-0.0030000000000000014,0.018,5000,sample_sd,95% percentile bootstrap over paired_simulator_seeds_within_fixed_target,paired_simulator_seeds_within_fixed_target,5000
MNIST_QNN_z_r1_d6_s45,z_r1_d6,45,medium_risk_z_anchor,z,1,6,ideal_shot,1024,confidence,ibm_kingston,False,10,-0.008999999999999985,0.01791957340762079,-0.019999999999999973,0.0,5000,-0.0040000000000000036,0.005163977794943227,-0.007000000000000006,-0.0010000000000000009,5000,-0.004999999999999982,0.01957890020745119,-0.01799999999999996,0.0050000000000000044,5000,0.012524742640935064,0.014386298436088494,0.004575244609810863,0.02119295853055445,5000,0.0023511107292652155,0.01823667910679112,-0.008301777289270808,0.013265878882420482,5000,-0.010173631911669812,0.020935340852481932,-0.024563621089014484,-0.00017852603722311088,5000,-0.005300000000000016,0.010257463407468487,-0.01127999999999999,0.0005802499999999765,5000,-0.011500000000000015,0.02224235199393765,-0.024000000000000014,0.0020000000000000018,5000,-0.02299999999999993,0.04448470398787528,-0.04899999999999991,0.004000000000000048,5000,-0.010999999999999937,0.059151406482761584,-0.04999999999999994,0.01800000000000006,5000,0.011999999999999993,0.04962078417580905,-0.018000000000000006,0.039999999999999994,5000,-0.018000000000000006,0.011352924243950936,-0.025000000000000005,-0.012000000000000004,5000,0.006,0.012649110640673514,-0.0009999999999999996,0.013999999999999999,5000,sample_sd,95% percentile bootstrap over paired_simulator_seeds_within_fixed_target,paired_simulator_seeds_within_fixed_target,5000
MNIST_QNN_z_r1_d6_s45,z_r1_d6,45,medium_risk_z_anchor,z,1,6,ideal_shot,1024,correctness,ibm_kingston,False,10,-0.008999999999999985,0.01791957340762079,-0.020999999999999953,0.0,5000,-0.0040000000000000036,0.005163977794943227,-0.007000000000000006,-0.0010000000000000009,5000,-0.004999999999999982,0.01957890020745119,-0.01799999999999996,0.0050000000000000044,5000,0.012524742640935064,0.014386298436088494,0.0047768193474092965,0.021343280565759397,5000,0.0023511107292652155,0.01823667910679112,-0.008624987194459739,0.013208807883615385,5000,-0.010173631911669812,0.020935340852481932,-0.02388784784202075,-8.534893254629103e-05,5000,-0.00249999999999998,0.009789450103725573,-0.008999999999999952,0.0025000000000000022,5000,-0.00249999999999998,0.009789450103725573,-0.008999999999999952,0.0025000000000000022,5000,-0.004999999999999982,0.01957890020745119,-0.01799999999999997,0.0050000000000000044,5000,-0.008999999999999985,0.01791957340762079,-0.020999999999999953,0.0,5000,-0.0040000000000000036,0.005163977794943227,-0.007000000000000006,-0.0010000000000000009,5000,0.0,0.0,0.0,0.0,5000,0.0,0.0,0.0,0.0,5000,sample_sd,95% percentile bootstrap over paired_simulator_seeds_within_fixed_target,paired_simulator_seeds_within_fixed_target,5000
MNIST_QNN_z_r1_d6_s45,z_r1_d6,45,medium_risk_z_anchor,z,1,6,ideal_shot,1024,loss,ibm_kingston,False,10,-0.008999999999999985,0.01791957340762079,-0.019999999999999973,0.0,5000,-0.0040000000000000036,0.005163977794943227,-0.007000000000000006,-0.0010000000000000009,5000,-0.004999999999999982,0.01957890020745119,-0.01699999999999997,0.0050000000000000044,5000,0.012524742640935064,0.014386298436088494,0.004790098824482615,0.021475722955253785,5000,0.0023511107292652155,0.01823667910679112,-0.008356980657627527,0.013135319663616262,5000,-0.010173631911669812,0.020935340852481932,-0.02482410505245291,8.315210864915348e-05,5000,-0.003709999999999947,0.008878494617144635,-0.008920249999999949,0.0013202500000000397,5000,-0.021499999999999974,0.024042785935817722,-0.03499999999999996,-0.006999999999999995,5000,-0.04300000000000005,0.04808557187163549,-0.07000000000000006,-0.013000000000000057,5000,-0.03200000000000003,0.06460134157533674,-0.07200000000000001,0.005999999999999972,5000,0.01100000000000002,0.03665151201974257,-0.009999999999999976,0.03200000000000004,5000,-0.018000000000000006,0.011352924243950936,-0.025000000000000005,-0.012000000000000004,5000,0.006,0.012649110640673514,-0.0009999999999999996,0.013999999999999999,5000,sample_sd,95% percentile bootstrap over paired_simulator_seeds_within_fixed_target,paired_simulator_seeds_within_fixed_target,5000
MNIST_QNN_z_r1_d6_s45,z_r1_d6,45,medium_risk_z_anchor,z,1,6,noisy_shot,128,confidence,ibm_kingston,True,10,-0.07899999999999996,0.020789954839350252,-0.09099999999999997,-0.06699999999999995,5000,-0.03900000000000002,0.025582111805799855,-0.055000000000000014,-0.025000000000000022,5000,-0.03999999999999994,0.03162277660168379,-0.05699999999999994,-0.020999999999999942,5000,0.1487550912925253,0.02613475091830271,0.13296987470924002,0.16328654313777313,5000,0.09535424377221353,0.05804068159521748,0.062038336890595014,0.13007892195325044,5000,-0.05340084752031175,0.06294521669201682,-0.09130427317235759,-0.018357998751706434,5000,-0.01945000000000005,0.021942462639062802,-0.03294100000000006,-0.007309750000000054,5000,-0.02900000000000002,0.03160520350968951,-0.04750000000000003,-0.01050000000000001,5000,-0.05799999999999994,0.063210407019379,-0.09399999999999996,-0.02099999999999993,5000,-0.10099999999999994,0.11985639555549614,-0.16699999999999995,-0.026975000000000304,5000,-0.043000000000000003,0.12499333315554606,-0.11200000000000002,0.033,5000,-0.018000000000000006,0.02201009869229224,-0.031000000000000007,-0.005000000000000004,5000,0.016000000000000004,0.027568097504180447,0.0010000000000000022,0.033,5000,sample_sd,95% percentile bootstrap over paired_simulator_seeds_within_fixed_target,paired_simulator_seeds_within_fixed_target,5000
MNIST_QNN_z_r1_d6_s45,z_r1_d6,45,medium_risk_z_anchor,z,1,6,noisy_shot,128,correctness,ibm_kingston,True,10,-0.07899999999999996,0.020789954839350252,-0.09099999999999997,-0.06599999999999995,5000,-0.03900000000000002,0.025582111805799855,-0.055000000000000014,-0.025000000000000022,5000,-0.03999999999999994,0.03162277660168379,-0.05799999999999994,-0.02099999999999993,5000,0.1487550912925253,0.02613475091830271,0.13254572045221355,0.16322569690549926,5000,0.09535424377221353,0.05804068159521748,0.06156562876945064,0.13000732265501647,5000,-0.05340084752031175,0.06294521669201682,-0.09154800038107726,-0.017877096770736782,5000,-0.01999999999999994,0.01581138830084188,-0.028999999999999915,-0.010499999999999943,5000,-0.019999999999999973,0.01581138830084189,-0.02849999999999997,-0.009999999999999998,5000,-0.03999999999999994,0.03162277660168379,-0.05699999999999994,-0.01999999999999994,5000,-0.07899999999999996,0.020789954839350252,-0.09099999999999997,-0.06699999999999995,5000,-0.03900000000000002,0.025582111805799855,-0.05400000000000003,-0.024975000000000375,5000,0.0,0.0,0.0,0.0,5000,0.0,0.0,0.0,0.0,5000,sample_sd,95% percentile bootstrap over paired_simulator_seeds_within_fixed_target,paired_simulator_seeds_within_fixed_target,5000
MNIST_QNN_z_r1_d6_s45,z_r1_d6,45,medium_risk_z_anchor,z,1,6,noisy_shot,128,loss,ibm_kingston,True,10,-0.07899999999999996,0.020789954839350252,-0.09099999999999997,-0.06699999999999995,5000,-0.03900000000000002,0.025582111805799855,-0.05400000000000003,-0.025000000000000022,5000,-0.03999999999999994,0.03162277660168379,-0.05799999999999994,-0.019999999999999952,5000,0.1487550912925253,0.02613475091830271,0.13271900059478692,0.16300962157741747,5000,0.09535424377221353,0.05804068159521748,0.06203477321320696,0.12947516513868942,5000,-0.05340084752031175,0.06294521669201682,-0.09169152393285462,-0.018504806046326237,5000,-0.008419999999999928,0.022608739706385918,-0.022619999999999908,0.0037505000000000567,5000,-0.02899999999999997,0.030623157540948916,-0.046499999999999965,-0.010499999999999987,5000,-0.05800000000000005,0.061246315081897845,-0.09400000000000003,-0.022000000000000075,5000,-0.07700000000000003,0.10687999500997993,-0.13800000000000004,-0.016000000000000025,5000,-0.018999999999999972,0.08089087299153927,-0.06599999999999998,0.028000000000000035,5000,-0.018000000000000006,0.02201009869229224,-0.030025,-0.005000000000000005,5000,0.017000000000000005,0.02907843798341919,0.0010000000000000009,0.035,5000,sample_sd,95% percentile bootstrap over paired_simulator_seeds_within_fixed_target,paired_simulator_seeds_within_fixed_target,5000
MNIST_QNN_z_r1_d6_s45,z_r1_d6,45,medium_risk_z_anchor,z,1,6,noisy_shot,512,confidence,ibm_kingston,True,10,-0.020999999999999963,0.017288403306519883,-0.031024999999999952,-0.010999999999999987,5000,-0.02200000000000002,0.013984117975602034,-0.030000000000000027,-0.014000000000000012,5000,0.0010000000000000564,0.021317702607092627,-0.009999999999999953,0.015000000000000046,5000,0.07286008604718881,0.01652750780246694,0.06352712601280636,0.08264900167376817,5000,0.017746225595939923,0.02476851120404481,0.004268189419536817,0.033082197465192455,5000,-0.05511386045124885,0.029079456232695023,-0.07153635941834448,-0.03796640455449884,5000,-0.023580000000000035,0.026396161337083317,-0.038691750000000025,-0.008539500000000054,5000,-0.04550000000000003,0.04172995193969061,-0.06850000000000002,-0.018500000000000037,5000,-0.09099999999999994,0.08345990387938125,-0.13799999999999993,-0.03799999999999991,5000,6.106226635438361e-17,0.0808290376865476,-0.04399999999999994,0.049000000000000064,5000,0.091,0.13320410404087907,0.011999999999999988,0.16602499999999965,5000,-0.019000000000000006,0.016633299933166198,-0.028000000000000004,-0.008000000000000007,5000,0.005000000000000002,0.026352313834736494,-0.009999999999999998,0.020999999999999998,5000,sample_sd,95% percentile bootstrap over paired_simulator_seeds_within_fixed_target,paired_simulator_seeds_within_fixed_target,5000
MNIST_QNN_z_r1_d6_s45,z_r1_d6,45,medium_risk_z_anchor,z,1,6,noisy_shot,512,correctness,ibm_kingston,True,10,-0.020999999999999963,0.017288403306519883,-0.03099999999999995,-0.010999999999999987,5000,-0.02200000000000002,0.013984117975602034,-0.031000000000000028,-0.014000000000000012,5000,0.0010000000000000564,0.021317702607092627,-0.009999999999999953,0.015000000000000058,5000,0.07286008604718881,0.01652750780246694,0.06352611343572752,0.08267372215067206,5000,0.017746225595939923,0.02476851120404481,0.004143485084515881,0.03271897550228387,5000,-0.05511386045124885,0.029079456232695023,-0.07167905305596879,-0.037560130035712354,5000,0.0005000000000000337,0.0106588513035463,-0.00499999999999996,0.007000000000000039,5000,0.0005000000000000337,0.0106588513035463,-0.00499999999999996,0.007000000000000039,5000,0.0010000000000000564,0.021317702607092627,-0.009999999999999943,0.014000000000000068,5000,-0.020999999999999963,0.017288403306519883,-0.03199999999999993,-0.010999999999999987,5000,-0.02200000000000002,0.013984117975602034,-0.030000000000000027,-0.014000000000000012,5000,0.0,0.0,0.0,0.0,5000,0.0,0.0,0.0,0.0,5000,sample_sd,95% percentile bootstrap over paired_simulator_seeds_within_fixed_target,paired_simulator_seeds_within_fixed_target,5000
MNIST_QNN_z_r1_d6_s45,z_r1_d6,45,medium_risk_z_anchor,z,1,6,noisy_shot,512,loss,ibm_kingston,True,10,-0.020999999999999963,0.017288403306519883,-0.030999999999999937,-0.010999999999999987,5000,-0.02200000000000002,0.013984117975602034,-0.030000000000000027,-0.014000000000000012,5000,0.0010000000000000564,0.021317702607092627,-0.009999999999999953,0.014000000000000068,5000,0.07286008604718881,0.01652750780246694,0.06333805996013378,0.08295838017462609,5000,0.017746225595939923,0.02476851120404481,0.0034924822814057068,0.033008048244286346,5000,-0.05511386045124885,0.029079456232695023,-0.07128769040429626,-0.036777463431502774,5000,-0.011689999999999923,0.022218433288100636,-0.024480999999999913,0.0016805000000000743,5000,-0.012499999999999989,0.021505813167606566,-0.02400000000000001,0.0005000000000000004,5000,-0.025000000000000057,0.043011626335213146,-0.04900000000000006,0.0019999999999999575,5000,-0.030000000000000027,0.06055300708194982,-0.06700000000000002,0.003999999999999959,5000,-0.0049999999999999715,0.05441609239104836,-0.036999999999999963,0.027000000000000034,5000,-0.019000000000000006,0.016633299933166198,-0.028000000000000004,-0.008000000000000007,5000,0.005000000000000002,0.026352313834736494,-0.009999999999999998,0.021,5000,sample_sd,95% percentile bootstrap over paired_simulator_seeds_within_fixed_target,paired_simulator_seeds_within_fixed_target,5000
MNIST_QNN_z_r1_d6_s45,z_r1_d6,45,medium_risk_z_anchor,z,1,6,noisy_shot,1024,confidence,ibm_kingston,True,10,-0.007999999999999974,0.017511900715418232,-0.01899999999999995,0.002000000000000013,5000,-0.01200000000000001,0.010327955589886454,-0.017000000000000015,-0.006000000000000005,5000,0.0040000000000000365,0.017126976771553483,-0.005999999999999961,0.014000000000000023,5000,0.05452866026583432,0.013116990127778555,0.04758857540699936,0.06265538887692997,5000,-0.008988816171506153,0.015128146094352469,-0.01804606186621676,-0.00018204181751349792,5000,-0.06351747643734046,0.016381620677351123,-0.07320320691854097,-0.0536739518835121,5000,-0.014410000000000011,0.014897162295029357,-0.023330750000000008,-0.006069749999999991,5000,-0.04550000000000003,0.025435102603379542,-0.06000000000000004,-0.03050000000000002,5000,-0.09099999999999994,0.050870205206759084,-0.12099999999999993,-0.059999999999999956,5000,-0.10299999999999994,0.09900056116563741,-0.15999999999999995,-0.040999999999999946,5000,-0.012000000000000005,0.10163114133418402,-0.06800000000000002,0.051000000000000004,5000,-0.024000000000000007,0.013498971154211056,-0.03200000000000001,-0.016000000000000007,5000,-0.0010000000000000009,0.02233582075700127,-0.014000000000000002,0.012,5000,sample_sd,95% percentile bootstrap over paired_simulator_seeds_within_fixed_target,paired_simulator_seeds_within_fixed_target,5000
MNIST_QNN_z_r1_d6_s45,z_r1_d6,45,medium_risk_z_anchor,z,1,6,noisy_shot,1024,correctness,ibm_kingston,True,10,-0.007999999999999974,0.017511900715418232,-0.01899999999999995,0.0020000000000000018,5000,-0.01200000000000001,0.010327955589886454,-0.018000000000000016,-0.0050000000000000044,5000,0.0040000000000000365,0.017126976771553483,-0.00599999999999995,0.014000000000000023,5000,0.05452866026583432,0.013116990127778555,0.047349711080501934,0.06272436870445344,5000,-0.008988816171506153,0.015128146094352469,-0.017675542245160592,-0.00027267552560802157,5000,-0.06351747643734046,0.016381620677351123,-0.07298187945404129,-0.0542459255334964,5000,0.0020000000000000018,0.00856348838577676,-0.0030000000000000027,0.007000000000000006,5000,0.0020000000000000018,0.00856348838577676,-0.0030000000000000027,0.007000000000000006,5000,0.0040000000000000365,0.017126976771553483,-0.005999999999999961,0.014000000000000023,5000,-0.007999999999999974,0.017511900715418232,-0.01899999999999995,0.0020000000000000018,5000,-0.01200000000000001,0.010327955589886454,-0.018000000000000016,-0.006000000000000005,5000,0.0,0.0,0.0,0.0,5000,0.0,0.0,0.0,0.0,5000,sample_sd,95% percentile bootstrap over paired_simulator_seeds_within_fixed_target,paired_simulator_seeds_within_fixed_target,5000
MNIST_QNN_z_r1_d6_s45,z_r1_d6,45,medium_risk_z_anchor,z,1,6,noisy_shot,1024,loss,ibm_kingston,True,10,-0.007999999999999974,0.017511900715418232,-0.01899999999999995,0.0020000000000000018,5000,-0.01200000000000001,0.010327955589886454,-0.017000000000000015,-0.006000000000000005,5000,0.0040000000000000365,0.017126976771553483,-0.005999999999999961,0.014000000000000023,5000,0.05452866026583432,0.013116990127778555,0.04745029599362241,0.0627438553278105,5000,-0.008988816171506153,0.015128146094352469,-0.01812348437811159,-0.0004009206130416244,5000,-0.06351747643734046,0.016381620677351123,-0.07251560738124493,-0.053923171406311594,5000,-0.005559999999999965,0.01248912415753093,-0.012610249999999965,0.001700250000000064,5000,-0.024999999999999956,0.014337208778404378,-0.03449999999999996,-0.01749999999999997,5000,-0.050000000000000044,0.028674417556808746,-0.06900000000000003,-0.035000000000000066,5000,-0.03400000000000001,0.04718756898449704,-0.063,-0.007000000000000006,5000,0.016000000000000035,0.044522154285504,-0.011999999999999955,0.040000000000000036,5000,-0.024000000000000007,0.013498971154211056,-0.033,-0.016000000000000007,5000,-0.0010000000000000009,0.02233582075700127,-0.014000000000000002,0.012999999999999998,5000,sample_sd,95% percentile bootstrap over paired_simulator_seeds_within_fixed_target,paired_simulator_seeds_within_fixed_target,5000
MNIST_QNN_zz_r1_d6_s43,zz_r1_d6,43,medium_risk_zz_repetition_baseline,zz,1,6,ideal_shot,128,confidence,ibm_kingston,False,10,-0.05899999999999994,0.02183269719175044,-0.07199999999999995,-0.04599999999999993,5000,-0.026000000000000002,0.034058772731852795,-0.046999999999999986,-0.006000000000000005,5000,-0.03299999999999994,0.03334999583541536,-0.051999999999999935,-0.012999999999999966,5000,0.0880738282661626,0.030695395818394488,0.07026818065552483,0.10614889330368335,5000,0.12587200935763004,0.06369882646938241,0.08873761952923716,0.16348656656350713,5000,0.037798181091467466,0.061169036522534616,0.0018141967502079647,0.07323655948015574,5000,-0.013259999999999949,0.02347671186516542,-0.02660049999999995,0.0015102500000000413,5000,0.0010000000000000065,0.02685351208149712,-0.015499999999999996,0.015500000000000014,5000,0.0020000000000000018,0.053707024162994214,-0.03000000000000002,0.03100000000000001,5000,0.098,0.12497110777206778,0.022000000000000002,0.168,5000,0.096,0.09674709297958259,0.03700000000000002,0.15299999999999997,5000,0.0029999999999999996,0.0105934990547138,-0.0030000000000000005,0.009,5000,-0.0019999999999999996,0.022997584414213786,-0.015024999999999995,0.012,5000,sample_sd,95% percentile bootstrap over paired_simulator_seeds_within_fixed_target,paired_simulator_seeds_within_fixed_target,5000
MNIST_QNN_zz_r1_d6_s43,zz_r1_d6,43,medium_risk_zz_repetition_baseline,zz,1,6,ideal_shot,128,correctness,ibm_kingston,False,10,-0.05899999999999994,0.02183269719175044,-0.07099999999999995,-0.04699999999999993,5000,-0.026000000000000002,0.034058772731852795,-0.046,-0.006975000000000348,5000,-0.03299999999999994,0.03334999583541536,-0.051999999999999935,-0.012999999999999956,5000,0.0880738282661626,0.030695395818394488,0.07110734181777038,0.1055038985380397,5000,0.12587200935763004,0.06369882646938241,0.08859771016278097,0.16463807762882077,5000,0.037798181091467466,0.061169036522534616,0.0025008580399033782,0.07303360541106417,5000,-0.01649999999999995,0.01667499791770768,-0.025999999999999957,-0.0064999999999999615,5000,-0.016499999999999994,0.016674997917707685,-0.026000000000000002,-0.006499999999999973,5000,-0.03299999999999994,0.03334999583541536,-0.05199999999999995,-0.012999999999999956,5000,-0.05899999999999994,0.02183269719175044,-0.07099999999999995,-0.04599999999999993,5000,-0.026000000000000002,0.034058772731852795,-0.046,-0.006000000000000005,5000,0.0,0.0,0.0,0.0,5000,0.0,0.0,0.0,0.0,5000,sample_sd,95% percentile bootstrap over paired_simulator_seeds_within_fixed_target,paired_simulator_seeds_within_fixed_target,5000
MNIST_QNN_zz_r1_d6_s43,zz_r1_d6,43,medium_risk_zz_repetition_baseline,zz,1,6,ideal_shot,128,loss,ibm_kingston,False,10,-0.05899999999999994,0.02183269719175044,-0.07199999999999995,-0.04699999999999993,5000,-0.026000000000000002,0.034058772731852795,-0.046,-0.006000000000000005,5000,-0.03299999999999994,0.03334999583541536,-0.051999999999999935,-0.011999999999999955,5000,0.0880738282661626,0.030695395818394488,0.06966070304199008,0.10617432496035263,5000,0.12587200935763004,0.06369882646938241,0.08862600075853382,0.16436959273388188,5000,0.037798181091467466,0.061169036522534616,0.001557223289409115,0.07257589984908934,5000,-0.006300000000000061,0.02132103812356862,-0.018160750000000073,0.00626999999999992,5000,-0.030499999999999982,0.02900670420590538,-0.046999999999999986,-0.013499999999999967,5000,-0.06099999999999996,0.058013408411810775,-0.09399999999999993,-0.025999999999999947,5000,-0.16499999999999998,0.08436033823229176,-0.213,-0.11399999999999996,5000,-0.10400000000000001,0.04812021982031621,-0.13299999999999995,-0.07500000000000002,5000,0.0029999999999999996,0.0105934990547138,-0.0030000000000000005,0.009,5000,6.938893903907229e-19,0.02666666666666667,-0.015000000000000003,0.017,5000,sample_sd,95% percentile bootstrap over paired_simulator_seeds_within_fixed_target,paired_simulator_seeds_within_fixed_target,5000
MNIST_QNN_zz_r1_d6_s43,zz_r1_d6,43,medium_risk_zz_repetition_baseline,zz,1,6,ideal_shot,512,confidence,ibm_kingston,False,10,-0.02799999999999996,0.016193277068654793,-0.03699999999999996,-0.01799999999999998,5000,0.0050000000000000044,0.016499158227686123,-0.0040000000000000036,0.015000000000000013,5000,-0.03299999999999996,0.01702938636592639,-0.04299999999999995,-0.022999999999999955,5000,0.02829463640541508,0.017739157786206425,0.01845470090875313,0.0392144335991834,5000,0.03208578143099957,0.033723405387212364,0.011376182290832882,0.05214796498512351,5000,0.0037911450255845524,0.03144457015979729,-0.015611855670815558,0.020757000085097465,5000,-0.00430999999999992,0.02137513872599558,-0.016280249999999934,0.008380500000000091,5000,0.0064999999999999945,0.03697221178729296,-0.01150000000000001,0.031012499999999825,5000,0.013000000000000029,0.0739444235745859,-0.022999999999999972,0.06300000000000003,5000,0.024000000000000028,0.12222020200350588,-0.050999999999999976,0.09000000000000002,5000,0.011,0.12792793110011416,-0.071,0.08199999999999999,5000,0.0009999999999999998,0.008755950357709132,-0.004,0.006,5000,-0.016,0.021186998109427604,-0.027000000000000003,-0.003,5000,sample_sd,95% percentile bootstrap over paired_simulator_seeds_within_fixed_target,paired_simulator_seeds_within_fixed_target,5000
MNIST_QNN_zz_r1_d6_s43,zz_r1_d6,43,medium_risk_zz_repetition_baseline,zz,1,6,ideal_shot,512,correctness,ibm_kingston,False,10,-0.02799999999999996,0.016193277068654793,-0.03799999999999994,-0.018999999999999972,5000,0.0050000000000000044,0.016499158227686123,-0.0040000000000000036,0.015000000000000013,5000,-0.03299999999999996,0.01702938636592639,-0.04299999999999994,-0.022999999999999955,5000,0.02829463640541508,0.017739157786206425,0.018255633112694843,0.039020729387944035,5000,0.03208578143099957,0.033723405387212364,0.012224448069634663,0.05131899546893224,5000,0.0037911450255845524,0.03144457015979729,-0.015889023812667415,0.020924642251899904,5000,-0.016499999999999994,0.00851469318296319,-0.021499999999999964,-0.011499999999999988,5000,-0.016500000000000004,0.008514693182963202,-0.0215,-0.0115,5000,-0.03299999999999996,0.01702938636592639,-0.04299999999999995,-0.022999999999999965,5000,-0.02799999999999996,0.016193277068654793,-0.03699999999999994,-0.017999999999999995,5000,0.0050000000000000044,0.016499158227686123,-0.0040000000000000036,0.015000000000000013,5000,0.0,0.0,0.0,0.0,5000,0.0,0.0,0.0,0.0,5000,sample_sd,95% percentile bootstrap over paired_simulator_seeds_within_fixed_target,paired_simulator_seeds_within_fixed_target,5000
MNIST_QNN_zz_r1_d6_s43,zz_r1_d6,43,medium_risk_zz_repetition_baseline,zz,1,6,ideal_shot,512,loss,ibm_kingston,False,10,-0.02799999999999996,0.016193277068654793,-0.03699999999999996,-0.01899999999999996,5000,0.0050000000000000044,0.016499158227686123,-0.0040000000000000036,0.015000000000000013,5000,-0.03299999999999996,0.01702938636592639,-0.04299999999999996,-0.022999999999999944,5000,0.02829463640541508,0.017739157786206425,0.018094626158551362,0.03926174870147858,5000,0.03208578143099957,0.033723405387212364,0.01242720033582854,0.05187695418919465,5000,0.0037911450255845524,0.03144457015979729,-0.015633194823139292,0.02059460342992861,5000,-0.0024900000000001032,0.016640876713015413,-0.011550250000000106,0.0076702499999999185,5000,-0.034499999999999975,0.017232076034083794,-0.044,-0.024999999999999946,5000,-0.06899999999999998,0.03446415206816756,-0.08899999999999998,-0.04899999999999995,5000,-0.12099999999999995,0.07445356494710872,-0.16799999999999998,-0.08097500000000031,5000,-0.052000000000000005,0.06460134157533674,-0.094,-0.020000000000000007,5000,0.0009999999999999998,0.008755950357709132,-0.004,0.006,5000,-0.016,0.021186998109427604,-0.027999999999999997,-0.003,5000,sample_sd,95% percentile bootstrap over paired_simulator_seeds_within_fixed_target,paired_simulator_seeds_within_fixed_target,5000
MNIST_QNN_zz_r1_d6_s43,zz_r1_d6,43,medium_risk_zz_repetition_baseline,zz,1,6,ideal_shot,1024,confidence,ibm_kingston,False,10,-0.022999999999999965,0.013374935098492548,-0.030999999999999937,-0.01499999999999999,5000,0.0050000000000000044,0.012692955176439858,-0.0020000000000000018,0.013000000000000012,5000,-0.02799999999999997,0.02043961295567449,-0.03999999999999996,-0.015999999999999993,5000,0.015474420028368522,0.010814553408564494,0.009204512299943495,0.021996898706619153,5000,0.01865596336580503,0.025224309681042768,0.0044928663747535414,0.0333124750393987,5000,0.003181543337436554,0.021920897878497235,-0.009484507268432902,0.015772170217559098,5000,0.00045000000000005593,0.013526866270911047,-0.007550249999999962,0.008340250000000044,5000,0.0245,0.025435102603379525,0.01050000000000001,0.04049999999999998,5000,0.04900000000000003,0.05087020520675907,0.021000000000000036,0.08000000000000003,5000,0.10100000000000002,0.08736259051918173,0.05300000000000001,0.156,5000,0.052000000000000005,0.09953223933312597,-0.001000000000000012,0.11499999999999999,5000,-0.006,0.0051639777949432225,-0.009,-0.003,5000,-0.011999999999999999,0.02250925735484551,-0.025,0.001000000000000003,5000,sample_sd,95% percentile bootstrap over paired_simulator_seeds_within_fixed_target,paired_simulator_seeds_within_fixed_target,5000
MNIST_QNN_zz_r1_d6_s43,zz_r1_d6,43,medium_risk_zz_repetition_baseline,zz,1,6,ideal_shot,1024,correctness,ibm_kingston,False,10,-0.022999999999999965,0.013374935098492548,-0.030999999999999937,-0.01499999999999999,5000,0.0050000000000000044,0.012692955176439858,-0.0020000000000000018,0.013000000000000012,5000,-0.02799999999999997,0.02043961295567449,-0.039999999999999945,-0.015999999999999993,5000,0.015474420028368522,0.010814553408564494,0.009120140300707801,0.022120334176620238,5000,0.01865596336580503,0.025224309681042768,0.004646099717306814,0.03375044963278504,5000,0.003181543337436554,0.021920897878497235,-0.009710714154394107,0.01599602723522326,5000,-0.01399999999999998,0.010219806477837236,-0.019999999999999952,-0.007999999999999997,5000,-0.01399999999999998,0.010219806477837236,-0.019999999999999962,-0.007999999999999974,5000,-0.02799999999999997,0.02043961295567449,-0.03999999999999996,-0.015999999999999993,5000,-0.022999999999999965,0.013374935098492548,-0.030999999999999937,-0.01499999999999999,5000,0.0050000000000000044,0.012692955176439858,-0.0020000000000000018,0.013000000000000012,5000,0.0,0.0,0.0,0.0,5000,0.0,0.0,0.0,0.0,5000,sample_sd,95% percentile bootstrap over paired_simulator_seeds_within_fixed_target,paired_simulator_seeds_within_fixed_target,5000
MNIST_QNN_zz_r1_d6_s43,zz_r1_d6,43,medium_risk_zz_repetition_baseline,zz,1,6,ideal_shot,1024,loss,ibm_kingston,False,10,-0.022999999999999965,0.013374935098492548,-0.02999999999999996,-0.01499999999999999,5000,0.0050000000000000044,0.012692955176439858,-0.0020000000000000018,0.013000000000000012,5000,-0.02799999999999997,0.02043961295567449,-0.039999999999999945,-0.015999999999999993,5000,0.015474420028368522,0.010814553408564494,0.009128562610851812,0.021787919957403108,5000,0.01865596336580503,0.025224309681042768,0.004644300876214622,0.03355908618882818,5000,0.003181543337436554,0.021920897878497235,-0.009736101709711384,0.015899741026174214,5000,9.999999999921183e-06,0.01089622258705588,-0.006310500000000082,0.00633024999999991,5000,-0.025999999999999957,0.019832633040857993,-0.03749999999999996,-0.014499999999999968,5000,-0.05199999999999997,0.039665266081716034,-0.07499999999999997,-0.02899999999999997,5000,-0.09699999999999999,0.063779132776934,-0.13599999999999998,-0.06099999999999998,5000,-0.04500000000000002,0.04881939505292271,-0.07600000000000003,-0.02200000000000002,5000,-0.006,0.0051639777949432225,-0.009,-0.003,5000,-0.011999999999999999,0.02250925735484551,-0.025,0.001000000000000003,5000,sample_sd,95% percentile bootstrap over paired_simulator_seeds_within_fixed_target,paired_simulator_seeds_within_fixed_target,5000
MNIST_QNN_zz_r1_d6_s43,zz_r1_d6,43,medium_risk_zz_repetition_baseline,zz,1,6,noisy_shot,128,confidence,ibm_kingston,True,10,-0.10699999999999998,0.024060109910158115,-0.11999999999999997,-0.09299999999999997,5000,-0.039,0.031073389830457095,-0.057999999999999996,-0.02200000000000002,5000,-0.06799999999999998,0.04131182235954576,-0.08999999999999996,-0.04299999999999998,5000,0.209080356238268,0.03795573729758608,0.18837315455618556,0.23265876789846515,5000,0.06865151041146553,0.0985878988591324,0.014879772670664792,0.12759512337033715,5000,-0.14042884582680243,0.11357703348652995,-0.20523064491947776,-0.07171896767520963,5000,-0.020599999999999924,0.01923648154476856,-0.03156049999999993,-0.009219749999999936,5000,0.003000000000000019,0.037282703764614504,-0.018512499999999984,0.024500000000000022,5000,0.006000000000000028,0.07456540752922901,-0.03799999999999999,0.050000000000000044,5000,0.07500000000000002,0.1783411213252725,-0.030999999999999972,0.18200000000000002,5000,0.06899999999999999,0.14153523314787106,-0.01899999999999999,0.147,5000,0.016999999999999998,0.02584139659108574,0.0019999999999999983,0.031999999999999994,5000,-0.013000000000000001,0.025841396591085742,-0.029000000000000005,0.0010000000000000022,5000,sample_sd,95% percentile bootstrap over paired_simulator_seeds_within_fixed_target,paired_simulator_seeds_within_fixed_target,5000
MNIST_QNN_zz_r1_d6_s43,zz_r1_d6,43,medium_risk_zz_repetition_baseline,zz,1,6,noisy_shot,128,correctness,ibm_kingston,True,10,-0.10699999999999998,0.024060109910158115,-0.12099999999999995,-0.09199999999999997,5000,-0.039,0.031073389830457095,-0.05799999999999998,-0.02200000000000001,5000,-0.06799999999999998,0.04131182235954576,-0.09099999999999998,-0.04299999999999998,5000,0.209080356238268,0.03795573729758608,0.18811344345981343,0.23198762625822908,5000,0.06865151041146553,0.0985878988591324,0.013762851655131626,0.12955342452193114,5000,-0.14042884582680243,0.11357703348652995,-0.20641258379150837,-0.0742210663220567,5000,-0.03399999999999999,0.020655911179772873,-0.04599999999999995,-0.021000000000000008,5000,-0.03400000000000001,0.020655911179772883,-0.0455,-0.02150000000000002,5000,-0.06799999999999998,0.04131182235954576,-0.09199999999999994,-0.04399999999999997,5000,-0.10699999999999998,0.024060109910158115,-0.12099999999999995,-0.09299999999999997,5000,-0.039,0.031073389830457095,-0.056999999999999995,-0.02200000000000001,5000,0.0,0.0,0.0,0.0,5000,0.0,0.0,0.0,0.0,5000,sample_sd,95% percentile bootstrap over paired_simulator_seeds_within_fixed_target,paired_simulator_seeds_within_fixed_target,5000
MNIST_QNN_zz_r1_d6_s43,zz_r1_d6,43,medium_risk_zz_repetition_baseline,zz,1,6,noisy_shot,128,loss,ibm_kingston,True,10,-0.10699999999999998,0.024060109910158115,-0.12099999999999995,-0.09299999999999996,5000,-0.039,0.031073389830457095,-0.05899999999999998,-0.02200000000000002,5000,-0.06799999999999998,0.04131182235954576,-0.09099999999999997,-0.04299999999999997,5000,0.209080356238268,0.03795573729758608,0.18765466805047917,0.2322784898598067,5000,0.06865151041146553,0.0985878988591324,0.014301278722571684,0.13021221442708458,5000,-0.14042884582680243,0.11357703348652995,-0.20801078993947564,-0.07436424743587619,5000,-0.017270000000000053,0.025769493161057297,-0.032460500000000066,-0.0021785000000000593,5000,-0.04899999999999999,0.03580813067198875,-0.07149999999999998,-0.029500000000000016,5000,-0.09799999999999996,0.07161626134397754,-0.142,-0.05999999999999996,5000,-0.16799999999999998,0.09484490263348663,-0.22799999999999998,-0.11799999999999997,5000,-0.07000000000000002,0.08894442709417556,-0.12100000000000004,-0.017000000000000015,5000,0.016999999999999998,0.02584139659108574,0.0009999999999999992,0.031999999999999994,5000,-0.009999999999999998,0.029059326290271158,-0.027999999999999997,0.006999999999999999,5000,sample_sd,95% percentile bootstrap over paired_simulator_seeds_within_fixed_target,paired_simulator_seeds_within_fixed_target,5000
MNIST_QNN_zz_r1_d6_s43,zz_r1_d6,43,medium_risk_zz_repetition_baseline,zz,1,6,noisy_shot,512,confidence,ibm_kingston,True,10,-0.04299999999999995,0.020027758514399724,-0.05499999999999995,-0.03199999999999995,5000,-0.0050000000000000044,0.015092308563562374,-0.014000000000000012,0.0040000000000000036,5000,-0.037999999999999944,0.019888578520235053,-0.04999999999999995,-0.025999999999999968,5000,0.11874400887164667,0.019366649357605,0.10767474216032644,0.13071593437240733,5000,-0.05394024191624752,0.026500141067494334,-0.06928345775915781,-0.03782667096061919,5000,-0.17268425078789412,0.027663322939942923,-0.1895888946406853,-0.15705632682860896,5000,-0.011079999999999923,0.020792883397932078,-0.02301124999999992,0.0012407500000000634,5000,0.005499999999999994,0.04105890078087007,-0.018499999999999996,0.03049999999999999,5000,0.011000000000000029,0.08211780156174013,-0.03599999999999996,0.05900000000000003,5000,0.013000000000000022,0.13458165633630098,-0.07399999999999997,0.08300000000000003,5000,0.001999999999999996,0.11380294860464342,-0.068,0.066,5000,0.0009999999999999996,0.0073786478737262184,-0.0030000000000000005,0.004999999999999999,5000,-0.013000000000000001,0.02626785107312739,-0.027000000000000003,0.003,5000,sample_sd,95% percentile bootstrap over paired_simulator_seeds_within_fixed_target,paired_simulator_seeds_within_fixed_target,5000
MNIST_QNN_zz_r1_d6_s43,zz_r1_d6,43,medium_risk_zz_repetition_baseline,zz,1,6,noisy_shot,512,correctness,ibm_kingston,True,10,-0.04299999999999995,0.020027758514399724,-0.05499999999999995,-0.03199999999999994,5000,-0.0050000000000000044,0.015092308563562374,-0.014000000000000012,0.0040000000000000036,5000,-0.037999999999999944,0.019888578520235053,-0.04999999999999993,-0.02697500000000031,5000,0.11874400887164667,0.019366649357605,0.10772965405713258,0.13061590757959712,5000,-0.05394024191624752,0.026500141067494334,-0.06957412874200086,-0.038166835569453855,5000,-0.17268425078789412,0.027663322939942923,-0.18930030849469484,-0.15715514105205633,5000,-0.01899999999999995,0.009944289260117502,-0.024999999999999946,-0.012999999999999989,5000,-0.018999999999999972,0.009944289260117511,-0.024999999999999946,-0.013000000000000001,5000,-0.037999999999999944,0.019888578520235053,-0.04999999999999995,-0.026999999999999948,5000,-0.04299999999999995,0.020027758514399724,-0.05499999999999995,-0.03199999999999995,5000,-0.0050000000000000044,0.015092308563562374,-0.014000000000000012,0.0040000000000000036,5000,0.0,0.0,0.0,0.0,5000,0.0,0.0,0.0,0.0,5000,sample_sd,95% percentile bootstrap over paired_simulator_seeds_within_fixed_target,paired_simulator_seeds_within_fixed_target,5000
MNIST_QNN_zz_r1_d6_s43,zz_r1_d6,43,medium_risk_zz_repetition_baseline,zz,1,6,noisy_shot,512,loss,ibm_kingston,True,10,-0.04299999999999995,0.020027758514399724,-0.05499999999999995,-0.03199999999999995,5000,-0.0050000000000000044,0.015092308563562374,-0.014000000000000012,0.003024999999999639,5000,-0.037999999999999944,0.019888578520235053,-0.04999999999999995,-0.025999999999999978,5000,0.11874400887164667,0.019366649357605,0.10772555263339238,0.13044917731005262,5000,-0.05394024191624752,0.026500141067494334,-0.06929850063791179,-0.03836172140191369,5000,-0.17268425078789412,0.027663322939942923,-0.18924699643582923,-0.15679281058919234,5000,-0.016470000000000096,0.016183053550619608,-0.026340250000000086,-0.007099250000000085,5000,-0.04349999999999996,0.01582016996677903,-0.052499999999999956,-0.03399999999999999,5000,-0.08699999999999997,0.03164033993355812,-0.10499999999999998,-0.06799999999999995,5000,-0.12499999999999997,0.058357138000038666,-0.16099999999999998,-0.09299999999999997,5000,-0.03800000000000001,0.05138093031466053,-0.06900000000000002,-0.008999999999999998,5000,0.0009999999999999996,0.0073786478737262184,-0.0030000000000000005,0.004999999999999999,5000,-0.013000000000000001,0.02626785107312739,-0.027000000000000003,0.003024999999999638,5000,sample_sd,95% percentile bootstrap over paired_simulator_seeds_within_fixed_target,paired_simulator_seeds_within_fixed_target,5000
MNIST_QNN_zz_r1_d6_s43,zz_r1_d6,43,medium_risk_zz_repetition_baseline,zz,1,6,noisy_shot,1024,confidence,ibm_kingston,True,10,-0.032999999999999974,0.022632326929023908,-0.045999999999999965,-0.019999999999999997,5000,0.008000000000000007,0.013984117975602034,0.0,0.017000000000000015,5000,-0.04099999999999998,0.03142893217686176,-0.05999999999999998,-0.023999999999999976,5000,0.10065957408445685,0.012403500345017651,0.09389778449195874,0.10834130054050767,5000,-0.07846238215374299,0.01946536170030256,-0.08934834131696455,-0.06707236196364985,5000,-0.17912195623819976,0.026002943924079622,-0.19425249601690492,-0.16300186990830123,5000,-0.005649999999999938,0.01028399511646886,-0.011620249999999926,0.0007600000000000496,5000,0.030499999999999992,0.03601311489505517,0.008999999999999998,0.05099999999999999,5000,0.06100000000000002,0.07202622979011034,0.017000000000000036,0.10100000000000002,5000,0.05600000000000003,0.11918239989379491,-0.011999999999999966,0.126,5000,-0.004999999999999993,0.0909517576642817,-0.058024999999999986,0.05100000000000001,5000,-1.7347234759768072e-19,0.013333333333333332,-0.007000000000000001,0.008,5000,-0.027000000000000003,0.01567021236472421,-0.03600000000000001,-0.018000000000000006,5000,sample_sd,95% percentile bootstrap over paired_simulator_seeds_within_fixed_target,paired_simulator_seeds_within_fixed_target,5000
MNIST_QNN_zz_r1_d6_s43,zz_r1_d6,43,medium_risk_zz_repetition_baseline,zz,1,6,noisy_shot,1024,correctness,ibm_kingston,True,10,-0.032999999999999974,0.022632326929023908,-0.04599999999999997,-0.019999999999999997,5000,0.008000000000000007,0.013984117975602034,0.0,0.016000000000000014,5000,-0.04099999999999998,0.03142893217686176,-0.05999999999999998,-0.023,5000,0.10065957408445685,0.012403500345017651,0.09386157734480657,0.1086366617993248,5000,-0.07846238215374299,0.01946536170030256,-0.08924260289824498,-0.06625856076657814,5000,-0.17912195623819976,0.026002943924079622,-0.19348631973962446,-0.163893210662593,5000,-0.020499999999999984,0.015714466088430874,-0.02999999999999998,-0.011499999999999988,5000,-0.020499999999999973,0.015714466088430853,-0.02999999999999995,-0.0115,5000,-0.04099999999999998,0.03142893217686176,-0.05999999999999996,-0.023,5000,-0.032999999999999974,0.022632326929023908,-0.045999999999999965,-0.019999999999999997,5000,0.008000000000000007,0.013984117975602034,0.0,0.017000000000000015,5000,0.0,0.0,0.0,0.0,5000,0.0,0.0,0.0,0.0,5000,sample_sd,95% percentile bootstrap over paired_simulator_seeds_within_fixed_target,paired_simulator_seeds_within_fixed_target,5000
MNIST_QNN_zz_r1_d6_s43,zz_r1_d6,43,medium_risk_zz_repetition_baseline,zz,1,6,noisy_shot,1024,loss,ibm_kingston,True,10,-0.032999999999999974,0.022632326929023908,-0.046999999999999945,-0.019999999999999997,5000,0.008000000000000007,0.013984117975602034,0.0,0.016000000000000014,5000,-0.04099999999999998,0.03142893217686176,-0.06099999999999996,-0.023,5000,0.10065957408445685,0.012403500345017651,0.0941089535256324,0.1081214204206015,5000,-0.07846238215374299,0.01946536170030256,-0.08965301170338108,-0.06636635299648493,5000,-0.17912195623819976,0.026002943924079622,-0.19416688287609984,-0.16338512207462053,5000,-0.013910000000000089,0.009633788916562828,-0.019500250000000118,-0.008239750000000094,5000,-0.045000000000000005,0.028771127502720102,-0.06250000000000001,-0.029000000000000015,5000,-0.09,0.057542255005440225,-0.12599999999999997,-0.057999999999999996,5000,-0.16599999999999998,0.07275529763071094,-0.20999999999999996,-0.12599999999999997,5000,-0.076,0.07198765326236312,-0.12099999999999995,-0.03700000000000001,5000,-1.7347234759768072e-19,0.013333333333333332,-0.007024999999999992,0.008,5000,-0.027000000000000003,0.01567021236472421,-0.037,-0.018000000000000006,5000,sample_sd,95% percentile bootstrap over paired_simulator_seeds_within_fixed_target,paired_simulator_seeds_within_fixed_target,5000
MNIST_QNN_zz_r1_d6_s44,zz_r1_d6,44,medium_risk_zz_repetition_baseline,zz,1,6,ideal_shot,128,confidence,ibm_kingston,False,10,-0.04500000000000004,0.02838231060987736,-0.061025000000000044,-0.02897500000000039,5000,-0.0029999999999999805,0.02002775851439972,-0.014999999999999958,0.009000000000000008,5000,-0.04200000000000006,0.03224903099319422,-0.060000000000000074,-0.02300000000000003,5000,0.08459342819688752,0.03098699870052064,0.06664572119900239,0.10247073397126405,5000,0.057405149334389546,0.05810386401488271,0.023154578499413114,0.09164826173207587,5000,-0.02718827886249796,0.08265714387997973,-0.07602541177614384,0.022069406877334677,5000,-0.002100000000000024,0.025641849473944815,-0.017190000000000028,0.012830249999999972,5000,0.01050000000000002,0.03443593084749321,-0.009499999999999986,0.031000000000000028,5000,0.021000000000000053,0.06887186169498637,-0.01799999999999994,0.06100000000000004,5000,-0.0030000000000000083,0.1418958929794814,-0.08800000000000001,0.078,5000,-0.02400000000000006,0.14773850773128402,-0.11102500000000007,0.05999999999999994,5000,0.040999999999999995,0.024244128727957576,0.026000000000000002,0.054000000000000006,5000,0.008000000000000004,0.03645392830531284,-0.013999999999999995,0.029000000000000005,5000,sample_sd,95% percentile bootstrap over paired_simulator_seeds_within_fixed_target,paired_simulator_seeds_within_fixed_target,5000
MNIST_QNN_zz_r1_d6_s44,zz_r1_d6,44,medium_risk_zz_repetition_baseline,zz,1,6,ideal_shot,128,correctness,ibm_kingston,False,10,-0.04500000000000004,0.02838231060987736,-0.061000000000000054,-0.028000000000000025,5000,-0.0029999999999999805,0.02002775851439972,-0.014999999999999968,0.008000000000000018,5000,-0.04200000000000006,0.03224903099319422,-0.06000000000000007,-0.02300000000000003,5000,0.08459342819688752,0.03098699870052064,0.06635738486223415,0.10311722429667201,5000,0.057405149334389546,0.05810386401488271,0.023124489066928763,0.09175397881904,5000,-0.02718827886249796,0.08265714387997973,-0.07569110966791093,0.020167993899861205,5000,-0.02100000000000012,0.0161245154965971,-0.030000000000000127,-0.01100000000000012,5000,-0.020999999999999998,0.016124515496597092,-0.03049999999999995,-0.01100000000000001,5000,-0.04200000000000006,0.03224903099319422,-0.060000000000000074,-0.02300000000000002,5000,-0.04500000000000004,0.02838231060987736,-0.061025000000000044,-0.028000000000000025,5000,-0.0029999999999999805,0.02002775851439972,-0.014999999999999968,0.008000000000000018,5000,0.0,0.0,0.0,0.0,5000,0.0,0.0,0.0,0.0,5000,sample_sd,95% percentile bootstrap over paired_simulator_seeds_within_fixed_target,paired_simulator_seeds_within_fixed_target,5000
MNIST_QNN_zz_r1_d6_s44,zz_r1_d6,44,medium_risk_zz_repetition_baseline,zz,1,6,ideal_shot,128,loss,ibm_kingston,False,10,-0.04500000000000004,0.02838231060987736,-0.061000000000000054,-0.028000000000000025,5000,-0.0029999999999999805,0.02002775851439972,-0.014999999999999968,0.008000000000000018,5000,-0.04200000000000006,0.03224903099319422,-0.060000000000000074,-0.02300000000000004,5000,0.08459342819688752,0.03098699870052064,0.06603481088169699,0.10294523649026814,5000,0.057405149334389546,0.05810386401488271,0.02229252911244567,0.09220408432443546,5000,-0.02718827886249796,0.08265714387997973,-0.07464313777264162,0.021131643261213476,5000,-0.004679999999999973,0.028907853604167876,-0.021423249999999974,0.012980250000000044,5000,-0.061499999999999985,0.02014530549118908,-0.0735,-0.05,5000,-0.12299999999999996,0.040290610982378176,-0.14699999999999996,-0.1009750000000003,5000,-0.13199999999999995,0.08024961059095552,-0.18199999999999997,-0.08799999999999997,5000,-0.008999999999999985,0.0587745220690432,-0.045999999999999985,0.02200000000000002,5000,0.040999999999999995,0.024244128727957576,0.026999999999999996,0.05500000000000001,5000,0.008000000000000004,0.03645392830531284,-0.013999999999999993,0.029000000000000005,5000,sample_sd,95% percentile bootstrap over paired_simulator_seeds_within_fixed_target,paired_simulator_seeds_within_fixed_target,5000
MNIST_QNN_zz_r1_d6_s44,zz_r1_d6,44,medium_risk_zz_repetition_baseline,zz,1,6,ideal_shot,512,confidence,ibm_kingston,False,10,-0.006000000000000038,0.018378731669453606,-0.017000000000000036,0.003999999999999959,5000,-0.0040000000000000036,0.012649110640673528,-0.01100000000000001,0.0040000000000000036,5000,-0.002000000000000035,0.023944379994757275,-0.016000000000000025,0.011999999999999955,5000,0.02242467249787295,0.011403998171234163,0.01579256976614123,0.029184525916922565,5000,0.010688429520181664,0.02680500461458313,-0.003382796036070245,0.02827198480079822,5000,-0.011736242977691247,0.03338517124906908,-0.029779704093896315,0.009480409259387163,5000,-0.006039999999999995,0.009662895816242445,-0.011970500000000007,-0.0006597499999999819,5000,-0.004499999999999993,0.017232076034083783,-0.013500000000000007,0.006500000000000011,5000,-0.008999999999999963,0.03446415206816757,-0.026999999999999975,0.012000000000000044,5000,-0.06500000000000002,0.13737620689996582,-0.14402500000000004,0.01599999999999998,5000,-0.056000000000000064,0.13574485871172678,-0.14200000000000007,0.01499999999999993,5000,0.039999999999999994,0.025385910352879695,0.024975000000000008,0.054000000000000006,5000,0.021000000000000008,0.017919573407620817,0.010000000000000007,0.03200000000000001,5000,sample_sd,95% percentile bootstrap over paired_simulator_seeds_within_fixed_target,paired_simulator_seeds_within_fixed_target,5000
MNIST_QNN_zz_r1_d6_s44,zz_r1_d6,44,medium_risk_zz_repetition_baseline,zz,1,6,ideal_shot,512,correctness,ibm_kingston,False,10,-0.006000000000000038,0.018378731669453606,-0.018000000000000016,0.003999999999999959,5000,-0.0040000000000000036,0.012649110640673528,-0.01100000000000001,0.0040000000000000036,5000,-0.002000000000000035,0.023944379994757275,-0.016000000000000025,0.011999999999999955,5000,0.02242467249787295,0.011403998171234163,0.015749411866327855,0.029104411187583164,5000,0.010688429520181664,0.02680500461458313,-0.0033249946372496363,0.027472121503651938,5000,-0.011736242977691247,0.03338517124906908,-0.02999647714081832,0.00904636557293509,5000,-0.0010000000000000564,0.011972189997378617,-0.00800000000000004,0.005999999999999927,5000,-0.0009999999999999788,0.01197218999737864,-0.007999999999999974,0.006000000000000028,5000,-0.002000000000000035,0.023944379994757275,-0.016000000000000025,0.011999999999999966,5000,-0.006000000000000038,0.018378731669453606,-0.017000000000000026,0.003999999999999959,5000,-0.0040000000000000036,0.012649110640673528,-0.01100000000000001,0.0040000000000000036,5000,0.0,0.0,0.0,0.0,5000,0.0,0.0,0.0,0.0,5000,sample_sd,95% percentile bootstrap over paired_simulator_seeds_within_fixed_target,paired_simulator_seeds_within_fixed_target,5000
MNIST_QNN_zz_r1_d6_s44,zz_r1_d6,44,medium_risk_zz_repetition_baseline,zz,1,6,ideal_shot,512,loss,ibm_kingston,False,10,-0.006000000000000038,0.018378731669453606,-0.017000000000000026,0.004999999999999916,5000,-0.0040000000000000036,0.012649110640673528,-0.01100000000000001,0.0040000000000000036,5000,-0.002000000000000035,0.023944379994757275,-0.016000000000000025,0.011999999999999955,5000,0.02242467249787295,0.011403998171234163,0.01584724534388587,0.02912104501842694,5000,0.010688429520181664,0.02680500461458313,-0.0034560539786003515,0.027170060757880844,5000,-0.011736242977691247,0.03338517124906908,-0.030165260813454504,0.00886277739232995,5000,-0.005829999999999979,0.007115874272825991,-0.010089999999999998,-0.0017894999999999884,5000,-0.02200000000000001,0.017669811040931443,-0.033000000000000015,-0.012500000000000011,5000,-0.044000000000000004,0.03533962208186285,-0.06699999999999998,-0.026000000000000002,5000,-0.024999999999999977,0.0302765035409749,-0.04499999999999997,-0.008999999999999985,5000,0.019000000000000027,0.026012817353502228,0.003000000000000036,0.03300000000000004,5000,0.039999999999999994,0.025385910352879695,0.024,0.054000000000000006,5000,0.021000000000000008,0.017919573407620817,0.010000000000000007,0.031000000000000017,5000,sample_sd,95% percentile bootstrap over paired_simulator_seeds_within_fixed_target,paired_simulator_seeds_within_fixed_target,5000
MNIST_QNN_zz_r1_d6_s44,zz_r1_d6,44,medium_risk_zz_repetition_baseline,zz,1,6,ideal_shot,1024,confidence,ibm_kingston,False,10,0.00599999999999995,0.016465452046971255,-0.004000000000000026,0.015999999999999924,5000,0.0010000000000000009,0.00994428926011754,-0.0050000000000000044,0.007000000000000006,5000,0.004999999999999949,0.02068278940998473,-0.007000000000000039,0.01699999999999994,5000,0.013246263555192839,0.008516279906440372,0.00869102348383456,0.01858843164776188,5000,0.001985527942902987,0.018379718659618093,-0.008888474537782172,0.012999909043177797,5000,-0.011260735612289829,0.022475346551743013,-0.023634561414785593,0.00205805947872944,5000,-0.0009300000000000031,0.006064111183384116,-0.004659999999999986,0.0024599999999999787,5000,-0.0004999999999999949,0.0279334526648207,-0.015500000000000014,0.016500000000000015,5000,-0.0009999999999999731,0.05586690532964138,-0.030999999999999993,0.033000000000000015,5000,-0.08100000000000002,0.09036346360977736,-0.137,-0.03100000000000001,5000,-0.08000000000000004,0.10295630140987,-0.14402500000000007,-0.02600000000000004,5000,0.024999999999999998,0.01649915822768611,0.016,0.034999999999999996,5000,0.018000000000000002,0.01398411797560202,0.010000000000000004,0.026000000000000002,5000,sample_sd,95% percentile bootstrap over paired_simulator_seeds_within_fixed_target,paired_simulator_seeds_within_fixed_target,5000
MNIST_QNN_zz_r1_d6_s44,zz_r1_d6,44,medium_risk_zz_repetition_baseline,zz,1,6,ideal_shot,1024,correctness,ibm_kingston,False,10,0.00599999999999995,0.016465452046971255,-0.004000000000000026,0.014999999999999947,5000,0.0010000000000000009,0.00994428926011754,-0.0040000000000000036,0.007000000000000006,5000,0.004999999999999949,0.02068278940998473,-0.007000000000000039,0.01699999999999994,5000,0.013246263555192839,0.008516279906440372,0.008838391972947267,0.018757322461853597,5000,0.001985527942902987,0.018379718659618093,-0.008911176894749958,0.012917628613488325,5000,-0.011260735612289829,0.022475346551743013,-0.024462639472506965,0.002093285971430327,5000,0.0024999999999999467,0.010341394704992339,-0.0035000000000000365,0.00899999999999992,5000,0.0025000000000000243,0.01034139470499236,-0.0034999999999999697,0.008500000000000018,5000,0.004999999999999949,0.02068278940998473,-0.007000000000000039,0.017999999999999926,5000,0.00599999999999995,0.016465452046971255,-0.004000000000000026,0.015999999999999914,5000,0.0010000000000000009,0.00994428926011754,-0.0050000000000000044,0.007000000000000006,5000,0.0,0.0,0.0,0.0,5000,0.0,0.0,0.0,0.0,5000,sample_sd,95% percentile bootstrap over paired_simulator_seeds_within_fixed_target,paired_simulator_seeds_within_fixed_target,5000
MNIST_QNN_zz_r1_d6_s44,zz_r1_d6,44,medium_risk_zz_repetition_baseline,zz,1,6,ideal_shot,1024,loss,ibm_kingston,False,10,0.00599999999999995,0.016465452046971255,-0.004000000000000026,0.014999999999999935,5000,0.0010000000000000009,0.00994428926011754,-0.0050000000000000044,0.007000000000000006,5000,0.004999999999999949,0.02068278940998473,-0.007000000000000039,0.01699999999999994,5000,0.013246263555192839,0.008516279906440372,0.008771130849522872,0.018779367199209796,5000,0.001985527942902987,0.018379718659618093,-0.008888973548041036,0.013002206923129042,5000,-0.011260735612289829,0.022475346551743013,-0.02421134292296335,0.002373845718206594,5000,-0.002519999999999978,0.005316598745647663,-0.005559999999999998,0.0006000000000000342,5000,-0.029000000000000015,0.021959558789334154,-0.04150000000000004,-0.016000000000000014,5000,-0.057999999999999996,0.04391911757866827,-0.08399999999999999,-0.03200000000000001,5000,-0.033999999999999975,0.03949683531626298,-0.05799999999999996,-0.011999999999999978,5000,0.02400000000000002,0.01712697677155352,0.013000000000000012,0.03300000000000003,5000,0.024999999999999998,0.01649915822768611,0.016,0.034999999999999996,5000,0.018000000000000002,0.01398411797560202,0.010000000000000002,0.026000000000000002,5000,sample_sd,95% percentile bootstrap over paired_simulator_seeds_within_fixed_target,paired_simulator_seeds_within_fixed_target,5000
MNIST_QNN_zz_r1_d6_s44,zz_r1_d6,44,medium_risk_zz_repetition_baseline,zz,1,6,noisy_shot,128,confidence,ibm_kingston,True,10,-0.07200000000000005,0.032591750830880846,-0.09300000000000005,-0.05400000000000005,5000,-0.01499999999999999,0.030276503540974907,-0.034024999999999986,1.1102230246251566e-17,5000,-0.057000000000000065,0.045716517802649834,-0.08500000000000005,-0.03100000000000005,5000,0.18765208448244083,0.027616949534360554,0.17200875216699496,0.2044570346228993,5000,0.02464399069613137,0.07290296076592703,-0.016973591714689974,0.06763719504667823,5000,-0.16300809378630943,0.08184326458780751,-0.21013713539315426,-0.11468978615134653,5000,-0.008990000000000003,0.020483188228398442,-0.02085100000000001,0.002990000000000004,5000,0.019000000000000017,0.022459840703897373,0.006000000000000005,0.03200000000000003,5000,0.038000000000000034,0.04491968140779474,0.01100000000000002,0.06400000000000006,5000,-0.06000000000000001,0.18838494867926386,-0.16502500000000003,0.05202499999999961,5000,-0.09800000000000005,0.20959219663167064,-0.21500000000000002,0.026999999999999958,5000,0.048,0.028205594401741578,0.031000000000000007,0.06400000000000002,5000,0.015000000000000005,0.044284434185288074,-0.010999999999999994,0.04,5000,sample_sd,95% percentile bootstrap over paired_simulator_seeds_within_fixed_target,paired_simulator_seeds_within_fixed_target,5000
MNIST_QNN_zz_r1_d6_s44,zz_r1_d6,44,medium_risk_zz_repetition_baseline,zz,1,6,noisy_shot,128,correctness,ibm_kingston,True,10,-0.07200000000000005,0.032591750830880846,-0.09200000000000005,-0.05300000000000005,5000,-0.01499999999999999,0.030276503540974907,-0.034999999999999976,0.0010000000000000009,5000,-0.057000000000000065,0.045716517802649834,-0.08400000000000006,-0.03000000000000006,5000,0.18765208448244083,0.027616949534360554,0.17207995147372385,0.20323699342051837,5000,0.02464399069613137,0.07290296076592703,-0.018690243640764322,0.06837763075385046,5000,-0.16300809378630943,0.08184326458780751,-0.21158238494306716,-0.11663271072994932,5000,-0.02850000000000009,0.022858258901324917,-0.04250000000000006,-0.01550000000000008,5000,-0.028500000000000015,0.022858258901324917,-0.0425,-0.015500000000000014,5000,-0.057000000000000065,0.045716517802649834,-0.08500000000000006,-0.030000000000000072,5000,-0.07200000000000005,0.032591750830880846,-0.09300000000000004,-0.05400000000000005,5000,-0.01499999999999999,0.030276503540974907,-0.03499999999999999,1.1102230246251566e-17,5000,0.0,0.0,0.0,0.0,5000,0.0,0.0,0.0,0.0,5000,sample_sd,95% percentile bootstrap over paired_simulator_seeds_within_fixed_target,paired_simulator_seeds_within_fixed_target,5000
MNIST_QNN_zz_r1_d6_s44,zz_r1_d6,44,medium_risk_zz_repetition_baseline,zz,1,6,noisy_shot,128,loss,ibm_kingston,True,10,-0.07200000000000005,0.032591750830880846,-0.09200000000000005,-0.05400000000000005,5000,-0.01499999999999999,0.030276503540974907,-0.033999999999999996,1.1102230246251566e-17,5000,-0.057000000000000065,0.045716517802649834,-0.08500000000000005,-0.030000000000000072,5000,0.18765208448244083,0.027616949534360554,0.17201251332929346,0.20425133758305453,5000,0.02464399069613137,0.07290296076592703,-0.017786050919043186,0.0662497309125818,5000,-0.16300809378630943,0.08184326458780751,-0.21156577045400735,-0.11665377371531502,5000,-0.012629999999999985,0.027229071473947347,-0.028210249999999958,0.0037000000000000145,5000,-0.06799999999999999,0.031198290551460225,-0.086,-0.05000000000000001,5000,-0.13599999999999998,0.062396581102920484,-0.173,-0.09999999999999995,5000,-0.17699999999999996,0.11916841490559113,-0.255025,-0.11999999999999997,5000,-0.04099999999999998,0.07738073260042048,-0.09099999999999998,-0.003999999999999971,5000,0.048,0.028205594401741578,0.031000000000000007,0.064,5000,0.015000000000000005,0.044284434185288074,-0.010999999999999994,0.041,5000,sample_sd,95% percentile bootstrap over paired_simulator_seeds_within_fixed_target,paired_simulator_seeds_within_fixed_target,5000
MNIST_QNN_zz_r1_d6_s44,zz_r1_d6,44,medium_risk_zz_repetition_baseline,zz,1,6,noisy_shot,512,confidence,ibm_kingston,True,10,-0.007000000000000039,0.014944341180973235,-0.016000000000000025,0.001999999999999924,5000,0.025000000000000022,0.01433720877840439,0.016000000000000014,0.03300000000000003,5000,-0.03200000000000006,0.024404006956964163,-0.04600000000000006,-0.01800000000000006,5000,0.08522924947331192,0.0052814114111208,0.08211185940337017,0.08841150981257669,5000,-0.052633566680640786,0.026524274562776288,-0.06762405942474943,-0.03702835721102018,5000,-0.1378628161539527,0.02483751512664537,-0.15193858108011438,-0.12286748145610617,5000,0.0015500000000000069,0.010224290249748942,-0.004069999999999996,0.007830000000000014,5000,0.013000000000000022,0.021883530082893145,0.0010000000000000174,0.02551249999999985,5000,0.02600000000000004,0.04376706016578626,0.0010000000000000453,0.051000000000000045,5000,-0.07500000000000002,0.13986104214938166,-0.158,0.00899999999999998,5000,-0.10100000000000005,0.16353389047330016,-0.20100000000000007,-0.009000000000000053,5000,0.041999999999999996,0.016193277068654827,0.032,0.051000000000000004,5000,-0.006999999999999995,0.014944341180973262,-0.014999999999999996,0.0020000000000000044,5000,sample_sd,95% percentile bootstrap over paired_simulator_seeds_within_fixed_target,paired_simulator_seeds_within_fixed_target,5000
MNIST_QNN_zz_r1_d6_s44,zz_r1_d6,44,medium_risk_zz_repetition_baseline,zz,1,6,noisy_shot,512,correctness,ibm_kingston,True,10,-0.007000000000000039,0.014944341180973235,-0.016000000000000025,0.001999999999999935,5000,0.025000000000000022,0.01433720877840439,0.016000000000000014,0.03300000000000003,5000,-0.03200000000000006,0.024404006956964163,-0.046000000000000055,-0.01700000000000007,5000,0.08522924947331192,0.0052814114111208,0.08218665550942823,0.08820850271795934,5000,-0.052633566680640786,0.026524274562776288,-0.06763123415575792,-0.036359727808433356,5000,-0.1378628161539527,0.02483751512664537,-0.1529251104963186,-0.12306568258366385,5000,-0.01600000000000009,0.012202003478482082,-0.023000000000000097,-0.008500000000000108,5000,-0.015999999999999993,0.012202003478482066,-0.022999999999999975,-0.008500000000000008,5000,-0.03200000000000006,0.024404006956964163,-0.04600000000000006,-0.01800000000000005,5000,-0.007000000000000039,0.014944341180973235,-0.016000000000000025,0.0009999999999999567,5000,0.025000000000000022,0.01433720877840439,0.016000000000000014,0.03300000000000003,5000,0.0,0.0,0.0,0.0,5000,0.0,0.0,0.0,0.0,5000,sample_sd,95% percentile bootstrap over paired_simulator_seeds_within_fixed_target,paired_simulator_seeds_within_fixed_target,5000
MNIST_QNN_zz_r1_d6_s44,zz_r1_d6,44,medium_risk_zz_repetition_baseline,zz,1,6,noisy_shot,512,loss,ibm_kingston,True,10,-0.007000000000000039,0.014944341180973235,-0.016000000000000014,0.001999999999999935,5000,0.025000000000000022,0.01433720877840439,0.016000000000000014,0.03300000000000003,5000,-0.03200000000000006,0.024404006956964163,-0.046000000000000055,-0.01700000000000007,5000,0.08522924947331192,0.0052814114111208,0.08207296448776032,0.08830121537156516,5000,-0.052633566680640786,0.026524274562776288,-0.06777196670082192,-0.03642882016366567,5000,-0.1378628161539527,0.02483751512664537,-0.15260187389488886,-0.1227514764737585,5000,-0.001419999999999999,0.00601106387329969,-0.004940249999999989,0.002059999999999995,5000,-0.04650000000000001,0.028679260799399958,-0.06350000000000001,-0.030000000000000016,5000,-0.093,0.057358521598799984,-0.12600000000000003,-0.059,5000,-0.09299999999999996,0.0671730766172149,-0.13399999999999998,-0.056999999999999953,5000,3.3306690738754695e-17,0.03431876713662333,-0.01899999999999996,0.02100000000000003,5000,0.041999999999999996,0.016193277068654827,0.032,0.051000000000000004,5000,-0.006999999999999995,0.014944341180973262,-0.015999999999999993,0.0020000000000000044,5000,sample_sd,95% percentile bootstrap over paired_simulator_seeds_within_fixed_target,paired_simulator_seeds_within_fixed_target,5000
MNIST_QNN_zz_r1_d6_s44,zz_r1_d6,44,medium_risk_zz_repetition_baseline,zz,1,6,noisy_shot,1024,confidence,ibm_kingston,True,10,0.00999999999999993,0.0133333333333333,0.0019999999999999463,0.017999999999999905,5000,0.02100000000000002,0.017288403306519935,0.01200000000000001,0.03200000000000003,5000,-0.011000000000000088,0.020789954839350238,-0.024000000000000077,0.000999999999999901,5000,0.06928913871094118,0.009260694707740094,0.06413545676105421,0.07507087526863322,5000,-0.05327934888363232,0.020806682395001733,-0.06544551574896175,-0.041235028727288583,5000,-0.12256848759457344,0.023828033507519983,-0.13661812999938552,-0.10893801908919551,5000,0.012549999999999973,0.008138420540184004,0.00781974999999996,0.017489999999999985,5000,0.008000000000000007,0.021108186931983436,-0.0040000000000000036,0.020500000000000018,5000,0.016000000000000042,0.04221637386396681,-0.007999999999999952,0.04100000000000003,5000,0.04699999999999998,0.16159276661479072,-0.05300000000000001,0.13499999999999995,5000,0.030999999999999937,0.14820781205980862,-0.062000000000000055,0.11202499999999958,5000,0.034999999999999996,0.014337208778404376,0.026000000000000002,0.043,5000,0.010000000000000005,0.02211083193570267,-0.001999999999999995,0.02300000000000001,5000,sample_sd,95% percentile bootstrap over paired_simulator_seeds_within_fixed_target,paired_simulator_seeds_within_fixed_target,5000
MNIST_QNN_zz_r1_d6_s44,zz_r1_d6,44,medium_risk_zz_repetition_baseline,zz,1,6,noisy_shot,1024,correctness,ibm_kingston,True,10,0.00999999999999993,0.0133333333333333,0.0019999999999999463,0.017999999999999905,5000,0.02100000000000002,0.017288403306519935,0.01200000000000001,0.03200000000000003,5000,-0.011000000000000088,0.020789954839350238,-0.024000000000000087,-7.771561172376095e-17,5000,0.06928913871094118,0.009260694707740094,0.06422033989575572,0.07477465308238751,5000,-0.05327934888363232,0.020806682395001733,-0.0657565484229213,-0.04179014144838729,5000,-0.12256848759457344,0.023828033507519983,-0.13724789067590895,-0.1093195499884444,5000,-0.005500000000000083,0.01039497741967511,-0.011500000000000088,0.0004999999999999005,5000,-0.005499999999999982,0.010394977419675103,-0.0115,2.2204460492503132e-17,5000,-0.011000000000000088,0.020789954839350238,-0.024000000000000077,-6.661338147750939e-17,5000,0.00999999999999993,0.0133333333333333,0.0019999999999999575,0.016999999999999925,5000,0.02100000000000002,0.017288403306519935,0.01200000000000001,0.03200000000000003,5000,0.0,0.0,0.0,0.0,5000,0.0,0.0,0.0,0.0,5000,sample_sd,95% percentile bootstrap over paired_simulator_seeds_within_fixed_target,paired_simulator_seeds_within_fixed_target,5000
MNIST_QNN_zz_r1_d6_s44,zz_r1_d6,44,medium_risk_zz_repetition_baseline,zz,1,6,noisy_shot,1024,loss,ibm_kingston,True,10,0.00999999999999993,0.0133333333333333,0.0019999999999999575,0.017999999999999905,5000,0.02100000000000002,0.017288403306519935,0.01200000000000001,0.03200000000000003,5000,-0.011000000000000088,0.020789954839350238,-0.024000000000000087,0.000999999999999901,5000,0.06928913871094118,0.009260694707740094,0.06407062811356734,0.07502560640569425,5000,-0.05327934888363232,0.020806682395001733,-0.06591661587003034,-0.04162335151396981,5000,-0.12256848759457344,0.023828033507519983,-0.13693836217058553,-0.10928525857001217,5000,0.007950000000000002,0.006472548871108578,0.004530000000000034,0.012070250000000043,5000,-0.03250000000000001,0.017989194287435728,-0.0435,-0.02350000000000001,5000,-0.06499999999999997,0.035978388574871505,-0.087,-0.045999999999999965,5000,-0.06999999999999995,0.0573488351136175,-0.10599999999999996,-0.03799999999999996,5000,-0.004999999999999982,0.02677063067368167,-0.020999999999999974,0.01100000000000001,5000,0.034999999999999996,0.014337208778404376,0.026000000000000002,0.043,5000,0.010000000000000005,0.02211083193570267,-0.001999999999999995,0.024000000000000007,5000,sample_sd,95% percentile bootstrap over paired_simulator_seeds_within_fixed_target,paired_simulator_seeds_within_fixed_target,5000
MNIST_QNN_zz_r1_d6_s45,zz_r1_d6,45,medium_risk_zz_repetition_baseline,zz,1,6,ideal_shot,128,confidence,ibm_kingston,False,10,-0.04799999999999995,0.022509257354845498,-0.06099999999999996,-0.034999999999999976,5000,-0.01100000000000001,0.032812599206199264,-0.028000000000000025,0.009000000000000008,5000,-0.03699999999999994,0.034976182372199134,-0.05699999999999994,-0.01599999999999995,5000,0.09355184401808912,0.026201551702995124,0.07817633699368837,0.10896561703876524,5000,0.1251582364514861,0.05020079962046705,0.0977436341929751,0.15675803803744834,5000,0.03160639243339695,0.05805545208060233,-0.0035427427344585797,0.06425390286258742,5000,-0.021790000000000052,0.022379973686808073,-0.035072000000000034,-0.008709000000000088,5000,-0.05850000000000007,0.030372685096974873,-0.07500000000000008,-0.039500000000000104,5000,-0.11700000000000003,0.060745370193949766,-0.15100000000000002,-0.08000000000000004,5000,-0.17099999999999999,0.11049886877249013,-0.24000000000000005,-0.10500000000000002,5000,-0.05399999999999998,0.12384578223652906,-0.132025,0.012000000000000033,5000,0.008000000000000002,0.01549193338482967,-0.0009999999999999992,0.017000000000000005,5000,0.023,0.02496664441476534,0.008999999999999998,0.03799999999999999,5000,sample_sd,95% percentile bootstrap over paired_simulator_seeds_within_fixed_target,paired_simulator_seeds_within_fixed_target,5000
MNIST_QNN_zz_r1_d6_s45,zz_r1_d6,45,medium_risk_zz_repetition_baseline,zz,1,6,ideal_shot,128,correctness,ibm_kingston,False,10,-0.04799999999999995,0.022509257354845498,-0.06099999999999996,-0.034999999999999955,5000,-0.01100000000000001,0.032812599206199264,-0.029000000000000026,0.010000000000000009,5000,-0.03699999999999994,0.034976182372199134,-0.05699999999999994,-0.01599999999999995,5000,0.09355184401808912,0.026201551702995124,0.07777392416963085,0.10879521708343769,5000,0.1251582364514861,0.05020079962046705,0.09741392082038196,0.15685879795529928,5000,0.03160639243339695,0.05805545208060233,-0.0037985962317670127,0.06493011897919239,5000,-0.01849999999999997,0.017488091186099577,-0.02899999999999998,-0.008499999999999962,5000,-0.018499999999999982,0.017488091186099543,-0.02899999999999996,-0.008999999999999985,5000,-0.03699999999999994,0.034976182372199134,-0.05702499999999995,-0.016999999999999914,5000,-0.04799999999999995,0.022509257354845498,-0.06099999999999996,-0.034999999999999955,5000,-0.01100000000000001,0.032812599206199264,-0.029000000000000026,0.009000000000000008,5000,0.0,0.0,0.0,0.0,5000,0.0,0.0,0.0,0.0,5000,sample_sd,95% percentile bootstrap over paired_simulator_seeds_within_fixed_target,paired_simulator_seeds_within_fixed_target,5000
MNIST_QNN_zz_r1_d6_s45,zz_r1_d6,45,medium_risk_zz_repetition_baseline,zz,1,6,ideal_shot,128,loss,ibm_kingston,False,10,-0.04799999999999995,0.022509257354845498,-0.06099999999999996,-0.03499999999999996,5000,-0.01100000000000001,0.032812599206199264,-0.030000000000000027,0.010000000000000009,5000,-0.03699999999999994,0.034976182372199134,-0.057999999999999954,-0.01699999999999995,5000,0.09355184401808912,0.026201551702995124,0.07841322900996166,0.10884686473100554,5000,0.1251582364514861,0.05020079962046705,0.09826191148873477,0.15596288230686986,5000,0.03160639243339695,0.05805545208060233,-0.002818242228479239,0.0645162455802411,5000,-0.008769999999999945,0.0158708012820189,-0.01807074999999992,0.0002700000000000485,5000,-0.0365,0.026671874491473003,-0.05399999999999999,-0.023487500000000147,5000,-0.07299999999999997,0.053343748982946027,-0.10799999999999996,-0.04599999999999997,5000,-0.03999999999999998,0.04242640687119283,-0.06499999999999997,-0.015999999999999993,5000,0.03299999999999999,0.04945255863507525,0.003999999999999981,0.060999999999999985,5000,0.008000000000000002,0.01549193338482967,-0.0009999999999999987,0.017,5000,0.023,0.02496664441476534,0.008999999999999998,0.038,5000,sample_sd,95% percentile bootstrap over paired_simulator_seeds_within_fixed_target,paired_simulator_seeds_within_fixed_target,5000
MNIST_QNN_zz_r1_d6_s45,zz_r1_d6,45,medium_risk_zz_repetition_baseline,zz,1,6,ideal_shot,512,confidence,ibm_kingston,False,10,-0.007999999999999997,0.014757295747452432,-0.015999999999999993,0.0010000000000000009,5000,-0.0030000000000000027,0.02359378449224854,-0.017000000000000015,0.01100000000000001,5000,-0.004999999999999993,0.02953340857778226,-0.023,0.01200000000000001,5000,0.02320074924715868,0.010959916458312098,0.01686418793378709,0.029687578560179846,5000,0.04099789992012302,0.034232553705430824,0.01992589636425175,0.059542709024946065,5000,0.017797150672964324,0.036096062381144114,-0.004003377080103571,0.03831891372257968,5000,-0.012790000000000034,0.006980838854400733,-0.01660025000000004,-0.008600000000000062,5000,-0.05300000000000006,0.018135294011647252,-0.06300000000000006,-0.04150000000000007,5000,-0.10600000000000001,0.03627058802329451,-0.12699999999999995,-0.08399999999999999,5000,-0.08199999999999999,0.07345444544447638,-0.12399999999999997,-0.03899999999999998,5000,0.02400000000000001,0.06979334575094615,-0.01399999999999999,0.067,5000,-0.001999999999999999,0.007888106377466156,-0.0069999999999999975,0.003000000000000001,5000,0.028999999999999998,0.02514402955419481,0.015000000000000003,0.044,5000,sample_sd,95% percentile bootstrap over paired_simulator_seeds_within_fixed_target,paired_simulator_seeds_within_fixed_target,5000
MNIST_QNN_zz_r1_d6_s45,zz_r1_d6,45,medium_risk_zz_repetition_baseline,zz,1,6,ideal_shot,512,correctness,ibm_kingston,False,10,-0.007999999999999997,0.014757295747452432,-0.015999999999999993,0.0010000000000000009,5000,-0.0030000000000000027,0.02359378449224854,-0.017000000000000015,0.010000000000000009,5000,-0.004999999999999993,0.02953340857778226,-0.022,0.012000000000000021,5000,0.02320074924715868,0.010959916458312098,0.017099341494544205,0.030193103925733943,5000,0.04099789992012302,0.034232553705430824,0.01964577653046003,0.05973243930044657,5000,0.017797150672964324,0.036096062381144114,-0.0036422526175534094,0.03816222031038095,5000,-0.002499999999999991,0.01476670428889112,-0.011,0.006000000000000005,5000,-0.002499999999999991,0.01476670428889112,-0.011012500000000005,0.006000000000000005,5000,-0.004999999999999993,0.02953340857778226,-0.022,0.01200000000000001,5000,-0.007999999999999997,0.014757295747452432,-0.015999999999999993,0.0010000000000000009,5000,-0.0030000000000000027,0.02359378449224854,-0.017000000000000015,0.010000000000000009,5000,0.0,0.0,0.0,0.0,5000,0.0,0.0,0.0,0.0,5000,sample_sd,95% percentile bootstrap over paired_simulator_seeds_within_fixed_target,paired_simulator_seeds_within_fixed_target,5000
MNIST_QNN_zz_r1_d6_s45,zz_r1_d6,45,medium_risk_zz_repetition_baseline,zz,1,6,ideal_shot,512,loss,ibm_kingston,False,10,-0.007999999999999997,0.014757295747452432,-0.016000000000000004,0.0010000000000000009,5000,-0.0030000000000000027,0.02359378449224854,-0.017000000000000015,0.01100000000000001,5000,-0.004999999999999993,0.02953340857778226,-0.021999999999999985,0.01200000000000001,5000,0.02320074924715868,0.010959916458312098,0.01678501768111849,0.02988338055387349,5000,0.04099789992012302,0.034232553705430824,0.020091308202526605,0.05900153463222608,5000,0.017797150672964324,0.036096062381144114,-0.0040740888733328505,0.03745001377866397,5000,-0.0041699999999999515,0.006858093353436104,-0.007869999999999943,2.500000000518456e-07,5000,-0.0044999999999999814,0.02385721414303577,-0.018999999999999972,0.009000000000000018,5000,-0.008999999999999985,0.04771442828607156,-0.03699999999999999,0.017024999999999662,5000,0.019000000000000017,0.06573515886579348,-0.019999999999999973,0.056999999999999995,5000,0.028000000000000004,0.05652924513520018,-0.005999999999999994,0.06,5000,-0.001999999999999999,0.007888106377466156,-0.00602499999999999,0.003000000000000001,5000,0.028999999999999998,0.02514402955419481,0.015,0.044,5000,sample_sd,95% percentile bootstrap over paired_simulator_seeds_within_fixed_target,paired_simulator_seeds_within_fixed_target,5000
MNIST_QNN_zz_r1_d6_s45,zz_r1_d6,45,medium_risk_zz_repetition_baseline,zz,1,6,ideal_shot,1024,confidence,ibm_kingston,False,10,0.0,0.009428090415820642,-0.0050000000000000044,0.0050000000000000044,5000,0.0010000000000000009,0.015238839267549962,-0.008000000000000007,0.010000000000000009,5000,-0.0010000000000000009,0.020248456731316603,-0.013000000000000012,0.01100000000000001,5000,0.012578514454776266,0.008517551903809354,0.0072750537238469755,0.017115962277260064,5000,0.02355291727474832,0.027804047839721267,0.007334671852781139,0.0395947932541176,5000,0.010974402819972029,0.029240031049156033,-0.005884316068888416,0.02750817970266426,5000,-0.00649000000000004,0.008693605568334577,-0.01152000000000004,-0.0013700000000000483,5000,-0.05500000000000005,0.014529663145135591,-0.06350000000000006,-0.04650000000000004,5000,-0.10999999999999996,0.029059326290271182,-0.127,-0.09299999999999997,5000,-0.07599999999999998,0.09203863922891903,-0.13199999999999998,-0.023999999999999966,5000,0.03400000000000001,0.07947046970765653,-0.01599999999999998,0.078,5000,-0.005999999999999999,0.00699205898780101,-0.009999999999999998,-0.0019999999999999996,5000,0.013999999999999995,0.015776212754932312,0.0049999999999999975,0.023,5000,sample_sd,95% percentile bootstrap over paired_simulator_seeds_within_fixed_target,paired_simulator_seeds_within_fixed_target,5000
MNIST_QNN_zz_r1_d6_s45,zz_r1_d6,45,medium_risk_zz_repetition_baseline,zz,1,6,ideal_shot,1024,correctness,ibm_kingston,False,10,0.0,0.009428090415820642,-0.0050000000000000044,0.006000000000000005,5000,0.0010000000000000009,0.015238839267549962,-0.008000000000000007,0.010000000000000009,5000,-0.0010000000000000009,0.020248456731316603,-0.013000000000000012,0.010000000000000009,5000,0.012578514454776266,0.008517551903809354,0.007259485537437209,0.017140924274524422,5000,0.02355291727474832,0.027804047839721267,0.006827420401779428,0.040088247316190186,5000,0.010974402819972029,0.029240031049156033,-0.006033418062264819,0.027922417737539763,5000,-0.0005000000000000004,0.010124228365658301,-0.006500000000000006,0.005012499999999823,5000,-0.0005000000000000004,0.010124228365658301,-0.006500000000000006,0.0050000000000000044,5000,-0.0010000000000000009,0.020248456731316603,-0.013000000000000012,0.010000000000000009,5000,0.0,0.009428090415820642,-0.005024999999999996,0.0050000000000000044,5000,0.0010000000000000009,0.015238839267549962,-0.008000000000000007,0.010000000000000009,5000,0.0,0.0,0.0,0.0,5000,0.0,0.0,0.0,0.0,5000,sample_sd,95% percentile bootstrap over paired_simulator_seeds_within_fixed_target,paired_simulator_seeds_within_fixed_target,5000
MNIST_QNN_zz_r1_d6_s45,zz_r1_d6,45,medium_risk_zz_repetition_baseline,zz,1,6,ideal_shot,1024,loss,ibm_kingston,False,10,0.0,0.009428090415820642,-0.0050000000000000044,0.006000000000000005,5000,0.0010000000000000009,0.015238839267549962,-0.008000000000000007,0.010000000000000009,5000,-0.0010000000000000009,0.020248456731316603,-0.013000000000000012,0.010000000000000009,5000,0.012578514454776266,0.008517551903809354,0.0070643052954561785,0.017113025172578296,5000,0.02355291727474832,0.027804047839721267,0.007383344297914497,0.03937558586658881,5000,0.010974402819972029,0.029240031049156033,-0.005651297503887623,0.028396270226394023,5000,-0.0013399999999999302,0.005398600641730109,-0.004470249999999919,0.0018700000000000496,5000,-0.01349999999999999,0.025171633064048717,-0.02949999999999999,0.0005000000000000115,5000,-0.026999999999999958,0.05034326612809744,-0.058999999999999955,2.2204460492503132e-17,5000,0.006000000000000028,0.04880801391392834,-0.024999999999999967,0.03300000000000003,5000,0.03299999999999999,0.03743141876967944,0.010999999999999987,0.05499999999999997,5000,-0.005999999999999999,0.00699205898780101,-0.009999999999999998,-0.0019999999999999996,5000,0.013999999999999995,0.015776212754932312,0.004999999999999998,0.023,5000,sample_sd,95% percentile bootstrap over paired_simulator_seeds_within_fixed_target,paired_simulator_seeds_within_fixed_target,5000
MNIST_QNN_zz_r1_d6_s45,zz_r1_d6,45,medium_risk_zz_repetition_baseline,zz,1,6,noisy_shot,128,confidence,ibm_kingston,True,10,-0.119,0.019692073983655897,-0.131,-0.10799999999999998,5000,-0.04199999999999998,0.02347575581554532,-0.05599999999999996,-0.028000000000000004,5000,-0.077,0.03713339317768965,-0.09899999999999998,-0.055000000000000014,5000,0.23062645082451944,0.03578117985958176,0.20804035711382782,0.25000845991164744,5000,0.12477085127289866,0.06869554945835853,0.08560488297825342,0.1665525535697902,5000,-0.10585559955162083,0.09254161924521012,-0.16082962857451297,-0.053640934865538975,5000,-0.023560000000000025,0.0243279537432422,-0.03758075000000002,-0.00946950000000001,5000,-0.060500000000000054,0.0338665682413268,-0.07951250000000008,-0.04000000000000007,5000,-0.12100000000000002,0.06773313648265358,-0.15899999999999997,-0.08,5000,-0.20599999999999996,0.14576998624164333,-0.2899999999999999,-0.119,5000,-0.08499999999999999,0.15543844798218717,-0.179,0.005024999999999652,5000,0.018000000000000002,0.019888578520235064,0.007000000000000002,0.030000000000000006,5000,0.05800000000000001,0.02780887148615228,0.041999999999999996,0.074,5000,sample_sd,95% percentile bootstrap over paired_simulator_seeds_within_fixed_target,paired_simulator_seeds_within_fixed_target,5000
MNIST_QNN_zz_r1_d6_s45,zz_r1_d6,45,medium_risk_zz_repetition_baseline,zz,1,6,noisy_shot,128,correctness,ibm_kingston,True,10,-0.119,0.019692073983655897,-0.13099999999999998,-0.10799999999999998,5000,-0.04199999999999998,0.02347575581554532,-0.05499999999999997,-0.028000000000000004,5000,-0.077,0.03713339317768965,-0.098,-0.05600000000000001,5000,0.23062645082451944,0.03578117985958176,0.20804544321840512,0.24979209953047182,5000,0.12477085127289866,0.06869554945835853,0.08353548086245084,0.16256015427984105,5000,-0.10585559955162083,0.09254161924521012,-0.16100398103861424,-0.054359441112959844,5000,-0.03849999999999999,0.01856669658884482,-0.0495,-0.02749999999999999,5000,-0.03850000000000001,0.018566696588844817,-0.04951250000000002,-0.027500000000000024,5000,-0.077,0.03713339317768965,-0.098,-0.055000000000000014,5000,-0.119,0.019692073983655897,-0.13099999999999995,-0.10799999999999998,5000,-0.04199999999999998,0.02347575581554532,-0.05499999999999998,-0.028000000000000004,5000,0.0,0.0,0.0,0.0,5000,0.0,0.0,0.0,0.0,5000,sample_sd,95% percentile bootstrap over paired_simulator_seeds_within_fixed_target,paired_simulator_seeds_within_fixed_target,5000
MNIST_QNN_zz_r1_d6_s45,zz_r1_d6,45,medium_risk_zz_repetition_baseline,zz,1,6,noisy_shot,128,loss,ibm_kingston,True,10,-0.119,0.019692073983655897,-0.13099999999999998,-0.10899999999999999,5000,-0.04199999999999998,0.02347575581554532,-0.05599999999999996,-0.02799999999999999,5000,-0.077,0.03713339317768965,-0.098,-0.055000000000000014,5000,0.23062645082451944,0.03578117985958176,0.2080380084216136,0.2502440569388137,5000,0.12477085127289866,0.06869554945835853,0.08574531036197824,0.1645020335331926,5000,-0.10585559955162083,0.09254161924521012,-0.16029457273825204,-0.054604031658266786,5000,-0.009669999999999956,0.024267630475365513,-0.02293024999999995,0.004980500000000033,5000,-0.044,0.03649961948051269,-0.06549999999999997,-0.02150000000000001,5000,-0.088,0.07299923896102538,-0.12999999999999995,-0.044000000000000004,5000,-0.146,0.1233063033443321,-0.217,-0.073,5000,-0.05800000000000001,0.09174844836714012,-0.11400000000000002,-0.0070000000000000175,5000,0.018000000000000002,0.019888578520235064,0.007000000000000002,0.030000000000000006,5000,0.06500000000000002,0.024608038433722335,0.051000000000000004,0.07999999999999999,5000,sample_sd,95% percentile bootstrap over paired_simulator_seeds_within_fixed_target,paired_simulator_seeds_within_fixed_target,5000
MNIST_QNN_zz_r1_d6_s45,zz_r1_d6,45,medium_risk_zz_repetition_baseline,zz,1,6,noisy_shot,512,confidence,ibm_kingston,True,10,-0.04199999999999994,0.016865480854231348,-0.05099999999999995,-0.03199999999999995,5000,0.0010000000000000009,0.02183269719175044,-0.01100000000000001,0.014000000000000012,5000,-0.04299999999999994,0.029458068127047606,-0.05999999999999994,-0.024999999999999932,5000,0.11957272365509561,0.011681254832953413,0.11223027574114677,0.1262606208979976,5000,0.015208538942137228,0.029629487967554692,-0.002825866865989153,0.03188006550265999,5000,-0.10436418471295843,0.0310650110384994,-0.12382071257565493,-0.08763032675506759,5000,-0.007410000000000028,0.01956603917222106,-0.01882050000000004,0.0034699999999999623,5000,-0.048000000000000057,0.020303256443788085,-0.06000000000000005,-0.035500000000000066,5000,-0.09600000000000002,0.04060651288757615,-0.119,-0.07100000000000004,5000,-0.138,0.14573949361789343,-0.217,-0.04700000000000001,5000,-0.04199999999999998,0.11839669665061511,-0.11099999999999996,0.029000000000000015,5000,0.010000000000000004,0.01885618083164127,-0.0009999999999999985,0.021,5000,0.047,0.02213594362117866,0.034999999999999996,0.061,5000,sample_sd,95% percentile bootstrap over paired_simulator_seeds_within_fixed_target,paired_simulator_seeds_within_fixed_target,5000
MNIST_QNN_zz_r1_d6_s45,zz_r1_d6,45,medium_risk_zz_repetition_baseline,zz,1,6,noisy_shot,512,correctness,ibm_kingston,True,10,-0.04199999999999994,0.016865480854231348,-0.051999999999999935,-0.03199999999999995,5000,0.0010000000000000009,0.02183269719175044,-0.01100000000000001,0.014000000000000012,5000,-0.04299999999999994,0.029458068127047606,-0.05999999999999994,-0.025999999999999922,5000,0.11957272365509561,0.011681254832953413,0.11212602564621514,0.1258651743194576,5000,0.015208538942137228,0.029629487967554692,-0.0030758125905795187,0.031449551176506385,5000,-0.10436418471295843,0.0310650110384994,-0.12387781844358908,-0.08750342969495127,5000,-0.0215,0.014729034063523824,-0.030000000000000006,-0.0125,5000,-0.02150000000000001,0.014729034063523798,-0.029999999999999992,-0.012500000000000011,5000,-0.04299999999999994,0.029458068127047606,-0.05999999999999994,-0.024999999999999932,5000,-0.04199999999999994,0.016865480854231348,-0.051999999999999935,-0.03199999999999994,5000,0.0010000000000000009,0.02183269719175044,-0.01100000000000001,0.014000000000000012,5000,0.0,0.0,0.0,0.0,5000,0.0,0.0,0.0,0.0,5000,sample_sd,95% percentile bootstrap over paired_simulator_seeds_within_fixed_target,paired_simulator_seeds_within_fixed_target,5000
MNIST_QNN_zz_r1_d6_s45,zz_r1_d6,45,medium_risk_zz_repetition_baseline,zz,1,6,noisy_shot,512,loss,ibm_kingston,True,10,-0.04199999999999994,0.016865480854231348,-0.051999999999999935,-0.03199999999999994,5000,0.0010000000000000009,0.02183269719175044,-0.01100000000000001,0.014000000000000012,5000,-0.04299999999999994,0.029458068127047606,-0.05899999999999994,-0.024999999999999932,5000,0.11957272365509561,0.011681254832953413,0.11252986405331736,0.12609757674656194,5000,0.015208538942137228,0.029629487967554692,-0.002928096774156812,0.03206308982250846,5000,-0.10436418471295843,0.0310650110384994,-0.12344278270078105,-0.08744331289933747,5000,0.0068200000000000595,0.01412875712077245,-0.0009902499999999569,0.015660000000000028,5000,-0.03799999999999999,0.031019706997684915,-0.0560125,-0.020487500000000144,5000,-0.07599999999999994,0.06203941399536983,-0.11199999999999995,-0.03999999999999996,5000,-0.10599999999999998,0.07366591251499344,-0.14699999999999996,-0.06197500000000034,5000,-0.030000000000000037,0.06289320754704403,-0.06800000000000003,0.005999999999999961,5000,0.010000000000000004,0.01885618083164127,-0.000999999999999998,0.021000000000000005,5000,0.05,0.020000000000000004,0.038,0.062,5000,sample_sd,95% percentile bootstrap over paired_simulator_seeds_within_fixed_target,paired_simulator_seeds_within_fixed_target,5000
MNIST_QNN_zz_r1_d6_s45,zz_r1_d6,45,medium_risk_zz_repetition_baseline,zz,1,6,noisy_shot,1024,confidence,ibm_kingston,True,10,-0.03199999999999994,0.00918936583472679,-0.03699999999999994,-0.026999999999999958,5000,0.0010000000000000009,0.017288403306519935,-0.009000000000000008,0.01100000000000001,5000,-0.03299999999999994,0.017669811040931425,-0.04399999999999993,-0.02299999999999992,5000,0.10074868846189747,0.009492242277841902,0.09493823159166814,0.10605697963316817,5000,-0.004502937650893735,0.020172176265519166,-0.01662037919569156,0.0065785519155608,5000,-0.10525162611279124,0.01894607843226271,-0.11599909684985928,-0.09374204630993341,5000,-0.0004900000000000349,0.019860426872440495,-0.011181250000000068,0.011490249999999964,5000,-0.04200000000000007,0.018439088914585778,-0.05350000000000008,-0.03198750000000021,5000,-0.08400000000000002,0.03687817782917156,-0.10600000000000002,-0.064,5000,-0.12599999999999997,0.10068653225619492,-0.182,-0.06399999999999999,5000,-0.04199999999999997,0.10737266360153727,-0.10499999999999995,0.02502499999999968,5000,0.0030000000000000014,0.009486832980505138,-0.0019999999999999996,0.009000000000000001,5000,0.047,0.01946506842754191,0.034999999999999996,0.05700000000000001,5000,sample_sd,95% percentile bootstrap over paired_simulator_seeds_within_fixed_target,paired_simulator_seeds_within_fixed_target,5000
MNIST_QNN_zz_r1_d6_s45,zz_r1_d6,45,medium_risk_zz_repetition_baseline,zz,1,6,noisy_shot,1024,correctness,ibm_kingston,True,10,-0.03199999999999994,0.00918936583472679,-0.03799999999999992,-0.026999999999999948,5000,0.0010000000000000009,0.017288403306519935,-0.009000000000000008,0.01100000000000001,5000,-0.03299999999999994,0.017669811040931425,-0.04299999999999994,-0.022999999999999944,5000,0.10074868846189747,0.009492242277841902,0.09489413735938479,0.10606587483444982,5000,-0.004502937650893735,0.020172176265519166,-0.0165470265851749,0.007390360095353373,5000,-0.10525162611279124,0.01894607843226271,-0.1155811091852943,-0.09372230368204497,5000,-0.01649999999999997,0.008834905520465695,-0.021499999999999964,-0.011487500000000128,5000,-0.016499999999999994,0.008834905520465699,-0.0215,-0.01100000000000001,5000,-0.03299999999999994,0.017669811040931425,-0.04302499999999995,-0.021999999999999964,5000,-0.03199999999999994,0.00918936583472679,-0.03799999999999992,-0.026999999999999958,5000,0.0010000000000000009,0.017288403306519935,-0.009000000000000008,0.01100000000000001,5000,0.0,0.0,0.0,0.0,5000,0.0,0.0,0.0,0.0,5000,sample_sd,95% percentile bootstrap over paired_simulator_seeds_within_fixed_target,paired_simulator_seeds_within_fixed_target,5000
MNIST_QNN_zz_r1_d6_s45,zz_r1_d6,45,medium_risk_zz_repetition_baseline,zz,1,6,noisy_shot,1024,loss,ibm_kingston,True,10,-0.03199999999999994,0.00918936583472679,-0.03799999999999992,-0.026999999999999958,5000,0.0010000000000000009,0.017288403306519935,-0.009000000000000008,0.01100000000000001,5000,-0.03299999999999994,0.017669811040931425,-0.04299999999999995,-0.02299999999999993,5000,0.10074868846189747,0.009492242277841902,0.09491763419974242,0.10602818020607128,5000,-0.004502937650893735,0.020172176265519166,-0.016712994298737977,0.006921190982460011,5000,-0.10525162611279124,0.01894607843226271,-0.11596379668968304,-0.09358225620515638,5000,0.009650000000000037,0.01271554167151363,0.0029897500000000366,0.017510000000000026,5000,-0.004999999999999993,0.02248456260538675,-0.018000000000000006,0.00800000000000003,5000,-0.009999999999999964,0.044969125210773474,-0.034999999999999976,0.017000000000000026,5000,-0.0009999999999999898,0.04581363212940978,-0.02699999999999998,0.026000000000000013,5000,0.008999999999999975,0.0715619389837301,-0.034000000000000016,0.048999999999999974,5000,0.0030000000000000014,0.009486832980505138,-0.001999999999999999,0.009000000000000001,5000,0.05,0.020548046676563254,0.036975,0.060999999999999985,5000,sample_sd,95% percentile bootstrap over paired_simulator_seeds_within_fixed_target,paired_simulator_seeds_within_fixed_target,5000
MNIST_QNN_zz_r5_d6_s43,zz_r5_d6,43,high_risk_anchor,zz,5,6,ideal_shot,128,confidence,ibm_kingston,False,10,-0.052000000000000046,0.032591750830880874,-0.07300000000000006,-0.03500000000000003,5000,-0.016000000000000007,0.02913569784454955,-0.034000000000000016,-0.0010000000000000009,5000,-0.03600000000000004,0.05274677451960665,-0.06600000000000006,-0.005000000000000021,5000,0.18224860226584133,0.05749528599745361,0.15129703719063764,0.21842073714249488,5000,0.17657317135052297,0.04107096776822445,0.15130194235823735,0.19938178081228988,5000,-0.005675430915318347,0.07017686561042438,-0.04813362691656286,0.032227544055898165,5000,0.003979999999999867,0.027106858500714853,-0.009440000000000138,0.02234024999999985,5000,-0.025500000000000016,0.03059139312508233,-0.04200000000000002,-0.006500000000000006,5000,-0.05099999999999992,0.061182786250164614,-0.08399999999999994,-0.010999999999999937,5000,-0.021999999999999964,0.17351272767917247,-0.12399999999999996,0.08000000000000002,5000,0.02899999999999996,0.16312571838922274,-0.06300000000000006,0.12499999999999996,5000,0.009000000000000003,0.01728840330651992,-0.0019999999999999974,0.019,5000,0.019999999999999997,0.02160246899469287,0.007000000000000001,0.032999999999999995,5000,sample_sd,95% percentile bootstrap over paired_simulator_seeds_within_fixed_target,paired_simulator_seeds_within_fixed_target,5000
MNIST_QNN_zz_r5_d6_s43,zz_r5_d6,43,high_risk_anchor,zz,5,6,ideal_shot,128,correctness,ibm_kingston,False,10,-0.052000000000000046,0.032591750830880874,-0.07200000000000006,-0.03500000000000003,5000,-0.016000000000000007,0.02913569784454955,-0.034000000000000016,0.0,5000,-0.03600000000000004,0.05274677451960665,-0.06700000000000006,-0.00400000000000002,5000,0.18224860226584133,0.05749528599745361,0.1497262164043852,0.2180386318198259,5000,0.17657317135052297,0.04107096776822445,0.15194296368954824,0.19955240795664006,5000,-0.005675430915318347,0.07017686561042438,-0.04916577974808018,0.03261420902665419,5000,-0.018000000000000016,0.026373387259803337,-0.03400000000000003,-0.0020000000000000018,5000,-0.018000000000000016,0.026373387259803337,-0.03300000000000003,-0.0020000000000000018,5000,-0.03600000000000004,0.05274677451960665,-0.06600000000000006,-0.00500000000000001,5000,-0.052000000000000046,0.032591750830880874,-0.07300000000000006,-0.03500000000000003,5000,-0.016000000000000007,0.02913569784454955,-0.03400000000000001,-0.0010000000000000007,5000,0.0,0.0,0.0,0.0,5000,0.0,0.0,0.0,0.0,5000,sample_sd,95% percentile bootstrap over paired_simulator_seeds_within_fixed_target,paired_simulator_seeds_within_fixed_target,5000
MNIST_QNN_zz_r5_d6_s43,zz_r5_d6,43,high_risk_anchor,zz,5,6,ideal_shot,128,loss,ibm_kingston,False,10,-0.052000000000000046,0.032591750830880874,-0.07200000000000006,-0.03500000000000003,5000,-0.016000000000000007,0.02913569784454955,-0.03500000000000001,-0.0010000000000000009,5000,-0.03600000000000004,0.05274677451960665,-0.06600000000000006,-0.005000000000000021,5000,0.18224860226584133,0.05749528599745361,0.1505496112317851,0.21809990949288477,5000,0.17657317135052297,0.04107096776822445,0.1515888133248737,0.19949565220452647,5000,-0.005675430915318347,0.07017686561042438,-0.049777890420991684,0.032669287968733356,5000,-0.02482,0.015475485991291761,-0.034530250000000005,-0.01621974999999996,5000,-0.024,0.04053804797142228,-0.0500125,-0.0019999999999999905,5000,-0.04800000000000001,0.08107609594284453,-0.097,-0.0019750000000003714,5000,-0.07600000000000004,0.10002221975363498,-0.1360250000000001,-0.02000000000000004,5000,-0.028000000000000035,0.06477310827461931,-0.06700000000000006,0.008999999999999963,5000,0.004000000000000001,0.019550504398153576,-0.008000000000000002,0.015000000000000003,5000,0.074,0.030258148581093918,0.056999999999999995,0.092,5000,sample_sd,95% percentile bootstrap over paired_simulator_seeds_within_fixed_target,paired_simulator_seeds_within_fixed_target,5000
MNIST_QNN_zz_r5_d6_s43,zz_r5_d6,43,high_risk_anchor,zz,5,6,ideal_shot,512,confidence,ibm_kingston,False,10,0.0019999999999999575,0.022509257354845477,-0.01100000000000002,0.014999999999999947,5000,-0.005000000000000016,0.02718251071716682,-0.02100000000000003,0.009999999999999998,5000,0.006999999999999973,0.03560586718193754,-0.01100000000000002,0.02999999999999997,5000,0.04114923258940688,0.01682413333755759,0.031095917150460433,0.050657945798959526,5000,0.032323941949755054,0.03137312634134313,0.013896823427785508,0.05068142800644426,5000,-0.008825290639651817,0.031363917940239024,-0.026803900671287427,0.010433414222523514,5000,0.007769999999999893,0.01550333655844587,-0.0006505000000001057,0.017000499999999887,5000,0.001999999999999996,0.0403594956471075,-0.021000000000000008,0.02601249999999983,5000,0.004000000000000103,0.08071899129421499,-0.04099999999999988,0.05000000000000012,5000,0.02000000000000004,0.1083205120618128,-0.044999999999999964,0.07900000000000003,5000,0.015999999999999938,0.1140370310225781,-0.050000000000000065,0.08199999999999992,5000,1.0408340855860842e-18,0.009428090415820635,-0.004999999999999999,0.006000000000000002,5000,0.007999999999999998,0.012292725943057184,0.0009999999999999987,0.015999999999999997,5000,sample_sd,95% percentile bootstrap over paired_simulator_seeds_within_fixed_target,paired_simulator_seeds_within_fixed_target,5000
MNIST_QNN_zz_r5_d6_s43,zz_r5_d6,43,high_risk_anchor,zz,5,6,ideal_shot,512,correctness,ibm_kingston,False,10,0.0019999999999999575,0.022509257354845477,-0.011000000000000032,0.014999999999999935,5000,-0.005000000000000016,0.02718251071716682,-0.02200000000000002,0.009999999999999986,5000,0.006999999999999973,0.03560586718193754,-0.011000000000000032,0.02999999999999996,5000,0.04114923258940688,0.01682413333755759,0.031103542803178414,0.05074564698032915,5000,0.032323941949755054,0.03137312634134313,0.013520563353131117,0.05044081475561256,5000,-0.008825290639651817,0.031363917940239024,-0.026527186980076525,0.010752090535074308,5000,0.0034999999999999697,0.017802933590968746,-0.005500000000000016,0.015499999999999948,5000,0.003499999999999992,0.017802933590968767,-0.005500000000000005,0.01449999999999998,5000,0.006999999999999973,0.03560586718193754,-0.01100000000000002,0.02999999999999997,5000,0.0019999999999999575,0.022509257354845477,-0.011000000000000032,0.014999999999999947,5000,-0.005000000000000016,0.02718251071716682,-0.02100000000000002,0.009999999999999986,5000,0.0,0.0,0.0,0.0,5000,0.0,0.0,0.0,0.0,5000,sample_sd,95% percentile bootstrap over paired_simulator_seeds_within_fixed_target,paired_simulator_seeds_within_fixed_target,5000
MNIST_QNN_zz_r5_d6_s43,zz_r5_d6,43,high_risk_anchor,zz,5,6,ideal_shot,512,loss,ibm_kingston,False,10,0.0019999999999999575,0.022509257354845477,-0.011000000000000032,0.014999999999999935,5000,-0.005000000000000016,0.02718251071716682,-0.02200000000000002,0.009999999999999998,5000,0.006999999999999973,0.03560586718193754,-0.01200000000000001,0.029024999999999617,5000,0.04114923258940688,0.01682413333755759,0.031071693395730092,0.0504089959461693,5000,0.032323941949755054,0.03137312634134313,0.013967689129542953,0.05059776686514241,5000,-0.008825290639651817,0.031363917940239024,-0.026020377652662015,0.009655286177402824,5000,-0.0029899999999999927,0.007025263933357483,-0.007210250000000016,0.001090000000000002,5000,-0.003500000000000003,0.01599479081868012,-0.013000000000000012,0.006000000000000005,5000,-0.007000000000000006,0.03198958163736021,-0.02400000000000002,0.012,5000,-0.05900000000000005,0.06488451279003335,-0.10200000000000006,-0.025000000000000043,5000,-0.052000000000000046,0.06844300142778986,-0.09400000000000004,-0.013000000000000045,5000,-0.006000000000000002,0.01837873166945363,-0.016000000000000004,0.005,5000,0.03399999999999999,0.04115013163202924,0.011999999999999993,0.059,5000,sample_sd,95% percentile bootstrap over paired_simulator_seeds_within_fixed_target,paired_simulator_seeds_within_fixed_target,5000
MNIST_QNN_zz_r5_d6_s43,zz_r5_d6,43,high_risk_anchor,zz,5,6,ideal_shot,1024,confidence,ibm_kingston,False,10,0.0009999999999999564,0.023309511649396094,-0.012000000000000044,0.014999999999999935,5000,0.011999999999999978,0.019888578520235036,-1.1102230246251566e-17,0.023999999999999955,5000,-0.01100000000000002,0.03142893217686174,-0.029000000000000005,0.007999999999999962,5000,0.02061612719151888,0.018220343697657654,0.010045156329792351,0.031325771034904006,5000,0.012412208879599419,0.02656619235512622,-0.002939787538270975,0.0282827665230871,5000,-0.008203918311919477,0.025064745364420604,-0.021528869174821656,0.007793211230069599,5000,0.001559999999999867,0.014302851308587234,-0.006580500000000146,0.00983999999999986,5000,-0.017000000000000008,0.03917198545446027,-0.03900000000000002,0.006500000000000006,5000,-0.033999999999999905,0.07834397090892051,-0.07799999999999993,0.014000000000000106,5000,0.021000000000000046,0.09326783415995511,-0.033999999999999954,0.07700000000000004,5000,0.05499999999999995,0.06637435917246624,0.01599999999999996,0.09399999999999994,5000,-0.0069999999999999975,0.013374935098492587,-0.013999999999999999,0.001000000000000002,5000,0.003999999999999998,0.015055453054181621,-0.005000000000000001,0.012999999999999998,5000,sample_sd,95% percentile bootstrap over paired_simulator_seeds_within_fixed_target,paired_simulator_seeds_within_fixed_target,5000
MNIST_QNN_zz_r5_d6_s43,zz_r5_d6,43,high_risk_anchor,zz,5,6,ideal_shot,1024,correctness,ibm_kingston,False,10,0.0009999999999999564,0.023309511649396094,-0.012000000000000033,0.014999999999999935,5000,0.011999999999999978,0.019888578520235036,0.0009999999999999788,0.023999999999999955,5000,-0.01100000000000002,0.03142893217686174,-0.02999999999999997,0.006999999999999951,5000,0.02061612719151888,0.018220343697657654,0.01036830342584361,0.03135309199287146,5000,0.012412208879599419,0.02656619235512622,-0.0030286702506359757,0.027965362605388556,5000,-0.008203918311919477,0.025064745364420604,-0.02132489221426941,0.007613990587821192,5000,-0.005500000000000016,0.015714466088430835,-0.014512500000000029,0.0034999999999999697,5000,-0.005500000000000016,0.015714466088430887,-0.015000000000000013,0.0034999999999999697,5000,-0.01100000000000002,0.03142893217686174,-0.02999999999999997,0.007999999999999941,5000,0.0009999999999999564,0.023309511649396094,-0.012000000000000044,0.014999999999999935,5000,0.011999999999999978,0.019888578520235036,0.0,0.023999999999999955,5000,0.0,0.0,0.0,0.0,5000,0.0,0.0,0.0,0.0,5000,sample_sd,95% percentile bootstrap over paired_simulator_seeds_within_fixed_target,paired_simulator_seeds_within_fixed_target,5000
MNIST_QNN_zz_r5_d6_s43,zz_r5_d6,43,high_risk_anchor,zz,5,6,ideal_shot,1024,loss,ibm_kingston,False,10,0.0009999999999999564,0.023309511649396094,-0.012000000000000044,0.014999999999999935,5000,0.011999999999999978,0.019888578520235036,0.0009999999999999786,0.023999999999999955,5000,-0.01100000000000002,0.03142893217686174,-0.029000000000000015,0.006999999999999973,5000,0.02061612719151888,0.018220343697657654,0.010175781217380407,0.031397646860903454,5000,0.012412208879599419,0.02656619235512622,-0.003584434465970765,0.028112596110857004,5000,-0.008203918311919477,0.025064745364420604,-0.021570791143968284,0.00766081097917201,5000,-0.0041900000000000045,0.007683091102472302,-0.008530250000000026,0.0002999999999999786,5000,0.003500000000000003,0.025061036601775978,-0.011499999999999988,0.01799999999999998,5000,0.007000000000000011,0.05012207320355199,-0.023999999999999987,0.03500000000000002,5000,-0.02200000000000004,0.08216514535440872,-0.07200000000000005,0.023999999999999955,5000,-0.029000000000000054,0.07866242926440663,-0.07800000000000006,0.011999999999999955,5000,-0.011000000000000003,0.01728840330651992,-0.021000000000000005,-0.001000000000000003,5000,0.023999999999999994,0.027968235951204037,0.007999999999999995,0.040999999999999995,5000,sample_sd,95% percentile bootstrap over paired_simulator_seeds_within_fixed_target,paired_simulator_seeds_within_fixed_target,5000
MNIST_QNN_zz_r5_d6_s43,zz_r5_d6,43,high_risk_anchor,zz,5,6,noisy_shot,128,confidence,ibm_kingston,True,10,-0.1690000000000001,0.037844711945293256,-0.19000000000000009,-0.14600000000000007,5000,-0.03900000000000003,0.03071373199943853,-0.05700000000000004,-0.02200000000000002,5000,-0.13000000000000003,0.05416025603090641,-0.1630000000000001,-0.099,5000,0.42669751596945565,0.05922523077462729,0.38932056559557093,0.459707540822422,5000,0.10879689718876043,0.07374397974710381,0.06617108846867348,0.15075237821650816,5000,-0.3179006187806953,0.09754535579972436,-0.37659746108509706,-0.2605139083458576,5000,-0.031350000000000114,0.04375769773549692,-0.057411000000000115,-0.0065080000000001335,5000,-0.008000000000000012,0.028693785622209797,-0.025000000000000015,0.007500000000000012,5000,-0.01599999999999993,0.05738757124441957,-0.05099999999999991,0.01700000000000006,5000,-0.02899999999999998,0.22639444437627979,-0.15999999999999998,0.10600000000000001,5000,-0.013000000000000045,0.20072369067950102,-0.13000000000000006,0.10699999999999996,5000,0.004000000000000001,0.01837873166945363,-0.0069999999999999975,0.015000000000000003,5000,0.015,0.018408935028645435,0.004999999999999999,0.026000000000000002,5000,sample_sd,95% percentile bootstrap over paired_simulator_seeds_within_fixed_target,paired_simulator_seeds_within_fixed_target,5000
MNIST_QNN_zz_r5_d6_s43,zz_r5_d6,43,high_risk_anchor,zz,5,6,noisy_shot,128,correctness,ibm_kingston,True,10,-0.1690000000000001,0.037844711945293256,-0.19000000000000003,-0.14600000000000005,5000,-0.03900000000000003,0.03071373199943853,-0.05700000000000005,-0.02100000000000002,5000,-0.13000000000000003,0.05416025603090641,-0.16200000000000006,-0.09900000000000003,5000,0.42669751596945565,0.05922523077462729,0.3911356206100419,0.45800873367461753,5000,0.10879689718876043,0.07374397974710381,0.06721543028644524,0.15266062885754514,5000,-0.3179006187806953,0.09754535579972436,-0.37655004559857475,-0.26347681443890897,5000,-0.06499999999999999,0.027080128015453203,-0.08099999999999999,-0.04949999999999999,5000,-0.06499999999999999,0.02708012801545321,-0.08099999999999999,-0.04900000000000001,5000,-0.13000000000000003,0.05416025603090641,-0.16100000000000003,-0.09800000000000005,5000,-0.1690000000000001,0.037844711945293256,-0.19100000000000006,-0.14600000000000007,5000,-0.03900000000000003,0.03071373199943853,-0.05700000000000003,-0.02100000000000002,5000,0.0,0.0,0.0,0.0,5000,0.0,0.0,0.0,0.0,5000,sample_sd,95% percentile bootstrap over paired_simulator_seeds_within_fixed_target,paired_simulator_seeds_within_fixed_target,5000
MNIST_QNN_zz_r5_d6_s43,zz_r5_d6,43,high_risk_anchor,zz,5,6,noisy_shot,128,loss,ibm_kingston,True,10,-0.1690000000000001,0.037844711945293256,-0.19000000000000009,-0.14500000000000007,5000,-0.03900000000000003,0.03071373199943853,-0.05700000000000004,-0.02100000000000002,5000,-0.13000000000000003,0.05416025603090641,-0.16200000000000006,-0.09700000000000003,5000,0.42669751596945565,0.05922523077462729,0.3900175309929197,0.4594451077006962,5000,0.10879689718876043,0.07374397974710381,0.06472393419323494,0.15213397547711507,5000,-0.3179006187806953,0.09754535579972436,-0.3738822745378609,-0.26056631599417873,5000,-0.07216999999999998,0.030556979562777486,-0.08998025,-0.05390974999999998,5000,-0.04700000000000002,0.03309917756615042,-0.068,-0.029500000000000016,5000,-0.094,0.06619835513230084,-0.136,-0.05900000000000001,5000,-0.09400000000000006,0.11147495981908523,-0.15900000000000003,-0.02800000000000006,5000,-4.4408920985006264e-17,0.12780193008453877,-0.07800000000000004,0.06999999999999997,5000,0.009,0.016633299933166198,0.0,0.02,5000,0.053000000000000005,0.02496664441476534,0.03799999999999999,0.06699999999999999,5000,sample_sd,95% percentile bootstrap over paired_simulator_seeds_within_fixed_target,paired_simulator_seeds_within_fixed_target,5000
MNIST_QNN_zz_r5_d6_s43,zz_r5_d6,43,high_risk_anchor,zz,5,6,noisy_shot,512,confidence,ibm_kingston,True,10,-0.06300000000000007,0.03831158803518563,-0.08400000000000009,-0.040000000000000056,5000,0.01699999999999997,0.024966644414765315,0.0019999999999999797,0.03099999999999996,5000,-0.08000000000000004,0.0565685424949238,-0.11100000000000003,-0.04500000000000006,5000,0.2157207515387563,0.02635158058994852,0.20002412954235915,0.23072684317977396,5000,-0.09765442808577782,0.028368858949415727,-0.11550292959851205,-0.08178093803075598,5000,-0.3133751796245341,0.04213773130710437,-0.33777096640181253,-0.28952177059032247,5000,-0.03877000000000011,0.027255419440707345,-0.05380050000000011,-0.02160900000000015,5000,-0.03100000000000001,0.027264140062238047,-0.04700000000000001,-0.014500000000000008,5000,-0.06199999999999992,0.054528280124476074,-0.09299999999999992,-0.028999999999999936,5000,-0.11399999999999996,0.2332952349849149,-0.254,0.00900000000000003,5000,-0.052000000000000046,0.22817147547890865,-0.19600000000000004,0.07099999999999994,5000,0.007000000000000002,0.02057506581601462,-0.003999999999999999,0.02,5000,0.039999999999999994,0.02748737083745107,0.022999999999999996,0.05499999999999999,5000,sample_sd,95% percentile bootstrap over paired_simulator_seeds_within_fixed_target,paired_simulator_seeds_within_fixed_target,5000
MNIST_QNN_zz_r5_d6_s43,zz_r5_d6,43,high_risk_anchor,zz,5,6,noisy_shot,512,correctness,ibm_kingston,True,10,-0.06300000000000007,0.03831158803518563,-0.08400000000000007,-0.04000000000000007,5000,0.01699999999999997,0.024966644414765315,0.0019999999999999797,0.03099999999999996,5000,-0.08000000000000004,0.0565685424949238,-0.11100000000000003,-0.04500000000000006,5000,0.2157207515387563,0.02635158058994852,0.20029120974732795,0.2309085860251449,5000,-0.09765442808577782,0.028368858949415727,-0.11496078988050569,-0.08197046781587407,5000,-0.3133751796245341,0.04213773130710437,-0.3378958463117713,-0.288862444501114,5000,-0.04,0.028284271247461874,-0.055499999999999994,-0.02300000000000004,5000,-0.040000000000000036,0.028284271247461926,-0.05600000000000005,-0.02250000000000002,5000,-0.08000000000000004,0.0565685424949238,-0.11100000000000006,-0.04400000000000004,5000,-0.06300000000000007,0.03831158803518563,-0.08400000000000007,-0.039000000000000055,5000,0.01699999999999997,0.024966644414765315,0.0019999999999999905,0.03199999999999995,5000,0.0,0.0,0.0,0.0,5000,0.0,0.0,0.0,0.0,5000,sample_sd,95% percentile bootstrap over paired_simulator_seeds_within_fixed_target,paired_simulator_seeds_within_fixed_target,5000
MNIST_QNN_zz_r5_d6_s43,zz_r5_d6,43,high_risk_anchor,zz,5,6,noisy_shot,512,loss,ibm_kingston,True,10,-0.06300000000000007,0.03831158803518563,-0.08400000000000007,-0.040000000000000056,5000,0.01699999999999997,0.024966644414765315,0.0019999999999999797,0.03099999999999995,5000,-0.08000000000000004,0.0565685424949238,-0.11100000000000006,-0.04400000000000005,5000,0.2157207515387563,0.02635158058994852,0.19996378751087468,0.23164050587161905,5000,-0.09765442808577782,0.028368858949415727,-0.11490991517298385,-0.08201047092103395,5000,-0.3133751796245341,0.04213773130710437,-0.33759517484802043,-0.2889973461619694,5000,-0.046720000000000005,0.020369246972390065,-0.058410250000000004,-0.03441974999999999,5000,-0.042499999999999996,0.028210518133017903,-0.05949999999999996,-0.027500000000000004,5000,-0.085,0.05642103626603582,-0.11999999999999995,-0.055000000000000014,5000,-0.009000000000000041,0.08425490424235783,-0.05902500000000004,0.03799999999999996,5000,0.07599999999999997,0.07904991390816875,0.02999999999999996,0.12199999999999997,5000,0.019999999999999997,0.033665016461206926,-1.3877787807814458e-18,0.039,5000,0.075,0.043269183285823895,0.048999999999999995,0.099,5000,sample_sd,95% percentile bootstrap over paired_simulator_seeds_within_fixed_target,paired_simulator_seeds_within_fixed_target,5000
MNIST_QNN_zz_r5_d6_s43,zz_r5_d6,43,high_risk_anchor,zz,5,6,noisy_shot,1024,confidence,ibm_kingston,True,10,-0.04400000000000004,0.028362729848243555,-0.060025000000000044,-0.028000000000000025,5000,0.03599999999999994,0.010749676997731373,0.02999999999999995,0.04199999999999994,5000,-0.07999999999999999,0.03197221015541813,-0.09899999999999999,-0.061999999999999965,5000,0.19513136974477674,0.016214688739177564,0.18616143516711892,0.20521831654577985,5000,-0.1271237572343088,0.025426722186971,-0.1419810464352834,-0.11276531366959675,5000,-0.32225512697908554,0.030740828910679426,-0.34149920231420544,-0.30580192868788725,5000,-0.037670000000000106,0.018843451559272976,-0.048890000000000114,-0.0269295000000001,5000,-0.029000000000000015,0.030623157540948923,-0.04700000000000002,-0.010500000000000032,5000,-0.05799999999999992,0.06124631508189786,-0.09302499999999993,-0.020999999999999935,5000,-0.08099999999999996,0.2997943739743404,-0.259,0.09902499999999968,5000,-0.023000000000000038,0.2644512137322203,-0.17802500000000007,0.12899999999999995,5000,0.016000000000000004,0.014298407059684812,0.008000000000000002,0.025,5000,0.045000000000000005,0.02990726407487727,0.030000000000000006,0.065,5000,sample_sd,95% percentile bootstrap over paired_simulator_seeds_within_fixed_target,paired_simulator_seeds_within_fixed_target,5000
MNIST_QNN_zz_r5_d6_s43,zz_r5_d6,43,high_risk_anchor,zz,5,6,noisy_shot,1024,correctness,ibm_kingston,True,10,-0.04400000000000004,0.028362729848243555,-0.061000000000000054,-0.028000000000000025,5000,0.03599999999999994,0.010749676997731373,0.02899999999999997,0.04199999999999994,5000,-0.07999999999999999,0.03197221015541813,-0.09899999999999999,-0.061999999999999965,5000,0.19513136974477674,0.016214688739177564,0.18596188398876692,0.2053281203793595,5000,-0.1271237572343088,0.025426722186971,-0.1425329699183115,-0.11277430281995325,5000,-0.32225512697908554,0.030740828910679426,-0.3411350974732078,-0.30557184889272315,5000,-0.04,0.015986105077709076,-0.04950000000000003,-0.030500000000000017,5000,-0.040000000000000036,0.01598610507770908,-0.049500000000000044,-0.03098750000000021,5000,-0.07999999999999999,0.03197221015541813,-0.09899999999999999,-0.060999999999999985,5000,-0.04400000000000004,0.028362729848243555,-0.061000000000000054,-0.028000000000000025,5000,0.03599999999999994,0.010749676997731373,0.02999999999999995,0.04199999999999994,5000,0.0,0.0,0.0,0.0,5000,0.0,0.0,0.0,0.0,5000,sample_sd,95% percentile bootstrap over paired_simulator_seeds_within_fixed_target,paired_simulator_seeds_within_fixed_target,5000
MNIST_QNN_zz_r5_d6_s43,zz_r5_d6,43,high_risk_anchor,zz,5,6,noisy_shot,1024,loss,ibm_kingston,True,10,-0.04400000000000004,0.028362729848243555,-0.061000000000000054,-0.028000000000000025,5000,0.03599999999999994,0.010749676997731373,0.02899999999999997,0.041999999999999926,5000,-0.07999999999999999,0.03197221015541813,-0.098,-0.061999999999999986,5000,0.19513136974477674,0.016214688739177564,0.18610055388859476,0.20508759662217924,5000,-0.1271237572343088,0.025426722186971,-0.1418854389551095,-0.11269059881935826,5000,-0.32225512697908554,0.030740828910679426,-0.34181401517544857,-0.3053606489443452,5000,-0.040999999999999995,0.012855349081219075,-0.04859050000000001,-0.033819999999999996,5000,-0.028500000000000004,0.027593276153601073,-0.04600000000000002,-0.013500000000000012,5000,-0.057000000000000016,0.05518655230720211,-0.09200000000000001,-0.026000000000000044,5000,0.01599999999999996,0.06113736809658868,-0.01800000000000005,0.05199999999999997,5000,0.07299999999999998,0.057358521598799936,0.03799999999999998,0.10599999999999998,5000,0.034,0.03747591819348053,0.013000000000000001,0.056999999999999995,5000,0.092,0.028596814119369623,0.076,0.10900000000000001,5000,sample_sd,95% percentile bootstrap over paired_simulator_seeds_within_fixed_target,paired_simulator_seeds_within_fixed_target,5000
MNIST_QNN_zz_r5_d6_s44,zz_r5_d6,44,high_risk_anchor,zz,5,6,ideal_shot,128,confidence,ibm_kingston,False,10,-0.07800000000000001,0.017511900715418235,-0.08900000000000001,-0.06900000000000003,5000,-0.039000000000000035,0.026012817353502252,-0.05400000000000005,-0.02400000000000002,5000,-0.03899999999999998,0.025144029554194827,-0.05399999999999999,-0.024999999999999967,5000,0.11836422252794725,0.031090570890832184,0.09947030278071467,0.13564604788667348,5000,0.10523413234491455,0.08398496519681245,0.058698144681378975,0.15662423928681377,5000,-0.01313009018303265,0.06700230549673508,-0.05014256827483123,0.028604905069255726,5000,-0.03766999999999997,0.03094852536425961,-0.05626149999999996,-0.01925850000000001,5000,-0.02200000000000002,0.03816630276391292,-0.04450000000000003,-1.651456749130122e-17,5000,-0.04400000000000004,0.07633260552782584,-0.09000000000000004,-3.3306690738754695e-17,5000,-0.07400000000000001,0.16607896381607823,-0.17700000000000002,0.019999999999999983,5000,-0.02999999999999997,0.17638342073763935,-0.13299999999999995,0.07202499999999966,5000,-0.033,0.02359378449224852,-0.048,-0.020000000000000004,5000,-0.06799999999999999,0.03084008934992101,-0.086,-0.04999999999999999,5000,sample_sd,95% percentile bootstrap over paired_simulator_seeds_within_fixed_target,paired_simulator_seeds_within_fixed_target,5000
MNIST_QNN_zz_r5_d6_s44,zz_r5_d6,44,high_risk_anchor,zz,5,6,ideal_shot,128,correctness,ibm_kingston,False,10,-0.07800000000000001,0.017511900715418235,-0.08900000000000001,-0.06900000000000003,5000,-0.039000000000000035,0.026012817353502252,-0.05400000000000005,-0.02300000000000002,5000,-0.03899999999999998,0.025144029554194827,-0.05399999999999999,-0.024999999999999946,5000,0.11836422252794725,0.031090570890832184,0.09976591740073926,0.1354821602767915,5000,0.10523413234491455,0.08398496519681245,0.057303159249869895,0.15917002498843014,5000,-0.01313009018303265,0.06700230549673508,-0.0484760759692867,0.028647017617012594,5000,-0.01949999999999994,0.012572014777097414,-0.026999999999999948,-0.01249999999999991,5000,-0.019500000000000038,0.012572014777097408,-0.027000000000000045,-0.012500000000000011,5000,-0.03899999999999998,0.025144029554194827,-0.05399999999999997,-0.023999999999999976,5000,-0.07800000000000001,0.017511900715418235,-0.08999999999999998,-0.06900000000000003,5000,-0.039000000000000035,0.026012817353502252,-0.05500000000000005,-0.02400000000000002,5000,0.0,0.0,0.0,0.0,5000,0.0,0.0,0.0,0.0,5000,sample_sd,95% percentile bootstrap over paired_simulator_seeds_within_fixed_target,paired_simulator_seeds_within_fixed_target,5000
MNIST_QNN_zz_r5_d6_s44,zz_r5_d6,44,high_risk_anchor,zz,5,6,ideal_shot,128,loss,ibm_kingston,False,10,-0.07800000000000001,0.017511900715418235,-0.08900000000000001,-0.06900000000000003,5000,-0.039000000000000035,0.026012817353502252,-0.05500000000000005,-0.02400000000000002,5000,-0.03899999999999998,0.025144029554194827,-0.05499999999999997,-0.024999999999999956,5000,0.11836422252794725,0.031090570890832184,0.0996400724398147,0.13641478821619238,5000,0.10523413234491455,0.08398496519681245,0.05822310611357025,0.15636302368815921,5000,-0.01313009018303265,0.06700230549673508,-0.049482377176487784,0.028538340656234725,5000,-0.0337900000000001,0.015170472050078793,-0.042860000000000086,-0.02498950000000012,5000,-0.020500000000000018,0.027330284382794952,-0.03700000000000003,-0.0050000000000000044,5000,-0.04099999999999997,0.054660568765589876,-0.07399999999999998,-0.009999999999999959,5000,0.018000000000000026,0.11877148928369413,-0.05602499999999997,0.08100000000000003,5000,0.05899999999999998,0.11599329482536672,-0.018000000000000006,0.12199999999999997,5000,-0.06599999999999999,0.03747591819348053,-0.088,-0.044,5000,-0.020000000000000004,0.05206833117271103,-0.04900000000000001,0.01,5000,sample_sd,95% percentile bootstrap over paired_simulator_seeds_within_fixed_target,paired_simulator_seeds_within_fixed_target,5000
MNIST_QNN_zz_r5_d6_s44,zz_r5_d6,44,high_risk_anchor,zz,5,6,ideal_shot,512,confidence,ibm_kingston,False,10,-0.030000000000000027,0.02054804667656327,-0.04200000000000004,-0.018000000000000016,5000,-0.01100000000000001,0.0128668393770792,-0.018000000000000016,-0.0040000000000000036,5000,-0.019000000000000017,0.026012817353502252,-0.03300000000000003,-0.0020000000000000018,5000,0.03529348419629968,0.014776142189464084,0.027707153532555092,0.04478265680762124,5000,0.015124150346207909,0.0372254694951663,-0.006422697674258939,0.03749482838870826,5000,-0.020169333850091696,0.035833492478398114,-0.04052149588060846,0.0028793047807725534,5000,-0.023909999999999976,0.012092463217503123,-0.030570499999999952,-0.016680000000000018,5000,-0.01350000000000003,0.04558569463719463,-0.040000000000000036,0.013499999999999984,5000,-0.02700000000000006,0.0911713892743893,-0.08000000000000007,0.02799999999999996,5000,-0.14500000000000002,0.18155195154861625,-0.251,-0.03797500000000037,5000,-0.11799999999999995,0.15873107936240952,-0.2119999999999999,-0.028999999999999963,5000,-0.012,0.026997942308422115,-0.027000000000000003,0.004000000000000001,5000,-0.03899999999999999,0.033813212407775364,-0.061,-0.021999999999999985,5000,sample_sd,95% percentile bootstrap over paired_simulator_seeds_within_fixed_target,paired_simulator_seeds_within_fixed_target,5000
MNIST_QNN_zz_r5_d6_s44,zz_r5_d6,44,high_risk_anchor,zz,5,6,ideal_shot,512,correctness,ibm_kingston,False,10,-0.030000000000000027,0.02054804667656327,-0.041000000000000036,-0.018000000000000016,5000,-0.01100000000000001,0.0128668393770792,-0.019000000000000017,-0.0030000000000000027,5000,-0.019000000000000017,0.026012817353502252,-0.03300000000000003,-0.0030000000000000027,5000,0.03529348419629968,0.014776142189464084,0.027729866382136228,0.04477398836921201,5000,0.015124150346207909,0.0372254694951663,-0.0056686304590788565,0.037519986393477284,5000,-0.020169333850091696,0.035833492478398114,-0.040318083899863896,0.002176493279323865,5000,-0.009499999999999963,0.013006408676751107,-0.01649999999999997,-0.0014999999999999569,5000,-0.009500000000000031,0.013006408676751098,-0.016500000000000035,-0.0015000000000000347,5000,-0.019000000000000017,0.026012817353502252,-0.03300000000000003,-0.0020000000000000018,5000,-0.030000000000000027,0.02054804667656327,-0.04200000000000004,-0.018000000000000016,5000,-0.01100000000000001,0.0128668393770792,-0.019000000000000017,-0.0040000000000000036,5000,0.0,0.0,0.0,0.0,5000,0.0,0.0,0.0,0.0,5000,sample_sd,95% percentile bootstrap over paired_simulator_seeds_within_fixed_target,paired_simulator_seeds_within_fixed_target,5000
MNIST_QNN_zz_r5_d6_s44,zz_r5_d6,44,high_risk_anchor,zz,5,6,ideal_shot,512,loss,ibm_kingston,False,10,-0.030000000000000027,0.02054804667656327,-0.041000000000000036,-0.017000000000000015,5000,-0.01100000000000001,0.0128668393770792,-0.019000000000000017,-0.0030000000000000027,5000,-0.019000000000000017,0.026012817353502252,-0.03300000000000003,-0.0030000000000000027,5000,0.03529348419629968,0.014776142189464084,0.027774649258877605,0.044927325589634685,5000,0.015124150346207909,0.0372254694951663,-0.005761517383754819,0.03723039809422335,5000,-0.020169333850091696,0.035833492478398114,-0.03967850637590877,0.001545421924255167,5000,-0.015200000000000092,0.011826242006656227,-0.022380250000000088,-0.008239750000000084,5000,-0.0015000000000000234,0.02749242319864393,-0.01650000000000005,0.015499999999999991,5000,-0.002999999999999975,0.05498484639728779,-0.03299999999999998,0.030000000000000027,5000,0.03800000000000002,0.06613118276073195,-0.0009999999999999788,0.07500000000000001,5000,0.040999999999999995,0.08211780156174016,-0.009000000000000003,0.08700000000000001,5000,-0.04999999999999999,0.037118429085533484,-0.07299999999999998,-0.02899999999999999,5000,-0.0050000000000000044,0.03951089863709899,-0.027000000000000003,0.018999999999999993,5000,sample_sd,95% percentile bootstrap over paired_simulator_seeds_within_fixed_target,paired_simulator_seeds_within_fixed_target,5000
MNIST_QNN_zz_r5_d6_s44,zz_r5_d6,44,high_risk_anchor,zz,5,6,ideal_shot,1024,confidence,ibm_kingston,False,10,-0.010000000000000009,0.014907119849998611,-0.019000000000000017,-0.0010000000000000009,5000,-0.013000000000000012,0.014944341180973276,-0.02200000000000002,-0.0040000000000000036,5000,0.0030000000000000027,0.02263232692902396,-0.01100000000000001,0.016000000000000014,5000,0.015913081004517143,0.012400440692532653,0.007912520656338877,0.02283866906756301,5000,0.011409183835436121,0.03809627913521211,-0.010955128485634139,0.03370043534077376,5000,-0.004503897169080962,0.029870176337482762,-0.021448861909911607,0.012700935432179638,5000,-0.006949999999999989,0.00799002850780623,-0.011680000000000024,-0.0023197499999999703,5000,-0.012000000000000021,0.019748417658131498,-0.02350000000000002,-5.5233595475105574e-17,5000,-0.02400000000000005,0.03949683531626297,-0.04700000000000003,-0.0009750000000004208,5000,-0.096,0.11266469426281392,-0.16302500000000003,-0.028975000000000355,5000,-0.07199999999999997,0.11554700823089756,-0.14499999999999996,-0.009999999999999964,5000,-0.011000000000000001,0.03142893217686178,-0.029000000000000005,0.008,5000,-0.032999999999999995,0.027908580918579305,-0.05099999999999999,-0.01799999999999999,5000,sample_sd,95% percentile bootstrap over paired_simulator_seeds_within_fixed_target,paired_simulator_seeds_within_fixed_target,5000
MNIST_QNN_zz_r5_d6_s44,zz_r5_d6,44,high_risk_anchor,zz,5,6,ideal_shot,1024,correctness,ibm_kingston,False,10,-0.010000000000000009,0.014907119849998611,-0.019000000000000017,-0.0010000000000000009,5000,-0.013000000000000012,0.014944341180973276,-0.02200000000000002,-0.004975000000000368,5000,0.0030000000000000027,0.02263232692902396,-0.01100000000000001,0.016000000000000014,5000,0.015913081004517143,0.012400440692532653,0.007903253165370541,0.02265861984635702,5000,0.011409183835436121,0.03809627913521211,-0.011107727313504484,0.033270536418211434,5000,-0.004503897169080962,0.029870176337482762,-0.021726219553935472,0.013141724625133895,5000,0.0015000000000000234,0.011316163464511976,-0.005012499999999999,0.007512499999999868,5000,0.0014999999999999792,0.01131616346451195,-0.005500000000000005,0.007999999999999962,5000,0.0030000000000000027,0.02263232692902396,-0.01100000000000001,0.016000000000000014,5000,-0.010000000000000009,0.014907119849998611,-0.018025000000000006,-0.0010000000000000009,5000,-0.013000000000000012,0.014944341180973276,-0.02200000000000002,-0.0040000000000000036,5000,0.0,0.0,0.0,0.0,5000,0.0,0.0,0.0,0.0,5000,sample_sd,95% percentile bootstrap over paired_simulator_seeds_within_fixed_target,paired_simulator_seeds_within_fixed_target,5000
MNIST_QNN_zz_r5_d6_s44,zz_r5_d6,44,high_risk_anchor,zz,5,6,ideal_shot,1024,loss,ibm_kingston,False,10,-0.010000000000000009,0.014907119849998611,-0.019000000000000017,-0.0010000000000000009,5000,-0.013000000000000012,0.014944341180973276,-0.02200000000000002,-0.0050000000000000044,5000,0.0030000000000000027,0.02263232692902396,-0.01100000000000001,0.016000000000000014,5000,0.015913081004517143,0.012400440692532653,0.008303759952780078,0.023134096745424892,5000,0.011409183835436121,0.03809627913521211,-0.01110703668289174,0.03341415931814335,5000,-0.004503897169080962,0.029870176337482762,-0.021891742954429666,0.013756671714583741,5000,-0.0043100000000000915,0.004588015789956369,-0.007080250000000119,-0.0016897500000000842,5000,0.0004999999999999672,0.02114106062723541,-0.01100000000000002,0.013999999999999947,5000,0.0010000000000000453,0.04228212125447089,-0.021999999999999957,0.028000000000000046,5000,0.043000000000000024,0.036224607965059094,0.02300000000000002,0.06600000000000002,5000,0.04199999999999998,0.04756282395129858,0.014974999999999978,0.06999999999999998,5000,-0.02699999999999999,0.03465704994818675,-0.04799999999999999,-0.00699999999999999,5000,0.021999999999999985,0.034576806613039836,0.0019999999999999853,0.04299999999999997,5000,sample_sd,95% percentile bootstrap over paired_simulator_seeds_within_fixed_target,paired_simulator_seeds_within_fixed_target,5000
MNIST_QNN_zz_r5_d6_s44,zz_r5_d6,44,high_risk_anchor,zz,5,6,noisy_shot,128,confidence,ibm_kingston,True,10,-0.21600000000000003,0.04718756898449704,-0.24299999999999997,-0.18800000000000003,5000,-0.07700000000000004,0.028693785622209797,-0.09200000000000004,-0.05800000000000003,5000,-0.13899999999999996,0.05363456596884762,-0.16999999999999996,-0.10799999999999996,5000,0.3793120532636531,0.0508388638429572,0.3489451998939621,0.4082285108637646,5000,-0.045689546674839224,0.045121796159806715,-0.07222663036964659,-0.019596692383137996,5000,-0.4250015999384923,0.08161316123299289,-0.4725154492110508,-0.37812252647950667,5000,-0.04948999999999998,0.021538980167748578,-0.06230075,-0.03713000000000002,5000,-0.014500000000000018,0.02733028438279492,-0.030500000000000017,0.0004999999999999672,5000,-0.029000000000000043,0.05466056876558987,-0.06200000000000004,0.0019999999999999714,5000,-0.1,0.24603522782994577,-0.24002500000000004,0.05000000000000001,5000,-0.07099999999999997,0.2566645021553753,-0.22302499999999995,0.07300000000000002,5000,-0.03200000000000001,0.05245103536738918,-0.06,0.000999999999999994,5000,-0.06499999999999999,0.04116363011742823,-0.088,-0.039999999999999994,5000,sample_sd,95% percentile bootstrap over paired_simulator_seeds_within_fixed_target,paired_simulator_seeds_within_fixed_target,5000
MNIST_QNN_zz_r5_d6_s44,zz_r5_d6,44,high_risk_anchor,zz,5,6,noisy_shot,128,correctness,ibm_kingston,True,10,-0.21600000000000003,0.04718756898449704,-0.24300000000000002,-0.188,5000,-0.07700000000000004,0.028693785622209797,-0.09200000000000004,-0.05900000000000003,5000,-0.13899999999999996,0.05363456596884762,-0.16999999999999996,-0.10699999999999994,5000,0.3793120532636531,0.0508388638429572,0.3499141846474842,0.40867470147681895,5000,-0.045689546674839224,0.045121796159806715,-0.07219562918068259,-0.0191931660124625,5000,-0.4250015999384923,0.08161316123299289,-0.472746176171617,-0.37765169242660634,5000,-0.06949999999999991,0.026817282984423797,-0.08449999999999991,-0.0539999999999999,5000,-0.0695,0.026817282984423797,-0.0845,-0.05350000000000001,5000,-0.13899999999999996,0.05363456596884762,-0.16999999999999996,-0.10799999999999996,5000,-0.21600000000000003,0.04718756898449704,-0.24299999999999997,-0.189,5000,-0.07700000000000004,0.028693785622209797,-0.09200000000000004,-0.05900000000000003,5000,0.0,0.0,0.0,0.0,5000,0.0,0.0,0.0,0.0,5000,sample_sd,95% percentile bootstrap over paired_simulator_seeds_within_fixed_target,paired_simulator_seeds_within_fixed_target,5000
MNIST_QNN_zz_r5_d6_s44,zz_r5_d6,44,high_risk_anchor,zz,5,6,noisy_shot,128,loss,ibm_kingston,True,10,-0.21600000000000003,0.04718756898449704,-0.24299999999999997,-0.188,5000,-0.07700000000000004,0.028693785622209797,-0.09200000000000004,-0.06000000000000003,5000,-0.13899999999999996,0.05363456596884762,-0.17099999999999993,-0.10799999999999996,5000,0.3793120532636531,0.0508388638429572,0.34899359127406493,0.40856589130946663,5000,-0.045689546674839224,0.045121796159806715,-0.07273973637594026,-0.019240162090386745,5000,-0.4250015999384923,0.08161316123299289,-0.47354743746748423,-0.3783039386092132,5000,-0.0853100000000001,0.02264461917934982,-0.09835050000000012,-0.07245975000000006,5000,-0.06450000000000004,0.031837259792750885,-0.08350000000000003,-0.04650000000000004,5000,-0.12899999999999995,0.06367451958550174,-0.16699999999999998,-0.09199999999999996,5000,-0.022999999999999986,0.08380532998165054,-0.072,0.027000000000000024,5000,0.10599999999999998,0.07763160868271807,0.06299999999999997,0.15199999999999997,5000,-0.08199999999999999,0.05452828012447608,-0.11299999999999999,-0.047999999999999994,5000,-0.04400000000000001,0.04742245131674331,-0.06999999999999999,-0.015000000000000005,5000,sample_sd,95% percentile bootstrap over paired_simulator_seeds_within_fixed_target,paired_simulator_seeds_within_fixed_target,5000
MNIST_QNN_zz_r5_d6_s44,zz_r5_d6,44,high_risk_anchor,zz,5,6,noisy_shot,512,confidence,ibm_kingston,True,10,-0.16100000000000003,0.0191195071996,-0.17102500000000004,-0.14900000000000002,5000,-0.08000000000000004,0.03431876713662333,-0.10200000000000005,-0.06000000000000005,5000,-0.081,0.045570458267025,-0.10400000000000001,-0.051000000000000004,5000,0.2636672447659075,0.02337917917575523,0.2498341121085919,0.27719358800011684,5000,-0.17877709275763481,0.03496975063340044,-0.19841767085024617,-0.15794209723947572,5000,-0.44244433752354223,0.04837341245008578,-0.47130626643437423,-0.41497828542229237,5000,-0.026030000000000008,0.02520864269782622,-0.04123025000000003,-0.011870000000000002,5000,-0.02150000000000003,0.020419217527722373,-0.03451250000000005,-0.011000000000000032,5000,-0.04300000000000005,0.040838435055444745,-0.06900000000000006,-0.022000000000000037,5000,-0.22700000000000004,0.13064370546558216,-0.3,-0.14700000000000002,5000,-0.18399999999999994,0.1382590161817867,-0.26199999999999996,-0.10199999999999995,5000,-0.025,0.030641293851417062,-0.044,-0.007000000000000004,5000,-0.043999999999999984,0.04115013163202924,-0.06599999999999999,-0.01699999999999999,5000,sample_sd,95% percentile bootstrap over paired_simulator_seeds_within_fixed_target,paired_simulator_seeds_within_fixed_target,5000
MNIST_QNN_zz_r5_d6_s44,zz_r5_d6,44,high_risk_anchor,zz,5,6,noisy_shot,512,correctness,ibm_kingston,True,10,-0.16100000000000003,0.0191195071996,-0.17200000000000001,-0.14900000000000002,5000,-0.08000000000000004,0.03431876713662333,-0.10100000000000005,-0.06100000000000003,5000,-0.081,0.045570458267025,-0.10499999999999998,-0.05099999999999999,5000,0.2636672447659075,0.02337917917575523,0.2500847049430012,0.27743167506591415,5000,-0.17877709275763481,0.03496975063340044,-0.20001874124822205,-0.15870003703959523,5000,-0.44244433752354223,0.04837341245008578,-0.47117931671777036,-0.4156371513211168,5000,-0.040499999999999925,0.022785229133512514,-0.051999999999999935,-0.02549999999999991,5000,-0.040500000000000036,0.022785229133512514,-0.052000000000000046,-0.026000000000000023,5000,-0.081,0.045570458267025,-0.10400000000000001,-0.050999999999999976,5000,-0.16100000000000003,0.0191195071996,-0.17200000000000001,-0.14900000000000002,5000,-0.08000000000000004,0.03431876713662333,-0.10100000000000005,-0.06100000000000004,5000,0.0,0.0,0.0,0.0,5000,0.0,0.0,0.0,0.0,5000,sample_sd,95% percentile bootstrap over paired_simulator_seeds_within_fixed_target,paired_simulator_seeds_within_fixed_target,5000
MNIST_QNN_zz_r5_d6_s44,zz_r5_d6,44,high_risk_anchor,zz,5,6,noisy_shot,512,loss,ibm_kingston,True,10,-0.16100000000000003,0.0191195071996,-0.17200000000000001,-0.15,5000,-0.08000000000000004,0.03431876713662333,-0.10100000000000002,-0.06100000000000003,5000,-0.081,0.045570458267025,-0.10400000000000001,-0.050999999999999976,5000,0.2636672447659075,0.02337917917575523,0.24953293242151847,0.2775090397838968,5000,-0.17877709275763481,0.03496975063340044,-0.19921141231290532,-0.1586470108237234,5000,-0.44244433752354223,0.04837341245008578,-0.4711352741701178,-0.41528265406404385,5000,-0.05452000000000009,0.017042613258144004,-0.06414025000000009,-0.044179750000000094,5000,-0.06100000000000003,0.03389526351702977,-0.08000000000000004,-0.040000000000000036,5000,-0.12199999999999996,0.06779052703405954,-0.15999999999999998,-0.08099999999999996,5000,-0.020999999999999974,0.09643074659510258,-0.07499999999999996,0.039000000000000014,5000,0.10099999999999998,0.1004932280747757,0.042974999999999985,0.16099999999999998,5000,-0.07099999999999998,0.03142893217686178,-0.089,-0.05199999999999999,5000,0.0029999999999999944,0.04595891885393109,-0.02400000000000001,0.02899999999999999,5000,sample_sd,95% percentile bootstrap over paired_simulator_seeds_within_fixed_target,paired_simulator_seeds_within_fixed_target,5000
MNIST_QNN_zz_r5_d6_s44,zz_r5_d6,44,high_risk_anchor,zz,5,6,noisy_shot,1024,confidence,ibm_kingston,True,10,-0.16499999999999998,0.03171049598406742,-0.18302500000000005,-0.14700000000000002,5000,-0.06000000000000005,0.018856180831641273,-0.07000000000000006,-0.04800000000000004,5000,-0.10499999999999998,0.04116363011742824,-0.12800000000000003,-0.07999999999999997,5000,0.23888197614438827,0.011420970466145812,0.23245835554264488,0.2456262814044021,5000,-0.20833784028375524,0.033076791536643994,-0.22843303758231923,-0.18988113081380723,5000,-0.44721981642814346,0.036777378652204255,-0.4693209515893366,-0.426262800255441,5000,-0.021109999999999983,0.02061415101871096,-0.033580999999999965,-0.009289999999999998,5000,-0.01200000000000001,0.028982753492378905,-0.029000000000000026,0.0050000000000000044,5000,-0.024000000000000056,0.057965506984757754,-0.05900000000000004,0.00999999999999993,5000,-0.23600000000000004,0.07961016127215029,-0.279,-0.18600000000000003,5000,-0.21199999999999997,0.10075272259900034,-0.2679999999999999,-0.15099999999999997,5000,-0.0070000000000000045,0.027507574714370344,-0.023000000000000003,0.008999999999999992,5000,-0.023999999999999987,0.027968235951204037,-0.04199999999999998,-0.008999999999999989,5000,sample_sd,95% percentile bootstrap over paired_simulator_seeds_within_fixed_target,paired_simulator_seeds_within_fixed_target,5000
MNIST_QNN_zz_r5_d6_s44,zz_r5_d6,44,high_risk_anchor,zz,5,6,noisy_shot,1024,correctness,ibm_kingston,True,10,-0.16499999999999998,0.03171049598406742,-0.18300000000000005,-0.14600000000000005,5000,-0.06000000000000005,0.018856180831641273,-0.07000000000000006,-0.04800000000000004,5000,-0.10499999999999998,0.04116363011742824,-0.12802500000000003,-0.07999999999999999,5000,0.23888197614438827,0.011420970466145812,0.23229619234297422,0.2455718287380412,5000,-0.20833784028375524,0.033076791536643994,-0.2277635706463363,-0.18961675505975734,5000,-0.44721981642814346,0.036777378652204255,-0.4686963182970183,-0.42635958017287773,5000,-0.05249999999999992,0.020581815058714113,-0.06399999999999993,-0.039999999999999925,5000,-0.05250000000000003,0.020581815058714113,-0.06450000000000003,-0.040000000000000036,5000,-0.10499999999999998,0.04116363011742824,-0.12799999999999997,-0.08099999999999997,5000,-0.16499999999999998,0.03171049598406742,-0.18300000000000005,-0.14700000000000002,5000,-0.06000000000000005,0.018856180831641273,-0.07100000000000004,-0.04800000000000004,5000,0.0,0.0,0.0,0.0,5000,0.0,0.0,0.0,0.0,5000,sample_sd,95% percentile bootstrap over paired_simulator_seeds_within_fixed_target,paired_simulator_seeds_within_fixed_target,5000
MNIST_QNN_zz_r5_d6_s44,zz_r5_d6,44,high_risk_anchor,zz,5,6,noisy_shot,1024,loss,ibm_kingston,True,10,-0.16499999999999998,0.03171049598406742,-0.18300000000000005,-0.14600000000000005,5000,-0.06000000000000005,0.018856180831641273,-0.07000000000000006,-0.04800000000000004,5000,-0.10499999999999998,0.04116363011742824,-0.12799999999999997,-0.08099999999999996,5000,0.23888197614438827,0.011420970466145812,0.23228860190538686,0.24572348498972132,5000,-0.20833784028375524,0.033076791536643994,-0.2282073076903587,-0.1897165151067311,5000,-0.44721981642814346,0.036777378652204255,-0.4690834636997198,-0.42652293279860165,5000,-0.053350000000000085,0.008059811136469362,-0.05791000000000007,-0.0485000000000001,5000,-0.05100000000000006,0.035260932110954386,-0.07100000000000008,-0.031000000000000038,5000,-0.10199999999999998,0.07052186422190874,-0.14399999999999996,-0.06097500000000032,5000,0.02300000000000003,0.13199747472331935,-0.05702499999999997,0.09600000000000003,5000,0.125,0.07501851623284601,0.07899999999999999,0.16900000000000004,5000,-0.05699999999999998,0.028303906287138376,-0.07299999999999998,-0.039999999999999994,5000,-0.026000000000000002,0.04351245032554859,-0.05,2.4999999999641632e-05,5000,sample_sd,95% percentile bootstrap over paired_simulator_seeds_within_fixed_target,paired_simulator_seeds_within_fixed_target,5000
MNIST_QNN_zz_r5_d6_s45,zz_r5_d6,45,high_risk_anchor,zz,5,6,ideal_shot,128,confidence,ibm_kingston,False,10,-0.07900000000000004,0.03446415206816754,-0.09900000000000003,-0.05800000000000004,5000,-0.04700000000000004,0.02496664441476536,-0.062000000000000055,-0.03300000000000003,5000,-0.031999999999999994,0.04848825745591515,-0.059999999999999984,-0.0030000000000000027,5000,0.15891787283727532,0.046992953122745026,0.13077847967281475,0.18479121636571105,5000,0.21881661641639577,0.07812197538484768,0.17400967153731836,0.2651304092096195,5000,0.05989874357912043,0.10075086506013355,0.0005581878599798277,0.11887751133065094,5000,-0.031969999999999936,0.018260768512487837,-0.04443049999999994,-0.023709999999999943,5000,-0.05900000000000007,0.031954829229884976,-0.0785000000000001,-0.04100000000000006,5000,-0.11800000000000002,0.06390965845976995,-0.15600000000000006,-0.08100000000000004,5000,-0.13500000000000006,0.14096886969193667,-0.21600000000000005,-0.052000000000000046,5000,-0.016999999999999998,0.10231215850414739,-0.078,0.04199999999999998,5000,-0.009,0.025144029554194813,-0.025,0.003999999999999999,5000,-0.02400000000000001,0.02319003617456811,-0.03800000000000001,-0.01100000000000001,5000,sample_sd,95% percentile bootstrap over paired_simulator_seeds_within_fixed_target,paired_simulator_seeds_within_fixed_target,5000
MNIST_QNN_zz_r5_d6_s45,zz_r5_d6,45,high_risk_anchor,zz,5,6,ideal_shot,128,correctness,ibm_kingston,False,10,-0.07900000000000004,0.03446415206816754,-0.09900000000000002,-0.05900000000000005,5000,-0.04700000000000004,0.02496664441476536,-0.062000000000000055,-0.03300000000000003,5000,-0.031999999999999994,0.04848825745591515,-0.059999999999999984,-0.0029999999999999914,5000,0.15891787283727532,0.046992953122745026,0.13120265808768172,0.18685142337061836,5000,0.21881661641639577,0.07812197538484768,0.17273455201195514,0.2643098291124337,5000,0.05989874357912043,0.10075086506013355,0.0004427610858076937,0.11894153352540014,5000,-0.015999999999999924,0.024244128727957576,-0.029999999999999916,-0.0014999999999999348,5000,-0.01600000000000005,0.024244128727957562,-0.029500000000000047,-0.0010000000000000453,5000,-0.031999999999999994,0.04848825745591515,-0.06,-0.0029999999999999914,5000,-0.07900000000000004,0.03446415206816754,-0.09900000000000002,-0.05900000000000003,5000,-0.04700000000000004,0.02496664441476536,-0.062000000000000055,-0.03300000000000003,5000,0.0,0.0,0.0,0.0,5000,0.0,0.0,0.0,0.0,5000,sample_sd,95% percentile bootstrap over paired_simulator_seeds_within_fixed_target,paired_simulator_seeds_within_fixed_target,5000
MNIST_QNN_zz_r5_d6_s45,zz_r5_d6,45,high_risk_anchor,zz,5,6,ideal_shot,128,loss,ibm_kingston,False,10,-0.07900000000000004,0.03446415206816754,-0.09900000000000002,-0.05900000000000003,5000,-0.04700000000000004,0.02496664441476536,-0.062000000000000055,-0.03300000000000003,5000,-0.031999999999999994,0.04848825745591515,-0.05899999999999998,-0.0029999999999999914,5000,0.15891787283727532,0.046992953122745026,0.13088152139655293,0.1850250685400213,5000,0.21881661641639577,0.07812197538484768,0.17395176097917345,0.2635781361862631,5000,0.05989874357912043,0.10075086506013355,0.0006326418369022061,0.12030966880169114,5000,-0.028719999999999968,0.021606778771693137,-0.04188999999999995,-0.016478999999999955,5000,-0.035500000000000045,0.020062402647738897,-0.046500000000000055,-0.02350000000000003,5000,-0.07100000000000004,0.040124805295477746,-0.09500000000000001,-0.04700000000000005,5000,-0.04800000000000003,0.05788878225624642,-0.08500000000000003,-0.018000000000000026,5000,0.023,0.08485936077482029,-0.030000000000000006,0.06799999999999999,5000,-0.012999999999999994,0.027908580918579305,-0.030999999999999993,0.0010000000000000037,5000,1.1102230246251566e-17,0.04055175020198813,-0.023999999999999987,0.023000000000000013,5000,sample_sd,95% percentile bootstrap over paired_simulator_seeds_within_fixed_target,paired_simulator_seeds_within_fixed_target,5000
MNIST_QNN_zz_r5_d6_s45,zz_r5_d6,45,high_risk_anchor,zz,5,6,ideal_shot,512,confidence,ibm_kingston,False,10,-0.025000000000000022,0.017159383568311683,-0.03400000000000003,-0.014000000000000012,5000,-0.038000000000000034,0.013165611772087677,-0.04600000000000004,-0.03200000000000003,5000,0.013000000000000012,0.026267851073127416,0.0,0.031000000000000028,5000,0.04200615113633102,0.02290208539821215,0.028954019408617745,0.0557886986036523,5000,0.06793886362370896,0.017817810624643875,0.05717015868342015,0.07795419384283502,5000,0.025932712487377985,0.03355331480250753,0.007020416571687223,0.045675354013882404,5000,-0.015359999999999974,0.01705821405266879,-0.02586999999999997,-0.0062499999999999665,5000,-0.04350000000000005,0.01826502425706332,-0.05400000000000005,-0.03300000000000004,5000,-0.08700000000000002,0.03653004851412663,-0.10800000000000001,-0.06500000000000002,5000,-0.02100000000000003,0.06657493689236378,-0.06200000000000001,0.01699999999999996,5000,0.06599999999999998,0.08846845012017938,0.012999999999999984,0.11602499999999966,5000,-0.0030000000000000005,0.026267851073127395,-0.019,0.011999999999999999,5000,-0.00900000000000001,0.02131770260709264,-0.02200000000000001,0.002999999999999989,5000,sample_sd,95% percentile bootstrap over paired_simulator_seeds_within_fixed_target,paired_simulator_seeds_within_fixed_target,5000
MNIST_QNN_zz_r5_d6_s45,zz_r5_d6,45,high_risk_anchor,zz,5,6,ideal_shot,512,correctness,ibm_kingston,False,10,-0.025000000000000022,0.017159383568311683,-0.03400000000000003,-0.014000000000000012,5000,-0.038000000000000034,0.013165611772087677,-0.04700000000000004,-0.031000000000000028,5000,0.013000000000000012,0.026267851073127416,0.0,0.030000000000000027,5000,0.04200615113633102,0.02290208539821215,0.028843841573746608,0.05594422763077087,5000,0.06793886362370896,0.017817810624643875,0.05721797440952643,0.07813740783497132,5000,0.025932712487377985,0.03355331480250753,0.006739697784198209,0.04567399449317205,5000,0.00650000000000005,0.013133925536563694,5.551115123125783e-17,0.015500000000000036,5000,0.006499999999999928,0.013133925536563685,-6.661338147750939e-17,0.015499999999999913,5000,0.013000000000000012,0.026267851073127416,0.0,0.031000000000000028,5000,-0.025000000000000022,0.017159383568311683,-0.03400000000000003,-0.015000000000000013,5000,-0.038000000000000034,0.013165611772087677,-0.04600000000000004,-0.03200000000000003,5000,0.0,0.0,0.0,0.0,5000,0.0,0.0,0.0,0.0,5000,sample_sd,95% percentile bootstrap over paired_simulator_seeds_within_fixed_target,paired_simulator_seeds_within_fixed_target,5000
MNIST_QNN_zz_r5_d6_s45,zz_r5_d6,45,high_risk_anchor,zz,5,6,ideal_shot,512,loss,ibm_kingston,False,10,-0.025000000000000022,0.017159383568311683,-0.03400000000000003,-0.014000000000000012,5000,-0.038000000000000034,0.013165611772087677,-0.04700000000000004,-0.031000000000000028,5000,0.013000000000000012,0.026267851073127416,0.0,0.030000000000000027,5000,0.04200615113633102,0.02290208539821215,0.02886463761484046,0.0557645234937663,5000,0.06793886362370896,0.017817810624643875,0.05720328493859408,0.07789136565293968,5000,0.025932712487377985,0.03355331480250753,0.006337431125420385,0.04562228234399336,5000,-0.009539999999999993,0.010094134710590888,-0.015479999999999994,-0.0036797499999999873,5000,-0.009500000000000041,0.031397982950077105,-0.027500000000000045,0.008999999999999952,5000,-0.019000000000000045,0.06279596590015424,-0.05502500000000006,0.01899999999999994,5000,-0.009000000000000053,0.05043147165543886,-0.03900000000000007,0.01899999999999994,5000,0.009999999999999992,0.04422166387140533,-0.017000000000000005,0.03599999999999999,5000,0.007000000000000004,0.025407785333546005,-0.008999999999999998,0.020999999999999998,5000,0.0010000000000000091,0.02558211180579986,-0.013999999999999995,0.01500000000000001,5000,sample_sd,95% percentile bootstrap over paired_simulator_seeds_within_fixed_target,paired_simulator_seeds_within_fixed_target,5000
MNIST_QNN_zz_r5_d6_s45,zz_r5_d6,45,high_risk_anchor,zz,5,6,ideal_shot,1024,confidence,ibm_kingston,False,10,-0.0050000000000000044,0.011785113019775802,-0.013000000000000012,0.0010000000000000009,5000,-0.03300000000000003,0.018287822299126955,-0.04500000000000004,-0.02300000000000002,5000,0.028000000000000025,0.02299758441421381,0.015000000000000013,0.04200000000000004,5000,0.018293846032102,0.008569678528085352,0.013035588487756091,0.022923821463579578,5000,0.027760766981635144,0.020203596388231087,0.016173449684656036,0.03969848852405601,5000,0.00946692094953321,0.01976068961814145,-0.0029947727623569702,0.020175586827129242,5000,-0.008209999999999962,0.01692515878802912,-0.018339999999999933,0.0016005000000000166,5000,-0.022500000000000065,0.025083194905487355,-0.038000000000000055,-0.008500000000000063,5000,-0.045000000000000054,0.05016638981097474,-0.07600000000000007,-0.01700000000000006,5000,-0.02000000000000004,0.05395471352079548,-0.054000000000000034,0.008999999999999975,5000,0.025000000000000012,0.061146454426147134,-0.012999999999999989,0.059,5000,0.004999999999999999,0.02223610677354389,-0.008000000000000004,0.018,5000,0.003999999999999987,0.02590581230363393,-0.012000000000000016,0.018024999999999628,5000,sample_sd,95% percentile bootstrap over paired_simulator_seeds_within_fixed_target,paired_simulator_seeds_within_fixed_target,5000
MNIST_QNN_zz_r5_d6_s45,zz_r5_d6,45,high_risk_anchor,zz,5,6,ideal_shot,1024,correctness,ibm_kingston,False,10,-0.0050000000000000044,0.011785113019775802,-0.01200000000000001,0.0010000000000000009,5000,-0.03300000000000003,0.018287822299126955,-0.04400000000000004,-0.02300000000000002,5000,0.028000000000000025,0.02299758441421381,0.015000000000000013,0.04200000000000004,5000,0.018293846032102,0.008569678528085352,0.013013168404507084,0.022979284289930717,5000,0.027760766981635144,0.020203596388231087,0.01587646769492985,0.03971056134512596,5000,0.00946692094953321,0.01976068961814145,-0.002831907779750001,0.020493660051444988,5000,0.014000000000000023,0.011498792207106905,0.008000000000000007,0.02100000000000003,5000,0.01399999999999999,0.011498792207106902,0.007499999999999984,0.021000000000000008,5000,0.028000000000000025,0.02299758441421381,0.015000000000000013,0.041000000000000036,5000,-0.0050000000000000044,0.011785113019775802,-0.013000000000000012,0.0010000000000000009,5000,-0.03300000000000003,0.018287822299126955,-0.04500000000000004,-0.02300000000000002,5000,0.0,0.0,0.0,0.0,5000,0.0,0.0,0.0,0.0,5000,sample_sd,95% percentile bootstrap over paired_simulator_seeds_within_fixed_target,paired_simulator_seeds_within_fixed_target,5000
MNIST_QNN_zz_r5_d6_s45,zz_r5_d6,45,high_risk_anchor,zz,5,6,ideal_shot,1024,loss,ibm_kingston,False,10,-0.0050000000000000044,0.011785113019775802,-0.013000000000000012,0.0010000000000000009,5000,-0.03300000000000003,0.018287822299126955,-0.04400000000000004,-0.02300000000000002,5000,0.028000000000000025,0.02299758441421381,0.015000000000000013,0.04200000000000004,5000,0.018293846032102,0.008569678528085352,0.013076515487278074,0.02316177528199768,5000,0.027760766981635144,0.020203596388231087,0.015780791919477365,0.03957792405290444,5000,0.00946692094953321,0.01976068961814145,-0.0029792690244973058,0.020493660051444988,5000,-0.0037399999999999543,0.0067440838270788565,-0.0077002499999999615,0.00028025000000004294,5000,0.003999999999999937,0.012427567921538221,-0.0030000000000000916,0.011499999999999977,5000,0.007999999999999946,0.02485513584307634,-0.006000000000000066,0.022999999999999944,5000,0.013999999999999947,0.04526465385804787,-0.014000000000000045,0.038999999999999944,5000,0.006,0.04501851470969102,-0.019999999999999997,0.034,5000,0.006000000000000004,0.021186998109427604,-0.006999999999999995,0.018000000000000006,5000,0.006000000000000008,0.025033311140691447,-0.009999999999999992,0.01900000000000001,5000,sample_sd,95% percentile bootstrap over paired_simulator_seeds_within_fixed_target,paired_simulator_seeds_within_fixed_target,5000
MNIST_QNN_zz_r5_d6_s45,zz_r5_d6,45,high_risk_anchor,zz,5,6,noisy_shot,128,confidence,ibm_kingston,True,10,-0.21300000000000002,0.038887301554906356,-0.23400000000000004,-0.189,5000,-0.050000000000000044,0.0371184290855335,-0.07200000000000006,-0.030000000000000027,5000,-0.16299999999999998,0.05396500923952689,-0.19300000000000003,-0.1309750000000003,5000,0.4356830680104613,0.08270675648455086,0.3815009577806777,0.47753607207589666,5000,-0.014989513383829122,0.07513006361409064,-0.05968509024803651,0.027172130559015097,5000,-0.45067258139429034,0.10458393914927114,-0.5087666685179428,-0.38588726263561984,5000,-0.04930999999999997,0.030236050962018455,-0.06570174999999996,-0.031029999999999985,5000,-0.07550000000000007,0.027833832330856338,-0.09100000000000008,-0.05850000000000005,5000,-0.15100000000000002,0.05566766466171263,-0.18200000000000002,-0.1169750000000004,5000,-0.3470000000000001,0.10583530181896356,-0.40700000000000014,-0.28300000000000003,5000,-0.196,0.09020963240019204,-0.24400000000000005,-0.13799999999999998,5000,0.013999999999999999,0.030623157540948936,-0.005000000000000002,0.030999999999999993,5000,0.010999999999999989,0.02558211180579986,-0.005000000000000011,0.02599999999999999,5000,sample_sd,95% percentile bootstrap over paired_simulator_seeds_within_fixed_target,paired_simulator_seeds_within_fixed_target,5000
MNIST_QNN_zz_r5_d6_s45,zz_r5_d6,45,high_risk_anchor,zz,5,6,noisy_shot,128,correctness,ibm_kingston,True,10,-0.21300000000000002,0.038887301554906356,-0.23500000000000004,-0.19000000000000003,5000,-0.050000000000000044,0.0371184290855335,-0.07300000000000004,-0.030000000000000027,5000,-0.16299999999999998,0.05396500923952689,-0.195,-0.13199999999999998,5000,0.4356830680104613,0.08270675648455086,0.38283567219804754,0.47774836167892215,5000,-0.014989513383829122,0.07513006361409064,-0.060649765263701645,0.026756734176189532,5000,-0.45067258139429034,0.10458393914927114,-0.5075024557838771,-0.38719053312326873,5000,-0.08149999999999993,0.026982504619763436,-0.09699999999999992,-0.06549999999999993,5000,-0.08150000000000004,0.026982504619763436,-0.09700000000000004,-0.06598750000000023,5000,-0.16299999999999998,0.05396500923952689,-0.19400000000000003,-0.131,5000,-0.21300000000000002,0.038887301554906356,-0.23500000000000001,-0.19000000000000003,5000,-0.050000000000000044,0.0371184290855335,-0.07300000000000004,-0.031000000000000028,5000,0.0,0.0,0.0,0.0,5000,0.0,0.0,0.0,0.0,5000,sample_sd,95% percentile bootstrap over paired_simulator_seeds_within_fixed_target,paired_simulator_seeds_within_fixed_target,5000
MNIST_QNN_zz_r5_d6_s45,zz_r5_d6,45,high_risk_anchor,zz,5,6,noisy_shot,128,loss,ibm_kingston,True,10,-0.21300000000000002,0.038887301554906356,-0.23500000000000004,-0.19000000000000003,5000,-0.050000000000000044,0.0371184290855335,-0.07400000000000004,-0.030000000000000027,5000,-0.16299999999999998,0.05396500923952689,-0.19400000000000003,-0.132,5000,0.4356830680104613,0.08270675648455086,0.38197474732556436,0.4780138751934224,5000,-0.014989513383829122,0.07513006361409064,-0.061713658683985775,0.029466160330932873,5000,-0.45067258139429034,0.10458393914927114,-0.5081728317178029,-0.38812787631509066,5000,-0.07670999999999997,0.036785699214051455,-0.09584024999999997,-0.05314725,5000,-0.09500000000000006,0.028867513459481284,-0.11100000000000007,-0.07750000000000004,5000,-0.19000000000000006,0.05773502691896256,-0.22200000000000006,-0.15400000000000008,5000,-0.10200000000000006,0.10528268824666495,-0.16700000000000007,-0.04300000000000006,5000,0.08800000000000001,0.103258037082942,0.024999999999999994,0.14899999999999997,5000,0.012000000000000004,0.03552776691859794,-0.010999999999999996,0.032,5000,0.03700000000000001,0.04715223571935199,0.008000000000000007,0.06300000000000001,5000,sample_sd,95% percentile bootstrap over paired_simulator_seeds_within_fixed_target,paired_simulator_seeds_within_fixed_target,5000
MNIST_QNN_zz_r5_d6_s45,zz_r5_d6,45,high_risk_anchor,zz,5,6,noisy_shot,512,confidence,ibm_kingston,True,10,-0.10100000000000006,0.02514402955419479,-0.11600000000000006,-0.08700000000000006,5000,-0.012000000000000044,0.036147844564602544,-0.03300000000000005,0.008999999999999942,5000,-0.08900000000000001,0.03281259920619922,-0.10700000000000001,-0.06897500000000036,5000,0.23821513981337192,0.018790615512992253,0.22691835716766656,0.24899257011917073,5000,-0.1984002751321533,0.04926506441584572,-0.22515790822915166,-0.16805918151490054,5000,-0.43661541494552514,0.04249857643667115,-0.46047927321317267,-0.41099061266433,5000,-0.050269999999999926,0.012116568087632017,-0.05785999999999993,-0.043589749999999976,5000,-0.07850000000000006,0.019727307638567074,-0.09050000000000007,-0.06750000000000006,5000,-0.157,0.039454615277134134,-0.181,-0.13600000000000004,5000,-0.265,0.14206805880750725,-0.34900000000000003,-0.17900000000000005,5000,-0.10800000000000001,0.14733182502998687,-0.195,-0.02300000000000001,5000,0.007999999999999998,0.028596814119369623,-0.01,0.024,5000,0.006999999999999992,0.018885620632287062,-0.004000000000000009,0.017999999999999995,5000,sample_sd,95% percentile bootstrap over paired_simulator_seeds_within_fixed_target,paired_simulator_seeds_within_fixed_target,5000
MNIST_QNN_zz_r5_d6_s45,zz_r5_d6,45,high_risk_anchor,zz,5,6,noisy_shot,512,correctness,ibm_kingston,True,10,-0.10100000000000006,0.02514402955419479,-0.11600000000000006,-0.08700000000000006,5000,-0.012000000000000044,0.036147844564602544,-0.034000000000000044,0.00999999999999993,5000,-0.08900000000000001,0.03281259920619922,-0.10700000000000001,-0.06897500000000036,5000,0.23821513981337192,0.018790615512992253,0.22717535281775056,0.249280192882329,5000,-0.1984002751321533,0.04926506441584572,-0.22502860715966103,-0.1667644671737334,5000,-0.43661541494552514,0.04249857643667115,-0.46109481822593956,-0.41136958021035547,5000,-0.04449999999999997,0.016406299603099608,-0.05349999999999997,-0.03449999999999996,5000,-0.04450000000000005,0.016406299603099608,-0.05350000000000005,-0.034500000000000065,5000,-0.08900000000000001,0.03281259920619922,-0.10700000000000001,-0.06900000000000003,5000,-0.10100000000000006,0.02514402955419479,-0.11600000000000006,-0.08600000000000008,5000,-0.012000000000000044,0.036147844564602544,-0.03300000000000004,0.008999999999999942,5000,0.0,0.0,0.0,0.0,5000,0.0,0.0,0.0,0.0,5000,sample_sd,95% percentile bootstrap over paired_simulator_seeds_within_fixed_target,paired_simulator_seeds_within_fixed_target,5000
MNIST_QNN_zz_r5_d6_s45,zz_r5_d6,45,high_risk_anchor,zz,5,6,noisy_shot,512,loss,ibm_kingston,True,10,-0.10100000000000006,0.02514402955419479,-0.11600000000000002,-0.08700000000000005,5000,-0.012000000000000044,0.036147844564602544,-0.03300000000000005,0.008999999999999942,5000,-0.08900000000000001,0.03281259920619922,-0.10800000000000001,-0.069,5000,0.23821513981337192,0.018790615512992253,0.22717912761315234,0.2491762912369799,5000,-0.1984002751321533,0.04926506441584572,-0.22494171582213035,-0.16882602287720094,5000,-0.43661541494552514,0.04249857643667115,-0.4606460351429182,-0.4118297093916336,5000,-0.04586999999999998,0.010864524328698862,-0.052090250000000005,-0.03950999999999997,5000,-0.04950000000000006,0.021788121126481347,-0.06250000000000006,-0.037500000000000054,5000,-0.09900000000000005,0.043576242252962694,-0.12700000000000006,-0.07500000000000004,5000,-0.024000000000000042,0.08834276679187973,-0.07500000000000005,0.02899999999999997,5000,0.075,0.0811377429642539,0.029999999999999992,0.124,5000,0.030000000000000006,0.022607766610417565,0.018000000000000006,0.04400000000000001,5000,0.01200000000000001,0.02097617696340303,8.326672684688674e-18,0.02400000000000001,5000,sample_sd,95% percentile bootstrap over paired_simulator_seeds_within_fixed_target,paired_simulator_seeds_within_fixed_target,5000
MNIST_QNN_zz_r5_d6_s45,zz_r5_d6,45,high_risk_anchor,zz,5,6,noisy_shot,1024,confidence,ibm_kingston,True,10,-0.08400000000000005,0.026331223544175313,-0.10000000000000005,-0.07000000000000006,5000,-0.010000000000000031,0.022110831935702655,-0.02300000000000003,0.0019999999999999684,5000,-0.07400000000000002,0.01897366596101025,-0.08499999999999999,-0.06300000000000003,5000,0.20393069424096028,0.01460362072200257,0.19582691240517885,0.21290679291997802,5000,-0.24188054867740724,0.026904797155557193,-0.25647548310892315,-0.2249951220461576,5000,-0.44581124291836743,0.020312953566719624,-0.45753340554563326,-0.43361277864000297,5000,-0.04079999999999999,0.01674508219680569,-0.05063075000000003,-0.031389999999999994,5000,-0.05750000000000007,0.032425127430572874,-0.07650000000000007,-0.03850000000000007,5000,-0.11500000000000006,0.06485025486114575,-0.15400000000000005,-0.07800000000000003,5000,-0.21200000000000005,0.16033298683261243,-0.30900000000000005,-0.12200000000000003,5000,-0.097,0.1284133949399361,-0.17200000000000001,-0.022999999999999982,5000,0.022000000000000002,0.019888578520235064,0.01,0.033999999999999996,5000,0.001999999999999989,0.032591750830880846,-0.017000000000000008,0.021999999999999992,5000,sample_sd,95% percentile bootstrap over paired_simulator_seeds_within_fixed_target,paired_simulator_seeds_within_fixed_target,5000
MNIST_QNN_zz_r5_d6_s45,zz_r5_d6,45,high_risk_anchor,zz,5,6,noisy_shot,1024,correctness,ibm_kingston,True,10,-0.08400000000000005,0.026331223544175313,-0.10100000000000002,-0.07000000000000006,5000,-0.010000000000000031,0.022110831935702655,-0.023000000000000055,0.0019999999999999684,5000,-0.07400000000000002,0.01897366596101025,-0.085,-0.06300000000000003,5000,0.20393069424096028,0.01460362072200257,0.19599178601347378,0.21319385489372067,5000,-0.24188054867740724,0.026904797155557193,-0.2565532788348967,-0.22455180718099596,5000,-0.44581124291836743,0.020312953566719624,-0.4574048179514473,-0.43366357258437205,5000,-0.03699999999999992,0.009486832980505146,-0.04249999999999993,-0.03149999999999992,5000,-0.03700000000000003,0.009486832980505146,-0.04250000000000004,-0.03150000000000003,5000,-0.07400000000000002,0.01897366596101025,-0.08499999999999999,-0.06200000000000004,5000,-0.08400000000000005,0.026331223544175313,-0.10000000000000005,-0.07000000000000006,5000,-0.010000000000000031,0.022110831935702655,-0.02300000000000004,0.002999999999999947,5000,0.0,0.0,0.0,0.0,5000,0.0,0.0,0.0,0.0,5000,sample_sd,95% percentile bootstrap over paired_simulator_seeds_within_fixed_target,paired_simulator_seeds_within_fixed_target,5000
MNIST_QNN_zz_r5_d6_s45,zz_r5_d6,45,high_risk_anchor,zz,5,6,noisy_shot,1024,loss,ibm_kingston,True,10,-0.08400000000000005,0.026331223544175313,-0.10100000000000002,-0.06900000000000006,5000,-0.010000000000000031,0.022110831935702655,-0.02300000000000003,0.0019999999999999797,5000,-0.07400000000000002,0.01897366596101025,-0.08499999999999999,-0.06300000000000003,5000,0.20393069424096028,0.01460362072200257,0.19596823885969353,0.2132736107375473,5000,-0.24188054867740724,0.026904797155557193,-0.2561828048867524,-0.22459808238958362,5000,-0.44581124291836743,0.020312953566719624,-0.4571581899211102,-0.4337013196434535,5000,-0.03575999999999998,0.010686876687476747,-0.04207999999999999,-0.029569999999999964,5000,-0.06850000000000005,0.03188956638846702,-0.08750000000000005,-0.05000000000000003,5000,-0.13700000000000007,0.06377913277693403,-0.17400000000000007,-0.09900000000000006,5000,-0.10000000000000005,0.0402768199119819,-0.12400000000000007,-0.07700000000000004,5000,0.037000000000000005,0.08615876817441934,-0.015999999999999997,0.08600000000000001,5000,0.023000000000000007,0.027908580918579305,0.007000000000000006,0.039,5000,0.004000000000000008,0.03687817782917155,-0.018024999999999985,0.025000000000000012,5000,sample_sd,95% percentile bootstrap over paired_simulator_seeds_within_fixed_target,paired_simulator_seeds_within_fixed_target,5000
