target_id,mode,shots,simulator_seed,transpiler_seed,backend_name,noise_model_loaded,quantum_execution_scope,metric_scope,metric_name,value
MNIST_QNN_eff_su2_r1_d2_s43,exact,0,-1,2026,none,False,exact_full_model,train,target_accuracy,0.7900000214576721
MNIST_QNN_eff_su2_r1_d2_s43,exact,0,-1,2026,none,False,exact_full_model,train,target_loss,0.5472866892814636
MNIST_QNN_eff_su2_r1_d2_s43,exact,0,-1,2026,none,False,exact_full_model,train,n_records,100.0
MNIST_QNN_eff_su2_r1_d2_s43,exact,0,-1,2026,none,False,exact_full_model,test,target_accuracy,0.75
MNIST_QNN_eff_su2_r1_d2_s43,exact,0,-1,2026,none,False,exact_full_model,test,target_loss,0.6041102409362793
MNIST_QNN_eff_su2_r1_d2_s43,exact,0,-1,2026,none,False,exact_full_model,test,n_records,100.0
MNIST_QNN_eff_su2_r1_d2_s43,exact,0,-1,2026,none,False,exact_full_model,membership,loss_auc,0.5128999999999999
MNIST_QNN_eff_su2_r1_d2_s43,exact,0,-1,2026,none,False,exact_full_model,membership,entropy_auc,0.4974
MNIST_QNN_eff_su2_r1_d2_s43,exact,0,-1,2026,none,False,exact_full_model,membership,confidence_auc,0.4903
MNIST_QNN_eff_su2_r1_d2_s43,exact,0,-1,2026,none,False,exact_full_model,membership,margin_auc,0.49219999999999997
MNIST_QNN_eff_su2_r1_d2_s43,exact,0,-1,2026,none,False,exact_full_model,membership,correctness_auc,0.52
MNIST_QNN_eff_su2_r1_d2_s43,exact,0,-1,2026,none,False,exact_full_model,membership,max_probability_auc,0.4903
MNIST_QNN_eff_su2_r1_d2_s43,exact,0,-1,2026,none,False,exact_full_model,target,generalization_gap_accuracy,0.04000002145767212
MNIST_QNN_eff_su2_r1_d2_s43,ideal_shot,128,0,2026,ibm_kingston,False,full_main_quantum_stack,train,target_accuracy,0.6200000047683716
MNIST_QNN_eff_su2_r1_d2_s43,ideal_shot,128,0,2026,ibm_kingston,False,full_main_quantum_stack,train,target_loss,0.8400712013244629
MNIST_QNN_eff_su2_r1_d2_s43,ideal_shot,128,0,2026,ibm_kingston,False,full_main_quantum_stack,train,n_records,100.0
MNIST_QNN_eff_su2_r1_d2_s43,ideal_shot,128,0,2026,ibm_kingston,False,full_main_quantum_stack,test,target_accuracy,0.6899999976158142
MNIST_QNN_eff_su2_r1_d2_s43,ideal_shot,128,0,2026,ibm_kingston,False,full_main_quantum_stack,test,target_loss,0.7479430437088013
MNIST_QNN_eff_su2_r1_d2_s43,ideal_shot,128,0,2026,ibm_kingston,False,full_main_quantum_stack,test,n_records,100.0
MNIST_QNN_eff_su2_r1_d2_s43,ideal_shot,128,0,2026,ibm_kingston,False,full_main_quantum_stack,membership,loss_auc,0.489
MNIST_QNN_eff_su2_r1_d2_s43,ideal_shot,128,0,2026,ibm_kingston,False,full_main_quantum_stack,membership,entropy_auc,0.5258
MNIST_QNN_eff_su2_r1_d2_s43,ideal_shot,128,0,2026,ibm_kingston,False,full_main_quantum_stack,membership,confidence_auc,0.5149
MNIST_QNN_eff_su2_r1_d2_s43,ideal_shot,128,0,2026,ibm_kingston,False,full_main_quantum_stack,membership,margin_auc,0.5105000000000001
MNIST_QNN_eff_su2_r1_d2_s43,ideal_shot,128,0,2026,ibm_kingston,False,full_main_quantum_stack,membership,correctness_auc,0.465
MNIST_QNN_eff_su2_r1_d2_s43,ideal_shot,128,0,2026,ibm_kingston,False,full_main_quantum_stack,membership,max_probability_auc,0.5149
MNIST_QNN_eff_su2_r1_d2_s43,ideal_shot,128,0,2026,ibm_kingston,False,full_main_quantum_stack,target,generalization_gap_accuracy,-0.06999999284744263
MNIST_QNN_eff_su2_r1_d2_s43,ideal_shot,128,1,2026,ibm_kingston,False,full_main_quantum_stack,train,target_accuracy,0.5899999737739563
MNIST_QNN_eff_su2_r1_d2_s43,ideal_shot,128,1,2026,ibm_kingston,False,full_main_quantum_stack,train,target_loss,0.8267228007316589
MNIST_QNN_eff_su2_r1_d2_s43,ideal_shot,128,1,2026,ibm_kingston,False,full_main_quantum_stack,train,n_records,100.0
MNIST_QNN_eff_su2_r1_d2_s43,ideal_shot,128,1,2026,ibm_kingston,False,full_main_quantum_stack,test,target_accuracy,0.5600000023841858
MNIST_QNN_eff_su2_r1_d2_s43,ideal_shot,128,1,2026,ibm_kingston,False,full_main_quantum_stack,test,target_loss,1.0004633665084839
MNIST_QNN_eff_su2_r1_d2_s43,ideal_shot,128,1,2026,ibm_kingston,False,full_main_quantum_stack,test,n_records,100.0
MNIST_QNN_eff_su2_r1_d2_s43,ideal_shot,128,1,2026,ibm_kingston,False,full_main_quantum_stack,membership,loss_auc,0.5426
MNIST_QNN_eff_su2_r1_d2_s43,ideal_shot,128,1,2026,ibm_kingston,False,full_main_quantum_stack,membership,entropy_auc,0.4895
MNIST_QNN_eff_su2_r1_d2_s43,ideal_shot,128,1,2026,ibm_kingston,False,full_main_quantum_stack,membership,confidence_auc,0.4889
MNIST_QNN_eff_su2_r1_d2_s43,ideal_shot,128,1,2026,ibm_kingston,False,full_main_quantum_stack,membership,margin_auc,0.4844
MNIST_QNN_eff_su2_r1_d2_s43,ideal_shot,128,1,2026,ibm_kingston,False,full_main_quantum_stack,membership,correctness_auc,0.5149999999999999
MNIST_QNN_eff_su2_r1_d2_s43,ideal_shot,128,1,2026,ibm_kingston,False,full_main_quantum_stack,membership,max_probability_auc,0.4889
MNIST_QNN_eff_su2_r1_d2_s43,ideal_shot,128,1,2026,ibm_kingston,False,full_main_quantum_stack,target,generalization_gap_accuracy,0.029999971389770508
MNIST_QNN_eff_su2_r1_d2_s43,ideal_shot,128,2,2026,ibm_kingston,False,full_main_quantum_stack,train,target_accuracy,0.6200000047683716
MNIST_QNN_eff_su2_r1_d2_s43,ideal_shot,128,2,2026,ibm_kingston,False,full_main_quantum_stack,train,target_loss,0.8279737234115601
MNIST_QNN_eff_su2_r1_d2_s43,ideal_shot,128,2,2026,ibm_kingston,False,full_main_quantum_stack,train,n_records,100.0
MNIST_QNN_eff_su2_r1_d2_s43,ideal_shot,128,2,2026,ibm_kingston,False,full_main_quantum_stack,test,target_accuracy,0.6700000166893005
MNIST_QNN_eff_su2_r1_d2_s43,ideal_shot,128,2,2026,ibm_kingston,False,full_main_quantum_stack,test,target_loss,0.804905116558075
MNIST_QNN_eff_su2_r1_d2_s43,ideal_shot,128,2,2026,ibm_kingston,False,full_main_quantum_stack,test,n_records,100.0
MNIST_QNN_eff_su2_r1_d2_s43,ideal_shot,128,2,2026,ibm_kingston,False,full_main_quantum_stack,membership,loss_auc,0.47050000000000003
MNIST_QNN_eff_su2_r1_d2_s43,ideal_shot,128,2,2026,ibm_kingston,False,full_main_quantum_stack,membership,entropy_auc,0.4568
MNIST_QNN_eff_su2_r1_d2_s43,ideal_shot,128,2,2026,ibm_kingston,False,full_main_quantum_stack,membership,confidence_auc,0.4752
MNIST_QNN_eff_su2_r1_d2_s43,ideal_shot,128,2,2026,ibm_kingston,False,full_main_quantum_stack,membership,margin_auc,0.4817
MNIST_QNN_eff_su2_r1_d2_s43,ideal_shot,128,2,2026,ibm_kingston,False,full_main_quantum_stack,membership,correctness_auc,0.475
MNIST_QNN_eff_su2_r1_d2_s43,ideal_shot,128,2,2026,ibm_kingston,False,full_main_quantum_stack,membership,max_probability_auc,0.4752
MNIST_QNN_eff_su2_r1_d2_s43,ideal_shot,128,2,2026,ibm_kingston,False,full_main_quantum_stack,target,generalization_gap_accuracy,-0.050000011920928955
MNIST_QNN_eff_su2_r1_d2_s43,ideal_shot,128,3,2026,ibm_kingston,False,full_main_quantum_stack,train,target_accuracy,0.6100000143051147
MNIST_QNN_eff_su2_r1_d2_s43,ideal_shot,128,3,2026,ibm_kingston,False,full_main_quantum_stack,train,target_loss,0.8998032212257385
MNIST_QNN_eff_su2_r1_d2_s43,ideal_shot,128,3,2026,ibm_kingston,False,full_main_quantum_stack,train,n_records,100.0
MNIST_QNN_eff_su2_r1_d2_s43,ideal_shot,128,3,2026,ibm_kingston,False,full_main_quantum_stack,test,target_accuracy,0.6200000047683716
MNIST_QNN_eff_su2_r1_d2_s43,ideal_shot,128,3,2026,ibm_kingston,False,full_main_quantum_stack,test,target_loss,0.9543591141700745
MNIST_QNN_eff_su2_r1_d2_s43,ideal_shot,128,3,2026,ibm_kingston,False,full_main_quantum_stack,test,n_records,100.0
MNIST_QNN_eff_su2_r1_d2_s43,ideal_shot,128,3,2026,ibm_kingston,False,full_main_quantum_stack,membership,loss_auc,0.5075999999999999
MNIST_QNN_eff_su2_r1_d2_s43,ideal_shot,128,3,2026,ibm_kingston,False,full_main_quantum_stack,membership,entropy_auc,0.4822
MNIST_QNN_eff_su2_r1_d2_s43,ideal_shot,128,3,2026,ibm_kingston,False,full_main_quantum_stack,membership,confidence_auc,0.4896
MNIST_QNN_eff_su2_r1_d2_s43,ideal_shot,128,3,2026,ibm_kingston,False,full_main_quantum_stack,membership,margin_auc,0.49079999999999996
MNIST_QNN_eff_su2_r1_d2_s43,ideal_shot,128,3,2026,ibm_kingston,False,full_main_quantum_stack,membership,correctness_auc,0.495
MNIST_QNN_eff_su2_r1_d2_s43,ideal_shot,128,3,2026,ibm_kingston,False,full_main_quantum_stack,membership,max_probability_auc,0.4896
MNIST_QNN_eff_su2_r1_d2_s43,ideal_shot,128,3,2026,ibm_kingston,False,full_main_quantum_stack,target,generalization_gap_accuracy,-0.009999990463256836
MNIST_QNN_eff_su2_r1_d2_s43,ideal_shot,128,4,2026,ibm_kingston,False,full_main_quantum_stack,train,target_accuracy,0.699999988079071
MNIST_QNN_eff_su2_r1_d2_s43,ideal_shot,128,4,2026,ibm_kingston,False,full_main_quantum_stack,train,target_loss,0.7087518572807312
MNIST_QNN_eff_su2_r1_d2_s43,ideal_shot,128,4,2026,ibm_kingston,False,full_main_quantum_stack,train,n_records,100.0
MNIST_QNN_eff_su2_r1_d2_s43,ideal_shot,128,4,2026,ibm_kingston,False,full_main_quantum_stack,test,target_accuracy,0.5799999833106995
MNIST_QNN_eff_su2_r1_d2_s43,ideal_shot,128,4,2026,ibm_kingston,False,full_main_quantum_stack,test,target_loss,0.931942343711853
MNIST_QNN_eff_su2_r1_d2_s43,ideal_shot,128,4,2026,ibm_kingston,False,full_main_quantum_stack,test,n_records,100.0
MNIST_QNN_eff_su2_r1_d2_s43,ideal_shot,128,4,2026,ibm_kingston,False,full_main_quantum_stack,membership,loss_auc,0.5654
MNIST_QNN_eff_su2_r1_d2_s43,ideal_shot,128,4,2026,ibm_kingston,False,full_main_quantum_stack,membership,entropy_auc,0.5467
MNIST_QNN_eff_su2_r1_d2_s43,ideal_shot,128,4,2026,ibm_kingston,False,full_main_quantum_stack,membership,confidence_auc,0.5693
MNIST_QNN_eff_su2_r1_d2_s43,ideal_shot,128,4,2026,ibm_kingston,False,full_main_quantum_stack,membership,margin_auc,0.5757
MNIST_QNN_eff_su2_r1_d2_s43,ideal_shot,128,4,2026,ibm_kingston,False,full_main_quantum_stack,membership,correctness_auc,0.56
MNIST_QNN_eff_su2_r1_d2_s43,ideal_shot,128,4,2026,ibm_kingston,False,full_main_quantum_stack,membership,max_probability_auc,0.5693
MNIST_QNN_eff_su2_r1_d2_s43,ideal_shot,128,4,2026,ibm_kingston,False,full_main_quantum_stack,target,generalization_gap_accuracy,0.12000000476837158
MNIST_QNN_eff_su2_r1_d2_s43,ideal_shot,128,5,2026,ibm_kingston,False,full_main_quantum_stack,train,target_accuracy,0.6600000262260437
MNIST_QNN_eff_su2_r1_d2_s43,ideal_shot,128,5,2026,ibm_kingston,False,full_main_quantum_stack,train,target_loss,0.8540591597557068
MNIST_QNN_eff_su2_r1_d2_s43,ideal_shot,128,5,2026,ibm_kingston,False,full_main_quantum_stack,train,n_records,100.0
MNIST_QNN_eff_su2_r1_d2_s43,ideal_shot,128,5,2026,ibm_kingston,False,full_main_quantum_stack,test,target_accuracy,0.6299999952316284
MNIST_QNN_eff_su2_r1_d2_s43,ideal_shot,128,5,2026,ibm_kingston,False,full_main_quantum_stack,test,target_loss,0.8724396228790283
MNIST_QNN_eff_su2_r1_d2_s43,ideal_shot,128,5,2026,ibm_kingston,False,full_main_quantum_stack,test,n_records,100.0
MNIST_QNN_eff_su2_r1_d2_s43,ideal_shot,128,5,2026,ibm_kingston,False,full_main_quantum_stack,membership,loss_auc,0.5246999999999999
MNIST_QNN_eff_su2_r1_d2_s43,ideal_shot,128,5,2026,ibm_kingston,False,full_main_quantum_stack,membership,entropy_auc,0.5246999999999999
MNIST_QNN_eff_su2_r1_d2_s43,ideal_shot,128,5,2026,ibm_kingston,False,full_main_quantum_stack,membership,confidence_auc,0.5387000000000001
MNIST_QNN_eff_su2_r1_d2_s43,ideal_shot,128,5,2026,ibm_kingston,False,full_main_quantum_stack,membership,margin_auc,0.5432
MNIST_QNN_eff_su2_r1_d2_s43,ideal_shot,128,5,2026,ibm_kingston,False,full_main_quantum_stack,membership,correctness_auc,0.515
MNIST_QNN_eff_su2_r1_d2_s43,ideal_shot,128,5,2026,ibm_kingston,False,full_main_quantum_stack,membership,max_probability_auc,0.5387000000000001
MNIST_QNN_eff_su2_r1_d2_s43,ideal_shot,128,5,2026,ibm_kingston,False,full_main_quantum_stack,target,generalization_gap_accuracy,0.030000030994415283
MNIST_QNN_eff_su2_r1_d2_s43,ideal_shot,128,6,2026,ibm_kingston,False,full_main_quantum_stack,train,target_accuracy,0.6499999761581421
MNIST_QNN_eff_su2_r1_d2_s43,ideal_shot,128,6,2026,ibm_kingston,False,full_main_quantum_stack,train,target_loss,0.8398312330245972
MNIST_QNN_eff_su2_r1_d2_s43,ideal_shot,128,6,2026,ibm_kingston,False,full_main_quantum_stack,train,n_records,100.0
MNIST_QNN_eff_su2_r1_d2_s43,ideal_shot,128,6,2026,ibm_kingston,False,full_main_quantum_stack,test,target_accuracy,0.7400000095367432
MNIST_QNN_eff_su2_r1_d2_s43,ideal_shot,128,6,2026,ibm_kingston,False,full_main_quantum_stack,test,target_loss,0.6801905035972595
MNIST_QNN_eff_su2_r1_d2_s43,ideal_shot,128,6,2026,ibm_kingston,False,full_main_quantum_stack,test,n_records,100.0
MNIST_QNN_eff_su2_r1_d2_s43,ideal_shot,128,6,2026,ibm_kingston,False,full_main_quantum_stack,membership,loss_auc,0.45999999999999996
MNIST_QNN_eff_su2_r1_d2_s43,ideal_shot,128,6,2026,ibm_kingston,False,full_main_quantum_stack,membership,entropy_auc,0.5155
MNIST_QNN_eff_su2_r1_d2_s43,ideal_shot,128,6,2026,ibm_kingston,False,full_main_quantum_stack,membership,confidence_auc,0.5099
MNIST_QNN_eff_su2_r1_d2_s43,ideal_shot,128,6,2026,ibm_kingston,False,full_main_quantum_stack,membership,margin_auc,0.5076
MNIST_QNN_eff_su2_r1_d2_s43,ideal_shot,128,6,2026,ibm_kingston,False,full_main_quantum_stack,membership,correctness_auc,0.45499999999999996
MNIST_QNN_eff_su2_r1_d2_s43,ideal_shot,128,6,2026,ibm_kingston,False,full_main_quantum_stack,membership,max_probability_auc,0.5099
MNIST_QNN_eff_su2_r1_d2_s43,ideal_shot,128,6,2026,ibm_kingston,False,full_main_quantum_stack,target,generalization_gap_accuracy,-0.09000003337860107
MNIST_QNN_eff_su2_r1_d2_s43,ideal_shot,128,7,2026,ibm_kingston,False,full_main_quantum_stack,train,target_accuracy,0.6399999856948853
MNIST_QNN_eff_su2_r1_d2_s43,ideal_shot,128,7,2026,ibm_kingston,False,full_main_quantum_stack,train,target_loss,0.8459442853927612
MNIST_QNN_eff_su2_r1_d2_s43,ideal_shot,128,7,2026,ibm_kingston,False,full_main_quantum_stack,train,n_records,100.0
MNIST_QNN_eff_su2_r1_d2_s43,ideal_shot,128,7,2026,ibm_kingston,False,full_main_quantum_stack,test,target_accuracy,0.6299999952316284
MNIST_QNN_eff_su2_r1_d2_s43,ideal_shot,128,7,2026,ibm_kingston,False,full_main_quantum_stack,test,target_loss,0.8593136668205261
MNIST_QNN_eff_su2_r1_d2_s43,ideal_shot,128,7,2026,ibm_kingston,False,full_main_quantum_stack,test,n_records,100.0
MNIST_QNN_eff_su2_r1_d2_s43,ideal_shot,128,7,2026,ibm_kingston,False,full_main_quantum_stack,membership,loss_auc,0.4805
MNIST_QNN_eff_su2_r1_d2_s43,ideal_shot,128,7,2026,ibm_kingston,False,full_main_quantum_stack,membership,entropy_auc,0.4477
MNIST_QNN_eff_su2_r1_d2_s43,ideal_shot,128,7,2026,ibm_kingston,False,full_main_quantum_stack,membership,confidence_auc,0.4536
MNIST_QNN_eff_su2_r1_d2_s43,ideal_shot,128,7,2026,ibm_kingston,False,full_main_quantum_stack,membership,margin_auc,0.4612
MNIST_QNN_eff_su2_r1_d2_s43,ideal_shot,128,7,2026,ibm_kingston,False,full_main_quantum_stack,membership,correctness_auc,0.505
MNIST_QNN_eff_su2_r1_d2_s43,ideal_shot,128,7,2026,ibm_kingston,False,full_main_quantum_stack,membership,max_probability_auc,0.4536
MNIST_QNN_eff_su2_r1_d2_s43,ideal_shot,128,7,2026,ibm_kingston,False,full_main_quantum_stack,target,generalization_gap_accuracy,0.009999990463256836
MNIST_QNN_eff_su2_r1_d2_s43,ideal_shot,128,8,2026,ibm_kingston,False,full_main_quantum_stack,train,target_accuracy,0.6000000238418579
MNIST_QNN_eff_su2_r1_d2_s43,ideal_shot,128,8,2026,ibm_kingston,False,full_main_quantum_stack,train,target_loss,0.9954811930656433
MNIST_QNN_eff_su2_r1_d2_s43,ideal_shot,128,8,2026,ibm_kingston,False,full_main_quantum_stack,train,n_records,100.0
MNIST_QNN_eff_su2_r1_d2_s43,ideal_shot,128,8,2026,ibm_kingston,False,full_main_quantum_stack,test,target_accuracy,0.6000000238418579
MNIST_QNN_eff_su2_r1_d2_s43,ideal_shot,128,8,2026,ibm_kingston,False,full_main_quantum_stack,test,target_loss,0.8847328424453735
MNIST_QNN_eff_su2_r1_d2_s43,ideal_shot,128,8,2026,ibm_kingston,False,full_main_quantum_stack,test,n_records,100.0
MNIST_QNN_eff_su2_r1_d2_s43,ideal_shot,128,8,2026,ibm_kingston,False,full_main_quantum_stack,membership,loss_auc,0.4798
MNIST_QNN_eff_su2_r1_d2_s43,ideal_shot,128,8,2026,ibm_kingston,False,full_main_quantum_stack,membership,entropy_auc,0.4709
MNIST_QNN_eff_su2_r1_d2_s43,ideal_shot,128,8,2026,ibm_kingston,False,full_main_quantum_stack,membership,confidence_auc,0.4657
MNIST_QNN_eff_su2_r1_d2_s43,ideal_shot,128,8,2026,ibm_kingston,False,full_main_quantum_stack,membership,margin_auc,0.47580000000000006
MNIST_QNN_eff_su2_r1_d2_s43,ideal_shot,128,8,2026,ibm_kingston,False,full_main_quantum_stack,membership,correctness_auc,0.5
MNIST_QNN_eff_su2_r1_d2_s43,ideal_shot,128,8,2026,ibm_kingston,False,full_main_quantum_stack,membership,max_probability_auc,0.4657
MNIST_QNN_eff_su2_r1_d2_s43,ideal_shot,128,8,2026,ibm_kingston,False,full_main_quantum_stack,target,generalization_gap_accuracy,0.0
MNIST_QNN_eff_su2_r1_d2_s43,ideal_shot,128,9,2026,ibm_kingston,False,full_main_quantum_stack,train,target_accuracy,0.6399999856948853
MNIST_QNN_eff_su2_r1_d2_s43,ideal_shot,128,9,2026,ibm_kingston,False,full_main_quantum_stack,train,target_loss,0.8016517162322998
MNIST_QNN_eff_su2_r1_d2_s43,ideal_shot,128,9,2026,ibm_kingston,False,full_main_quantum_stack,train,n_records,100.0
MNIST_QNN_eff_su2_r1_d2_s43,ideal_shot,128,9,2026,ibm_kingston,False,full_main_quantum_stack,test,target_accuracy,0.6299999952316284
MNIST_QNN_eff_su2_r1_d2_s43,ideal_shot,128,9,2026,ibm_kingston,False,full_main_quantum_stack,test,target_loss,0.8282614946365356
MNIST_QNN_eff_su2_r1_d2_s43,ideal_shot,128,9,2026,ibm_kingston,False,full_main_quantum_stack,test,n_records,100.0
MNIST_QNN_eff_su2_r1_d2_s43,ideal_shot,128,9,2026,ibm_kingston,False,full_main_quantum_stack,membership,loss_auc,0.4988
MNIST_QNN_eff_su2_r1_d2_s43,ideal_shot,128,9,2026,ibm_kingston,False,full_main_quantum_stack,membership,entropy_auc,0.4774
MNIST_QNN_eff_su2_r1_d2_s43,ideal_shot,128,9,2026,ibm_kingston,False,full_main_quantum_stack,membership,confidence_auc,0.48989999999999995
MNIST_QNN_eff_su2_r1_d2_s43,ideal_shot,128,9,2026,ibm_kingston,False,full_main_quantum_stack,membership,margin_auc,0.4989
MNIST_QNN_eff_su2_r1_d2_s43,ideal_shot,128,9,2026,ibm_kingston,False,full_main_quantum_stack,membership,correctness_auc,0.505
MNIST_QNN_eff_su2_r1_d2_s43,ideal_shot,128,9,2026,ibm_kingston,False,full_main_quantum_stack,membership,max_probability_auc,0.48989999999999995
MNIST_QNN_eff_su2_r1_d2_s43,ideal_shot,128,9,2026,ibm_kingston,False,full_main_quantum_stack,target,generalization_gap_accuracy,0.009999990463256836
MNIST_QNN_eff_su2_r1_d2_s43,ideal_shot,512,0,2026,ibm_kingston,False,full_main_quantum_stack,train,target_accuracy,0.75
MNIST_QNN_eff_su2_r1_d2_s43,ideal_shot,512,0,2026,ibm_kingston,False,full_main_quantum_stack,train,target_loss,0.6254428029060364
MNIST_QNN_eff_su2_r1_d2_s43,ideal_shot,512,0,2026,ibm_kingston,False,full_main_quantum_stack,train,n_records,100.0
MNIST_QNN_eff_su2_r1_d2_s43,ideal_shot,512,0,2026,ibm_kingston,False,full_main_quantum_stack,test,target_accuracy,0.7599999904632568
MNIST_QNN_eff_su2_r1_d2_s43,ideal_shot,512,0,2026,ibm_kingston,False,full_main_quantum_stack,test,target_loss,0.6354713439941406
MNIST_QNN_eff_su2_r1_d2_s43,ideal_shot,512,0,2026,ibm_kingston,False,full_main_quantum_stack,test,n_records,100.0
MNIST_QNN_eff_su2_r1_d2_s43,ideal_shot,512,0,2026,ibm_kingston,False,full_main_quantum_stack,membership,loss_auc,0.47900000000000004
MNIST_QNN_eff_su2_r1_d2_s43,ideal_shot,512,0,2026,ibm_kingston,False,full_main_quantum_stack,membership,entropy_auc,0.45589999999999997
MNIST_QNN_eff_su2_r1_d2_s43,ideal_shot,512,0,2026,ibm_kingston,False,full_main_quantum_stack,membership,confidence_auc,0.4624
MNIST_QNN_eff_su2_r1_d2_s43,ideal_shot,512,0,2026,ibm_kingston,False,full_main_quantum_stack,membership,margin_auc,0.4682
MNIST_QNN_eff_su2_r1_d2_s43,ideal_shot,512,0,2026,ibm_kingston,False,full_main_quantum_stack,membership,correctness_auc,0.495
MNIST_QNN_eff_su2_r1_d2_s43,ideal_shot,512,0,2026,ibm_kingston,False,full_main_quantum_stack,membership,max_probability_auc,0.4624
MNIST_QNN_eff_su2_r1_d2_s43,ideal_shot,512,0,2026,ibm_kingston,False,full_main_quantum_stack,target,generalization_gap_accuracy,-0.009999990463256836
MNIST_QNN_eff_su2_r1_d2_s43,ideal_shot,512,1,2026,ibm_kingston,False,full_main_quantum_stack,train,target_accuracy,0.7900000214576721
MNIST_QNN_eff_su2_r1_d2_s43,ideal_shot,512,1,2026,ibm_kingston,False,full_main_quantum_stack,train,target_loss,0.591902494430542
MNIST_QNN_eff_su2_r1_d2_s43,ideal_shot,512,1,2026,ibm_kingston,False,full_main_quantum_stack,train,n_records,100.0
MNIST_QNN_eff_su2_r1_d2_s43,ideal_shot,512,1,2026,ibm_kingston,False,full_main_quantum_stack,test,target_accuracy,0.6700000166893005
MNIST_QNN_eff_su2_r1_d2_s43,ideal_shot,512,1,2026,ibm_kingston,False,full_main_quantum_stack,test,target_loss,0.7450042963027954
MNIST_QNN_eff_su2_r1_d2_s43,ideal_shot,512,1,2026,ibm_kingston,False,full_main_quantum_stack,test,n_records,100.0
MNIST_QNN_eff_su2_r1_d2_s43,ideal_shot,512,1,2026,ibm_kingston,False,full_main_quantum_stack,membership,loss_auc,0.5592
MNIST_QNN_eff_su2_r1_d2_s43,ideal_shot,512,1,2026,ibm_kingston,False,full_main_quantum_stack,membership,entropy_auc,0.5388
MNIST_QNN_eff_su2_r1_d2_s43,ideal_shot,512,1,2026,ibm_kingston,False,full_main_quantum_stack,membership,confidence_auc,0.5232
MNIST_QNN_eff_su2_r1_d2_s43,ideal_shot,512,1,2026,ibm_kingston,False,full_main_quantum_stack,membership,margin_auc,0.518
MNIST_QNN_eff_su2_r1_d2_s43,ideal_shot,512,1,2026,ibm_kingston,False,full_main_quantum_stack,membership,correctness_auc,0.56
MNIST_QNN_eff_su2_r1_d2_s43,ideal_shot,512,1,2026,ibm_kingston,False,full_main_quantum_stack,membership,max_probability_auc,0.5232
MNIST_QNN_eff_su2_r1_d2_s43,ideal_shot,512,1,2026,ibm_kingston,False,full_main_quantum_stack,target,generalization_gap_accuracy,0.12000000476837158
MNIST_QNN_eff_su2_r1_d2_s43,ideal_shot,512,2,2026,ibm_kingston,False,full_main_quantum_stack,train,target_accuracy,0.7599999904632568
MNIST_QNN_eff_su2_r1_d2_s43,ideal_shot,512,2,2026,ibm_kingston,False,full_main_quantum_stack,train,target_loss,0.644355297088623
MNIST_QNN_eff_su2_r1_d2_s43,ideal_shot,512,2,2026,ibm_kingston,False,full_main_quantum_stack,train,n_records,100.0
MNIST_QNN_eff_su2_r1_d2_s43,ideal_shot,512,2,2026,ibm_kingston,False,full_main_quantum_stack,test,target_accuracy,0.7200000286102295
MNIST_QNN_eff_su2_r1_d2_s43,ideal_shot,512,2,2026,ibm_kingston,False,full_main_quantum_stack,test,target_loss,0.6611857414245605
MNIST_QNN_eff_su2_r1_d2_s43,ideal_shot,512,2,2026,ibm_kingston,False,full_main_quantum_stack,test,n_records,100.0
MNIST_QNN_eff_su2_r1_d2_s43,ideal_shot,512,2,2026,ibm_kingston,False,full_main_quantum_stack,membership,loss_auc,0.47989999999999994
MNIST_QNN_eff_su2_r1_d2_s43,ideal_shot,512,2,2026,ibm_kingston,False,full_main_quantum_stack,membership,entropy_auc,0.4424
MNIST_QNN_eff_su2_r1_d2_s43,ideal_shot,512,2,2026,ibm_kingston,False,full_main_quantum_stack,membership,confidence_auc,0.444
MNIST_QNN_eff_su2_r1_d2_s43,ideal_shot,512,2,2026,ibm_kingston,False,full_main_quantum_stack,membership,margin_auc,0.44589999999999996
MNIST_QNN_eff_su2_r1_d2_s43,ideal_shot,512,2,2026,ibm_kingston,False,full_main_quantum_stack,membership,correctness_auc,0.52
MNIST_QNN_eff_su2_r1_d2_s43,ideal_shot,512,2,2026,ibm_kingston,False,full_main_quantum_stack,membership,max_probability_auc,0.444
MNIST_QNN_eff_su2_r1_d2_s43,ideal_shot,512,2,2026,ibm_kingston,False,full_main_quantum_stack,target,generalization_gap_accuracy,0.039999961853027344
MNIST_QNN_eff_su2_r1_d2_s43,ideal_shot,512,3,2026,ibm_kingston,False,full_main_quantum_stack,train,target_accuracy,0.6899999976158142
MNIST_QNN_eff_su2_r1_d2_s43,ideal_shot,512,3,2026,ibm_kingston,False,full_main_quantum_stack,train,target_loss,0.6281254291534424
MNIST_QNN_eff_su2_r1_d2_s43,ideal_shot,512,3,2026,ibm_kingston,False,full_main_quantum_stack,train,n_records,100.0
MNIST_QNN_eff_su2_r1_d2_s43,ideal_shot,512,3,2026,ibm_kingston,False,full_main_quantum_stack,test,target_accuracy,0.75
MNIST_QNN_eff_su2_r1_d2_s43,ideal_shot,512,3,2026,ibm_kingston,False,full_main_quantum_stack,test,target_loss,0.6374372839927673
MNIST_QNN_eff_su2_r1_d2_s43,ideal_shot,512,3,2026,ibm_kingston,False,full_main_quantum_stack,test,n_records,100.0
MNIST_QNN_eff_su2_r1_d2_s43,ideal_shot,512,3,2026,ibm_kingston,False,full_main_quantum_stack,membership,loss_auc,0.48450000000000004
MNIST_QNN_eff_su2_r1_d2_s43,ideal_shot,512,3,2026,ibm_kingston,False,full_main_quantum_stack,membership,entropy_auc,0.463
MNIST_QNN_eff_su2_r1_d2_s43,ideal_shot,512,3,2026,ibm_kingston,False,full_main_quantum_stack,membership,confidence_auc,0.4555
MNIST_QNN_eff_su2_r1_d2_s43,ideal_shot,512,3,2026,ibm_kingston,False,full_main_quantum_stack,membership,margin_auc,0.45330000000000004
MNIST_QNN_eff_su2_r1_d2_s43,ideal_shot,512,3,2026,ibm_kingston,False,full_main_quantum_stack,membership,correctness_auc,0.47
MNIST_QNN_eff_su2_r1_d2_s43,ideal_shot,512,3,2026,ibm_kingston,False,full_main_quantum_stack,membership,max_probability_auc,0.4555
MNIST_QNN_eff_su2_r1_d2_s43,ideal_shot,512,3,2026,ibm_kingston,False,full_main_quantum_stack,target,generalization_gap_accuracy,-0.06000000238418579
MNIST_QNN_eff_su2_r1_d2_s43,ideal_shot,512,4,2026,ibm_kingston,False,full_main_quantum_stack,train,target_accuracy,0.75
MNIST_QNN_eff_su2_r1_d2_s43,ideal_shot,512,4,2026,ibm_kingston,False,full_main_quantum_stack,train,target_loss,0.5948281288146973
MNIST_QNN_eff_su2_r1_d2_s43,ideal_shot,512,4,2026,ibm_kingston,False,full_main_quantum_stack,train,n_records,100.0
MNIST_QNN_eff_su2_r1_d2_s43,ideal_shot,512,4,2026,ibm_kingston,False,full_main_quantum_stack,test,target_accuracy,0.7300000190734863
MNIST_QNN_eff_su2_r1_d2_s43,ideal_shot,512,4,2026,ibm_kingston,False,full_main_quantum_stack,test,target_loss,0.7334644198417664
MNIST_QNN_eff_su2_r1_d2_s43,ideal_shot,512,4,2026,ibm_kingston,False,full_main_quantum_stack,test,n_records,100.0
MNIST_QNN_eff_su2_r1_d2_s43,ideal_shot,512,4,2026,ibm_kingston,False,full_main_quantum_stack,membership,loss_auc,0.5362
MNIST_QNN_eff_su2_r1_d2_s43,ideal_shot,512,4,2026,ibm_kingston,False,full_main_quantum_stack,membership,entropy_auc,0.5223
MNIST_QNN_eff_su2_r1_d2_s43,ideal_shot,512,4,2026,ibm_kingston,False,full_main_quantum_stack,membership,confidence_auc,0.5231999999999999
MNIST_QNN_eff_su2_r1_d2_s43,ideal_shot,512,4,2026,ibm_kingston,False,full_main_quantum_stack,membership,margin_auc,0.5328
MNIST_QNN_eff_su2_r1_d2_s43,ideal_shot,512,4,2026,ibm_kingston,False,full_main_quantum_stack,membership,correctness_auc,0.51
MNIST_QNN_eff_su2_r1_d2_s43,ideal_shot,512,4,2026,ibm_kingston,False,full_main_quantum_stack,membership,max_probability_auc,0.5231999999999999
MNIST_QNN_eff_su2_r1_d2_s43,ideal_shot,512,4,2026,ibm_kingston,False,full_main_quantum_stack,target,generalization_gap_accuracy,0.019999980926513672
MNIST_QNN_eff_su2_r1_d2_s43,ideal_shot,512,5,2026,ibm_kingston,False,full_main_quantum_stack,train,target_accuracy,0.7699999809265137
MNIST_QNN_eff_su2_r1_d2_s43,ideal_shot,512,5,2026,ibm_kingston,False,full_main_quantum_stack,train,target_loss,0.5928910970687866
MNIST_QNN_eff_su2_r1_d2_s43,ideal_shot,512,5,2026,ibm_kingston,False,full_main_quantum_stack,train,n_records,100.0
MNIST_QNN_eff_su2_r1_d2_s43,ideal_shot,512,5,2026,ibm_kingston,False,full_main_quantum_stack,test,target_accuracy,0.6600000262260437
MNIST_QNN_eff_su2_r1_d2_s43,ideal_shot,512,5,2026,ibm_kingston,False,full_main_quantum_stack,test,target_loss,0.6964098215103149
MNIST_QNN_eff_su2_r1_d2_s43,ideal_shot,512,5,2026,ibm_kingston,False,full_main_quantum_stack,test,n_records,100.0
MNIST_QNN_eff_su2_r1_d2_s43,ideal_shot,512,5,2026,ibm_kingston,False,full_main_quantum_stack,membership,loss_auc,0.5364
MNIST_QNN_eff_su2_r1_d2_s43,ideal_shot,512,5,2026,ibm_kingston,False,full_main_quantum_stack,membership,entropy_auc,0.49160000000000004
MNIST_QNN_eff_su2_r1_d2_s43,ideal_shot,512,5,2026,ibm_kingston,False,full_main_quantum_stack,membership,confidence_auc,0.4927
MNIST_QNN_eff_su2_r1_d2_s43,ideal_shot,512,5,2026,ibm_kingston,False,full_main_quantum_stack,membership,margin_auc,0.4948000000000001
MNIST_QNN_eff_su2_r1_d2_s43,ideal_shot,512,5,2026,ibm_kingston,False,full_main_quantum_stack,membership,correctness_auc,0.5549999999999999
MNIST_QNN_eff_su2_r1_d2_s43,ideal_shot,512,5,2026,ibm_kingston,False,full_main_quantum_stack,membership,max_probability_auc,0.4927
MNIST_QNN_eff_su2_r1_d2_s43,ideal_shot,512,5,2026,ibm_kingston,False,full_main_quantum_stack,target,generalization_gap_accuracy,0.10999995470046997
MNIST_QNN_eff_su2_r1_d2_s43,ideal_shot,512,6,2026,ibm_kingston,False,full_main_quantum_stack,train,target_accuracy,0.75
MNIST_QNN_eff_su2_r1_d2_s43,ideal_shot,512,6,2026,ibm_kingston,False,full_main_quantum_stack,train,target_loss,0.595490038394928
MNIST_QNN_eff_su2_r1_d2_s43,ideal_shot,512,6,2026,ibm_kingston,False,full_main_quantum_stack,train,n_records,100.0
MNIST_QNN_eff_su2_r1_d2_s43,ideal_shot,512,6,2026,ibm_kingston,False,full_main_quantum_stack,test,target_accuracy,0.7300000190734863
MNIST_QNN_eff_su2_r1_d2_s43,ideal_shot,512,6,2026,ibm_kingston,False,full_main_quantum_stack,test,target_loss,0.6558166742324829
MNIST_QNN_eff_su2_r1_d2_s43,ideal_shot,512,6,2026,ibm_kingston,False,full_main_quantum_stack,test,n_records,100.0
MNIST_QNN_eff_su2_r1_d2_s43,ideal_shot,512,6,2026,ibm_kingston,False,full_main_quantum_stack,membership,loss_auc,0.5134000000000001
MNIST_QNN_eff_su2_r1_d2_s43,ideal_shot,512,6,2026,ibm_kingston,False,full_main_quantum_stack,membership,entropy_auc,0.4888
MNIST_QNN_eff_su2_r1_d2_s43,ideal_shot,512,6,2026,ibm_kingston,False,full_main_quantum_stack,membership,confidence_auc,0.4967
MNIST_QNN_eff_su2_r1_d2_s43,ideal_shot,512,6,2026,ibm_kingston,False,full_main_quantum_stack,membership,margin_auc,0.4898
MNIST_QNN_eff_su2_r1_d2_s43,ideal_shot,512,6,2026,ibm_kingston,False,full_main_quantum_stack,membership,correctness_auc,0.51
MNIST_QNN_eff_su2_r1_d2_s43,ideal_shot,512,6,2026,ibm_kingston,False,full_main_quantum_stack,membership,max_probability_auc,0.4967
MNIST_QNN_eff_su2_r1_d2_s43,ideal_shot,512,6,2026,ibm_kingston,False,full_main_quantum_stack,target,generalization_gap_accuracy,0.019999980926513672
MNIST_QNN_eff_su2_r1_d2_s43,ideal_shot,512,7,2026,ibm_kingston,False,full_main_quantum_stack,train,target_accuracy,0.6899999976158142
MNIST_QNN_eff_su2_r1_d2_s43,ideal_shot,512,7,2026,ibm_kingston,False,full_main_quantum_stack,train,target_loss,0.6363093852996826
MNIST_QNN_eff_su2_r1_d2_s43,ideal_shot,512,7,2026,ibm_kingston,False,full_main_quantum_stack,train,n_records,100.0
MNIST_QNN_eff_su2_r1_d2_s43,ideal_shot,512,7,2026,ibm_kingston,False,full_main_quantum_stack,test,target_accuracy,0.7099999785423279
MNIST_QNN_eff_su2_r1_d2_s43,ideal_shot,512,7,2026,ibm_kingston,False,full_main_quantum_stack,test,target_loss,0.6852728128433228
MNIST_QNN_eff_su2_r1_d2_s43,ideal_shot,512,7,2026,ibm_kingston,False,full_main_quantum_stack,test,n_records,100.0
MNIST_QNN_eff_su2_r1_d2_s43,ideal_shot,512,7,2026,ibm_kingston,False,full_main_quantum_stack,membership,loss_auc,0.5034000000000001
MNIST_QNN_eff_su2_r1_d2_s43,ideal_shot,512,7,2026,ibm_kingston,False,full_main_quantum_stack,membership,entropy_auc,0.49210000000000004
MNIST_QNN_eff_su2_r1_d2_s43,ideal_shot,512,7,2026,ibm_kingston,False,full_main_quantum_stack,membership,confidence_auc,0.5023
MNIST_QNN_eff_su2_r1_d2_s43,ideal_shot,512,7,2026,ibm_kingston,False,full_main_quantum_stack,membership,margin_auc,0.5112
MNIST_QNN_eff_su2_r1_d2_s43,ideal_shot,512,7,2026,ibm_kingston,False,full_main_quantum_stack,membership,correctness_auc,0.49
MNIST_QNN_eff_su2_r1_d2_s43,ideal_shot,512,7,2026,ibm_kingston,False,full_main_quantum_stack,membership,max_probability_auc,0.5023
MNIST_QNN_eff_su2_r1_d2_s43,ideal_shot,512,7,2026,ibm_kingston,False,full_main_quantum_stack,target,generalization_gap_accuracy,-0.019999980926513672
MNIST_QNN_eff_su2_r1_d2_s43,ideal_shot,512,8,2026,ibm_kingston,False,full_main_quantum_stack,train,target_accuracy,0.7599999904632568
MNIST_QNN_eff_su2_r1_d2_s43,ideal_shot,512,8,2026,ibm_kingston,False,full_main_quantum_stack,train,target_loss,0.6042262315750122
MNIST_QNN_eff_su2_r1_d2_s43,ideal_shot,512,8,2026,ibm_kingston,False,full_main_quantum_stack,train,n_records,100.0
MNIST_QNN_eff_su2_r1_d2_s43,ideal_shot,512,8,2026,ibm_kingston,False,full_main_quantum_stack,test,target_accuracy,0.7599999904632568
MNIST_QNN_eff_su2_r1_d2_s43,ideal_shot,512,8,2026,ibm_kingston,False,full_main_quantum_stack,test,target_loss,0.6638046503067017
MNIST_QNN_eff_su2_r1_d2_s43,ideal_shot,512,8,2026,ibm_kingston,False,full_main_quantum_stack,test,n_records,100.0
MNIST_QNN_eff_su2_r1_d2_s43,ideal_shot,512,8,2026,ibm_kingston,False,full_main_quantum_stack,membership,loss_auc,0.51
MNIST_QNN_eff_su2_r1_d2_s43,ideal_shot,512,8,2026,ibm_kingston,False,full_main_quantum_stack,membership,entropy_auc,0.4991
MNIST_QNN_eff_su2_r1_d2_s43,ideal_shot,512,8,2026,ibm_kingston,False,full_main_quantum_stack,membership,confidence_auc,0.4985
MNIST_QNN_eff_su2_r1_d2_s43,ideal_shot,512,8,2026,ibm_kingston,False,full_main_quantum_stack,membership,margin_auc,0.4982000000000001
MNIST_QNN_eff_su2_r1_d2_s43,ideal_shot,512,8,2026,ibm_kingston,False,full_main_quantum_stack,membership,correctness_auc,0.5
MNIST_QNN_eff_su2_r1_d2_s43,ideal_shot,512,8,2026,ibm_kingston,False,full_main_quantum_stack,membership,max_probability_auc,0.4985
MNIST_QNN_eff_su2_r1_d2_s43,ideal_shot,512,8,2026,ibm_kingston,False,full_main_quantum_stack,target,generalization_gap_accuracy,0.0
MNIST_QNN_eff_su2_r1_d2_s43,ideal_shot,512,9,2026,ibm_kingston,False,full_main_quantum_stack,train,target_accuracy,0.75
MNIST_QNN_eff_su2_r1_d2_s43,ideal_shot,512,9,2026,ibm_kingston,False,full_main_quantum_stack,train,target_loss,0.6239169836044312
MNIST_QNN_eff_su2_r1_d2_s43,ideal_shot,512,9,2026,ibm_kingston,False,full_main_quantum_stack,train,n_records,100.0
MNIST_QNN_eff_su2_r1_d2_s43,ideal_shot,512,9,2026,ibm_kingston,False,full_main_quantum_stack,test,target_accuracy,0.7099999785423279
MNIST_QNN_eff_su2_r1_d2_s43,ideal_shot,512,9,2026,ibm_kingston,False,full_main_quantum_stack,test,target_loss,0.6267009973526001
MNIST_QNN_eff_su2_r1_d2_s43,ideal_shot,512,9,2026,ibm_kingston,False,full_main_quantum_stack,test,n_records,100.0
MNIST_QNN_eff_su2_r1_d2_s43,ideal_shot,512,9,2026,ibm_kingston,False,full_main_quantum_stack,membership,loss_auc,0.4876
MNIST_QNN_eff_su2_r1_d2_s43,ideal_shot,512,9,2026,ibm_kingston,False,full_main_quantum_stack,membership,entropy_auc,0.47690000000000005
MNIST_QNN_eff_su2_r1_d2_s43,ideal_shot,512,9,2026,ibm_kingston,False,full_main_quantum_stack,membership,confidence_auc,0.4634999999999999
MNIST_QNN_eff_su2_r1_d2_s43,ideal_shot,512,9,2026,ibm_kingston,False,full_main_quantum_stack,membership,margin_auc,0.461
MNIST_QNN_eff_su2_r1_d2_s43,ideal_shot,512,9,2026,ibm_kingston,False,full_main_quantum_stack,membership,correctness_auc,0.52
MNIST_QNN_eff_su2_r1_d2_s43,ideal_shot,512,9,2026,ibm_kingston,False,full_main_quantum_stack,membership,max_probability_auc,0.4634999999999999
MNIST_QNN_eff_su2_r1_d2_s43,ideal_shot,512,9,2026,ibm_kingston,False,full_main_quantum_stack,target,generalization_gap_accuracy,0.04000002145767212
MNIST_QNN_eff_su2_r1_d2_s43,ideal_shot,1024,0,2026,ibm_kingston,False,full_main_quantum_stack,train,target_accuracy,0.800000011920929
MNIST_QNN_eff_su2_r1_d2_s43,ideal_shot,1024,0,2026,ibm_kingston,False,full_main_quantum_stack,train,target_loss,0.5802887082099915
MNIST_QNN_eff_su2_r1_d2_s43,ideal_shot,1024,0,2026,ibm_kingston,False,full_main_quantum_stack,train,n_records,100.0
MNIST_QNN_eff_su2_r1_d2_s43,ideal_shot,1024,0,2026,ibm_kingston,False,full_main_quantum_stack,test,target_accuracy,0.7900000214576721
MNIST_QNN_eff_su2_r1_d2_s43,ideal_shot,1024,0,2026,ibm_kingston,False,full_main_quantum_stack,test,target_loss,0.6394059658050537
MNIST_QNN_eff_su2_r1_d2_s43,ideal_shot,1024,0,2026,ibm_kingston,False,full_main_quantum_stack,test,n_records,100.0
MNIST_QNN_eff_su2_r1_d2_s43,ideal_shot,1024,0,2026,ibm_kingston,False,full_main_quantum_stack,membership,loss_auc,0.5032000000000001
MNIST_QNN_eff_su2_r1_d2_s43,ideal_shot,1024,0,2026,ibm_kingston,False,full_main_quantum_stack,membership,entropy_auc,0.47230000000000005
MNIST_QNN_eff_su2_r1_d2_s43,ideal_shot,1024,0,2026,ibm_kingston,False,full_main_quantum_stack,membership,confidence_auc,0.4692
MNIST_QNN_eff_su2_r1_d2_s43,ideal_shot,1024,0,2026,ibm_kingston,False,full_main_quantum_stack,membership,margin_auc,0.47200000000000003
MNIST_QNN_eff_su2_r1_d2_s43,ideal_shot,1024,0,2026,ibm_kingston,False,full_main_quantum_stack,membership,correctness_auc,0.505
MNIST_QNN_eff_su2_r1_d2_s43,ideal_shot,1024,0,2026,ibm_kingston,False,full_main_quantum_stack,membership,max_probability_auc,0.4692
MNIST_QNN_eff_su2_r1_d2_s43,ideal_shot,1024,0,2026,ibm_kingston,False,full_main_quantum_stack,target,generalization_gap_accuracy,0.009999990463256836
MNIST_QNN_eff_su2_r1_d2_s43,ideal_shot,1024,1,2026,ibm_kingston,False,full_main_quantum_stack,train,target_accuracy,0.75
MNIST_QNN_eff_su2_r1_d2_s43,ideal_shot,1024,1,2026,ibm_kingston,False,full_main_quantum_stack,train,target_loss,0.5929290652275085
MNIST_QNN_eff_su2_r1_d2_s43,ideal_shot,1024,1,2026,ibm_kingston,False,full_main_quantum_stack,train,n_records,100.0
MNIST_QNN_eff_su2_r1_d2_s43,ideal_shot,1024,1,2026,ibm_kingston,False,full_main_quantum_stack,test,target_accuracy,0.699999988079071
MNIST_QNN_eff_su2_r1_d2_s43,ideal_shot,1024,1,2026,ibm_kingston,False,full_main_quantum_stack,test,target_loss,0.6543799042701721
MNIST_QNN_eff_su2_r1_d2_s43,ideal_shot,1024,1,2026,ibm_kingston,False,full_main_quantum_stack,test,n_records,100.0
MNIST_QNN_eff_su2_r1_d2_s43,ideal_shot,1024,1,2026,ibm_kingston,False,full_main_quantum_stack,membership,loss_auc,0.5255
MNIST_QNN_eff_su2_r1_d2_s43,ideal_shot,1024,1,2026,ibm_kingston,False,full_main_quantum_stack,membership,entropy_auc,0.5034000000000001
MNIST_QNN_eff_su2_r1_d2_s43,ideal_shot,1024,1,2026,ibm_kingston,False,full_main_quantum_stack,membership,confidence_auc,0.4940000000000001
MNIST_QNN_eff_su2_r1_d2_s43,ideal_shot,1024,1,2026,ibm_kingston,False,full_main_quantum_stack,membership,margin_auc,0.4933
MNIST_QNN_eff_su2_r1_d2_s43,ideal_shot,1024,1,2026,ibm_kingston,False,full_main_quantum_stack,membership,correctness_auc,0.525
MNIST_QNN_eff_su2_r1_d2_s43,ideal_shot,1024,1,2026,ibm_kingston,False,full_main_quantum_stack,membership,max_probability_auc,0.4940000000000001
MNIST_QNN_eff_su2_r1_d2_s43,ideal_shot,1024,1,2026,ibm_kingston,False,full_main_quantum_stack,target,generalization_gap_accuracy,0.050000011920928955
MNIST_QNN_eff_su2_r1_d2_s43,ideal_shot,1024,2,2026,ibm_kingston,False,full_main_quantum_stack,train,target_accuracy,0.7599999904632568
MNIST_QNN_eff_su2_r1_d2_s43,ideal_shot,1024,2,2026,ibm_kingston,False,full_main_quantum_stack,train,target_loss,0.6191550493240356
MNIST_QNN_eff_su2_r1_d2_s43,ideal_shot,1024,2,2026,ibm_kingston,False,full_main_quantum_stack,train,n_records,100.0
MNIST_QNN_eff_su2_r1_d2_s43,ideal_shot,1024,2,2026,ibm_kingston,False,full_main_quantum_stack,test,target_accuracy,0.7599999904632568
MNIST_QNN_eff_su2_r1_d2_s43,ideal_shot,1024,2,2026,ibm_kingston,False,full_main_quantum_stack,test,target_loss,0.6132240891456604
MNIST_QNN_eff_su2_r1_d2_s43,ideal_shot,1024,2,2026,ibm_kingston,False,full_main_quantum_stack,test,n_records,100.0
MNIST_QNN_eff_su2_r1_d2_s43,ideal_shot,1024,2,2026,ibm_kingston,False,full_main_quantum_stack,membership,loss_auc,0.4732
MNIST_QNN_eff_su2_r1_d2_s43,ideal_shot,1024,2,2026,ibm_kingston,False,full_main_quantum_stack,membership,entropy_auc,0.4577
MNIST_QNN_eff_su2_r1_d2_s43,ideal_shot,1024,2,2026,ibm_kingston,False,full_main_quantum_stack,membership,confidence_auc,0.46140000000000003
MNIST_QNN_eff_su2_r1_d2_s43,ideal_shot,1024,2,2026,ibm_kingston,False,full_main_quantum_stack,membership,margin_auc,0.4724
MNIST_QNN_eff_su2_r1_d2_s43,ideal_shot,1024,2,2026,ibm_kingston,False,full_main_quantum_stack,membership,correctness_auc,0.5
MNIST_QNN_eff_su2_r1_d2_s43,ideal_shot,1024,2,2026,ibm_kingston,False,full_main_quantum_stack,membership,max_probability_auc,0.46140000000000003
MNIST_QNN_eff_su2_r1_d2_s43,ideal_shot,1024,2,2026,ibm_kingston,False,full_main_quantum_stack,target,generalization_gap_accuracy,0.0
MNIST_QNN_eff_su2_r1_d2_s43,ideal_shot,1024,3,2026,ibm_kingston,False,full_main_quantum_stack,train,target_accuracy,0.7300000190734863
MNIST_QNN_eff_su2_r1_d2_s43,ideal_shot,1024,3,2026,ibm_kingston,False,full_main_quantum_stack,train,target_loss,0.5835654735565186
MNIST_QNN_eff_su2_r1_d2_s43,ideal_shot,1024,3,2026,ibm_kingston,False,full_main_quantum_stack,train,n_records,100.0
MNIST_QNN_eff_su2_r1_d2_s43,ideal_shot,1024,3,2026,ibm_kingston,False,full_main_quantum_stack,test,target_accuracy,0.7699999809265137
MNIST_QNN_eff_su2_r1_d2_s43,ideal_shot,1024,3,2026,ibm_kingston,False,full_main_quantum_stack,test,target_loss,0.6171984672546387
MNIST_QNN_eff_su2_r1_d2_s43,ideal_shot,1024,3,2026,ibm_kingston,False,full_main_quantum_stack,test,n_records,100.0
MNIST_QNN_eff_su2_r1_d2_s43,ideal_shot,1024,3,2026,ibm_kingston,False,full_main_quantum_stack,membership,loss_auc,0.49160000000000004
MNIST_QNN_eff_su2_r1_d2_s43,ideal_shot,1024,3,2026,ibm_kingston,False,full_main_quantum_stack,membership,entropy_auc,0.4634999999999999
MNIST_QNN_eff_su2_r1_d2_s43,ideal_shot,1024,3,2026,ibm_kingston,False,full_main_quantum_stack,membership,confidence_auc,0.44730000000000003
MNIST_QNN_eff_su2_r1_d2_s43,ideal_shot,1024,3,2026,ibm_kingston,False,full_main_quantum_stack,membership,margin_auc,0.44409999999999994
MNIST_QNN_eff_su2_r1_d2_s43,ideal_shot,1024,3,2026,ibm_kingston,False,full_main_quantum_stack,membership,correctness_auc,0.48
MNIST_QNN_eff_su2_r1_d2_s43,ideal_shot,1024,3,2026,ibm_kingston,False,full_main_quantum_stack,membership,max_probability_auc,0.44730000000000003
MNIST_QNN_eff_su2_r1_d2_s43,ideal_shot,1024,3,2026,ibm_kingston,False,full_main_quantum_stack,target,generalization_gap_accuracy,-0.039999961853027344
MNIST_QNN_eff_su2_r1_d2_s43,ideal_shot,1024,4,2026,ibm_kingston,False,full_main_quantum_stack,train,target_accuracy,0.7599999904632568
MNIST_QNN_eff_su2_r1_d2_s43,ideal_shot,1024,4,2026,ibm_kingston,False,full_main_quantum_stack,train,target_loss,0.5421941876411438
MNIST_QNN_eff_su2_r1_d2_s43,ideal_shot,1024,4,2026,ibm_kingston,False,full_main_quantum_stack,train,n_records,100.0
MNIST_QNN_eff_su2_r1_d2_s43,ideal_shot,1024,4,2026,ibm_kingston,False,full_main_quantum_stack,test,target_accuracy,0.7300000190734863
MNIST_QNN_eff_su2_r1_d2_s43,ideal_shot,1024,4,2026,ibm_kingston,False,full_main_quantum_stack,test,target_loss,0.6700907349586487
MNIST_QNN_eff_su2_r1_d2_s43,ideal_shot,1024,4,2026,ibm_kingston,False,full_main_quantum_stack,test,n_records,100.0
MNIST_QNN_eff_su2_r1_d2_s43,ideal_shot,1024,4,2026,ibm_kingston,False,full_main_quantum_stack,membership,loss_auc,0.5414
MNIST_QNN_eff_su2_r1_d2_s43,ideal_shot,1024,4,2026,ibm_kingston,False,full_main_quantum_stack,membership,entropy_auc,0.5083
MNIST_QNN_eff_su2_r1_d2_s43,ideal_shot,1024,4,2026,ibm_kingston,False,full_main_quantum_stack,membership,confidence_auc,0.52
MNIST_QNN_eff_su2_r1_d2_s43,ideal_shot,1024,4,2026,ibm_kingston,False,full_main_quantum_stack,membership,margin_auc,0.5279
MNIST_QNN_eff_su2_r1_d2_s43,ideal_shot,1024,4,2026,ibm_kingston,False,full_main_quantum_stack,membership,correctness_auc,0.515
MNIST_QNN_eff_su2_r1_d2_s43,ideal_shot,1024,4,2026,ibm_kingston,False,full_main_quantum_stack,membership,max_probability_auc,0.52
MNIST_QNN_eff_su2_r1_d2_s43,ideal_shot,1024,4,2026,ibm_kingston,False,full_main_quantum_stack,target,generalization_gap_accuracy,0.029999971389770508
MNIST_QNN_eff_su2_r1_d2_s43,ideal_shot,1024,5,2026,ibm_kingston,False,full_main_quantum_stack,train,target_accuracy,0.75
MNIST_QNN_eff_su2_r1_d2_s43,ideal_shot,1024,5,2026,ibm_kingston,False,full_main_quantum_stack,train,target_loss,0.5682133436203003
MNIST_QNN_eff_su2_r1_d2_s43,ideal_shot,1024,5,2026,ibm_kingston,False,full_main_quantum_stack,train,n_records,100.0
MNIST_QNN_eff_su2_r1_d2_s43,ideal_shot,1024,5,2026,ibm_kingston,False,full_main_quantum_stack,test,target_accuracy,0.7300000190734863
MNIST_QNN_eff_su2_r1_d2_s43,ideal_shot,1024,5,2026,ibm_kingston,False,full_main_quantum_stack,test,target_loss,0.6396446824073792
MNIST_QNN_eff_su2_r1_d2_s43,ideal_shot,1024,5,2026,ibm_kingston,False,full_main_quantum_stack,test,n_records,100.0
MNIST_QNN_eff_su2_r1_d2_s43,ideal_shot,1024,5,2026,ibm_kingston,False,full_main_quantum_stack,membership,loss_auc,0.5328
MNIST_QNN_eff_su2_r1_d2_s43,ideal_shot,1024,5,2026,ibm_kingston,False,full_main_quantum_stack,membership,entropy_auc,0.5117
MNIST_QNN_eff_su2_r1_d2_s43,ideal_shot,1024,5,2026,ibm_kingston,False,full_main_quantum_stack,membership,confidence_auc,0.5062
MNIST_QNN_eff_su2_r1_d2_s43,ideal_shot,1024,5,2026,ibm_kingston,False,full_main_quantum_stack,membership,margin_auc,0.5032
MNIST_QNN_eff_su2_r1_d2_s43,ideal_shot,1024,5,2026,ibm_kingston,False,full_main_quantum_stack,membership,correctness_auc,0.51
MNIST_QNN_eff_su2_r1_d2_s43,ideal_shot,1024,5,2026,ibm_kingston,False,full_main_quantum_stack,membership,max_probability_auc,0.5062
MNIST_QNN_eff_su2_r1_d2_s43,ideal_shot,1024,5,2026,ibm_kingston,False,full_main_quantum_stack,target,generalization_gap_accuracy,0.019999980926513672
MNIST_QNN_eff_su2_r1_d2_s43,ideal_shot,1024,6,2026,ibm_kingston,False,full_main_quantum_stack,train,target_accuracy,0.7699999809265137
MNIST_QNN_eff_su2_r1_d2_s43,ideal_shot,1024,6,2026,ibm_kingston,False,full_main_quantum_stack,train,target_loss,0.582131564617157
MNIST_QNN_eff_su2_r1_d2_s43,ideal_shot,1024,6,2026,ibm_kingston,False,full_main_quantum_stack,train,n_records,100.0
MNIST_QNN_eff_su2_r1_d2_s43,ideal_shot,1024,6,2026,ibm_kingston,False,full_main_quantum_stack,test,target_accuracy,0.75
MNIST_QNN_eff_su2_r1_d2_s43,ideal_shot,1024,6,2026,ibm_kingston,False,full_main_quantum_stack,test,target_loss,0.6231042742729187
MNIST_QNN_eff_su2_r1_d2_s43,ideal_shot,1024,6,2026,ibm_kingston,False,full_main_quantum_stack,test,n_records,100.0
MNIST_QNN_eff_su2_r1_d2_s43,ideal_shot,1024,6,2026,ibm_kingston,False,full_main_quantum_stack,membership,loss_auc,0.5130999999999999
MNIST_QNN_eff_su2_r1_d2_s43,ideal_shot,1024,6,2026,ibm_kingston,False,full_main_quantum_stack,membership,entropy_auc,0.5005
MNIST_QNN_eff_su2_r1_d2_s43,ideal_shot,1024,6,2026,ibm_kingston,False,full_main_quantum_stack,membership,confidence_auc,0.5011
MNIST_QNN_eff_su2_r1_d2_s43,ideal_shot,1024,6,2026,ibm_kingston,False,full_main_quantum_stack,membership,margin_auc,0.5009999999999999
MNIST_QNN_eff_su2_r1_d2_s43,ideal_shot,1024,6,2026,ibm_kingston,False,full_main_quantum_stack,membership,correctness_auc,0.51
MNIST_QNN_eff_su2_r1_d2_s43,ideal_shot,1024,6,2026,ibm_kingston,False,full_main_quantum_stack,membership,max_probability_auc,0.5011
MNIST_QNN_eff_su2_r1_d2_s43,ideal_shot,1024,6,2026,ibm_kingston,False,full_main_quantum_stack,target,generalization_gap_accuracy,0.019999980926513672
MNIST_QNN_eff_su2_r1_d2_s43,ideal_shot,1024,7,2026,ibm_kingston,False,full_main_quantum_stack,train,target_accuracy,0.699999988079071
MNIST_QNN_eff_su2_r1_d2_s43,ideal_shot,1024,7,2026,ibm_kingston,False,full_main_quantum_stack,train,target_loss,0.5841041803359985
MNIST_QNN_eff_su2_r1_d2_s43,ideal_shot,1024,7,2026,ibm_kingston,False,full_main_quantum_stack,train,n_records,100.0
MNIST_QNN_eff_su2_r1_d2_s43,ideal_shot,1024,7,2026,ibm_kingston,False,full_main_quantum_stack,test,target_accuracy,0.7400000095367432
MNIST_QNN_eff_su2_r1_d2_s43,ideal_shot,1024,7,2026,ibm_kingston,False,full_main_quantum_stack,test,target_loss,0.6152333617210388
MNIST_QNN_eff_su2_r1_d2_s43,ideal_shot,1024,7,2026,ibm_kingston,False,full_main_quantum_stack,test,n_records,100.0
MNIST_QNN_eff_su2_r1_d2_s43,ideal_shot,1024,7,2026,ibm_kingston,False,full_main_quantum_stack,membership,loss_auc,0.5049
MNIST_QNN_eff_su2_r1_d2_s43,ideal_shot,1024,7,2026,ibm_kingston,False,full_main_quantum_stack,membership,entropy_auc,0.5118
MNIST_QNN_eff_su2_r1_d2_s43,ideal_shot,1024,7,2026,ibm_kingston,False,full_main_quantum_stack,membership,confidence_auc,0.5093
MNIST_QNN_eff_su2_r1_d2_s43,ideal_shot,1024,7,2026,ibm_kingston,False,full_main_quantum_stack,membership,margin_auc,0.5154
MNIST_QNN_eff_su2_r1_d2_s43,ideal_shot,1024,7,2026,ibm_kingston,False,full_main_quantum_stack,membership,correctness_auc,0.48
MNIST_QNN_eff_su2_r1_d2_s43,ideal_shot,1024,7,2026,ibm_kingston,False,full_main_quantum_stack,membership,max_probability_auc,0.5093
MNIST_QNN_eff_su2_r1_d2_s43,ideal_shot,1024,7,2026,ibm_kingston,False,full_main_quantum_stack,target,generalization_gap_accuracy,-0.04000002145767212
MNIST_QNN_eff_su2_r1_d2_s43,ideal_shot,1024,8,2026,ibm_kingston,False,full_main_quantum_stack,train,target_accuracy,0.7300000190734863
MNIST_QNN_eff_su2_r1_d2_s43,ideal_shot,1024,8,2026,ibm_kingston,False,full_main_quantum_stack,train,target_loss,0.5885456204414368
MNIST_QNN_eff_su2_r1_d2_s43,ideal_shot,1024,8,2026,ibm_kingston,False,full_main_quantum_stack,train,n_records,100.0
MNIST_QNN_eff_su2_r1_d2_s43,ideal_shot,1024,8,2026,ibm_kingston,False,full_main_quantum_stack,test,target_accuracy,0.7599999904632568
MNIST_QNN_eff_su2_r1_d2_s43,ideal_shot,1024,8,2026,ibm_kingston,False,full_main_quantum_stack,test,target_loss,0.6263204216957092
MNIST_QNN_eff_su2_r1_d2_s43,ideal_shot,1024,8,2026,ibm_kingston,False,full_main_quantum_stack,test,n_records,100.0
MNIST_QNN_eff_su2_r1_d2_s43,ideal_shot,1024,8,2026,ibm_kingston,False,full_main_quantum_stack,membership,loss_auc,0.5058
MNIST_QNN_eff_su2_r1_d2_s43,ideal_shot,1024,8,2026,ibm_kingston,False,full_main_quantum_stack,membership,entropy_auc,0.5057
MNIST_QNN_eff_su2_r1_d2_s43,ideal_shot,1024,8,2026,ibm_kingston,False,full_main_quantum_stack,membership,confidence_auc,0.4998
MNIST_QNN_eff_su2_r1_d2_s43,ideal_shot,1024,8,2026,ibm_kingston,False,full_main_quantum_stack,membership,margin_auc,0.4934
MNIST_QNN_eff_su2_r1_d2_s43,ideal_shot,1024,8,2026,ibm_kingston,False,full_main_quantum_stack,membership,correctness_auc,0.485
MNIST_QNN_eff_su2_r1_d2_s43,ideal_shot,1024,8,2026,ibm_kingston,False,full_main_quantum_stack,membership,max_probability_auc,0.4998
MNIST_QNN_eff_su2_r1_d2_s43,ideal_shot,1024,8,2026,ibm_kingston,False,full_main_quantum_stack,target,generalization_gap_accuracy,-0.029999971389770508
MNIST_QNN_eff_su2_r1_d2_s43,ideal_shot,1024,9,2026,ibm_kingston,False,full_main_quantum_stack,train,target_accuracy,0.7599999904632568
MNIST_QNN_eff_su2_r1_d2_s43,ideal_shot,1024,9,2026,ibm_kingston,False,full_main_quantum_stack,train,target_loss,0.5701515078544617
MNIST_QNN_eff_su2_r1_d2_s43,ideal_shot,1024,9,2026,ibm_kingston,False,full_main_quantum_stack,train,n_records,100.0
MNIST_QNN_eff_su2_r1_d2_s43,ideal_shot,1024,9,2026,ibm_kingston,False,full_main_quantum_stack,test,target_accuracy,0.75
MNIST_QNN_eff_su2_r1_d2_s43,ideal_shot,1024,9,2026,ibm_kingston,False,full_main_quantum_stack,test,target_loss,0.6184847950935364
MNIST_QNN_eff_su2_r1_d2_s43,ideal_shot,1024,9,2026,ibm_kingston,False,full_main_quantum_stack,test,n_records,100.0
MNIST_QNN_eff_su2_r1_d2_s43,ideal_shot,1024,9,2026,ibm_kingston,False,full_main_quantum_stack,membership,loss_auc,0.5083
MNIST_QNN_eff_su2_r1_d2_s43,ideal_shot,1024,9,2026,ibm_kingston,False,full_main_quantum_stack,membership,entropy_auc,0.49110000000000004
MNIST_QNN_eff_su2_r1_d2_s43,ideal_shot,1024,9,2026,ibm_kingston,False,full_main_quantum_stack,membership,confidence_auc,0.4844
MNIST_QNN_eff_su2_r1_d2_s43,ideal_shot,1024,9,2026,ibm_kingston,False,full_main_quantum_stack,membership,margin_auc,0.49130000000000007
MNIST_QNN_eff_su2_r1_d2_s43,ideal_shot,1024,9,2026,ibm_kingston,False,full_main_quantum_stack,membership,correctness_auc,0.505
MNIST_QNN_eff_su2_r1_d2_s43,ideal_shot,1024,9,2026,ibm_kingston,False,full_main_quantum_stack,membership,max_probability_auc,0.4844
MNIST_QNN_eff_su2_r1_d2_s43,ideal_shot,1024,9,2026,ibm_kingston,False,full_main_quantum_stack,target,generalization_gap_accuracy,0.009999990463256836
MNIST_QNN_eff_su2_r1_d2_s43,noisy_shot,128,0,2026,ibm_kingston,True,full_main_quantum_stack,train,target_accuracy,0.6200000047683716
MNIST_QNN_eff_su2_r1_d2_s43,noisy_shot,128,0,2026,ibm_kingston,True,full_main_quantum_stack,train,target_loss,0.9183390140533447
MNIST_QNN_eff_su2_r1_d2_s43,noisy_shot,128,0,2026,ibm_kingston,True,full_main_quantum_stack,train,n_records,100.0
MNIST_QNN_eff_su2_r1_d2_s43,noisy_shot,128,0,2026,ibm_kingston,True,full_main_quantum_stack,test,target_accuracy,0.6899999976158142
MNIST_QNN_eff_su2_r1_d2_s43,noisy_shot,128,0,2026,ibm_kingston,True,full_main_quantum_stack,test,target_loss,0.7964821457862854
MNIST_QNN_eff_su2_r1_d2_s43,noisy_shot,128,0,2026,ibm_kingston,True,full_main_quantum_stack,test,n_records,100.0
MNIST_QNN_eff_su2_r1_d2_s43,noisy_shot,128,0,2026,ibm_kingston,True,full_main_quantum_stack,membership,loss_auc,0.4785
MNIST_QNN_eff_su2_r1_d2_s43,noisy_shot,128,0,2026,ibm_kingston,True,full_main_quantum_stack,membership,entropy_auc,0.5174000000000001
MNIST_QNN_eff_su2_r1_d2_s43,noisy_shot,128,0,2026,ibm_kingston,True,full_main_quantum_stack,membership,confidence_auc,0.5399
MNIST_QNN_eff_su2_r1_d2_s43,noisy_shot,128,0,2026,ibm_kingston,True,full_main_quantum_stack,membership,margin_auc,0.5385
MNIST_QNN_eff_su2_r1_d2_s43,noisy_shot,128,0,2026,ibm_kingston,True,full_main_quantum_stack,membership,correctness_auc,0.465
MNIST_QNN_eff_su2_r1_d2_s43,noisy_shot,128,0,2026,ibm_kingston,True,full_main_quantum_stack,membership,max_probability_auc,0.5399
MNIST_QNN_eff_su2_r1_d2_s43,noisy_shot,128,0,2026,ibm_kingston,True,full_main_quantum_stack,target,generalization_gap_accuracy,-0.06999999284744263
MNIST_QNN_eff_su2_r1_d2_s43,noisy_shot,128,1,2026,ibm_kingston,True,full_main_quantum_stack,train,target_accuracy,0.6200000047683716
MNIST_QNN_eff_su2_r1_d2_s43,noisy_shot,128,1,2026,ibm_kingston,True,full_main_quantum_stack,train,target_loss,0.881333589553833
MNIST_QNN_eff_su2_r1_d2_s43,noisy_shot,128,1,2026,ibm_kingston,True,full_main_quantum_stack,train,n_records,100.0
MNIST_QNN_eff_su2_r1_d2_s43,noisy_shot,128,1,2026,ibm_kingston,True,full_main_quantum_stack,test,target_accuracy,0.5799999833106995
MNIST_QNN_eff_su2_r1_d2_s43,noisy_shot,128,1,2026,ibm_kingston,True,full_main_quantum_stack,test,target_loss,1.0145294666290283
MNIST_QNN_eff_su2_r1_d2_s43,noisy_shot,128,1,2026,ibm_kingston,True,full_main_quantum_stack,test,n_records,100.0
MNIST_QNN_eff_su2_r1_d2_s43,noisy_shot,128,1,2026,ibm_kingston,True,full_main_quantum_stack,membership,loss_auc,0.5506000000000001
MNIST_QNN_eff_su2_r1_d2_s43,noisy_shot,128,1,2026,ibm_kingston,True,full_main_quantum_stack,membership,entropy_auc,0.5243
MNIST_QNN_eff_su2_r1_d2_s43,noisy_shot,128,1,2026,ibm_kingston,True,full_main_quantum_stack,membership,confidence_auc,0.5358999999999999
MNIST_QNN_eff_su2_r1_d2_s43,noisy_shot,128,1,2026,ibm_kingston,True,full_main_quantum_stack,membership,margin_auc,0.5457
MNIST_QNN_eff_su2_r1_d2_s43,noisy_shot,128,1,2026,ibm_kingston,True,full_main_quantum_stack,membership,correctness_auc,0.52
MNIST_QNN_eff_su2_r1_d2_s43,noisy_shot,128,1,2026,ibm_kingston,True,full_main_quantum_stack,membership,max_probability_auc,0.5358999999999999
MNIST_QNN_eff_su2_r1_d2_s43,noisy_shot,128,1,2026,ibm_kingston,True,full_main_quantum_stack,target,generalization_gap_accuracy,0.04000002145767212
MNIST_QNN_eff_su2_r1_d2_s43,noisy_shot,128,2,2026,ibm_kingston,True,full_main_quantum_stack,train,target_accuracy,0.6200000047683716
MNIST_QNN_eff_su2_r1_d2_s43,noisy_shot,128,2,2026,ibm_kingston,True,full_main_quantum_stack,train,target_loss,0.9462963938713074
MNIST_QNN_eff_su2_r1_d2_s43,noisy_shot,128,2,2026,ibm_kingston,True,full_main_quantum_stack,train,n_records,100.0
MNIST_QNN_eff_su2_r1_d2_s43,noisy_shot,128,2,2026,ibm_kingston,True,full_main_quantum_stack,test,target_accuracy,0.6499999761581421
MNIST_QNN_eff_su2_r1_d2_s43,noisy_shot,128,2,2026,ibm_kingston,True,full_main_quantum_stack,test,target_loss,0.8310151696205139
MNIST_QNN_eff_su2_r1_d2_s43,noisy_shot,128,2,2026,ibm_kingston,True,full_main_quantum_stack,test,n_records,100.0
MNIST_QNN_eff_su2_r1_d2_s43,noisy_shot,128,2,2026,ibm_kingston,True,full_main_quantum_stack,membership,loss_auc,0.4779
MNIST_QNN_eff_su2_r1_d2_s43,noisy_shot,128,2,2026,ibm_kingston,True,full_main_quantum_stack,membership,entropy_auc,0.5004
MNIST_QNN_eff_su2_r1_d2_s43,noisy_shot,128,2,2026,ibm_kingston,True,full_main_quantum_stack,membership,confidence_auc,0.5110000000000001
MNIST_QNN_eff_su2_r1_d2_s43,noisy_shot,128,2,2026,ibm_kingston,True,full_main_quantum_stack,membership,margin_auc,0.5083000000000001
MNIST_QNN_eff_su2_r1_d2_s43,noisy_shot,128,2,2026,ibm_kingston,True,full_main_quantum_stack,membership,correctness_auc,0.485
MNIST_QNN_eff_su2_r1_d2_s43,noisy_shot,128,2,2026,ibm_kingston,True,full_main_quantum_stack,membership,max_probability_auc,0.5110000000000001
MNIST_QNN_eff_su2_r1_d2_s43,noisy_shot,128,2,2026,ibm_kingston,True,full_main_quantum_stack,target,generalization_gap_accuracy,-0.029999971389770508
MNIST_QNN_eff_su2_r1_d2_s43,noisy_shot,128,3,2026,ibm_kingston,True,full_main_quantum_stack,train,target_accuracy,0.6299999952316284
MNIST_QNN_eff_su2_r1_d2_s43,noisy_shot,128,3,2026,ibm_kingston,True,full_main_quantum_stack,train,target_loss,0.8989946246147156
MNIST_QNN_eff_su2_r1_d2_s43,noisy_shot,128,3,2026,ibm_kingston,True,full_main_quantum_stack,train,n_records,100.0
MNIST_QNN_eff_su2_r1_d2_s43,noisy_shot,128,3,2026,ibm_kingston,True,full_main_quantum_stack,test,target_accuracy,0.6299999952316284
MNIST_QNN_eff_su2_r1_d2_s43,noisy_shot,128,3,2026,ibm_kingston,True,full_main_quantum_stack,test,target_loss,0.9698725342750549
MNIST_QNN_eff_su2_r1_d2_s43,noisy_shot,128,3,2026,ibm_kingston,True,full_main_quantum_stack,test,n_records,100.0
MNIST_QNN_eff_su2_r1_d2_s43,noisy_shot,128,3,2026,ibm_kingston,True,full_main_quantum_stack,membership,loss_auc,0.5347
MNIST_QNN_eff_su2_r1_d2_s43,noisy_shot,128,3,2026,ibm_kingston,True,full_main_quantum_stack,membership,entropy_auc,0.5247999999999999
MNIST_QNN_eff_su2_r1_d2_s43,noisy_shot,128,3,2026,ibm_kingston,True,full_main_quantum_stack,membership,confidence_auc,0.5185
MNIST_QNN_eff_su2_r1_d2_s43,noisy_shot,128,3,2026,ibm_kingston,True,full_main_quantum_stack,membership,margin_auc,0.5084
MNIST_QNN_eff_su2_r1_d2_s43,noisy_shot,128,3,2026,ibm_kingston,True,full_main_quantum_stack,membership,correctness_auc,0.5
MNIST_QNN_eff_su2_r1_d2_s43,noisy_shot,128,3,2026,ibm_kingston,True,full_main_quantum_stack,membership,max_probability_auc,0.5185
MNIST_QNN_eff_su2_r1_d2_s43,noisy_shot,128,3,2026,ibm_kingston,True,full_main_quantum_stack,target,generalization_gap_accuracy,0.0
MNIST_QNN_eff_su2_r1_d2_s43,noisy_shot,128,4,2026,ibm_kingston,True,full_main_quantum_stack,train,target_accuracy,0.6299999952316284
MNIST_QNN_eff_su2_r1_d2_s43,noisy_shot,128,4,2026,ibm_kingston,True,full_main_quantum_stack,train,target_loss,0.7462390661239624
MNIST_QNN_eff_su2_r1_d2_s43,noisy_shot,128,4,2026,ibm_kingston,True,full_main_quantum_stack,train,n_records,100.0
MNIST_QNN_eff_su2_r1_d2_s43,noisy_shot,128,4,2026,ibm_kingston,True,full_main_quantum_stack,test,target_accuracy,0.5799999833106995
MNIST_QNN_eff_su2_r1_d2_s43,noisy_shot,128,4,2026,ibm_kingston,True,full_main_quantum_stack,test,target_loss,0.9850460290908813
MNIST_QNN_eff_su2_r1_d2_s43,noisy_shot,128,4,2026,ibm_kingston,True,full_main_quantum_stack,test,n_records,100.0
MNIST_QNN_eff_su2_r1_d2_s43,noisy_shot,128,4,2026,ibm_kingston,True,full_main_quantum_stack,membership,loss_auc,0.5433
MNIST_QNN_eff_su2_r1_d2_s43,noisy_shot,128,4,2026,ibm_kingston,True,full_main_quantum_stack,membership,entropy_auc,0.49689999999999995
MNIST_QNN_eff_su2_r1_d2_s43,noisy_shot,128,4,2026,ibm_kingston,True,full_main_quantum_stack,membership,confidence_auc,0.5301
MNIST_QNN_eff_su2_r1_d2_s43,noisy_shot,128,4,2026,ibm_kingston,True,full_main_quantum_stack,membership,margin_auc,0.5428000000000001
MNIST_QNN_eff_su2_r1_d2_s43,noisy_shot,128,4,2026,ibm_kingston,True,full_main_quantum_stack,membership,correctness_auc,0.525
MNIST_QNN_eff_su2_r1_d2_s43,noisy_shot,128,4,2026,ibm_kingston,True,full_main_quantum_stack,membership,max_probability_auc,0.5301
MNIST_QNN_eff_su2_r1_d2_s43,noisy_shot,128,4,2026,ibm_kingston,True,full_main_quantum_stack,target,generalization_gap_accuracy,0.050000011920928955
MNIST_QNN_eff_su2_r1_d2_s43,noisy_shot,128,5,2026,ibm_kingston,True,full_main_quantum_stack,train,target_accuracy,0.6299999952316284
MNIST_QNN_eff_su2_r1_d2_s43,noisy_shot,128,5,2026,ibm_kingston,True,full_main_quantum_stack,train,target_loss,0.9260405898094177
MNIST_QNN_eff_su2_r1_d2_s43,noisy_shot,128,5,2026,ibm_kingston,True,full_main_quantum_stack,train,n_records,100.0
MNIST_QNN_eff_su2_r1_d2_s43,noisy_shot,128,5,2026,ibm_kingston,True,full_main_quantum_stack,test,target_accuracy,0.5799999833106995
MNIST_QNN_eff_su2_r1_d2_s43,noisy_shot,128,5,2026,ibm_kingston,True,full_main_quantum_stack,test,target_loss,0.9217910766601562
MNIST_QNN_eff_su2_r1_d2_s43,noisy_shot,128,5,2026,ibm_kingston,True,full_main_quantum_stack,test,n_records,100.0
MNIST_QNN_eff_su2_r1_d2_s43,noisy_shot,128,5,2026,ibm_kingston,True,full_main_quantum_stack,membership,loss_auc,0.5127
MNIST_QNN_eff_su2_r1_d2_s43,noisy_shot,128,5,2026,ibm_kingston,True,full_main_quantum_stack,membership,entropy_auc,0.504
MNIST_QNN_eff_su2_r1_d2_s43,noisy_shot,128,5,2026,ibm_kingston,True,full_main_quantum_stack,membership,confidence_auc,0.5034000000000001
MNIST_QNN_eff_su2_r1_d2_s43,noisy_shot,128,5,2026,ibm_kingston,True,full_main_quantum_stack,membership,margin_auc,0.5028
MNIST_QNN_eff_su2_r1_d2_s43,noisy_shot,128,5,2026,ibm_kingston,True,full_main_quantum_stack,membership,correctness_auc,0.525
MNIST_QNN_eff_su2_r1_d2_s43,noisy_shot,128,5,2026,ibm_kingston,True,full_main_quantum_stack,membership,max_probability_auc,0.5034000000000001
MNIST_QNN_eff_su2_r1_d2_s43,noisy_shot,128,5,2026,ibm_kingston,True,full_main_quantum_stack,target,generalization_gap_accuracy,0.050000011920928955
MNIST_QNN_eff_su2_r1_d2_s43,noisy_shot,128,6,2026,ibm_kingston,True,full_main_quantum_stack,train,target_accuracy,0.6100000143051147
MNIST_QNN_eff_su2_r1_d2_s43,noisy_shot,128,6,2026,ibm_kingston,True,full_main_quantum_stack,train,target_loss,0.9315854907035828
MNIST_QNN_eff_su2_r1_d2_s43,noisy_shot,128,6,2026,ibm_kingston,True,full_main_quantum_stack,train,n_records,100.0
MNIST_QNN_eff_su2_r1_d2_s43,noisy_shot,128,6,2026,ibm_kingston,True,full_main_quantum_stack,test,target_accuracy,0.6600000262260437
MNIST_QNN_eff_su2_r1_d2_s43,noisy_shot,128,6,2026,ibm_kingston,True,full_main_quantum_stack,test,target_loss,0.7948071360588074
MNIST_QNN_eff_su2_r1_d2_s43,noisy_shot,128,6,2026,ibm_kingston,True,full_main_quantum_stack,test,n_records,100.0
MNIST_QNN_eff_su2_r1_d2_s43,noisy_shot,128,6,2026,ibm_kingston,True,full_main_quantum_stack,membership,loss_auc,0.4925999999999999
MNIST_QNN_eff_su2_r1_d2_s43,noisy_shot,128,6,2026,ibm_kingston,True,full_main_quantum_stack,membership,entropy_auc,0.5285000000000001
MNIST_QNN_eff_su2_r1_d2_s43,noisy_shot,128,6,2026,ibm_kingston,True,full_main_quantum_stack,membership,confidence_auc,0.5286000000000001
MNIST_QNN_eff_su2_r1_d2_s43,noisy_shot,128,6,2026,ibm_kingston,True,full_main_quantum_stack,membership,margin_auc,0.5182
MNIST_QNN_eff_su2_r1_d2_s43,noisy_shot,128,6,2026,ibm_kingston,True,full_main_quantum_stack,membership,correctness_auc,0.475
MNIST_QNN_eff_su2_r1_d2_s43,noisy_shot,128,6,2026,ibm_kingston,True,full_main_quantum_stack,membership,max_probability_auc,0.5286000000000001
MNIST_QNN_eff_su2_r1_d2_s43,noisy_shot,128,6,2026,ibm_kingston,True,full_main_quantum_stack,target,generalization_gap_accuracy,-0.050000011920928955
MNIST_QNN_eff_su2_r1_d2_s43,noisy_shot,128,7,2026,ibm_kingston,True,full_main_quantum_stack,train,target_accuracy,0.6000000238418579
MNIST_QNN_eff_su2_r1_d2_s43,noisy_shot,128,7,2026,ibm_kingston,True,full_main_quantum_stack,train,target_loss,0.8797729015350342
MNIST_QNN_eff_su2_r1_d2_s43,noisy_shot,128,7,2026,ibm_kingston,True,full_main_quantum_stack,train,n_records,100.0
MNIST_QNN_eff_su2_r1_d2_s43,noisy_shot,128,7,2026,ibm_kingston,True,full_main_quantum_stack,test,target_accuracy,0.6299999952316284
MNIST_QNN_eff_su2_r1_d2_s43,noisy_shot,128,7,2026,ibm_kingston,True,full_main_quantum_stack,test,target_loss,0.8351324200630188
MNIST_QNN_eff_su2_r1_d2_s43,noisy_shot,128,7,2026,ibm_kingston,True,full_main_quantum_stack,test,n_records,100.0
MNIST_QNN_eff_su2_r1_d2_s43,noisy_shot,128,7,2026,ibm_kingston,True,full_main_quantum_stack,membership,loss_auc,0.4676
MNIST_QNN_eff_su2_r1_d2_s43,noisy_shot,128,7,2026,ibm_kingston,True,full_main_quantum_stack,membership,entropy_auc,0.45299999999999996
MNIST_QNN_eff_su2_r1_d2_s43,noisy_shot,128,7,2026,ibm_kingston,True,full_main_quantum_stack,membership,confidence_auc,0.4509
MNIST_QNN_eff_su2_r1_d2_s43,noisy_shot,128,7,2026,ibm_kingston,True,full_main_quantum_stack,membership,margin_auc,0.4537
MNIST_QNN_eff_su2_r1_d2_s43,noisy_shot,128,7,2026,ibm_kingston,True,full_main_quantum_stack,membership,correctness_auc,0.485
MNIST_QNN_eff_su2_r1_d2_s43,noisy_shot,128,7,2026,ibm_kingston,True,full_main_quantum_stack,membership,max_probability_auc,0.4509
MNIST_QNN_eff_su2_r1_d2_s43,noisy_shot,128,7,2026,ibm_kingston,True,full_main_quantum_stack,target,generalization_gap_accuracy,-0.029999971389770508
MNIST_QNN_eff_su2_r1_d2_s43,noisy_shot,128,8,2026,ibm_kingston,True,full_main_quantum_stack,train,target_accuracy,0.5799999833106995
MNIST_QNN_eff_su2_r1_d2_s43,noisy_shot,128,8,2026,ibm_kingston,True,full_main_quantum_stack,train,target_loss,1.0383456945419312
MNIST_QNN_eff_su2_r1_d2_s43,noisy_shot,128,8,2026,ibm_kingston,True,full_main_quantum_stack,train,n_records,100.0
MNIST_QNN_eff_su2_r1_d2_s43,noisy_shot,128,8,2026,ibm_kingston,True,full_main_quantum_stack,test,target_accuracy,0.5799999833106995
MNIST_QNN_eff_su2_r1_d2_s43,noisy_shot,128,8,2026,ibm_kingston,True,full_main_quantum_stack,test,target_loss,0.9656369686126709
MNIST_QNN_eff_su2_r1_d2_s43,noisy_shot,128,8,2026,ibm_kingston,True,full_main_quantum_stack,test,n_records,100.0
MNIST_QNN_eff_su2_r1_d2_s43,noisy_shot,128,8,2026,ibm_kingston,True,full_main_quantum_stack,membership,loss_auc,0.49310000000000004
MNIST_QNN_eff_su2_r1_d2_s43,noisy_shot,128,8,2026,ibm_kingston,True,full_main_quantum_stack,membership,entropy_auc,0.5004
MNIST_QNN_eff_su2_r1_d2_s43,noisy_shot,128,8,2026,ibm_kingston,True,full_main_quantum_stack,membership,confidence_auc,0.48879999999999996
MNIST_QNN_eff_su2_r1_d2_s43,noisy_shot,128,8,2026,ibm_kingston,True,full_main_quantum_stack,membership,margin_auc,0.48260000000000003
MNIST_QNN_eff_su2_r1_d2_s43,noisy_shot,128,8,2026,ibm_kingston,True,full_main_quantum_stack,membership,correctness_auc,0.5
MNIST_QNN_eff_su2_r1_d2_s43,noisy_shot,128,8,2026,ibm_kingston,True,full_main_quantum_stack,membership,max_probability_auc,0.48879999999999996
MNIST_QNN_eff_su2_r1_d2_s43,noisy_shot,128,8,2026,ibm_kingston,True,full_main_quantum_stack,target,generalization_gap_accuracy,0.0
MNIST_QNN_eff_su2_r1_d2_s43,noisy_shot,128,9,2026,ibm_kingston,True,full_main_quantum_stack,train,target_accuracy,0.6299999952316284
MNIST_QNN_eff_su2_r1_d2_s43,noisy_shot,128,9,2026,ibm_kingston,True,full_main_quantum_stack,train,target_loss,0.8511611819267273
MNIST_QNN_eff_su2_r1_d2_s43,noisy_shot,128,9,2026,ibm_kingston,True,full_main_quantum_stack,train,n_records,100.0
MNIST_QNN_eff_su2_r1_d2_s43,noisy_shot,128,9,2026,ibm_kingston,True,full_main_quantum_stack,test,target_accuracy,0.6800000071525574
MNIST_QNN_eff_su2_r1_d2_s43,noisy_shot,128,9,2026,ibm_kingston,True,full_main_quantum_stack,test,target_loss,0.8030101656913757
MNIST_QNN_eff_su2_r1_d2_s43,noisy_shot,128,9,2026,ibm_kingston,True,full_main_quantum_stack,test,n_records,100.0
MNIST_QNN_eff_su2_r1_d2_s43,noisy_shot,128,9,2026,ibm_kingston,True,full_main_quantum_stack,membership,loss_auc,0.48410000000000003
MNIST_QNN_eff_su2_r1_d2_s43,noisy_shot,128,9,2026,ibm_kingston,True,full_main_quantum_stack,membership,entropy_auc,0.4753
MNIST_QNN_eff_su2_r1_d2_s43,noisy_shot,128,9,2026,ibm_kingston,True,full_main_quantum_stack,membership,confidence_auc,0.4745
MNIST_QNN_eff_su2_r1_d2_s43,noisy_shot,128,9,2026,ibm_kingston,True,full_main_quantum_stack,membership,margin_auc,0.4733
MNIST_QNN_eff_su2_r1_d2_s43,noisy_shot,128,9,2026,ibm_kingston,True,full_main_quantum_stack,membership,correctness_auc,0.475
MNIST_QNN_eff_su2_r1_d2_s43,noisy_shot,128,9,2026,ibm_kingston,True,full_main_quantum_stack,membership,max_probability_auc,0.4745
MNIST_QNN_eff_su2_r1_d2_s43,noisy_shot,128,9,2026,ibm_kingston,True,full_main_quantum_stack,target,generalization_gap_accuracy,-0.050000011920928955
MNIST_QNN_eff_su2_r1_d2_s43,noisy_shot,512,0,2026,ibm_kingston,True,full_main_quantum_stack,train,target_accuracy,0.7599999904632568
MNIST_QNN_eff_su2_r1_d2_s43,noisy_shot,512,0,2026,ibm_kingston,True,full_main_quantum_stack,train,target_loss,0.6530097126960754
MNIST_QNN_eff_su2_r1_d2_s43,noisy_shot,512,0,2026,ibm_kingston,True,full_main_quantum_stack,train,n_records,100.0
MNIST_QNN_eff_su2_r1_d2_s43,noisy_shot,512,0,2026,ibm_kingston,True,full_main_quantum_stack,test,target_accuracy,0.7300000190734863
MNIST_QNN_eff_su2_r1_d2_s43,noisy_shot,512,0,2026,ibm_kingston,True,full_main_quantum_stack,test,target_loss,0.6515364646911621
MNIST_QNN_eff_su2_r1_d2_s43,noisy_shot,512,0,2026,ibm_kingston,True,full_main_quantum_stack,test,n_records,100.0
MNIST_QNN_eff_su2_r1_d2_s43,noisy_shot,512,0,2026,ibm_kingston,True,full_main_quantum_stack,membership,loss_auc,0.4854
MNIST_QNN_eff_su2_r1_d2_s43,noisy_shot,512,0,2026,ibm_kingston,True,full_main_quantum_stack,membership,entropy_auc,0.4606
MNIST_QNN_eff_su2_r1_d2_s43,noisy_shot,512,0,2026,ibm_kingston,True,full_main_quantum_stack,membership,confidence_auc,0.4555
MNIST_QNN_eff_su2_r1_d2_s43,noisy_shot,512,0,2026,ibm_kingston,True,full_main_quantum_stack,membership,margin_auc,0.4578
MNIST_QNN_eff_su2_r1_d2_s43,noisy_shot,512,0,2026,ibm_kingston,True,full_main_quantum_stack,membership,correctness_auc,0.515
MNIST_QNN_eff_su2_r1_d2_s43,noisy_shot,512,0,2026,ibm_kingston,True,full_main_quantum_stack,membership,max_probability_auc,0.4555
MNIST_QNN_eff_su2_r1_d2_s43,noisy_shot,512,0,2026,ibm_kingston,True,full_main_quantum_stack,target,generalization_gap_accuracy,0.029999971389770508
MNIST_QNN_eff_su2_r1_d2_s43,noisy_shot,512,1,2026,ibm_kingston,True,full_main_quantum_stack,train,target_accuracy,0.75
MNIST_QNN_eff_su2_r1_d2_s43,noisy_shot,512,1,2026,ibm_kingston,True,full_main_quantum_stack,train,target_loss,0.6398695111274719
MNIST_QNN_eff_su2_r1_d2_s43,noisy_shot,512,1,2026,ibm_kingston,True,full_main_quantum_stack,train,n_records,100.0
MNIST_QNN_eff_su2_r1_d2_s43,noisy_shot,512,1,2026,ibm_kingston,True,full_main_quantum_stack,test,target_accuracy,0.6499999761581421
MNIST_QNN_eff_su2_r1_d2_s43,noisy_shot,512,1,2026,ibm_kingston,True,full_main_quantum_stack,test,target_loss,0.7779609560966492
MNIST_QNN_eff_su2_r1_d2_s43,noisy_shot,512,1,2026,ibm_kingston,True,full_main_quantum_stack,test,n_records,100.0
MNIST_QNN_eff_su2_r1_d2_s43,noisy_shot,512,1,2026,ibm_kingston,True,full_main_quantum_stack,membership,loss_auc,0.5658000000000001
MNIST_QNN_eff_su2_r1_d2_s43,noisy_shot,512,1,2026,ibm_kingston,True,full_main_quantum_stack,membership,entropy_auc,0.5493999999999999
MNIST_QNN_eff_su2_r1_d2_s43,noisy_shot,512,1,2026,ibm_kingston,True,full_main_quantum_stack,membership,confidence_auc,0.547
MNIST_QNN_eff_su2_r1_d2_s43,noisy_shot,512,1,2026,ibm_kingston,True,full_main_quantum_stack,membership,margin_auc,0.5413
MNIST_QNN_eff_su2_r1_d2_s43,noisy_shot,512,1,2026,ibm_kingston,True,full_main_quantum_stack,membership,correctness_auc,0.55
MNIST_QNN_eff_su2_r1_d2_s43,noisy_shot,512,1,2026,ibm_kingston,True,full_main_quantum_stack,membership,max_probability_auc,0.547
MNIST_QNN_eff_su2_r1_d2_s43,noisy_shot,512,1,2026,ibm_kingston,True,full_main_quantum_stack,target,generalization_gap_accuracy,0.10000002384185791
MNIST_QNN_eff_su2_r1_d2_s43,noisy_shot,512,2,2026,ibm_kingston,True,full_main_quantum_stack,train,target_accuracy,0.75
MNIST_QNN_eff_su2_r1_d2_s43,noisy_shot,512,2,2026,ibm_kingston,True,full_main_quantum_stack,train,target_loss,0.6820183396339417
MNIST_QNN_eff_su2_r1_d2_s43,noisy_shot,512,2,2026,ibm_kingston,True,full_main_quantum_stack,train,n_records,100.0
MNIST_QNN_eff_su2_r1_d2_s43,noisy_shot,512,2,2026,ibm_kingston,True,full_main_quantum_stack,test,target_accuracy,0.6700000166893005
MNIST_QNN_eff_su2_r1_d2_s43,noisy_shot,512,2,2026,ibm_kingston,True,full_main_quantum_stack,test,target_loss,0.6871103048324585
MNIST_QNN_eff_su2_r1_d2_s43,noisy_shot,512,2,2026,ibm_kingston,True,full_main_quantum_stack,test,n_records,100.0
MNIST_QNN_eff_su2_r1_d2_s43,noisy_shot,512,2,2026,ibm_kingston,True,full_main_quantum_stack,membership,loss_auc,0.5024
MNIST_QNN_eff_su2_r1_d2_s43,noisy_shot,512,2,2026,ibm_kingston,True,full_main_quantum_stack,membership,entropy_auc,0.48289999999999994
MNIST_QNN_eff_su2_r1_d2_s43,noisy_shot,512,2,2026,ibm_kingston,True,full_main_quantum_stack,membership,confidence_auc,0.4858
MNIST_QNN_eff_su2_r1_d2_s43,noisy_shot,512,2,2026,ibm_kingston,True,full_main_quantum_stack,membership,margin_auc,0.4865
MNIST_QNN_eff_su2_r1_d2_s43,noisy_shot,512,2,2026,ibm_kingston,True,full_main_quantum_stack,membership,correctness_auc,0.54
MNIST_QNN_eff_su2_r1_d2_s43,noisy_shot,512,2,2026,ibm_kingston,True,full_main_quantum_stack,membership,max_probability_auc,0.4858
MNIST_QNN_eff_su2_r1_d2_s43,noisy_shot,512,2,2026,ibm_kingston,True,full_main_quantum_stack,target,generalization_gap_accuracy,0.07999998331069946
MNIST_QNN_eff_su2_r1_d2_s43,noisy_shot,512,3,2026,ibm_kingston,True,full_main_quantum_stack,train,target_accuracy,0.6700000166893005
MNIST_QNN_eff_su2_r1_d2_s43,noisy_shot,512,3,2026,ibm_kingston,True,full_main_quantum_stack,train,target_loss,0.6920900940895081
MNIST_QNN_eff_su2_r1_d2_s43,noisy_shot,512,3,2026,ibm_kingston,True,full_main_quantum_stack,train,n_records,100.0
MNIST_QNN_eff_su2_r1_d2_s43,noisy_shot,512,3,2026,ibm_kingston,True,full_main_quantum_stack,test,target_accuracy,0.7599999904632568
MNIST_QNN_eff_su2_r1_d2_s43,noisy_shot,512,3,2026,ibm_kingston,True,full_main_quantum_stack,test,target_loss,0.6584540605545044
MNIST_QNN_eff_su2_r1_d2_s43,noisy_shot,512,3,2026,ibm_kingston,True,full_main_quantum_stack,test,n_records,100.0
MNIST_QNN_eff_su2_r1_d2_s43,noisy_shot,512,3,2026,ibm_kingston,True,full_main_quantum_stack,membership,loss_auc,0.48429999999999995
MNIST_QNN_eff_su2_r1_d2_s43,noisy_shot,512,3,2026,ibm_kingston,True,full_main_quantum_stack,membership,entropy_auc,0.4773
MNIST_QNN_eff_su2_r1_d2_s43,noisy_shot,512,3,2026,ibm_kingston,True,full_main_quantum_stack,membership,confidence_auc,0.4658
MNIST_QNN_eff_su2_r1_d2_s43,noisy_shot,512,3,2026,ibm_kingston,True,full_main_quantum_stack,membership,margin_auc,0.47229999999999994
MNIST_QNN_eff_su2_r1_d2_s43,noisy_shot,512,3,2026,ibm_kingston,True,full_main_quantum_stack,membership,correctness_auc,0.45499999999999996
MNIST_QNN_eff_su2_r1_d2_s43,noisy_shot,512,3,2026,ibm_kingston,True,full_main_quantum_stack,membership,max_probability_auc,0.4658
MNIST_QNN_eff_su2_r1_d2_s43,noisy_shot,512,3,2026,ibm_kingston,True,full_main_quantum_stack,target,generalization_gap_accuracy,-0.0899999737739563
MNIST_QNN_eff_su2_r1_d2_s43,noisy_shot,512,4,2026,ibm_kingston,True,full_main_quantum_stack,train,target_accuracy,0.7300000190734863
MNIST_QNN_eff_su2_r1_d2_s43,noisy_shot,512,4,2026,ibm_kingston,True,full_main_quantum_stack,train,target_loss,0.6377156376838684
MNIST_QNN_eff_su2_r1_d2_s43,noisy_shot,512,4,2026,ibm_kingston,True,full_main_quantum_stack,train,n_records,100.0
MNIST_QNN_eff_su2_r1_d2_s43,noisy_shot,512,4,2026,ibm_kingston,True,full_main_quantum_stack,test,target_accuracy,0.6800000071525574
MNIST_QNN_eff_su2_r1_d2_s43,noisy_shot,512,4,2026,ibm_kingston,True,full_main_quantum_stack,test,target_loss,0.7737758755683899
MNIST_QNN_eff_su2_r1_d2_s43,noisy_shot,512,4,2026,ibm_kingston,True,full_main_quantum_stack,test,n_records,100.0
MNIST_QNN_eff_su2_r1_d2_s43,noisy_shot,512,4,2026,ibm_kingston,True,full_main_quantum_stack,membership,loss_auc,0.5488
MNIST_QNN_eff_su2_r1_d2_s43,noisy_shot,512,4,2026,ibm_kingston,True,full_main_quantum_stack,membership,entropy_auc,0.5225
MNIST_QNN_eff_su2_r1_d2_s43,noisy_shot,512,4,2026,ibm_kingston,True,full_main_quantum_stack,membership,confidence_auc,0.5361
MNIST_QNN_eff_su2_r1_d2_s43,noisy_shot,512,4,2026,ibm_kingston,True,full_main_quantum_stack,membership,margin_auc,0.5546
MNIST_QNN_eff_su2_r1_d2_s43,noisy_shot,512,4,2026,ibm_kingston,True,full_main_quantum_stack,membership,correctness_auc,0.5249999999999999
MNIST_QNN_eff_su2_r1_d2_s43,noisy_shot,512,4,2026,ibm_kingston,True,full_main_quantum_stack,membership,max_probability_auc,0.5361
MNIST_QNN_eff_su2_r1_d2_s43,noisy_shot,512,4,2026,ibm_kingston,True,full_main_quantum_stack,target,generalization_gap_accuracy,0.050000011920928955
MNIST_QNN_eff_su2_r1_d2_s43,noisy_shot,512,5,2026,ibm_kingston,True,full_main_quantum_stack,train,target_accuracy,0.6800000071525574
MNIST_QNN_eff_su2_r1_d2_s43,noisy_shot,512,5,2026,ibm_kingston,True,full_main_quantum_stack,train,target_loss,0.6740015149116516
MNIST_QNN_eff_su2_r1_d2_s43,noisy_shot,512,5,2026,ibm_kingston,True,full_main_quantum_stack,train,n_records,100.0
MNIST_QNN_eff_su2_r1_d2_s43,noisy_shot,512,5,2026,ibm_kingston,True,full_main_quantum_stack,test,target_accuracy,0.6899999976158142
MNIST_QNN_eff_su2_r1_d2_s43,noisy_shot,512,5,2026,ibm_kingston,True,full_main_quantum_stack,test,target_loss,0.776180624961853
MNIST_QNN_eff_su2_r1_d2_s43,noisy_shot,512,5,2026,ibm_kingston,True,full_main_quantum_stack,test,n_records,100.0
MNIST_QNN_eff_su2_r1_d2_s43,noisy_shot,512,5,2026,ibm_kingston,True,full_main_quantum_stack,membership,loss_auc,0.5335
MNIST_QNN_eff_su2_r1_d2_s43,noisy_shot,512,5,2026,ibm_kingston,True,full_main_quantum_stack,membership,entropy_auc,0.4901
MNIST_QNN_eff_su2_r1_d2_s43,noisy_shot,512,5,2026,ibm_kingston,True,full_main_quantum_stack,membership,confidence_auc,0.48550000000000004
MNIST_QNN_eff_su2_r1_d2_s43,noisy_shot,512,5,2026,ibm_kingston,True,full_main_quantum_stack,membership,margin_auc,0.4898
MNIST_QNN_eff_su2_r1_d2_s43,noisy_shot,512,5,2026,ibm_kingston,True,full_main_quantum_stack,membership,correctness_auc,0.4950000000000001
MNIST_QNN_eff_su2_r1_d2_s43,noisy_shot,512,5,2026,ibm_kingston,True,full_main_quantum_stack,membership,max_probability_auc,0.48550000000000004
MNIST_QNN_eff_su2_r1_d2_s43,noisy_shot,512,5,2026,ibm_kingston,True,full_main_quantum_stack,target,generalization_gap_accuracy,-0.009999990463256836
MNIST_QNN_eff_su2_r1_d2_s43,noisy_shot,512,6,2026,ibm_kingston,True,full_main_quantum_stack,train,target_accuracy,0.7599999904632568
MNIST_QNN_eff_su2_r1_d2_s43,noisy_shot,512,6,2026,ibm_kingston,True,full_main_quantum_stack,train,target_loss,0.6467464566230774
MNIST_QNN_eff_su2_r1_d2_s43,noisy_shot,512,6,2026,ibm_kingston,True,full_main_quantum_stack,train,n_records,100.0
MNIST_QNN_eff_su2_r1_d2_s43,noisy_shot,512,6,2026,ibm_kingston,True,full_main_quantum_stack,test,target_accuracy,0.7099999785423279
MNIST_QNN_eff_su2_r1_d2_s43,noisy_shot,512,6,2026,ibm_kingston,True,full_main_quantum_stack,test,target_loss,0.7080307006835938
MNIST_QNN_eff_su2_r1_d2_s43,noisy_shot,512,6,2026,ibm_kingston,True,full_main_quantum_stack,test,n_records,100.0
MNIST_QNN_eff_su2_r1_d2_s43,noisy_shot,512,6,2026,ibm_kingston,True,full_main_quantum_stack,membership,loss_auc,0.5162
MNIST_QNN_eff_su2_r1_d2_s43,noisy_shot,512,6,2026,ibm_kingston,True,full_main_quantum_stack,membership,entropy_auc,0.4816
MNIST_QNN_eff_su2_r1_d2_s43,noisy_shot,512,6,2026,ibm_kingston,True,full_main_quantum_stack,membership,confidence_auc,0.4706
MNIST_QNN_eff_su2_r1_d2_s43,noisy_shot,512,6,2026,ibm_kingston,True,full_main_quantum_stack,membership,margin_auc,0.465
MNIST_QNN_eff_su2_r1_d2_s43,noisy_shot,512,6,2026,ibm_kingston,True,full_main_quantum_stack,membership,correctness_auc,0.525
MNIST_QNN_eff_su2_r1_d2_s43,noisy_shot,512,6,2026,ibm_kingston,True,full_main_quantum_stack,membership,max_probability_auc,0.4706
MNIST_QNN_eff_su2_r1_d2_s43,noisy_shot,512,6,2026,ibm_kingston,True,full_main_quantum_stack,target,generalization_gap_accuracy,0.050000011920928955
MNIST_QNN_eff_su2_r1_d2_s43,noisy_shot,512,7,2026,ibm_kingston,True,full_main_quantum_stack,train,target_accuracy,0.699999988079071
MNIST_QNN_eff_su2_r1_d2_s43,noisy_shot,512,7,2026,ibm_kingston,True,full_main_quantum_stack,train,target_loss,0.6791897416114807
MNIST_QNN_eff_su2_r1_d2_s43,noisy_shot,512,7,2026,ibm_kingston,True,full_main_quantum_stack,train,n_records,100.0
MNIST_QNN_eff_su2_r1_d2_s43,noisy_shot,512,7,2026,ibm_kingston,True,full_main_quantum_stack,test,target_accuracy,0.7099999785423279
MNIST_QNN_eff_su2_r1_d2_s43,noisy_shot,512,7,2026,ibm_kingston,True,full_main_quantum_stack,test,target_loss,0.6983776092529297
MNIST_QNN_eff_su2_r1_d2_s43,noisy_shot,512,7,2026,ibm_kingston,True,full_main_quantum_stack,test,n_records,100.0
MNIST_QNN_eff_su2_r1_d2_s43,noisy_shot,512,7,2026,ibm_kingston,True,full_main_quantum_stack,membership,loss_auc,0.5025000000000001
MNIST_QNN_eff_su2_r1_d2_s43,noisy_shot,512,7,2026,ibm_kingston,True,full_main_quantum_stack,membership,entropy_auc,0.5027999999999999
MNIST_QNN_eff_su2_r1_d2_s43,noisy_shot,512,7,2026,ibm_kingston,True,full_main_quantum_stack,membership,confidence_auc,0.5178999999999999
MNIST_QNN_eff_su2_r1_d2_s43,noisy_shot,512,7,2026,ibm_kingston,True,full_main_quantum_stack,membership,margin_auc,0.5365
MNIST_QNN_eff_su2_r1_d2_s43,noisy_shot,512,7,2026,ibm_kingston,True,full_main_quantum_stack,membership,correctness_auc,0.495
MNIST_QNN_eff_su2_r1_d2_s43,noisy_shot,512,7,2026,ibm_kingston,True,full_main_quantum_stack,membership,max_probability_auc,0.5178999999999999
MNIST_QNN_eff_su2_r1_d2_s43,noisy_shot,512,7,2026,ibm_kingston,True,full_main_quantum_stack,target,generalization_gap_accuracy,-0.009999990463256836
MNIST_QNN_eff_su2_r1_d2_s43,noisy_shot,512,8,2026,ibm_kingston,True,full_main_quantum_stack,train,target_accuracy,0.7599999904632568
MNIST_QNN_eff_su2_r1_d2_s43,noisy_shot,512,8,2026,ibm_kingston,True,full_main_quantum_stack,train,target_loss,0.6402279734611511
MNIST_QNN_eff_su2_r1_d2_s43,noisy_shot,512,8,2026,ibm_kingston,True,full_main_quantum_stack,train,n_records,100.0
MNIST_QNN_eff_su2_r1_d2_s43,noisy_shot,512,8,2026,ibm_kingston,True,full_main_quantum_stack,test,target_accuracy,0.6899999976158142
MNIST_QNN_eff_su2_r1_d2_s43,noisy_shot,512,8,2026,ibm_kingston,True,full_main_quantum_stack,test,target_loss,0.7366071343421936
MNIST_QNN_eff_su2_r1_d2_s43,noisy_shot,512,8,2026,ibm_kingston,True,full_main_quantum_stack,test,n_records,100.0
MNIST_QNN_eff_su2_r1_d2_s43,noisy_shot,512,8,2026,ibm_kingston,True,full_main_quantum_stack,membership,loss_auc,0.5388999999999999
MNIST_QNN_eff_su2_r1_d2_s43,noisy_shot,512,8,2026,ibm_kingston,True,full_main_quantum_stack,membership,entropy_auc,0.5226
MNIST_QNN_eff_su2_r1_d2_s43,noisy_shot,512,8,2026,ibm_kingston,True,full_main_quantum_stack,membership,confidence_auc,0.5184
MNIST_QNN_eff_su2_r1_d2_s43,noisy_shot,512,8,2026,ibm_kingston,True,full_main_quantum_stack,membership,margin_auc,0.5103
MNIST_QNN_eff_su2_r1_d2_s43,noisy_shot,512,8,2026,ibm_kingston,True,full_main_quantum_stack,membership,correctness_auc,0.535
MNIST_QNN_eff_su2_r1_d2_s43,noisy_shot,512,8,2026,ibm_kingston,True,full_main_quantum_stack,membership,max_probability_auc,0.5184
MNIST_QNN_eff_su2_r1_d2_s43,noisy_shot,512,8,2026,ibm_kingston,True,full_main_quantum_stack,target,generalization_gap_accuracy,0.06999999284744263
MNIST_QNN_eff_su2_r1_d2_s43,noisy_shot,512,9,2026,ibm_kingston,True,full_main_quantum_stack,train,target_accuracy,0.7799999713897705
MNIST_QNN_eff_su2_r1_d2_s43,noisy_shot,512,9,2026,ibm_kingston,True,full_main_quantum_stack,train,target_loss,0.6677440404891968
MNIST_QNN_eff_su2_r1_d2_s43,noisy_shot,512,9,2026,ibm_kingston,True,full_main_quantum_stack,train,n_records,100.0
MNIST_QNN_eff_su2_r1_d2_s43,noisy_shot,512,9,2026,ibm_kingston,True,full_main_quantum_stack,test,target_accuracy,0.7099999785423279
MNIST_QNN_eff_su2_r1_d2_s43,noisy_shot,512,9,2026,ibm_kingston,True,full_main_quantum_stack,test,target_loss,0.6623881459236145
MNIST_QNN_eff_su2_r1_d2_s43,noisy_shot,512,9,2026,ibm_kingston,True,full_main_quantum_stack,test,n_records,100.0
MNIST_QNN_eff_su2_r1_d2_s43,noisy_shot,512,9,2026,ibm_kingston,True,full_main_quantum_stack,membership,loss_auc,0.4871
MNIST_QNN_eff_su2_r1_d2_s43,noisy_shot,512,9,2026,ibm_kingston,True,full_main_quantum_stack,membership,entropy_auc,0.4717
MNIST_QNN_eff_su2_r1_d2_s43,noisy_shot,512,9,2026,ibm_kingston,True,full_main_quantum_stack,membership,confidence_auc,0.45170000000000005
MNIST_QNN_eff_su2_r1_d2_s43,noisy_shot,512,9,2026,ibm_kingston,True,full_main_quantum_stack,membership,margin_auc,0.4552
MNIST_QNN_eff_su2_r1_d2_s43,noisy_shot,512,9,2026,ibm_kingston,True,full_main_quantum_stack,membership,correctness_auc,0.535
MNIST_QNN_eff_su2_r1_d2_s43,noisy_shot,512,9,2026,ibm_kingston,True,full_main_quantum_stack,membership,max_probability_auc,0.45170000000000005
MNIST_QNN_eff_su2_r1_d2_s43,noisy_shot,512,9,2026,ibm_kingston,True,full_main_quantum_stack,target,generalization_gap_accuracy,0.06999999284744263
MNIST_QNN_eff_su2_r1_d2_s43,noisy_shot,1024,0,2026,ibm_kingston,True,full_main_quantum_stack,train,target_accuracy,0.7400000095367432
MNIST_QNN_eff_su2_r1_d2_s43,noisy_shot,1024,0,2026,ibm_kingston,True,full_main_quantum_stack,train,target_loss,0.6459028124809265
MNIST_QNN_eff_su2_r1_d2_s43,noisy_shot,1024,0,2026,ibm_kingston,True,full_main_quantum_stack,train,n_records,100.0
MNIST_QNN_eff_su2_r1_d2_s43,noisy_shot,1024,0,2026,ibm_kingston,True,full_main_quantum_stack,test,target_accuracy,0.7099999785423279
MNIST_QNN_eff_su2_r1_d2_s43,noisy_shot,1024,0,2026,ibm_kingston,True,full_main_quantum_stack,test,target_loss,0.6786381602287292
MNIST_QNN_eff_su2_r1_d2_s43,noisy_shot,1024,0,2026,ibm_kingston,True,full_main_quantum_stack,test,n_records,100.0
MNIST_QNN_eff_su2_r1_d2_s43,noisy_shot,1024,0,2026,ibm_kingston,True,full_main_quantum_stack,membership,loss_auc,0.5073000000000001
MNIST_QNN_eff_su2_r1_d2_s43,noisy_shot,1024,0,2026,ibm_kingston,True,full_main_quantum_stack,membership,entropy_auc,0.4728
MNIST_QNN_eff_su2_r1_d2_s43,noisy_shot,1024,0,2026,ibm_kingston,True,full_main_quantum_stack,membership,confidence_auc,0.4765
MNIST_QNN_eff_su2_r1_d2_s43,noisy_shot,1024,0,2026,ibm_kingston,True,full_main_quantum_stack,membership,margin_auc,0.4736
MNIST_QNN_eff_su2_r1_d2_s43,noisy_shot,1024,0,2026,ibm_kingston,True,full_main_quantum_stack,membership,correctness_auc,0.515
MNIST_QNN_eff_su2_r1_d2_s43,noisy_shot,1024,0,2026,ibm_kingston,True,full_main_quantum_stack,membership,max_probability_auc,0.4765
MNIST_QNN_eff_su2_r1_d2_s43,noisy_shot,1024,0,2026,ibm_kingston,True,full_main_quantum_stack,target,generalization_gap_accuracy,0.030000030994415283
MNIST_QNN_eff_su2_r1_d2_s43,noisy_shot,1024,1,2026,ibm_kingston,True,full_main_quantum_stack,train,target_accuracy,0.7200000286102295
MNIST_QNN_eff_su2_r1_d2_s43,noisy_shot,1024,1,2026,ibm_kingston,True,full_main_quantum_stack,train,target_loss,0.6369225978851318
MNIST_QNN_eff_su2_r1_d2_s43,noisy_shot,1024,1,2026,ibm_kingston,True,full_main_quantum_stack,train,n_records,100.0
MNIST_QNN_eff_su2_r1_d2_s43,noisy_shot,1024,1,2026,ibm_kingston,True,full_main_quantum_stack,test,target_accuracy,0.6899999976158142
MNIST_QNN_eff_su2_r1_d2_s43,noisy_shot,1024,1,2026,ibm_kingston,True,full_main_quantum_stack,test,target_loss,0.6863468289375305
MNIST_QNN_eff_su2_r1_d2_s43,noisy_shot,1024,1,2026,ibm_kingston,True,full_main_quantum_stack,test,n_records,100.0
MNIST_QNN_eff_su2_r1_d2_s43,noisy_shot,1024,1,2026,ibm_kingston,True,full_main_quantum_stack,membership,loss_auc,0.5284
MNIST_QNN_eff_su2_r1_d2_s43,noisy_shot,1024,1,2026,ibm_kingston,True,full_main_quantum_stack,membership,entropy_auc,0.5235
MNIST_QNN_eff_su2_r1_d2_s43,noisy_shot,1024,1,2026,ibm_kingston,True,full_main_quantum_stack,membership,confidence_auc,0.5018
MNIST_QNN_eff_su2_r1_d2_s43,noisy_shot,1024,1,2026,ibm_kingston,True,full_main_quantum_stack,membership,margin_auc,0.5050000000000001
MNIST_QNN_eff_su2_r1_d2_s43,noisy_shot,1024,1,2026,ibm_kingston,True,full_main_quantum_stack,membership,correctness_auc,0.515
MNIST_QNN_eff_su2_r1_d2_s43,noisy_shot,1024,1,2026,ibm_kingston,True,full_main_quantum_stack,membership,max_probability_auc,0.5018
MNIST_QNN_eff_su2_r1_d2_s43,noisy_shot,1024,1,2026,ibm_kingston,True,full_main_quantum_stack,target,generalization_gap_accuracy,0.030000030994415283
MNIST_QNN_eff_su2_r1_d2_s43,noisy_shot,1024,2,2026,ibm_kingston,True,full_main_quantum_stack,train,target_accuracy,0.75
MNIST_QNN_eff_su2_r1_d2_s43,noisy_shot,1024,2,2026,ibm_kingston,True,full_main_quantum_stack,train,target_loss,0.6656174659729004
MNIST_QNN_eff_su2_r1_d2_s43,noisy_shot,1024,2,2026,ibm_kingston,True,full_main_quantum_stack,train,n_records,100.0
MNIST_QNN_eff_su2_r1_d2_s43,noisy_shot,1024,2,2026,ibm_kingston,True,full_main_quantum_stack,test,target_accuracy,0.75
MNIST_QNN_eff_su2_r1_d2_s43,noisy_shot,1024,2,2026,ibm_kingston,True,full_main_quantum_stack,test,target_loss,0.6572778224945068
MNIST_QNN_eff_su2_r1_d2_s43,noisy_shot,1024,2,2026,ibm_kingston,True,full_main_quantum_stack,test,n_records,100.0
MNIST_QNN_eff_su2_r1_d2_s43,noisy_shot,1024,2,2026,ibm_kingston,True,full_main_quantum_stack,membership,loss_auc,0.49720000000000003
MNIST_QNN_eff_su2_r1_d2_s43,noisy_shot,1024,2,2026,ibm_kingston,True,full_main_quantum_stack,membership,entropy_auc,0.495
MNIST_QNN_eff_su2_r1_d2_s43,noisy_shot,1024,2,2026,ibm_kingston,True,full_main_quantum_stack,membership,confidence_auc,0.5052
MNIST_QNN_eff_su2_r1_d2_s43,noisy_shot,1024,2,2026,ibm_kingston,True,full_main_quantum_stack,membership,margin_auc,0.5123
MNIST_QNN_eff_su2_r1_d2_s43,noisy_shot,1024,2,2026,ibm_kingston,True,full_main_quantum_stack,membership,correctness_auc,0.5
MNIST_QNN_eff_su2_r1_d2_s43,noisy_shot,1024,2,2026,ibm_kingston,True,full_main_quantum_stack,membership,max_probability_auc,0.5052
MNIST_QNN_eff_su2_r1_d2_s43,noisy_shot,1024,2,2026,ibm_kingston,True,full_main_quantum_stack,target,generalization_gap_accuracy,0.0
MNIST_QNN_eff_su2_r1_d2_s43,noisy_shot,1024,3,2026,ibm_kingston,True,full_main_quantum_stack,train,target_accuracy,0.6899999976158142
MNIST_QNN_eff_su2_r1_d2_s43,noisy_shot,1024,3,2026,ibm_kingston,True,full_main_quantum_stack,train,target_loss,0.6286303997039795
MNIST_QNN_eff_su2_r1_d2_s43,noisy_shot,1024,3,2026,ibm_kingston,True,full_main_quantum_stack,train,n_records,100.0
MNIST_QNN_eff_su2_r1_d2_s43,noisy_shot,1024,3,2026,ibm_kingston,True,full_main_quantum_stack,test,target_accuracy,0.7200000286102295
MNIST_QNN_eff_su2_r1_d2_s43,noisy_shot,1024,3,2026,ibm_kingston,True,full_main_quantum_stack,test,target_loss,0.6637729406356812
MNIST_QNN_eff_su2_r1_d2_s43,noisy_shot,1024,3,2026,ibm_kingston,True,full_main_quantum_stack,test,n_records,100.0
MNIST_QNN_eff_su2_r1_d2_s43,noisy_shot,1024,3,2026,ibm_kingston,True,full_main_quantum_stack,membership,loss_auc,0.5046
MNIST_QNN_eff_su2_r1_d2_s43,noisy_shot,1024,3,2026,ibm_kingston,True,full_main_quantum_stack,membership,entropy_auc,0.476
MNIST_QNN_eff_su2_r1_d2_s43,noisy_shot,1024,3,2026,ibm_kingston,True,full_main_quantum_stack,membership,confidence_auc,0.46940000000000004
MNIST_QNN_eff_su2_r1_d2_s43,noisy_shot,1024,3,2026,ibm_kingston,True,full_main_quantum_stack,membership,margin_auc,0.46959999999999996
MNIST_QNN_eff_su2_r1_d2_s43,noisy_shot,1024,3,2026,ibm_kingston,True,full_main_quantum_stack,membership,correctness_auc,0.485
MNIST_QNN_eff_su2_r1_d2_s43,noisy_shot,1024,3,2026,ibm_kingston,True,full_main_quantum_stack,membership,max_probability_auc,0.46940000000000004
MNIST_QNN_eff_su2_r1_d2_s43,noisy_shot,1024,3,2026,ibm_kingston,True,full_main_quantum_stack,target,generalization_gap_accuracy,-0.030000030994415283
MNIST_QNN_eff_su2_r1_d2_s43,noisy_shot,1024,4,2026,ibm_kingston,True,full_main_quantum_stack,train,target_accuracy,0.75
MNIST_QNN_eff_su2_r1_d2_s43,noisy_shot,1024,4,2026,ibm_kingston,True,full_main_quantum_stack,train,target_loss,0.5970379710197449
MNIST_QNN_eff_su2_r1_d2_s43,noisy_shot,1024,4,2026,ibm_kingston,True,full_main_quantum_stack,train,n_records,100.0
MNIST_QNN_eff_su2_r1_d2_s43,noisy_shot,1024,4,2026,ibm_kingston,True,full_main_quantum_stack,test,target_accuracy,0.6800000071525574
MNIST_QNN_eff_su2_r1_d2_s43,noisy_shot,1024,4,2026,ibm_kingston,True,full_main_quantum_stack,test,target_loss,0.7116082906723022
MNIST_QNN_eff_su2_r1_d2_s43,noisy_shot,1024,4,2026,ibm_kingston,True,full_main_quantum_stack,test,n_records,100.0
MNIST_QNN_eff_su2_r1_d2_s43,noisy_shot,1024,4,2026,ibm_kingston,True,full_main_quantum_stack,membership,loss_auc,0.5509
MNIST_QNN_eff_su2_r1_d2_s43,noisy_shot,1024,4,2026,ibm_kingston,True,full_main_quantum_stack,membership,entropy_auc,0.5289
MNIST_QNN_eff_su2_r1_d2_s43,noisy_shot,1024,4,2026,ibm_kingston,True,full_main_quantum_stack,membership,confidence_auc,0.5317999999999999
MNIST_QNN_eff_su2_r1_d2_s43,noisy_shot,1024,4,2026,ibm_kingston,True,full_main_quantum_stack,membership,margin_auc,0.5401
MNIST_QNN_eff_su2_r1_d2_s43,noisy_shot,1024,4,2026,ibm_kingston,True,full_main_quantum_stack,membership,correctness_auc,0.5349999999999999
MNIST_QNN_eff_su2_r1_d2_s43,noisy_shot,1024,4,2026,ibm_kingston,True,full_main_quantum_stack,membership,max_probability_auc,0.5317999999999999
MNIST_QNN_eff_su2_r1_d2_s43,noisy_shot,1024,4,2026,ibm_kingston,True,full_main_quantum_stack,target,generalization_gap_accuracy,0.06999999284744263
MNIST_QNN_eff_su2_r1_d2_s43,noisy_shot,1024,5,2026,ibm_kingston,True,full_main_quantum_stack,train,target_accuracy,0.75
MNIST_QNN_eff_su2_r1_d2_s43,noisy_shot,1024,5,2026,ibm_kingston,True,full_main_quantum_stack,train,target_loss,0.6265736818313599
MNIST_QNN_eff_su2_r1_d2_s43,noisy_shot,1024,5,2026,ibm_kingston,True,full_main_quantum_stack,train,n_records,100.0
MNIST_QNN_eff_su2_r1_d2_s43,noisy_shot,1024,5,2026,ibm_kingston,True,full_main_quantum_stack,test,target_accuracy,0.7300000190734863
MNIST_QNN_eff_su2_r1_d2_s43,noisy_shot,1024,5,2026,ibm_kingston,True,full_main_quantum_stack,test,target_loss,0.6670793890953064
MNIST_QNN_eff_su2_r1_d2_s43,noisy_shot,1024,5,2026,ibm_kingston,True,full_main_quantum_stack,test,n_records,100.0
MNIST_QNN_eff_su2_r1_d2_s43,noisy_shot,1024,5,2026,ibm_kingston,True,full_main_quantum_stack,membership,loss_auc,0.5289999999999999
MNIST_QNN_eff_su2_r1_d2_s43,noisy_shot,1024,5,2026,ibm_kingston,True,full_main_quantum_stack,membership,entropy_auc,0.5126
MNIST_QNN_eff_su2_r1_d2_s43,noisy_shot,1024,5,2026,ibm_kingston,True,full_main_quantum_stack,membership,confidence_auc,0.5022
MNIST_QNN_eff_su2_r1_d2_s43,noisy_shot,1024,5,2026,ibm_kingston,True,full_main_quantum_stack,membership,margin_auc,0.5061
MNIST_QNN_eff_su2_r1_d2_s43,noisy_shot,1024,5,2026,ibm_kingston,True,full_main_quantum_stack,membership,correctness_auc,0.51
MNIST_QNN_eff_su2_r1_d2_s43,noisy_shot,1024,5,2026,ibm_kingston,True,full_main_quantum_stack,membership,max_probability_auc,0.5022
MNIST_QNN_eff_su2_r1_d2_s43,noisy_shot,1024,5,2026,ibm_kingston,True,full_main_quantum_stack,target,generalization_gap_accuracy,0.019999980926513672
MNIST_QNN_eff_su2_r1_d2_s43,noisy_shot,1024,6,2026,ibm_kingston,True,full_main_quantum_stack,train,target_accuracy,0.75
MNIST_QNN_eff_su2_r1_d2_s43,noisy_shot,1024,6,2026,ibm_kingston,True,full_main_quantum_stack,train,target_loss,0.6429746150970459
MNIST_QNN_eff_su2_r1_d2_s43,noisy_shot,1024,6,2026,ibm_kingston,True,full_main_quantum_stack,train,n_records,100.0
MNIST_QNN_eff_su2_r1_d2_s43,noisy_shot,1024,6,2026,ibm_kingston,True,full_main_quantum_stack,test,target_accuracy,0.75
MNIST_QNN_eff_su2_r1_d2_s43,noisy_shot,1024,6,2026,ibm_kingston,True,full_main_quantum_stack,test,target_loss,0.6673628091812134
MNIST_QNN_eff_su2_r1_d2_s43,noisy_shot,1024,6,2026,ibm_kingston,True,full_main_quantum_stack,test,n_records,100.0
MNIST_QNN_eff_su2_r1_d2_s43,noisy_shot,1024,6,2026,ibm_kingston,True,full_main_quantum_stack,membership,loss_auc,0.5173000000000001
MNIST_QNN_eff_su2_r1_d2_s43,noisy_shot,1024,6,2026,ibm_kingston,True,full_main_quantum_stack,membership,entropy_auc,0.505
MNIST_QNN_eff_su2_r1_d2_s43,noisy_shot,1024,6,2026,ibm_kingston,True,full_main_quantum_stack,membership,confidence_auc,0.49620000000000003
MNIST_QNN_eff_su2_r1_d2_s43,noisy_shot,1024,6,2026,ibm_kingston,True,full_main_quantum_stack,membership,margin_auc,0.49899999999999994
MNIST_QNN_eff_su2_r1_d2_s43,noisy_shot,1024,6,2026,ibm_kingston,True,full_main_quantum_stack,membership,correctness_auc,0.5
MNIST_QNN_eff_su2_r1_d2_s43,noisy_shot,1024,6,2026,ibm_kingston,True,full_main_quantum_stack,membership,max_probability_auc,0.49620000000000003
MNIST_QNN_eff_su2_r1_d2_s43,noisy_shot,1024,6,2026,ibm_kingston,True,full_main_quantum_stack,target,generalization_gap_accuracy,0.0
MNIST_QNN_eff_su2_r1_d2_s43,noisy_shot,1024,7,2026,ibm_kingston,True,full_main_quantum_stack,train,target_accuracy,0.7400000095367432
MNIST_QNN_eff_su2_r1_d2_s43,noisy_shot,1024,7,2026,ibm_kingston,True,full_main_quantum_stack,train,target_loss,0.6308149695396423
MNIST_QNN_eff_su2_r1_d2_s43,noisy_shot,1024,7,2026,ibm_kingston,True,full_main_quantum_stack,train,n_records,100.0
MNIST_QNN_eff_su2_r1_d2_s43,noisy_shot,1024,7,2026,ibm_kingston,True,full_main_quantum_stack,test,target_accuracy,0.7099999785423279
MNIST_QNN_eff_su2_r1_d2_s43,noisy_shot,1024,7,2026,ibm_kingston,True,full_main_quantum_stack,test,target_loss,0.6340349316596985
MNIST_QNN_eff_su2_r1_d2_s43,noisy_shot,1024,7,2026,ibm_kingston,True,full_main_quantum_stack,test,n_records,100.0
MNIST_QNN_eff_su2_r1_d2_s43,noisy_shot,1024,7,2026,ibm_kingston,True,full_main_quantum_stack,membership,loss_auc,0.5164000000000001
MNIST_QNN_eff_su2_r1_d2_s43,noisy_shot,1024,7,2026,ibm_kingston,True,full_main_quantum_stack,membership,entropy_auc,0.5379
MNIST_QNN_eff_su2_r1_d2_s43,noisy_shot,1024,7,2026,ibm_kingston,True,full_main_quantum_stack,membership,confidence_auc,0.5134000000000001
MNIST_QNN_eff_su2_r1_d2_s43,noisy_shot,1024,7,2026,ibm_kingston,True,full_main_quantum_stack,membership,margin_auc,0.5132
MNIST_QNN_eff_su2_r1_d2_s43,noisy_shot,1024,7,2026,ibm_kingston,True,full_main_quantum_stack,membership,correctness_auc,0.515
MNIST_QNN_eff_su2_r1_d2_s43,noisy_shot,1024,7,2026,ibm_kingston,True,full_main_quantum_stack,membership,max_probability_auc,0.5134000000000001
MNIST_QNN_eff_su2_r1_d2_s43,noisy_shot,1024,7,2026,ibm_kingston,True,full_main_quantum_stack,target,generalization_gap_accuracy,0.030000030994415283
MNIST_QNN_eff_su2_r1_d2_s43,noisy_shot,1024,8,2026,ibm_kingston,True,full_main_quantum_stack,train,target_accuracy,0.7400000095367432
MNIST_QNN_eff_su2_r1_d2_s43,noisy_shot,1024,8,2026,ibm_kingston,True,full_main_quantum_stack,train,target_loss,0.6323670744895935
MNIST_QNN_eff_su2_r1_d2_s43,noisy_shot,1024,8,2026,ibm_kingston,True,full_main_quantum_stack,train,n_records,100.0
MNIST_QNN_eff_su2_r1_d2_s43,noisy_shot,1024,8,2026,ibm_kingston,True,full_main_quantum_stack,test,target_accuracy,0.7200000286102295
MNIST_QNN_eff_su2_r1_d2_s43,noisy_shot,1024,8,2026,ibm_kingston,True,full_main_quantum_stack,test,target_loss,0.6834275722503662
MNIST_QNN_eff_su2_r1_d2_s43,noisy_shot,1024,8,2026,ibm_kingston,True,full_main_quantum_stack,test,n_records,100.0
MNIST_QNN_eff_su2_r1_d2_s43,noisy_shot,1024,8,2026,ibm_kingston,True,full_main_quantum_stack,membership,loss_auc,0.521
MNIST_QNN_eff_su2_r1_d2_s43,noisy_shot,1024,8,2026,ibm_kingston,True,full_main_quantum_stack,membership,entropy_auc,0.5136000000000001
MNIST_QNN_eff_su2_r1_d2_s43,noisy_shot,1024,8,2026,ibm_kingston,True,full_main_quantum_stack,membership,confidence_auc,0.5202
MNIST_QNN_eff_su2_r1_d2_s43,noisy_shot,1024,8,2026,ibm_kingston,True,full_main_quantum_stack,membership,margin_auc,0.5257000000000001
MNIST_QNN_eff_su2_r1_d2_s43,noisy_shot,1024,8,2026,ibm_kingston,True,full_main_quantum_stack,membership,correctness_auc,0.51
MNIST_QNN_eff_su2_r1_d2_s43,noisy_shot,1024,8,2026,ibm_kingston,True,full_main_quantum_stack,membership,max_probability_auc,0.5202
MNIST_QNN_eff_su2_r1_d2_s43,noisy_shot,1024,8,2026,ibm_kingston,True,full_main_quantum_stack,target,generalization_gap_accuracy,0.019999980926513672
MNIST_QNN_eff_su2_r1_d2_s43,noisy_shot,1024,9,2026,ibm_kingston,True,full_main_quantum_stack,train,target_accuracy,0.75
MNIST_QNN_eff_su2_r1_d2_s43,noisy_shot,1024,9,2026,ibm_kingston,True,full_main_quantum_stack,train,target_loss,0.6206285953521729
MNIST_QNN_eff_su2_r1_d2_s43,noisy_shot,1024,9,2026,ibm_kingston,True,full_main_quantum_stack,train,n_records,100.0
MNIST_QNN_eff_su2_r1_d2_s43,noisy_shot,1024,9,2026,ibm_kingston,True,full_main_quantum_stack,test,target_accuracy,0.7300000190734863
MNIST_QNN_eff_su2_r1_d2_s43,noisy_shot,1024,9,2026,ibm_kingston,True,full_main_quantum_stack,test,target_loss,0.6696106195449829
MNIST_QNN_eff_su2_r1_d2_s43,noisy_shot,1024,9,2026,ibm_kingston,True,full_main_quantum_stack,test,n_records,100.0
MNIST_QNN_eff_su2_r1_d2_s43,noisy_shot,1024,9,2026,ibm_kingston,True,full_main_quantum_stack,membership,loss_auc,0.5309999999999999
MNIST_QNN_eff_su2_r1_d2_s43,noisy_shot,1024,9,2026,ibm_kingston,True,full_main_quantum_stack,membership,entropy_auc,0.5008999999999999
MNIST_QNN_eff_su2_r1_d2_s43,noisy_shot,1024,9,2026,ibm_kingston,True,full_main_quantum_stack,membership,confidence_auc,0.48940000000000006
MNIST_QNN_eff_su2_r1_d2_s43,noisy_shot,1024,9,2026,ibm_kingston,True,full_main_quantum_stack,membership,margin_auc,0.4956
MNIST_QNN_eff_su2_r1_d2_s43,noisy_shot,1024,9,2026,ibm_kingston,True,full_main_quantum_stack,membership,correctness_auc,0.51
MNIST_QNN_eff_su2_r1_d2_s43,noisy_shot,1024,9,2026,ibm_kingston,True,full_main_quantum_stack,membership,max_probability_auc,0.48940000000000006
MNIST_QNN_eff_su2_r1_d2_s43,noisy_shot,1024,9,2026,ibm_kingston,True,full_main_quantum_stack,target,generalization_gap_accuracy,0.019999980926513672
