strategy,auxiliary_target_count,subset_replicate,shots,attack,n_simulator_seeds,auc,advantage,tpr_at_0_1pct_fpr,tpr_at_1pct_fpr,tpr_at_5pct_fpr
cross_cell_12,12,0,1024,affine_channel_lira,10,0.6028926666666667,0.14733333333333337,0.003333333333333333,0.024333333333333332,0.096
cross_cell_12,12,0,1024,latent_lira_mismatched,10,0.596576,0.14633333333333337,0.004666666666666667,0.014666666666666666,0.07266666666666666
cross_cell_12,12,0,1024,loss_mia,10,0.57747,0.15433333333333332,0.002,0.008,0.04033333333333333
cross_cell_12,12,0,128,affine_channel_lira,10,0.5748953333333333,0.11166666666666664,0.006,0.022333333333333334,0.08633333333333333
cross_cell_12,12,0,128,latent_lira_mismatched,10,0.5680675555555555,0.11233333333333331,0.0,0.01,0.059
cross_cell_12,12,0,128,loss_mia,10,0.5650198888888889,0.12766666666666665,0.0016666666666666666,0.009666666666666667,0.047
cross_cell_12,12,0,512,affine_channel_lira,10,0.5956611111111111,0.13800000000000004,0.0033333333333333335,0.024666666666666667,0.094
cross_cell_12,12,0,512,latent_lira_mismatched,10,0.588883111111111,0.13866666666666666,0.0033333333333333335,0.014333333333333333,0.07233333333333333
cross_cell_12,12,0,512,loss_mia,10,0.5756915555555555,0.15066666666666667,0.0006666666666666666,0.007333333333333333,0.043
cross_cell_2,2,0,1024,affine_channel_lira,10,0.5946822222222222,0.13933333333333334,0.0026666666666666666,0.02366666666666667,0.09333333333333332
cross_cell_2,2,0,1024,latent_lira_mismatched,10,0.596576,0.14633333333333337,0.004666666666666667,0.014666666666666666,0.07266666666666666
cross_cell_2,2,0,1024,loss_mia,10,0.57747,0.15433333333333332,0.002,0.008,0.04033333333333333
cross_cell_2,2,0,128,affine_channel_lira,10,0.5731508888888889,0.11333333333333331,0.004333333333333333,0.023,0.08566666666666667
cross_cell_2,2,0,128,latent_lira_mismatched,10,0.5680675555555555,0.11233333333333331,0.0,0.01,0.059
cross_cell_2,2,0,128,loss_mia,10,0.5650198888888889,0.12766666666666665,0.0016666666666666666,0.009666666666666667,0.047
cross_cell_2,2,0,512,affine_channel_lira,10,0.5894391111111111,0.132,0.0026666666666666666,0.024333333333333332,0.08933333333333333
cross_cell_2,2,0,512,latent_lira_mismatched,10,0.588883111111111,0.13866666666666666,0.0033333333333333335,0.014333333333333333,0.07233333333333333
cross_cell_2,2,0,512,loss_mia,10,0.5756915555555555,0.15066666666666667,0.0006666666666666666,0.007333333333333333,0.043
cross_cell_2,2,1,1024,affine_channel_lira,10,0.6006577777777777,0.1416666666666667,0.003666666666666667,0.02666666666666667,0.09433333333333332
cross_cell_2,2,1,1024,latent_lira_mismatched,10,0.596576,0.14633333333333337,0.004666666666666667,0.014666666666666666,0.07266666666666666
cross_cell_2,2,1,1024,loss_mia,10,0.57747,0.15433333333333332,0.002,0.008,0.04033333333333333
cross_cell_2,2,1,128,affine_channel_lira,10,0.5735735555555556,0.10766666666666667,0.004666666666666667,0.024333333333333332,0.08466666666666667
cross_cell_2,2,1,128,latent_lira_mismatched,10,0.5680675555555555,0.11233333333333331,0.0,0.01,0.059
cross_cell_2,2,1,128,loss_mia,10,0.5650198888888889,0.12766666666666665,0.0016666666666666666,0.009666666666666667,0.047
cross_cell_2,2,1,512,affine_channel_lira,10,0.5945991111111111,0.1366666666666667,0.0033333333333333335,0.024666666666666667,0.092
cross_cell_2,2,1,512,latent_lira_mismatched,10,0.588883111111111,0.13866666666666666,0.0033333333333333335,0.014333333333333333,0.07233333333333333
cross_cell_2,2,1,512,loss_mia,10,0.5756915555555555,0.15066666666666667,0.0006666666666666666,0.007333333333333333,0.043
cross_cell_2,2,10,1024,affine_channel_lira,10,0.606036888888889,0.14833333333333334,0.0033333333333333335,0.025666666666666667,0.101
cross_cell_2,2,10,1024,latent_lira_mismatched,10,0.596576,0.14633333333333337,0.004666666666666667,0.014666666666666666,0.07266666666666666
cross_cell_2,2,10,1024,loss_mia,10,0.57747,0.15433333333333332,0.002,0.008,0.04033333333333333
cross_cell_2,2,10,128,affine_channel_lira,10,0.5720493333333334,0.11566666666666667,0.0013333333333333333,0.020999999999999998,0.079
cross_cell_2,2,10,128,latent_lira_mismatched,10,0.5680675555555555,0.11233333333333331,0.0,0.01,0.059
cross_cell_2,2,10,128,loss_mia,10,0.5650198888888889,0.12766666666666665,0.0016666666666666666,0.009666666666666667,0.047
cross_cell_2,2,10,512,affine_channel_lira,10,0.5967866666666666,0.1383333333333333,0.0026666666666666666,0.025666666666666664,0.09333333333333332
cross_cell_2,2,10,512,latent_lira_mismatched,10,0.588883111111111,0.13866666666666666,0.0033333333333333335,0.014333333333333333,0.07233333333333333
cross_cell_2,2,10,512,loss_mia,10,0.5756915555555555,0.15066666666666667,0.0006666666666666666,0.007333333333333333,0.043
cross_cell_2,2,11,1024,affine_channel_lira,10,0.6021008888888889,0.1426666666666667,0.003,0.025333333333333333,0.099
cross_cell_2,2,11,1024,latent_lira_mismatched,10,0.596576,0.14633333333333337,0.004666666666666667,0.014666666666666666,0.07266666666666666
cross_cell_2,2,11,1024,loss_mia,10,0.57747,0.15433333333333332,0.002,0.008,0.04033333333333333
cross_cell_2,2,11,128,affine_channel_lira,10,0.574616,0.11366666666666667,0.004666666666666667,0.02266666666666667,0.087
cross_cell_2,2,11,128,latent_lira_mismatched,10,0.5680675555555555,0.11233333333333331,0.0,0.01,0.059
cross_cell_2,2,11,128,loss_mia,10,0.5650198888888889,0.12766666666666665,0.0016666666666666666,0.009666666666666667,0.047
cross_cell_2,2,11,512,affine_channel_lira,10,0.5953502222222222,0.13766666666666666,0.003,0.022,0.09366666666666668
cross_cell_2,2,11,512,latent_lira_mismatched,10,0.588883111111111,0.13866666666666666,0.0033333333333333335,0.014333333333333333,0.07233333333333333
cross_cell_2,2,11,512,loss_mia,10,0.5756915555555555,0.15066666666666667,0.0006666666666666666,0.007333333333333333,0.043
cross_cell_2,2,12,1024,affine_channel_lira,10,0.6008662222222222,0.14500000000000005,0.003666666666666667,0.023,0.10033333333333333
cross_cell_2,2,12,1024,latent_lira_mismatched,10,0.596576,0.14633333333333337,0.004666666666666667,0.014666666666666666,0.07266666666666666
cross_cell_2,2,12,1024,loss_mia,10,0.57747,0.15433333333333332,0.002,0.008,0.04033333333333333
cross_cell_2,2,12,128,affine_channel_lira,10,0.5728580000000001,0.11100000000000002,0.004333333333333333,0.021666666666666667,0.08266666666666667
cross_cell_2,2,12,128,latent_lira_mismatched,10,0.5680675555555555,0.11233333333333331,0.0,0.01,0.059
cross_cell_2,2,12,128,loss_mia,10,0.5650198888888889,0.12766666666666665,0.0016666666666666666,0.009666666666666667,0.047
cross_cell_2,2,12,512,affine_channel_lira,10,0.5918464444444445,0.137,0.003,0.021333333333333333,0.09333333333333334
cross_cell_2,2,12,512,latent_lira_mismatched,10,0.588883111111111,0.13866666666666666,0.0033333333333333335,0.014333333333333333,0.07233333333333333
cross_cell_2,2,12,512,loss_mia,10,0.5756915555555555,0.15066666666666667,0.0006666666666666666,0.007333333333333333,0.043
cross_cell_2,2,13,1024,affine_channel_lira,10,0.5980942222222222,0.14333333333333337,0.003333333333333333,0.024333333333333332,0.09366666666666666
cross_cell_2,2,13,1024,latent_lira_mismatched,10,0.596576,0.14633333333333337,0.004666666666666667,0.014666666666666666,0.07266666666666666
cross_cell_2,2,13,1024,loss_mia,10,0.57747,0.15433333333333332,0.002,0.008,0.04033333333333333
cross_cell_2,2,13,128,affine_channel_lira,10,0.5748575555555555,0.11000000000000001,0.006,0.021333333333333333,0.08933333333333333
cross_cell_2,2,13,128,latent_lira_mismatched,10,0.5680675555555555,0.11233333333333331,0.0,0.01,0.059
cross_cell_2,2,13,128,loss_mia,10,0.5650198888888889,0.12766666666666665,0.0016666666666666666,0.009666666666666667,0.047
cross_cell_2,2,13,512,affine_channel_lira,10,0.5927446666666667,0.135,0.0033333333333333335,0.024,0.092
cross_cell_2,2,13,512,latent_lira_mismatched,10,0.588883111111111,0.13866666666666666,0.0033333333333333335,0.014333333333333333,0.07233333333333333
cross_cell_2,2,13,512,loss_mia,10,0.5756915555555555,0.15066666666666667,0.0006666666666666666,0.007333333333333333,0.043
cross_cell_2,2,14,1024,affine_channel_lira,10,0.6001637777777777,0.14200000000000002,0.004,0.02366666666666667,0.10066666666666667
cross_cell_2,2,14,1024,latent_lira_mismatched,10,0.596576,0.14633333333333337,0.004666666666666667,0.014666666666666666,0.07266666666666666
cross_cell_2,2,14,1024,loss_mia,10,0.57747,0.15433333333333332,0.002,0.008,0.04033333333333333
cross_cell_2,2,14,128,affine_channel_lira,10,0.5746326666666667,0.11133333333333334,0.005,0.021333333333333333,0.08666666666666667
cross_cell_2,2,14,128,latent_lira_mismatched,10,0.5680675555555555,0.11233333333333331,0.0,0.01,0.059
cross_cell_2,2,14,128,loss_mia,10,0.5650198888888889,0.12766666666666665,0.0016666666666666666,0.009666666666666667,0.047
cross_cell_2,2,14,512,affine_channel_lira,10,0.5930762222222222,0.13233333333333333,0.0033333333333333335,0.023,0.09666666666666666
cross_cell_2,2,14,512,latent_lira_mismatched,10,0.588883111111111,0.13866666666666666,0.0033333333333333335,0.014333333333333333,0.07233333333333333
cross_cell_2,2,14,512,loss_mia,10,0.5756915555555555,0.15066666666666667,0.0006666666666666666,0.007333333333333333,0.043
cross_cell_2,2,15,1024,affine_channel_lira,10,0.6000006666666666,0.14233333333333334,0.003333333333333333,0.029666666666666668,0.097
cross_cell_2,2,15,1024,latent_lira_mismatched,10,0.596576,0.14633333333333337,0.004666666666666667,0.014666666666666666,0.07266666666666666
cross_cell_2,2,15,1024,loss_mia,10,0.57747,0.15433333333333332,0.002,0.008,0.04033333333333333
cross_cell_2,2,15,128,affine_channel_lira,10,0.5732495555555555,0.10733333333333336,0.005333333333333334,0.023333333333333334,0.08766666666666667
cross_cell_2,2,15,128,latent_lira_mismatched,10,0.5680675555555555,0.11233333333333331,0.0,0.01,0.059
cross_cell_2,2,15,128,loss_mia,10,0.5650198888888889,0.12766666666666665,0.0016666666666666666,0.009666666666666667,0.047
cross_cell_2,2,15,512,affine_channel_lira,10,0.5942566666666667,0.1363333333333333,0.003666666666666667,0.025333333333333333,0.09466666666666666
cross_cell_2,2,15,512,latent_lira_mismatched,10,0.588883111111111,0.13866666666666666,0.0033333333333333335,0.014333333333333333,0.07233333333333333
cross_cell_2,2,15,512,loss_mia,10,0.5756915555555555,0.15066666666666667,0.0006666666666666666,0.007333333333333333,0.043
cross_cell_2,2,16,1024,affine_channel_lira,10,0.5987995555555556,0.14966666666666664,0.004333333333333333,0.024,0.09766666666666667
cross_cell_2,2,16,1024,latent_lira_mismatched,10,0.596576,0.14633333333333337,0.004666666666666667,0.014666666666666666,0.07266666666666666
cross_cell_2,2,16,1024,loss_mia,10,0.57747,0.15433333333333332,0.002,0.008,0.04033333333333333
cross_cell_2,2,16,128,affine_channel_lira,10,0.5728424444444444,0.11433333333333334,0.005,0.018333333333333333,0.08633333333333333
cross_cell_2,2,16,128,latent_lira_mismatched,10,0.5680675555555555,0.11233333333333331,0.0,0.01,0.059
cross_cell_2,2,16,128,loss_mia,10,0.5650198888888889,0.12766666666666665,0.0016666666666666666,0.009666666666666667,0.047
cross_cell_2,2,16,512,affine_channel_lira,10,0.5900915555555555,0.13133333333333333,0.003666666666666667,0.021333333333333333,0.09133333333333334
cross_cell_2,2,16,512,latent_lira_mismatched,10,0.588883111111111,0.13866666666666666,0.0033333333333333335,0.014333333333333333,0.07233333333333333
cross_cell_2,2,16,512,loss_mia,10,0.5756915555555555,0.15066666666666667,0.0006666666666666666,0.007333333333333333,0.043
cross_cell_2,2,17,1024,affine_channel_lira,10,0.6046848888888889,0.15066666666666667,0.004,0.03033333333333333,0.1
cross_cell_2,2,17,1024,latent_lira_mismatched,10,0.596576,0.14633333333333337,0.004666666666666667,0.014666666666666666,0.07266666666666666
cross_cell_2,2,17,1024,loss_mia,10,0.57747,0.15433333333333332,0.002,0.008,0.04033333333333333
cross_cell_2,2,17,128,affine_channel_lira,10,0.5742286666666667,0.11033333333333334,0.004333333333333333,0.024,0.088
cross_cell_2,2,17,128,latent_lira_mismatched,10,0.5680675555555555,0.11233333333333331,0.0,0.01,0.059
cross_cell_2,2,17,128,loss_mia,10,0.5650198888888889,0.12766666666666665,0.0016666666666666666,0.009666666666666667,0.047
cross_cell_2,2,17,512,affine_channel_lira,10,0.5979291111111111,0.13866666666666666,0.004333333333333333,0.027000000000000003,0.09666666666666666
cross_cell_2,2,17,512,latent_lira_mismatched,10,0.588883111111111,0.13866666666666666,0.0033333333333333335,0.014333333333333333,0.07233333333333333
cross_cell_2,2,17,512,loss_mia,10,0.5756915555555555,0.15066666666666667,0.0006666666666666666,0.007333333333333333,0.043
cross_cell_2,2,18,1024,affine_channel_lira,10,0.599942,0.14400000000000004,0.004666666666666667,0.024666666666666667,0.10166666666666666
cross_cell_2,2,18,1024,latent_lira_mismatched,10,0.596576,0.14633333333333337,0.004666666666666667,0.014666666666666666,0.07266666666666666
cross_cell_2,2,18,1024,loss_mia,10,0.57747,0.15433333333333332,0.002,0.008,0.04033333333333333
cross_cell_2,2,18,128,affine_channel_lira,10,0.5741435555555556,0.11099999999999999,0.004,0.019333333333333334,0.086
cross_cell_2,2,18,128,latent_lira_mismatched,10,0.5680675555555555,0.11233333333333331,0.0,0.01,0.059
cross_cell_2,2,18,128,loss_mia,10,0.5650198888888889,0.12766666666666665,0.0016666666666666666,0.009666666666666667,0.047
cross_cell_2,2,18,512,affine_channel_lira,10,0.5940024444444445,0.13499999999999998,0.004,0.024666666666666667,0.096
cross_cell_2,2,18,512,latent_lira_mismatched,10,0.588883111111111,0.13866666666666666,0.0033333333333333335,0.014333333333333333,0.07233333333333333
cross_cell_2,2,18,512,loss_mia,10,0.5756915555555555,0.15066666666666667,0.0006666666666666666,0.007333333333333333,0.043
cross_cell_2,2,19,1024,affine_channel_lira,10,0.5924282222222222,0.14033333333333334,0.003666666666666667,0.024666666666666667,0.091
cross_cell_2,2,19,1024,latent_lira_mismatched,10,0.596576,0.14633333333333337,0.004666666666666667,0.014666666666666666,0.07266666666666666
cross_cell_2,2,19,1024,loss_mia,10,0.57747,0.15433333333333332,0.002,0.008,0.04033333333333333
cross_cell_2,2,19,128,affine_channel_lira,10,0.5713084444444445,0.1146666666666667,0.0033333333333333335,0.020666666666666667,0.08299999999999999
cross_cell_2,2,19,128,latent_lira_mismatched,10,0.5680675555555555,0.11233333333333331,0.0,0.01,0.059
cross_cell_2,2,19,128,loss_mia,10,0.5650198888888889,0.12766666666666665,0.0016666666666666666,0.009666666666666667,0.047
cross_cell_2,2,19,512,affine_channel_lira,10,0.587334888888889,0.13566666666666663,0.0026666666666666666,0.021333333333333333,0.092
cross_cell_2,2,19,512,latent_lira_mismatched,10,0.588883111111111,0.13866666666666666,0.0033333333333333335,0.014333333333333333,0.07233333333333333
cross_cell_2,2,19,512,loss_mia,10,0.5756915555555555,0.15066666666666667,0.0006666666666666666,0.007333333333333333,0.043
cross_cell_2,2,2,1024,affine_channel_lira,10,0.600036,0.14833333333333337,0.005,0.024666666666666667,0.097
cross_cell_2,2,2,1024,latent_lira_mismatched,10,0.596576,0.14633333333333337,0.004666666666666667,0.014666666666666666,0.07266666666666666
cross_cell_2,2,2,1024,loss_mia,10,0.57747,0.15433333333333332,0.002,0.008,0.04033333333333333
cross_cell_2,2,2,128,affine_channel_lira,10,0.5704797777777778,0.11100000000000002,0.006333333333333333,0.022333333333333334,0.08433333333333333
cross_cell_2,2,2,128,latent_lira_mismatched,10,0.5680675555555555,0.11233333333333331,0.0,0.01,0.059
cross_cell_2,2,2,128,loss_mia,10,0.5650198888888889,0.12766666666666665,0.0016666666666666666,0.009666666666666667,0.047
cross_cell_2,2,2,512,affine_channel_lira,10,0.5902099999999999,0.1376666666666667,0.004333333333333333,0.026,0.09333333333333332
cross_cell_2,2,2,512,latent_lira_mismatched,10,0.588883111111111,0.13866666666666666,0.0033333333333333335,0.014333333333333333,0.07233333333333333
cross_cell_2,2,2,512,loss_mia,10,0.5756915555555555,0.15066666666666667,0.0006666666666666666,0.007333333333333333,0.043
cross_cell_2,2,20,1024,affine_channel_lira,10,0.5993326666666667,0.1426666666666667,0.0033333333333333335,0.023333333333333334,0.096
cross_cell_2,2,20,1024,latent_lira_mismatched,10,0.596576,0.14633333333333337,0.004666666666666667,0.014666666666666666,0.07266666666666666
cross_cell_2,2,20,1024,loss_mia,10,0.57747,0.15433333333333332,0.002,0.008,0.04033333333333333
cross_cell_2,2,20,128,affine_channel_lira,10,0.5740924444444445,0.11233333333333334,0.004666666666666667,0.023,0.08433333333333334
cross_cell_2,2,20,128,latent_lira_mismatched,10,0.5680675555555555,0.11233333333333331,0.0,0.01,0.059
cross_cell_2,2,20,128,loss_mia,10,0.5650198888888889,0.12766666666666665,0.0016666666666666666,0.009666666666666667,0.047
cross_cell_2,2,20,512,affine_channel_lira,10,0.5918997777777777,0.136,0.0033333333333333335,0.023,0.09333333333333334
cross_cell_2,2,20,512,latent_lira_mismatched,10,0.588883111111111,0.13866666666666666,0.0033333333333333335,0.014333333333333333,0.07233333333333333
cross_cell_2,2,20,512,loss_mia,10,0.5756915555555555,0.15066666666666667,0.0006666666666666666,0.007333333333333333,0.043
cross_cell_2,2,21,1024,affine_channel_lira,10,0.6014237777777778,0.15133333333333332,0.002666666666666667,0.020999999999999998,0.08933333333333333
cross_cell_2,2,21,1024,latent_lira_mismatched,10,0.596576,0.14633333333333337,0.004666666666666667,0.014666666666666666,0.07266666666666666
cross_cell_2,2,21,1024,loss_mia,10,0.57747,0.15433333333333332,0.002,0.008,0.04033333333333333
cross_cell_2,2,21,128,affine_channel_lira,10,0.5724497777777777,0.11666666666666667,0.002,0.020999999999999998,0.07933333333333334
cross_cell_2,2,21,128,latent_lira_mismatched,10,0.5680675555555555,0.11233333333333331,0.0,0.01,0.059
cross_cell_2,2,21,128,loss_mia,10,0.5650198888888889,0.12766666666666665,0.0016666666666666666,0.009666666666666667,0.047
cross_cell_2,2,21,512,affine_channel_lira,10,0.5940253333333334,0.1413333333333333,0.002333333333333333,0.02366666666666667,0.08633333333333333
cross_cell_2,2,21,512,latent_lira_mismatched,10,0.588883111111111,0.13866666666666666,0.0033333333333333335,0.014333333333333333,0.07233333333333333
cross_cell_2,2,21,512,loss_mia,10,0.5756915555555555,0.15066666666666667,0.0006666666666666666,0.007333333333333333,0.043
cross_cell_2,2,22,1024,affine_channel_lira,10,0.6026286666666667,0.15100000000000005,0.006,0.026666666666666665,0.09866666666666667
cross_cell_2,2,22,1024,latent_lira_mismatched,10,0.596576,0.14633333333333337,0.004666666666666667,0.014666666666666666,0.07266666666666666
cross_cell_2,2,22,1024,loss_mia,10,0.57747,0.15433333333333332,0.002,0.008,0.04033333333333333
cross_cell_2,2,22,128,affine_channel_lira,10,0.5738064444444444,0.10800000000000001,0.007333333333333334,0.023333333333333334,0.089
cross_cell_2,2,22,128,latent_lira_mismatched,10,0.5680675555555555,0.11233333333333331,0.0,0.01,0.059
cross_cell_2,2,22,128,loss_mia,10,0.5650198888888889,0.12766666666666665,0.0016666666666666666,0.009666666666666667,0.047
cross_cell_2,2,22,512,affine_channel_lira,10,0.5948304444444444,0.13899999999999998,0.005,0.025666666666666664,0.09633333333333333
cross_cell_2,2,22,512,latent_lira_mismatched,10,0.588883111111111,0.13866666666666666,0.0033333333333333335,0.014333333333333333,0.07233333333333333
cross_cell_2,2,22,512,loss_mia,10,0.5756915555555555,0.15066666666666667,0.0006666666666666666,0.007333333333333333,0.043
cross_cell_2,2,23,1024,affine_channel_lira,10,0.5975337777777777,0.14633333333333332,0.005333333333333333,0.023333333333333334,0.096
cross_cell_2,2,23,1024,latent_lira_mismatched,10,0.596576,0.14633333333333337,0.004666666666666667,0.014666666666666666,0.07266666666666666
cross_cell_2,2,23,1024,loss_mia,10,0.57747,0.15433333333333332,0.002,0.008,0.04033333333333333
cross_cell_2,2,23,128,affine_channel_lira,10,0.5729984444444445,0.11500000000000002,0.005,0.021333333333333333,0.08533333333333333
cross_cell_2,2,23,128,latent_lira_mismatched,10,0.5680675555555555,0.11233333333333331,0.0,0.01,0.059
cross_cell_2,2,23,128,loss_mia,10,0.5650198888888889,0.12766666666666665,0.0016666666666666666,0.009666666666666667,0.047
cross_cell_2,2,23,512,affine_channel_lira,10,0.5900153333333333,0.13566666666666669,0.004,0.023,0.09066666666666667
cross_cell_2,2,23,512,latent_lira_mismatched,10,0.588883111111111,0.13866666666666666,0.0033333333333333335,0.014333333333333333,0.07233333333333333
cross_cell_2,2,23,512,loss_mia,10,0.5756915555555555,0.15066666666666667,0.0006666666666666666,0.007333333333333333,0.043
cross_cell_2,2,24,1024,affine_channel_lira,10,0.5906148888888889,0.13966666666666672,0.003,0.025333333333333333,0.08766666666666667
cross_cell_2,2,24,1024,latent_lira_mismatched,10,0.596576,0.14633333333333337,0.004666666666666667,0.014666666666666666,0.07266666666666666
cross_cell_2,2,24,1024,loss_mia,10,0.57747,0.15433333333333332,0.002,0.008,0.04033333333333333
cross_cell_2,2,24,128,affine_channel_lira,10,0.5710086666666667,0.11466666666666667,0.004333333333333333,0.022,0.08433333333333333
cross_cell_2,2,24,128,latent_lira_mismatched,10,0.5680675555555555,0.11233333333333331,0.0,0.01,0.059
cross_cell_2,2,24,128,loss_mia,10,0.5650198888888889,0.12766666666666665,0.0016666666666666666,0.009666666666666667,0.047
cross_cell_2,2,24,512,affine_channel_lira,10,0.5859593333333333,0.12800000000000003,0.0026666666666666666,0.02366666666666667,0.08833333333333333
cross_cell_2,2,24,512,latent_lira_mismatched,10,0.588883111111111,0.13866666666666666,0.0033333333333333335,0.014333333333333333,0.07233333333333333
cross_cell_2,2,24,512,loss_mia,10,0.5756915555555555,0.15066666666666667,0.0006666666666666666,0.007333333333333333,0.043
cross_cell_2,2,25,1024,affine_channel_lira,10,0.59893,0.14600000000000005,0.004333333333333333,0.02266666666666667,0.095
cross_cell_2,2,25,1024,latent_lira_mismatched,10,0.596576,0.14633333333333337,0.004666666666666667,0.014666666666666666,0.07266666666666666
cross_cell_2,2,25,1024,loss_mia,10,0.57747,0.15433333333333332,0.002,0.008,0.04033333333333333
cross_cell_2,2,25,128,affine_channel_lira,10,0.5729651111111111,0.11200000000000002,0.005666666666666667,0.020666666666666667,0.08466666666666667
cross_cell_2,2,25,128,latent_lira_mismatched,10,0.5680675555555555,0.11233333333333331,0.0,0.01,0.059
cross_cell_2,2,25,128,loss_mia,10,0.5650198888888889,0.12766666666666665,0.0016666666666666666,0.009666666666666667,0.047
cross_cell_2,2,25,512,affine_channel_lira,10,0.5907928888888889,0.13333333333333333,0.004,0.025,0.09
cross_cell_2,2,25,512,latent_lira_mismatched,10,0.588883111111111,0.13866666666666666,0.0033333333333333335,0.014333333333333333,0.07233333333333333
cross_cell_2,2,25,512,loss_mia,10,0.5756915555555555,0.15066666666666667,0.0006666666666666666,0.007333333333333333,0.043
cross_cell_2,2,26,1024,affine_channel_lira,10,0.601218888888889,0.14233333333333334,0.003,0.023,0.09366666666666668
cross_cell_2,2,26,1024,latent_lira_mismatched,10,0.596576,0.14633333333333337,0.004666666666666667,0.014666666666666666,0.07266666666666666
cross_cell_2,2,26,1024,loss_mia,10,0.57747,0.15433333333333332,0.002,0.008,0.04033333333333333
cross_cell_2,2,26,128,affine_channel_lira,10,0.5732686666666666,0.10966666666666666,0.002,0.02,0.08266666666666667
cross_cell_2,2,26,128,latent_lira_mismatched,10,0.5680675555555555,0.11233333333333331,0.0,0.01,0.059
cross_cell_2,2,26,128,loss_mia,10,0.5650198888888889,0.12766666666666665,0.0016666666666666666,0.009666666666666667,0.047
cross_cell_2,2,26,512,affine_channel_lira,10,0.594454,0.13600000000000004,0.0026666666666666666,0.024666666666666667,0.09266666666666667
cross_cell_2,2,26,512,latent_lira_mismatched,10,0.588883111111111,0.13866666666666666,0.0033333333333333335,0.014333333333333333,0.07233333333333333
cross_cell_2,2,26,512,loss_mia,10,0.5756915555555555,0.15066666666666667,0.0006666666666666666,0.007333333333333333,0.043
cross_cell_2,2,27,1024,affine_channel_lira,10,0.6044486666666666,0.148,0.004333333333333333,0.03033333333333333,0.09733333333333333
cross_cell_2,2,27,1024,latent_lira_mismatched,10,0.596576,0.14633333333333337,0.004666666666666667,0.014666666666666666,0.07266666666666666
cross_cell_2,2,27,1024,loss_mia,10,0.57747,0.15433333333333332,0.002,0.008,0.04033333333333333
cross_cell_2,2,27,128,affine_channel_lira,10,0.5740062222222222,0.11300000000000002,0.005,0.024333333333333332,0.087
cross_cell_2,2,27,128,latent_lira_mismatched,10,0.5680675555555555,0.11233333333333331,0.0,0.01,0.059
cross_cell_2,2,27,128,loss_mia,10,0.5650198888888889,0.12766666666666665,0.0016666666666666666,0.009666666666666667,0.047
cross_cell_2,2,27,512,affine_channel_lira,10,0.5972528888888888,0.1383333333333334,0.004,0.028,0.09533333333333333
cross_cell_2,2,27,512,latent_lira_mismatched,10,0.588883111111111,0.13866666666666666,0.0033333333333333335,0.014333333333333333,0.07233333333333333
cross_cell_2,2,27,512,loss_mia,10,0.5756915555555555,0.15066666666666667,0.0006666666666666666,0.007333333333333333,0.043
cross_cell_2,2,28,1024,affine_channel_lira,10,0.5983631111111111,0.14533333333333337,0.004,0.022,0.09666666666666666
cross_cell_2,2,28,1024,latent_lira_mismatched,10,0.596576,0.14633333333333337,0.004666666666666667,0.014666666666666666,0.07266666666666666
cross_cell_2,2,28,1024,loss_mia,10,0.57747,0.15433333333333332,0.002,0.008,0.04033333333333333
cross_cell_2,2,28,128,affine_channel_lira,10,0.5728035555555555,0.11233333333333331,0.004,0.020333333333333335,0.08366666666666667
cross_cell_2,2,28,128,latent_lira_mismatched,10,0.5680675555555555,0.11233333333333331,0.0,0.01,0.059
cross_cell_2,2,28,128,loss_mia,10,0.5650198888888889,0.12766666666666665,0.0016666666666666666,0.009666666666666667,0.047
cross_cell_2,2,28,512,affine_channel_lira,10,0.5905171111111112,0.132,0.003666666666666667,0.023,0.095
cross_cell_2,2,28,512,latent_lira_mismatched,10,0.588883111111111,0.13866666666666666,0.0033333333333333335,0.014333333333333333,0.07233333333333333
cross_cell_2,2,28,512,loss_mia,10,0.5756915555555555,0.15066666666666667,0.0006666666666666666,0.007333333333333333,0.043
cross_cell_2,2,29,1024,affine_channel_lira,10,0.6014946666666667,0.14566666666666667,0.002333333333333333,0.027,0.09433333333333332
cross_cell_2,2,29,1024,latent_lira_mismatched,10,0.596576,0.14633333333333337,0.004666666666666667,0.014666666666666666,0.07266666666666666
cross_cell_2,2,29,1024,loss_mia,10,0.57747,0.15433333333333332,0.002,0.008,0.04033333333333333
cross_cell_2,2,29,128,affine_channel_lira,10,0.5726982222222223,0.11433333333333334,0.002333333333333333,0.019666666666666666,0.08299999999999999
cross_cell_2,2,29,128,latent_lira_mismatched,10,0.5680675555555555,0.11233333333333331,0.0,0.01,0.059
cross_cell_2,2,29,128,loss_mia,10,0.5650198888888889,0.12766666666666665,0.0016666666666666666,0.009666666666666667,0.047
cross_cell_2,2,29,512,affine_channel_lira,10,0.5960431111111111,0.138,0.003666666666666667,0.024666666666666667,0.093
cross_cell_2,2,29,512,latent_lira_mismatched,10,0.588883111111111,0.13866666666666666,0.0033333333333333335,0.014333333333333333,0.07233333333333333
cross_cell_2,2,29,512,loss_mia,10,0.5756915555555555,0.15066666666666667,0.0006666666666666666,0.007333333333333333,0.043
cross_cell_2,2,3,1024,affine_channel_lira,10,0.6008593333333334,0.1486666666666667,0.004666666666666667,0.024,0.09033333333333333
cross_cell_2,2,3,1024,latent_lira_mismatched,10,0.596576,0.14633333333333337,0.004666666666666667,0.014666666666666666,0.07266666666666666
cross_cell_2,2,3,1024,loss_mia,10,0.57747,0.15433333333333332,0.002,0.008,0.04033333333333333
cross_cell_2,2,3,128,affine_channel_lira,10,0.5749695555555556,0.10866666666666669,0.006,0.023,0.08633333333333333
cross_cell_2,2,3,128,latent_lira_mismatched,10,0.5680675555555555,0.11233333333333331,0.0,0.01,0.059
cross_cell_2,2,3,128,loss_mia,10,0.5650198888888889,0.12766666666666665,0.0016666666666666666,0.009666666666666667,0.047
cross_cell_2,2,3,512,affine_channel_lira,10,0.5944437777777778,0.13899999999999998,0.004,0.025,0.09166666666666667
cross_cell_2,2,3,512,latent_lira_mismatched,10,0.588883111111111,0.13866666666666666,0.0033333333333333335,0.014333333333333333,0.07233333333333333
cross_cell_2,2,3,512,loss_mia,10,0.5756915555555555,0.15066666666666667,0.0006666666666666666,0.007333333333333333,0.043
cross_cell_2,2,30,1024,affine_channel_lira,10,0.6017842222222223,0.14800000000000002,0.0026666666666666666,0.027666666666666666,0.09466666666666666
cross_cell_2,2,30,1024,latent_lira_mismatched,10,0.596576,0.14633333333333337,0.004666666666666667,0.014666666666666666,0.07266666666666666
cross_cell_2,2,30,1024,loss_mia,10,0.57747,0.15433333333333332,0.002,0.008,0.04033333333333333
cross_cell_2,2,30,128,affine_channel_lira,10,0.5710473333333332,0.11533333333333334,0.0033333333333333335,0.022333333333333334,0.08399999999999999
cross_cell_2,2,30,128,latent_lira_mismatched,10,0.5680675555555555,0.11233333333333331,0.0,0.01,0.059
cross_cell_2,2,30,128,loss_mia,10,0.5650198888888889,0.12766666666666665,0.0016666666666666666,0.009666666666666667,0.047
cross_cell_2,2,30,512,affine_channel_lira,10,0.5952077777777778,0.13833333333333336,0.003333333333333333,0.024666666666666667,0.09166666666666667
cross_cell_2,2,30,512,latent_lira_mismatched,10,0.588883111111111,0.13866666666666666,0.0033333333333333335,0.014333333333333333,0.07233333333333333
cross_cell_2,2,30,512,loss_mia,10,0.5756915555555555,0.15066666666666667,0.0006666666666666666,0.007333333333333333,0.043
cross_cell_2,2,31,1024,affine_channel_lira,10,0.602546,0.149,0.004,0.020333333333333335,0.09566666666666668
cross_cell_2,2,31,1024,latent_lira_mismatched,10,0.596576,0.14633333333333337,0.004666666666666667,0.014666666666666666,0.07266666666666666
cross_cell_2,2,31,1024,loss_mia,10,0.57747,0.15433333333333332,0.002,0.008,0.04033333333333333
cross_cell_2,2,31,128,affine_channel_lira,10,0.5764384444444444,0.11599999999999999,0.005333333333333333,0.02266666666666667,0.08866666666666667
cross_cell_2,2,31,128,latent_lira_mismatched,10,0.5680675555555555,0.11233333333333331,0.0,0.01,0.059
cross_cell_2,2,31,128,loss_mia,10,0.5650198888888889,0.12766666666666665,0.0016666666666666666,0.009666666666666667,0.047
cross_cell_2,2,31,512,affine_channel_lira,10,0.5944217777777778,0.137,0.0033333333333333335,0.019666666666666666,0.094
cross_cell_2,2,31,512,latent_lira_mismatched,10,0.588883111111111,0.13866666666666666,0.0033333333333333335,0.014333333333333333,0.07233333333333333
cross_cell_2,2,31,512,loss_mia,10,0.5756915555555555,0.15066666666666667,0.0006666666666666666,0.007333333333333333,0.043
cross_cell_2,2,32,1024,affine_channel_lira,10,0.6040542222222222,0.15200000000000005,0.004,0.026333333333333334,0.09366666666666668
cross_cell_2,2,32,1024,latent_lira_mismatched,10,0.596576,0.14633333333333337,0.004666666666666667,0.014666666666666666,0.07266666666666666
cross_cell_2,2,32,1024,loss_mia,10,0.57747,0.15433333333333332,0.002,0.008,0.04033333333333333
cross_cell_2,2,32,128,affine_channel_lira,10,0.5727931111111111,0.11266666666666666,0.004666666666666667,0.021666666666666667,0.08666666666666667
cross_cell_2,2,32,128,latent_lira_mismatched,10,0.5680675555555555,0.11233333333333331,0.0,0.01,0.059
cross_cell_2,2,32,128,loss_mia,10,0.5650198888888889,0.12766666666666665,0.0016666666666666666,0.009666666666666667,0.047
cross_cell_2,2,32,512,affine_channel_lira,10,0.5968762222222221,0.14100000000000001,0.0033333333333333335,0.024666666666666667,0.093
cross_cell_2,2,32,512,latent_lira_mismatched,10,0.588883111111111,0.13866666666666666,0.0033333333333333335,0.014333333333333333,0.07233333333333333
cross_cell_2,2,32,512,loss_mia,10,0.5756915555555555,0.15066666666666667,0.0006666666666666666,0.007333333333333333,0.043
cross_cell_2,2,33,1024,affine_channel_lira,10,0.5985184444444445,0.144,0.0033333333333333335,0.02466666666666667,0.09566666666666668
cross_cell_2,2,33,1024,latent_lira_mismatched,10,0.596576,0.14633333333333337,0.004666666666666667,0.014666666666666666,0.07266666666666666
cross_cell_2,2,33,1024,loss_mia,10,0.57747,0.15433333333333332,0.002,0.008,0.04033333333333333
cross_cell_2,2,33,128,affine_channel_lira,10,0.5716953333333333,0.11099999999999999,0.0033333333333333335,0.021333333333333333,0.079
cross_cell_2,2,33,128,latent_lira_mismatched,10,0.5680675555555555,0.11233333333333331,0.0,0.01,0.059
cross_cell_2,2,33,128,loss_mia,10,0.5650198888888889,0.12766666666666665,0.0016666666666666666,0.009666666666666667,0.047
cross_cell_2,2,33,512,affine_channel_lira,10,0.5914897777777778,0.1353333333333334,0.0033333333333333335,0.021666666666666667,0.089
cross_cell_2,2,33,512,latent_lira_mismatched,10,0.588883111111111,0.13866666666666666,0.0033333333333333335,0.014333333333333333,0.07233333333333333
cross_cell_2,2,33,512,loss_mia,10,0.5756915555555555,0.15066666666666667,0.0006666666666666666,0.007333333333333333,0.043
cross_cell_2,2,34,1024,affine_channel_lira,10,0.6041557777777777,0.152,0.003333333333333333,0.027000000000000003,0.09466666666666666
cross_cell_2,2,34,1024,latent_lira_mismatched,10,0.596576,0.14633333333333337,0.004666666666666667,0.014666666666666666,0.07266666666666666
cross_cell_2,2,34,1024,loss_mia,10,0.57747,0.15433333333333332,0.002,0.008,0.04033333333333333
cross_cell_2,2,34,128,affine_channel_lira,10,0.5727888888888889,0.11166666666666669,0.004,0.024333333333333332,0.08733333333333333
cross_cell_2,2,34,128,latent_lira_mismatched,10,0.5680675555555555,0.11233333333333331,0.0,0.01,0.059
cross_cell_2,2,34,128,loss_mia,10,0.5650198888888889,0.12766666666666665,0.0016666666666666666,0.009666666666666667,0.047
cross_cell_2,2,34,512,affine_channel_lira,10,0.596724,0.1403333333333333,0.004,0.024333333333333332,0.096
cross_cell_2,2,34,512,latent_lira_mismatched,10,0.588883111111111,0.13866666666666666,0.0033333333333333335,0.014333333333333333,0.07233333333333333
cross_cell_2,2,34,512,loss_mia,10,0.5756915555555555,0.15066666666666667,0.0006666666666666666,0.007333333333333333,0.043
cross_cell_2,2,35,1024,affine_channel_lira,10,0.6035957777777778,0.15133333333333332,0.0026666666666666666,0.026333333333333334,0.09466666666666668
cross_cell_2,2,35,1024,latent_lira_mismatched,10,0.596576,0.14633333333333337,0.004666666666666667,0.014666666666666666,0.07266666666666666
cross_cell_2,2,35,1024,loss_mia,10,0.57747,0.15433333333333332,0.002,0.008,0.04033333333333333
cross_cell_2,2,35,128,affine_channel_lira,10,0.5726873333333333,0.11533333333333337,0.004333333333333333,0.021333333333333333,0.08199999999999999
cross_cell_2,2,35,128,latent_lira_mismatched,10,0.5680675555555555,0.11233333333333331,0.0,0.01,0.059
cross_cell_2,2,35,128,loss_mia,10,0.5650198888888889,0.12766666666666665,0.0016666666666666666,0.009666666666666667,0.047
cross_cell_2,2,35,512,affine_channel_lira,10,0.5957282222222222,0.13866666666666666,0.003333333333333333,0.025666666666666664,0.09033333333333333
cross_cell_2,2,35,512,latent_lira_mismatched,10,0.588883111111111,0.13866666666666666,0.0033333333333333335,0.014333333333333333,0.07233333333333333
cross_cell_2,2,35,512,loss_mia,10,0.5756915555555555,0.15066666666666667,0.0006666666666666666,0.007333333333333333,0.043
cross_cell_2,2,36,1024,affine_channel_lira,10,0.6051753333333334,0.14933333333333337,0.004333333333333333,0.024666666666666667,0.09633333333333333
cross_cell_2,2,36,1024,latent_lira_mismatched,10,0.596576,0.14633333333333337,0.004666666666666667,0.014666666666666666,0.07266666666666666
cross_cell_2,2,36,1024,loss_mia,10,0.57747,0.15433333333333332,0.002,0.008,0.04033333333333333
cross_cell_2,2,36,128,affine_channel_lira,10,0.5756775555555556,0.11066666666666669,0.004666666666666667,0.022333333333333334,0.08933333333333333
cross_cell_2,2,36,128,latent_lira_mismatched,10,0.5680675555555555,0.11233333333333331,0.0,0.01,0.059
cross_cell_2,2,36,128,loss_mia,10,0.5650198888888889,0.12766666666666665,0.0016666666666666666,0.009666666666666667,0.047
cross_cell_2,2,36,512,affine_channel_lira,10,0.5966624444444444,0.1373333333333334,0.003666666666666667,0.024,0.09733333333333333
cross_cell_2,2,36,512,latent_lira_mismatched,10,0.588883111111111,0.13866666666666666,0.0033333333333333335,0.014333333333333333,0.07233333333333333
cross_cell_2,2,36,512,loss_mia,10,0.5756915555555555,0.15066666666666667,0.0006666666666666666,0.007333333333333333,0.043
cross_cell_2,2,37,1024,affine_channel_lira,10,0.6021131111111111,0.1426666666666667,0.004,0.024666666666666667,0.09833333333333333
cross_cell_2,2,37,1024,latent_lira_mismatched,10,0.596576,0.14633333333333337,0.004666666666666667,0.014666666666666666,0.07266666666666666
cross_cell_2,2,37,1024,loss_mia,10,0.57747,0.15433333333333332,0.002,0.008,0.04033333333333333
cross_cell_2,2,37,128,affine_channel_lira,10,0.5730017777777778,0.10999999999999999,0.005333333333333333,0.022333333333333334,0.08533333333333333
cross_cell_2,2,37,128,latent_lira_mismatched,10,0.5680675555555555,0.11233333333333331,0.0,0.01,0.059
cross_cell_2,2,37,128,loss_mia,10,0.5650198888888889,0.12766666666666665,0.0016666666666666666,0.009666666666666667,0.047
cross_cell_2,2,37,512,affine_channel_lira,10,0.5948433333333334,0.138,0.003666666666666667,0.023,0.09433333333333332
cross_cell_2,2,37,512,latent_lira_mismatched,10,0.588883111111111,0.13866666666666666,0.0033333333333333335,0.014333333333333333,0.07233333333333333
cross_cell_2,2,37,512,loss_mia,10,0.5756915555555555,0.15066666666666667,0.0006666666666666666,0.007333333333333333,0.043
cross_cell_2,2,38,1024,affine_channel_lira,10,0.6000831111111111,0.14766666666666672,0.0026666666666666666,0.026000000000000002,0.09233333333333332
cross_cell_2,2,38,1024,latent_lira_mismatched,10,0.596576,0.14633333333333337,0.004666666666666667,0.014666666666666666,0.07266666666666666
cross_cell_2,2,38,1024,loss_mia,10,0.57747,0.15433333333333332,0.002,0.008,0.04033333333333333
cross_cell_2,2,38,128,affine_channel_lira,10,0.5725822222222222,0.10999999999999999,0.002333333333333333,0.020666666666666667,0.08266666666666667
cross_cell_2,2,38,128,latent_lira_mismatched,10,0.5680675555555555,0.11233333333333331,0.0,0.01,0.059
cross_cell_2,2,38,128,loss_mia,10,0.5650198888888889,0.12766666666666665,0.0016666666666666666,0.009666666666666667,0.047
cross_cell_2,2,38,512,affine_channel_lira,10,0.5930746666666666,0.1376666666666667,0.003,0.022,0.08866666666666667
cross_cell_2,2,38,512,latent_lira_mismatched,10,0.588883111111111,0.13866666666666666,0.0033333333333333335,0.014333333333333333,0.07233333333333333
cross_cell_2,2,38,512,loss_mia,10,0.5756915555555555,0.15066666666666667,0.0006666666666666666,0.007333333333333333,0.043
cross_cell_2,2,39,1024,affine_channel_lira,10,0.6038862222222222,0.14900000000000002,0.0033333333333333335,0.028,0.09333333333333334
cross_cell_2,2,39,1024,latent_lira_mismatched,10,0.596576,0.14633333333333337,0.004666666666666667,0.014666666666666666,0.07266666666666666
cross_cell_2,2,39,1024,loss_mia,10,0.57747,0.15433333333333332,0.002,0.008,0.04033333333333333
cross_cell_2,2,39,128,affine_channel_lira,10,0.573946,0.11399999999999999,0.002333333333333333,0.021666666666666667,0.08366666666666667
cross_cell_2,2,39,128,latent_lira_mismatched,10,0.5680675555555555,0.11233333333333331,0.0,0.01,0.059
cross_cell_2,2,39,128,loss_mia,10,0.5650198888888889,0.12766666666666665,0.0016666666666666666,0.009666666666666667,0.047
cross_cell_2,2,39,512,affine_channel_lira,10,0.5973957777777777,0.14066666666666666,0.004,0.024,0.091
cross_cell_2,2,39,512,latent_lira_mismatched,10,0.588883111111111,0.13866666666666666,0.0033333333333333335,0.014333333333333333,0.07233333333333333
cross_cell_2,2,39,512,loss_mia,10,0.5756915555555555,0.15066666666666667,0.0006666666666666666,0.007333333333333333,0.043
cross_cell_2,2,4,1024,affine_channel_lira,10,0.6021795555555556,0.143,0.005333333333333333,0.024333333333333332,0.10633333333333334
cross_cell_2,2,4,1024,latent_lira_mismatched,10,0.596576,0.14633333333333337,0.004666666666666667,0.014666666666666666,0.07266666666666666
cross_cell_2,2,4,1024,loss_mia,10,0.57747,0.15433333333333332,0.002,0.008,0.04033333333333333
cross_cell_2,2,4,128,affine_channel_lira,10,0.5754035555555557,0.11133333333333331,0.006333333333333333,0.024666666666666667,0.09233333333333332
cross_cell_2,2,4,128,latent_lira_mismatched,10,0.5680675555555555,0.11233333333333331,0.0,0.01,0.059
cross_cell_2,2,4,128,loss_mia,10,0.5650198888888889,0.12766666666666665,0.0016666666666666666,0.009666666666666667,0.047
cross_cell_2,2,4,512,affine_channel_lira,10,0.594262,0.13733333333333334,0.004666666666666666,0.025666666666666664,0.10033333333333333
cross_cell_2,2,4,512,latent_lira_mismatched,10,0.588883111111111,0.13866666666666666,0.0033333333333333335,0.014333333333333333,0.07233333333333333
cross_cell_2,2,4,512,loss_mia,10,0.5756915555555555,0.15066666666666667,0.0006666666666666666,0.007333333333333333,0.043
cross_cell_2,2,40,1024,affine_channel_lira,10,0.5992473333333334,0.14333333333333337,0.004333333333333333,0.02266666666666667,0.10066666666666667
cross_cell_2,2,40,1024,latent_lira_mismatched,10,0.596576,0.14633333333333337,0.004666666666666667,0.014666666666666666,0.07266666666666666
cross_cell_2,2,40,1024,loss_mia,10,0.57747,0.15433333333333332,0.002,0.008,0.04033333333333333
cross_cell_2,2,40,128,affine_channel_lira,10,0.5740135555555556,0.1136666666666667,0.005666666666666667,0.020666666666666667,0.08566666666666667
cross_cell_2,2,40,128,latent_lira_mismatched,10,0.5680675555555555,0.11233333333333331,0.0,0.01,0.059
cross_cell_2,2,40,128,loss_mia,10,0.5650198888888889,0.12766666666666665,0.0016666666666666666,0.009666666666666667,0.047
cross_cell_2,2,40,512,affine_channel_lira,10,0.5935473333333333,0.13866666666666666,0.004,0.02366666666666667,0.094
cross_cell_2,2,40,512,latent_lira_mismatched,10,0.588883111111111,0.13866666666666666,0.0033333333333333335,0.014333333333333333,0.07233333333333333
cross_cell_2,2,40,512,loss_mia,10,0.5756915555555555,0.15066666666666667,0.0006666666666666666,0.007333333333333333,0.043
cross_cell_2,2,41,1024,affine_channel_lira,10,0.6031848888888889,0.1443333333333333,0.003,0.024,0.09866666666666667
cross_cell_2,2,41,1024,latent_lira_mismatched,10,0.596576,0.14633333333333337,0.004666666666666667,0.014666666666666666,0.07266666666666666
cross_cell_2,2,41,1024,loss_mia,10,0.57747,0.15433333333333332,0.002,0.008,0.04033333333333333
cross_cell_2,2,41,128,affine_channel_lira,10,0.575294,0.10800000000000004,0.005666666666666667,0.023,0.08733333333333333
cross_cell_2,2,41,128,latent_lira_mismatched,10,0.5680675555555555,0.11233333333333331,0.0,0.01,0.059
cross_cell_2,2,41,128,loss_mia,10,0.5650198888888889,0.12766666666666665,0.0016666666666666666,0.009666666666666667,0.047
cross_cell_2,2,41,512,affine_channel_lira,10,0.5972277777777777,0.137,0.0033333333333333335,0.024666666666666667,0.09533333333333333
cross_cell_2,2,41,512,latent_lira_mismatched,10,0.588883111111111,0.13866666666666666,0.0033333333333333335,0.014333333333333333,0.07233333333333333
cross_cell_2,2,41,512,loss_mia,10,0.5756915555555555,0.15066666666666667,0.0006666666666666666,0.007333333333333333,0.043
cross_cell_2,2,42,1024,affine_channel_lira,10,0.602837111111111,0.1433333333333334,0.0033333333333333335,0.024333333333333332,0.094
cross_cell_2,2,42,1024,latent_lira_mismatched,10,0.596576,0.14633333333333337,0.004666666666666667,0.014666666666666666,0.07266666666666666
cross_cell_2,2,42,1024,loss_mia,10,0.57747,0.15433333333333332,0.002,0.008,0.04033333333333333
cross_cell_2,2,42,128,affine_channel_lira,10,0.5726928888888889,0.11266666666666666,0.003666666666666667,0.019333333333333334,0.07966666666666666
cross_cell_2,2,42,128,latent_lira_mismatched,10,0.5680675555555555,0.11233333333333331,0.0,0.01,0.059
cross_cell_2,2,42,128,loss_mia,10,0.5650198888888889,0.12766666666666665,0.0016666666666666666,0.009666666666666667,0.047
cross_cell_2,2,42,512,affine_channel_lira,10,0.5962531111111111,0.139,0.003,0.021666666666666667,0.092
cross_cell_2,2,42,512,latent_lira_mismatched,10,0.588883111111111,0.13866666666666666,0.0033333333333333335,0.014333333333333333,0.07233333333333333
cross_cell_2,2,42,512,loss_mia,10,0.5756915555555555,0.15066666666666667,0.0006666666666666666,0.007333333333333333,0.043
cross_cell_2,2,43,1024,affine_channel_lira,10,0.5990982222222223,0.14099999999999996,0.0033333333333333335,0.028,0.09966666666666667
cross_cell_2,2,43,1024,latent_lira_mismatched,10,0.596576,0.14633333333333337,0.004666666666666667,0.014666666666666666,0.07266666666666666
cross_cell_2,2,43,1024,loss_mia,10,0.57747,0.15433333333333332,0.002,0.008,0.04033333333333333
cross_cell_2,2,43,128,affine_channel_lira,10,0.5730313333333333,0.10899999999999999,0.006,0.02366666666666667,0.089
cross_cell_2,2,43,128,latent_lira_mismatched,10,0.5680675555555555,0.11233333333333331,0.0,0.01,0.059
cross_cell_2,2,43,128,loss_mia,10,0.5650198888888889,0.12766666666666665,0.0016666666666666666,0.009666666666666667,0.047
cross_cell_2,2,43,512,affine_channel_lira,10,0.5936142222222223,0.135,0.003666666666666667,0.025333333333333333,0.09666666666666666
cross_cell_2,2,43,512,latent_lira_mismatched,10,0.588883111111111,0.13866666666666666,0.0033333333333333335,0.014333333333333333,0.07233333333333333
cross_cell_2,2,43,512,loss_mia,10,0.5756915555555555,0.15066666666666667,0.0006666666666666666,0.007333333333333333,0.043
cross_cell_2,2,44,1024,affine_channel_lira,10,0.6037779999999999,0.14800000000000002,0.005,0.024,0.10400000000000001
cross_cell_2,2,44,1024,latent_lira_mismatched,10,0.596576,0.14633333333333337,0.004666666666666667,0.014666666666666666,0.07266666666666666
cross_cell_2,2,44,1024,loss_mia,10,0.57747,0.15433333333333332,0.002,0.008,0.04033333333333333
cross_cell_2,2,44,128,affine_channel_lira,10,0.5750235555555556,0.11033333333333334,0.006333333333333333,0.024,0.09
cross_cell_2,2,44,128,latent_lira_mismatched,10,0.5680675555555555,0.11233333333333331,0.0,0.01,0.059
cross_cell_2,2,44,128,loss_mia,10,0.5650198888888889,0.12766666666666665,0.0016666666666666666,0.009666666666666667,0.047
cross_cell_2,2,44,512,affine_channel_lira,10,0.5954493333333333,0.13633333333333336,0.004,0.026,0.09633333333333333
cross_cell_2,2,44,512,latent_lira_mismatched,10,0.588883111111111,0.13866666666666666,0.0033333333333333335,0.014333333333333333,0.07233333333333333
cross_cell_2,2,44,512,loss_mia,10,0.5756915555555555,0.15066666666666667,0.0006666666666666666,0.007333333333333333,0.043
cross_cell_2,2,45,1024,affine_channel_lira,10,0.5984637777777777,0.14800000000000005,0.005333333333333333,0.023333333333333334,0.09366666666666668
cross_cell_2,2,45,1024,latent_lira_mismatched,10,0.596576,0.14633333333333337,0.004666666666666667,0.014666666666666666,0.07266666666666666
cross_cell_2,2,45,1024,loss_mia,10,0.57747,0.15433333333333332,0.002,0.008,0.04033333333333333
cross_cell_2,2,45,128,affine_channel_lira,10,0.5742662222222222,0.11233333333333334,0.006333333333333333,0.02266666666666667,0.08866666666666667
cross_cell_2,2,45,128,latent_lira_mismatched,10,0.5680675555555555,0.11233333333333331,0.0,0.01,0.059
cross_cell_2,2,45,128,loss_mia,10,0.5650198888888889,0.12766666666666665,0.0016666666666666666,0.009666666666666667,0.047
cross_cell_2,2,45,512,affine_channel_lira,10,0.5906986666666667,0.13400000000000004,0.004,0.025666666666666664,0.08866666666666667
cross_cell_2,2,45,512,latent_lira_mismatched,10,0.588883111111111,0.13866666666666666,0.0033333333333333335,0.014333333333333333,0.07233333333333333
cross_cell_2,2,45,512,loss_mia,10,0.5756915555555555,0.15066666666666667,0.0006666666666666666,0.007333333333333333,0.043
cross_cell_2,2,46,1024,affine_channel_lira,10,0.6041322222222223,0.14700000000000002,0.003666666666666667,0.027666666666666666,0.099
cross_cell_2,2,46,1024,latent_lira_mismatched,10,0.596576,0.14633333333333337,0.004666666666666667,0.014666666666666666,0.07266666666666666
cross_cell_2,2,46,1024,loss_mia,10,0.57747,0.15433333333333332,0.002,0.008,0.04033333333333333
cross_cell_2,2,46,128,affine_channel_lira,10,0.5750993333333333,0.11233333333333331,0.005333333333333334,0.024,0.08966666666666667
cross_cell_2,2,46,128,latent_lira_mismatched,10,0.5680675555555555,0.11233333333333331,0.0,0.01,0.059
cross_cell_2,2,46,128,loss_mia,10,0.5650198888888889,0.12766666666666665,0.0016666666666666666,0.009666666666666667,0.047
cross_cell_2,2,46,512,affine_channel_lira,10,0.5971451111111111,0.139,0.0033333333333333335,0.026666666666666665,0.098
cross_cell_2,2,46,512,latent_lira_mismatched,10,0.588883111111111,0.13866666666666666,0.0033333333333333335,0.014333333333333333,0.07233333333333333
cross_cell_2,2,46,512,loss_mia,10,0.5756915555555555,0.15066666666666667,0.0006666666666666666,0.007333333333333333,0.043
cross_cell_2,2,47,1024,affine_channel_lira,10,0.5983537777777779,0.14866666666666667,0.004666666666666667,0.025333333333333333,0.09733333333333333
cross_cell_2,2,47,1024,latent_lira_mismatched,10,0.596576,0.14633333333333337,0.004666666666666667,0.014666666666666666,0.07266666666666666
cross_cell_2,2,47,1024,loss_mia,10,0.57747,0.15433333333333332,0.002,0.008,0.04033333333333333
cross_cell_2,2,47,128,affine_channel_lira,10,0.5721913333333334,0.1146666666666667,0.004666666666666667,0.019333333333333334,0.08133333333333333
cross_cell_2,2,47,128,latent_lira_mismatched,10,0.5680675555555555,0.11233333333333331,0.0,0.01,0.059
cross_cell_2,2,47,128,loss_mia,10,0.5650198888888889,0.12766666666666665,0.0016666666666666666,0.009666666666666667,0.047
cross_cell_2,2,47,512,affine_channel_lira,10,0.5906644444444444,0.13633333333333333,0.004666666666666667,0.025,0.087
cross_cell_2,2,47,512,latent_lira_mismatched,10,0.588883111111111,0.13866666666666666,0.0033333333333333335,0.014333333333333333,0.07233333333333333
cross_cell_2,2,47,512,loss_mia,10,0.5756915555555555,0.15066666666666667,0.0006666666666666666,0.007333333333333333,0.043
cross_cell_2,2,48,1024,affine_channel_lira,10,0.5992766666666667,0.14333333333333334,0.003666666666666667,0.022,0.09666666666666666
cross_cell_2,2,48,1024,latent_lira_mismatched,10,0.596576,0.14633333333333337,0.004666666666666667,0.014666666666666666,0.07266666666666666
cross_cell_2,2,48,1024,loss_mia,10,0.57747,0.15433333333333332,0.002,0.008,0.04033333333333333
cross_cell_2,2,48,128,affine_channel_lira,10,0.572176,0.11333333333333331,0.004666666666666667,0.019666666666666666,0.08266666666666667
cross_cell_2,2,48,128,latent_lira_mismatched,10,0.5680675555555555,0.11233333333333331,0.0,0.01,0.059
cross_cell_2,2,48,128,loss_mia,10,0.5650198888888889,0.12766666666666665,0.0016666666666666666,0.009666666666666667,0.047
cross_cell_2,2,48,512,affine_channel_lira,10,0.5903662222222221,0.13699999999999998,0.0033333333333333335,0.023,0.092
cross_cell_2,2,48,512,latent_lira_mismatched,10,0.588883111111111,0.13866666666666666,0.0033333333333333335,0.014333333333333333,0.07233333333333333
cross_cell_2,2,48,512,loss_mia,10,0.5756915555555555,0.15066666666666667,0.0006666666666666666,0.007333333333333333,0.043
cross_cell_2,2,49,1024,affine_channel_lira,10,0.6042984444444445,0.14933333333333335,0.004333333333333333,0.02266666666666667,0.10233333333333333
cross_cell_2,2,49,1024,latent_lira_mismatched,10,0.596576,0.14633333333333337,0.004666666666666667,0.014666666666666666,0.07266666666666666
cross_cell_2,2,49,1024,loss_mia,10,0.57747,0.15433333333333332,0.002,0.008,0.04033333333333333
cross_cell_2,2,49,128,affine_channel_lira,10,0.5757146666666667,0.11233333333333337,0.003666666666666667,0.02266666666666667,0.09033333333333333
cross_cell_2,2,49,128,latent_lira_mismatched,10,0.5680675555555555,0.11233333333333331,0.0,0.01,0.059
cross_cell_2,2,49,128,loss_mia,10,0.5650198888888889,0.12766666666666665,0.0016666666666666666,0.009666666666666667,0.047
cross_cell_2,2,49,512,affine_channel_lira,10,0.5954317777777778,0.13566666666666666,0.004,0.024,0.101
cross_cell_2,2,49,512,latent_lira_mismatched,10,0.588883111111111,0.13866666666666666,0.0033333333333333335,0.014333333333333333,0.07233333333333333
cross_cell_2,2,49,512,loss_mia,10,0.5756915555555555,0.15066666666666667,0.0006666666666666666,0.007333333333333333,0.043
cross_cell_2,2,5,1024,affine_channel_lira,10,0.6047724444444444,0.14833333333333332,0.0033333333333333335,0.024333333333333332,0.098
cross_cell_2,2,5,1024,latent_lira_mismatched,10,0.596576,0.14633333333333337,0.004666666666666667,0.014666666666666666,0.07266666666666666
cross_cell_2,2,5,1024,loss_mia,10,0.57747,0.15433333333333332,0.002,0.008,0.04033333333333333
cross_cell_2,2,5,128,affine_channel_lira,10,0.5759255555555556,0.11166666666666669,0.004666666666666666,0.022,0.09133333333333334
cross_cell_2,2,5,128,latent_lira_mismatched,10,0.5680675555555555,0.11233333333333331,0.0,0.01,0.059
cross_cell_2,2,5,128,loss_mia,10,0.5650198888888889,0.12766666666666665,0.0016666666666666666,0.009666666666666667,0.047
cross_cell_2,2,5,512,affine_channel_lira,10,0.5972697777777778,0.13966666666666666,0.0026666666666666666,0.024,0.096
cross_cell_2,2,5,512,latent_lira_mismatched,10,0.588883111111111,0.13866666666666666,0.0033333333333333335,0.014333333333333333,0.07233333333333333
cross_cell_2,2,5,512,loss_mia,10,0.5756915555555555,0.15066666666666667,0.0006666666666666666,0.007333333333333333,0.043
cross_cell_2,2,50,1024,affine_channel_lira,10,0.6006522222222221,0.14900000000000002,0.004,0.021333333333333333,0.09333333333333332
cross_cell_2,2,50,1024,latent_lira_mismatched,10,0.596576,0.14633333333333337,0.004666666666666667,0.014666666666666666,0.07266666666666666
cross_cell_2,2,50,1024,loss_mia,10,0.57747,0.15433333333333332,0.002,0.008,0.04033333333333333
cross_cell_2,2,50,128,affine_channel_lira,10,0.5750582222222222,0.11133333333333334,0.004333333333333333,0.021333333333333333,0.08966666666666667
cross_cell_2,2,50,128,latent_lira_mismatched,10,0.5680675555555555,0.11233333333333331,0.0,0.01,0.059
cross_cell_2,2,50,128,loss_mia,10,0.5650198888888889,0.12766666666666665,0.0016666666666666666,0.009666666666666667,0.047
cross_cell_2,2,50,512,affine_channel_lira,10,0.5955688888888888,0.13733333333333336,0.002333333333333333,0.022,0.09366666666666668
cross_cell_2,2,50,512,latent_lira_mismatched,10,0.588883111111111,0.13866666666666666,0.0033333333333333335,0.014333333333333333,0.07233333333333333
cross_cell_2,2,50,512,loss_mia,10,0.5756915555555555,0.15066666666666667,0.0006666666666666666,0.007333333333333333,0.043
cross_cell_2,2,51,1024,affine_channel_lira,10,0.6022142222222222,0.14300000000000002,0.004,0.025333333333333333,0.10133333333333333
cross_cell_2,2,51,1024,latent_lira_mismatched,10,0.596576,0.14633333333333337,0.004666666666666667,0.014666666666666666,0.07266666666666666
cross_cell_2,2,51,1024,loss_mia,10,0.57747,0.15433333333333332,0.002,0.008,0.04033333333333333
cross_cell_2,2,51,128,affine_channel_lira,10,0.5736937777777777,0.11199999999999999,0.004333333333333333,0.023333333333333334,0.086
cross_cell_2,2,51,128,latent_lira_mismatched,10,0.5680675555555555,0.11233333333333331,0.0,0.01,0.059
cross_cell_2,2,51,128,loss_mia,10,0.5650198888888889,0.12766666666666665,0.0016666666666666666,0.009666666666666667,0.047
cross_cell_2,2,51,512,affine_channel_lira,10,0.5956593333333333,0.1363333333333334,0.004,0.024333333333333332,0.09733333333333333
cross_cell_2,2,51,512,latent_lira_mismatched,10,0.588883111111111,0.13866666666666666,0.0033333333333333335,0.014333333333333333,0.07233333333333333
cross_cell_2,2,51,512,loss_mia,10,0.5756915555555555,0.15066666666666667,0.0006666666666666666,0.007333333333333333,0.043
cross_cell_2,2,52,1024,affine_channel_lira,10,0.6029486666666666,0.14900000000000002,0.004,0.028333333333333335,0.09666666666666666
cross_cell_2,2,52,1024,latent_lira_mismatched,10,0.596576,0.14633333333333337,0.004666666666666667,0.014666666666666666,0.07266666666666666
cross_cell_2,2,52,1024,loss_mia,10,0.57747,0.15433333333333332,0.002,0.008,0.04033333333333333
cross_cell_2,2,52,128,affine_channel_lira,10,0.5741208888888889,0.10633333333333334,0.003666666666666667,0.020999999999999998,0.08566666666666667
cross_cell_2,2,52,128,latent_lira_mismatched,10,0.5680675555555555,0.11233333333333331,0.0,0.01,0.059
cross_cell_2,2,52,128,loss_mia,10,0.5650198888888889,0.12766666666666665,0.0016666666666666666,0.009666666666666667,0.047
cross_cell_2,2,52,512,affine_channel_lira,10,0.596256,0.13900000000000004,0.003666666666666667,0.027000000000000003,0.09566666666666668
cross_cell_2,2,52,512,latent_lira_mismatched,10,0.588883111111111,0.13866666666666666,0.0033333333333333335,0.014333333333333333,0.07233333333333333
cross_cell_2,2,52,512,loss_mia,10,0.5756915555555555,0.15066666666666667,0.0006666666666666666,0.007333333333333333,0.043
cross_cell_2,2,53,1024,affine_channel_lira,10,0.6046448888888889,0.14533333333333334,0.004666666666666667,0.026666666666666665,0.09966666666666667
cross_cell_2,2,53,1024,latent_lira_mismatched,10,0.596576,0.14633333333333337,0.004666666666666667,0.014666666666666666,0.07266666666666666
cross_cell_2,2,53,1024,loss_mia,10,0.57747,0.15433333333333332,0.002,0.008,0.04033333333333333
cross_cell_2,2,53,128,affine_channel_lira,10,0.5742086666666666,0.11333333333333334,0.002333333333333333,0.022333333333333334,0.08466666666666667
cross_cell_2,2,53,128,latent_lira_mismatched,10,0.5680675555555555,0.11233333333333331,0.0,0.01,0.059
cross_cell_2,2,53,128,loss_mia,10,0.5650198888888889,0.12766666666666665,0.0016666666666666666,0.009666666666666667,0.047
cross_cell_2,2,53,512,affine_channel_lira,10,0.5969262222222222,0.13700000000000007,0.004,0.023,0.097
cross_cell_2,2,53,512,latent_lira_mismatched,10,0.588883111111111,0.13866666666666666,0.0033333333333333335,0.014333333333333333,0.07233333333333333
cross_cell_2,2,53,512,loss_mia,10,0.5756915555555555,0.15066666666666667,0.0006666666666666666,0.007333333333333333,0.043
cross_cell_2,2,54,1024,affine_channel_lira,10,0.5986755555555555,0.14600000000000005,0.004,0.020999999999999998,0.10166666666666666
cross_cell_2,2,54,1024,latent_lira_mismatched,10,0.596576,0.14633333333333337,0.004666666666666667,0.014666666666666666,0.07266666666666666
cross_cell_2,2,54,1024,loss_mia,10,0.57747,0.15433333333333332,0.002,0.008,0.04033333333333333
cross_cell_2,2,54,128,affine_channel_lira,10,0.5729891111111111,0.11466666666666667,0.003333333333333333,0.022,0.08533333333333333
cross_cell_2,2,54,128,latent_lira_mismatched,10,0.5680675555555555,0.11233333333333331,0.0,0.01,0.059
cross_cell_2,2,54,128,loss_mia,10,0.5650198888888889,0.12766666666666665,0.0016666666666666666,0.009666666666666667,0.047
cross_cell_2,2,54,512,affine_channel_lira,10,0.5894773333333333,0.13366666666666668,0.0033333333333333335,0.019000000000000003,0.094
cross_cell_2,2,54,512,latent_lira_mismatched,10,0.588883111111111,0.13866666666666666,0.0033333333333333335,0.014333333333333333,0.07233333333333333
cross_cell_2,2,54,512,loss_mia,10,0.5756915555555555,0.15066666666666667,0.0006666666666666666,0.007333333333333333,0.043
cross_cell_2,2,55,1024,affine_channel_lira,10,0.6037822222222222,0.1456666666666667,0.004,0.024666666666666667,0.1
cross_cell_2,2,55,1024,latent_lira_mismatched,10,0.596576,0.14633333333333337,0.004666666666666667,0.014666666666666666,0.07266666666666666
cross_cell_2,2,55,1024,loss_mia,10,0.57747,0.15433333333333332,0.002,0.008,0.04033333333333333
cross_cell_2,2,55,128,affine_channel_lira,10,0.5739575555555555,0.11266666666666666,0.006,0.023,0.08866666666666667
cross_cell_2,2,55,128,latent_lira_mismatched,10,0.5680675555555555,0.11233333333333331,0.0,0.01,0.059
cross_cell_2,2,55,128,loss_mia,10,0.5650198888888889,0.12766666666666665,0.0016666666666666666,0.009666666666666667,0.047
cross_cell_2,2,55,512,affine_channel_lira,10,0.5961275555555555,0.137,0.003666666666666667,0.024666666666666667,0.099
cross_cell_2,2,55,512,latent_lira_mismatched,10,0.588883111111111,0.13866666666666666,0.0033333333333333335,0.014333333333333333,0.07233333333333333
cross_cell_2,2,55,512,loss_mia,10,0.5756915555555555,0.15066666666666667,0.0006666666666666666,0.007333333333333333,0.043
cross_cell_2,2,56,1024,affine_channel_lira,10,0.6022968888888889,0.14766666666666664,0.0033333333333333335,0.021333333333333333,0.10266666666666666
cross_cell_2,2,56,1024,latent_lira_mismatched,10,0.596576,0.14633333333333337,0.004666666666666667,0.014666666666666666,0.07266666666666666
cross_cell_2,2,56,1024,loss_mia,10,0.57747,0.15433333333333332,0.002,0.008,0.04033333333333333
cross_cell_2,2,56,128,affine_channel_lira,10,0.5754264444444445,0.11200000000000004,0.0023333333333333335,0.023,0.08633333333333333
cross_cell_2,2,56,128,latent_lira_mismatched,10,0.5680675555555555,0.11233333333333331,0.0,0.01,0.059
cross_cell_2,2,56,128,loss_mia,10,0.5650198888888889,0.12766666666666665,0.0016666666666666666,0.009666666666666667,0.047
cross_cell_2,2,56,512,affine_channel_lira,10,0.5938315555555556,0.135,0.003,0.022333333333333334,0.097
cross_cell_2,2,56,512,latent_lira_mismatched,10,0.588883111111111,0.13866666666666666,0.0033333333333333335,0.014333333333333333,0.07233333333333333
cross_cell_2,2,56,512,loss_mia,10,0.5756915555555555,0.15066666666666667,0.0006666666666666666,0.007333333333333333,0.043
cross_cell_2,2,57,1024,affine_channel_lira,10,0.6023242222222223,0.15266666666666673,0.002666666666666667,0.022333333333333334,0.09033333333333333
cross_cell_2,2,57,1024,latent_lira_mismatched,10,0.596576,0.14633333333333337,0.004666666666666667,0.014666666666666666,0.07266666666666666
cross_cell_2,2,57,1024,loss_mia,10,0.57747,0.15433333333333332,0.002,0.008,0.04033333333333333
cross_cell_2,2,57,128,affine_channel_lira,10,0.5757128888888889,0.10833333333333336,0.006,0.025333333333333333,0.08966666666666667
cross_cell_2,2,57,128,latent_lira_mismatched,10,0.5680675555555555,0.11233333333333331,0.0,0.01,0.059
cross_cell_2,2,57,128,loss_mia,10,0.5650198888888889,0.12766666666666665,0.0016666666666666666,0.009666666666666667,0.047
cross_cell_2,2,57,512,affine_channel_lira,10,0.5964384444444444,0.14133333333333337,0.003333333333333333,0.024666666666666667,0.09033333333333333
cross_cell_2,2,57,512,latent_lira_mismatched,10,0.588883111111111,0.13866666666666666,0.0033333333333333335,0.014333333333333333,0.07233333333333333
cross_cell_2,2,57,512,loss_mia,10,0.5756915555555555,0.15066666666666667,0.0006666666666666666,0.007333333333333333,0.043
cross_cell_2,2,58,1024,affine_channel_lira,10,0.5997511111111111,0.14700000000000005,0.0026666666666666666,0.02266666666666667,0.09166666666666667
cross_cell_2,2,58,1024,latent_lira_mismatched,10,0.596576,0.14633333333333337,0.004666666666666667,0.014666666666666666,0.07266666666666666
cross_cell_2,2,58,1024,loss_mia,10,0.57747,0.15433333333333332,0.002,0.008,0.04033333333333333
cross_cell_2,2,58,128,affine_channel_lira,10,0.5722317777777778,0.11733333333333335,0.0033333333333333335,0.023333333333333334,0.08133333333333333
cross_cell_2,2,58,128,latent_lira_mismatched,10,0.5680675555555555,0.11233333333333331,0.0,0.01,0.059
cross_cell_2,2,58,128,loss_mia,10,0.5650198888888889,0.12766666666666665,0.0016666666666666666,0.009666666666666667,0.047
cross_cell_2,2,58,512,affine_channel_lira,10,0.5935668888888889,0.13533333333333333,0.002666666666666667,0.025,0.08833333333333333
cross_cell_2,2,58,512,latent_lira_mismatched,10,0.588883111111111,0.13866666666666666,0.0033333333333333335,0.014333333333333333,0.07233333333333333
cross_cell_2,2,58,512,loss_mia,10,0.5756915555555555,0.15066666666666667,0.0006666666666666666,0.007333333333333333,0.043
cross_cell_2,2,59,1024,affine_channel_lira,10,0.6048297777777777,0.14600000000000005,0.003666666666666667,0.026666666666666665,0.09833333333333333
cross_cell_2,2,59,1024,latent_lira_mismatched,10,0.596576,0.14633333333333337,0.004666666666666667,0.014666666666666666,0.07266666666666666
cross_cell_2,2,59,1024,loss_mia,10,0.57747,0.15433333333333332,0.002,0.008,0.04033333333333333
cross_cell_2,2,59,128,affine_channel_lira,10,0.5737877777777778,0.11133333333333337,0.005,0.023333333333333334,0.08399999999999999
cross_cell_2,2,59,128,latent_lira_mismatched,10,0.5680675555555555,0.11233333333333331,0.0,0.01,0.059
cross_cell_2,2,59,128,loss_mia,10,0.5650198888888889,0.12766666666666665,0.0016666666666666666,0.009666666666666667,0.047
cross_cell_2,2,59,512,affine_channel_lira,10,0.5987593333333333,0.13666666666666671,0.003666666666666667,0.027000000000000003,0.09733333333333333
cross_cell_2,2,59,512,latent_lira_mismatched,10,0.588883111111111,0.13866666666666666,0.0033333333333333335,0.014333333333333333,0.07233333333333333
cross_cell_2,2,59,512,loss_mia,10,0.5756915555555555,0.15066666666666667,0.0006666666666666666,0.007333333333333333,0.043
cross_cell_2,2,6,1024,affine_channel_lira,10,0.6025419999999999,0.144,0.003666666666666667,0.024,0.102
cross_cell_2,2,6,1024,latent_lira_mismatched,10,0.596576,0.14633333333333337,0.004666666666666667,0.014666666666666666,0.07266666666666666
cross_cell_2,2,6,1024,loss_mia,10,0.57747,0.15433333333333332,0.002,0.008,0.04033333333333333
cross_cell_2,2,6,128,affine_channel_lira,10,0.5737424444444444,0.11200000000000002,0.004666666666666667,0.020666666666666667,0.08366666666666667
cross_cell_2,2,6,128,latent_lira_mismatched,10,0.5680675555555555,0.11233333333333331,0.0,0.01,0.059
cross_cell_2,2,6,128,loss_mia,10,0.5650198888888889,0.12766666666666665,0.0016666666666666666,0.009666666666666667,0.047
cross_cell_2,2,6,512,affine_channel_lira,10,0.5952702222222224,0.13666666666666666,0.003,0.023333333333333334,0.09533333333333334
cross_cell_2,2,6,512,latent_lira_mismatched,10,0.588883111111111,0.13866666666666666,0.0033333333333333335,0.014333333333333333,0.07233333333333333
cross_cell_2,2,6,512,loss_mia,10,0.5756915555555555,0.15066666666666667,0.0006666666666666666,0.007333333333333333,0.043
cross_cell_2,2,60,1024,affine_channel_lira,10,0.6035966666666668,0.15233333333333335,0.003,0.02,0.09266666666666667
cross_cell_2,2,60,1024,latent_lira_mismatched,10,0.596576,0.14633333333333337,0.004666666666666667,0.014666666666666666,0.07266666666666666
cross_cell_2,2,60,1024,loss_mia,10,0.57747,0.15433333333333332,0.002,0.008,0.04033333333333333
cross_cell_2,2,60,128,affine_channel_lira,10,0.5742417777777777,0.11133333333333334,0.005666666666666667,0.020333333333333335,0.082
cross_cell_2,2,60,128,latent_lira_mismatched,10,0.5680675555555555,0.11233333333333331,0.0,0.01,0.059
cross_cell_2,2,60,128,loss_mia,10,0.5650198888888889,0.12766666666666665,0.0016666666666666666,0.009666666666666667,0.047
cross_cell_2,2,60,512,affine_channel_lira,10,0.594804,0.14066666666666666,0.0033333333333333335,0.020333333333333335,0.09066666666666667
cross_cell_2,2,60,512,latent_lira_mismatched,10,0.588883111111111,0.13866666666666666,0.0033333333333333335,0.014333333333333333,0.07233333333333333
cross_cell_2,2,60,512,loss_mia,10,0.5756915555555555,0.15066666666666667,0.0006666666666666666,0.007333333333333333,0.043
cross_cell_2,2,61,1024,affine_channel_lira,10,0.6020404444444445,0.14700000000000005,0.005333333333333333,0.026666666666666665,0.10366666666666666
cross_cell_2,2,61,1024,latent_lira_mismatched,10,0.596576,0.14633333333333337,0.004666666666666667,0.014666666666666666,0.07266666666666666
cross_cell_2,2,61,1024,loss_mia,10,0.57747,0.15433333333333332,0.002,0.008,0.04033333333333333
cross_cell_2,2,61,128,affine_channel_lira,10,0.5741402222222223,0.10899999999999999,0.006333333333333333,0.022333333333333334,0.09
cross_cell_2,2,61,128,latent_lira_mismatched,10,0.5680675555555555,0.11233333333333331,0.0,0.01,0.059
cross_cell_2,2,61,128,loss_mia,10,0.5650198888888889,0.12766666666666665,0.0016666666666666666,0.009666666666666667,0.047
cross_cell_2,2,61,512,affine_channel_lira,10,0.5940462222222223,0.14033333333333337,0.004666666666666667,0.025333333333333333,0.09833333333333333
cross_cell_2,2,61,512,latent_lira_mismatched,10,0.588883111111111,0.13866666666666666,0.0033333333333333335,0.014333333333333333,0.07233333333333333
cross_cell_2,2,61,512,loss_mia,10,0.5756915555555555,0.15066666666666667,0.0006666666666666666,0.007333333333333333,0.043
cross_cell_2,2,62,1024,affine_channel_lira,10,0.5995415555555555,0.15066666666666664,0.0026666666666666666,0.021666666666666667,0.09333333333333334
cross_cell_2,2,62,1024,latent_lira_mismatched,10,0.596576,0.14633333333333337,0.004666666666666667,0.014666666666666666,0.07266666666666666
cross_cell_2,2,62,1024,loss_mia,10,0.57747,0.15433333333333332,0.002,0.008,0.04033333333333333
cross_cell_2,2,62,128,affine_channel_lira,10,0.5748864444444444,0.11800000000000002,0.001,0.021666666666666667,0.08066666666666666
cross_cell_2,2,62,128,latent_lira_mismatched,10,0.5680675555555555,0.11233333333333331,0.0,0.01,0.059
cross_cell_2,2,62,128,loss_mia,10,0.5650198888888889,0.12766666666666665,0.0016666666666666666,0.009666666666666667,0.047
cross_cell_2,2,62,512,affine_channel_lira,10,0.5938048888888889,0.1383333333333334,0.002,0.019333333333333334,0.089
cross_cell_2,2,62,512,latent_lira_mismatched,10,0.588883111111111,0.13866666666666666,0.0033333333333333335,0.014333333333333333,0.07233333333333333
cross_cell_2,2,62,512,loss_mia,10,0.5756915555555555,0.15066666666666667,0.0006666666666666666,0.007333333333333333,0.043
cross_cell_2,2,63,1024,affine_channel_lira,10,0.60526,0.14900000000000002,0.004,0.026,0.09633333333333333
cross_cell_2,2,63,1024,latent_lira_mismatched,10,0.596576,0.14633333333333337,0.004666666666666667,0.014666666666666666,0.07266666666666666
cross_cell_2,2,63,1024,loss_mia,10,0.57747,0.15433333333333332,0.002,0.008,0.04033333333333333
cross_cell_2,2,63,128,affine_channel_lira,10,0.5757842222222223,0.11033333333333334,0.005666666666666667,0.023,0.09033333333333333
cross_cell_2,2,63,128,latent_lira_mismatched,10,0.5680675555555555,0.11233333333333331,0.0,0.01,0.059
cross_cell_2,2,63,128,loss_mia,10,0.5650198888888889,0.12766666666666665,0.0016666666666666666,0.009666666666666667,0.047
cross_cell_2,2,63,512,affine_channel_lira,10,0.5981104444444445,0.1393333333333333,0.004,0.025,0.097
cross_cell_2,2,63,512,latent_lira_mismatched,10,0.588883111111111,0.13866666666666666,0.0033333333333333335,0.014333333333333333,0.07233333333333333
cross_cell_2,2,63,512,loss_mia,10,0.5756915555555555,0.15066666666666667,0.0006666666666666666,0.007333333333333333,0.043
cross_cell_2,2,64,1024,affine_channel_lira,10,0.6000153333333333,0.14666666666666672,0.0026666666666666666,0.023333333333333334,0.09366666666666668
cross_cell_2,2,64,1024,latent_lira_mismatched,10,0.596576,0.14633333333333337,0.004666666666666667,0.014666666666666666,0.07266666666666666
cross_cell_2,2,64,1024,loss_mia,10,0.57747,0.15433333333333332,0.002,0.008,0.04033333333333333
cross_cell_2,2,64,128,affine_channel_lira,10,0.5716177777777778,0.10900000000000001,0.0026666666666666666,0.022,0.08166666666666667
cross_cell_2,2,64,128,latent_lira_mismatched,10,0.5680675555555555,0.11233333333333331,0.0,0.01,0.059
cross_cell_2,2,64,128,loss_mia,10,0.5650198888888889,0.12766666666666665,0.0016666666666666666,0.009666666666666667,0.047
cross_cell_2,2,64,512,affine_channel_lira,10,0.5919488888888889,0.13466666666666666,0.003,0.025333333333333333,0.088
cross_cell_2,2,64,512,latent_lira_mismatched,10,0.588883111111111,0.13866666666666666,0.0033333333333333335,0.014333333333333333,0.07233333333333333
cross_cell_2,2,64,512,loss_mia,10,0.5756915555555555,0.15066666666666667,0.0006666666666666666,0.007333333333333333,0.043
cross_cell_2,2,65,1024,affine_channel_lira,10,0.600964,0.14333333333333337,0.003,0.025,0.09433333333333334
cross_cell_2,2,65,1024,latent_lira_mismatched,10,0.596576,0.14633333333333337,0.004666666666666667,0.014666666666666666,0.07266666666666666
cross_cell_2,2,65,1024,loss_mia,10,0.57747,0.15433333333333332,0.002,0.008,0.04033333333333333
cross_cell_2,2,65,128,affine_channel_lira,10,0.573002,0.10766666666666669,0.005666666666666667,0.02266666666666667,0.08366666666666667
cross_cell_2,2,65,128,latent_lira_mismatched,10,0.5680675555555555,0.11233333333333331,0.0,0.01,0.059
cross_cell_2,2,65,128,loss_mia,10,0.5650198888888889,0.12766666666666665,0.0016666666666666666,0.009666666666666667,0.047
cross_cell_2,2,65,512,affine_channel_lira,10,0.5940497777777778,0.13566666666666674,0.0026666666666666666,0.024,0.09266666666666667
cross_cell_2,2,65,512,latent_lira_mismatched,10,0.588883111111111,0.13866666666666666,0.0033333333333333335,0.014333333333333333,0.07233333333333333
cross_cell_2,2,65,512,loss_mia,10,0.5756915555555555,0.15066666666666667,0.0006666666666666666,0.007333333333333333,0.043
cross_cell_2,2,7,1024,affine_channel_lira,10,0.6004977777777778,0.14400000000000002,0.003,0.020666666666666667,0.093
cross_cell_2,2,7,1024,latent_lira_mismatched,10,0.596576,0.14633333333333337,0.004666666666666667,0.014666666666666666,0.07266666666666666
cross_cell_2,2,7,1024,loss_mia,10,0.57747,0.15433333333333332,0.002,0.008,0.04033333333333333
cross_cell_2,2,7,128,affine_channel_lira,10,0.5743246666666666,0.11000000000000001,0.004666666666666667,0.021666666666666667,0.08266666666666667
cross_cell_2,2,7,128,latent_lira_mismatched,10,0.5680675555555555,0.11233333333333331,0.0,0.01,0.059
cross_cell_2,2,7,128,loss_mia,10,0.5650198888888889,0.12766666666666665,0.0016666666666666666,0.009666666666666667,0.047
cross_cell_2,2,7,512,affine_channel_lira,10,0.5939844444444444,0.139,0.003,0.023,0.09166666666666667
cross_cell_2,2,7,512,latent_lira_mismatched,10,0.588883111111111,0.13866666666666666,0.0033333333333333335,0.014333333333333333,0.07233333333333333
cross_cell_2,2,7,512,loss_mia,10,0.5756915555555555,0.15066666666666667,0.0006666666666666666,0.007333333333333333,0.043
cross_cell_2,2,8,1024,affine_channel_lira,10,0.6038568888888889,0.152,0.002666666666666667,0.021666666666666667,0.093
cross_cell_2,2,8,1024,latent_lira_mismatched,10,0.596576,0.14633333333333337,0.004666666666666667,0.014666666666666666,0.07266666666666666
cross_cell_2,2,8,1024,loss_mia,10,0.57747,0.15433333333333332,0.002,0.008,0.04033333333333333
cross_cell_2,2,8,128,affine_channel_lira,10,0.5751617777777778,0.11266666666666666,0.004666666666666667,0.022,0.087
cross_cell_2,2,8,128,latent_lira_mismatched,10,0.5680675555555555,0.11233333333333331,0.0,0.01,0.059
cross_cell_2,2,8,128,loss_mia,10,0.5650198888888889,0.12766666666666665,0.0016666666666666666,0.009666666666666667,0.047
cross_cell_2,2,8,512,affine_channel_lira,10,0.596302,0.1406666666666667,0.003,0.024333333333333332,0.09033333333333333
cross_cell_2,2,8,512,latent_lira_mismatched,10,0.588883111111111,0.13866666666666666,0.0033333333333333335,0.014333333333333333,0.07233333333333333
cross_cell_2,2,8,512,loss_mia,10,0.5756915555555555,0.15066666666666667,0.0006666666666666666,0.007333333333333333,0.043
cross_cell_2,2,9,1024,affine_channel_lira,10,0.5993671111111112,0.14833333333333337,0.004,0.025,0.09233333333333334
cross_cell_2,2,9,1024,latent_lira_mismatched,10,0.596576,0.14633333333333337,0.004666666666666667,0.014666666666666666,0.07266666666666666
cross_cell_2,2,9,1024,loss_mia,10,0.57747,0.15433333333333332,0.002,0.008,0.04033333333333333
cross_cell_2,2,9,128,affine_channel_lira,10,0.5756906666666667,0.11700000000000002,0.005,0.02,0.08566666666666667
cross_cell_2,2,9,128,latent_lira_mismatched,10,0.5680675555555555,0.11233333333333331,0.0,0.01,0.059
cross_cell_2,2,9,128,loss_mia,10,0.5650198888888889,0.12766666666666665,0.0016666666666666666,0.009666666666666667,0.047
cross_cell_2,2,9,512,affine_channel_lira,10,0.5930946666666667,0.13833333333333334,0.004333333333333333,0.023333333333333334,0.08833333333333333
cross_cell_2,2,9,512,latent_lira_mismatched,10,0.588883111111111,0.13866666666666666,0.0033333333333333335,0.014333333333333333,0.07233333333333333
cross_cell_2,2,9,512,loss_mia,10,0.5756915555555555,0.15066666666666667,0.0006666666666666666,0.007333333333333333,0.043
cross_cell_4,4,0,1024,affine_channel_lira,10,0.6027195555555556,0.14500000000000002,0.004333333333333333,0.029333333333333333,0.09966666666666667
cross_cell_4,4,0,1024,latent_lira_mismatched,10,0.596576,0.14633333333333337,0.004666666666666667,0.014666666666666666,0.07266666666666666
cross_cell_4,4,0,1024,loss_mia,10,0.57747,0.15433333333333332,0.002,0.008,0.04033333333333333
cross_cell_4,4,0,128,affine_channel_lira,10,0.5735828888888889,0.10666666666666669,0.005666666666666667,0.021666666666666667,0.088
cross_cell_4,4,0,128,latent_lira_mismatched,10,0.5680675555555555,0.11233333333333331,0.0,0.01,0.059
cross_cell_4,4,0,128,loss_mia,10,0.5650198888888889,0.12766666666666665,0.0016666666666666666,0.009666666666666667,0.047
cross_cell_4,4,0,512,affine_channel_lira,10,0.595178,0.13799999999999998,0.004,0.026000000000000002,0.09666666666666666
cross_cell_4,4,0,512,latent_lira_mismatched,10,0.588883111111111,0.13866666666666666,0.0033333333333333335,0.014333333333333333,0.07233333333333333
cross_cell_4,4,0,512,loss_mia,10,0.5756915555555555,0.15066666666666667,0.0006666666666666666,0.007333333333333333,0.043
cross_cell_4,4,1,1024,affine_channel_lira,10,0.60235,0.14433333333333334,0.004333333333333333,0.027,0.098
cross_cell_4,4,1,1024,latent_lira_mismatched,10,0.596576,0.14633333333333337,0.004666666666666667,0.014666666666666666,0.07266666666666666
cross_cell_4,4,1,1024,loss_mia,10,0.57747,0.15433333333333332,0.002,0.008,0.04033333333333333
cross_cell_4,4,1,128,affine_channel_lira,10,0.5740837777777777,0.10933333333333334,0.005666666666666667,0.021333333333333333,0.088
cross_cell_4,4,1,128,latent_lira_mismatched,10,0.5680675555555555,0.11233333333333331,0.0,0.01,0.059
cross_cell_4,4,1,128,loss_mia,10,0.5650198888888889,0.12766666666666665,0.0016666666666666666,0.009666666666666667,0.047
cross_cell_4,4,1,512,affine_channel_lira,10,0.5953139999999999,0.13699999999999998,0.003666666666666667,0.026333333333333334,0.096
cross_cell_4,4,1,512,latent_lira_mismatched,10,0.588883111111111,0.13866666666666666,0.0033333333333333335,0.014333333333333333,0.07233333333333333
cross_cell_4,4,1,512,loss_mia,10,0.5756915555555555,0.15066666666666667,0.0006666666666666666,0.007333333333333333,0.043
cross_cell_4,4,10,1024,affine_channel_lira,10,0.6023337777777777,0.1496666666666667,0.003666666666666667,0.023333333333333334,0.099
cross_cell_4,4,10,1024,latent_lira_mismatched,10,0.596576,0.14633333333333337,0.004666666666666667,0.014666666666666666,0.07266666666666666
cross_cell_4,4,10,1024,loss_mia,10,0.57747,0.15433333333333332,0.002,0.008,0.04033333333333333
cross_cell_4,4,10,128,affine_channel_lira,10,0.5753535555555556,0.11133333333333334,0.006,0.022,0.089
cross_cell_4,4,10,128,latent_lira_mismatched,10,0.5680675555555555,0.11233333333333331,0.0,0.01,0.059
cross_cell_4,4,10,128,loss_mia,10,0.5650198888888889,0.12766666666666665,0.0016666666666666666,0.009666666666666667,0.047
cross_cell_4,4,10,512,affine_channel_lira,10,0.5950411111111111,0.13700000000000004,0.0033333333333333335,0.02366666666666667,0.09666666666666668
cross_cell_4,4,10,512,latent_lira_mismatched,10,0.588883111111111,0.13866666666666666,0.0033333333333333335,0.014333333333333333,0.07233333333333333
cross_cell_4,4,10,512,loss_mia,10,0.5756915555555555,0.15066666666666667,0.0006666666666666666,0.007333333333333333,0.043
cross_cell_4,4,11,1024,affine_channel_lira,10,0.6016797777777778,0.14766666666666672,0.0033333333333333335,0.024333333333333332,0.099
cross_cell_4,4,11,1024,latent_lira_mismatched,10,0.596576,0.14633333333333337,0.004666666666666667,0.014666666666666666,0.07266666666666666
cross_cell_4,4,11,1024,loss_mia,10,0.57747,0.15433333333333332,0.002,0.008,0.04033333333333333
cross_cell_4,4,11,128,affine_channel_lira,10,0.5754151111111111,0.11400000000000002,0.006,0.021333333333333333,0.08733333333333333
cross_cell_4,4,11,128,latent_lira_mismatched,10,0.5680675555555555,0.11233333333333331,0.0,0.01,0.059
cross_cell_4,4,11,128,loss_mia,10,0.5650198888888889,0.12766666666666665,0.0016666666666666666,0.009666666666666667,0.047
cross_cell_4,4,11,512,affine_channel_lira,10,0.5944404444444444,0.1343333333333334,0.003666666666666667,0.024333333333333332,0.09533333333333334
cross_cell_4,4,11,512,latent_lira_mismatched,10,0.588883111111111,0.13866666666666666,0.0033333333333333335,0.014333333333333333,0.07233333333333333
cross_cell_4,4,11,512,loss_mia,10,0.5756915555555555,0.15066666666666667,0.0006666666666666666,0.007333333333333333,0.043
cross_cell_4,4,12,1024,affine_channel_lira,10,0.603504,0.14766666666666672,0.0026666666666666666,0.025333333333333333,0.09733333333333333
cross_cell_4,4,12,1024,latent_lira_mismatched,10,0.596576,0.14633333333333337,0.004666666666666667,0.014666666666666666,0.07266666666666666
cross_cell_4,4,12,1024,loss_mia,10,0.57747,0.15433333333333332,0.002,0.008,0.04033333333333333
cross_cell_4,4,12,128,affine_channel_lira,10,0.5749955555555555,0.11333333333333331,0.004666666666666667,0.022333333333333334,0.086
cross_cell_4,4,12,128,latent_lira_mismatched,10,0.5680675555555555,0.11233333333333331,0.0,0.01,0.059
cross_cell_4,4,12,128,loss_mia,10,0.5650198888888889,0.12766666666666665,0.0016666666666666666,0.009666666666666667,0.047
cross_cell_4,4,12,512,affine_channel_lira,10,0.5964811111111111,0.13800000000000004,0.003,0.024,0.092
cross_cell_4,4,12,512,latent_lira_mismatched,10,0.588883111111111,0.13866666666666666,0.0033333333333333335,0.014333333333333333,0.07233333333333333
cross_cell_4,4,12,512,loss_mia,10,0.5756915555555555,0.15066666666666667,0.0006666666666666666,0.007333333333333333,0.043
cross_cell_4,4,13,1024,affine_channel_lira,10,0.6026153333333333,0.14500000000000005,0.002666666666666667,0.024,0.092
cross_cell_4,4,13,1024,latent_lira_mismatched,10,0.596576,0.14633333333333337,0.004666666666666667,0.014666666666666666,0.07266666666666666
cross_cell_4,4,13,1024,loss_mia,10,0.57747,0.15433333333333332,0.002,0.008,0.04033333333333333
cross_cell_4,4,13,128,affine_channel_lira,10,0.5752686666666667,0.10766666666666666,0.004,0.022,0.08666666666666667
cross_cell_4,4,13,128,latent_lira_mismatched,10,0.5680675555555555,0.11233333333333331,0.0,0.01,0.059
cross_cell_4,4,13,128,loss_mia,10,0.5650198888888889,0.12766666666666665,0.0016666666666666666,0.009666666666666667,0.047
cross_cell_4,4,13,512,affine_channel_lira,10,0.5966086666666667,0.13833333333333336,0.003,0.026000000000000002,0.09333333333333332
cross_cell_4,4,13,512,latent_lira_mismatched,10,0.588883111111111,0.13866666666666666,0.0033333333333333335,0.014333333333333333,0.07233333333333333
cross_cell_4,4,13,512,loss_mia,10,0.5756915555555555,0.15066666666666667,0.0006666666666666666,0.007333333333333333,0.043
cross_cell_4,4,14,1024,affine_channel_lira,10,0.6006444444444445,0.14966666666666664,0.004,0.021666666666666667,0.097
cross_cell_4,4,14,1024,latent_lira_mismatched,10,0.596576,0.14633333333333337,0.004666666666666667,0.014666666666666666,0.07266666666666666
cross_cell_4,4,14,1024,loss_mia,10,0.57747,0.15433333333333332,0.002,0.008,0.04033333333333333
cross_cell_4,4,14,128,affine_channel_lira,10,0.5754431111111111,0.11366666666666667,0.006,0.02333333333333333,0.089
cross_cell_4,4,14,128,latent_lira_mismatched,10,0.5680675555555555,0.11233333333333331,0.0,0.01,0.059
cross_cell_4,4,14,128,loss_mia,10,0.5650198888888889,0.12766666666666665,0.0016666666666666666,0.009666666666666667,0.047
cross_cell_4,4,14,512,affine_channel_lira,10,0.5924468888888889,0.1346666666666667,0.003666666666666667,0.024666666666666667,0.09366666666666666
cross_cell_4,4,14,512,latent_lira_mismatched,10,0.588883111111111,0.13866666666666666,0.0033333333333333335,0.014333333333333333,0.07233333333333333
cross_cell_4,4,14,512,loss_mia,10,0.5756915555555555,0.15066666666666667,0.0006666666666666666,0.007333333333333333,0.043
cross_cell_4,4,15,1024,affine_channel_lira,10,0.6031528888888888,0.14700000000000002,0.003333333333333333,0.023666666666666666,0.09566666666666668
cross_cell_4,4,15,1024,latent_lira_mismatched,10,0.596576,0.14633333333333337,0.004666666666666667,0.014666666666666666,0.07266666666666666
cross_cell_4,4,15,1024,loss_mia,10,0.57747,0.15433333333333332,0.002,0.008,0.04033333333333333
cross_cell_4,4,15,128,affine_channel_lira,10,0.5748637777777779,0.10900000000000001,0.006333333333333333,0.023,0.08733333333333333
cross_cell_4,4,15,128,latent_lira_mismatched,10,0.5680675555555555,0.11233333333333331,0.0,0.01,0.059
cross_cell_4,4,15,128,loss_mia,10,0.5650198888888889,0.12766666666666665,0.0016666666666666666,0.009666666666666667,0.047
cross_cell_4,4,15,512,affine_channel_lira,10,0.5955942222222222,0.138,0.0033333333333333335,0.024,0.09433333333333332
cross_cell_4,4,15,512,latent_lira_mismatched,10,0.588883111111111,0.13866666666666666,0.0033333333333333335,0.014333333333333333,0.07233333333333333
cross_cell_4,4,15,512,loss_mia,10,0.5756915555555555,0.15066666666666667,0.0006666666666666666,0.007333333333333333,0.043
cross_cell_4,4,16,1024,affine_channel_lira,10,0.600057111111111,0.14733333333333334,0.005333333333333333,0.024333333333333332,0.10133333333333333
cross_cell_4,4,16,1024,latent_lira_mismatched,10,0.596576,0.14633333333333337,0.004666666666666667,0.014666666666666666,0.07266666666666666
cross_cell_4,4,16,1024,loss_mia,10,0.57747,0.15433333333333332,0.002,0.008,0.04033333333333333
cross_cell_4,4,16,128,affine_channel_lira,10,0.5747808888888888,0.11233333333333334,0.006333333333333333,0.021333333333333333,0.09033333333333333
cross_cell_4,4,16,128,latent_lira_mismatched,10,0.5680675555555555,0.11233333333333331,0.0,0.01,0.059
cross_cell_4,4,16,128,loss_mia,10,0.5650198888888889,0.12766666666666665,0.0016666666666666666,0.009666666666666667,0.047
cross_cell_4,4,16,512,affine_channel_lira,10,0.5923015555555555,0.13266666666666668,0.004,0.025333333333333333,0.095
cross_cell_4,4,16,512,latent_lira_mismatched,10,0.588883111111111,0.13866666666666666,0.0033333333333333335,0.014333333333333333,0.07233333333333333
cross_cell_4,4,16,512,loss_mia,10,0.5756915555555555,0.15066666666666667,0.0006666666666666666,0.007333333333333333,0.043
cross_cell_4,4,17,1024,affine_channel_lira,10,0.6023473333333333,0.14600000000000002,0.004333333333333333,0.027000000000000003,0.10200000000000001
cross_cell_4,4,17,1024,latent_lira_mismatched,10,0.596576,0.14633333333333337,0.004666666666666667,0.014666666666666666,0.07266666666666666
cross_cell_4,4,17,1024,loss_mia,10,0.57747,0.15433333333333332,0.002,0.008,0.04033333333333333
cross_cell_4,4,17,128,affine_channel_lira,10,0.5744644444444444,0.11033333333333331,0.006,0.020999999999999998,0.08833333333333333
cross_cell_4,4,17,128,latent_lira_mismatched,10,0.5680675555555555,0.11233333333333331,0.0,0.01,0.059
cross_cell_4,4,17,128,loss_mia,10,0.5650198888888889,0.12766666666666665,0.0016666666666666666,0.009666666666666667,0.047
cross_cell_4,4,17,512,affine_channel_lira,10,0.5952431111111112,0.14,0.004666666666666667,0.024666666666666667,0.099
cross_cell_4,4,17,512,latent_lira_mismatched,10,0.588883111111111,0.13866666666666666,0.0033333333333333335,0.014333333333333333,0.07233333333333333
cross_cell_4,4,17,512,loss_mia,10,0.5756915555555555,0.15066666666666667,0.0006666666666666666,0.007333333333333333,0.043
cross_cell_4,4,18,1024,affine_channel_lira,10,0.5997313333333334,0.1466666666666667,0.0033333333333333335,0.023666666666666666,0.09533333333333333
cross_cell_4,4,18,1024,latent_lira_mismatched,10,0.596576,0.14633333333333337,0.004666666666666667,0.014666666666666666,0.07266666666666666
cross_cell_4,4,18,1024,loss_mia,10,0.57747,0.15433333333333332,0.002,0.008,0.04033333333333333
cross_cell_4,4,18,128,affine_channel_lira,10,0.5750406666666666,0.11333333333333334,0.004666666666666667,0.021666666666666667,0.08533333333333333
cross_cell_4,4,18,128,latent_lira_mismatched,10,0.5680675555555555,0.11233333333333331,0.0,0.01,0.059
cross_cell_4,4,18,128,loss_mia,10,0.5650198888888889,0.12766666666666665,0.0016666666666666666,0.009666666666666667,0.047
cross_cell_4,4,18,512,affine_channel_lira,10,0.5934248888888889,0.13766666666666666,0.0033333333333333335,0.023333333333333334,0.09366666666666668
cross_cell_4,4,18,512,latent_lira_mismatched,10,0.588883111111111,0.13866666666666666,0.0033333333333333335,0.014333333333333333,0.07233333333333333
cross_cell_4,4,18,512,loss_mia,10,0.5756915555555555,0.15066666666666667,0.0006666666666666666,0.007333333333333333,0.043
cross_cell_4,4,19,1024,affine_channel_lira,10,0.6048068888888889,0.1496666666666667,0.003666666666666667,0.027333333333333334,0.098
cross_cell_4,4,19,1024,latent_lira_mismatched,10,0.596576,0.14633333333333337,0.004666666666666667,0.014666666666666666,0.07266666666666666
cross_cell_4,4,19,1024,loss_mia,10,0.57747,0.15433333333333332,0.002,0.008,0.04033333333333333
cross_cell_4,4,19,128,affine_channel_lira,10,0.5744560000000001,0.11400000000000002,0.006,0.023,0.08866666666666667
cross_cell_4,4,19,128,latent_lira_mismatched,10,0.5680675555555555,0.11233333333333331,0.0,0.01,0.059
cross_cell_4,4,19,128,loss_mia,10,0.5650198888888889,0.12766666666666665,0.0016666666666666666,0.009666666666666667,0.047
cross_cell_4,4,19,512,affine_channel_lira,10,0.5963666666666667,0.1366666666666667,0.0033333333333333335,0.025333333333333333,0.09533333333333334
cross_cell_4,4,19,512,latent_lira_mismatched,10,0.588883111111111,0.13866666666666666,0.0033333333333333335,0.014333333333333333,0.07233333333333333
cross_cell_4,4,19,512,loss_mia,10,0.5756915555555555,0.15066666666666667,0.0006666666666666666,0.007333333333333333,0.043
cross_cell_4,4,2,1024,affine_channel_lira,10,0.6004777777777778,0.1446666666666667,0.004333333333333333,0.02366666666666667,0.10066666666666667
cross_cell_4,4,2,1024,latent_lira_mismatched,10,0.596576,0.14633333333333337,0.004666666666666667,0.014666666666666666,0.07266666666666666
cross_cell_4,4,2,1024,loss_mia,10,0.57747,0.15433333333333332,0.002,0.008,0.04033333333333333
cross_cell_4,4,2,128,affine_channel_lira,10,0.5746275555555556,0.11099999999999999,0.006333333333333333,0.021666666666666667,0.08966666666666667
cross_cell_4,4,2,128,latent_lira_mismatched,10,0.5680675555555555,0.11233333333333331,0.0,0.01,0.059
cross_cell_4,4,2,128,loss_mia,10,0.5650198888888889,0.12766666666666665,0.0016666666666666666,0.009666666666666667,0.047
cross_cell_4,4,2,512,affine_channel_lira,10,0.5931306666666667,0.13400000000000006,0.004,0.024,0.09566666666666668
cross_cell_4,4,2,512,latent_lira_mismatched,10,0.588883111111111,0.13866666666666666,0.0033333333333333335,0.014333333333333333,0.07233333333333333
cross_cell_4,4,2,512,loss_mia,10,0.5756915555555555,0.15066666666666667,0.0006666666666666666,0.007333333333333333,0.043
cross_cell_4,4,20,1024,affine_channel_lira,10,0.6019733333333334,0.14500000000000002,0.004,0.024333333333333332,0.09866666666666667
cross_cell_4,4,20,1024,latent_lira_mismatched,10,0.596576,0.14633333333333337,0.004666666666666667,0.014666666666666666,0.07266666666666666
cross_cell_4,4,20,1024,loss_mia,10,0.57747,0.15433333333333332,0.002,0.008,0.04033333333333333
cross_cell_4,4,20,128,affine_channel_lira,10,0.57462,0.11066666666666666,0.005666666666666667,0.022,0.08933333333333333
cross_cell_4,4,20,128,latent_lira_mismatched,10,0.5680675555555555,0.11233333333333331,0.0,0.01,0.059
cross_cell_4,4,20,128,loss_mia,10,0.5650198888888889,0.12766666666666665,0.0016666666666666666,0.009666666666666667,0.047
cross_cell_4,4,20,512,affine_channel_lira,10,0.5945055555555555,0.13866666666666663,0.004666666666666667,0.025,0.09533333333333334
cross_cell_4,4,20,512,latent_lira_mismatched,10,0.588883111111111,0.13866666666666666,0.0033333333333333335,0.014333333333333333,0.07233333333333333
cross_cell_4,4,20,512,loss_mia,10,0.5756915555555555,0.15066666666666667,0.0006666666666666666,0.007333333333333333,0.043
cross_cell_4,4,21,1024,affine_channel_lira,10,0.6030855555555555,0.15066666666666664,0.004666666666666667,0.026,0.09966666666666667
cross_cell_4,4,21,1024,latent_lira_mismatched,10,0.596576,0.14633333333333337,0.004666666666666667,0.014666666666666666,0.07266666666666666
cross_cell_4,4,21,1024,loss_mia,10,0.57747,0.15433333333333332,0.002,0.008,0.04033333333333333
cross_cell_4,4,21,128,affine_channel_lira,10,0.5751433333333333,0.11033333333333334,0.005333333333333333,0.02366666666666667,0.091
cross_cell_4,4,21,128,latent_lira_mismatched,10,0.5680675555555555,0.11233333333333331,0.0,0.01,0.059
cross_cell_4,4,21,128,loss_mia,10,0.5650198888888889,0.12766666666666665,0.0016666666666666666,0.009666666666666667,0.047
cross_cell_4,4,21,512,affine_channel_lira,10,0.5951955555555556,0.1396666666666667,0.004666666666666667,0.025333333333333333,0.09733333333333333
cross_cell_4,4,21,512,latent_lira_mismatched,10,0.588883111111111,0.13866666666666666,0.0033333333333333335,0.014333333333333333,0.07233333333333333
cross_cell_4,4,21,512,loss_mia,10,0.5756915555555555,0.15066666666666667,0.0006666666666666666,0.007333333333333333,0.043
cross_cell_4,4,22,1024,affine_channel_lira,10,0.602922,0.1476666666666667,0.003,0.025666666666666667,0.097
cross_cell_4,4,22,1024,latent_lira_mismatched,10,0.596576,0.14633333333333337,0.004666666666666667,0.014666666666666666,0.07266666666666666
cross_cell_4,4,22,1024,loss_mia,10,0.57747,0.15433333333333332,0.002,0.008,0.04033333333333333
cross_cell_4,4,22,128,affine_channel_lira,10,0.5741488888888888,0.11266666666666669,0.0033333333333333335,0.020999999999999998,0.08399999999999999
cross_cell_4,4,22,128,latent_lira_mismatched,10,0.5680675555555555,0.11233333333333331,0.0,0.01,0.059
cross_cell_4,4,22,128,loss_mia,10,0.5650198888888889,0.12766666666666665,0.0016666666666666666,0.009666666666666667,0.047
cross_cell_4,4,22,512,affine_channel_lira,10,0.5954651111111111,0.13733333333333334,0.0033333333333333335,0.02366666666666667,0.09366666666666668
cross_cell_4,4,22,512,latent_lira_mismatched,10,0.588883111111111,0.13866666666666666,0.0033333333333333335,0.014333333333333333,0.07233333333333333
cross_cell_4,4,22,512,loss_mia,10,0.5756915555555555,0.15066666666666667,0.0006666666666666666,0.007333333333333333,0.043
cross_cell_4,4,23,1024,affine_channel_lira,10,0.6032759999999999,0.15266666666666664,0.0033333333333333335,0.025333333333333333,0.097
cross_cell_4,4,23,1024,latent_lira_mismatched,10,0.596576,0.14633333333333337,0.004666666666666667,0.014666666666666666,0.07266666666666666
cross_cell_4,4,23,1024,loss_mia,10,0.57747,0.15433333333333332,0.002,0.008,0.04033333333333333
cross_cell_4,4,23,128,affine_channel_lira,10,0.5739457777777778,0.11200000000000002,0.005,0.022,0.08499999999999999
cross_cell_4,4,23,128,latent_lira_mismatched,10,0.5680675555555555,0.11233333333333331,0.0,0.01,0.059
cross_cell_4,4,23,128,loss_mia,10,0.5650198888888889,0.12766666666666665,0.0016666666666666666,0.009666666666666667,0.047
cross_cell_4,4,23,512,affine_channel_lira,10,0.5967191111111111,0.14,0.003666666666666667,0.025,0.093
cross_cell_4,4,23,512,latent_lira_mismatched,10,0.588883111111111,0.13866666666666666,0.0033333333333333335,0.014333333333333333,0.07233333333333333
cross_cell_4,4,23,512,loss_mia,10,0.5756915555555555,0.15066666666666667,0.0006666666666666666,0.007333333333333333,0.043
cross_cell_4,4,24,1024,affine_channel_lira,10,0.604219111111111,0.14600000000000002,0.004666666666666667,0.024666666666666667,0.10266666666666666
cross_cell_4,4,24,1024,latent_lira_mismatched,10,0.596576,0.14633333333333337,0.004666666666666667,0.014666666666666666,0.07266666666666666
cross_cell_4,4,24,1024,loss_mia,10,0.57747,0.15433333333333332,0.002,0.008,0.04033333333333333
cross_cell_4,4,24,128,affine_channel_lira,10,0.5743222222222222,0.11133333333333331,0.004333333333333333,0.024333333333333332,0.08533333333333334
cross_cell_4,4,24,128,latent_lira_mismatched,10,0.5680675555555555,0.11233333333333331,0.0,0.01,0.059
cross_cell_4,4,24,128,loss_mia,10,0.5650198888888889,0.12766666666666665,0.0016666666666666666,0.009666666666666667,0.047
cross_cell_4,4,24,512,affine_channel_lira,10,0.596582,0.13933333333333336,0.0033333333333333335,0.024,0.09766666666666668
cross_cell_4,4,24,512,latent_lira_mismatched,10,0.588883111111111,0.13866666666666666,0.0033333333333333335,0.014333333333333333,0.07233333333333333
cross_cell_4,4,24,512,loss_mia,10,0.5756915555555555,0.15066666666666667,0.0006666666666666666,0.007333333333333333,0.043
cross_cell_4,4,25,1024,affine_channel_lira,10,0.6031631111111111,0.14700000000000002,0.003666666666666667,0.023,0.09466666666666666
cross_cell_4,4,25,1024,latent_lira_mismatched,10,0.596576,0.14633333333333337,0.004666666666666667,0.014666666666666666,0.07266666666666666
cross_cell_4,4,25,1024,loss_mia,10,0.57747,0.15433333333333332,0.002,0.008,0.04033333333333333
cross_cell_4,4,25,128,affine_channel_lira,10,0.5750577777777778,0.11066666666666666,0.005333333333333333,0.022,0.08566666666666667
cross_cell_4,4,25,128,latent_lira_mismatched,10,0.5680675555555555,0.11233333333333331,0.0,0.01,0.059
cross_cell_4,4,25,128,loss_mia,10,0.5650198888888889,0.12766666666666665,0.0016666666666666666,0.009666666666666667,0.047
cross_cell_4,4,25,512,affine_channel_lira,10,0.5953282222222223,0.13900000000000004,0.0033333333333333335,0.02366666666666667,0.09366666666666668
cross_cell_4,4,25,512,latent_lira_mismatched,10,0.588883111111111,0.13866666666666666,0.0033333333333333335,0.014333333333333333,0.07233333333333333
cross_cell_4,4,25,512,loss_mia,10,0.5756915555555555,0.15066666666666667,0.0006666666666666666,0.007333333333333333,0.043
cross_cell_4,4,26,1024,affine_channel_lira,10,0.5998713333333333,0.14500000000000002,0.0033333333333333335,0.026333333333333334,0.09533333333333333
cross_cell_4,4,26,1024,latent_lira_mismatched,10,0.596576,0.14633333333333337,0.004666666666666667,0.014666666666666666,0.07266666666666666
cross_cell_4,4,26,1024,loss_mia,10,0.57747,0.15433333333333332,0.002,0.008,0.04033333333333333
cross_cell_4,4,26,128,affine_channel_lira,10,0.5720684444444444,0.11033333333333337,0.003333333333333333,0.022333333333333334,0.086
cross_cell_4,4,26,128,latent_lira_mismatched,10,0.5680675555555555,0.11233333333333331,0.0,0.01,0.059
cross_cell_4,4,26,128,loss_mia,10,0.5650198888888889,0.12766666666666665,0.0016666666666666666,0.009666666666666667,0.047
cross_cell_4,4,26,512,affine_channel_lira,10,0.5933633333333334,0.1366666666666667,0.003666666666666667,0.02366666666666667,0.094
cross_cell_4,4,26,512,latent_lira_mismatched,10,0.588883111111111,0.13866666666666666,0.0033333333333333335,0.014333333333333333,0.07233333333333333
cross_cell_4,4,26,512,loss_mia,10,0.5756915555555555,0.15066666666666667,0.0006666666666666666,0.007333333333333333,0.043
cross_cell_4,4,27,1024,affine_channel_lira,10,0.6043484444444445,0.14966666666666667,0.003,0.02366666666666667,0.09966666666666667
cross_cell_4,4,27,1024,latent_lira_mismatched,10,0.596576,0.14633333333333337,0.004666666666666667,0.014666666666666666,0.07266666666666666
cross_cell_4,4,27,1024,loss_mia,10,0.57747,0.15433333333333332,0.002,0.008,0.04033333333333333
cross_cell_4,4,27,128,affine_channel_lira,10,0.5749097777777779,0.11466666666666667,0.005,0.022333333333333334,0.088
cross_cell_4,4,27,128,latent_lira_mismatched,10,0.5680675555555555,0.11233333333333331,0.0,0.01,0.059
cross_cell_4,4,27,128,loss_mia,10,0.5650198888888889,0.12766666666666665,0.0016666666666666666,0.009666666666666667,0.047
cross_cell_4,4,27,512,affine_channel_lira,10,0.5969491111111112,0.13766666666666666,0.0033333333333333335,0.022333333333333334,0.09566666666666668
cross_cell_4,4,27,512,latent_lira_mismatched,10,0.588883111111111,0.13866666666666666,0.0033333333333333335,0.014333333333333333,0.07233333333333333
cross_cell_4,4,27,512,loss_mia,10,0.5756915555555555,0.15066666666666667,0.0006666666666666666,0.007333333333333333,0.043
cross_cell_4,4,28,1024,affine_channel_lira,10,0.6018551111111111,0.14533333333333334,0.003,0.025666666666666667,0.097
cross_cell_4,4,28,1024,latent_lira_mismatched,10,0.596576,0.14633333333333337,0.004666666666666667,0.014666666666666666,0.07266666666666666
cross_cell_4,4,28,1024,loss_mia,10,0.57747,0.15433333333333332,0.002,0.008,0.04033333333333333
cross_cell_4,4,28,128,affine_channel_lira,10,0.5745171111111111,0.10833333333333331,0.005,0.02266666666666667,0.08733333333333333
cross_cell_4,4,28,128,latent_lira_mismatched,10,0.5680675555555555,0.11233333333333331,0.0,0.01,0.059
cross_cell_4,4,28,128,loss_mia,10,0.5650198888888889,0.12766666666666665,0.0016666666666666666,0.009666666666666667,0.047
cross_cell_4,4,28,512,affine_channel_lira,10,0.5952006666666667,0.137,0.003666666666666667,0.024666666666666667,0.094
cross_cell_4,4,28,512,latent_lira_mismatched,10,0.588883111111111,0.13866666666666666,0.0033333333333333335,0.014333333333333333,0.07233333333333333
cross_cell_4,4,28,512,loss_mia,10,0.5756915555555555,0.15066666666666667,0.0006666666666666666,0.007333333333333333,0.043
cross_cell_4,4,29,1024,affine_channel_lira,10,0.6015784444444445,0.14733333333333334,0.004,0.024666666666666667,0.10266666666666667
cross_cell_4,4,29,1024,latent_lira_mismatched,10,0.596576,0.14633333333333337,0.004666666666666667,0.014666666666666666,0.07266666666666666
cross_cell_4,4,29,1024,loss_mia,10,0.57747,0.15433333333333332,0.002,0.008,0.04033333333333333
cross_cell_4,4,29,128,affine_channel_lira,10,0.5751873333333333,0.11133333333333337,0.005333333333333333,0.022333333333333334,0.086
cross_cell_4,4,29,128,latent_lira_mismatched,10,0.5680675555555555,0.11233333333333331,0.0,0.01,0.059
cross_cell_4,4,29,128,loss_mia,10,0.5650198888888889,0.12766666666666665,0.0016666666666666666,0.009666666666666667,0.047
cross_cell_4,4,29,512,affine_channel_lira,10,0.5944577777777778,0.13466666666666668,0.0033333333333333335,0.023,0.09666666666666666
cross_cell_4,4,29,512,latent_lira_mismatched,10,0.588883111111111,0.13866666666666666,0.0033333333333333335,0.014333333333333333,0.07233333333333333
cross_cell_4,4,29,512,loss_mia,10,0.5756915555555555,0.15066666666666667,0.0006666666666666666,0.007333333333333333,0.043
cross_cell_4,4,3,1024,affine_channel_lira,10,0.6036159999999999,0.14633333333333337,0.002333333333333333,0.023333333333333334,0.09433333333333332
cross_cell_4,4,3,1024,latent_lira_mismatched,10,0.596576,0.14633333333333337,0.004666666666666667,0.014666666666666666,0.07266666666666666
cross_cell_4,4,3,1024,loss_mia,10,0.57747,0.15433333333333332,0.002,0.008,0.04033333333333333
cross_cell_4,4,3,128,affine_channel_lira,10,0.5741557777777777,0.11266666666666669,0.005,0.022333333333333334,0.087
cross_cell_4,4,3,128,latent_lira_mismatched,10,0.5680675555555555,0.11233333333333331,0.0,0.01,0.059
cross_cell_4,4,3,128,loss_mia,10,0.5650198888888889,0.12766666666666665,0.0016666666666666666,0.009666666666666667,0.047
cross_cell_4,4,3,512,affine_channel_lira,10,0.5969142222222222,0.14066666666666672,0.003,0.025333333333333333,0.093
cross_cell_4,4,3,512,latent_lira_mismatched,10,0.588883111111111,0.13866666666666666,0.0033333333333333335,0.014333333333333333,0.07233333333333333
cross_cell_4,4,3,512,loss_mia,10,0.5756915555555555,0.15066666666666667,0.0006666666666666666,0.007333333333333333,0.043
cross_cell_4,4,30,1024,affine_channel_lira,10,0.6044713333333334,0.14700000000000002,0.004333333333333333,0.024666666666666667,0.101
cross_cell_4,4,30,1024,latent_lira_mismatched,10,0.596576,0.14633333333333337,0.004666666666666667,0.014666666666666666,0.07266666666666666
cross_cell_4,4,30,1024,loss_mia,10,0.57747,0.15433333333333332,0.002,0.008,0.04033333333333333
cross_cell_4,4,30,128,affine_channel_lira,10,0.575524,0.11166666666666669,0.004666666666666667,0.023,0.09033333333333333
cross_cell_4,4,30,128,latent_lira_mismatched,10,0.5680675555555555,0.11233333333333331,0.0,0.01,0.059
cross_cell_4,4,30,128,loss_mia,10,0.5650198888888889,0.12766666666666665,0.0016666666666666666,0.009666666666666667,0.047
cross_cell_4,4,30,512,affine_channel_lira,10,0.5955906666666666,0.1376666666666666,0.004,0.02366666666666667,0.09766666666666667
cross_cell_4,4,30,512,latent_lira_mismatched,10,0.588883111111111,0.13866666666666666,0.0033333333333333335,0.014333333333333333,0.07233333333333333
cross_cell_4,4,30,512,loss_mia,10,0.5756915555555555,0.15066666666666667,0.0006666666666666666,0.007333333333333333,0.043
cross_cell_4,4,31,1024,affine_channel_lira,10,0.6023488888888888,0.14800000000000002,0.004666666666666667,0.021666666666666667,0.10066666666666667
cross_cell_4,4,31,1024,latent_lira_mismatched,10,0.596576,0.14633333333333337,0.004666666666666667,0.014666666666666666,0.07266666666666666
cross_cell_4,4,31,1024,loss_mia,10,0.57747,0.15433333333333332,0.002,0.008,0.04033333333333333
cross_cell_4,4,31,128,affine_channel_lira,10,0.5755082222222223,0.11033333333333337,0.006,0.022333333333333334,0.08966666666666667
cross_cell_4,4,31,128,latent_lira_mismatched,10,0.5680675555555555,0.11233333333333331,0.0,0.01,0.059
cross_cell_4,4,31,128,loss_mia,10,0.5650198888888889,0.12766666666666665,0.0016666666666666666,0.009666666666666667,0.047
cross_cell_4,4,31,512,affine_channel_lira,10,0.5950388888888889,0.13933333333333334,0.004,0.023333333333333334,0.09633333333333333
cross_cell_4,4,31,512,latent_lira_mismatched,10,0.588883111111111,0.13866666666666666,0.0033333333333333335,0.014333333333333333,0.07233333333333333
cross_cell_4,4,31,512,loss_mia,10,0.5756915555555555,0.15066666666666667,0.0006666666666666666,0.007333333333333333,0.043
cross_cell_4,4,4,1024,affine_channel_lira,10,0.5992762222222223,0.14433333333333334,0.003,0.023,0.09633333333333333
cross_cell_4,4,4,1024,latent_lira_mismatched,10,0.596576,0.14633333333333337,0.004666666666666667,0.014666666666666666,0.07266666666666666
cross_cell_4,4,4,1024,loss_mia,10,0.57747,0.15433333333333332,0.002,0.008,0.04033333333333333
cross_cell_4,4,4,128,affine_channel_lira,10,0.5752888888888888,0.11700000000000002,0.005333333333333333,0.022,0.08533333333333333
cross_cell_4,4,4,128,latent_lira_mismatched,10,0.5680675555555555,0.11233333333333331,0.0,0.01,0.059
cross_cell_4,4,4,128,loss_mia,10,0.5650198888888889,0.12766666666666665,0.0016666666666666666,0.009666666666666667,0.047
cross_cell_4,4,4,512,affine_channel_lira,10,0.5921557777777777,0.1353333333333333,0.0026666666666666666,0.024,0.09233333333333332
cross_cell_4,4,4,512,latent_lira_mismatched,10,0.588883111111111,0.13866666666666666,0.0033333333333333335,0.014333333333333333,0.07233333333333333
cross_cell_4,4,4,512,loss_mia,10,0.5756915555555555,0.15066666666666667,0.0006666666666666666,0.007333333333333333,0.043
cross_cell_4,4,5,1024,affine_channel_lira,10,0.6022908888888889,0.14500000000000002,0.004,0.027,0.101
cross_cell_4,4,5,1024,latent_lira_mismatched,10,0.596576,0.14633333333333337,0.004666666666666667,0.014666666666666666,0.07266666666666666
cross_cell_4,4,5,1024,loss_mia,10,0.57747,0.15433333333333332,0.002,0.008,0.04033333333333333
cross_cell_4,4,5,128,affine_channel_lira,10,0.5738286666666667,0.10866666666666669,0.005666666666666667,0.022333333333333334,0.08566666666666667
cross_cell_4,4,5,128,latent_lira_mismatched,10,0.5680675555555555,0.11233333333333331,0.0,0.01,0.059
cross_cell_4,4,5,128,loss_mia,10,0.5650198888888889,0.12766666666666665,0.0016666666666666666,0.009666666666666667,0.047
cross_cell_4,4,5,512,affine_channel_lira,10,0.5955775555555556,0.13733333333333334,0.004,0.024333333333333332,0.09566666666666668
cross_cell_4,4,5,512,latent_lira_mismatched,10,0.588883111111111,0.13866666666666666,0.0033333333333333335,0.014333333333333333,0.07233333333333333
cross_cell_4,4,5,512,loss_mia,10,0.5756915555555555,0.15066666666666667,0.0006666666666666666,0.007333333333333333,0.043
cross_cell_4,4,6,1024,affine_channel_lira,10,0.6026908888888889,0.14866666666666667,0.003,0.024,0.09733333333333333
cross_cell_4,4,6,1024,latent_lira_mismatched,10,0.596576,0.14633333333333337,0.004666666666666667,0.014666666666666666,0.07266666666666666
cross_cell_4,4,6,1024,loss_mia,10,0.57747,0.15433333333333332,0.002,0.008,0.04033333333333333
cross_cell_4,4,6,128,affine_channel_lira,10,0.5749455555555556,0.11299999999999999,0.005,0.022,0.08666666666666667
cross_cell_4,4,6,128,latent_lira_mismatched,10,0.5680675555555555,0.11233333333333331,0.0,0.01,0.059
cross_cell_4,4,6,128,loss_mia,10,0.5650198888888889,0.12766666666666665,0.0016666666666666666,0.009666666666666667,0.047
cross_cell_4,4,6,512,affine_channel_lira,10,0.5957097777777778,0.13766666666666666,0.0033333333333333335,0.024666666666666667,0.09533333333333334
cross_cell_4,4,6,512,latent_lira_mismatched,10,0.588883111111111,0.13866666666666666,0.0033333333333333335,0.014333333333333333,0.07233333333333333
cross_cell_4,4,6,512,loss_mia,10,0.5756915555555555,0.15066666666666667,0.0006666666666666666,0.007333333333333333,0.043
cross_cell_4,4,7,1024,affine_channel_lira,10,0.6047715555555556,0.14966666666666667,0.004,0.026666666666666665,0.09733333333333333
cross_cell_4,4,7,1024,latent_lira_mismatched,10,0.596576,0.14633333333333337,0.004666666666666667,0.014666666666666666,0.07266666666666666
cross_cell_4,4,7,1024,loss_mia,10,0.57747,0.15433333333333332,0.002,0.008,0.04033333333333333
cross_cell_4,4,7,128,affine_channel_lira,10,0.5749755555555556,0.11333333333333334,0.005333333333333333,0.02266666666666667,0.09033333333333333
cross_cell_4,4,7,128,latent_lira_mismatched,10,0.5680675555555555,0.11233333333333331,0.0,0.01,0.059
cross_cell_4,4,7,128,loss_mia,10,0.5650198888888889,0.12766666666666665,0.0016666666666666666,0.009666666666666667,0.047
cross_cell_4,4,7,512,affine_channel_lira,10,0.5966959999999999,0.13733333333333334,0.004,0.024666666666666667,0.096
cross_cell_4,4,7,512,latent_lira_mismatched,10,0.588883111111111,0.13866666666666666,0.0033333333333333335,0.014333333333333333,0.07233333333333333
cross_cell_4,4,7,512,loss_mia,10,0.5756915555555555,0.15066666666666667,0.0006666666666666666,0.007333333333333333,0.043
cross_cell_4,4,8,1024,affine_channel_lira,10,0.6012011111111111,0.14533333333333331,0.003666666666666667,0.021666666666666667,0.09433333333333332
cross_cell_4,4,8,1024,latent_lira_mismatched,10,0.596576,0.14633333333333337,0.004666666666666667,0.014666666666666666,0.07266666666666666
cross_cell_4,4,8,1024,loss_mia,10,0.57747,0.15433333333333332,0.002,0.008,0.04033333333333333
cross_cell_4,4,8,128,affine_channel_lira,10,0.5755733333333334,0.11433333333333334,0.005666666666666667,0.022333333333333334,0.08533333333333333
cross_cell_4,4,8,128,latent_lira_mismatched,10,0.5680675555555555,0.11233333333333331,0.0,0.01,0.059
cross_cell_4,4,8,128,loss_mia,10,0.5650198888888889,0.12766666666666665,0.0016666666666666666,0.009666666666666667,0.047
cross_cell_4,4,8,512,affine_channel_lira,10,0.5943071111111111,0.13700000000000007,0.0033333333333333335,0.023333333333333334,0.093
cross_cell_4,4,8,512,latent_lira_mismatched,10,0.588883111111111,0.13866666666666666,0.0033333333333333335,0.014333333333333333,0.07233333333333333
cross_cell_4,4,8,512,loss_mia,10,0.5756915555555555,0.15066666666666667,0.0006666666666666666,0.007333333333333333,0.043
cross_cell_4,4,9,1024,affine_channel_lira,10,0.6002946666666666,0.14733333333333332,0.004333333333333333,0.02266666666666667,0.097
cross_cell_4,4,9,1024,latent_lira_mismatched,10,0.596576,0.14633333333333337,0.004666666666666667,0.014666666666666666,0.07266666666666666
cross_cell_4,4,9,1024,loss_mia,10,0.57747,0.15433333333333332,0.002,0.008,0.04033333333333333
cross_cell_4,4,9,128,affine_channel_lira,10,0.5747102222222221,0.11499999999999999,0.005,0.020333333333333335,0.086
cross_cell_4,4,9,128,latent_lira_mismatched,10,0.5680675555555555,0.11233333333333331,0.0,0.01,0.059
cross_cell_4,4,9,128,loss_mia,10,0.5650198888888889,0.12766666666666665,0.0016666666666666666,0.009666666666666667,0.047
cross_cell_4,4,9,512,affine_channel_lira,10,0.5926633333333333,0.13366666666666668,0.004,0.024,0.09366666666666668
cross_cell_4,4,9,512,latent_lira_mismatched,10,0.588883111111111,0.13866666666666666,0.0033333333333333335,0.014333333333333333,0.07233333333333333
cross_cell_4,4,9,512,loss_mia,10,0.5756915555555555,0.15066666666666667,0.0006666666666666666,0.007333333333333333,0.043
cross_cell_8,8,0,1024,affine_channel_lira,10,0.6026826666666667,0.14733333333333334,0.003,0.02333333333333333,0.097
cross_cell_8,8,0,1024,latent_lira_mismatched,10,0.596576,0.14633333333333337,0.004666666666666667,0.014666666666666666,0.07266666666666666
cross_cell_8,8,0,1024,loss_mia,10,0.57747,0.15433333333333332,0.002,0.008,0.04033333333333333
cross_cell_8,8,0,128,affine_channel_lira,10,0.5749106666666667,0.11299999999999999,0.005333333333333333,0.023333333333333334,0.08733333333333333
cross_cell_8,8,0,128,latent_lira_mismatched,10,0.5680675555555555,0.11233333333333331,0.0,0.01,0.059
cross_cell_8,8,0,128,loss_mia,10,0.5650198888888889,0.12766666666666665,0.0016666666666666666,0.009666666666666667,0.047
cross_cell_8,8,0,512,affine_channel_lira,10,0.595164,0.1366666666666667,0.0033333333333333335,0.025333333333333333,0.09333333333333332
cross_cell_8,8,0,512,latent_lira_mismatched,10,0.588883111111111,0.13866666666666666,0.0033333333333333335,0.014333333333333333,0.07233333333333333
cross_cell_8,8,0,512,loss_mia,10,0.5756915555555555,0.15066666666666667,0.0006666666666666666,0.007333333333333333,0.043
cross_cell_8,8,1,1024,affine_channel_lira,10,0.6025417777777777,0.14966666666666667,0.003333333333333333,0.02466666666666667,0.096
cross_cell_8,8,1,1024,latent_lira_mismatched,10,0.596576,0.14633333333333337,0.004666666666666667,0.014666666666666666,0.07266666666666666
cross_cell_8,8,1,1024,loss_mia,10,0.57747,0.15433333333333332,0.002,0.008,0.04033333333333333
cross_cell_8,8,1,128,affine_channel_lira,10,0.5749091111111111,0.11166666666666666,0.005666666666666667,0.023,0.086
cross_cell_8,8,1,128,latent_lira_mismatched,10,0.5680675555555555,0.11233333333333331,0.0,0.01,0.059
cross_cell_8,8,1,128,loss_mia,10,0.5650198888888889,0.12766666666666665,0.0016666666666666666,0.009666666666666667,0.047
cross_cell_8,8,1,512,affine_channel_lira,10,0.5954902222222223,0.1373333333333333,0.003666666666666667,0.025,0.09433333333333332
cross_cell_8,8,1,512,latent_lira_mismatched,10,0.588883111111111,0.13866666666666666,0.0033333333333333335,0.014333333333333333,0.07233333333333333
cross_cell_8,8,1,512,loss_mia,10,0.5756915555555555,0.15066666666666667,0.0006666666666666666,0.007333333333333333,0.043
cross_cell_8,8,10,1024,affine_channel_lira,10,0.6029086666666668,0.1476666666666667,0.003333333333333333,0.025,0.09733333333333333
cross_cell_8,8,10,1024,latent_lira_mismatched,10,0.596576,0.14633333333333337,0.004666666666666667,0.014666666666666666,0.07266666666666666
cross_cell_8,8,10,1024,loss_mia,10,0.57747,0.15433333333333332,0.002,0.008,0.04033333333333333
cross_cell_8,8,10,128,affine_channel_lira,10,0.5755004444444445,0.11266666666666666,0.006,0.023,0.08866666666666667
cross_cell_8,8,10,128,latent_lira_mismatched,10,0.5680675555555555,0.11233333333333331,0.0,0.01,0.059
cross_cell_8,8,10,128,loss_mia,10,0.5650198888888889,0.12766666666666665,0.0016666666666666666,0.009666666666666667,0.047
cross_cell_8,8,10,512,affine_channel_lira,10,0.5958442222222222,0.13766666666666666,0.0033333333333333335,0.024,0.09366666666666668
cross_cell_8,8,10,512,latent_lira_mismatched,10,0.588883111111111,0.13866666666666666,0.0033333333333333335,0.014333333333333333,0.07233333333333333
cross_cell_8,8,10,512,loss_mia,10,0.5756915555555555,0.15066666666666667,0.0006666666666666666,0.007333333333333333,0.043
cross_cell_8,8,11,1024,affine_channel_lira,10,0.602012,0.14700000000000002,0.003333333333333333,0.02366666666666667,0.098
cross_cell_8,8,11,1024,latent_lira_mismatched,10,0.596576,0.14633333333333337,0.004666666666666667,0.014666666666666666,0.07266666666666666
cross_cell_8,8,11,1024,loss_mia,10,0.57747,0.15433333333333332,0.002,0.008,0.04033333333333333
cross_cell_8,8,11,128,affine_channel_lira,10,0.57497,0.11100000000000002,0.005666666666666667,0.022,0.08866666666666667
cross_cell_8,8,11,128,latent_lira_mismatched,10,0.5680675555555555,0.11233333333333331,0.0,0.01,0.059
cross_cell_8,8,11,128,loss_mia,10,0.5650198888888889,0.12766666666666665,0.0016666666666666666,0.009666666666666667,0.047
cross_cell_8,8,11,512,affine_channel_lira,10,0.5947744444444445,0.1366666666666667,0.0033333333333333335,0.02366666666666667,0.095
cross_cell_8,8,11,512,latent_lira_mismatched,10,0.588883111111111,0.13866666666666666,0.0033333333333333335,0.014333333333333333,0.07233333333333333
cross_cell_8,8,11,512,loss_mia,10,0.5756915555555555,0.15066666666666667,0.0006666666666666666,0.007333333333333333,0.043
cross_cell_8,8,12,1024,affine_channel_lira,10,0.6014197777777778,0.14700000000000002,0.003333333333333333,0.02333333333333333,0.096
cross_cell_8,8,12,1024,latent_lira_mismatched,10,0.596576,0.14633333333333337,0.004666666666666667,0.014666666666666666,0.07266666666666666
cross_cell_8,8,12,1024,loss_mia,10,0.57747,0.15433333333333332,0.002,0.008,0.04033333333333333
cross_cell_8,8,12,128,affine_channel_lira,10,0.5749042222222223,0.1156666666666667,0.005666666666666667,0.022333333333333334,0.08633333333333333
cross_cell_8,8,12,128,latent_lira_mismatched,10,0.5680675555555555,0.11233333333333331,0.0,0.01,0.059
cross_cell_8,8,12,128,loss_mia,10,0.5650198888888889,0.12766666666666665,0.0016666666666666666,0.009666666666666667,0.047
cross_cell_8,8,12,512,affine_channel_lira,10,0.5938304444444444,0.1343333333333333,0.004,0.02366666666666667,0.09366666666666666
cross_cell_8,8,12,512,latent_lira_mismatched,10,0.588883111111111,0.13866666666666666,0.0033333333333333335,0.014333333333333333,0.07233333333333333
cross_cell_8,8,12,512,loss_mia,10,0.5756915555555555,0.15066666666666667,0.0006666666666666666,0.007333333333333333,0.043
cross_cell_8,8,13,1024,affine_channel_lira,10,0.6018802222222223,0.14800000000000002,0.003,0.024,0.09366666666666668
cross_cell_8,8,13,1024,latent_lira_mismatched,10,0.596576,0.14633333333333337,0.004666666666666667,0.014666666666666666,0.07266666666666666
cross_cell_8,8,13,1024,loss_mia,10,0.57747,0.15433333333333332,0.002,0.008,0.04033333333333333
cross_cell_8,8,13,128,affine_channel_lira,10,0.5748082222222223,0.11300000000000004,0.003333333333333333,0.021666666666666667,0.086
cross_cell_8,8,13,128,latent_lira_mismatched,10,0.5680675555555555,0.11233333333333331,0.0,0.01,0.059
cross_cell_8,8,13,128,loss_mia,10,0.5650198888888889,0.12766666666666665,0.0016666666666666666,0.009666666666666667,0.047
cross_cell_8,8,13,512,affine_channel_lira,10,0.5956004444444445,0.13666666666666666,0.0026666666666666666,0.022,0.09433333333333332
cross_cell_8,8,13,512,latent_lira_mismatched,10,0.588883111111111,0.13866666666666666,0.0033333333333333335,0.014333333333333333,0.07233333333333333
cross_cell_8,8,13,512,loss_mia,10,0.5756915555555555,0.15066666666666667,0.0006666666666666666,0.007333333333333333,0.043
cross_cell_8,8,14,1024,affine_channel_lira,10,0.6040857777777777,0.1473333333333334,0.003666666666666667,0.024333333333333332,0.102
cross_cell_8,8,14,1024,latent_lira_mismatched,10,0.596576,0.14633333333333337,0.004666666666666667,0.014666666666666666,0.07266666666666666
cross_cell_8,8,14,1024,loss_mia,10,0.57747,0.15433333333333332,0.002,0.008,0.04033333333333333
cross_cell_8,8,14,128,affine_channel_lira,10,0.5754662222222222,0.11066666666666666,0.005333333333333333,0.023,0.08666666666666667
cross_cell_8,8,14,128,latent_lira_mismatched,10,0.5680675555555555,0.11233333333333331,0.0,0.01,0.059
cross_cell_8,8,14,128,loss_mia,10,0.5650198888888889,0.12766666666666665,0.0016666666666666666,0.009666666666666667,0.047
cross_cell_8,8,14,512,affine_channel_lira,10,0.5963068888888889,0.1386666666666667,0.0033333333333333335,0.02366666666666667,0.09733333333333333
cross_cell_8,8,14,512,latent_lira_mismatched,10,0.588883111111111,0.13866666666666666,0.0033333333333333335,0.014333333333333333,0.07233333333333333
cross_cell_8,8,14,512,loss_mia,10,0.5756915555555555,0.15066666666666667,0.0006666666666666666,0.007333333333333333,0.043
cross_cell_8,8,15,1024,affine_channel_lira,10,0.6022451111111111,0.14833333333333334,0.003333333333333333,0.025666666666666667,0.09533333333333334
cross_cell_8,8,15,1024,latent_lira_mismatched,10,0.596576,0.14633333333333337,0.004666666666666667,0.014666666666666666,0.07266666666666666
cross_cell_8,8,15,1024,loss_mia,10,0.57747,0.15433333333333332,0.002,0.008,0.04033333333333333
cross_cell_8,8,15,128,affine_channel_lira,10,0.5754131111111112,0.11200000000000002,0.005666666666666667,0.022,0.08766666666666667
cross_cell_8,8,15,128,latent_lira_mismatched,10,0.5680675555555555,0.11233333333333331,0.0,0.01,0.059
cross_cell_8,8,15,128,loss_mia,10,0.5650198888888889,0.12766666666666665,0.0016666666666666666,0.009666666666666667,0.047
cross_cell_8,8,15,512,affine_channel_lira,10,0.5955562222222222,0.13700000000000004,0.0033333333333333335,0.024666666666666667,0.09433333333333332
cross_cell_8,8,15,512,latent_lira_mismatched,10,0.588883111111111,0.13866666666666666,0.0033333333333333335,0.014333333333333333,0.07233333333333333
cross_cell_8,8,15,512,loss_mia,10,0.5756915555555555,0.15066666666666667,0.0006666666666666666,0.007333333333333333,0.043
cross_cell_8,8,16,1024,affine_channel_lira,10,0.6019244444444445,0.14733333333333332,0.003,0.02333333333333333,0.096
cross_cell_8,8,16,1024,latent_lira_mismatched,10,0.596576,0.14633333333333337,0.004666666666666667,0.014666666666666666,0.07266666666666666
cross_cell_8,8,16,1024,loss_mia,10,0.57747,0.15433333333333332,0.002,0.008,0.04033333333333333
cross_cell_8,8,16,128,affine_channel_lira,10,0.5751997777777778,0.11399999999999999,0.005666666666666667,0.021666666666666667,0.08633333333333333
cross_cell_8,8,16,128,latent_lira_mismatched,10,0.5680675555555555,0.11233333333333331,0.0,0.01,0.059
cross_cell_8,8,16,128,loss_mia,10,0.5650198888888889,0.12766666666666665,0.0016666666666666666,0.009666666666666667,0.047
cross_cell_8,8,16,512,affine_channel_lira,10,0.5943828888888889,0.1363333333333333,0.0033333333333333335,0.023,0.09366666666666668
cross_cell_8,8,16,512,latent_lira_mismatched,10,0.588883111111111,0.13866666666666666,0.0033333333333333335,0.014333333333333333,0.07233333333333333
cross_cell_8,8,16,512,loss_mia,10,0.5756915555555555,0.15066666666666667,0.0006666666666666666,0.007333333333333333,0.043
cross_cell_8,8,17,1024,affine_channel_lira,10,0.6031533333333333,0.14633333333333334,0.004333333333333333,0.025,0.099
cross_cell_8,8,17,1024,latent_lira_mismatched,10,0.596576,0.14633333333333337,0.004666666666666667,0.014666666666666666,0.07266666666666666
cross_cell_8,8,17,1024,loss_mia,10,0.57747,0.15433333333333332,0.002,0.008,0.04033333333333333
cross_cell_8,8,17,128,affine_channel_lira,10,0.5754611111111112,0.11066666666666669,0.006,0.02266666666666667,0.087
cross_cell_8,8,17,128,latent_lira_mismatched,10,0.5680675555555555,0.11233333333333331,0.0,0.01,0.059
cross_cell_8,8,17,128,loss_mia,10,0.5650198888888889,0.12766666666666665,0.0016666666666666666,0.009666666666666667,0.047
cross_cell_8,8,17,512,affine_channel_lira,10,0.5955568888888889,0.1376666666666667,0.0033333333333333335,0.024333333333333332,0.09666666666666666
cross_cell_8,8,17,512,latent_lira_mismatched,10,0.588883111111111,0.13866666666666666,0.0033333333333333335,0.014333333333333333,0.07233333333333333
cross_cell_8,8,17,512,loss_mia,10,0.5756915555555555,0.15066666666666667,0.0006666666666666666,0.007333333333333333,0.043
cross_cell_8,8,18,1024,affine_channel_lira,10,0.6035342222222222,0.14833333333333337,0.003666666666666667,0.024666666666666667,0.098
cross_cell_8,8,18,1024,latent_lira_mismatched,10,0.596576,0.14633333333333337,0.004666666666666667,0.014666666666666666,0.07266666666666666
cross_cell_8,8,18,1024,loss_mia,10,0.57747,0.15433333333333332,0.002,0.008,0.04033333333333333
cross_cell_8,8,18,128,affine_channel_lira,10,0.574856,0.11400000000000002,0.005333333333333333,0.024,0.086
cross_cell_8,8,18,128,latent_lira_mismatched,10,0.5680675555555555,0.11233333333333331,0.0,0.01,0.059
cross_cell_8,8,18,128,loss_mia,10,0.5650198888888889,0.12766666666666665,0.0016666666666666666,0.009666666666666667,0.047
cross_cell_8,8,18,512,affine_channel_lira,10,0.5965002222222222,0.14033333333333334,0.0033333333333333335,0.024,0.09366666666666666
cross_cell_8,8,18,512,latent_lira_mismatched,10,0.588883111111111,0.13866666666666666,0.0033333333333333335,0.014333333333333333,0.07233333333333333
cross_cell_8,8,18,512,loss_mia,10,0.5756915555555555,0.15066666666666667,0.0006666666666666666,0.007333333333333333,0.043
cross_cell_8,8,19,1024,affine_channel_lira,10,0.6038828888888889,0.14700000000000008,0.004,0.02366666666666667,0.09933333333333333
cross_cell_8,8,19,1024,latent_lira_mismatched,10,0.596576,0.14633333333333337,0.004666666666666667,0.014666666666666666,0.07266666666666666
cross_cell_8,8,19,1024,loss_mia,10,0.57747,0.15433333333333332,0.002,0.008,0.04033333333333333
cross_cell_8,8,19,128,affine_channel_lira,10,0.5754673333333333,0.11100000000000002,0.005333333333333333,0.02266666666666667,0.08666666666666667
cross_cell_8,8,19,128,latent_lira_mismatched,10,0.5680675555555555,0.11233333333333331,0.0,0.01,0.059
cross_cell_8,8,19,128,loss_mia,10,0.5650198888888889,0.12766666666666665,0.0016666666666666666,0.009666666666666667,0.047
cross_cell_8,8,19,512,affine_channel_lira,10,0.5961844444444444,0.1386666666666667,0.0033333333333333335,0.02366666666666667,0.09633333333333333
cross_cell_8,8,19,512,latent_lira_mismatched,10,0.588883111111111,0.13866666666666666,0.0033333333333333335,0.014333333333333333,0.07233333333333333
cross_cell_8,8,19,512,loss_mia,10,0.5756915555555555,0.15066666666666667,0.0006666666666666666,0.007333333333333333,0.043
cross_cell_8,8,2,1024,affine_channel_lira,10,0.6026157777777779,0.149,0.0026666666666666666,0.02333333333333333,0.096
cross_cell_8,8,2,1024,latent_lira_mismatched,10,0.596576,0.14633333333333337,0.004666666666666667,0.014666666666666666,0.07266666666666666
cross_cell_8,8,2,1024,loss_mia,10,0.57747,0.15433333333333332,0.002,0.008,0.04033333333333333
cross_cell_8,8,2,128,affine_channel_lira,10,0.5752291111111111,0.1136666666666667,0.005666666666666667,0.022333333333333334,0.08633333333333333
cross_cell_8,8,2,128,latent_lira_mismatched,10,0.5680675555555555,0.11233333333333331,0.0,0.01,0.059
cross_cell_8,8,2,128,loss_mia,10,0.5650198888888889,0.12766666666666665,0.0016666666666666666,0.009666666666666667,0.047
cross_cell_8,8,2,512,affine_channel_lira,10,0.5954982222222223,0.13633333333333333,0.003666666666666667,0.025333333333333333,0.09466666666666666
cross_cell_8,8,2,512,latent_lira_mismatched,10,0.588883111111111,0.13866666666666666,0.0033333333333333335,0.014333333333333333,0.07233333333333333
cross_cell_8,8,2,512,loss_mia,10,0.5756915555555555,0.15066666666666667,0.0006666666666666666,0.007333333333333333,0.043
cross_cell_8,8,20,1024,affine_channel_lira,10,0.6023113333333334,0.14800000000000002,0.003666666666666667,0.026333333333333334,0.096
cross_cell_8,8,20,1024,latent_lira_mismatched,10,0.596576,0.14633333333333337,0.004666666666666667,0.014666666666666666,0.07266666666666666
cross_cell_8,8,20,1024,loss_mia,10,0.57747,0.15433333333333332,0.002,0.008,0.04033333333333333
cross_cell_8,8,20,128,affine_channel_lira,10,0.5740071111111111,0.10833333333333334,0.005666666666666667,0.02266666666666667,0.08733333333333333
cross_cell_8,8,20,128,latent_lira_mismatched,10,0.5680675555555555,0.11233333333333331,0.0,0.01,0.059
cross_cell_8,8,20,128,loss_mia,10,0.5650198888888889,0.12766666666666665,0.0016666666666666666,0.009666666666666667,0.047
cross_cell_8,8,20,512,affine_channel_lira,10,0.5955524444444444,0.13766666666666663,0.003666666666666667,0.026,0.09366666666666668
cross_cell_8,8,20,512,latent_lira_mismatched,10,0.588883111111111,0.13866666666666666,0.0033333333333333335,0.014333333333333333,0.07233333333333333
cross_cell_8,8,20,512,loss_mia,10,0.5756915555555555,0.15066666666666667,0.0006666666666666666,0.007333333333333333,0.043
cross_cell_8,8,21,1024,affine_channel_lira,10,0.6038346666666667,0.14533333333333337,0.003,0.025666666666666667,0.09666666666666666
cross_cell_8,8,21,1024,latent_lira_mismatched,10,0.596576,0.14633333333333337,0.004666666666666667,0.014666666666666666,0.07266666666666666
cross_cell_8,8,21,1024,loss_mia,10,0.57747,0.15433333333333332,0.002,0.008,0.04033333333333333
cross_cell_8,8,21,128,affine_channel_lira,10,0.5744582222222222,0.11433333333333334,0.005,0.02366666666666667,0.08833333333333333
cross_cell_8,8,21,128,latent_lira_mismatched,10,0.5680675555555555,0.11233333333333331,0.0,0.01,0.059
cross_cell_8,8,21,128,loss_mia,10,0.5650198888888889,0.12766666666666665,0.0016666666666666666,0.009666666666666667,0.047
cross_cell_8,8,21,512,affine_channel_lira,10,0.5966324444444444,0.139,0.0033333333333333335,0.024666666666666667,0.09433333333333332
cross_cell_8,8,21,512,latent_lira_mismatched,10,0.588883111111111,0.13866666666666666,0.0033333333333333335,0.014333333333333333,0.07233333333333333
cross_cell_8,8,21,512,loss_mia,10,0.5756915555555555,0.15066666666666667,0.0006666666666666666,0.007333333333333333,0.043
cross_cell_8,8,22,1024,affine_channel_lira,10,0.6036944444444444,0.14800000000000002,0.003,0.024,0.09533333333333334
cross_cell_8,8,22,1024,latent_lira_mismatched,10,0.596576,0.14633333333333337,0.004666666666666667,0.014666666666666666,0.07266666666666666
cross_cell_8,8,22,1024,loss_mia,10,0.57747,0.15433333333333332,0.002,0.008,0.04033333333333333
cross_cell_8,8,22,128,affine_channel_lira,10,0.5745515555555556,0.11033333333333337,0.005,0.022,0.08666666666666667
cross_cell_8,8,22,128,latent_lira_mismatched,10,0.5680675555555555,0.11233333333333331,0.0,0.01,0.059
cross_cell_8,8,22,128,loss_mia,10,0.5650198888888889,0.12766666666666665,0.0016666666666666666,0.009666666666666667,0.047
cross_cell_8,8,22,512,affine_channel_lira,10,0.5968022222222222,0.13666666666666666,0.0033333333333333335,0.024666666666666667,0.094
cross_cell_8,8,22,512,latent_lira_mismatched,10,0.588883111111111,0.13866666666666666,0.0033333333333333335,0.014333333333333333,0.07233333333333333
cross_cell_8,8,22,512,loss_mia,10,0.5756915555555555,0.15066666666666667,0.0006666666666666666,0.007333333333333333,0.043
cross_cell_8,8,23,1024,affine_channel_lira,10,0.6021991111111111,0.14600000000000005,0.003333333333333333,0.024333333333333332,0.09366666666666668
cross_cell_8,8,23,1024,latent_lira_mismatched,10,0.596576,0.14633333333333337,0.004666666666666667,0.014666666666666666,0.07266666666666666
cross_cell_8,8,23,1024,loss_mia,10,0.57747,0.15433333333333332,0.002,0.008,0.04033333333333333
cross_cell_8,8,23,128,affine_channel_lira,10,0.57463,0.11166666666666669,0.005333333333333333,0.022,0.08433333333333333
cross_cell_8,8,23,128,latent_lira_mismatched,10,0.5680675555555555,0.11233333333333331,0.0,0.01,0.059
cross_cell_8,8,23,128,loss_mia,10,0.5650198888888889,0.12766666666666665,0.0016666666666666666,0.009666666666666667,0.047
cross_cell_8,8,23,512,affine_channel_lira,10,0.5955997777777777,0.1366666666666667,0.0033333333333333335,0.024666666666666667,0.09366666666666668
cross_cell_8,8,23,512,latent_lira_mismatched,10,0.588883111111111,0.13866666666666666,0.0033333333333333335,0.014333333333333333,0.07233333333333333
cross_cell_8,8,23,512,loss_mia,10,0.5756915555555555,0.15066666666666667,0.0006666666666666666,0.007333333333333333,0.043
cross_cell_8,8,24,1024,affine_channel_lira,10,0.6012862222222222,0.1496666666666667,0.004,0.02333333333333333,0.09733333333333333
cross_cell_8,8,24,1024,latent_lira_mismatched,10,0.596576,0.14633333333333337,0.004666666666666667,0.014666666666666666,0.07266666666666666
cross_cell_8,8,24,1024,loss_mia,10,0.57747,0.15433333333333332,0.002,0.008,0.04033333333333333
cross_cell_8,8,24,128,affine_channel_lira,10,0.574335111111111,0.11400000000000002,0.005333333333333333,0.021333333333333333,0.086
cross_cell_8,8,24,128,latent_lira_mismatched,10,0.5680675555555555,0.11233333333333331,0.0,0.01,0.059
cross_cell_8,8,24,128,loss_mia,10,0.5650198888888889,0.12766666666666665,0.0016666666666666666,0.009666666666666667,0.047
cross_cell_8,8,24,512,affine_channel_lira,10,0.5935942222222222,0.13500000000000004,0.004,0.02366666666666667,0.09366666666666666
cross_cell_8,8,24,512,latent_lira_mismatched,10,0.588883111111111,0.13866666666666666,0.0033333333333333335,0.014333333333333333,0.07233333333333333
cross_cell_8,8,24,512,loss_mia,10,0.5756915555555555,0.15066666666666667,0.0006666666666666666,0.007333333333333333,0.043
cross_cell_8,8,25,1024,affine_channel_lira,10,0.6020066666666666,0.14600000000000002,0.003666666666666667,0.023,0.09733333333333333
cross_cell_8,8,25,1024,latent_lira_mismatched,10,0.596576,0.14633333333333337,0.004666666666666667,0.014666666666666666,0.07266666666666666
cross_cell_8,8,25,1024,loss_mia,10,0.57747,0.15433333333333332,0.002,0.008,0.04033333333333333
cross_cell_8,8,25,128,affine_channel_lira,10,0.5748848888888889,0.11166666666666669,0.005666666666666667,0.023333333333333334,0.088
cross_cell_8,8,25,128,latent_lira_mismatched,10,0.5680675555555555,0.11233333333333331,0.0,0.01,0.059
cross_cell_8,8,25,128,loss_mia,10,0.5650198888888889,0.12766666666666665,0.0016666666666666666,0.009666666666666667,0.047
cross_cell_8,8,25,512,affine_channel_lira,10,0.5943704444444444,0.13533333333333336,0.0033333333333333335,0.023333333333333334,0.09533333333333333
cross_cell_8,8,25,512,latent_lira_mismatched,10,0.588883111111111,0.13866666666666666,0.0033333333333333335,0.014333333333333333,0.07233333333333333
cross_cell_8,8,25,512,loss_mia,10,0.5756915555555555,0.15066666666666667,0.0006666666666666666,0.007333333333333333,0.043
cross_cell_8,8,26,1024,affine_channel_lira,10,0.6028051111111111,0.14633333333333337,0.003666666666666667,0.023666666666666666,0.09766666666666667
cross_cell_8,8,26,1024,latent_lira_mismatched,10,0.596576,0.14633333333333337,0.004666666666666667,0.014666666666666666,0.07266666666666666
cross_cell_8,8,26,1024,loss_mia,10,0.57747,0.15433333333333332,0.002,0.008,0.04033333333333333
cross_cell_8,8,26,128,affine_channel_lira,10,0.5741271111111111,0.11466666666666667,0.004666666666666667,0.023,0.086
cross_cell_8,8,26,128,latent_lira_mismatched,10,0.5680675555555555,0.11233333333333331,0.0,0.01,0.059
cross_cell_8,8,26,128,loss_mia,10,0.5650198888888889,0.12766666666666665,0.0016666666666666666,0.009666666666666667,0.047
cross_cell_8,8,26,512,affine_channel_lira,10,0.5957186666666666,0.137,0.003666666666666667,0.024,0.094
cross_cell_8,8,26,512,latent_lira_mismatched,10,0.588883111111111,0.13866666666666666,0.0033333333333333335,0.014333333333333333,0.07233333333333333
cross_cell_8,8,26,512,loss_mia,10,0.5756915555555555,0.15066666666666667,0.0006666666666666666,0.007333333333333333,0.043
cross_cell_8,8,27,1024,affine_channel_lira,10,0.6012077777777778,0.1443333333333333,0.003333333333333333,0.02333333333333333,0.09566666666666668
cross_cell_8,8,27,1024,latent_lira_mismatched,10,0.596576,0.14633333333333337,0.004666666666666667,0.014666666666666666,0.07266666666666666
cross_cell_8,8,27,1024,loss_mia,10,0.57747,0.15433333333333332,0.002,0.008,0.04033333333333333
cross_cell_8,8,27,128,affine_channel_lira,10,0.5743942222222223,0.11566666666666667,0.006,0.022333333333333334,0.08466666666666667
cross_cell_8,8,27,128,latent_lira_mismatched,10,0.5680675555555555,0.11233333333333331,0.0,0.01,0.059
cross_cell_8,8,27,128,loss_mia,10,0.5650198888888889,0.12766666666666665,0.0016666666666666666,0.009666666666666667,0.047
cross_cell_8,8,27,512,affine_channel_lira,10,0.5936075555555556,0.13466666666666668,0.004,0.02366666666666667,0.096
cross_cell_8,8,27,512,latent_lira_mismatched,10,0.588883111111111,0.13866666666666666,0.0033333333333333335,0.014333333333333333,0.07233333333333333
cross_cell_8,8,27,512,loss_mia,10,0.5756915555555555,0.15066666666666667,0.0006666666666666666,0.007333333333333333,0.043
cross_cell_8,8,28,1024,affine_channel_lira,10,0.6032977777777778,0.14700000000000002,0.003333333333333333,0.023,0.098
cross_cell_8,8,28,1024,latent_lira_mismatched,10,0.596576,0.14633333333333337,0.004666666666666667,0.014666666666666666,0.07266666666666666
cross_cell_8,8,28,1024,loss_mia,10,0.57747,0.15433333333333332,0.002,0.008,0.04033333333333333
cross_cell_8,8,28,128,affine_channel_lira,10,0.574853111111111,0.11133333333333334,0.006,0.023,0.088
cross_cell_8,8,28,128,latent_lira_mismatched,10,0.5680675555555555,0.11233333333333331,0.0,0.01,0.059
cross_cell_8,8,28,128,loss_mia,10,0.5650198888888889,0.12766666666666665,0.0016666666666666666,0.009666666666666667,0.047
cross_cell_8,8,28,512,affine_channel_lira,10,0.596116,0.13866666666666672,0.0033333333333333335,0.024666666666666667,0.095
cross_cell_8,8,28,512,latent_lira_mismatched,10,0.588883111111111,0.13866666666666666,0.0033333333333333335,0.014333333333333333,0.07233333333333333
cross_cell_8,8,28,512,loss_mia,10,0.5756915555555555,0.15066666666666667,0.0006666666666666666,0.007333333333333333,0.043
cross_cell_8,8,29,1024,affine_channel_lira,10,0.6025351111111111,0.14766666666666667,0.003333333333333333,0.02333333333333333,0.09533333333333334
cross_cell_8,8,29,1024,latent_lira_mismatched,10,0.596576,0.14633333333333337,0.004666666666666667,0.014666666666666666,0.07266666666666666
cross_cell_8,8,29,1024,loss_mia,10,0.57747,0.15433333333333332,0.002,0.008,0.04033333333333333
cross_cell_8,8,29,128,affine_channel_lira,10,0.5749297777777778,0.11466666666666667,0.005,0.021333333333333336,0.08633333333333333
cross_cell_8,8,29,128,latent_lira_mismatched,10,0.5680675555555555,0.11233333333333331,0.0,0.01,0.059
cross_cell_8,8,29,128,loss_mia,10,0.5650198888888889,0.12766666666666665,0.0016666666666666666,0.009666666666666667,0.047
cross_cell_8,8,29,512,affine_channel_lira,10,0.5949262222222221,0.136,0.0033333333333333335,0.02266666666666667,0.09333333333333334
cross_cell_8,8,29,512,latent_lira_mismatched,10,0.588883111111111,0.13866666666666666,0.0033333333333333335,0.014333333333333333,0.07233333333333333
cross_cell_8,8,29,512,loss_mia,10,0.5756915555555555,0.15066666666666667,0.0006666666666666666,0.007333333333333333,0.043
cross_cell_8,8,3,1024,affine_channel_lira,10,0.6020986666666668,0.14700000000000002,0.003333333333333333,0.02333333333333333,0.09633333333333333
cross_cell_8,8,3,1024,latent_lira_mismatched,10,0.596576,0.14633333333333337,0.004666666666666667,0.014666666666666666,0.07266666666666666
cross_cell_8,8,3,1024,loss_mia,10,0.57747,0.15433333333333332,0.002,0.008,0.04033333333333333
cross_cell_8,8,3,128,affine_channel_lira,10,0.5750631111111111,0.11333333333333334,0.005666666666666667,0.022333333333333334,0.08666666666666667
cross_cell_8,8,3,128,latent_lira_mismatched,10,0.5680675555555555,0.11233333333333331,0.0,0.01,0.059
cross_cell_8,8,3,128,loss_mia,10,0.5650198888888889,0.12766666666666665,0.0016666666666666666,0.009666666666666667,0.047
cross_cell_8,8,3,512,affine_channel_lira,10,0.5949208888888888,0.13666666666666671,0.003666666666666667,0.024333333333333332,0.09633333333333333
cross_cell_8,8,3,512,latent_lira_mismatched,10,0.588883111111111,0.13866666666666666,0.0033333333333333335,0.014333333333333333,0.07233333333333333
cross_cell_8,8,3,512,loss_mia,10,0.5756915555555555,0.15066666666666667,0.0006666666666666666,0.007333333333333333,0.043
cross_cell_8,8,30,1024,affine_channel_lira,10,0.6027928888888889,0.14800000000000002,0.0033333333333333335,0.024,0.09833333333333333
cross_cell_8,8,30,1024,latent_lira_mismatched,10,0.596576,0.14633333333333337,0.004666666666666667,0.014666666666666666,0.07266666666666666
cross_cell_8,8,30,1024,loss_mia,10,0.57747,0.15433333333333332,0.002,0.008,0.04033333333333333
cross_cell_8,8,30,128,affine_channel_lira,10,0.5748917777777778,0.11433333333333334,0.005666666666666667,0.021666666666666667,0.08466666666666667
cross_cell_8,8,30,128,latent_lira_mismatched,10,0.5680675555555555,0.11233333333333331,0.0,0.01,0.059
cross_cell_8,8,30,128,loss_mia,10,0.5650198888888889,0.12766666666666665,0.0016666666666666666,0.009666666666666667,0.047
cross_cell_8,8,30,512,affine_channel_lira,10,0.5950224444444444,0.13733333333333334,0.003666666666666667,0.024666666666666667,0.095
cross_cell_8,8,30,512,latent_lira_mismatched,10,0.588883111111111,0.13866666666666666,0.0033333333333333335,0.014333333333333333,0.07233333333333333
cross_cell_8,8,30,512,loss_mia,10,0.5756915555555555,0.15066666666666667,0.0006666666666666666,0.007333333333333333,0.043
cross_cell_8,8,31,1024,affine_channel_lira,10,0.6027851111111111,0.14733333333333337,0.003333333333333333,0.02333333333333333,0.097
cross_cell_8,8,31,1024,latent_lira_mismatched,10,0.596576,0.14633333333333337,0.004666666666666667,0.014666666666666666,0.07266666666666666
cross_cell_8,8,31,1024,loss_mia,10,0.57747,0.15433333333333332,0.002,0.008,0.04033333333333333
cross_cell_8,8,31,128,affine_channel_lira,10,0.5743551111111111,0.11266666666666666,0.004666666666666667,0.022333333333333334,0.08733333333333333
cross_cell_8,8,31,128,latent_lira_mismatched,10,0.5680675555555555,0.11233333333333331,0.0,0.01,0.059
cross_cell_8,8,31,128,loss_mia,10,0.5650198888888889,0.12766666666666665,0.0016666666666666666,0.009666666666666667,0.047
cross_cell_8,8,31,512,affine_channel_lira,10,0.5951064444444445,0.13733333333333334,0.0033333333333333335,0.02366666666666667,0.095
cross_cell_8,8,31,512,latent_lira_mismatched,10,0.588883111111111,0.13866666666666666,0.0033333333333333335,0.014333333333333333,0.07233333333333333
cross_cell_8,8,31,512,loss_mia,10,0.5756915555555555,0.15066666666666667,0.0006666666666666666,0.007333333333333333,0.043
cross_cell_8,8,4,1024,affine_channel_lira,10,0.6001953333333333,0.14833333333333337,0.003666666666666667,0.024,0.09633333333333333
cross_cell_8,8,4,1024,latent_lira_mismatched,10,0.596576,0.14633333333333337,0.004666666666666667,0.014666666666666666,0.07266666666666666
cross_cell_8,8,4,1024,loss_mia,10,0.57747,0.15433333333333332,0.002,0.008,0.04033333333333333
cross_cell_8,8,4,128,affine_channel_lira,10,0.5745555555555556,0.11400000000000002,0.005333333333333333,0.021333333333333333,0.08666666666666667
cross_cell_8,8,4,128,latent_lira_mismatched,10,0.5680675555555555,0.11233333333333331,0.0,0.01,0.059
cross_cell_8,8,4,128,loss_mia,10,0.5650198888888889,0.12766666666666665,0.0016666666666666666,0.009666666666666667,0.047
cross_cell_8,8,4,512,affine_channel_lira,10,0.5930577777777778,0.13533333333333336,0.004,0.024,0.09133333333333334
cross_cell_8,8,4,512,latent_lira_mismatched,10,0.588883111111111,0.13866666666666666,0.0033333333333333335,0.014333333333333333,0.07233333333333333
cross_cell_8,8,4,512,loss_mia,10,0.5756915555555555,0.15066666666666667,0.0006666666666666666,0.007333333333333333,0.043
cross_cell_8,8,5,1024,affine_channel_lira,10,0.6027502222222222,0.14766666666666667,0.003333333333333333,0.024333333333333332,0.09566666666666668
cross_cell_8,8,5,1024,latent_lira_mismatched,10,0.596576,0.14633333333333337,0.004666666666666667,0.014666666666666666,0.07266666666666666
cross_cell_8,8,5,1024,loss_mia,10,0.57747,0.15433333333333332,0.002,0.008,0.04033333333333333
cross_cell_8,8,5,128,affine_channel_lira,10,0.5742648888888889,0.1136666666666667,0.005666666666666667,0.02266666666666667,0.086
cross_cell_8,8,5,128,latent_lira_mismatched,10,0.5680675555555555,0.11233333333333331,0.0,0.01,0.059
cross_cell_8,8,5,128,loss_mia,10,0.5650198888888889,0.12766666666666665,0.0016666666666666666,0.009666666666666667,0.047
cross_cell_8,8,5,512,affine_channel_lira,10,0.5959635555555556,0.13700000000000004,0.003666666666666667,0.026333333333333334,0.09233333333333334
cross_cell_8,8,5,512,latent_lira_mismatched,10,0.588883111111111,0.13866666666666666,0.0033333333333333335,0.014333333333333333,0.07233333333333333
cross_cell_8,8,5,512,loss_mia,10,0.5756915555555555,0.15066666666666667,0.0006666666666666666,0.007333333333333333,0.043
cross_cell_8,8,6,1024,affine_channel_lira,10,0.602968,0.14833333333333334,0.003666666666666667,0.024333333333333332,0.09633333333333333
cross_cell_8,8,6,1024,latent_lira_mismatched,10,0.596576,0.14633333333333337,0.004666666666666667,0.014666666666666666,0.07266666666666666
cross_cell_8,8,6,1024,loss_mia,10,0.57747,0.15433333333333332,0.002,0.008,0.04033333333333333
cross_cell_8,8,6,128,affine_channel_lira,10,0.5751495555555556,0.11233333333333337,0.005666666666666667,0.022333333333333334,0.08566666666666667
cross_cell_8,8,6,128,latent_lira_mismatched,10,0.5680675555555555,0.11233333333333331,0.0,0.01,0.059
cross_cell_8,8,6,128,loss_mia,10,0.5650198888888889,0.12766666666666665,0.0016666666666666666,0.009666666666666667,0.047
cross_cell_8,8,6,512,affine_channel_lira,10,0.5964062222222222,0.13766666666666663,0.0033333333333333335,0.02366666666666667,0.093
cross_cell_8,8,6,512,latent_lira_mismatched,10,0.588883111111111,0.13866666666666666,0.0033333333333333335,0.014333333333333333,0.07233333333333333
cross_cell_8,8,6,512,loss_mia,10,0.5756915555555555,0.15066666666666667,0.0006666666666666666,0.007333333333333333,0.043
cross_cell_8,8,7,1024,affine_channel_lira,10,0.6016275555555556,0.147,0.0033333333333333335,0.023666666666666666,0.09633333333333333
cross_cell_8,8,7,1024,latent_lira_mismatched,10,0.596576,0.14633333333333337,0.004666666666666667,0.014666666666666666,0.07266666666666666
cross_cell_8,8,7,1024,loss_mia,10,0.57747,0.15433333333333332,0.002,0.008,0.04033333333333333
cross_cell_8,8,7,128,affine_channel_lira,10,0.5749602222222222,0.11433333333333334,0.005666666666666667,0.021333333333333333,0.08633333333333333
cross_cell_8,8,7,128,latent_lira_mismatched,10,0.5680675555555555,0.11233333333333331,0.0,0.01,0.059
cross_cell_8,8,7,128,loss_mia,10,0.5650198888888889,0.12766666666666665,0.0016666666666666666,0.009666666666666667,0.047
cross_cell_8,8,7,512,affine_channel_lira,10,0.594328,0.13533333333333336,0.0033333333333333335,0.024666666666666667,0.09266666666666667
cross_cell_8,8,7,512,latent_lira_mismatched,10,0.588883111111111,0.13866666666666666,0.0033333333333333335,0.014333333333333333,0.07233333333333333
cross_cell_8,8,7,512,loss_mia,10,0.5756915555555555,0.15066666666666667,0.0006666666666666666,0.007333333333333333,0.043
cross_cell_8,8,8,1024,affine_channel_lira,10,0.6037906666666666,0.14733333333333334,0.004,0.026333333333333334,0.09633333333333333
cross_cell_8,8,8,1024,latent_lira_mismatched,10,0.596576,0.14633333333333337,0.004666666666666667,0.014666666666666666,0.07266666666666666
cross_cell_8,8,8,1024,loss_mia,10,0.57747,0.15433333333333332,0.002,0.008,0.04033333333333333
cross_cell_8,8,8,128,affine_channel_lira,10,0.5756108888888889,0.10933333333333334,0.006,0.02366666666666667,0.088
cross_cell_8,8,8,128,latent_lira_mismatched,10,0.5680675555555555,0.11233333333333331,0.0,0.01,0.059
cross_cell_8,8,8,128,loss_mia,10,0.5650198888888889,0.12766666666666665,0.0016666666666666666,0.009666666666666667,0.047
cross_cell_8,8,8,512,affine_channel_lira,10,0.59611,0.1363333333333333,0.0033333333333333335,0.024666666666666667,0.095
cross_cell_8,8,8,512,latent_lira_mismatched,10,0.588883111111111,0.13866666666666666,0.0033333333333333335,0.014333333333333333,0.07233333333333333
cross_cell_8,8,8,512,loss_mia,10,0.5756915555555555,0.15066666666666667,0.0006666666666666666,0.007333333333333333,0.043
cross_cell_8,8,9,1024,affine_channel_lira,10,0.6013286666666666,0.14700000000000002,0.003333333333333333,0.023,0.095
cross_cell_8,8,9,1024,latent_lira_mismatched,10,0.596576,0.14633333333333337,0.004666666666666667,0.014666666666666666,0.07266666666666666
cross_cell_8,8,9,1024,loss_mia,10,0.57747,0.15433333333333332,0.002,0.008,0.04033333333333333
cross_cell_8,8,9,128,affine_channel_lira,10,0.5755331111111112,0.11266666666666666,0.005333333333333333,0.022,0.08533333333333333
cross_cell_8,8,9,128,latent_lira_mismatched,10,0.5680675555555555,0.11233333333333331,0.0,0.01,0.059
cross_cell_8,8,9,128,loss_mia,10,0.5650198888888889,0.12766666666666665,0.0016666666666666666,0.009666666666666667,0.047
cross_cell_8,8,9,512,affine_channel_lira,10,0.5943193333333334,0.13599999999999998,0.0033333333333333335,0.023333333333333334,0.09333333333333334
cross_cell_8,8,9,512,latent_lira_mismatched,10,0.588883111111111,0.13866666666666666,0.0033333333333333335,0.014333333333333333,0.07233333333333333
cross_cell_8,8,9,512,loss_mia,10,0.5756915555555555,0.15066666666666667,0.0006666666666666666,0.007333333333333333,0.043
same_cell_2,2,0,1024,affine_channel_lira,10,0.6013235555555556,0.1436666666666666,0.004333333333333333,0.03033333333333333,0.10066666666666667
same_cell_2,2,0,1024,latent_lira_mismatched,10,0.596576,0.14633333333333337,0.004666666666666667,0.014666666666666666,0.07266666666666666
same_cell_2,2,0,1024,loss_mia,10,0.57747,0.15433333333333332,0.002,0.008,0.04033333333333333
same_cell_2,2,0,128,affine_channel_lira,10,0.5744202222222221,0.10899999999999999,0.005333333333333333,0.025,0.08666666666666667
same_cell_2,2,0,128,latent_lira_mismatched,10,0.5680675555555555,0.11233333333333331,0.0,0.01,0.059
same_cell_2,2,0,128,loss_mia,10,0.5650198888888889,0.12766666666666665,0.0016666666666666666,0.009666666666666667,0.047
same_cell_2,2,0,512,affine_channel_lira,10,0.5936071111111112,0.13500000000000004,0.004333333333333333,0.029666666666666668,0.09666666666666666
same_cell_2,2,0,512,latent_lira_mismatched,10,0.588883111111111,0.13866666666666666,0.0033333333333333335,0.014333333333333333,0.07233333333333333
same_cell_2,2,0,512,loss_mia,10,0.5756915555555555,0.15066666666666667,0.0006666666666666666,0.007333333333333333,0.043
