strategy,auxiliary_target_count,subset_replicate,shots,held_cell,held_target_ids,auxiliary_target_ids
same_cell_2,2,0,128,eff_su2_r1_d2,MNIST_QNN_eff_su2_r1_d2_s43,MNIST_QNN_eff_su2_r1_d2_s44;MNIST_QNN_eff_su2_r1_d2_s45
same_cell_2,2,0,128,eff_su2_r1_d2,MNIST_QNN_eff_su2_r1_d2_s44,MNIST_QNN_eff_su2_r1_d2_s43;MNIST_QNN_eff_su2_r1_d2_s45
same_cell_2,2,0,128,eff_su2_r1_d2,MNIST_QNN_eff_su2_r1_d2_s45,MNIST_QNN_eff_su2_r1_d2_s43;MNIST_QNN_eff_su2_r1_d2_s44
same_cell_2,2,0,128,eff_su2_r5_d2,MNIST_QNN_eff_su2_r5_d2_s43,MNIST_QNN_eff_su2_r5_d2_s44;MNIST_QNN_eff_su2_r5_d2_s45
same_cell_2,2,0,128,eff_su2_r5_d2,MNIST_QNN_eff_su2_r5_d2_s44,MNIST_QNN_eff_su2_r5_d2_s43;MNIST_QNN_eff_su2_r5_d2_s45
same_cell_2,2,0,128,eff_su2_r5_d2,MNIST_QNN_eff_su2_r5_d2_s45,MNIST_QNN_eff_su2_r5_d2_s43;MNIST_QNN_eff_su2_r5_d2_s44
same_cell_2,2,0,128,z_r1_d6,MNIST_QNN_z_r1_d6_s43,MNIST_QNN_z_r1_d6_s44;MNIST_QNN_z_r1_d6_s45
same_cell_2,2,0,128,z_r1_d6,MNIST_QNN_z_r1_d6_s44,MNIST_QNN_z_r1_d6_s43;MNIST_QNN_z_r1_d6_s45
same_cell_2,2,0,128,z_r1_d6,MNIST_QNN_z_r1_d6_s45,MNIST_QNN_z_r1_d6_s43;MNIST_QNN_z_r1_d6_s44
same_cell_2,2,0,128,zz_r1_d6,MNIST_QNN_zz_r1_d6_s43,MNIST_QNN_zz_r1_d6_s44;MNIST_QNN_zz_r1_d6_s45
same_cell_2,2,0,128,zz_r1_d6,MNIST_QNN_zz_r1_d6_s44,MNIST_QNN_zz_r1_d6_s43;MNIST_QNN_zz_r1_d6_s45
same_cell_2,2,0,128,zz_r1_d6,MNIST_QNN_zz_r1_d6_s45,MNIST_QNN_zz_r1_d6_s43;MNIST_QNN_zz_r1_d6_s44
same_cell_2,2,0,128,zz_r5_d6,MNIST_QNN_zz_r5_d6_s43,MNIST_QNN_zz_r5_d6_s44;MNIST_QNN_zz_r5_d6_s45
same_cell_2,2,0,128,zz_r5_d6,MNIST_QNN_zz_r5_d6_s44,MNIST_QNN_zz_r5_d6_s43;MNIST_QNN_zz_r5_d6_s45
same_cell_2,2,0,128,zz_r5_d6,MNIST_QNN_zz_r5_d6_s45,MNIST_QNN_zz_r5_d6_s43;MNIST_QNN_zz_r5_d6_s44
cross_cell_2,2,0,128,eff_su2_r1_d2,MNIST_QNN_eff_su2_r1_d2_s43;MNIST_QNN_eff_su2_r1_d2_s44;MNIST_QNN_eff_su2_r1_d2_s45,MNIST_QNN_eff_su2_r5_d2_s45;MNIST_QNN_z_r1_d6_s43
cross_cell_2,2,0,128,eff_su2_r5_d2,MNIST_QNN_eff_su2_r5_d2_s43;MNIST_QNN_eff_su2_r5_d2_s44;MNIST_QNN_eff_su2_r5_d2_s45,MNIST_QNN_eff_su2_r1_d2_s45;MNIST_QNN_z_r1_d6_s44
cross_cell_2,2,0,128,z_r1_d6,MNIST_QNN_z_r1_d6_s43;MNIST_QNN_z_r1_d6_s44;MNIST_QNN_z_r1_d6_s45,MNIST_QNN_eff_su2_r5_d2_s43;MNIST_QNN_zz_r1_d6_s43
cross_cell_2,2,0,128,zz_r1_d6,MNIST_QNN_zz_r1_d6_s43;MNIST_QNN_zz_r1_d6_s44;MNIST_QNN_zz_r1_d6_s45,MNIST_QNN_zz_r5_d6_s43;MNIST_QNN_zz_r5_d6_s44
cross_cell_2,2,0,128,zz_r5_d6,MNIST_QNN_zz_r5_d6_s43;MNIST_QNN_zz_r5_d6_s44;MNIST_QNN_zz_r5_d6_s45,MNIST_QNN_eff_su2_r5_d2_s43;MNIST_QNN_z_r1_d6_s43
cross_cell_2,2,1,128,eff_su2_r1_d2,MNIST_QNN_eff_su2_r1_d2_s43;MNIST_QNN_eff_su2_r1_d2_s44;MNIST_QNN_eff_su2_r1_d2_s45,MNIST_QNN_eff_su2_r5_d2_s45;MNIST_QNN_zz_r5_d6_s45
cross_cell_2,2,1,128,eff_su2_r5_d2,MNIST_QNN_eff_su2_r5_d2_s43;MNIST_QNN_eff_su2_r5_d2_s44;MNIST_QNN_eff_su2_r5_d2_s45,MNIST_QNN_zz_r1_d6_s43;MNIST_QNN_zz_r1_d6_s45
cross_cell_2,2,1,128,z_r1_d6,MNIST_QNN_z_r1_d6_s43;MNIST_QNN_z_r1_d6_s44;MNIST_QNN_z_r1_d6_s45,MNIST_QNN_zz_r1_d6_s44;MNIST_QNN_zz_r1_d6_s45
cross_cell_2,2,1,128,zz_r1_d6,MNIST_QNN_zz_r1_d6_s43;MNIST_QNN_zz_r1_d6_s44;MNIST_QNN_zz_r1_d6_s45,MNIST_QNN_eff_su2_r1_d2_s43;MNIST_QNN_eff_su2_r5_d2_s44
cross_cell_2,2,1,128,zz_r5_d6,MNIST_QNN_zz_r5_d6_s43;MNIST_QNN_zz_r5_d6_s44;MNIST_QNN_zz_r5_d6_s45,MNIST_QNN_eff_su2_r1_d2_s43;MNIST_QNN_eff_su2_r1_d2_s45
cross_cell_2,2,2,128,eff_su2_r1_d2,MNIST_QNN_eff_su2_r1_d2_s43;MNIST_QNN_eff_su2_r1_d2_s44;MNIST_QNN_eff_su2_r1_d2_s45,MNIST_QNN_z_r1_d6_s43;MNIST_QNN_z_r1_d6_s44
cross_cell_2,2,2,128,eff_su2_r5_d2,MNIST_QNN_eff_su2_r5_d2_s43;MNIST_QNN_eff_su2_r5_d2_s44;MNIST_QNN_eff_su2_r5_d2_s45,MNIST_QNN_eff_su2_r1_d2_s45;MNIST_QNN_zz_r5_d6_s43
cross_cell_2,2,2,128,z_r1_d6,MNIST_QNN_z_r1_d6_s43;MNIST_QNN_z_r1_d6_s44;MNIST_QNN_z_r1_d6_s45,MNIST_QNN_eff_su2_r1_d2_s43;MNIST_QNN_eff_su2_r1_d2_s44
cross_cell_2,2,2,128,zz_r1_d6,MNIST_QNN_zz_r1_d6_s43;MNIST_QNN_zz_r1_d6_s44;MNIST_QNN_zz_r1_d6_s45,MNIST_QNN_z_r1_d6_s45;MNIST_QNN_zz_r5_d6_s43
cross_cell_2,2,2,128,zz_r5_d6,MNIST_QNN_zz_r5_d6_s43;MNIST_QNN_zz_r5_d6_s44;MNIST_QNN_zz_r5_d6_s45,MNIST_QNN_eff_su2_r5_d2_s44;MNIST_QNN_eff_su2_r5_d2_s45
cross_cell_2,2,3,128,eff_su2_r1_d2,MNIST_QNN_eff_su2_r1_d2_s43;MNIST_QNN_eff_su2_r1_d2_s44;MNIST_QNN_eff_su2_r1_d2_s45,MNIST_QNN_zz_r1_d6_s44;MNIST_QNN_zz_r5_d6_s45
cross_cell_2,2,3,128,eff_su2_r5_d2,MNIST_QNN_eff_su2_r5_d2_s43;MNIST_QNN_eff_su2_r5_d2_s44;MNIST_QNN_eff_su2_r5_d2_s45,MNIST_QNN_eff_su2_r1_d2_s43;MNIST_QNN_zz_r5_d6_s44
cross_cell_2,2,3,128,z_r1_d6,MNIST_QNN_z_r1_d6_s43;MNIST_QNN_z_r1_d6_s44;MNIST_QNN_z_r1_d6_s45,MNIST_QNN_eff_su2_r1_d2_s43;MNIST_QNN_zz_r1_d6_s45
cross_cell_2,2,3,128,zz_r1_d6,MNIST_QNN_zz_r1_d6_s43;MNIST_QNN_zz_r1_d6_s44;MNIST_QNN_zz_r1_d6_s45,MNIST_QNN_z_r1_d6_s43;MNIST_QNN_zz_r5_d6_s44
cross_cell_2,2,3,128,zz_r5_d6,MNIST_QNN_zz_r5_d6_s43;MNIST_QNN_zz_r5_d6_s44;MNIST_QNN_zz_r5_d6_s45,MNIST_QNN_eff_su2_r5_d2_s43;MNIST_QNN_z_r1_d6_s44
cross_cell_2,2,4,128,eff_su2_r1_d2,MNIST_QNN_eff_su2_r1_d2_s43;MNIST_QNN_eff_su2_r1_d2_s44;MNIST_QNN_eff_su2_r1_d2_s45,MNIST_QNN_eff_su2_r5_d2_s44;MNIST_QNN_zz_r1_d6_s44
cross_cell_2,2,4,128,eff_su2_r5_d2,MNIST_QNN_eff_su2_r5_d2_s43;MNIST_QNN_eff_su2_r5_d2_s44;MNIST_QNN_eff_su2_r5_d2_s45,MNIST_QNN_eff_su2_r1_d2_s43;MNIST_QNN_zz_r5_d6_s45
cross_cell_2,2,4,128,z_r1_d6,MNIST_QNN_z_r1_d6_s43;MNIST_QNN_z_r1_d6_s44;MNIST_QNN_z_r1_d6_s45,MNIST_QNN_eff_su2_r5_d2_s45;MNIST_QNN_zz_r5_d6_s44
cross_cell_2,2,4,128,zz_r1_d6,MNIST_QNN_zz_r1_d6_s43;MNIST_QNN_zz_r1_d6_s44;MNIST_QNN_zz_r1_d6_s45,MNIST_QNN_eff_su2_r5_d2_s44;MNIST_QNN_z_r1_d6_s45
cross_cell_2,2,4,128,zz_r5_d6,MNIST_QNN_zz_r5_d6_s43;MNIST_QNN_zz_r5_d6_s44;MNIST_QNN_zz_r5_d6_s45,MNIST_QNN_eff_su2_r5_d2_s45;MNIST_QNN_zz_r1_d6_s44
cross_cell_2,2,5,128,eff_su2_r1_d2,MNIST_QNN_eff_su2_r1_d2_s43;MNIST_QNN_eff_su2_r1_d2_s44;MNIST_QNN_eff_su2_r1_d2_s45,MNIST_QNN_eff_su2_r5_d2_s43;MNIST_QNN_eff_su2_r5_d2_s44
cross_cell_2,2,5,128,eff_su2_r5_d2,MNIST_QNN_eff_su2_r5_d2_s43;MNIST_QNN_eff_su2_r5_d2_s44;MNIST_QNN_eff_su2_r5_d2_s45,MNIST_QNN_eff_su2_r1_d2_s44;MNIST_QNN_z_r1_d6_s45
cross_cell_2,2,5,128,z_r1_d6,MNIST_QNN_z_r1_d6_s43;MNIST_QNN_z_r1_d6_s44;MNIST_QNN_z_r1_d6_s45,MNIST_QNN_zz_r1_d6_s43;MNIST_QNN_zz_r5_d6_s45
cross_cell_2,2,5,128,zz_r1_d6,MNIST_QNN_zz_r1_d6_s43;MNIST_QNN_zz_r1_d6_s44;MNIST_QNN_zz_r1_d6_s45,MNIST_QNN_eff_su2_r1_d2_s43;MNIST_QNN_z_r1_d6_s45
cross_cell_2,2,5,128,zz_r5_d6,MNIST_QNN_zz_r5_d6_s43;MNIST_QNN_zz_r5_d6_s44;MNIST_QNN_zz_r5_d6_s45,MNIST_QNN_z_r1_d6_s43;MNIST_QNN_z_r1_d6_s44
cross_cell_2,2,6,128,eff_su2_r1_d2,MNIST_QNN_eff_su2_r1_d2_s43;MNIST_QNN_eff_su2_r1_d2_s44;MNIST_QNN_eff_su2_r1_d2_s45,MNIST_QNN_z_r1_d6_s44;MNIST_QNN_zz_r1_d6_s45
cross_cell_2,2,6,128,eff_su2_r5_d2,MNIST_QNN_eff_su2_r5_d2_s43;MNIST_QNN_eff_su2_r5_d2_s44;MNIST_QNN_eff_su2_r5_d2_s45,MNIST_QNN_eff_su2_r1_d2_s43;MNIST_QNN_zz_r1_d6_s43
cross_cell_2,2,6,128,z_r1_d6,MNIST_QNN_z_r1_d6_s43;MNIST_QNN_z_r1_d6_s44;MNIST_QNN_z_r1_d6_s45,MNIST_QNN_eff_su2_r5_d2_s43;MNIST_QNN_zz_r5_d6_s43
cross_cell_2,2,6,128,zz_r1_d6,MNIST_QNN_zz_r1_d6_s43;MNIST_QNN_zz_r1_d6_s44;MNIST_QNN_zz_r1_d6_s45,MNIST_QNN_eff_su2_r1_d2_s43;MNIST_QNN_eff_su2_r5_d2_s45
cross_cell_2,2,6,128,zz_r5_d6,MNIST_QNN_zz_r5_d6_s43;MNIST_QNN_zz_r5_d6_s44;MNIST_QNN_zz_r5_d6_s45,MNIST_QNN_z_r1_d6_s45;MNIST_QNN_zz_r1_d6_s45
cross_cell_2,2,7,128,eff_su2_r1_d2,MNIST_QNN_eff_su2_r1_d2_s43;MNIST_QNN_eff_su2_r1_d2_s44;MNIST_QNN_eff_su2_r1_d2_s45,MNIST_QNN_z_r1_d6_s44;MNIST_QNN_z_r1_d6_s45
cross_cell_2,2,7,128,eff_su2_r5_d2,MNIST_QNN_eff_su2_r5_d2_s43;MNIST_QNN_eff_su2_r5_d2_s44;MNIST_QNN_eff_su2_r5_d2_s45,MNIST_QNN_eff_su2_r1_d2_s44;MNIST_QNN_zz_r1_d6_s44
cross_cell_2,2,7,128,z_r1_d6,MNIST_QNN_z_r1_d6_s43;MNIST_QNN_z_r1_d6_s44;MNIST_QNN_z_r1_d6_s45,MNIST_QNN_zz_r1_d6_s44;MNIST_QNN_zz_r5_d6_s43
cross_cell_2,2,7,128,zz_r1_d6,MNIST_QNN_zz_r1_d6_s43;MNIST_QNN_zz_r1_d6_s44;MNIST_QNN_zz_r1_d6_s45,MNIST_QNN_z_r1_d6_s43;MNIST_QNN_zz_r5_d6_s43
cross_cell_2,2,7,128,zz_r5_d6,MNIST_QNN_zz_r5_d6_s43;MNIST_QNN_zz_r5_d6_s44;MNIST_QNN_zz_r5_d6_s45,MNIST_QNN_zz_r1_d6_s44;MNIST_QNN_zz_r1_d6_s45
cross_cell_2,2,8,128,eff_su2_r1_d2,MNIST_QNN_eff_su2_r1_d2_s43;MNIST_QNN_eff_su2_r1_d2_s44;MNIST_QNN_eff_su2_r1_d2_s45,MNIST_QNN_eff_su2_r5_d2_s45;MNIST_QNN_z_r1_d6_s45
cross_cell_2,2,8,128,eff_su2_r5_d2,MNIST_QNN_eff_su2_r5_d2_s43;MNIST_QNN_eff_su2_r5_d2_s44;MNIST_QNN_eff_su2_r5_d2_s45,MNIST_QNN_eff_su2_r1_d2_s45;MNIST_QNN_z_r1_d6_s43
cross_cell_2,2,8,128,z_r1_d6,MNIST_QNN_z_r1_d6_s43;MNIST_QNN_z_r1_d6_s44;MNIST_QNN_z_r1_d6_s45,MNIST_QNN_eff_su2_r5_d2_s44;MNIST_QNN_zz_r1_d6_s43
cross_cell_2,2,8,128,zz_r1_d6,MNIST_QNN_zz_r1_d6_s43;MNIST_QNN_zz_r1_d6_s44;MNIST_QNN_zz_r1_d6_s45,MNIST_QNN_z_r1_d6_s44;MNIST_QNN_zz_r5_d6_s44
cross_cell_2,2,8,128,zz_r5_d6,MNIST_QNN_zz_r5_d6_s43;MNIST_QNN_zz_r5_d6_s44;MNIST_QNN_zz_r5_d6_s45,MNIST_QNN_eff_su2_r1_d2_s44;MNIST_QNN_zz_r1_d6_s45
cross_cell_2,2,9,128,eff_su2_r1_d2,MNIST_QNN_eff_su2_r1_d2_s43;MNIST_QNN_eff_su2_r1_d2_s44;MNIST_QNN_eff_su2_r1_d2_s45,MNIST_QNN_zz_r5_d6_s43;MNIST_QNN_zz_r5_d6_s45
cross_cell_2,2,9,128,eff_su2_r5_d2,MNIST_QNN_eff_su2_r5_d2_s43;MNIST_QNN_eff_su2_r5_d2_s44;MNIST_QNN_eff_su2_r5_d2_s45,MNIST_QNN_z_r1_d6_s44;MNIST_QNN_zz_r5_d6_s45
cross_cell_2,2,9,128,z_r1_d6,MNIST_QNN_z_r1_d6_s43;MNIST_QNN_z_r1_d6_s44;MNIST_QNN_z_r1_d6_s45,MNIST_QNN_zz_r1_d6_s43;MNIST_QNN_zz_r1_d6_s45
cross_cell_2,2,9,128,zz_r1_d6,MNIST_QNN_zz_r1_d6_s43;MNIST_QNN_zz_r1_d6_s44;MNIST_QNN_zz_r1_d6_s45,MNIST_QNN_eff_su2_r1_d2_s43;MNIST_QNN_zz_r5_d6_s44
cross_cell_2,2,9,128,zz_r5_d6,MNIST_QNN_zz_r5_d6_s43;MNIST_QNN_zz_r5_d6_s44;MNIST_QNN_zz_r5_d6_s45,MNIST_QNN_z_r1_d6_s44;MNIST_QNN_zz_r1_d6_s44
cross_cell_2,2,10,128,eff_su2_r1_d2,MNIST_QNN_eff_su2_r1_d2_s43;MNIST_QNN_eff_su2_r1_d2_s44;MNIST_QNN_eff_su2_r1_d2_s45,MNIST_QNN_z_r1_d6_s43;MNIST_QNN_zz_r1_d6_s43
cross_cell_2,2,10,128,eff_su2_r5_d2,MNIST_QNN_eff_su2_r5_d2_s43;MNIST_QNN_eff_su2_r5_d2_s44;MNIST_QNN_eff_su2_r5_d2_s45,MNIST_QNN_z_r1_d6_s43;MNIST_QNN_z_r1_d6_s44
cross_cell_2,2,10,128,z_r1_d6,MNIST_QNN_z_r1_d6_s43;MNIST_QNN_z_r1_d6_s44;MNIST_QNN_z_r1_d6_s45,MNIST_QNN_zz_r1_d6_s43;MNIST_QNN_zz_r5_d6_s44
cross_cell_2,2,10,128,zz_r1_d6,MNIST_QNN_zz_r1_d6_s43;MNIST_QNN_zz_r1_d6_s44;MNIST_QNN_zz_r1_d6_s45,MNIST_QNN_eff_su2_r1_d2_s45;MNIST_QNN_z_r1_d6_s45
cross_cell_2,2,10,128,zz_r5_d6,MNIST_QNN_zz_r5_d6_s43;MNIST_QNN_zz_r5_d6_s44;MNIST_QNN_zz_r5_d6_s45,MNIST_QNN_eff_su2_r1_d2_s44;MNIST_QNN_z_r1_d6_s44
cross_cell_2,2,11,128,eff_su2_r1_d2,MNIST_QNN_eff_su2_r1_d2_s43;MNIST_QNN_eff_su2_r1_d2_s44;MNIST_QNN_eff_su2_r1_d2_s45,MNIST_QNN_eff_su2_r5_d2_s44;MNIST_QNN_zz_r1_d6_s43
cross_cell_2,2,11,128,eff_su2_r5_d2,MNIST_QNN_eff_su2_r5_d2_s43;MNIST_QNN_eff_su2_r5_d2_s44;MNIST_QNN_eff_su2_r5_d2_s45,MNIST_QNN_eff_su2_r1_d2_s45;MNIST_QNN_zz_r1_d6_s44
cross_cell_2,2,11,128,z_r1_d6,MNIST_QNN_z_r1_d6_s43;MNIST_QNN_z_r1_d6_s44;MNIST_QNN_z_r1_d6_s45,MNIST_QNN_eff_su2_r1_d2_s44;MNIST_QNN_zz_r5_d6_s44
cross_cell_2,2,11,128,zz_r1_d6,MNIST_QNN_zz_r1_d6_s43;MNIST_QNN_zz_r1_d6_s44;MNIST_QNN_zz_r1_d6_s45,MNIST_QNN_eff_su2_r1_d2_s45;MNIST_QNN_eff_su2_r5_d2_s43
cross_cell_2,2,11,128,zz_r5_d6,MNIST_QNN_zz_r5_d6_s43;MNIST_QNN_zz_r5_d6_s44;MNIST_QNN_zz_r5_d6_s45,MNIST_QNN_eff_su2_r5_d2_s44;MNIST_QNN_zz_r1_d6_s43
cross_cell_2,2,12,128,eff_su2_r1_d2,MNIST_QNN_eff_su2_r1_d2_s43;MNIST_QNN_eff_su2_r1_d2_s44;MNIST_QNN_eff_su2_r1_d2_s45,MNIST_QNN_z_r1_d6_s44;MNIST_QNN_zz_r1_d6_s43
cross_cell_2,2,12,128,eff_su2_r5_d2,MNIST_QNN_eff_su2_r5_d2_s43;MNIST_QNN_eff_su2_r5_d2_s44;MNIST_QNN_eff_su2_r5_d2_s45,MNIST_QNN_z_r1_d6_s44;MNIST_QNN_zz_r5_d6_s43
cross_cell_2,2,12,128,z_r1_d6,MNIST_QNN_z_r1_d6_s43;MNIST_QNN_z_r1_d6_s44;MNIST_QNN_z_r1_d6_s45,MNIST_QNN_eff_su2_r5_d2_s44;MNIST_QNN_zz_r5_d6_s44
cross_cell_2,2,12,128,zz_r1_d6,MNIST_QNN_zz_r1_d6_s43;MNIST_QNN_zz_r1_d6_s44;MNIST_QNN_zz_r1_d6_s45,MNIST_QNN_eff_su2_r1_d2_s45;MNIST_QNN_zz_r5_d6_s43
cross_cell_2,2,12,128,zz_r5_d6,MNIST_QNN_zz_r5_d6_s43;MNIST_QNN_zz_r5_d6_s44;MNIST_QNN_zz_r5_d6_s45,MNIST_QNN_eff_su2_r5_d2_s44;MNIST_QNN_z_r1_d6_s43
cross_cell_2,2,13,128,eff_su2_r1_d2,MNIST_QNN_eff_su2_r1_d2_s43;MNIST_QNN_eff_su2_r1_d2_s44;MNIST_QNN_eff_su2_r1_d2_s45,MNIST_QNN_eff_su2_r5_d2_s45;MNIST_QNN_z_r1_d6_s44
cross_cell_2,2,13,128,eff_su2_r5_d2,MNIST_QNN_eff_su2_r5_d2_s43;MNIST_QNN_eff_su2_r5_d2_s44;MNIST_QNN_eff_su2_r5_d2_s45,MNIST_QNN_eff_su2_r1_d2_s44;MNIST_QNN_eff_su2_r1_d2_s45
cross_cell_2,2,13,128,z_r1_d6,MNIST_QNN_z_r1_d6_s43;MNIST_QNN_z_r1_d6_s44;MNIST_QNN_z_r1_d6_s45,MNIST_QNN_eff_su2_r1_d2_s43;MNIST_QNN_eff_su2_r5_d2_s45
cross_cell_2,2,13,128,zz_r1_d6,MNIST_QNN_zz_r1_d6_s43;MNIST_QNN_zz_r1_d6_s44;MNIST_QNN_zz_r1_d6_s45,MNIST_QNN_eff_su2_r1_d2_s43;MNIST_QNN_zz_r5_d6_s43
cross_cell_2,2,13,128,zz_r5_d6,MNIST_QNN_zz_r5_d6_s43;MNIST_QNN_zz_r5_d6_s44;MNIST_QNN_zz_r5_d6_s45,MNIST_QNN_zz_r1_d6_s43;MNIST_QNN_zz_r1_d6_s44
cross_cell_2,2,14,128,eff_su2_r1_d2,MNIST_QNN_eff_su2_r1_d2_s43;MNIST_QNN_eff_su2_r1_d2_s44;MNIST_QNN_eff_su2_r1_d2_s45,MNIST_QNN_zz_r1_d6_s43;MNIST_QNN_zz_r5_d6_s44
cross_cell_2,2,14,128,eff_su2_r5_d2,MNIST_QNN_eff_su2_r5_d2_s43;MNIST_QNN_eff_su2_r5_d2_s44;MNIST_QNN_eff_su2_r5_d2_s45,MNIST_QNN_eff_su2_r1_d2_s43;MNIST_QNN_zz_r5_d6_s43
cross_cell_2,2,14,128,z_r1_d6,MNIST_QNN_z_r1_d6_s43;MNIST_QNN_z_r1_d6_s44;MNIST_QNN_z_r1_d6_s45,MNIST_QNN_zz_r5_d6_s43;MNIST_QNN_zz_r5_d6_s44
cross_cell_2,2,14,128,zz_r1_d6,MNIST_QNN_zz_r1_d6_s43;MNIST_QNN_zz_r1_d6_s44;MNIST_QNN_zz_r1_d6_s45,MNIST_QNN_eff_su2_r5_d2_s45;MNIST_QNN_z_r1_d6_s45
cross_cell_2,2,14,128,zz_r5_d6,MNIST_QNN_zz_r5_d6_s43;MNIST_QNN_zz_r5_d6_s44;MNIST_QNN_zz_r5_d6_s45,MNIST_QNN_z_r1_d6_s45;MNIST_QNN_zz_r1_d6_s44
cross_cell_2,2,15,128,eff_su2_r1_d2,MNIST_QNN_eff_su2_r1_d2_s43;MNIST_QNN_eff_su2_r1_d2_s44;MNIST_QNN_eff_su2_r1_d2_s45,MNIST_QNN_z_r1_d6_s44;MNIST_QNN_zz_r5_d6_s45
cross_cell_2,2,15,128,eff_su2_r5_d2,MNIST_QNN_eff_su2_r5_d2_s43;MNIST_QNN_eff_su2_r5_d2_s44;MNIST_QNN_eff_su2_r5_d2_s45,MNIST_QNN_eff_su2_r1_d2_s43;MNIST_QNN_zz_r1_d6_s45
cross_cell_2,2,15,128,z_r1_d6,MNIST_QNN_z_r1_d6_s43;MNIST_QNN_z_r1_d6_s44;MNIST_QNN_z_r1_d6_s45,MNIST_QNN_eff_su2_r1_d2_s43;MNIST_QNN_eff_su2_r5_d2_s43
cross_cell_2,2,15,128,zz_r1_d6,MNIST_QNN_zz_r1_d6_s43;MNIST_QNN_zz_r1_d6_s44;MNIST_QNN_zz_r1_d6_s45,MNIST_QNN_eff_su2_r1_d2_s45;MNIST_QNN_eff_su2_r5_d2_s44
cross_cell_2,2,15,128,zz_r5_d6,MNIST_QNN_zz_r5_d6_s43;MNIST_QNN_zz_r5_d6_s44;MNIST_QNN_zz_r5_d6_s45,MNIST_QNN_eff_su2_r5_d2_s45;MNIST_QNN_zz_r1_d6_s43
cross_cell_2,2,16,128,eff_su2_r1_d2,MNIST_QNN_eff_su2_r1_d2_s43;MNIST_QNN_eff_su2_r1_d2_s44;MNIST_QNN_eff_su2_r1_d2_s45,MNIST_QNN_eff_su2_r5_d2_s45;MNIST_QNN_zz_r1_d6_s44
cross_cell_2,2,16,128,eff_su2_r5_d2,MNIST_QNN_eff_su2_r5_d2_s43;MNIST_QNN_eff_su2_r5_d2_s44;MNIST_QNN_eff_su2_r5_d2_s45,MNIST_QNN_zz_r1_d6_s43;MNIST_QNN_zz_r5_d6_s45
cross_cell_2,2,16,128,z_r1_d6,MNIST_QNN_z_r1_d6_s43;MNIST_QNN_z_r1_d6_s44;MNIST_QNN_z_r1_d6_s45,MNIST_QNN_eff_su2_r5_d2_s45;MNIST_QNN_zz_r1_d6_s43
cross_cell_2,2,16,128,zz_r1_d6,MNIST_QNN_zz_r1_d6_s43;MNIST_QNN_zz_r1_d6_s44;MNIST_QNN_zz_r1_d6_s45,MNIST_QNN_eff_su2_r1_d2_s45;MNIST_QNN_zz_r5_d6_s45
cross_cell_2,2,16,128,zz_r5_d6,MNIST_QNN_zz_r5_d6_s43;MNIST_QNN_zz_r5_d6_s44;MNIST_QNN_zz_r5_d6_s45,MNIST_QNN_eff_su2_r1_d2_s43;MNIST_QNN_z_r1_d6_s45
cross_cell_2,2,17,128,eff_su2_r1_d2,MNIST_QNN_eff_su2_r1_d2_s43;MNIST_QNN_eff_su2_r1_d2_s44;MNIST_QNN_eff_su2_r1_d2_s45,MNIST_QNN_eff_su2_r5_d2_s44;MNIST_QNN_zz_r5_d6_s44
cross_cell_2,2,17,128,eff_su2_r5_d2,MNIST_QNN_eff_su2_r5_d2_s43;MNIST_QNN_eff_su2_r5_d2_s44;MNIST_QNN_eff_su2_r5_d2_s45,MNIST_QNN_z_r1_d6_s43;MNIST_QNN_zz_r5_d6_s44
cross_cell_2,2,17,128,z_r1_d6,MNIST_QNN_z_r1_d6_s43;MNIST_QNN_z_r1_d6_s44;MNIST_QNN_z_r1_d6_s45,MNIST_QNN_eff_su2_r5_d2_s43;MNIST_QNN_zz_r1_d6_s44
cross_cell_2,2,17,128,zz_r1_d6,MNIST_QNN_zz_r1_d6_s43;MNIST_QNN_zz_r1_d6_s44;MNIST_QNN_zz_r1_d6_s45,MNIST_QNN_z_r1_d6_s43;MNIST_QNN_z_r1_d6_s45
cross_cell_2,2,17,128,zz_r5_d6,MNIST_QNN_zz_r5_d6_s43;MNIST_QNN_zz_r5_d6_s44;MNIST_QNN_zz_r5_d6_s45,MNIST_QNN_eff_su2_r5_d2_s44;MNIST_QNN_z_r1_d6_s44
cross_cell_2,2,18,128,eff_su2_r1_d2,MNIST_QNN_eff_su2_r1_d2_s43;MNIST_QNN_eff_su2_r1_d2_s44;MNIST_QNN_eff_su2_r1_d2_s45,MNIST_QNN_z_r1_d6_s45;MNIST_QNN_zz_r5_d6_s45
cross_cell_2,2,18,128,eff_su2_r5_d2,MNIST_QNN_eff_su2_r5_d2_s43;MNIST_QNN_eff_su2_r5_d2_s44;MNIST_QNN_eff_su2_r5_d2_s45,MNIST_QNN_zz_r5_d6_s43;MNIST_QNN_zz_r5_d6_s44
cross_cell_2,2,18,128,z_r1_d6,MNIST_QNN_z_r1_d6_s43;MNIST_QNN_z_r1_d6_s44;MNIST_QNN_z_r1_d6_s45,MNIST_QNN_zz_r1_d6_s43;MNIST_QNN_zz_r1_d6_s44
cross_cell_2,2,18,128,zz_r1_d6,MNIST_QNN_zz_r1_d6_s43;MNIST_QNN_zz_r1_d6_s44;MNIST_QNN_zz_r1_d6_s45,MNIST_QNN_eff_su2_r5_d2_s43;MNIST_QNN_z_r1_d6_s45
cross_cell_2,2,18,128,zz_r5_d6,MNIST_QNN_zz_r5_d6_s43;MNIST_QNN_zz_r5_d6_s44;MNIST_QNN_zz_r5_d6_s45,MNIST_QNN_z_r1_d6_s43;MNIST_QNN_zz_r1_d6_s44
cross_cell_2,2,19,128,eff_su2_r1_d2,MNIST_QNN_eff_su2_r1_d2_s43;MNIST_QNN_eff_su2_r1_d2_s44;MNIST_QNN_eff_su2_r1_d2_s45,MNIST_QNN_zz_r1_d6_s45;MNIST_QNN_zz_r5_d6_s43
cross_cell_2,2,19,128,eff_su2_r5_d2,MNIST_QNN_eff_su2_r5_d2_s43;MNIST_QNN_eff_su2_r5_d2_s44;MNIST_QNN_eff_su2_r5_d2_s45,MNIST_QNN_zz_r1_d6_s43;MNIST_QNN_zz_r1_d6_s44
cross_cell_2,2,19,128,z_r1_d6,MNIST_QNN_z_r1_d6_s43;MNIST_QNN_z_r1_d6_s44;MNIST_QNN_z_r1_d6_s45,MNIST_QNN_eff_su2_r5_d2_s44;MNIST_QNN_eff_su2_r5_d2_s45
cross_cell_2,2,19,128,zz_r1_d6,MNIST_QNN_zz_r1_d6_s43;MNIST_QNN_zz_r1_d6_s44;MNIST_QNN_zz_r1_d6_s45,MNIST_QNN_zz_r5_d6_s43;MNIST_QNN_zz_r5_d6_s45
cross_cell_2,2,19,128,zz_r5_d6,MNIST_QNN_zz_r5_d6_s43;MNIST_QNN_zz_r5_d6_s44;MNIST_QNN_zz_r5_d6_s45,MNIST_QNN_eff_su2_r1_d2_s44;MNIST_QNN_eff_su2_r1_d2_s45
cross_cell_2,2,20,128,eff_su2_r1_d2,MNIST_QNN_eff_su2_r1_d2_s43;MNIST_QNN_eff_su2_r1_d2_s44;MNIST_QNN_eff_su2_r1_d2_s45,MNIST_QNN_eff_su2_r5_d2_s45;MNIST_QNN_zz_r1_d6_s43
cross_cell_2,2,20,128,eff_su2_r5_d2,MNIST_QNN_eff_su2_r5_d2_s43;MNIST_QNN_eff_su2_r5_d2_s44;MNIST_QNN_eff_su2_r5_d2_s45,MNIST_QNN_z_r1_d6_s45;MNIST_QNN_zz_r5_d6_s43
cross_cell_2,2,20,128,z_r1_d6,MNIST_QNN_z_r1_d6_s43;MNIST_QNN_z_r1_d6_s44;MNIST_QNN_z_r1_d6_s45,MNIST_QNN_eff_su2_r1_d2_s44;MNIST_QNN_zz_r5_d6_s43
cross_cell_2,2,20,128,zz_r1_d6,MNIST_QNN_zz_r1_d6_s43;MNIST_QNN_zz_r1_d6_s44;MNIST_QNN_zz_r1_d6_s45,MNIST_QNN_eff_su2_r1_d2_s44;MNIST_QNN_zz_r5_d6_s43
cross_cell_2,2,20,128,zz_r5_d6,MNIST_QNN_zz_r5_d6_s43;MNIST_QNN_zz_r5_d6_s44;MNIST_QNN_zz_r5_d6_s45,MNIST_QNN_eff_su2_r1_d2_s45;MNIST_QNN_z_r1_d6_s43
cross_cell_2,2,21,128,eff_su2_r1_d2,MNIST_QNN_eff_su2_r1_d2_s43;MNIST_QNN_eff_su2_r1_d2_s44;MNIST_QNN_eff_su2_r1_d2_s45,MNIST_QNN_zz_r1_d6_s43;MNIST_QNN_zz_r1_d6_s45
cross_cell_2,2,21,128,eff_su2_r5_d2,MNIST_QNN_eff_su2_r5_d2_s43;MNIST_QNN_eff_su2_r5_d2_s44;MNIST_QNN_eff_su2_r5_d2_s45,MNIST_QNN_z_r1_d6_s43;MNIST_QNN_z_r1_d6_s45
cross_cell_2,2,21,128,z_r1_d6,MNIST_QNN_z_r1_d6_s43;MNIST_QNN_z_r1_d6_s44;MNIST_QNN_z_r1_d6_s45,MNIST_QNN_eff_su2_r1_d2_s44;MNIST_QNN_zz_r1_d6_s43
cross_cell_2,2,21,128,zz_r1_d6,MNIST_QNN_zz_r1_d6_s43;MNIST_QNN_zz_r1_d6_s44;MNIST_QNN_zz_r1_d6_s45,MNIST_QNN_eff_su2_r5_d2_s45;MNIST_QNN_zz_r5_d6_s44
cross_cell_2,2,21,128,zz_r5_d6,MNIST_QNN_zz_r5_d6_s43;MNIST_QNN_zz_r5_d6_s44;MNIST_QNN_zz_r5_d6_s45,MNIST_QNN_eff_su2_r5_d2_s43;MNIST_QNN_zz_r1_d6_s43
cross_cell_2,2,22,128,eff_su2_r1_d2,MNIST_QNN_eff_su2_r1_d2_s43;MNIST_QNN_eff_su2_r1_d2_s44;MNIST_QNN_eff_su2_r1_d2_s45,MNIST_QNN_zz_r1_d6_s44;MNIST_QNN_zz_r5_d6_s43
cross_cell_2,2,22,128,eff_su2_r5_d2,MNIST_QNN_eff_su2_r5_d2_s43;MNIST_QNN_eff_su2_r5_d2_s44;MNIST_QNN_eff_su2_r5_d2_s45,MNIST_QNN_eff_su2_r1_d2_s44;MNIST_QNN_zz_r5_d6_s43
cross_cell_2,2,22,128,z_r1_d6,MNIST_QNN_z_r1_d6_s43;MNIST_QNN_z_r1_d6_s44;MNIST_QNN_z_r1_d6_s45,MNIST_QNN_eff_su2_r1_d2_s43;MNIST_QNN_eff_su2_r1_d2_s45
cross_cell_2,2,22,128,zz_r1_d6,MNIST_QNN_zz_r1_d6_s43;MNIST_QNN_zz_r1_d6_s44;MNIST_QNN_zz_r1_d6_s45,MNIST_QNN_eff_su2_r1_d2_s45;MNIST_QNN_z_r1_d6_s43
cross_cell_2,2,22,128,zz_r5_d6,MNIST_QNN_zz_r5_d6_s43;MNIST_QNN_zz_r5_d6_s44;MNIST_QNN_zz_r5_d6_s45,MNIST_QNN_eff_su2_r5_d2_s44;MNIST_QNN_z_r1_d6_s45
cross_cell_2,2,23,128,eff_su2_r1_d2,MNIST_QNN_eff_su2_r1_d2_s43;MNIST_QNN_eff_su2_r1_d2_s44;MNIST_QNN_eff_su2_r1_d2_s45,MNIST_QNN_eff_su2_r5_d2_s44;MNIST_QNN_zz_r1_d6_s45
cross_cell_2,2,23,128,eff_su2_r5_d2,MNIST_QNN_eff_su2_r5_d2_s43;MNIST_QNN_eff_su2_r5_d2_s44;MNIST_QNN_eff_su2_r5_d2_s45,MNIST_QNN_eff_su2_r1_d2_s44;MNIST_QNN_zz_r5_d6_s44
cross_cell_2,2,23,128,z_r1_d6,MNIST_QNN_z_r1_d6_s43;MNIST_QNN_z_r1_d6_s44;MNIST_QNN_z_r1_d6_s45,MNIST_QNN_eff_su2_r1_d2_s44;MNIST_QNN_zz_r1_d6_s45
cross_cell_2,2,23,128,zz_r1_d6,MNIST_QNN_zz_r1_d6_s43;MNIST_QNN_zz_r1_d6_s44;MNIST_QNN_zz_r1_d6_s45,MNIST_QNN_eff_su2_r5_d2_s44;MNIST_QNN_zz_r5_d6_s45
cross_cell_2,2,23,128,zz_r5_d6,MNIST_QNN_zz_r5_d6_s43;MNIST_QNN_zz_r5_d6_s44;MNIST_QNN_zz_r5_d6_s45,MNIST_QNN_eff_su2_r5_d2_s43;MNIST_QNN_zz_r1_d6_s45
cross_cell_2,2,24,128,eff_su2_r1_d2,MNIST_QNN_eff_su2_r1_d2_s43;MNIST_QNN_eff_su2_r1_d2_s44;MNIST_QNN_eff_su2_r1_d2_s45,MNIST_QNN_zz_r1_d6_s43;MNIST_QNN_zz_r5_d6_s43
cross_cell_2,2,24,128,eff_su2_r5_d2,MNIST_QNN_eff_su2_r5_d2_s43;MNIST_QNN_eff_su2_r5_d2_s44;MNIST_QNN_eff_su2_r5_d2_s45,MNIST_QNN_eff_su2_r1_d2_s43;MNIST_QNN_zz_r1_d6_s44
cross_cell_2,2,24,128,z_r1_d6,MNIST_QNN_z_r1_d6_s43;MNIST_QNN_z_r1_d6_s44;MNIST_QNN_z_r1_d6_s45,MNIST_QNN_eff_su2_r1_d2_s45;MNIST_QNN_zz_r1_d6_s44
cross_cell_2,2,24,128,zz_r1_d6,MNIST_QNN_zz_r1_d6_s43;MNIST_QNN_zz_r1_d6_s44;MNIST_QNN_zz_r1_d6_s45,MNIST_QNN_zz_r5_d6_s44;MNIST_QNN_zz_r5_d6_s45
cross_cell_2,2,24,128,zz_r5_d6,MNIST_QNN_zz_r5_d6_s43;MNIST_QNN_zz_r5_d6_s44;MNIST_QNN_zz_r5_d6_s45,MNIST_QNN_eff_su2_r5_d2_s45;MNIST_QNN_z_r1_d6_s45
cross_cell_2,2,25,128,eff_su2_r1_d2,MNIST_QNN_eff_su2_r1_d2_s43;MNIST_QNN_eff_su2_r1_d2_s44;MNIST_QNN_eff_su2_r1_d2_s45,MNIST_QNN_zz_r1_d6_s43;MNIST_QNN_zz_r1_d6_s44
cross_cell_2,2,25,128,eff_su2_r5_d2,MNIST_QNN_eff_su2_r5_d2_s43;MNIST_QNN_eff_su2_r5_d2_s44;MNIST_QNN_eff_su2_r5_d2_s45,MNIST_QNN_zz_r1_d6_s43;MNIST_QNN_zz_r5_d6_s43
cross_cell_2,2,25,128,z_r1_d6,MNIST_QNN_z_r1_d6_s43;MNIST_QNN_z_r1_d6_s44;MNIST_QNN_z_r1_d6_s45,MNIST_QNN_eff_su2_r5_d2_s44;MNIST_QNN_zz_r1_d6_s45
cross_cell_2,2,25,128,zz_r1_d6,MNIST_QNN_zz_r1_d6_s43;MNIST_QNN_zz_r1_d6_s44;MNIST_QNN_zz_r1_d6_s45,MNIST_QNN_eff_su2_r5_d2_s45;MNIST_QNN_zz_r5_d6_s43
cross_cell_2,2,25,128,zz_r5_d6,MNIST_QNN_zz_r5_d6_s43;MNIST_QNN_zz_r5_d6_s44;MNIST_QNN_zz_r5_d6_s45,MNIST_QNN_eff_su2_r1_d2_s44;MNIST_QNN_zz_r1_d6_s43
cross_cell_2,2,26,128,eff_su2_r1_d2,MNIST_QNN_eff_su2_r1_d2_s43;MNIST_QNN_eff_su2_r1_d2_s44;MNIST_QNN_eff_su2_r1_d2_s45,MNIST_QNN_zz_r1_d6_s43;MNIST_QNN_zz_r5_d6_s45
cross_cell_2,2,26,128,eff_su2_r5_d2,MNIST_QNN_eff_su2_r5_d2_s43;MNIST_QNN_eff_su2_r5_d2_s44;MNIST_QNN_eff_su2_r5_d2_s45,MNIST_QNN_z_r1_d6_s45;MNIST_QNN_zz_r1_d6_s45
cross_cell_2,2,26,128,z_r1_d6,MNIST_QNN_z_r1_d6_s43;MNIST_QNN_z_r1_d6_s44;MNIST_QNN_z_r1_d6_s45,MNIST_QNN_zz_r5_d6_s44;MNIST_QNN_zz_r5_d6_s45
cross_cell_2,2,26,128,zz_r1_d6,MNIST_QNN_zz_r1_d6_s43;MNIST_QNN_zz_r1_d6_s44;MNIST_QNN_zz_r1_d6_s45,MNIST_QNN_eff_su2_r1_d2_s44;MNIST_QNN_eff_su2_r1_d2_s45
cross_cell_2,2,26,128,zz_r5_d6,MNIST_QNN_zz_r5_d6_s43;MNIST_QNN_zz_r5_d6_s44;MNIST_QNN_zz_r5_d6_s45,MNIST_QNN_eff_su2_r1_d2_s43;MNIST_QNN_eff_su2_r5_d2_s44
cross_cell_2,2,27,128,eff_su2_r1_d2,MNIST_QNN_eff_su2_r1_d2_s43;MNIST_QNN_eff_su2_r1_d2_s44;MNIST_QNN_eff_su2_r1_d2_s45,MNIST_QNN_eff_su2_r5_d2_s43;MNIST_QNN_z_r1_d6_s45
cross_cell_2,2,27,128,eff_su2_r5_d2,MNIST_QNN_eff_su2_r5_d2_s43;MNIST_QNN_eff_su2_r5_d2_s44;MNIST_QNN_eff_su2_r5_d2_s45,MNIST_QNN_z_r1_d6_s45;MNIST_QNN_zz_r1_d6_s43
cross_cell_2,2,27,128,z_r1_d6,MNIST_QNN_z_r1_d6_s43;MNIST_QNN_z_r1_d6_s44;MNIST_QNN_z_r1_d6_s45,MNIST_QNN_eff_su2_r1_d2_s43;MNIST_QNN_eff_su2_r5_d2_s44
cross_cell_2,2,27,128,zz_r1_d6,MNIST_QNN_zz_r1_d6_s43;MNIST_QNN_zz_r1_d6_s44;MNIST_QNN_zz_r1_d6_s45,MNIST_QNN_eff_su2_r1_d2_s43;MNIST_QNN_z_r1_d6_s43
cross_cell_2,2,27,128,zz_r5_d6,MNIST_QNN_zz_r5_d6_s43;MNIST_QNN_zz_r5_d6_s44;MNIST_QNN_zz_r5_d6_s45,MNIST_QNN_eff_su2_r1_d2_s45;MNIST_QNN_zz_r1_d6_s43
cross_cell_2,2,28,128,eff_su2_r1_d2,MNIST_QNN_eff_su2_r1_d2_s43;MNIST_QNN_eff_su2_r1_d2_s44;MNIST_QNN_eff_su2_r1_d2_s45,MNIST_QNN_z_r1_d6_s43;MNIST_QNN_zz_r5_d6_s43
cross_cell_2,2,28,128,eff_su2_r5_d2,MNIST_QNN_eff_su2_r5_d2_s43;MNIST_QNN_eff_su2_r5_d2_s44;MNIST_QNN_eff_su2_r5_d2_s45,MNIST_QNN_zz_r1_d6_s45;MNIST_QNN_zz_r5_d6_s44
cross_cell_2,2,28,128,z_r1_d6,MNIST_QNN_z_r1_d6_s43;MNIST_QNN_z_r1_d6_s44;MNIST_QNN_z_r1_d6_s45,MNIST_QNN_eff_su2_r5_d2_s43;MNIST_QNN_eff_su2_r5_d2_s44
cross_cell_2,2,28,128,zz_r1_d6,MNIST_QNN_zz_r1_d6_s43;MNIST_QNN_zz_r1_d6_s44;MNIST_QNN_zz_r1_d6_s45,MNIST_QNN_eff_su2_r1_d2_s44;MNIST_QNN_zz_r5_d6_s44
cross_cell_2,2,28,128,zz_r5_d6,MNIST_QNN_zz_r5_d6_s43;MNIST_QNN_zz_r5_d6_s44;MNIST_QNN_zz_r5_d6_s45,MNIST_QNN_eff_su2_r1_d2_s44;MNIST_QNN_z_r1_d6_s43
cross_cell_2,2,29,128,eff_su2_r1_d2,MNIST_QNN_eff_su2_r1_d2_s43;MNIST_QNN_eff_su2_r1_d2_s44;MNIST_QNN_eff_su2_r1_d2_s45,MNIST_QNN_eff_su2_r5_d2_s44;MNIST_QNN_zz_r5_d6_s43
cross_cell_2,2,29,128,eff_su2_r5_d2,MNIST_QNN_eff_su2_r5_d2_s43;MNIST_QNN_eff_su2_r5_d2_s44;MNIST_QNN_eff_su2_r5_d2_s45,MNIST_QNN_z_r1_d6_s44;MNIST_QNN_z_r1_d6_s45
cross_cell_2,2,29,128,z_r1_d6,MNIST_QNN_z_r1_d6_s43;MNIST_QNN_z_r1_d6_s44;MNIST_QNN_z_r1_d6_s45,MNIST_QNN_eff_su2_r5_d2_s44;MNIST_QNN_zz_r1_d6_s44
cross_cell_2,2,29,128,zz_r1_d6,MNIST_QNN_zz_r1_d6_s43;MNIST_QNN_zz_r1_d6_s44;MNIST_QNN_zz_r1_d6_s45,MNIST_QNN_eff_su2_r1_d2_s44;MNIST_QNN_eff_su2_r5_d2_s44
cross_cell_2,2,29,128,zz_r5_d6,MNIST_QNN_zz_r5_d6_s43;MNIST_QNN_zz_r5_d6_s44;MNIST_QNN_zz_r5_d6_s45,MNIST_QNN_eff_su2_r1_d2_s44;MNIST_QNN_z_r1_d6_s45
cross_cell_2,2,30,128,eff_su2_r1_d2,MNIST_QNN_eff_su2_r1_d2_s43;MNIST_QNN_eff_su2_r1_d2_s44;MNIST_QNN_eff_su2_r1_d2_s45,MNIST_QNN_z_r1_d6_s45;MNIST_QNN_zz_r5_d6_s44
cross_cell_2,2,30,128,eff_su2_r5_d2,MNIST_QNN_eff_su2_r5_d2_s43;MNIST_QNN_eff_su2_r5_d2_s44;MNIST_QNN_eff_su2_r5_d2_s45,MNIST_QNN_eff_su2_r1_d2_s44;MNIST_QNN_z_r1_d6_s44
cross_cell_2,2,30,128,z_r1_d6,MNIST_QNN_z_r1_d6_s43;MNIST_QNN_z_r1_d6_s44;MNIST_QNN_z_r1_d6_s45,MNIST_QNN_eff_su2_r5_d2_s45;MNIST_QNN_zz_r1_d6_s44
cross_cell_2,2,30,128,zz_r1_d6,MNIST_QNN_zz_r1_d6_s43;MNIST_QNN_zz_r1_d6_s44;MNIST_QNN_zz_r1_d6_s45,MNIST_QNN_eff_su2_r5_d2_s43;MNIST_QNN_eff_su2_r5_d2_s45
cross_cell_2,2,30,128,zz_r5_d6,MNIST_QNN_zz_r5_d6_s43;MNIST_QNN_zz_r5_d6_s44;MNIST_QNN_zz_r5_d6_s45,MNIST_QNN_eff_su2_r5_d2_s43;MNIST_QNN_eff_su2_r5_d2_s45
cross_cell_2,2,31,128,eff_su2_r1_d2,MNIST_QNN_eff_su2_r1_d2_s43;MNIST_QNN_eff_su2_r1_d2_s44;MNIST_QNN_eff_su2_r1_d2_s45,MNIST_QNN_eff_su2_r5_d2_s43;MNIST_QNN_zz_r1_d6_s45
cross_cell_2,2,31,128,eff_su2_r5_d2,MNIST_QNN_eff_su2_r5_d2_s43;MNIST_QNN_eff_su2_r5_d2_s44;MNIST_QNN_eff_su2_r5_d2_s45,MNIST_QNN_zz_r1_d6_s43;MNIST_QNN_zz_r5_d6_s44
cross_cell_2,2,31,128,z_r1_d6,MNIST_QNN_z_r1_d6_s43;MNIST_QNN_z_r1_d6_s44;MNIST_QNN_z_r1_d6_s45,MNIST_QNN_eff_su2_r5_d2_s44;MNIST_QNN_zz_r5_d6_s43
cross_cell_2,2,31,128,zz_r1_d6,MNIST_QNN_zz_r1_d6_s43;MNIST_QNN_zz_r1_d6_s44;MNIST_QNN_zz_r1_d6_s45,MNIST_QNN_z_r1_d6_s43;MNIST_QNN_zz_r5_d6_s45
cross_cell_2,2,31,128,zz_r5_d6,MNIST_QNN_zz_r5_d6_s43;MNIST_QNN_zz_r5_d6_s44;MNIST_QNN_zz_r5_d6_s45,MNIST_QNN_eff_su2_r1_d2_s43;MNIST_QNN_zz_r1_d6_s44
cross_cell_2,2,32,128,eff_su2_r1_d2,MNIST_QNN_eff_su2_r1_d2_s43;MNIST_QNN_eff_su2_r1_d2_s44;MNIST_QNN_eff_su2_r1_d2_s45,MNIST_QNN_z_r1_d6_s45;MNIST_QNN_zz_r1_d6_s43
cross_cell_2,2,32,128,eff_su2_r5_d2,MNIST_QNN_eff_su2_r5_d2_s43;MNIST_QNN_eff_su2_r5_d2_s44;MNIST_QNN_eff_su2_r5_d2_s45,MNIST_QNN_eff_su2_r1_d2_s43;MNIST_QNN_z_r1_d6_s45
cross_cell_2,2,32,128,z_r1_d6,MNIST_QNN_z_r1_d6_s43;MNIST_QNN_z_r1_d6_s44;MNIST_QNN_z_r1_d6_s45,MNIST_QNN_eff_su2_r5_d2_s43;MNIST_QNN_eff_su2_r5_d2_s45
cross_cell_2,2,32,128,zz_r1_d6,MNIST_QNN_zz_r1_d6_s43;MNIST_QNN_zz_r1_d6_s44;MNIST_QNN_zz_r1_d6_s45,MNIST_QNN_eff_su2_r5_d2_s45;MNIST_QNN_z_r1_d6_s44
cross_cell_2,2,32,128,zz_r5_d6,MNIST_QNN_zz_r5_d6_s43;MNIST_QNN_zz_r5_d6_s44;MNIST_QNN_zz_r5_d6_s45,MNIST_QNN_eff_su2_r1_d2_s45;MNIST_QNN_z_r1_d6_s44
cross_cell_2,2,33,128,eff_su2_r1_d2,MNIST_QNN_eff_su2_r1_d2_s43;MNIST_QNN_eff_su2_r1_d2_s44;MNIST_QNN_eff_su2_r1_d2_s45,MNIST_QNN_z_r1_d6_s43;MNIST_QNN_z_r1_d6_s45
cross_cell_2,2,33,128,eff_su2_r5_d2,MNIST_QNN_eff_su2_r5_d2_s43;MNIST_QNN_eff_su2_r5_d2_s44;MNIST_QNN_eff_su2_r5_d2_s45,MNIST_QNN_z_r1_d6_s43;MNIST_QNN_zz_r1_d6_s43
cross_cell_2,2,33,128,z_r1_d6,MNIST_QNN_z_r1_d6_s43;MNIST_QNN_z_r1_d6_s44;MNIST_QNN_z_r1_d6_s45,MNIST_QNN_eff_su2_r5_d2_s45;MNIST_QNN_zz_r1_d6_s45
cross_cell_2,2,33,128,zz_r1_d6,MNIST_QNN_zz_r1_d6_s43;MNIST_QNN_zz_r1_d6_s44;MNIST_QNN_zz_r1_d6_s45,MNIST_QNN_eff_su2_r1_d2_s43;MNIST_QNN_zz_r5_d6_s45
cross_cell_2,2,33,128,zz_r5_d6,MNIST_QNN_zz_r5_d6_s43;MNIST_QNN_zz_r5_d6_s44;MNIST_QNN_zz_r5_d6_s45,MNIST_QNN_eff_su2_r1_d2_s43;MNIST_QNN_zz_r1_d6_s43
cross_cell_2,2,34,128,eff_su2_r1_d2,MNIST_QNN_eff_su2_r1_d2_s43;MNIST_QNN_eff_su2_r1_d2_s44;MNIST_QNN_eff_su2_r1_d2_s45,MNIST_QNN_z_r1_d6_s45;MNIST_QNN_zz_r1_d6_s45
cross_cell_2,2,34,128,eff_su2_r5_d2,MNIST_QNN_eff_su2_r5_d2_s43;MNIST_QNN_eff_su2_r5_d2_s44;MNIST_QNN_eff_su2_r5_d2_s45,MNIST_QNN_zz_r1_d6_s44;MNIST_QNN_zz_r1_d6_s45
cross_cell_2,2,34,128,z_r1_d6,MNIST_QNN_z_r1_d6_s43;MNIST_QNN_z_r1_d6_s44;MNIST_QNN_z_r1_d6_s45,MNIST_QNN_eff_su2_r1_d2_s45;MNIST_QNN_eff_su2_r5_d2_s45
cross_cell_2,2,34,128,zz_r1_d6,MNIST_QNN_zz_r1_d6_s43;MNIST_QNN_zz_r1_d6_s44;MNIST_QNN_zz_r1_d6_s45,MNIST_QNN_eff_su2_r1_d2_s43;MNIST_QNN_z_r1_d6_s44
cross_cell_2,2,34,128,zz_r5_d6,MNIST_QNN_zz_r5_d6_s43;MNIST_QNN_zz_r5_d6_s44;MNIST_QNN_zz_r5_d6_s45,MNIST_QNN_eff_su2_r5_d2_s43;MNIST_QNN_z_r1_d6_s45
cross_cell_2,2,35,128,eff_su2_r1_d2,MNIST_QNN_eff_su2_r1_d2_s43;MNIST_QNN_eff_su2_r1_d2_s44;MNIST_QNN_eff_su2_r1_d2_s45,MNIST_QNN_zz_r1_d6_s44;MNIST_QNN_zz_r1_d6_s45
cross_cell_2,2,35,128,eff_su2_r5_d2,MNIST_QNN_eff_su2_r5_d2_s43;MNIST_QNN_eff_su2_r5_d2_s44;MNIST_QNN_eff_su2_r5_d2_s45,MNIST_QNN_eff_su2_r1_d2_s44;MNIST_QNN_z_r1_d6_s43
cross_cell_2,2,35,128,z_r1_d6,MNIST_QNN_z_r1_d6_s43;MNIST_QNN_z_r1_d6_s44;MNIST_QNN_z_r1_d6_s45,MNIST_QNN_eff_su2_r1_d2_s43;MNIST_QNN_zz_r1_d6_s43
cross_cell_2,2,35,128,zz_r1_d6,MNIST_QNN_zz_r1_d6_s43;MNIST_QNN_zz_r1_d6_s44;MNIST_QNN_zz_r1_d6_s45,MNIST_QNN_eff_su2_r5_d2_s44;MNIST_QNN_eff_su2_r5_d2_s45
cross_cell_2,2,35,128,zz_r5_d6,MNIST_QNN_zz_r5_d6_s43;MNIST_QNN_zz_r5_d6_s44;MNIST_QNN_zz_r5_d6_s45,MNIST_QNN_eff_su2_r5_d2_s44;MNIST_QNN_zz_r1_d6_s44
cross_cell_2,2,36,128,eff_su2_r1_d2,MNIST_QNN_eff_su2_r1_d2_s43;MNIST_QNN_eff_su2_r1_d2_s44;MNIST_QNN_eff_su2_r1_d2_s45,MNIST_QNN_eff_su2_r5_d2_s45;MNIST_QNN_zz_r1_d6_s45
cross_cell_2,2,36,128,eff_su2_r5_d2,MNIST_QNN_eff_su2_r5_d2_s43;MNIST_QNN_eff_su2_r5_d2_s44;MNIST_QNN_eff_su2_r5_d2_s45,MNIST_QNN_zz_r1_d6_s44;MNIST_QNN_zz_r5_d6_s43
cross_cell_2,2,36,128,z_r1_d6,MNIST_QNN_z_r1_d6_s43;MNIST_QNN_z_r1_d6_s44;MNIST_QNN_z_r1_d6_s45,MNIST_QNN_eff_su2_r1_d2_s43;MNIST_QNN_zz_r5_d6_s43
cross_cell_2,2,36,128,zz_r1_d6,MNIST_QNN_zz_r1_d6_s43;MNIST_QNN_zz_r1_d6_s44;MNIST_QNN_zz_r1_d6_s45,MNIST_QNN_eff_su2_r1_d2_s45;MNIST_QNN_z_r1_d6_s44
cross_cell_2,2,36,128,zz_r5_d6,MNIST_QNN_zz_r5_d6_s43;MNIST_QNN_zz_r5_d6_s44;MNIST_QNN_zz_r5_d6_s45,MNIST_QNN_z_r1_d6_s44;MNIST_QNN_zz_r1_d6_s45
cross_cell_2,2,37,128,eff_su2_r1_d2,MNIST_QNN_eff_su2_r1_d2_s43;MNIST_QNN_eff_su2_r1_d2_s44;MNIST_QNN_eff_su2_r1_d2_s45,MNIST_QNN_zz_r1_d6_s45;MNIST_QNN_zz_r5_d6_s44
cross_cell_2,2,37,128,eff_su2_r5_d2,MNIST_QNN_eff_su2_r5_d2_s43;MNIST_QNN_eff_su2_r5_d2_s44;MNIST_QNN_eff_su2_r5_d2_s45,MNIST_QNN_zz_r1_d6_s45;MNIST_QNN_zz_r5_d6_s43
cross_cell_2,2,37,128,z_r1_d6,MNIST_QNN_z_r1_d6_s43;MNIST_QNN_z_r1_d6_s44;MNIST_QNN_z_r1_d6_s45,MNIST_QNN_eff_su2_r1_d2_s45;MNIST_QNN_zz_r5_d6_s43
cross_cell_2,2,37,128,zz_r1_d6,MNIST_QNN_zz_r1_d6_s43;MNIST_QNN_zz_r1_d6_s44;MNIST_QNN_zz_r1_d6_s45,MNIST_QNN_eff_su2_r1_d2_s44;MNIST_QNN_eff_su2_r5_d2_s45
cross_cell_2,2,37,128,zz_r5_d6,MNIST_QNN_zz_r5_d6_s43;MNIST_QNN_zz_r5_d6_s44;MNIST_QNN_zz_r5_d6_s45,MNIST_QNN_eff_su2_r1_d2_s45;MNIST_QNN_eff_su2_r5_d2_s45
cross_cell_2,2,38,128,eff_su2_r1_d2,MNIST_QNN_eff_su2_r1_d2_s43;MNIST_QNN_eff_su2_r1_d2_s44;MNIST_QNN_eff_su2_r1_d2_s45,MNIST_QNN_eff_su2_r5_d2_s43;MNIST_QNN_z_r1_d6_s43
cross_cell_2,2,38,128,eff_su2_r5_d2,MNIST_QNN_eff_su2_r5_d2_s43;MNIST_QNN_eff_su2_r5_d2_s44;MNIST_QNN_eff_su2_r5_d2_s45,MNIST_QNN_z_r1_d6_s43;MNIST_QNN_zz_r1_d6_s44
cross_cell_2,2,38,128,z_r1_d6,MNIST_QNN_z_r1_d6_s43;MNIST_QNN_z_r1_d6_s44;MNIST_QNN_z_r1_d6_s45,MNIST_QNN_eff_su2_r1_d2_s45;MNIST_QNN_eff_su2_r5_d2_s44
cross_cell_2,2,38,128,zz_r1_d6,MNIST_QNN_zz_r1_d6_s43;MNIST_QNN_zz_r1_d6_s44;MNIST_QNN_zz_r1_d6_s45,MNIST_QNN_eff_su2_r5_d2_s43;MNIST_QNN_zz_r5_d6_s43
cross_cell_2,2,38,128,zz_r5_d6,MNIST_QNN_zz_r5_d6_s43;MNIST_QNN_zz_r5_d6_s44;MNIST_QNN_zz_r5_d6_s45,MNIST_QNN_z_r1_d6_s45;MNIST_QNN_zz_r1_d6_s43
cross_cell_2,2,39,128,eff_su2_r1_d2,MNIST_QNN_eff_su2_r1_d2_s43;MNIST_QNN_eff_su2_r1_d2_s44;MNIST_QNN_eff_su2_r1_d2_s45,MNIST_QNN_eff_su2_r5_d2_s45;MNIST_QNN_zz_r5_d6_s43
cross_cell_2,2,39,128,eff_su2_r5_d2,MNIST_QNN_eff_su2_r5_d2_s43;MNIST_QNN_eff_su2_r5_d2_s44;MNIST_QNN_eff_su2_r5_d2_s45,MNIST_QNN_z_r1_d6_s44;MNIST_QNN_zz_r1_d6_s44
cross_cell_2,2,39,128,z_r1_d6,MNIST_QNN_z_r1_d6_s43;MNIST_QNN_z_r1_d6_s44;MNIST_QNN_z_r1_d6_s45,MNIST_QNN_eff_su2_r1_d2_s44;MNIST_QNN_eff_su2_r5_d2_s44
cross_cell_2,2,39,128,zz_r1_d6,MNIST_QNN_zz_r1_d6_s43;MNIST_QNN_zz_r1_d6_s44;MNIST_QNN_zz_r1_d6_s45,MNIST_QNN_eff_su2_r5_d2_s43;MNIST_QNN_z_r1_d6_s44
cross_cell_2,2,39,128,zz_r5_d6,MNIST_QNN_zz_r5_d6_s43;MNIST_QNN_zz_r5_d6_s44;MNIST_QNN_zz_r5_d6_s45,MNIST_QNN_z_r1_d6_s44;MNIST_QNN_zz_r1_d6_s43
cross_cell_2,2,40,128,eff_su2_r1_d2,MNIST_QNN_eff_su2_r1_d2_s43;MNIST_QNN_eff_su2_r1_d2_s44;MNIST_QNN_eff_su2_r1_d2_s45,MNIST_QNN_zz_r5_d6_s44;MNIST_QNN_zz_r5_d6_s45
cross_cell_2,2,40,128,eff_su2_r5_d2,MNIST_QNN_eff_su2_r5_d2_s43;MNIST_QNN_eff_su2_r5_d2_s44;MNIST_QNN_eff_su2_r5_d2_s45,MNIST_QNN_zz_r5_d6_s43;MNIST_QNN_zz_r5_d6_s45
cross_cell_2,2,40,128,z_r1_d6,MNIST_QNN_z_r1_d6_s43;MNIST_QNN_z_r1_d6_s44;MNIST_QNN_z_r1_d6_s45,MNIST_QNN_zz_r1_d6_s45;MNIST_QNN_zz_r5_d6_s43
cross_cell_2,2,40,128,zz_r1_d6,MNIST_QNN_zz_r1_d6_s43;MNIST_QNN_zz_r1_d6_s44;MNIST_QNN_zz_r1_d6_s45,MNIST_QNN_eff_su2_r1_d2_s44;MNIST_QNN_eff_su2_r5_d2_s43
cross_cell_2,2,40,128,zz_r5_d6,MNIST_QNN_zz_r5_d6_s43;MNIST_QNN_zz_r5_d6_s44;MNIST_QNN_zz_r5_d6_s45,MNIST_QNN_eff_su2_r1_d2_s45;MNIST_QNN_eff_su2_r5_d2_s44
cross_cell_2,2,41,128,eff_su2_r1_d2,MNIST_QNN_eff_su2_r1_d2_s43;MNIST_QNN_eff_su2_r1_d2_s44;MNIST_QNN_eff_su2_r1_d2_s45,MNIST_QNN_eff_su2_r5_d2_s45;MNIST_QNN_zz_r5_d6_s44
cross_cell_2,2,41,128,eff_su2_r5_d2,MNIST_QNN_eff_su2_r5_d2_s43;MNIST_QNN_eff_su2_r5_d2_s44;MNIST_QNN_eff_su2_r5_d2_s45,MNIST_QNN_eff_su2_r1_d2_s43;MNIST_QNN_eff_su2_r1_d2_s45
cross_cell_2,2,41,128,z_r1_d6,MNIST_QNN_z_r1_d6_s43;MNIST_QNN_z_r1_d6_s44;MNIST_QNN_z_r1_d6_s45,MNIST_QNN_zz_r1_d6_s43;MNIST_QNN_zz_r5_d6_s43
cross_cell_2,2,41,128,zz_r1_d6,MNIST_QNN_zz_r1_d6_s43;MNIST_QNN_zz_r1_d6_s44;MNIST_QNN_zz_r1_d6_s45,MNIST_QNN_eff_su2_r1_d2_s43;MNIST_QNN_eff_su2_r1_d2_s45
cross_cell_2,2,41,128,zz_r5_d6,MNIST_QNN_zz_r5_d6_s43;MNIST_QNN_zz_r5_d6_s44;MNIST_QNN_zz_r5_d6_s45,MNIST_QNN_eff_su2_r1_d2_s44;MNIST_QNN_zz_r1_d6_s44
cross_cell_2,2,42,128,eff_su2_r1_d2,MNIST_QNN_eff_su2_r1_d2_s43;MNIST_QNN_eff_su2_r1_d2_s44;MNIST_QNN_eff_su2_r1_d2_s45,MNIST_QNN_z_r1_d6_s44;MNIST_QNN_zz_r1_d6_s44
cross_cell_2,2,42,128,eff_su2_r5_d2,MNIST_QNN_eff_su2_r5_d2_s43;MNIST_QNN_eff_su2_r5_d2_s44;MNIST_QNN_eff_su2_r5_d2_s45,MNIST_QNN_z_r1_d6_s45;MNIST_QNN_zz_r1_d6_s44
cross_cell_2,2,42,128,z_r1_d6,MNIST_QNN_z_r1_d6_s43;MNIST_QNN_z_r1_d6_s44;MNIST_QNN_z_r1_d6_s45,MNIST_QNN_zz_r1_d6_s44;MNIST_QNN_zz_r5_d6_s44
cross_cell_2,2,42,128,zz_r1_d6,MNIST_QNN_zz_r1_d6_s43;MNIST_QNN_zz_r1_d6_s44;MNIST_QNN_zz_r1_d6_s45,MNIST_QNN_eff_su2_r5_d2_s44;MNIST_QNN_z_r1_d6_s43
cross_cell_2,2,42,128,zz_r5_d6,MNIST_QNN_zz_r5_d6_s43;MNIST_QNN_zz_r5_d6_s44;MNIST_QNN_zz_r5_d6_s45,MNIST_QNN_eff_su2_r1_d2_s43;MNIST_QNN_z_r1_d6_s44
cross_cell_2,2,43,128,eff_su2_r1_d2,MNIST_QNN_eff_su2_r1_d2_s43;MNIST_QNN_eff_su2_r1_d2_s44;MNIST_QNN_eff_su2_r1_d2_s45,MNIST_QNN_z_r1_d6_s43;MNIST_QNN_zz_r5_d6_s45
cross_cell_2,2,43,128,eff_su2_r5_d2,MNIST_QNN_eff_su2_r5_d2_s43;MNIST_QNN_eff_su2_r5_d2_s44;MNIST_QNN_eff_su2_r5_d2_s45,MNIST_QNN_eff_su2_r1_d2_s45;MNIST_QNN_zz_r1_d6_s45
cross_cell_2,2,43,128,z_r1_d6,MNIST_QNN_z_r1_d6_s43;MNIST_QNN_z_r1_d6_s44;MNIST_QNN_z_r1_d6_s45,MNIST_QNN_eff_su2_r1_d2_s45;MNIST_QNN_eff_su2_r5_d2_s43
cross_cell_2,2,43,128,zz_r1_d6,MNIST_QNN_zz_r1_d6_s43;MNIST_QNN_zz_r1_d6_s44;MNIST_QNN_zz_r1_d6_s45,MNIST_QNN_eff_su2_r5_d2_s43;MNIST_QNN_eff_su2_r5_d2_s44
cross_cell_2,2,43,128,zz_r5_d6,MNIST_QNN_zz_r5_d6_s43;MNIST_QNN_zz_r5_d6_s44;MNIST_QNN_zz_r5_d6_s45,MNIST_QNN_eff_su2_r5_d2_s45;MNIST_QNN_zz_r1_d6_s45
cross_cell_2,2,44,128,eff_su2_r1_d2,MNIST_QNN_eff_su2_r1_d2_s43;MNIST_QNN_eff_su2_r1_d2_s44;MNIST_QNN_eff_su2_r1_d2_s45,MNIST_QNN_eff_su2_r5_d2_s43;MNIST_QNN_zz_r1_d6_s44
cross_cell_2,2,44,128,eff_su2_r5_d2,MNIST_QNN_eff_su2_r5_d2_s43;MNIST_QNN_eff_su2_r5_d2_s44;MNIST_QNN_eff_su2_r5_d2_s45,MNIST_QNN_zz_r1_d6_s45;MNIST_QNN_zz_r5_d6_s45
cross_cell_2,2,44,128,z_r1_d6,MNIST_QNN_z_r1_d6_s43;MNIST_QNN_z_r1_d6_s44;MNIST_QNN_z_r1_d6_s45,MNIST_QNN_eff_su2_r5_d2_s43;MNIST_QNN_zz_r5_d6_s44
cross_cell_2,2,44,128,zz_r1_d6,MNIST_QNN_zz_r1_d6_s43;MNIST_QNN_zz_r1_d6_s44;MNIST_QNN_zz_r1_d6_s45,MNIST_QNN_eff_su2_r5_d2_s45;MNIST_QNN_z_r1_d6_s43
cross_cell_2,2,44,128,zz_r5_d6,MNIST_QNN_zz_r5_d6_s43;MNIST_QNN_zz_r5_d6_s44;MNIST_QNN_zz_r5_d6_s45,MNIST_QNN_eff_su2_r1_d2_s45;MNIST_QNN_eff_su2_r5_d2_s43
cross_cell_2,2,45,128,eff_su2_r1_d2,MNIST_QNN_eff_su2_r1_d2_s43;MNIST_QNN_eff_su2_r1_d2_s44;MNIST_QNN_eff_su2_r1_d2_s45,MNIST_QNN_eff_su2_r5_d2_s44;MNIST_QNN_eff_su2_r5_d2_s45
cross_cell_2,2,45,128,eff_su2_r5_d2,MNIST_QNN_eff_su2_r5_d2_s43;MNIST_QNN_eff_su2_r5_d2_s44;MNIST_QNN_eff_su2_r5_d2_s45,MNIST_QNN_eff_su2_r1_d2_s44;MNIST_QNN_zz_r5_d6_s45
cross_cell_2,2,45,128,z_r1_d6,MNIST_QNN_z_r1_d6_s43;MNIST_QNN_z_r1_d6_s44;MNIST_QNN_z_r1_d6_s45,MNIST_QNN_eff_su2_r1_d2_s43;MNIST_QNN_zz_r1_d6_s44
cross_cell_2,2,45,128,zz_r1_d6,MNIST_QNN_zz_r1_d6_s43;MNIST_QNN_zz_r1_d6_s44;MNIST_QNN_zz_r1_d6_s45,MNIST_QNN_eff_su2_r5_d2_s44;MNIST_QNN_zz_r5_d6_s44
cross_cell_2,2,45,128,zz_r5_d6,MNIST_QNN_zz_r5_d6_s43;MNIST_QNN_zz_r5_d6_s44;MNIST_QNN_zz_r5_d6_s45,MNIST_QNN_eff_su2_r1_d2_s44;MNIST_QNN_eff_su2_r5_d2_s43
cross_cell_2,2,46,128,eff_su2_r1_d2,MNIST_QNN_eff_su2_r1_d2_s43;MNIST_QNN_eff_su2_r1_d2_s44;MNIST_QNN_eff_su2_r1_d2_s45,MNIST_QNN_z_r1_d6_s43;MNIST_QNN_zz_r5_d6_s44
cross_cell_2,2,46,128,eff_su2_r5_d2,MNIST_QNN_eff_su2_r5_d2_s43;MNIST_QNN_eff_su2_r5_d2_s44;MNIST_QNN_eff_su2_r5_d2_s45,MNIST_QNN_eff_su2_r1_d2_s44;MNIST_QNN_zz_r1_d6_s43
cross_cell_2,2,46,128,z_r1_d6,MNIST_QNN_z_r1_d6_s43;MNIST_QNN_z_r1_d6_s44;MNIST_QNN_z_r1_d6_s45,MNIST_QNN_eff_su2_r1_d2_s44;MNIST_QNN_eff_su2_r5_d2_s43
cross_cell_2,2,46,128,zz_r1_d6,MNIST_QNN_zz_r1_d6_s43;MNIST_QNN_zz_r1_d6_s44;MNIST_QNN_zz_r1_d6_s45,MNIST_QNN_z_r1_d6_s44;MNIST_QNN_z_r1_d6_s45
cross_cell_2,2,46,128,zz_r5_d6,MNIST_QNN_zz_r5_d6_s43;MNIST_QNN_zz_r5_d6_s44;MNIST_QNN_zz_r5_d6_s45,MNIST_QNN_z_r1_d6_s43;MNIST_QNN_zz_r1_d6_s43
cross_cell_2,2,47,128,eff_su2_r1_d2,MNIST_QNN_eff_su2_r1_d2_s43;MNIST_QNN_eff_su2_r1_d2_s44;MNIST_QNN_eff_su2_r1_d2_s45,MNIST_QNN_z_r1_d6_s43;MNIST_QNN_zz_r1_d6_s45
cross_cell_2,2,47,128,eff_su2_r5_d2,MNIST_QNN_eff_su2_r5_d2_s43;MNIST_QNN_eff_su2_r5_d2_s44;MNIST_QNN_eff_su2_r5_d2_s45,MNIST_QNN_z_r1_d6_s43;MNIST_QNN_zz_r5_d6_s45
cross_cell_2,2,47,128,z_r1_d6,MNIST_QNN_z_r1_d6_s43;MNIST_QNN_z_r1_d6_s44;MNIST_QNN_z_r1_d6_s45,MNIST_QNN_eff_su2_r1_d2_s44;MNIST_QNN_zz_r1_d6_s44
cross_cell_2,2,47,128,zz_r1_d6,MNIST_QNN_zz_r1_d6_s43;MNIST_QNN_zz_r1_d6_s44;MNIST_QNN_zz_r1_d6_s45,MNIST_QNN_eff_su2_r1_d2_s44;MNIST_QNN_zz_r5_d6_s45
cross_cell_2,2,47,128,zz_r5_d6,MNIST_QNN_zz_r5_d6_s43;MNIST_QNN_zz_r5_d6_s44;MNIST_QNN_zz_r5_d6_s45,MNIST_QNN_eff_su2_r1_d2_s45;MNIST_QNN_zz_r1_d6_s45
cross_cell_2,2,48,128,eff_su2_r1_d2,MNIST_QNN_eff_su2_r1_d2_s43;MNIST_QNN_eff_su2_r1_d2_s44;MNIST_QNN_eff_su2_r1_d2_s45,MNIST_QNN_eff_su2_r5_d2_s44;MNIST_QNN_z_r1_d6_s44
cross_cell_2,2,48,128,eff_su2_r5_d2,MNIST_QNN_eff_su2_r5_d2_s43;MNIST_QNN_eff_su2_r5_d2_s44;MNIST_QNN_eff_su2_r5_d2_s45,MNIST_QNN_zz_r1_d6_s44;MNIST_QNN_zz_r5_d6_s45
cross_cell_2,2,48,128,z_r1_d6,MNIST_QNN_z_r1_d6_s43;MNIST_QNN_z_r1_d6_s44;MNIST_QNN_z_r1_d6_s45,MNIST_QNN_eff_su2_r1_d2_s43;MNIST_QNN_zz_r5_d6_s44
cross_cell_2,2,48,128,zz_r1_d6,MNIST_QNN_zz_r1_d6_s43;MNIST_QNN_zz_r1_d6_s44;MNIST_QNN_zz_r1_d6_s45,MNIST_QNN_eff_su2_r5_d2_s45;MNIST_QNN_zz_r5_d6_s45
cross_cell_2,2,48,128,zz_r5_d6,MNIST_QNN_zz_r5_d6_s43;MNIST_QNN_zz_r5_d6_s44;MNIST_QNN_zz_r5_d6_s45,MNIST_QNN_eff_su2_r5_d2_s43;MNIST_QNN_eff_su2_r5_d2_s44
cross_cell_2,2,49,128,eff_su2_r1_d2,MNIST_QNN_eff_su2_r1_d2_s43;MNIST_QNN_eff_su2_r1_d2_s44;MNIST_QNN_eff_su2_r1_d2_s45,MNIST_QNN_eff_su2_r5_d2_s44;MNIST_QNN_z_r1_d6_s45
cross_cell_2,2,49,128,eff_su2_r5_d2,MNIST_QNN_eff_su2_r5_d2_s43;MNIST_QNN_eff_su2_r5_d2_s44;MNIST_QNN_eff_su2_r5_d2_s45,MNIST_QNN_zz_r5_d6_s44;MNIST_QNN_zz_r5_d6_s45
cross_cell_2,2,49,128,z_r1_d6,MNIST_QNN_z_r1_d6_s43;MNIST_QNN_z_r1_d6_s44;MNIST_QNN_z_r1_d6_s45,MNIST_QNN_eff_su2_r1_d2_s44;MNIST_QNN_zz_r5_d6_s45
cross_cell_2,2,49,128,zz_r1_d6,MNIST_QNN_zz_r1_d6_s43;MNIST_QNN_zz_r1_d6_s44;MNIST_QNN_zz_r1_d6_s45,MNIST_QNN_eff_su2_r1_d2_s44;MNIST_QNN_z_r1_d6_s44
cross_cell_2,2,49,128,zz_r5_d6,MNIST_QNN_zz_r5_d6_s43;MNIST_QNN_zz_r5_d6_s44;MNIST_QNN_zz_r5_d6_s45,MNIST_QNN_z_r1_d6_s44;MNIST_QNN_z_r1_d6_s45
cross_cell_2,2,50,128,eff_su2_r1_d2,MNIST_QNN_eff_su2_r1_d2_s43;MNIST_QNN_eff_su2_r1_d2_s44;MNIST_QNN_eff_su2_r1_d2_s45,MNIST_QNN_eff_su2_r5_d2_s43;MNIST_QNN_zz_r5_d6_s44
cross_cell_2,2,50,128,eff_su2_r5_d2,MNIST_QNN_eff_su2_r5_d2_s43;MNIST_QNN_eff_su2_r5_d2_s44;MNIST_QNN_eff_su2_r5_d2_s45,MNIST_QNN_eff_su2_r1_d2_s45;MNIST_QNN_z_r1_d6_s45
cross_cell_2,2,50,128,z_r1_d6,MNIST_QNN_z_r1_d6_s43;MNIST_QNN_z_r1_d6_s44;MNIST_QNN_z_r1_d6_s45,MNIST_QNN_eff_su2_r5_d2_s45;MNIST_QNN_zz_r5_d6_s43
cross_cell_2,2,50,128,zz_r1_d6,MNIST_QNN_zz_r1_d6_s43;MNIST_QNN_zz_r1_d6_s44;MNIST_QNN_zz_r1_d6_s45,MNIST_QNN_z_r1_d6_s45;MNIST_QNN_zz_r5_d6_s44
cross_cell_2,2,50,128,zz_r5_d6,MNIST_QNN_zz_r5_d6_s43;MNIST_QNN_zz_r5_d6_s44;MNIST_QNN_zz_r5_d6_s45,MNIST_QNN_eff_su2_r1_d2_s43;MNIST_QNN_z_r1_d6_s43
cross_cell_2,2,51,128,eff_su2_r1_d2,MNIST_QNN_eff_su2_r1_d2_s43;MNIST_QNN_eff_su2_r1_d2_s44;MNIST_QNN_eff_su2_r1_d2_s45,MNIST_QNN_z_r1_d6_s44;MNIST_QNN_zz_r5_d6_s43
cross_cell_2,2,51,128,eff_su2_r5_d2,MNIST_QNN_eff_su2_r5_d2_s43;MNIST_QNN_eff_su2_r5_d2_s44;MNIST_QNN_eff_su2_r5_d2_s45,MNIST_QNN_zz_r1_d6_s44;MNIST_QNN_zz_r5_d6_s44
cross_cell_2,2,51,128,z_r1_d6,MNIST_QNN_z_r1_d6_s43;MNIST_QNN_z_r1_d6_s44;MNIST_QNN_z_r1_d6_s45,MNIST_QNN_eff_su2_r1_d2_s43;MNIST_QNN_zz_r5_d6_s45
cross_cell_2,2,51,128,zz_r1_d6,MNIST_QNN_zz_r1_d6_s43;MNIST_QNN_zz_r1_d6_s44;MNIST_QNN_zz_r1_d6_s45,MNIST_QNN_eff_su2_r1_d2_s43;MNIST_QNN_eff_su2_r1_d2_s44
cross_cell_2,2,51,128,zz_r5_d6,MNIST_QNN_zz_r5_d6_s43;MNIST_QNN_zz_r5_d6_s44;MNIST_QNN_zz_r5_d6_s45,MNIST_QNN_eff_su2_r5_d2_s44;MNIST_QNN_zz_r1_d6_s45
cross_cell_2,2,52,128,eff_su2_r1_d2,MNIST_QNN_eff_su2_r1_d2_s43;MNIST_QNN_eff_su2_r1_d2_s44;MNIST_QNN_eff_su2_r1_d2_s45,MNIST_QNN_zz_r1_d6_s45;MNIST_QNN_zz_r5_d6_s45
cross_cell_2,2,52,128,eff_su2_r5_d2,MNIST_QNN_eff_su2_r5_d2_s43;MNIST_QNN_eff_su2_r5_d2_s44;MNIST_QNN_eff_su2_r5_d2_s45,MNIST_QNN_z_r1_d6_s44;MNIST_QNN_zz_r1_d6_s43
cross_cell_2,2,52,128,z_r1_d6,MNIST_QNN_z_r1_d6_s43;MNIST_QNN_z_r1_d6_s44;MNIST_QNN_z_r1_d6_s45,MNIST_QNN_eff_su2_r1_d2_s45;MNIST_QNN_zz_r1_d6_s45
cross_cell_2,2,52,128,zz_r1_d6,MNIST_QNN_zz_r1_d6_s43;MNIST_QNN_zz_r1_d6_s44;MNIST_QNN_zz_r1_d6_s45,MNIST_QNN_eff_su2_r1_d2_s44;MNIST_QNN_z_r1_d6_s45
cross_cell_2,2,52,128,zz_r5_d6,MNIST_QNN_zz_r5_d6_s43;MNIST_QNN_zz_r5_d6_s44;MNIST_QNN_zz_r5_d6_s45,MNIST_QNN_z_r1_d6_s43;MNIST_QNN_z_r1_d6_s45
cross_cell_2,2,53,128,eff_su2_r1_d2,MNIST_QNN_eff_su2_r1_d2_s43;MNIST_QNN_eff_su2_r1_d2_s44;MNIST_QNN_eff_su2_r1_d2_s45,MNIST_QNN_eff_su2_r5_d2_s43;MNIST_QNN_zz_r5_d6_s45
cross_cell_2,2,53,128,eff_su2_r5_d2,MNIST_QNN_eff_su2_r5_d2_s43;MNIST_QNN_eff_su2_r5_d2_s44;MNIST_QNN_eff_su2_r5_d2_s45,MNIST_QNN_z_r1_d6_s44;MNIST_QNN_zz_r5_d6_s44
cross_cell_2,2,53,128,z_r1_d6,MNIST_QNN_z_r1_d6_s43;MNIST_QNN_z_r1_d6_s44;MNIST_QNN_z_r1_d6_s45,MNIST_QNN_eff_su2_r5_d2_s43;MNIST_QNN_zz_r5_d6_s45
cross_cell_2,2,53,128,zz_r1_d6,MNIST_QNN_zz_r1_d6_s43;MNIST_QNN_zz_r1_d6_s44;MNIST_QNN_zz_r1_d6_s45,MNIST_QNN_eff_su2_r1_d2_s43;MNIST_QNN_eff_su2_r5_d2_s43
cross_cell_2,2,53,128,zz_r5_d6,MNIST_QNN_zz_r5_d6_s43;MNIST_QNN_zz_r5_d6_s44;MNIST_QNN_zz_r5_d6_s45,MNIST_QNN_eff_su2_r5_d2_s45;MNIST_QNN_z_r1_d6_s44
cross_cell_2,2,54,128,eff_su2_r1_d2,MNIST_QNN_eff_su2_r1_d2_s43;MNIST_QNN_eff_su2_r1_d2_s44;MNIST_QNN_eff_su2_r1_d2_s45,MNIST_QNN_z_r1_d6_s45;MNIST_QNN_zz_r1_d6_s44
cross_cell_2,2,54,128,eff_su2_r5_d2,MNIST_QNN_eff_su2_r5_d2_s43;MNIST_QNN_eff_su2_r5_d2_s44;MNIST_QNN_eff_su2_r5_d2_s45,MNIST_QNN_eff_su2_r1_d2_s45;MNIST_QNN_zz_r5_d6_s45
cross_cell_2,2,54,128,z_r1_d6,MNIST_QNN_z_r1_d6_s43;MNIST_QNN_z_r1_d6_s44;MNIST_QNN_z_r1_d6_s45,MNIST_QNN_eff_su2_r5_d2_s44;MNIST_QNN_zz_r5_d6_s45
cross_cell_2,2,54,128,zz_r1_d6,MNIST_QNN_zz_r1_d6_s43;MNIST_QNN_zz_r1_d6_s44;MNIST_QNN_zz_r1_d6_s45,MNIST_QNN_eff_su2_r5_d2_s43;MNIST_QNN_zz_r5_d6_s45
cross_cell_2,2,54,128,zz_r5_d6,MNIST_QNN_zz_r5_d6_s43;MNIST_QNN_zz_r5_d6_s44;MNIST_QNN_zz_r5_d6_s45,MNIST_QNN_z_r1_d6_s43;MNIST_QNN_zz_r1_d6_s45
cross_cell_2,2,55,128,eff_su2_r1_d2,MNIST_QNN_eff_su2_r1_d2_s43;MNIST_QNN_eff_su2_r1_d2_s44;MNIST_QNN_eff_su2_r1_d2_s45,MNIST_QNN_z_r1_d6_s44;MNIST_QNN_zz_r5_d6_s44
cross_cell_2,2,55,128,eff_su2_r5_d2,MNIST_QNN_eff_su2_r5_d2_s43;MNIST_QNN_eff_su2_r5_d2_s44;MNIST_QNN_eff_su2_r5_d2_s45,MNIST_QNN_z_r1_d6_s45;MNIST_QNN_zz_r5_d6_s45
cross_cell_2,2,55,128,z_r1_d6,MNIST_QNN_z_r1_d6_s43;MNIST_QNN_z_r1_d6_s44;MNIST_QNN_z_r1_d6_s45,MNIST_QNN_eff_su2_r1_d2_s45;MNIST_QNN_zz_r5_d6_s44
cross_cell_2,2,55,128,zz_r1_d6,MNIST_QNN_zz_r1_d6_s43;MNIST_QNN_zz_r1_d6_s44;MNIST_QNN_zz_r1_d6_s45,MNIST_QNN_eff_su2_r5_d2_s44;MNIST_QNN_z_r1_d6_s44
cross_cell_2,2,55,128,zz_r5_d6,MNIST_QNN_zz_r5_d6_s43;MNIST_QNN_zz_r5_d6_s44;MNIST_QNN_zz_r5_d6_s45,MNIST_QNN_eff_su2_r5_d2_s45;MNIST_QNN_z_r1_d6_s43
cross_cell_2,2,56,128,eff_su2_r1_d2,MNIST_QNN_eff_su2_r1_d2_s43;MNIST_QNN_eff_su2_r1_d2_s44;MNIST_QNN_eff_su2_r1_d2_s45,MNIST_QNN_eff_su2_r5_d2_s43;MNIST_QNN_z_r1_d6_s44
cross_cell_2,2,56,128,eff_su2_r5_d2,MNIST_QNN_eff_su2_r5_d2_s43;MNIST_QNN_eff_su2_r5_d2_s44;MNIST_QNN_eff_su2_r5_d2_s45,MNIST_QNN_z_r1_d6_s43;MNIST_QNN_zz_r5_d6_s43
cross_cell_2,2,56,128,z_r1_d6,MNIST_QNN_z_r1_d6_s43;MNIST_QNN_z_r1_d6_s44;MNIST_QNN_z_r1_d6_s45,MNIST_QNN_eff_su2_r5_d2_s45;MNIST_QNN_zz_r5_d6_s45
cross_cell_2,2,56,128,zz_r1_d6,MNIST_QNN_zz_r1_d6_s43;MNIST_QNN_zz_r1_d6_s44;MNIST_QNN_zz_r1_d6_s45,MNIST_QNN_z_r1_d6_s45;MNIST_QNN_zz_r5_d6_s45
cross_cell_2,2,56,128,zz_r5_d6,MNIST_QNN_zz_r5_d6_s43;MNIST_QNN_zz_r5_d6_s44;MNIST_QNN_zz_r5_d6_s45,MNIST_QNN_zz_r1_d6_s43;MNIST_QNN_zz_r1_d6_s45
cross_cell_2,2,57,128,eff_su2_r1_d2,MNIST_QNN_eff_su2_r1_d2_s43;MNIST_QNN_eff_su2_r1_d2_s44;MNIST_QNN_eff_su2_r1_d2_s45,MNIST_QNN_eff_su2_r5_d2_s43;MNIST_QNN_eff_su2_r5_d2_s45
cross_cell_2,2,57,128,eff_su2_r5_d2,MNIST_QNN_eff_su2_r5_d2_s43;MNIST_QNN_eff_su2_r5_d2_s44;MNIST_QNN_eff_su2_r5_d2_s45,MNIST_QNN_eff_su2_r1_d2_s43;MNIST_QNN_eff_su2_r1_d2_s44
cross_cell_2,2,57,128,z_r1_d6,MNIST_QNN_z_r1_d6_s43;MNIST_QNN_z_r1_d6_s44;MNIST_QNN_z_r1_d6_s45,MNIST_QNN_eff_su2_r5_d2_s43;MNIST_QNN_zz_r1_d6_s45
cross_cell_2,2,57,128,zz_r1_d6,MNIST_QNN_zz_r1_d6_s43;MNIST_QNN_zz_r1_d6_s44;MNIST_QNN_zz_r1_d6_s45,MNIST_QNN_z_r1_d6_s44;MNIST_QNN_zz_r5_d6_s43
cross_cell_2,2,57,128,zz_r5_d6,MNIST_QNN_zz_r5_d6_s43;MNIST_QNN_zz_r5_d6_s44;MNIST_QNN_zz_r5_d6_s45,MNIST_QNN_eff_su2_r1_d2_s43;MNIST_QNN_eff_su2_r5_d2_s43
cross_cell_2,2,58,128,eff_su2_r1_d2,MNIST_QNN_eff_su2_r1_d2_s43;MNIST_QNN_eff_su2_r1_d2_s44;MNIST_QNN_eff_su2_r1_d2_s45,MNIST_QNN_zz_r1_d6_s44;MNIST_QNN_zz_r5_d6_s44
cross_cell_2,2,58,128,eff_su2_r5_d2,MNIST_QNN_eff_su2_r5_d2_s43;MNIST_QNN_eff_su2_r5_d2_s44;MNIST_QNN_eff_su2_r5_d2_s45,MNIST_QNN_eff_su2_r1_d2_s43;MNIST_QNN_z_r1_d6_s43
cross_cell_2,2,58,128,z_r1_d6,MNIST_QNN_z_r1_d6_s43;MNIST_QNN_z_r1_d6_s44;MNIST_QNN_z_r1_d6_s45,MNIST_QNN_eff_su2_r1_d2_s45;MNIST_QNN_zz_r1_d6_s43
cross_cell_2,2,58,128,zz_r1_d6,MNIST_QNN_zz_r1_d6_s43;MNIST_QNN_zz_r1_d6_s44;MNIST_QNN_zz_r1_d6_s45,MNIST_QNN_eff_su2_r5_d2_s44;MNIST_QNN_zz_r5_d6_s43
cross_cell_2,2,58,128,zz_r5_d6,MNIST_QNN_zz_r5_d6_s43;MNIST_QNN_zz_r5_d6_s44;MNIST_QNN_zz_r5_d6_s45,MNIST_QNN_eff_su2_r1_d2_s43;MNIST_QNN_eff_su2_r5_d2_s45
cross_cell_2,2,59,128,eff_su2_r1_d2,MNIST_QNN_eff_su2_r1_d2_s43;MNIST_QNN_eff_su2_r1_d2_s44;MNIST_QNN_eff_su2_r1_d2_s45,MNIST_QNN_eff_su2_r5_d2_s43;MNIST_QNN_zz_r5_d6_s43
cross_cell_2,2,59,128,eff_su2_r5_d2,MNIST_QNN_eff_su2_r5_d2_s43;MNIST_QNN_eff_su2_r5_d2_s44;MNIST_QNN_eff_su2_r5_d2_s45,MNIST_QNN_eff_su2_r1_d2_s43;MNIST_QNN_z_r1_d6_s44
cross_cell_2,2,59,128,z_r1_d6,MNIST_QNN_z_r1_d6_s43;MNIST_QNN_z_r1_d6_s44;MNIST_QNN_z_r1_d6_s45,MNIST_QNN_zz_r1_d6_s45;MNIST_QNN_zz_r5_d6_s44
cross_cell_2,2,59,128,zz_r1_d6,MNIST_QNN_zz_r1_d6_s43;MNIST_QNN_zz_r1_d6_s44;MNIST_QNN_zz_r1_d6_s45,MNIST_QNN_eff_su2_r1_d2_s44;MNIST_QNN_z_r1_d6_s43
cross_cell_2,2,59,128,zz_r5_d6,MNIST_QNN_zz_r5_d6_s43;MNIST_QNN_zz_r5_d6_s44;MNIST_QNN_zz_r5_d6_s45,MNIST_QNN_eff_su2_r1_d2_s44;MNIST_QNN_eff_su2_r5_d2_s44
cross_cell_2,2,60,128,eff_su2_r1_d2,MNIST_QNN_eff_su2_r1_d2_s43;MNIST_QNN_eff_su2_r1_d2_s44;MNIST_QNN_eff_su2_r1_d2_s45,MNIST_QNN_eff_su2_r5_d2_s44;MNIST_QNN_z_r1_d6_s43
cross_cell_2,2,60,128,eff_su2_r5_d2,MNIST_QNN_eff_su2_r5_d2_s43;MNIST_QNN_eff_su2_r5_d2_s44;MNIST_QNN_eff_su2_r5_d2_s45,MNIST_QNN_z_r1_d6_s45;MNIST_QNN_zz_r5_d6_s44
cross_cell_2,2,60,128,z_r1_d6,MNIST_QNN_z_r1_d6_s43;MNIST_QNN_z_r1_d6_s44;MNIST_QNN_z_r1_d6_s45,MNIST_QNN_zz_r1_d6_s44;MNIST_QNN_zz_r5_d6_s45
cross_cell_2,2,60,128,zz_r1_d6,MNIST_QNN_zz_r1_d6_s43;MNIST_QNN_zz_r1_d6_s44;MNIST_QNN_zz_r1_d6_s45,MNIST_QNN_z_r1_d6_s44;MNIST_QNN_zz_r5_d6_s45
cross_cell_2,2,60,128,zz_r5_d6,MNIST_QNN_zz_r5_d6_s43;MNIST_QNN_zz_r5_d6_s44;MNIST_QNN_zz_r5_d6_s45,MNIST_QNN_eff_su2_r1_d2_s43;MNIST_QNN_eff_su2_r1_d2_s44
cross_cell_2,2,61,128,eff_su2_r1_d2,MNIST_QNN_eff_su2_r1_d2_s43;MNIST_QNN_eff_su2_r1_d2_s44;MNIST_QNN_eff_su2_r1_d2_s45,MNIST_QNN_z_r1_d6_s45;MNIST_QNN_zz_r5_d6_s43
cross_cell_2,2,61,128,eff_su2_r5_d2,MNIST_QNN_eff_su2_r5_d2_s43;MNIST_QNN_eff_su2_r5_d2_s44;MNIST_QNN_eff_su2_r5_d2_s45,MNIST_QNN_eff_su2_r1_d2_s45;MNIST_QNN_zz_r5_d6_s44
cross_cell_2,2,61,128,z_r1_d6,MNIST_QNN_z_r1_d6_s43;MNIST_QNN_z_r1_d6_s44;MNIST_QNN_z_r1_d6_s45,MNIST_QNN_eff_su2_r1_d2_s44;MNIST_QNN_eff_su2_r5_d2_s45
cross_cell_2,2,61,128,zz_r1_d6,MNIST_QNN_zz_r1_d6_s43;MNIST_QNN_zz_r1_d6_s44;MNIST_QNN_zz_r1_d6_s45,MNIST_QNN_eff_su2_r5_d2_s43;MNIST_QNN_z_r1_d6_s43
cross_cell_2,2,61,128,zz_r5_d6,MNIST_QNN_zz_r5_d6_s43;MNIST_QNN_zz_r5_d6_s44;MNIST_QNN_zz_r5_d6_s45,MNIST_QNN_eff_su2_r1_d2_s43;MNIST_QNN_zz_r1_d6_s45
cross_cell_2,2,62,128,eff_su2_r1_d2,MNIST_QNN_eff_su2_r1_d2_s43;MNIST_QNN_eff_su2_r1_d2_s44;MNIST_QNN_eff_su2_r1_d2_s45,MNIST_QNN_zz_r5_d6_s43;MNIST_QNN_zz_r5_d6_s44
cross_cell_2,2,62,128,eff_su2_r5_d2,MNIST_QNN_eff_su2_r5_d2_s43;MNIST_QNN_eff_su2_r5_d2_s44;MNIST_QNN_eff_su2_r5_d2_s45,MNIST_QNN_z_r1_d6_s44;MNIST_QNN_zz_r1_d6_s45
cross_cell_2,2,62,128,z_r1_d6,MNIST_QNN_z_r1_d6_s43;MNIST_QNN_z_r1_d6_s44;MNIST_QNN_z_r1_d6_s45,MNIST_QNN_eff_su2_r1_d2_s45;MNIST_QNN_zz_r5_d6_s45
cross_cell_2,2,62,128,zz_r1_d6,MNIST_QNN_zz_r1_d6_s43;MNIST_QNN_zz_r1_d6_s44;MNIST_QNN_zz_r1_d6_s45,MNIST_QNN_eff_su2_r5_d2_s43;MNIST_QNN_zz_r5_d6_s44
cross_cell_2,2,62,128,zz_r5_d6,MNIST_QNN_zz_r5_d6_s43;MNIST_QNN_zz_r5_d6_s44;MNIST_QNN_zz_r5_d6_s45,MNIST_QNN_eff_su2_r1_d2_s45;MNIST_QNN_zz_r1_d6_s44
cross_cell_2,2,63,128,eff_su2_r1_d2,MNIST_QNN_eff_su2_r1_d2_s43;MNIST_QNN_eff_su2_r1_d2_s44;MNIST_QNN_eff_su2_r1_d2_s45,MNIST_QNN_eff_su2_r5_d2_s43;MNIST_QNN_zz_r1_d6_s43
cross_cell_2,2,63,128,eff_su2_r5_d2,MNIST_QNN_eff_su2_r5_d2_s43;MNIST_QNN_eff_su2_r5_d2_s44;MNIST_QNN_eff_su2_r5_d2_s45,MNIST_QNN_eff_su2_r1_d2_s45;MNIST_QNN_zz_r1_d6_s43
cross_cell_2,2,63,128,z_r1_d6,MNIST_QNN_z_r1_d6_s43;MNIST_QNN_z_r1_d6_s44;MNIST_QNN_z_r1_d6_s45,MNIST_QNN_zz_r1_d6_s45;MNIST_QNN_zz_r5_d6_s45
cross_cell_2,2,63,128,zz_r1_d6,MNIST_QNN_zz_r1_d6_s43;MNIST_QNN_zz_r1_d6_s44;MNIST_QNN_zz_r1_d6_s45,MNIST_QNN_z_r1_d6_s43;MNIST_QNN_z_r1_d6_s44
cross_cell_2,2,63,128,zz_r5_d6,MNIST_QNN_zz_r5_d6_s43;MNIST_QNN_zz_r5_d6_s44;MNIST_QNN_zz_r5_d6_s45,MNIST_QNN_eff_su2_r1_d2_s45;MNIST_QNN_z_r1_d6_s45
cross_cell_2,2,64,128,eff_su2_r1_d2,MNIST_QNN_eff_su2_r1_d2_s43;MNIST_QNN_eff_su2_r1_d2_s44;MNIST_QNN_eff_su2_r1_d2_s45,MNIST_QNN_z_r1_d6_s43;MNIST_QNN_zz_r1_d6_s44
cross_cell_2,2,64,128,eff_su2_r5_d2,MNIST_QNN_eff_su2_r5_d2_s43;MNIST_QNN_eff_su2_r5_d2_s44;MNIST_QNN_eff_su2_r5_d2_s45,MNIST_QNN_z_r1_d6_s43;MNIST_QNN_zz_r1_d6_s45
cross_cell_2,2,64,128,z_r1_d6,MNIST_QNN_z_r1_d6_s43;MNIST_QNN_z_r1_d6_s44;MNIST_QNN_z_r1_d6_s45,MNIST_QNN_eff_su2_r1_d2_s44;MNIST_QNN_eff_su2_r1_d2_s45
cross_cell_2,2,64,128,zz_r1_d6,MNIST_QNN_zz_r1_d6_s43;MNIST_QNN_zz_r1_d6_s44;MNIST_QNN_zz_r1_d6_s45,MNIST_QNN_eff_su2_r1_d2_s45;MNIST_QNN_zz_r5_d6_s44
cross_cell_2,2,64,128,zz_r5_d6,MNIST_QNN_zz_r5_d6_s43;MNIST_QNN_zz_r5_d6_s44;MNIST_QNN_zz_r5_d6_s45,MNIST_QNN_eff_su2_r5_d2_s43;MNIST_QNN_zz_r1_d6_s44
cross_cell_2,2,65,128,eff_su2_r1_d2,MNIST_QNN_eff_su2_r1_d2_s43;MNIST_QNN_eff_su2_r1_d2_s44;MNIST_QNN_eff_su2_r1_d2_s45,MNIST_QNN_eff_su2_r5_d2_s44;MNIST_QNN_zz_r5_d6_s45
cross_cell_2,2,65,128,eff_su2_r5_d2,MNIST_QNN_eff_su2_r5_d2_s43;MNIST_QNN_eff_su2_r5_d2_s44;MNIST_QNN_eff_su2_r5_d2_s45,MNIST_QNN_eff_su2_r1_d2_s44;MNIST_QNN_zz_r1_d6_s45
cross_cell_2,2,65,128,z_r1_d6,MNIST_QNN_z_r1_d6_s43;MNIST_QNN_z_r1_d6_s44;MNIST_QNN_z_r1_d6_s45,MNIST_QNN_zz_r5_d6_s43;MNIST_QNN_zz_r5_d6_s45
cross_cell_2,2,65,128,zz_r1_d6,MNIST_QNN_zz_r1_d6_s43;MNIST_QNN_zz_r1_d6_s44;MNIST_QNN_zz_r1_d6_s45,MNIST_QNN_eff_su2_r1_d2_s45;MNIST_QNN_eff_su2_r5_d2_s45
cross_cell_2,2,65,128,zz_r5_d6,MNIST_QNN_zz_r5_d6_s43;MNIST_QNN_zz_r5_d6_s44;MNIST_QNN_zz_r5_d6_s45,MNIST_QNN_eff_su2_r1_d2_s44;MNIST_QNN_eff_su2_r5_d2_s45
cross_cell_4,4,0,128,eff_su2_r1_d2,MNIST_QNN_eff_su2_r1_d2_s43;MNIST_QNN_eff_su2_r1_d2_s44;MNIST_QNN_eff_su2_r1_d2_s45,MNIST_QNN_eff_su2_r5_d2_s43;MNIST_QNN_eff_su2_r5_d2_s44;MNIST_QNN_z_r1_d6_s45;MNIST_QNN_zz_r5_d6_s43
cross_cell_4,4,0,128,eff_su2_r5_d2,MNIST_QNN_eff_su2_r5_d2_s43;MNIST_QNN_eff_su2_r5_d2_s44;MNIST_QNN_eff_su2_r5_d2_s45,MNIST_QNN_eff_su2_r1_d2_s43;MNIST_QNN_eff_su2_r1_d2_s44;MNIST_QNN_zz_r1_d6_s44;MNIST_QNN_zz_r5_d6_s44
cross_cell_4,4,0,128,z_r1_d6,MNIST_QNN_z_r1_d6_s43;MNIST_QNN_z_r1_d6_s44;MNIST_QNN_z_r1_d6_s45,MNIST_QNN_eff_su2_r1_d2_s43;MNIST_QNN_eff_su2_r1_d2_s44;MNIST_QNN_eff_su2_r5_d2_s43;MNIST_QNN_eff_su2_r5_d2_s44
cross_cell_4,4,0,128,zz_r1_d6,MNIST_QNN_zz_r1_d6_s43;MNIST_QNN_zz_r1_d6_s44;MNIST_QNN_zz_r1_d6_s45,MNIST_QNN_eff_su2_r1_d2_s43;MNIST_QNN_eff_su2_r1_d2_s44;MNIST_QNN_eff_su2_r1_d2_s45;MNIST_QNN_z_r1_d6_s45
cross_cell_4,4,0,128,zz_r5_d6,MNIST_QNN_zz_r5_d6_s43;MNIST_QNN_zz_r5_d6_s44;MNIST_QNN_zz_r5_d6_s45,MNIST_QNN_eff_su2_r1_d2_s43;MNIST_QNN_eff_su2_r1_d2_s44;MNIST_QNN_eff_su2_r1_d2_s45;MNIST_QNN_eff_su2_r5_d2_s43
cross_cell_4,4,1,128,eff_su2_r1_d2,MNIST_QNN_eff_su2_r1_d2_s43;MNIST_QNN_eff_su2_r1_d2_s44;MNIST_QNN_eff_su2_r1_d2_s45,MNIST_QNN_eff_su2_r5_d2_s43;MNIST_QNN_eff_su2_r5_d2_s44;MNIST_QNN_zz_r1_d6_s45;MNIST_QNN_zz_r5_d6_s44
cross_cell_4,4,1,128,eff_su2_r5_d2,MNIST_QNN_eff_su2_r5_d2_s43;MNIST_QNN_eff_su2_r5_d2_s44;MNIST_QNN_eff_su2_r5_d2_s45,MNIST_QNN_eff_su2_r1_d2_s43;MNIST_QNN_eff_su2_r1_d2_s44;MNIST_QNN_zz_r1_d6_s45;MNIST_QNN_zz_r5_d6_s44
cross_cell_4,4,1,128,z_r1_d6,MNIST_QNN_z_r1_d6_s43;MNIST_QNN_z_r1_d6_s44;MNIST_QNN_z_r1_d6_s45,MNIST_QNN_eff_su2_r1_d2_s43;MNIST_QNN_eff_su2_r1_d2_s44;MNIST_QNN_eff_su2_r5_d2_s43;MNIST_QNN_zz_r1_d6_s43
cross_cell_4,4,1,128,zz_r1_d6,MNIST_QNN_zz_r1_d6_s43;MNIST_QNN_zz_r1_d6_s44;MNIST_QNN_zz_r1_d6_s45,MNIST_QNN_eff_su2_r1_d2_s43;MNIST_QNN_eff_su2_r1_d2_s44;MNIST_QNN_eff_su2_r5_d2_s43;MNIST_QNN_z_r1_d6_s45
cross_cell_4,4,1,128,zz_r5_d6,MNIST_QNN_zz_r5_d6_s43;MNIST_QNN_zz_r5_d6_s44;MNIST_QNN_zz_r5_d6_s45,MNIST_QNN_eff_su2_r1_d2_s43;MNIST_QNN_eff_su2_r1_d2_s44;MNIST_QNN_eff_su2_r5_d2_s43;MNIST_QNN_z_r1_d6_s44
cross_cell_4,4,2,128,eff_su2_r1_d2,MNIST_QNN_eff_su2_r1_d2_s43;MNIST_QNN_eff_su2_r1_d2_s44;MNIST_QNN_eff_su2_r1_d2_s45,MNIST_QNN_eff_su2_r5_d2_s43;MNIST_QNN_eff_su2_r5_d2_s45;MNIST_QNN_zz_r1_d6_s43;MNIST_QNN_zz_r5_d6_s44
cross_cell_4,4,2,128,eff_su2_r5_d2,MNIST_QNN_eff_su2_r5_d2_s43;MNIST_QNN_eff_su2_r5_d2_s44;MNIST_QNN_eff_su2_r5_d2_s45,MNIST_QNN_eff_su2_r1_d2_s43;MNIST_QNN_eff_su2_r1_d2_s44;MNIST_QNN_zz_r5_d6_s43;MNIST_QNN_zz_r5_d6_s45
cross_cell_4,4,2,128,z_r1_d6,MNIST_QNN_z_r1_d6_s43;MNIST_QNN_z_r1_d6_s44;MNIST_QNN_z_r1_d6_s45,MNIST_QNN_eff_su2_r1_d2_s43;MNIST_QNN_eff_su2_r1_d2_s44;MNIST_QNN_eff_su2_r5_d2_s44;MNIST_QNN_zz_r5_d6_s44
cross_cell_4,4,2,128,zz_r1_d6,MNIST_QNN_zz_r1_d6_s43;MNIST_QNN_zz_r1_d6_s44;MNIST_QNN_zz_r1_d6_s45,MNIST_QNN_eff_su2_r1_d2_s43;MNIST_QNN_eff_su2_r1_d2_s44;MNIST_QNN_eff_su2_r5_d2_s45;MNIST_QNN_zz_r5_d6_s43
cross_cell_4,4,2,128,zz_r5_d6,MNIST_QNN_zz_r5_d6_s43;MNIST_QNN_zz_r5_d6_s44;MNIST_QNN_zz_r5_d6_s45,MNIST_QNN_eff_su2_r1_d2_s43;MNIST_QNN_eff_su2_r1_d2_s44;MNIST_QNN_eff_su2_r5_d2_s43;MNIST_QNN_z_r1_d6_s45
cross_cell_4,4,3,128,eff_su2_r1_d2,MNIST_QNN_eff_su2_r1_d2_s43;MNIST_QNN_eff_su2_r1_d2_s44;MNIST_QNN_eff_su2_r1_d2_s45,MNIST_QNN_eff_su2_r5_d2_s43;MNIST_QNN_z_r1_d6_s44;MNIST_QNN_zz_r1_d6_s43;MNIST_QNN_zz_r5_d6_s43
cross_cell_4,4,3,128,eff_su2_r5_d2,MNIST_QNN_eff_su2_r5_d2_s43;MNIST_QNN_eff_su2_r5_d2_s44;MNIST_QNN_eff_su2_r5_d2_s45,MNIST_QNN_eff_su2_r1_d2_s43;MNIST_QNN_eff_su2_r1_d2_s45;MNIST_QNN_z_r1_d6_s43;MNIST_QNN_z_r1_d6_s45
cross_cell_4,4,3,128,z_r1_d6,MNIST_QNN_z_r1_d6_s43;MNIST_QNN_z_r1_d6_s44;MNIST_QNN_z_r1_d6_s45,MNIST_QNN_eff_su2_r1_d2_s43;MNIST_QNN_eff_su2_r1_d2_s44;MNIST_QNN_zz_r1_d6_s43;MNIST_QNN_zz_r5_d6_s44
cross_cell_4,4,3,128,zz_r1_d6,MNIST_QNN_zz_r1_d6_s43;MNIST_QNN_zz_r1_d6_s44;MNIST_QNN_zz_r1_d6_s45,MNIST_QNN_eff_su2_r1_d2_s43;MNIST_QNN_eff_su2_r1_d2_s45;MNIST_QNN_z_r1_d6_s43;MNIST_QNN_zz_r5_d6_s43
cross_cell_4,4,3,128,zz_r5_d6,MNIST_QNN_zz_r5_d6_s43;MNIST_QNN_zz_r5_d6_s44;MNIST_QNN_zz_r5_d6_s45,MNIST_QNN_eff_su2_r1_d2_s43;MNIST_QNN_eff_su2_r1_d2_s44;MNIST_QNN_eff_su2_r5_d2_s44;MNIST_QNN_z_r1_d6_s44
cross_cell_4,4,4,128,eff_su2_r1_d2,MNIST_QNN_eff_su2_r1_d2_s43;MNIST_QNN_eff_su2_r1_d2_s44;MNIST_QNN_eff_su2_r1_d2_s45,MNIST_QNN_eff_su2_r5_d2_s43;MNIST_QNN_z_r1_d6_s44;MNIST_QNN_zz_r1_d6_s44;MNIST_QNN_zz_r1_d6_s45
cross_cell_4,4,4,128,eff_su2_r5_d2,MNIST_QNN_eff_su2_r5_d2_s43;MNIST_QNN_eff_su2_r5_d2_s44;MNIST_QNN_eff_su2_r5_d2_s45,MNIST_QNN_eff_su2_r1_d2_s43;MNIST_QNN_eff_su2_r1_d2_s45;MNIST_QNN_zz_r1_d6_s43;MNIST_QNN_zz_r1_d6_s45
cross_cell_4,4,4,128,z_r1_d6,MNIST_QNN_z_r1_d6_s43;MNIST_QNN_z_r1_d6_s44;MNIST_QNN_z_r1_d6_s45,MNIST_QNN_eff_su2_r1_d2_s43;MNIST_QNN_eff_su2_r1_d2_s44;MNIST_QNN_zz_r5_d6_s43;MNIST_QNN_zz_r5_d6_s44
cross_cell_4,4,4,128,zz_r1_d6,MNIST_QNN_zz_r1_d6_s43;MNIST_QNN_zz_r1_d6_s44;MNIST_QNN_zz_r1_d6_s45,MNIST_QNN_eff_su2_r1_d2_s43;MNIST_QNN_eff_su2_r1_d2_s45;MNIST_QNN_zz_r5_d6_s43;MNIST_QNN_zz_r5_d6_s44
cross_cell_4,4,4,128,zz_r5_d6,MNIST_QNN_zz_r5_d6_s43;MNIST_QNN_zz_r5_d6_s44;MNIST_QNN_zz_r5_d6_s45,MNIST_QNN_eff_su2_r1_d2_s43;MNIST_QNN_eff_su2_r1_d2_s44;MNIST_QNN_z_r1_d6_s45;MNIST_QNN_zz_r1_d6_s43
cross_cell_4,4,5,128,eff_su2_r1_d2,MNIST_QNN_eff_su2_r1_d2_s43;MNIST_QNN_eff_su2_r1_d2_s44;MNIST_QNN_eff_su2_r1_d2_s45,MNIST_QNN_eff_su2_r5_d2_s43;MNIST_QNN_z_r1_d6_s44;MNIST_QNN_zz_r5_d6_s43;MNIST_QNN_zz_r5_d6_s44
cross_cell_4,4,5,128,eff_su2_r5_d2,MNIST_QNN_eff_su2_r5_d2_s43;MNIST_QNN_eff_su2_r5_d2_s44;MNIST_QNN_eff_su2_r5_d2_s45,MNIST_QNN_eff_su2_r1_d2_s43;MNIST_QNN_z_r1_d6_s43;MNIST_QNN_zz_r1_d6_s45;MNIST_QNN_zz_r5_d6_s45
cross_cell_4,4,5,128,z_r1_d6,MNIST_QNN_z_r1_d6_s43;MNIST_QNN_z_r1_d6_s44;MNIST_QNN_z_r1_d6_s45,MNIST_QNN_eff_su2_r1_d2_s43;MNIST_QNN_eff_su2_r1_d2_s45;MNIST_QNN_eff_su2_r5_d2_s45;MNIST_QNN_zz_r5_d6_s43
cross_cell_4,4,5,128,zz_r1_d6,MNIST_QNN_zz_r1_d6_s43;MNIST_QNN_zz_r1_d6_s44;MNIST_QNN_zz_r1_d6_s45,MNIST_QNN_eff_su2_r1_d2_s43;MNIST_QNN_eff_su2_r5_d2_s43;MNIST_QNN_eff_su2_r5_d2_s44;MNIST_QNN_eff_su2_r5_d2_s45
cross_cell_4,4,5,128,zz_r5_d6,MNIST_QNN_zz_r5_d6_s43;MNIST_QNN_zz_r5_d6_s44;MNIST_QNN_zz_r5_d6_s45,MNIST_QNN_eff_su2_r1_d2_s43;MNIST_QNN_eff_su2_r1_d2_s45;MNIST_QNN_eff_su2_r5_d2_s44;MNIST_QNN_zz_r1_d6_s43
cross_cell_4,4,6,128,eff_su2_r1_d2,MNIST_QNN_eff_su2_r1_d2_s43;MNIST_QNN_eff_su2_r1_d2_s44;MNIST_QNN_eff_su2_r1_d2_s45,MNIST_QNN_eff_su2_r5_d2_s43;MNIST_QNN_z_r1_d6_s45;MNIST_QNN_zz_r1_d6_s43;MNIST_QNN_zz_r5_d6_s44
cross_cell_4,4,6,128,eff_su2_r5_d2,MNIST_QNN_eff_su2_r5_d2_s43;MNIST_QNN_eff_su2_r5_d2_s44;MNIST_QNN_eff_su2_r5_d2_s45,MNIST_QNN_eff_su2_r1_d2_s43;MNIST_QNN_z_r1_d6_s44;MNIST_QNN_z_r1_d6_s45;MNIST_QNN_zz_r5_d6_s45
cross_cell_4,4,6,128,z_r1_d6,MNIST_QNN_z_r1_d6_s43;MNIST_QNN_z_r1_d6_s44;MNIST_QNN_z_r1_d6_s45,MNIST_QNN_eff_su2_r1_d2_s43;MNIST_QNN_eff_su2_r1_d2_s45;MNIST_QNN_eff_su2_r5_d2_s45;MNIST_QNN_zz_r5_d6_s45
cross_cell_4,4,6,128,zz_r1_d6,MNIST_QNN_zz_r1_d6_s43;MNIST_QNN_zz_r1_d6_s44;MNIST_QNN_zz_r1_d6_s45,MNIST_QNN_eff_su2_r1_d2_s43;MNIST_QNN_eff_su2_r5_d2_s43;MNIST_QNN_eff_su2_r5_d2_s45;MNIST_QNN_zz_r5_d6_s44
cross_cell_4,4,6,128,zz_r5_d6,MNIST_QNN_zz_r5_d6_s43;MNIST_QNN_zz_r5_d6_s44;MNIST_QNN_zz_r5_d6_s45,MNIST_QNN_eff_su2_r1_d2_s43;MNIST_QNN_eff_su2_r1_d2_s45;MNIST_QNN_eff_su2_r5_d2_s45;MNIST_QNN_zz_r1_d6_s43
cross_cell_4,4,7,128,eff_su2_r1_d2,MNIST_QNN_eff_su2_r1_d2_s43;MNIST_QNN_eff_su2_r1_d2_s44;MNIST_QNN_eff_su2_r1_d2_s45,MNIST_QNN_eff_su2_r5_d2_s43;MNIST_QNN_z_r1_d6_s45;MNIST_QNN_zz_r1_d6_s44;MNIST_QNN_zz_r5_d6_s43
cross_cell_4,4,7,128,eff_su2_r5_d2,MNIST_QNN_eff_su2_r5_d2_s43;MNIST_QNN_eff_su2_r5_d2_s44;MNIST_QNN_eff_su2_r5_d2_s45,MNIST_QNN_eff_su2_r1_d2_s43;MNIST_QNN_zz_r1_d6_s43;MNIST_QNN_zz_r1_d6_s45;MNIST_QNN_zz_r5_d6_s43
cross_cell_4,4,7,128,z_r1_d6,MNIST_QNN_z_r1_d6_s43;MNIST_QNN_z_r1_d6_s44;MNIST_QNN_z_r1_d6_s45,MNIST_QNN_eff_su2_r1_d2_s43;MNIST_QNN_eff_su2_r5_d2_s43;MNIST_QNN_zz_r1_d6_s43;MNIST_QNN_zz_r5_d6_s43
cross_cell_4,4,7,128,zz_r1_d6,MNIST_QNN_zz_r1_d6_s43;MNIST_QNN_zz_r1_d6_s44;MNIST_QNN_zz_r1_d6_s45,MNIST_QNN_eff_su2_r1_d2_s43;MNIST_QNN_eff_su2_r5_d2_s43;MNIST_QNN_z_r1_d6_s43;MNIST_QNN_z_r1_d6_s44
cross_cell_4,4,7,128,zz_r5_d6,MNIST_QNN_zz_r5_d6_s43;MNIST_QNN_zz_r5_d6_s44;MNIST_QNN_zz_r5_d6_s45,MNIST_QNN_eff_su2_r1_d2_s43;MNIST_QNN_eff_su2_r1_d2_s45;MNIST_QNN_z_r1_d6_s43;MNIST_QNN_z_r1_d6_s44
cross_cell_4,4,8,128,eff_su2_r1_d2,MNIST_QNN_eff_su2_r1_d2_s43;MNIST_QNN_eff_su2_r1_d2_s44;MNIST_QNN_eff_su2_r1_d2_s45,MNIST_QNN_eff_su2_r5_d2_s43;MNIST_QNN_zz_r1_d6_s43;MNIST_QNN_zz_r5_d6_s43;MNIST_QNN_zz_r5_d6_s45
cross_cell_4,4,8,128,eff_su2_r5_d2,MNIST_QNN_eff_su2_r5_d2_s43;MNIST_QNN_eff_su2_r5_d2_s44;MNIST_QNN_eff_su2_r5_d2_s45,MNIST_QNN_eff_su2_r1_d2_s43;MNIST_QNN_zz_r1_d6_s44;MNIST_QNN_zz_r1_d6_s45;MNIST_QNN_zz_r5_d6_s45
cross_cell_4,4,8,128,z_r1_d6,MNIST_QNN_z_r1_d6_s43;MNIST_QNN_z_r1_d6_s44;MNIST_QNN_z_r1_d6_s45,MNIST_QNN_eff_su2_r1_d2_s43;MNIST_QNN_eff_su2_r5_d2_s43;MNIST_QNN_zz_r1_d6_s44;MNIST_QNN_zz_r5_d6_s45
cross_cell_4,4,8,128,zz_r1_d6,MNIST_QNN_zz_r1_d6_s43;MNIST_QNN_zz_r1_d6_s44;MNIST_QNN_zz_r1_d6_s45,MNIST_QNN_eff_su2_r1_d2_s43;MNIST_QNN_eff_su2_r5_d2_s43;MNIST_QNN_z_r1_d6_s43;MNIST_QNN_zz_r5_d6_s45
cross_cell_4,4,8,128,zz_r5_d6,MNIST_QNN_zz_r5_d6_s43;MNIST_QNN_zz_r5_d6_s44;MNIST_QNN_zz_r5_d6_s45,MNIST_QNN_eff_su2_r1_d2_s43;MNIST_QNN_eff_su2_r5_d2_s43;MNIST_QNN_eff_su2_r5_d2_s44;MNIST_QNN_z_r1_d6_s45
cross_cell_4,4,9,128,eff_su2_r1_d2,MNIST_QNN_eff_su2_r1_d2_s43;MNIST_QNN_eff_su2_r1_d2_s44;MNIST_QNN_eff_su2_r1_d2_s45,MNIST_QNN_eff_su2_r5_d2_s43;MNIST_QNN_zz_r1_d6_s44;MNIST_QNN_zz_r1_d6_s45;MNIST_QNN_zz_r5_d6_s45
cross_cell_4,4,9,128,eff_su2_r5_d2,MNIST_QNN_eff_su2_r5_d2_s43;MNIST_QNN_eff_su2_r5_d2_s44;MNIST_QNN_eff_su2_r5_d2_s45,MNIST_QNN_eff_su2_r1_d2_s43;MNIST_QNN_zz_r1_d6_s44;MNIST_QNN_zz_r5_d6_s44;MNIST_QNN_zz_r5_d6_s45
cross_cell_4,4,9,128,z_r1_d6,MNIST_QNN_z_r1_d6_s43;MNIST_QNN_z_r1_d6_s44;MNIST_QNN_z_r1_d6_s45,MNIST_QNN_eff_su2_r1_d2_s43;MNIST_QNN_eff_su2_r5_d2_s43;MNIST_QNN_zz_r1_d6_s45;MNIST_QNN_zz_r5_d6_s43
cross_cell_4,4,9,128,zz_r1_d6,MNIST_QNN_zz_r1_d6_s43;MNIST_QNN_zz_r1_d6_s44;MNIST_QNN_zz_r1_d6_s45,MNIST_QNN_eff_su2_r1_d2_s43;MNIST_QNN_eff_su2_r5_d2_s44;MNIST_QNN_eff_su2_r5_d2_s45;MNIST_QNN_zz_r5_d6_s45
cross_cell_4,4,9,128,zz_r5_d6,MNIST_QNN_zz_r5_d6_s43;MNIST_QNN_zz_r5_d6_s44;MNIST_QNN_zz_r5_d6_s45,MNIST_QNN_eff_su2_r1_d2_s43;MNIST_QNN_eff_su2_r5_d2_s44;MNIST_QNN_z_r1_d6_s44;MNIST_QNN_zz_r1_d6_s45
cross_cell_4,4,10,128,eff_su2_r1_d2,MNIST_QNN_eff_su2_r1_d2_s43;MNIST_QNN_eff_su2_r1_d2_s44;MNIST_QNN_eff_su2_r1_d2_s45,MNIST_QNN_eff_su2_r5_d2_s44;MNIST_QNN_z_r1_d6_s43;MNIST_QNN_zz_r1_d6_s43;MNIST_QNN_zz_r5_d6_s44
cross_cell_4,4,10,128,eff_su2_r5_d2,MNIST_QNN_eff_su2_r5_d2_s43;MNIST_QNN_eff_su2_r5_d2_s44;MNIST_QNN_eff_su2_r5_d2_s45,MNIST_QNN_eff_su2_r1_d2_s44;MNIST_QNN_eff_su2_r1_d2_s45;MNIST_QNN_zz_r1_d6_s44;MNIST_QNN_zz_r5_d6_s45
cross_cell_4,4,10,128,z_r1_d6,MNIST_QNN_z_r1_d6_s43;MNIST_QNN_z_r1_d6_s44;MNIST_QNN_z_r1_d6_s45,MNIST_QNN_eff_su2_r1_d2_s43;MNIST_QNN_eff_su2_r5_d2_s44;MNIST_QNN_eff_su2_r5_d2_s45;MNIST_QNN_zz_r5_d6_s43
cross_cell_4,4,10,128,zz_r1_d6,MNIST_QNN_zz_r1_d6_s43;MNIST_QNN_zz_r1_d6_s44;MNIST_QNN_zz_r1_d6_s45,MNIST_QNN_eff_su2_r1_d2_s43;MNIST_QNN_eff_su2_r5_d2_s44;MNIST_QNN_z_r1_d6_s44;MNIST_QNN_zz_r5_d6_s44
cross_cell_4,4,10,128,zz_r5_d6,MNIST_QNN_zz_r5_d6_s43;MNIST_QNN_zz_r5_d6_s44;MNIST_QNN_zz_r5_d6_s45,MNIST_QNN_eff_su2_r1_d2_s43;MNIST_QNN_eff_su2_r5_d2_s44;MNIST_QNN_zz_r1_d6_s43;MNIST_QNN_zz_r1_d6_s45
cross_cell_4,4,11,128,eff_su2_r1_d2,MNIST_QNN_eff_su2_r1_d2_s43;MNIST_QNN_eff_su2_r1_d2_s44;MNIST_QNN_eff_su2_r1_d2_s45,MNIST_QNN_eff_su2_r5_d2_s44;MNIST_QNN_z_r1_d6_s43;MNIST_QNN_zz_r1_d6_s45;MNIST_QNN_zz_r5_d6_s43
cross_cell_4,4,11,128,eff_su2_r5_d2,MNIST_QNN_eff_su2_r5_d2_s43;MNIST_QNN_eff_su2_r5_d2_s44;MNIST_QNN_eff_su2_r5_d2_s45,MNIST_QNN_eff_su2_r1_d2_s44;MNIST_QNN_eff_su2_r1_d2_s45;MNIST_QNN_zz_r1_d6_s45;MNIST_QNN_zz_r5_d6_s45
cross_cell_4,4,11,128,z_r1_d6,MNIST_QNN_z_r1_d6_s43;MNIST_QNN_z_r1_d6_s44;MNIST_QNN_z_r1_d6_s45,MNIST_QNN_eff_su2_r1_d2_s43;MNIST_QNN_eff_su2_r5_d2_s44;MNIST_QNN_zz_r1_d6_s44;MNIST_QNN_zz_r5_d6_s44
cross_cell_4,4,11,128,zz_r1_d6,MNIST_QNN_zz_r1_d6_s43;MNIST_QNN_zz_r1_d6_s44;MNIST_QNN_zz_r1_d6_s45,MNIST_QNN_eff_su2_r1_d2_s43;MNIST_QNN_eff_su2_r5_d2_s44;MNIST_QNN_z_r1_d6_s45;MNIST_QNN_zz_r5_d6_s44
cross_cell_4,4,11,128,zz_r5_d6,MNIST_QNN_zz_r5_d6_s43;MNIST_QNN_zz_r5_d6_s44;MNIST_QNN_zz_r5_d6_s45,MNIST_QNN_eff_su2_r1_d2_s43;MNIST_QNN_eff_su2_r5_d2_s45;MNIST_QNN_z_r1_d6_s45;MNIST_QNN_zz_r1_d6_s44
cross_cell_4,4,12,128,eff_su2_r1_d2,MNIST_QNN_eff_su2_r1_d2_s43;MNIST_QNN_eff_su2_r1_d2_s44;MNIST_QNN_eff_su2_r1_d2_s45,MNIST_QNN_eff_su2_r5_d2_s44;MNIST_QNN_z_r1_d6_s44;MNIST_QNN_zz_r1_d6_s43;MNIST_QNN_zz_r5_d6_s43
cross_cell_4,4,12,128,eff_su2_r5_d2,MNIST_QNN_eff_su2_r5_d2_s43;MNIST_QNN_eff_su2_r5_d2_s44;MNIST_QNN_eff_su2_r5_d2_s45,MNIST_QNN_eff_su2_r1_d2_s44;MNIST_QNN_z_r1_d6_s43;MNIST_QNN_z_r1_d6_s44;MNIST_QNN_zz_r1_d6_s43
cross_cell_4,4,12,128,z_r1_d6,MNIST_QNN_z_r1_d6_s43;MNIST_QNN_z_r1_d6_s44;MNIST_QNN_z_r1_d6_s45,MNIST_QNN_eff_su2_r1_d2_s43;MNIST_QNN_eff_su2_r5_d2_s45;MNIST_QNN_zz_r1_d6_s44;MNIST_QNN_zz_r5_d6_s44
cross_cell_4,4,12,128,zz_r1_d6,MNIST_QNN_zz_r1_d6_s43;MNIST_QNN_zz_r1_d6_s44;MNIST_QNN_zz_r1_d6_s45,MNIST_QNN_eff_su2_r1_d2_s43;MNIST_QNN_eff_su2_r5_d2_s45;MNIST_QNN_z_r1_d6_s45;MNIST_QNN_zz_r5_d6_s44
cross_cell_4,4,12,128,zz_r5_d6,MNIST_QNN_zz_r5_d6_s43;MNIST_QNN_zz_r5_d6_s44;MNIST_QNN_zz_r5_d6_s45,MNIST_QNN_eff_su2_r1_d2_s43;MNIST_QNN_z_r1_d6_s43;MNIST_QNN_zz_r1_d6_s43;MNIST_QNN_zz_r1_d6_s44
cross_cell_4,4,13,128,eff_su2_r1_d2,MNIST_QNN_eff_su2_r1_d2_s43;MNIST_QNN_eff_su2_r1_d2_s44;MNIST_QNN_eff_su2_r1_d2_s45,MNIST_QNN_eff_su2_r5_d2_s44;MNIST_QNN_z_r1_d6_s44;MNIST_QNN_zz_r5_d6_s43;MNIST_QNN_zz_r5_d6_s45
cross_cell_4,4,13,128,eff_su2_r5_d2,MNIST_QNN_eff_su2_r5_d2_s43;MNIST_QNN_eff_su2_r5_d2_s44;MNIST_QNN_eff_su2_r5_d2_s45,MNIST_QNN_eff_su2_r1_d2_s44;MNIST_QNN_z_r1_d6_s43;MNIST_QNN_z_r1_d6_s45;MNIST_QNN_zz_r1_d6_s45
cross_cell_4,4,13,128,z_r1_d6,MNIST_QNN_z_r1_d6_s43;MNIST_QNN_z_r1_d6_s44;MNIST_QNN_z_r1_d6_s45,MNIST_QNN_eff_su2_r1_d2_s43;MNIST_QNN_zz_r1_d6_s44;MNIST_QNN_zz_r1_d6_s45;MNIST_QNN_zz_r5_d6_s43
cross_cell_4,4,13,128,zz_r1_d6,MNIST_QNN_zz_r1_d6_s43;MNIST_QNN_zz_r1_d6_s44;MNIST_QNN_zz_r1_d6_s45,MNIST_QNN_eff_su2_r1_d2_s43;MNIST_QNN_z_r1_d6_s43;MNIST_QNN_z_r1_d6_s45;MNIST_QNN_zz_r5_d6_s44
cross_cell_4,4,13,128,zz_r5_d6,MNIST_QNN_zz_r5_d6_s43;MNIST_QNN_zz_r5_d6_s44;MNIST_QNN_zz_r5_d6_s45,MNIST_QNN_eff_su2_r1_d2_s43;MNIST_QNN_z_r1_d6_s43;MNIST_QNN_zz_r1_d6_s43;MNIST_QNN_zz_r1_d6_s45
cross_cell_4,4,14,128,eff_su2_r1_d2,MNIST_QNN_eff_su2_r1_d2_s43;MNIST_QNN_eff_su2_r1_d2_s44;MNIST_QNN_eff_su2_r1_d2_s45,MNIST_QNN_eff_su2_r5_d2_s44;MNIST_QNN_z_r1_d6_s45;MNIST_QNN_zz_r1_d6_s43;MNIST_QNN_zz_r1_d6_s45
cross_cell_4,4,14,128,eff_su2_r5_d2,MNIST_QNN_eff_su2_r5_d2_s43;MNIST_QNN_eff_su2_r5_d2_s44;MNIST_QNN_eff_su2_r5_d2_s45,MNIST_QNN_eff_su2_r1_d2_s44;MNIST_QNN_zz_r1_d6_s43;MNIST_QNN_zz_r5_d6_s43;MNIST_QNN_zz_r5_d6_s45
cross_cell_4,4,14,128,z_r1_d6,MNIST_QNN_z_r1_d6_s43;MNIST_QNN_z_r1_d6_s44;MNIST_QNN_z_r1_d6_s45,MNIST_QNN_eff_su2_r1_d2_s44;MNIST_QNN_eff_su2_r1_d2_s45;MNIST_QNN_eff_su2_r5_d2_s43;MNIST_QNN_zz_r5_d6_s43
cross_cell_4,4,14,128,zz_r1_d6,MNIST_QNN_zz_r1_d6_s43;MNIST_QNN_zz_r1_d6_s44;MNIST_QNN_zz_r1_d6_s45,MNIST_QNN_eff_su2_r1_d2_s43;MNIST_QNN_z_r1_d6_s44;MNIST_QNN_zz_r5_d6_s43;MNIST_QNN_zz_r5_d6_s45
cross_cell_4,4,14,128,zz_r5_d6,MNIST_QNN_zz_r5_d6_s43;MNIST_QNN_zz_r5_d6_s44;MNIST_QNN_zz_r5_d6_s45,MNIST_QNN_eff_su2_r1_d2_s44;MNIST_QNN_eff_su2_r1_d2_s45;MNIST_QNN_eff_su2_r5_d2_s45;MNIST_QNN_zz_r1_d6_s43
cross_cell_4,4,15,128,eff_su2_r1_d2,MNIST_QNN_eff_su2_r1_d2_s43;MNIST_QNN_eff_su2_r1_d2_s44;MNIST_QNN_eff_su2_r1_d2_s45,MNIST_QNN_eff_su2_r5_d2_s44;MNIST_QNN_z_r1_d6_s45;MNIST_QNN_zz_r1_d6_s45;MNIST_QNN_zz_r5_d6_s44
cross_cell_4,4,15,128,eff_su2_r5_d2,MNIST_QNN_eff_su2_r5_d2_s43;MNIST_QNN_eff_su2_r5_d2_s44;MNIST_QNN_eff_su2_r5_d2_s45,MNIST_QNN_eff_su2_r1_d2_s44;MNIST_QNN_zz_r1_d6_s44;MNIST_QNN_zz_r1_d6_s45;MNIST_QNN_zz_r5_d6_s44
cross_cell_4,4,15,128,z_r1_d6,MNIST_QNN_z_r1_d6_s43;MNIST_QNN_z_r1_d6_s44;MNIST_QNN_z_r1_d6_s45,MNIST_QNN_eff_su2_r1_d2_s44;MNIST_QNN_eff_su2_r1_d2_s45;MNIST_QNN_zz_r1_d6_s43;MNIST_QNN_zz_r5_d6_s44
cross_cell_4,4,15,128,zz_r1_d6,MNIST_QNN_zz_r1_d6_s43;MNIST_QNN_zz_r1_d6_s44;MNIST_QNN_zz_r1_d6_s45,MNIST_QNN_eff_su2_r1_d2_s44;MNIST_QNN_eff_su2_r1_d2_s45;MNIST_QNN_z_r1_d6_s44;MNIST_QNN_zz_r5_d6_s43
cross_cell_4,4,15,128,zz_r5_d6,MNIST_QNN_zz_r5_d6_s43;MNIST_QNN_zz_r5_d6_s44;MNIST_QNN_zz_r5_d6_s45,MNIST_QNN_eff_su2_r1_d2_s44;MNIST_QNN_eff_su2_r5_d2_s43;MNIST_QNN_z_r1_d6_s44;MNIST_QNN_zz_r1_d6_s43
cross_cell_4,4,16,128,eff_su2_r1_d2,MNIST_QNN_eff_su2_r1_d2_s43;MNIST_QNN_eff_su2_r1_d2_s44;MNIST_QNN_eff_su2_r1_d2_s45,MNIST_QNN_eff_su2_r5_d2_s44;MNIST_QNN_zz_r1_d6_s43;MNIST_QNN_zz_r1_d6_s44;MNIST_QNN_zz_r5_d6_s45
cross_cell_4,4,16,128,eff_su2_r5_d2,MNIST_QNN_eff_su2_r5_d2_s43;MNIST_QNN_eff_su2_r5_d2_s44;MNIST_QNN_eff_su2_r5_d2_s45,MNIST_QNN_eff_su2_r1_d2_s44;MNIST_QNN_zz_r5_d6_s43;MNIST_QNN_zz_r5_d6_s44;MNIST_QNN_zz_r5_d6_s45
cross_cell_4,4,16,128,z_r1_d6,MNIST_QNN_z_r1_d6_s43;MNIST_QNN_z_r1_d6_s44;MNIST_QNN_z_r1_d6_s45,MNIST_QNN_eff_su2_r1_d2_s44;MNIST_QNN_eff_su2_r5_d2_s43;MNIST_QNN_eff_su2_r5_d2_s44;MNIST_QNN_zz_r1_d6_s44
cross_cell_4,4,16,128,zz_r1_d6,MNIST_QNN_zz_r1_d6_s43;MNIST_QNN_zz_r1_d6_s44;MNIST_QNN_zz_r1_d6_s45,MNIST_QNN_eff_su2_r1_d2_s44;MNIST_QNN_eff_su2_r1_d2_s45;MNIST_QNN_z_r1_d6_s45;MNIST_QNN_zz_r5_d6_s44
cross_cell_4,4,16,128,zz_r5_d6,MNIST_QNN_zz_r5_d6_s43;MNIST_QNN_zz_r5_d6_s44;MNIST_QNN_zz_r5_d6_s45,MNIST_QNN_eff_su2_r1_d2_s44;MNIST_QNN_eff_su2_r5_d2_s44;MNIST_QNN_z_r1_d6_s44;MNIST_QNN_zz_r1_d6_s45
cross_cell_4,4,17,128,eff_su2_r1_d2,MNIST_QNN_eff_su2_r1_d2_s43;MNIST_QNN_eff_su2_r1_d2_s44;MNIST_QNN_eff_su2_r1_d2_s45,MNIST_QNN_eff_su2_r5_d2_s44;MNIST_QNN_zz_r1_d6_s44;MNIST_QNN_zz_r5_d6_s43;MNIST_QNN_zz_r5_d6_s45
cross_cell_4,4,17,128,eff_su2_r5_d2,MNIST_QNN_eff_su2_r5_d2_s43;MNIST_QNN_eff_su2_r5_d2_s44;MNIST_QNN_eff_su2_r5_d2_s45,MNIST_QNN_eff_su2_r1_d2_s45;MNIST_QNN_z_r1_d6_s43;MNIST_QNN_zz_r5_d6_s44;MNIST_QNN_zz_r5_d6_s45
cross_cell_4,4,17,128,z_r1_d6,MNIST_QNN_z_r1_d6_s43;MNIST_QNN_z_r1_d6_s44;MNIST_QNN_z_r1_d6_s45,MNIST_QNN_eff_su2_r1_d2_s44;MNIST_QNN_eff_su2_r5_d2_s43;MNIST_QNN_eff_su2_r5_d2_s45;MNIST_QNN_zz_r1_d6_s43
cross_cell_4,4,17,128,zz_r1_d6,MNIST_QNN_zz_r1_d6_s43;MNIST_QNN_zz_r1_d6_s44;MNIST_QNN_zz_r1_d6_s45,MNIST_QNN_eff_su2_r1_d2_s44;MNIST_QNN_eff_su2_r5_d2_s43;MNIST_QNN_eff_su2_r5_d2_s45;MNIST_QNN_z_r1_d6_s45
cross_cell_4,4,17,128,zz_r5_d6,MNIST_QNN_zz_r5_d6_s43;MNIST_QNN_zz_r5_d6_s44;MNIST_QNN_zz_r5_d6_s45,MNIST_QNN_eff_su2_r1_d2_s44;MNIST_QNN_eff_su2_r5_d2_s44;MNIST_QNN_zz_r1_d6_s44;MNIST_QNN_zz_r1_d6_s45
cross_cell_4,4,18,128,eff_su2_r1_d2,MNIST_QNN_eff_su2_r1_d2_s43;MNIST_QNN_eff_su2_r1_d2_s44;MNIST_QNN_eff_su2_r1_d2_s45,MNIST_QNN_eff_su2_r5_d2_s44;MNIST_QNN_zz_r1_d6_s45;MNIST_QNN_zz_r5_d6_s43;MNIST_QNN_zz_r5_d6_s44
cross_cell_4,4,18,128,eff_su2_r5_d2,MNIST_QNN_eff_su2_r5_d2_s43;MNIST_QNN_eff_su2_r5_d2_s44;MNIST_QNN_eff_su2_r5_d2_s45,MNIST_QNN_eff_su2_r1_d2_s45;MNIST_QNN_z_r1_d6_s44;MNIST_QNN_z_r1_d6_s45;MNIST_QNN_zz_r5_d6_s45
cross_cell_4,4,18,128,z_r1_d6,MNIST_QNN_z_r1_d6_s43;MNIST_QNN_z_r1_d6_s44;MNIST_QNN_z_r1_d6_s45,MNIST_QNN_eff_su2_r1_d2_s44;MNIST_QNN_eff_su2_r5_d2_s43;MNIST_QNN_zz_r1_d6_s43;MNIST_QNN_zz_r5_d6_s43
cross_cell_4,4,18,128,zz_r1_d6,MNIST_QNN_zz_r1_d6_s43;MNIST_QNN_zz_r1_d6_s44;MNIST_QNN_zz_r1_d6_s45,MNIST_QNN_eff_su2_r1_d2_s44;MNIST_QNN_eff_su2_r5_d2_s44;MNIST_QNN_zz_r5_d6_s43;MNIST_QNN_zz_r5_d6_s45
cross_cell_4,4,18,128,zz_r5_d6,MNIST_QNN_zz_r5_d6_s43;MNIST_QNN_zz_r5_d6_s44;MNIST_QNN_zz_r5_d6_s45,MNIST_QNN_eff_su2_r1_d2_s44;MNIST_QNN_z_r1_d6_s43;MNIST_QNN_z_r1_d6_s45;MNIST_QNN_zz_r1_d6_s43
cross_cell_4,4,19,128,eff_su2_r1_d2,MNIST_QNN_eff_su2_r1_d2_s43;MNIST_QNN_eff_su2_r1_d2_s44;MNIST_QNN_eff_su2_r1_d2_s45,MNIST_QNN_eff_su2_r5_d2_s45;MNIST_QNN_z_r1_d6_s43;MNIST_QNN_zz_r1_d6_s44;MNIST_QNN_zz_r1_d6_s45
cross_cell_4,4,19,128,eff_su2_r5_d2,MNIST_QNN_eff_su2_r5_d2_s43;MNIST_QNN_eff_su2_r5_d2_s44;MNIST_QNN_eff_su2_r5_d2_s45,MNIST_QNN_eff_su2_r1_d2_s45;MNIST_QNN_z_r1_d6_s45;MNIST_QNN_zz_r1_d6_s43;MNIST_QNN_zz_r5_d6_s44
cross_cell_4,4,19,128,z_r1_d6,MNIST_QNN_z_r1_d6_s43;MNIST_QNN_z_r1_d6_s44;MNIST_QNN_z_r1_d6_s45,MNIST_QNN_eff_su2_r1_d2_s44;MNIST_QNN_eff_su2_r5_d2_s44;MNIST_QNN_zz_r1_d6_s44;MNIST_QNN_zz_r5_d6_s43
cross_cell_4,4,19,128,zz_r1_d6,MNIST_QNN_zz_r1_d6_s43;MNIST_QNN_zz_r1_d6_s44;MNIST_QNN_zz_r1_d6_s45,MNIST_QNN_eff_su2_r1_d2_s44;MNIST_QNN_eff_su2_r5_d2_s45;MNIST_QNN_z_r1_d6_s44;MNIST_QNN_z_r1_d6_s45
cross_cell_4,4,19,128,zz_r5_d6,MNIST_QNN_zz_r5_d6_s43;MNIST_QNN_zz_r5_d6_s44;MNIST_QNN_zz_r5_d6_s45,MNIST_QNN_eff_su2_r1_d2_s45;MNIST_QNN_eff_su2_r5_d2_s44;MNIST_QNN_z_r1_d6_s44;MNIST_QNN_zz_r1_d6_s44
cross_cell_4,4,20,128,eff_su2_r1_d2,MNIST_QNN_eff_su2_r1_d2_s43;MNIST_QNN_eff_su2_r1_d2_s44;MNIST_QNN_eff_su2_r1_d2_s45,MNIST_QNN_eff_su2_r5_d2_s45;MNIST_QNN_z_r1_d6_s43;MNIST_QNN_zz_r1_d6_s45;MNIST_QNN_zz_r5_d6_s45
cross_cell_4,4,20,128,eff_su2_r5_d2,MNIST_QNN_eff_su2_r5_d2_s43;MNIST_QNN_eff_su2_r5_d2_s44;MNIST_QNN_eff_su2_r5_d2_s45,MNIST_QNN_eff_su2_r1_d2_s45;MNIST_QNN_z_r1_d6_s45;MNIST_QNN_zz_r5_d6_s44;MNIST_QNN_zz_r5_d6_s45
cross_cell_4,4,20,128,z_r1_d6,MNIST_QNN_z_r1_d6_s43;MNIST_QNN_z_r1_d6_s44;MNIST_QNN_z_r1_d6_s45,MNIST_QNN_eff_su2_r1_d2_s44;MNIST_QNN_zz_r1_d6_s43;MNIST_QNN_zz_r1_d6_s44;MNIST_QNN_zz_r1_d6_s45
cross_cell_4,4,20,128,zz_r1_d6,MNIST_QNN_zz_r1_d6_s43;MNIST_QNN_zz_r1_d6_s44;MNIST_QNN_zz_r1_d6_s45,MNIST_QNN_eff_su2_r1_d2_s44;MNIST_QNN_z_r1_d6_s43;MNIST_QNN_z_r1_d6_s45;MNIST_QNN_zz_r5_d6_s43
cross_cell_4,4,20,128,zz_r5_d6,MNIST_QNN_zz_r5_d6_s43;MNIST_QNN_zz_r5_d6_s44;MNIST_QNN_zz_r5_d6_s45,MNIST_QNN_eff_su2_r1_d2_s45;MNIST_QNN_eff_su2_r5_d2_s45;MNIST_QNN_z_r1_d6_s43;MNIST_QNN_zz_r1_d6_s45
cross_cell_4,4,21,128,eff_su2_r1_d2,MNIST_QNN_eff_su2_r1_d2_s43;MNIST_QNN_eff_su2_r1_d2_s44;MNIST_QNN_eff_su2_r1_d2_s45,MNIST_QNN_eff_su2_r5_d2_s45;MNIST_QNN_z_r1_d6_s45;MNIST_QNN_zz_r1_d6_s45;MNIST_QNN_zz_r5_d6_s44
cross_cell_4,4,21,128,eff_su2_r5_d2,MNIST_QNN_eff_su2_r5_d2_s43;MNIST_QNN_eff_su2_r5_d2_s44;MNIST_QNN_eff_su2_r5_d2_s45,MNIST_QNN_eff_su2_r1_d2_s45;MNIST_QNN_zz_r1_d6_s45;MNIST_QNN_zz_r5_d6_s43;MNIST_QNN_zz_r5_d6_s44
cross_cell_4,4,21,128,z_r1_d6,MNIST_QNN_z_r1_d6_s43;MNIST_QNN_z_r1_d6_s44;MNIST_QNN_z_r1_d6_s45,MNIST_QNN_eff_su2_r1_d2_s45;MNIST_QNN_eff_su2_r5_d2_s43;MNIST_QNN_eff_su2_r5_d2_s45;MNIST_QNN_zz_r1_d6_s45
cross_cell_4,4,21,128,zz_r1_d6,MNIST_QNN_zz_r1_d6_s43;MNIST_QNN_zz_r1_d6_s44;MNIST_QNN_zz_r1_d6_s45,MNIST_QNN_eff_su2_r1_d2_s45;MNIST_QNN_eff_su2_r5_d2_s43;MNIST_QNN_z_r1_d6_s43;MNIST_QNN_z_r1_d6_s44
cross_cell_4,4,21,128,zz_r5_d6,MNIST_QNN_zz_r5_d6_s43;MNIST_QNN_zz_r5_d6_s44;MNIST_QNN_zz_r5_d6_s45,MNIST_QNN_eff_su2_r1_d2_s45;MNIST_QNN_z_r1_d6_s44;MNIST_QNN_zz_r1_d6_s44;MNIST_QNN_zz_r1_d6_s45
cross_cell_4,4,22,128,eff_su2_r1_d2,MNIST_QNN_eff_su2_r1_d2_s43;MNIST_QNN_eff_su2_r1_d2_s44;MNIST_QNN_eff_su2_r1_d2_s45,MNIST_QNN_eff_su2_r5_d2_s45;MNIST_QNN_zz_r1_d6_s43;MNIST_QNN_zz_r1_d6_s45;MNIST_QNN_zz_r5_d6_s43
cross_cell_4,4,22,128,eff_su2_r5_d2,MNIST_QNN_eff_su2_r5_d2_s43;MNIST_QNN_eff_su2_r5_d2_s44;MNIST_QNN_eff_su2_r5_d2_s45,MNIST_QNN_z_r1_d6_s43;MNIST_QNN_z_r1_d6_s45;MNIST_QNN_zz_r1_d6_s43;MNIST_QNN_zz_r5_d6_s44
cross_cell_4,4,22,128,z_r1_d6,MNIST_QNN_z_r1_d6_s43;MNIST_QNN_z_r1_d6_s44;MNIST_QNN_z_r1_d6_s45,MNIST_QNN_eff_su2_r1_d2_s45;MNIST_QNN_eff_su2_r5_d2_s44;MNIST_QNN_zz_r1_d6_s45;MNIST_QNN_zz_r5_d6_s45
cross_cell_4,4,22,128,zz_r1_d6,MNIST_QNN_zz_r1_d6_s43;MNIST_QNN_zz_r1_d6_s44;MNIST_QNN_zz_r1_d6_s45,MNIST_QNN_eff_su2_r1_d2_s45;MNIST_QNN_eff_su2_r5_d2_s43;MNIST_QNN_z_r1_d6_s45;MNIST_QNN_zz_r5_d6_s45
cross_cell_4,4,22,128,zz_r5_d6,MNIST_QNN_zz_r5_d6_s43;MNIST_QNN_zz_r5_d6_s44;MNIST_QNN_zz_r5_d6_s45,MNIST_QNN_eff_su2_r5_d2_s43;MNIST_QNN_eff_su2_r5_d2_s45;MNIST_QNN_z_r1_d6_s43;MNIST_QNN_z_r1_d6_s44
cross_cell_4,4,23,128,eff_su2_r1_d2,MNIST_QNN_eff_su2_r1_d2_s43;MNIST_QNN_eff_su2_r1_d2_s44;MNIST_QNN_eff_su2_r1_d2_s45,MNIST_QNN_eff_su2_r5_d2_s45;MNIST_QNN_zz_r1_d6_s45;MNIST_QNN_zz_r5_d6_s43;MNIST_QNN_zz_r5_d6_s44
cross_cell_4,4,23,128,eff_su2_r5_d2,MNIST_QNN_eff_su2_r5_d2_s43;MNIST_QNN_eff_su2_r5_d2_s44;MNIST_QNN_eff_su2_r5_d2_s45,MNIST_QNN_z_r1_d6_s44;MNIST_QNN_z_r1_d6_s45;MNIST_QNN_zz_r1_d6_s43;MNIST_QNN_zz_r5_d6_s44
cross_cell_4,4,23,128,z_r1_d6,MNIST_QNN_z_r1_d6_s43;MNIST_QNN_z_r1_d6_s44;MNIST_QNN_z_r1_d6_s45,MNIST_QNN_eff_su2_r1_d2_s45;MNIST_QNN_eff_su2_r5_d2_s45;MNIST_QNN_zz_r1_d6_s43;MNIST_QNN_zz_r1_d6_s44
cross_cell_4,4,23,128,zz_r1_d6,MNIST_QNN_zz_r1_d6_s43;MNIST_QNN_zz_r1_d6_s44;MNIST_QNN_zz_r1_d6_s45,MNIST_QNN_eff_su2_r1_d2_s45;MNIST_QNN_eff_su2_r5_d2_s44;MNIST_QNN_z_r1_d6_s43;MNIST_QNN_zz_r5_d6_s44
cross_cell_4,4,23,128,zz_r5_d6,MNIST_QNN_zz_r5_d6_s43;MNIST_QNN_zz_r5_d6_s44;MNIST_QNN_zz_r5_d6_s45,MNIST_QNN_eff_su2_r5_d2_s43;MNIST_QNN_eff_su2_r5_d2_s45;MNIST_QNN_z_r1_d6_s43;MNIST_QNN_z_r1_d6_s45
cross_cell_4,4,24,128,eff_su2_r1_d2,MNIST_QNN_eff_su2_r1_d2_s43;MNIST_QNN_eff_su2_r1_d2_s44;MNIST_QNN_eff_su2_r1_d2_s45,MNIST_QNN_z_r1_d6_s43;MNIST_QNN_z_r1_d6_s44;MNIST_QNN_zz_r5_d6_s43;MNIST_QNN_zz_r5_d6_s44
cross_cell_4,4,24,128,eff_su2_r5_d2,MNIST_QNN_eff_su2_r5_d2_s43;MNIST_QNN_eff_su2_r5_d2_s44;MNIST_QNN_eff_su2_r5_d2_s45,MNIST_QNN_z_r1_d6_s44;MNIST_QNN_z_r1_d6_s45;MNIST_QNN_zz_r1_d6_s44;MNIST_QNN_zz_r5_d6_s45
cross_cell_4,4,24,128,z_r1_d6,MNIST_QNN_z_r1_d6_s43;MNIST_QNN_z_r1_d6_s44;MNIST_QNN_z_r1_d6_s45,MNIST_QNN_eff_su2_r1_d2_s45;MNIST_QNN_eff_su2_r5_d2_s45;MNIST_QNN_zz_r5_d6_s44;MNIST_QNN_zz_r5_d6_s45
cross_cell_4,4,24,128,zz_r1_d6,MNIST_QNN_zz_r1_d6_s43;MNIST_QNN_zz_r1_d6_s44;MNIST_QNN_zz_r1_d6_s45,MNIST_QNN_eff_su2_r1_d2_s45;MNIST_QNN_eff_su2_r5_d2_s44;MNIST_QNN_z_r1_d6_s44;MNIST_QNN_z_r1_d6_s45
cross_cell_4,4,24,128,zz_r5_d6,MNIST_QNN_zz_r5_d6_s43;MNIST_QNN_zz_r5_d6_s44;MNIST_QNN_zz_r5_d6_s45,MNIST_QNN_eff_su2_r5_d2_s43;MNIST_QNN_eff_su2_r5_d2_s45;MNIST_QNN_zz_r1_d6_s43;MNIST_QNN_zz_r1_d6_s45
cross_cell_4,4,25,128,eff_su2_r1_d2,MNIST_QNN_eff_su2_r1_d2_s43;MNIST_QNN_eff_su2_r1_d2_s44;MNIST_QNN_eff_su2_r1_d2_s45,MNIST_QNN_z_r1_d6_s43;MNIST_QNN_zz_r1_d6_s43;MNIST_QNN_zz_r5_d6_s43;MNIST_QNN_zz_r5_d6_s45
cross_cell_4,4,25,128,eff_su2_r5_d2,MNIST_QNN_eff_su2_r5_d2_s43;MNIST_QNN_eff_su2_r5_d2_s44;MNIST_QNN_eff_su2_r5_d2_s45,MNIST_QNN_z_r1_d6_s44;MNIST_QNN_zz_r1_d6_s44;MNIST_QNN_zz_r1_d6_s45;MNIST_QNN_zz_r5_d6_s45
cross_cell_4,4,25,128,z_r1_d6,MNIST_QNN_z_r1_d6_s43;MNIST_QNN_z_r1_d6_s44;MNIST_QNN_z_r1_d6_s45,MNIST_QNN_eff_su2_r1_d2_s45;MNIST_QNN_zz_r1_d6_s43;MNIST_QNN_zz_r1_d6_s45;MNIST_QNN_zz_r5_d6_s45
cross_cell_4,4,25,128,zz_r1_d6,MNIST_QNN_zz_r1_d6_s43;MNIST_QNN_zz_r1_d6_s44;MNIST_QNN_zz_r1_d6_s45,MNIST_QNN_eff_su2_r1_d2_s45;MNIST_QNN_eff_su2_r5_d2_s45;MNIST_QNN_z_r1_d6_s43;MNIST_QNN_zz_r5_d6_s45
cross_cell_4,4,25,128,zz_r5_d6,MNIST_QNN_zz_r5_d6_s43;MNIST_QNN_zz_r5_d6_s44;MNIST_QNN_zz_r5_d6_s45,MNIST_QNN_eff_su2_r5_d2_s43;MNIST_QNN_z_r1_d6_s43;MNIST_QNN_z_r1_d6_s45;MNIST_QNN_zz_r1_d6_s43
cross_cell_4,4,26,128,eff_su2_r1_d2,MNIST_QNN_eff_su2_r1_d2_s43;MNIST_QNN_eff_su2_r1_d2_s44;MNIST_QNN_eff_su2_r1_d2_s45,MNIST_QNN_z_r1_d6_s44;MNIST_QNN_z_r1_d6_s45;MNIST_QNN_zz_r1_d6_s43;MNIST_QNN_zz_r5_d6_s45
cross_cell_4,4,26,128,eff_su2_r5_d2,MNIST_QNN_eff_su2_r5_d2_s43;MNIST_QNN_eff_su2_r5_d2_s44;MNIST_QNN_eff_su2_r5_d2_s45,MNIST_QNN_z_r1_d6_s45;MNIST_QNN_zz_r1_d6_s43;MNIST_QNN_zz_r1_d6_s44;MNIST_QNN_zz_r1_d6_s45
cross_cell_4,4,26,128,z_r1_d6,MNIST_QNN_z_r1_d6_s43;MNIST_QNN_z_r1_d6_s44;MNIST_QNN_z_r1_d6_s45,MNIST_QNN_eff_su2_r5_d2_s43;MNIST_QNN_eff_su2_r5_d2_s44;MNIST_QNN_eff_su2_r5_d2_s45;MNIST_QNN_zz_r1_d6_s45
cross_cell_4,4,26,128,zz_r1_d6,MNIST_QNN_zz_r1_d6_s43;MNIST_QNN_zz_r1_d6_s44;MNIST_QNN_zz_r1_d6_s45,MNIST_QNN_eff_su2_r1_d2_s45;MNIST_QNN_eff_su2_r5_d2_s45;MNIST_QNN_z_r1_d6_s45;MNIST_QNN_zz_r5_d6_s43
cross_cell_4,4,26,128,zz_r5_d6,MNIST_QNN_zz_r5_d6_s43;MNIST_QNN_zz_r5_d6_s44;MNIST_QNN_zz_r5_d6_s45,MNIST_QNN_eff_su2_r5_d2_s44;MNIST_QNN_eff_su2_r5_d2_s45;MNIST_QNN_z_r1_d6_s43;MNIST_QNN_z_r1_d6_s45
cross_cell_4,4,27,128,eff_su2_r1_d2,MNIST_QNN_eff_su2_r1_d2_s43;MNIST_QNN_eff_su2_r1_d2_s44;MNIST_QNN_eff_su2_r1_d2_s45,MNIST_QNN_z_r1_d6_s44;MNIST_QNN_z_r1_d6_s45;MNIST_QNN_zz_r1_d6_s45;MNIST_QNN_zz_r5_d6_s43
cross_cell_4,4,27,128,eff_su2_r5_d2,MNIST_QNN_eff_su2_r5_d2_s43;MNIST_QNN_eff_su2_r5_d2_s44;MNIST_QNN_eff_su2_r5_d2_s45,MNIST_QNN_z_r1_d6_s45;MNIST_QNN_zz_r1_d6_s43;MNIST_QNN_zz_r1_d6_s44;MNIST_QNN_zz_r5_d6_s43
cross_cell_4,4,27,128,z_r1_d6,MNIST_QNN_z_r1_d6_s43;MNIST_QNN_z_r1_d6_s44;MNIST_QNN_z_r1_d6_s45,MNIST_QNN_eff_su2_r5_d2_s43;MNIST_QNN_eff_su2_r5_d2_s45;MNIST_QNN_zz_r1_d6_s44;MNIST_QNN_zz_r5_d6_s44
cross_cell_4,4,27,128,zz_r1_d6,MNIST_QNN_zz_r1_d6_s43;MNIST_QNN_zz_r1_d6_s44;MNIST_QNN_zz_r1_d6_s45,MNIST_QNN_eff_su2_r1_d2_s45;MNIST_QNN_z_r1_d6_s43;MNIST_QNN_z_r1_d6_s44;MNIST_QNN_zz_r5_d6_s44
cross_cell_4,4,27,128,zz_r5_d6,MNIST_QNN_zz_r5_d6_s43;MNIST_QNN_zz_r5_d6_s44;MNIST_QNN_zz_r5_d6_s45,MNIST_QNN_eff_su2_r5_d2_s44;MNIST_QNN_z_r1_d6_s44;MNIST_QNN_z_r1_d6_s45;MNIST_QNN_zz_r1_d6_s45
cross_cell_4,4,28,128,eff_su2_r1_d2,MNIST_QNN_eff_su2_r1_d2_s43;MNIST_QNN_eff_su2_r1_d2_s44;MNIST_QNN_eff_su2_r1_d2_s45,MNIST_QNN_z_r1_d6_s44;MNIST_QNN_zz_r1_d6_s43;MNIST_QNN_zz_r5_d6_s43;MNIST_QNN_zz_r5_d6_s44
cross_cell_4,4,28,128,eff_su2_r5_d2,MNIST_QNN_eff_su2_r5_d2_s43;MNIST_QNN_eff_su2_r5_d2_s44;MNIST_QNN_eff_su2_r5_d2_s45,MNIST_QNN_z_r1_d6_s45;MNIST_QNN_zz_r1_d6_s43;MNIST_QNN_zz_r1_d6_s45;MNIST_QNN_zz_r5_d6_s43
cross_cell_4,4,28,128,z_r1_d6,MNIST_QNN_z_r1_d6_s43;MNIST_QNN_z_r1_d6_s44;MNIST_QNN_z_r1_d6_s45,MNIST_QNN_eff_su2_r5_d2_s44;MNIST_QNN_eff_su2_r5_d2_s45;MNIST_QNN_zz_r1_d6_s43;MNIST_QNN_zz_r1_d6_s44
cross_cell_4,4,28,128,zz_r1_d6,MNIST_QNN_zz_r1_d6_s43;MNIST_QNN_zz_r1_d6_s44;MNIST_QNN_zz_r1_d6_s45,MNIST_QNN_eff_su2_r1_d2_s45;MNIST_QNN_z_r1_d6_s44;MNIST_QNN_z_r1_d6_s45;MNIST_QNN_zz_r5_d6_s43
cross_cell_4,4,28,128,zz_r5_d6,MNIST_QNN_zz_r5_d6_s43;MNIST_QNN_zz_r5_d6_s44;MNIST_QNN_zz_r5_d6_s45,MNIST_QNN_eff_su2_r5_d2_s44;MNIST_QNN_z_r1_d6_s44;MNIST_QNN_zz_r1_d6_s44;MNIST_QNN_zz_r1_d6_s45
cross_cell_4,4,29,128,eff_su2_r1_d2,MNIST_QNN_eff_su2_r1_d2_s43;MNIST_QNN_eff_su2_r1_d2_s44;MNIST_QNN_eff_su2_r1_d2_s45,MNIST_QNN_z_r1_d6_s44;MNIST_QNN_zz_r5_d6_s43;MNIST_QNN_zz_r5_d6_s44;MNIST_QNN_zz_r5_d6_s45
cross_cell_4,4,29,128,eff_su2_r5_d2,MNIST_QNN_eff_su2_r5_d2_s43;MNIST_QNN_eff_su2_r5_d2_s44;MNIST_QNN_eff_su2_r5_d2_s45,MNIST_QNN_z_r1_d6_s45;MNIST_QNN_zz_r1_d6_s43;MNIST_QNN_zz_r5_d6_s43;MNIST_QNN_zz_r5_d6_s44
cross_cell_4,4,29,128,z_r1_d6,MNIST_QNN_z_r1_d6_s43;MNIST_QNN_z_r1_d6_s44;MNIST_QNN_z_r1_d6_s45,MNIST_QNN_eff_su2_r5_d2_s44;MNIST_QNN_eff_su2_r5_d2_s45;MNIST_QNN_zz_r5_d6_s43;MNIST_QNN_zz_r5_d6_s44
cross_cell_4,4,29,128,zz_r1_d6,MNIST_QNN_zz_r1_d6_s43;MNIST_QNN_zz_r1_d6_s44;MNIST_QNN_zz_r1_d6_s45,MNIST_QNN_eff_su2_r5_d2_s44;MNIST_QNN_eff_su2_r5_d2_s45;MNIST_QNN_z_r1_d6_s45;MNIST_QNN_zz_r5_d6_s44
cross_cell_4,4,29,128,zz_r5_d6,MNIST_QNN_zz_r5_d6_s43;MNIST_QNN_zz_r5_d6_s44;MNIST_QNN_zz_r5_d6_s45,MNIST_QNN_eff_su2_r5_d2_s44;MNIST_QNN_z_r1_d6_s45;MNIST_QNN_zz_r1_d6_s43;MNIST_QNN_zz_r1_d6_s45
cross_cell_4,4,30,128,eff_su2_r1_d2,MNIST_QNN_eff_su2_r1_d2_s43;MNIST_QNN_eff_su2_r1_d2_s44;MNIST_QNN_eff_su2_r1_d2_s45,MNIST_QNN_z_r1_d6_s45;MNIST_QNN_zz_r1_d6_s43;MNIST_QNN_zz_r1_d6_s44;MNIST_QNN_zz_r5_d6_s44
cross_cell_4,4,30,128,eff_su2_r5_d2,MNIST_QNN_eff_su2_r5_d2_s43;MNIST_QNN_eff_su2_r5_d2_s44;MNIST_QNN_eff_su2_r5_d2_s45,MNIST_QNN_z_r1_d6_s45;MNIST_QNN_zz_r1_d6_s45;MNIST_QNN_zz_r5_d6_s43;MNIST_QNN_zz_r5_d6_s45
cross_cell_4,4,30,128,z_r1_d6,MNIST_QNN_z_r1_d6_s43;MNIST_QNN_z_r1_d6_s44;MNIST_QNN_z_r1_d6_s45,MNIST_QNN_eff_su2_r5_d2_s44;MNIST_QNN_zz_r1_d6_s45;MNIST_QNN_zz_r5_d6_s44;MNIST_QNN_zz_r5_d6_s45
cross_cell_4,4,30,128,zz_r1_d6,MNIST_QNN_zz_r1_d6_s43;MNIST_QNN_zz_r1_d6_s44;MNIST_QNN_zz_r1_d6_s45,MNIST_QNN_eff_su2_r5_d2_s45;MNIST_QNN_z_r1_d6_s43;MNIST_QNN_z_r1_d6_s44;MNIST_QNN_z_r1_d6_s45
cross_cell_4,4,30,128,zz_r5_d6,MNIST_QNN_zz_r5_d6_s43;MNIST_QNN_zz_r5_d6_s44;MNIST_QNN_zz_r5_d6_s45,MNIST_QNN_z_r1_d6_s43;MNIST_QNN_z_r1_d6_s44;MNIST_QNN_z_r1_d6_s45;MNIST_QNN_zz_r1_d6_s43
cross_cell_4,4,31,128,eff_su2_r1_d2,MNIST_QNN_eff_su2_r1_d2_s43;MNIST_QNN_eff_su2_r1_d2_s44;MNIST_QNN_eff_su2_r1_d2_s45,MNIST_QNN_zz_r1_d6_s43;MNIST_QNN_zz_r1_d6_s44;MNIST_QNN_zz_r5_d6_s43;MNIST_QNN_zz_r5_d6_s44
cross_cell_4,4,31,128,eff_su2_r5_d2,MNIST_QNN_eff_su2_r5_d2_s43;MNIST_QNN_eff_su2_r5_d2_s44;MNIST_QNN_eff_su2_r5_d2_s45,MNIST_QNN_z_r1_d6_s45;MNIST_QNN_zz_r5_d6_s43;MNIST_QNN_zz_r5_d6_s44;MNIST_QNN_zz_r5_d6_s45
cross_cell_4,4,31,128,z_r1_d6,MNIST_QNN_z_r1_d6_s43;MNIST_QNN_z_r1_d6_s44;MNIST_QNN_z_r1_d6_s45,MNIST_QNN_eff_su2_r5_d2_s45;MNIST_QNN_zz_r1_d6_s44;MNIST_QNN_zz_r1_d6_s45;MNIST_QNN_zz_r5_d6_s43
cross_cell_4,4,31,128,zz_r1_d6,MNIST_QNN_zz_r1_d6_s43;MNIST_QNN_zz_r1_d6_s44;MNIST_QNN_zz_r1_d6_s45,MNIST_QNN_eff_su2_r5_d2_s45;MNIST_QNN_z_r1_d6_s43;MNIST_QNN_z_r1_d6_s44;MNIST_QNN_zz_r5_d6_s43
cross_cell_4,4,31,128,zz_r5_d6,MNIST_QNN_zz_r5_d6_s43;MNIST_QNN_zz_r5_d6_s44;MNIST_QNN_zz_r5_d6_s45,MNIST_QNN_z_r1_d6_s43;MNIST_QNN_z_r1_d6_s45;MNIST_QNN_zz_r1_d6_s44;MNIST_QNN_zz_r1_d6_s45
cross_cell_8,8,0,128,eff_su2_r1_d2,MNIST_QNN_eff_su2_r1_d2_s43;MNIST_QNN_eff_su2_r1_d2_s44;MNIST_QNN_eff_su2_r1_d2_s45,MNIST_QNN_eff_su2_r5_d2_s43;MNIST_QNN_eff_su2_r5_d2_s44;MNIST_QNN_eff_su2_r5_d2_s45;MNIST_QNN_z_r1_d6_s43;MNIST_QNN_z_r1_d6_s44;MNIST_QNN_z_r1_d6_s45;MNIST_QNN_zz_r1_d6_s44;MNIST_QNN_zz_r5_d6_s44
cross_cell_8,8,0,128,eff_su2_r5_d2,MNIST_QNN_eff_su2_r5_d2_s43;MNIST_QNN_eff_su2_r5_d2_s44;MNIST_QNN_eff_su2_r5_d2_s45,MNIST_QNN_eff_su2_r1_d2_s43;MNIST_QNN_eff_su2_r1_d2_s44;MNIST_QNN_eff_su2_r1_d2_s45;MNIST_QNN_z_r1_d6_s43;MNIST_QNN_z_r1_d6_s45;MNIST_QNN_zz_r1_d6_s43;MNIST_QNN_zz_r1_d6_s45;MNIST_QNN_zz_r5_d6_s44
cross_cell_8,8,0,128,z_r1_d6,MNIST_QNN_z_r1_d6_s43;MNIST_QNN_z_r1_d6_s44;MNIST_QNN_z_r1_d6_s45,MNIST_QNN_eff_su2_r1_d2_s43;MNIST_QNN_eff_su2_r1_d2_s44;MNIST_QNN_eff_su2_r1_d2_s45;MNIST_QNN_eff_su2_r5_d2_s43;MNIST_QNN_eff_su2_r5_d2_s44;MNIST_QNN_zz_r1_d6_s44;MNIST_QNN_zz_r5_d6_s44;MNIST_QNN_zz_r5_d6_s45
cross_cell_8,8,0,128,zz_r1_d6,MNIST_QNN_zz_r1_d6_s43;MNIST_QNN_zz_r1_d6_s44;MNIST_QNN_zz_r1_d6_s45,MNIST_QNN_eff_su2_r1_d2_s43;MNIST_QNN_eff_su2_r1_d2_s44;MNIST_QNN_eff_su2_r1_d2_s45;MNIST_QNN_eff_su2_r5_d2_s43;MNIST_QNN_eff_su2_r5_d2_s44;MNIST_QNN_z_r1_d6_s44;MNIST_QNN_zz_r5_d6_s44;MNIST_QNN_zz_r5_d6_s45
cross_cell_8,8,0,128,zz_r5_d6,MNIST_QNN_zz_r5_d6_s43;MNIST_QNN_zz_r5_d6_s44;MNIST_QNN_zz_r5_d6_s45,MNIST_QNN_eff_su2_r1_d2_s43;MNIST_QNN_eff_su2_r1_d2_s44;MNIST_QNN_eff_su2_r1_d2_s45;MNIST_QNN_eff_su2_r5_d2_s43;MNIST_QNN_eff_su2_r5_d2_s45;MNIST_QNN_zz_r1_d6_s43;MNIST_QNN_zz_r1_d6_s44;MNIST_QNN_zz_r1_d6_s45
cross_cell_8,8,1,128,eff_su2_r1_d2,MNIST_QNN_eff_su2_r1_d2_s43;MNIST_QNN_eff_su2_r1_d2_s44;MNIST_QNN_eff_su2_r1_d2_s45,MNIST_QNN_eff_su2_r5_d2_s43;MNIST_QNN_eff_su2_r5_d2_s44;MNIST_QNN_eff_su2_r5_d2_s45;MNIST_QNN_z_r1_d6_s43;MNIST_QNN_z_r1_d6_s44;MNIST_QNN_z_r1_d6_s45;MNIST_QNN_zz_r5_d6_s43;MNIST_QNN_zz_r5_d6_s44
cross_cell_8,8,1,128,eff_su2_r5_d2,MNIST_QNN_eff_su2_r5_d2_s43;MNIST_QNN_eff_su2_r5_d2_s44;MNIST_QNN_eff_su2_r5_d2_s45,MNIST_QNN_eff_su2_r1_d2_s43;MNIST_QNN_eff_su2_r1_d2_s44;MNIST_QNN_eff_su2_r1_d2_s45;MNIST_QNN_z_r1_d6_s43;MNIST_QNN_z_r1_d6_s45;MNIST_QNN_zz_r1_d6_s43;MNIST_QNN_zz_r5_d6_s43;MNIST_QNN_zz_r5_d6_s45
cross_cell_8,8,1,128,z_r1_d6,MNIST_QNN_z_r1_d6_s43;MNIST_QNN_z_r1_d6_s44;MNIST_QNN_z_r1_d6_s45,MNIST_QNN_eff_su2_r1_d2_s43;MNIST_QNN_eff_su2_r1_d2_s44;MNIST_QNN_eff_su2_r1_d2_s45;MNIST_QNN_eff_su2_r5_d2_s43;MNIST_QNN_eff_su2_r5_d2_s45;MNIST_QNN_zz_r1_d6_s43;MNIST_QNN_zz_r1_d6_s45;MNIST_QNN_zz_r5_d6_s43
cross_cell_8,8,1,128,zz_r1_d6,MNIST_QNN_zz_r1_d6_s43;MNIST_QNN_zz_r1_d6_s44;MNIST_QNN_zz_r1_d6_s45,MNIST_QNN_eff_su2_r1_d2_s43;MNIST_QNN_eff_su2_r1_d2_s44;MNIST_QNN_eff_su2_r1_d2_s45;MNIST_QNN_eff_su2_r5_d2_s43;MNIST_QNN_eff_su2_r5_d2_s45;MNIST_QNN_z_r1_d6_s44;MNIST_QNN_zz_r5_d6_s43;MNIST_QNN_zz_r5_d6_s44
cross_cell_8,8,1,128,zz_r5_d6,MNIST_QNN_zz_r5_d6_s43;MNIST_QNN_zz_r5_d6_s44;MNIST_QNN_zz_r5_d6_s45,MNIST_QNN_eff_su2_r1_d2_s43;MNIST_QNN_eff_su2_r1_d2_s44;MNIST_QNN_eff_su2_r1_d2_s45;MNIST_QNN_eff_su2_r5_d2_s43;MNIST_QNN_z_r1_d6_s44;MNIST_QNN_zz_r1_d6_s43;MNIST_QNN_zz_r1_d6_s44;MNIST_QNN_zz_r1_d6_s45
cross_cell_8,8,2,128,eff_su2_r1_d2,MNIST_QNN_eff_su2_r1_d2_s43;MNIST_QNN_eff_su2_r1_d2_s44;MNIST_QNN_eff_su2_r1_d2_s45,MNIST_QNN_eff_su2_r5_d2_s43;MNIST_QNN_eff_su2_r5_d2_s44;MNIST_QNN_eff_su2_r5_d2_s45;MNIST_QNN_z_r1_d6_s43;MNIST_QNN_z_r1_d6_s45;MNIST_QNN_zz_r1_d6_s44;MNIST_QNN_zz_r5_d6_s44;MNIST_QNN_zz_r5_d6_s45
cross_cell_8,8,2,128,eff_su2_r5_d2,MNIST_QNN_eff_su2_r5_d2_s43;MNIST_QNN_eff_su2_r5_d2_s44;MNIST_QNN_eff_su2_r5_d2_s45,MNIST_QNN_eff_su2_r1_d2_s43;MNIST_QNN_eff_su2_r1_d2_s44;MNIST_QNN_eff_su2_r1_d2_s45;MNIST_QNN_z_r1_d6_s43;MNIST_QNN_z_r1_d6_s45;MNIST_QNN_zz_r1_d6_s43;MNIST_QNN_zz_r5_d6_s44;MNIST_QNN_zz_r5_d6_s45
cross_cell_8,8,2,128,z_r1_d6,MNIST_QNN_z_r1_d6_s43;MNIST_QNN_z_r1_d6_s44;MNIST_QNN_z_r1_d6_s45,MNIST_QNN_eff_su2_r1_d2_s43;MNIST_QNN_eff_su2_r1_d2_s44;MNIST_QNN_eff_su2_r1_d2_s45;MNIST_QNN_eff_su2_r5_d2_s43;MNIST_QNN_eff_su2_r5_d2_s45;MNIST_QNN_zz_r1_d6_s44;MNIST_QNN_zz_r1_d6_s45;MNIST_QNN_zz_r5_d6_s45
cross_cell_8,8,2,128,zz_r1_d6,MNIST_QNN_zz_r1_d6_s43;MNIST_QNN_zz_r1_d6_s44;MNIST_QNN_zz_r1_d6_s45,MNIST_QNN_eff_su2_r1_d2_s43;MNIST_QNN_eff_su2_r1_d2_s44;MNIST_QNN_eff_su2_r1_d2_s45;MNIST_QNN_eff_su2_r5_d2_s43;MNIST_QNN_z_r1_d6_s44;MNIST_QNN_z_r1_d6_s45;MNIST_QNN_zz_r5_d6_s44;MNIST_QNN_zz_r5_d6_s45
cross_cell_8,8,2,128,zz_r5_d6,MNIST_QNN_zz_r5_d6_s43;MNIST_QNN_zz_r5_d6_s44;MNIST_QNN_zz_r5_d6_s45,MNIST_QNN_eff_su2_r1_d2_s43;MNIST_QNN_eff_su2_r1_d2_s44;MNIST_QNN_eff_su2_r1_d2_s45;MNIST_QNN_eff_su2_r5_d2_s44;MNIST_QNN_eff_su2_r5_d2_s45;MNIST_QNN_z_r1_d6_s44;MNIST_QNN_z_r1_d6_s45;MNIST_QNN_zz_r1_d6_s43
cross_cell_8,8,3,128,eff_su2_r1_d2,MNIST_QNN_eff_su2_r1_d2_s43;MNIST_QNN_eff_su2_r1_d2_s44;MNIST_QNN_eff_su2_r1_d2_s45,MNIST_QNN_eff_su2_r5_d2_s43;MNIST_QNN_eff_su2_r5_d2_s44;MNIST_QNN_eff_su2_r5_d2_s45;MNIST_QNN_z_r1_d6_s43;MNIST_QNN_zz_r1_d6_s43;MNIST_QNN_zz_r5_d6_s43;MNIST_QNN_zz_r5_d6_s44;MNIST_QNN_zz_r5_d6_s45
cross_cell_8,8,3,128,eff_su2_r5_d2,MNIST_QNN_eff_su2_r5_d2_s43;MNIST_QNN_eff_su2_r5_d2_s44;MNIST_QNN_eff_su2_r5_d2_s45,MNIST_QNN_eff_su2_r1_d2_s43;MNIST_QNN_eff_su2_r1_d2_s44;MNIST_QNN_eff_su2_r1_d2_s45;MNIST_QNN_z_r1_d6_s43;MNIST_QNN_zz_r1_d6_s43;MNIST_QNN_zz_r1_d6_s45;MNIST_QNN_zz_r5_d6_s43;MNIST_QNN_zz_r5_d6_s45
cross_cell_8,8,3,128,z_r1_d6,MNIST_QNN_z_r1_d6_s43;MNIST_QNN_z_r1_d6_s44;MNIST_QNN_z_r1_d6_s45,MNIST_QNN_eff_su2_r1_d2_s43;MNIST_QNN_eff_su2_r1_d2_s44;MNIST_QNN_eff_su2_r1_d2_s45;MNIST_QNN_eff_su2_r5_d2_s43;MNIST_QNN_eff_su2_r5_d2_s45;MNIST_QNN_zz_r1_d6_s44;MNIST_QNN_zz_r5_d6_s43;MNIST_QNN_zz_r5_d6_s44
cross_cell_8,8,3,128,zz_r1_d6,MNIST_QNN_zz_r1_d6_s43;MNIST_QNN_zz_r1_d6_s44;MNIST_QNN_zz_r1_d6_s45,MNIST_QNN_eff_su2_r1_d2_s43;MNIST_QNN_eff_su2_r1_d2_s44;MNIST_QNN_eff_su2_r1_d2_s45;MNIST_QNN_eff_su2_r5_d2_s44;MNIST_QNN_eff_su2_r5_d2_s45;MNIST_QNN_z_r1_d6_s43;MNIST_QNN_zz_r5_d6_s44;MNIST_QNN_zz_r5_d6_s45
cross_cell_8,8,3,128,zz_r5_d6,MNIST_QNN_zz_r5_d6_s43;MNIST_QNN_zz_r5_d6_s44;MNIST_QNN_zz_r5_d6_s45,MNIST_QNN_eff_su2_r1_d2_s43;MNIST_QNN_eff_su2_r1_d2_s44;MNIST_QNN_eff_su2_r1_d2_s45;MNIST_QNN_eff_su2_r5_d2_s44;MNIST_QNN_eff_su2_r5_d2_s45;MNIST_QNN_z_r1_d6_s44;MNIST_QNN_z_r1_d6_s45;MNIST_QNN_zz_r1_d6_s45
cross_cell_8,8,4,128,eff_su2_r1_d2,MNIST_QNN_eff_su2_r1_d2_s43;MNIST_QNN_eff_su2_r1_d2_s44;MNIST_QNN_eff_su2_r1_d2_s45,MNIST_QNN_eff_su2_r5_d2_s43;MNIST_QNN_eff_su2_r5_d2_s44;MNIST_QNN_eff_su2_r5_d2_s45;MNIST_QNN_z_r1_d6_s43;MNIST_QNN_zz_r1_d6_s44;MNIST_QNN_zz_r1_d6_s45;MNIST_QNN_zz_r5_d6_s44;MNIST_QNN_zz_r5_d6_s45
cross_cell_8,8,4,128,eff_su2_r5_d2,MNIST_QNN_eff_su2_r5_d2_s43;MNIST_QNN_eff_su2_r5_d2_s44;MNIST_QNN_eff_su2_r5_d2_s45,MNIST_QNN_eff_su2_r1_d2_s43;MNIST_QNN_eff_su2_r1_d2_s44;MNIST_QNN_eff_su2_r1_d2_s45;MNIST_QNN_z_r1_d6_s43;MNIST_QNN_zz_r1_d6_s44;MNIST_QNN_zz_r5_d6_s43;MNIST_QNN_zz_r5_d6_s44;MNIST_QNN_zz_r5_d6_s45
cross_cell_8,8,4,128,z_r1_d6,MNIST_QNN_z_r1_d6_s43;MNIST_QNN_z_r1_d6_s44;MNIST_QNN_z_r1_d6_s45,MNIST_QNN_eff_su2_r1_d2_s43;MNIST_QNN_eff_su2_r1_d2_s44;MNIST_QNN_eff_su2_r1_d2_s45;MNIST_QNN_eff_su2_r5_d2_s44;MNIST_QNN_eff_su2_r5_d2_s45;MNIST_QNN_zz_r1_d6_s43;MNIST_QNN_zz_r1_d6_s44;MNIST_QNN_zz_r5_d6_s43
cross_cell_8,8,4,128,zz_r1_d6,MNIST_QNN_zz_r1_d6_s43;MNIST_QNN_zz_r1_d6_s44;MNIST_QNN_zz_r1_d6_s45,MNIST_QNN_eff_su2_r1_d2_s43;MNIST_QNN_eff_su2_r1_d2_s44;MNIST_QNN_eff_su2_r1_d2_s45;MNIST_QNN_eff_su2_r5_d2_s44;MNIST_QNN_eff_su2_r5_d2_s45;MNIST_QNN_zz_r5_d6_s43;MNIST_QNN_zz_r5_d6_s44;MNIST_QNN_zz_r5_d6_s45
cross_cell_8,8,4,128,zz_r5_d6,MNIST_QNN_zz_r5_d6_s43;MNIST_QNN_zz_r5_d6_s44;MNIST_QNN_zz_r5_d6_s45,MNIST_QNN_eff_su2_r1_d2_s43;MNIST_QNN_eff_su2_r1_d2_s44;MNIST_QNN_eff_su2_r1_d2_s45;MNIST_QNN_eff_su2_r5_d2_s44;MNIST_QNN_z_r1_d6_s43;MNIST_QNN_z_r1_d6_s44;MNIST_QNN_z_r1_d6_s45;MNIST_QNN_zz_r1_d6_s44
cross_cell_8,8,5,128,eff_su2_r1_d2,MNIST_QNN_eff_su2_r1_d2_s43;MNIST_QNN_eff_su2_r1_d2_s44;MNIST_QNN_eff_su2_r1_d2_s45,MNIST_QNN_eff_su2_r5_d2_s43;MNIST_QNN_eff_su2_r5_d2_s44;MNIST_QNN_eff_su2_r5_d2_s45;MNIST_QNN_z_r1_d6_s44;MNIST_QNN_z_r1_d6_s45;MNIST_QNN_zz_r1_d6_s43;MNIST_QNN_zz_r1_d6_s44;MNIST_QNN_zz_r5_d6_s44
cross_cell_8,8,5,128,eff_su2_r5_d2,MNIST_QNN_eff_su2_r5_d2_s43;MNIST_QNN_eff_su2_r5_d2_s44;MNIST_QNN_eff_su2_r5_d2_s45,MNIST_QNN_eff_su2_r1_d2_s43;MNIST_QNN_eff_su2_r1_d2_s44;MNIST_QNN_eff_su2_r1_d2_s45;MNIST_QNN_z_r1_d6_s44;MNIST_QNN_z_r1_d6_s45;MNIST_QNN_zz_r1_d6_s43;MNIST_QNN_zz_r1_d6_s44;MNIST_QNN_zz_r5_d6_s43
cross_cell_8,8,5,128,z_r1_d6,MNIST_QNN_z_r1_d6_s43;MNIST_QNN_z_r1_d6_s44;MNIST_QNN_z_r1_d6_s45,MNIST_QNN_eff_su2_r1_d2_s43;MNIST_QNN_eff_su2_r1_d2_s44;MNIST_QNN_eff_su2_r1_d2_s45;MNIST_QNN_eff_su2_r5_d2_s44;MNIST_QNN_eff_su2_r5_d2_s45;MNIST_QNN_zz_r1_d6_s43;MNIST_QNN_zz_r1_d6_s45;MNIST_QNN_zz_r5_d6_s43
cross_cell_8,8,5,128,zz_r1_d6,MNIST_QNN_zz_r1_d6_s43;MNIST_QNN_zz_r1_d6_s44;MNIST_QNN_zz_r1_d6_s45,MNIST_QNN_eff_su2_r1_d2_s43;MNIST_QNN_eff_su2_r1_d2_s44;MNIST_QNN_eff_su2_r1_d2_s45;MNIST_QNN_eff_su2_r5_d2_s45;MNIST_QNN_z_r1_d6_s43;MNIST_QNN_z_r1_d6_s45;MNIST_QNN_zz_r5_d6_s43;MNIST_QNN_zz_r5_d6_s44
cross_cell_8,8,5,128,zz_r5_d6,MNIST_QNN_zz_r5_d6_s43;MNIST_QNN_zz_r5_d6_s44;MNIST_QNN_zz_r5_d6_s45,MNIST_QNN_eff_su2_r1_d2_s43;MNIST_QNN_eff_su2_r1_d2_s44;MNIST_QNN_eff_su2_r1_d2_s45;MNIST_QNN_eff_su2_r5_d2_s45;MNIST_QNN_z_r1_d6_s43;MNIST_QNN_z_r1_d6_s44;MNIST_QNN_zz_r1_d6_s43;MNIST_QNN_zz_r1_d6_s44
cross_cell_8,8,6,128,eff_su2_r1_d2,MNIST_QNN_eff_su2_r1_d2_s43;MNIST_QNN_eff_su2_r1_d2_s44;MNIST_QNN_eff_su2_r1_d2_s45,MNIST_QNN_eff_su2_r5_d2_s43;MNIST_QNN_eff_su2_r5_d2_s44;MNIST_QNN_eff_su2_r5_d2_s45;MNIST_QNN_z_r1_d6_s44;MNIST_QNN_z_r1_d6_s45;MNIST_QNN_zz_r1_d6_s44;MNIST_QNN_zz_r5_d6_s43;MNIST_QNN_zz_r5_d6_s45
cross_cell_8,8,6,128,eff_su2_r5_d2,MNIST_QNN_eff_su2_r5_d2_s43;MNIST_QNN_eff_su2_r5_d2_s44;MNIST_QNN_eff_su2_r5_d2_s45,MNIST_QNN_eff_su2_r1_d2_s43;MNIST_QNN_eff_su2_r1_d2_s44;MNIST_QNN_eff_su2_r1_d2_s45;MNIST_QNN_z_r1_d6_s44;MNIST_QNN_z_r1_d6_s45;MNIST_QNN_zz_r1_d6_s43;MNIST_QNN_zz_r1_d6_s44;MNIST_QNN_zz_r5_d6_s45
cross_cell_8,8,6,128,z_r1_d6,MNIST_QNN_z_r1_d6_s43;MNIST_QNN_z_r1_d6_s44;MNIST_QNN_z_r1_d6_s45,MNIST_QNN_eff_su2_r1_d2_s43;MNIST_QNN_eff_su2_r1_d2_s44;MNIST_QNN_eff_su2_r1_d2_s45;MNIST_QNN_eff_su2_r5_d2_s44;MNIST_QNN_eff_su2_r5_d2_s45;MNIST_QNN_zz_r1_d6_s44;MNIST_QNN_zz_r5_d6_s43;MNIST_QNN_zz_r5_d6_s44
cross_cell_8,8,6,128,zz_r1_d6,MNIST_QNN_zz_r1_d6_s43;MNIST_QNN_zz_r1_d6_s44;MNIST_QNN_zz_r1_d6_s45,MNIST_QNN_eff_su2_r1_d2_s43;MNIST_QNN_eff_su2_r1_d2_s44;MNIST_QNN_eff_su2_r5_d2_s43;MNIST_QNN_eff_su2_r5_d2_s44;MNIST_QNN_z_r1_d6_s43;MNIST_QNN_z_r1_d6_s44;MNIST_QNN_zz_r5_d6_s43;MNIST_QNN_zz_r5_d6_s44
cross_cell_8,8,6,128,zz_r5_d6,MNIST_QNN_zz_r5_d6_s43;MNIST_QNN_zz_r5_d6_s44;MNIST_QNN_zz_r5_d6_s45,MNIST_QNN_eff_su2_r1_d2_s43;MNIST_QNN_eff_su2_r1_d2_s44;MNIST_QNN_eff_su2_r5_d2_s43;MNIST_QNN_eff_su2_r5_d2_s44;MNIST_QNN_z_r1_d6_s43;MNIST_QNN_z_r1_d6_s44;MNIST_QNN_z_r1_d6_s45;MNIST_QNN_zz_r1_d6_s44
cross_cell_8,8,7,128,eff_su2_r1_d2,MNIST_QNN_eff_su2_r1_d2_s43;MNIST_QNN_eff_su2_r1_d2_s44;MNIST_QNN_eff_su2_r1_d2_s45,MNIST_QNN_eff_su2_r5_d2_s43;MNIST_QNN_eff_su2_r5_d2_s44;MNIST_QNN_eff_su2_r5_d2_s45;MNIST_QNN_z_r1_d6_s44;MNIST_QNN_zz_r1_d6_s43;MNIST_QNN_zz_r1_d6_s44;MNIST_QNN_zz_r1_d6_s45;MNIST_QNN_zz_r5_d6_s45
cross_cell_8,8,7,128,eff_su2_r5_d2,MNIST_QNN_eff_su2_r5_d2_s43;MNIST_QNN_eff_su2_r5_d2_s44;MNIST_QNN_eff_su2_r5_d2_s45,MNIST_QNN_eff_su2_r1_d2_s43;MNIST_QNN_eff_su2_r1_d2_s44;MNIST_QNN_eff_su2_r1_d2_s45;MNIST_QNN_z_r1_d6_s44;MNIST_QNN_z_r1_d6_s45;MNIST_QNN_zz_r1_d6_s45;MNIST_QNN_zz_r5_d6_s44;MNIST_QNN_zz_r5_d6_s45
cross_cell_8,8,7,128,z_r1_d6,MNIST_QNN_z_r1_d6_s43;MNIST_QNN_z_r1_d6_s44;MNIST_QNN_z_r1_d6_s45,MNIST_QNN_eff_su2_r1_d2_s43;MNIST_QNN_eff_su2_r1_d2_s44;MNIST_QNN_eff_su2_r1_d2_s45;MNIST_QNN_eff_su2_r5_d2_s44;MNIST_QNN_zz_r1_d6_s43;MNIST_QNN_zz_r1_d6_s44;MNIST_QNN_zz_r5_d6_s43;MNIST_QNN_zz_r5_d6_s44
cross_cell_8,8,7,128,zz_r1_d6,MNIST_QNN_zz_r1_d6_s43;MNIST_QNN_zz_r1_d6_s44;MNIST_QNN_zz_r1_d6_s45,MNIST_QNN_eff_su2_r1_d2_s43;MNIST_QNN_eff_su2_r1_d2_s44;MNIST_QNN_eff_su2_r5_d2_s43;MNIST_QNN_z_r1_d6_s44;MNIST_QNN_z_r1_d6_s45;MNIST_QNN_zz_r5_d6_s43;MNIST_QNN_zz_r5_d6_s44;MNIST_QNN_zz_r5_d6_s45
cross_cell_8,8,7,128,zz_r5_d6,MNIST_QNN_zz_r5_d6_s43;MNIST_QNN_zz_r5_d6_s44;MNIST_QNN_zz_r5_d6_s45,MNIST_QNN_eff_su2_r1_d2_s43;MNIST_QNN_eff_su2_r1_d2_s44;MNIST_QNN_eff_su2_r5_d2_s43;MNIST_QNN_eff_su2_r5_d2_s45;MNIST_QNN_z_r1_d6_s43;MNIST_QNN_z_r1_d6_s44;MNIST_QNN_z_r1_d6_s45;MNIST_QNN_zz_r1_d6_s45
cross_cell_8,8,8,128,eff_su2_r1_d2,MNIST_QNN_eff_su2_r1_d2_s43;MNIST_QNN_eff_su2_r1_d2_s44;MNIST_QNN_eff_su2_r1_d2_s45,MNIST_QNN_eff_su2_r5_d2_s43;MNIST_QNN_eff_su2_r5_d2_s44;MNIST_QNN_eff_su2_r5_d2_s45;MNIST_QNN_z_r1_d6_s45;MNIST_QNN_zz_r1_d6_s43;MNIST_QNN_zz_r1_d6_s44;MNIST_QNN_zz_r5_d6_s44;MNIST_QNN_zz_r5_d6_s45
cross_cell_8,8,8,128,eff_su2_r5_d2,MNIST_QNN_eff_su2_r5_d2_s43;MNIST_QNN_eff_su2_r5_d2_s44;MNIST_QNN_eff_su2_r5_d2_s45,MNIST_QNN_eff_su2_r1_d2_s43;MNIST_QNN_eff_su2_r1_d2_s44;MNIST_QNN_eff_su2_r1_d2_s45;MNIST_QNN_z_r1_d6_s44;MNIST_QNN_zz_r1_d6_s43;MNIST_QNN_zz_r1_d6_s45;MNIST_QNN_zz_r5_d6_s44;MNIST_QNN_zz_r5_d6_s45
cross_cell_8,8,8,128,z_r1_d6,MNIST_QNN_z_r1_d6_s43;MNIST_QNN_z_r1_d6_s44;MNIST_QNN_z_r1_d6_s45,MNIST_QNN_eff_su2_r1_d2_s43;MNIST_QNN_eff_su2_r1_d2_s44;MNIST_QNN_eff_su2_r1_d2_s45;MNIST_QNN_eff_su2_r5_d2_s44;MNIST_QNN_zz_r1_d6_s44;MNIST_QNN_zz_r1_d6_s45;MNIST_QNN_zz_r5_d6_s43;MNIST_QNN_zz_r5_d6_s45
cross_cell_8,8,8,128,zz_r1_d6,MNIST_QNN_zz_r1_d6_s43;MNIST_QNN_zz_r1_d6_s44;MNIST_QNN_zz_r1_d6_s45,MNIST_QNN_eff_su2_r1_d2_s43;MNIST_QNN_eff_su2_r1_d2_s44;MNIST_QNN_eff_su2_r5_d2_s44;MNIST_QNN_eff_su2_r5_d2_s45;MNIST_QNN_z_r1_d6_s43;MNIST_QNN_z_r1_d6_s44;MNIST_QNN_z_r1_d6_s45;MNIST_QNN_zz_r5_d6_s44
cross_cell_8,8,8,128,zz_r5_d6,MNIST_QNN_zz_r5_d6_s43;MNIST_QNN_zz_r5_d6_s44;MNIST_QNN_zz_r5_d6_s45,MNIST_QNN_eff_su2_r1_d2_s43;MNIST_QNN_eff_su2_r1_d2_s44;MNIST_QNN_eff_su2_r5_d2_s44;MNIST_QNN_eff_su2_r5_d2_s45;MNIST_QNN_z_r1_d6_s43;MNIST_QNN_z_r1_d6_s44;MNIST_QNN_zz_r1_d6_s43;MNIST_QNN_zz_r1_d6_s44
cross_cell_8,8,9,128,eff_su2_r1_d2,MNIST_QNN_eff_su2_r1_d2_s43;MNIST_QNN_eff_su2_r1_d2_s44;MNIST_QNN_eff_su2_r1_d2_s45,MNIST_QNN_eff_su2_r5_d2_s43;MNIST_QNN_eff_su2_r5_d2_s44;MNIST_QNN_eff_su2_r5_d2_s45;MNIST_QNN_zz_r1_d6_s43;MNIST_QNN_zz_r1_d6_s44;MNIST_QNN_zz_r1_d6_s45;MNIST_QNN_zz_r5_d6_s43;MNIST_QNN_zz_r5_d6_s44
cross_cell_8,8,9,128,eff_su2_r5_d2,MNIST_QNN_eff_su2_r5_d2_s43;MNIST_QNN_eff_su2_r5_d2_s44;MNIST_QNN_eff_su2_r5_d2_s45,MNIST_QNN_eff_su2_r1_d2_s43;MNIST_QNN_eff_su2_r1_d2_s44;MNIST_QNN_eff_su2_r1_d2_s45;MNIST_QNN_z_r1_d6_s45;MNIST_QNN_zz_r1_d6_s43;MNIST_QNN_zz_r1_d6_s44;MNIST_QNN_zz_r1_d6_s45;MNIST_QNN_zz_r5_d6_s45
cross_cell_8,8,9,128,z_r1_d6,MNIST_QNN_z_r1_d6_s43;MNIST_QNN_z_r1_d6_s44;MNIST_QNN_z_r1_d6_s45,MNIST_QNN_eff_su2_r1_d2_s43;MNIST_QNN_eff_su2_r1_d2_s44;MNIST_QNN_eff_su2_r1_d2_s45;MNIST_QNN_eff_su2_r5_d2_s45;MNIST_QNN_zz_r1_d6_s44;MNIST_QNN_zz_r5_d6_s43;MNIST_QNN_zz_r5_d6_s44;MNIST_QNN_zz_r5_d6_s45
cross_cell_8,8,9,128,zz_r1_d6,MNIST_QNN_zz_r1_d6_s43;MNIST_QNN_zz_r1_d6_s44;MNIST_QNN_zz_r1_d6_s45,MNIST_QNN_eff_su2_r1_d2_s43;MNIST_QNN_eff_su2_r1_d2_s44;MNIST_QNN_eff_su2_r5_d2_s44;MNIST_QNN_eff_su2_r5_d2_s45;MNIST_QNN_z_r1_d6_s44;MNIST_QNN_zz_r5_d6_s43;MNIST_QNN_zz_r5_d6_s44;MNIST_QNN_zz_r5_d6_s45
cross_cell_8,8,9,128,zz_r5_d6,MNIST_QNN_zz_r5_d6_s43;MNIST_QNN_zz_r5_d6_s44;MNIST_QNN_zz_r5_d6_s45,MNIST_QNN_eff_su2_r1_d2_s43;MNIST_QNN_eff_su2_r1_d2_s44;MNIST_QNN_eff_su2_r5_d2_s44;MNIST_QNN_eff_su2_r5_d2_s45;MNIST_QNN_z_r1_d6_s43;MNIST_QNN_z_r1_d6_s44;MNIST_QNN_zz_r1_d6_s43;MNIST_QNN_zz_r1_d6_s45
cross_cell_8,8,10,128,eff_su2_r1_d2,MNIST_QNN_eff_su2_r1_d2_s43;MNIST_QNN_eff_su2_r1_d2_s44;MNIST_QNN_eff_su2_r1_d2_s45,MNIST_QNN_eff_su2_r5_d2_s43;MNIST_QNN_eff_su2_r5_d2_s44;MNIST_QNN_z_r1_d6_s43;MNIST_QNN_z_r1_d6_s44;MNIST_QNN_zz_r1_d6_s43;MNIST_QNN_zz_r1_d6_s45;MNIST_QNN_zz_r5_d6_s43;MNIST_QNN_zz_r5_d6_s44
cross_cell_8,8,10,128,eff_su2_r5_d2,MNIST_QNN_eff_su2_r5_d2_s43;MNIST_QNN_eff_su2_r5_d2_s44;MNIST_QNN_eff_su2_r5_d2_s45,MNIST_QNN_eff_su2_r1_d2_s43;MNIST_QNN_eff_su2_r1_d2_s44;MNIST_QNN_eff_su2_r1_d2_s45;MNIST_QNN_z_r1_d6_s45;MNIST_QNN_zz_r1_d6_s43;MNIST_QNN_zz_r1_d6_s45;MNIST_QNN_zz_r5_d6_s44;MNIST_QNN_zz_r5_d6_s45
cross_cell_8,8,10,128,z_r1_d6,MNIST_QNN_z_r1_d6_s43;MNIST_QNN_z_r1_d6_s44;MNIST_QNN_z_r1_d6_s45,MNIST_QNN_eff_su2_r1_d2_s43;MNIST_QNN_eff_su2_r1_d2_s44;MNIST_QNN_eff_su2_r5_d2_s43;MNIST_QNN_eff_su2_r5_d2_s44;MNIST_QNN_eff_su2_r5_d2_s45;MNIST_QNN_zz_r1_d6_s44;MNIST_QNN_zz_r5_d6_s43;MNIST_QNN_zz_r5_d6_s44
cross_cell_8,8,10,128,zz_r1_d6,MNIST_QNN_zz_r1_d6_s43;MNIST_QNN_zz_r1_d6_s44;MNIST_QNN_zz_r1_d6_s45,MNIST_QNN_eff_su2_r1_d2_s43;MNIST_QNN_eff_su2_r1_d2_s44;MNIST_QNN_eff_su2_r5_d2_s44;MNIST_QNN_z_r1_d6_s43;MNIST_QNN_z_r1_d6_s44;MNIST_QNN_z_r1_d6_s45;MNIST_QNN_zz_r5_d6_s43;MNIST_QNN_zz_r5_d6_s44
cross_cell_8,8,10,128,zz_r5_d6,MNIST_QNN_zz_r5_d6_s43;MNIST_QNN_zz_r5_d6_s44;MNIST_QNN_zz_r5_d6_s45,MNIST_QNN_eff_su2_r1_d2_s43;MNIST_QNN_eff_su2_r1_d2_s44;MNIST_QNN_eff_su2_r5_d2_s45;MNIST_QNN_z_r1_d6_s43;MNIST_QNN_z_r1_d6_s44;MNIST_QNN_z_r1_d6_s45;MNIST_QNN_zz_r1_d6_s43;MNIST_QNN_zz_r1_d6_s44
cross_cell_8,8,11,128,eff_su2_r1_d2,MNIST_QNN_eff_su2_r1_d2_s43;MNIST_QNN_eff_su2_r1_d2_s44;MNIST_QNN_eff_su2_r1_d2_s45,MNIST_QNN_eff_su2_r5_d2_s43;MNIST_QNN_eff_su2_r5_d2_s44;MNIST_QNN_z_r1_d6_s43;MNIST_QNN_z_r1_d6_s44;MNIST_QNN_zz_r1_d6_s44;MNIST_QNN_zz_r1_d6_s45;MNIST_QNN_zz_r5_d6_s44;MNIST_QNN_zz_r5_d6_s45
cross_cell_8,8,11,128,eff_su2_r5_d2,MNIST_QNN_eff_su2_r5_d2_s43;MNIST_QNN_eff_su2_r5_d2_s44;MNIST_QNN_eff_su2_r5_d2_s45,MNIST_QNN_eff_su2_r1_d2_s43;MNIST_QNN_eff_su2_r1_d2_s44;MNIST_QNN_eff_su2_r1_d2_s45;MNIST_QNN_z_r1_d6_s45;MNIST_QNN_zz_r1_d6_s44;MNIST_QNN_zz_r1_d6_s45;MNIST_QNN_zz_r5_d6_s43;MNIST_QNN_zz_r5_d6_s45
cross_cell_8,8,11,128,z_r1_d6,MNIST_QNN_z_r1_d6_s43;MNIST_QNN_z_r1_d6_s44;MNIST_QNN_z_r1_d6_s45,MNIST_QNN_eff_su2_r1_d2_s43;MNIST_QNN_eff_su2_r1_d2_s44;MNIST_QNN_eff_su2_r5_d2_s43;MNIST_QNN_eff_su2_r5_d2_s44;MNIST_QNN_eff_su2_r5_d2_s45;MNIST_QNN_zz_r5_d6_s43;MNIST_QNN_zz_r5_d6_s44;MNIST_QNN_zz_r5_d6_s45
cross_cell_8,8,11,128,zz_r1_d6,MNIST_QNN_zz_r1_d6_s43;MNIST_QNN_zz_r1_d6_s44;MNIST_QNN_zz_r1_d6_s45,MNIST_QNN_eff_su2_r1_d2_s43;MNIST_QNN_eff_su2_r1_d2_s45;MNIST_QNN_eff_su2_r5_d2_s43;MNIST_QNN_eff_su2_r5_d2_s44;MNIST_QNN_eff_su2_r5_d2_s45;MNIST_QNN_z_r1_d6_s43;MNIST_QNN_zz_r5_d6_s43;MNIST_QNN_zz_r5_d6_s44
cross_cell_8,8,11,128,zz_r5_d6,MNIST_QNN_zz_r5_d6_s43;MNIST_QNN_zz_r5_d6_s44;MNIST_QNN_zz_r5_d6_s45,MNIST_QNN_eff_su2_r1_d2_s43;MNIST_QNN_eff_su2_r1_d2_s45;MNIST_QNN_eff_su2_r5_d2_s43;MNIST_QNN_eff_su2_r5_d2_s44;MNIST_QNN_eff_su2_r5_d2_s45;MNIST_QNN_z_r1_d6_s43;MNIST_QNN_zz_r1_d6_s43;MNIST_QNN_zz_r1_d6_s45
cross_cell_8,8,12,128,eff_su2_r1_d2,MNIST_QNN_eff_su2_r1_d2_s43;MNIST_QNN_eff_su2_r1_d2_s44;MNIST_QNN_eff_su2_r1_d2_s45,MNIST_QNN_eff_su2_r5_d2_s43;MNIST_QNN_eff_su2_r5_d2_s44;MNIST_QNN_z_r1_d6_s43;MNIST_QNN_z_r1_d6_s45;MNIST_QNN_zz_r1_d6_s43;MNIST_QNN_zz_r1_d6_s45;MNIST_QNN_zz_r5_d6_s43;MNIST_QNN_zz_r5_d6_s44
cross_cell_8,8,12,128,eff_su2_r5_d2,MNIST_QNN_eff_su2_r5_d2_s43;MNIST_QNN_eff_su2_r5_d2_s44;MNIST_QNN_eff_su2_r5_d2_s45,MNIST_QNN_eff_su2_r1_d2_s43;MNIST_QNN_eff_su2_r1_d2_s44;MNIST_QNN_eff_su2_r1_d2_s45;MNIST_QNN_zz_r1_d6_s43;MNIST_QNN_zz_r1_d6_s44;MNIST_QNN_zz_r1_d6_s45;MNIST_QNN_zz_r5_d6_s44;MNIST_QNN_zz_r5_d6_s45
cross_cell_8,8,12,128,z_r1_d6,MNIST_QNN_z_r1_d6_s43;MNIST_QNN_z_r1_d6_s44;MNIST_QNN_z_r1_d6_s45,MNIST_QNN_eff_su2_r1_d2_s43;MNIST_QNN_eff_su2_r1_d2_s44;MNIST_QNN_eff_su2_r5_d2_s43;MNIST_QNN_eff_su2_r5_d2_s45;MNIST_QNN_zz_r1_d6_s43;MNIST_QNN_zz_r1_d6_s44;MNIST_QNN_zz_r1_d6_s45;MNIST_QNN_zz_r5_d6_s45
cross_cell_8,8,12,128,zz_r1_d6,MNIST_QNN_zz_r1_d6_s43;MNIST_QNN_zz_r1_d6_s44;MNIST_QNN_zz_r1_d6_s45,MNIST_QNN_eff_su2_r1_d2_s43;MNIST_QNN_eff_su2_r1_d2_s45;MNIST_QNN_eff_su2_r5_d2_s43;MNIST_QNN_eff_su2_r5_d2_s44;MNIST_QNN_eff_su2_r5_d2_s45;MNIST_QNN_z_r1_d6_s43;MNIST_QNN_zz_r5_d6_s43;MNIST_QNN_zz_r5_d6_s45
cross_cell_8,8,12,128,zz_r5_d6,MNIST_QNN_zz_r5_d6_s43;MNIST_QNN_zz_r5_d6_s44;MNIST_QNN_zz_r5_d6_s45,MNIST_QNN_eff_su2_r1_d2_s43;MNIST_QNN_eff_su2_r1_d2_s45;MNIST_QNN_eff_su2_r5_d2_s43;MNIST_QNN_eff_su2_r5_d2_s44;MNIST_QNN_eff_su2_r5_d2_s45;MNIST_QNN_zz_r1_d6_s43;MNIST_QNN_zz_r1_d6_s44;MNIST_QNN_zz_r1_d6_s45
cross_cell_8,8,13,128,eff_su2_r1_d2,MNIST_QNN_eff_su2_r1_d2_s43;MNIST_QNN_eff_su2_r1_d2_s44;MNIST_QNN_eff_su2_r1_d2_s45,MNIST_QNN_eff_su2_r5_d2_s43;MNIST_QNN_eff_su2_r5_d2_s44;MNIST_QNN_z_r1_d6_s44;MNIST_QNN_z_r1_d6_s45;MNIST_QNN_zz_r1_d6_s45;MNIST_QNN_zz_r5_d6_s43;MNIST_QNN_zz_r5_d6_s44;MNIST_QNN_zz_r5_d6_s45
cross_cell_8,8,13,128,eff_su2_r5_d2,MNIST_QNN_eff_su2_r5_d2_s43;MNIST_QNN_eff_su2_r5_d2_s44;MNIST_QNN_eff_su2_r5_d2_s45,MNIST_QNN_eff_su2_r1_d2_s43;MNIST_QNN_eff_su2_r1_d2_s44;MNIST_QNN_z_r1_d6_s43;MNIST_QNN_z_r1_d6_s44;MNIST_QNN_z_r1_d6_s45;MNIST_QNN_zz_r1_d6_s43;MNIST_QNN_zz_r1_d6_s44;MNIST_QNN_zz_r1_d6_s45
cross_cell_8,8,13,128,z_r1_d6,MNIST_QNN_z_r1_d6_s43;MNIST_QNN_z_r1_d6_s44;MNIST_QNN_z_r1_d6_s45,MNIST_QNN_eff_su2_r1_d2_s43;MNIST_QNN_eff_su2_r1_d2_s44;MNIST_QNN_eff_su2_r5_d2_s43;MNIST_QNN_zz_r1_d6_s43;MNIST_QNN_zz_r1_d6_s45;MNIST_QNN_zz_r5_d6_s43;MNIST_QNN_zz_r5_d6_s44;MNIST_QNN_zz_r5_d6_s45
cross_cell_8,8,13,128,zz_r1_d6,MNIST_QNN_zz_r1_d6_s43;MNIST_QNN_zz_r1_d6_s44;MNIST_QNN_zz_r1_d6_s45,MNIST_QNN_eff_su2_r1_d2_s43;MNIST_QNN_eff_su2_r1_d2_s45;MNIST_QNN_eff_su2_r5_d2_s43;MNIST_QNN_eff_su2_r5_d2_s44;MNIST_QNN_eff_su2_r5_d2_s45;MNIST_QNN_z_r1_d6_s45;MNIST_QNN_zz_r5_d6_s44;MNIST_QNN_zz_r5_d6_s45
cross_cell_8,8,13,128,zz_r5_d6,MNIST_QNN_zz_r5_d6_s43;MNIST_QNN_zz_r5_d6_s44;MNIST_QNN_zz_r5_d6_s45,MNIST_QNN_eff_su2_r1_d2_s43;MNIST_QNN_eff_su2_r1_d2_s45;MNIST_QNN_eff_su2_r5_d2_s43;MNIST_QNN_eff_su2_r5_d2_s44;MNIST_QNN_z_r1_d6_s43;MNIST_QNN_z_r1_d6_s45;MNIST_QNN_zz_r1_d6_s43;MNIST_QNN_zz_r1_d6_s44
cross_cell_8,8,14,128,eff_su2_r1_d2,MNIST_QNN_eff_su2_r1_d2_s43;MNIST_QNN_eff_su2_r1_d2_s44;MNIST_QNN_eff_su2_r1_d2_s45,MNIST_QNN_eff_su2_r5_d2_s43;MNIST_QNN_eff_su2_r5_d2_s44;MNIST_QNN_z_r1_d6_s44;MNIST_QNN_zz_r1_d6_s43;MNIST_QNN_zz_r1_d6_s44;MNIST_QNN_zz_r1_d6_s45;MNIST_QNN_zz_r5_d6_s44;MNIST_QNN_zz_r5_d6_s45
cross_cell_8,8,14,128,eff_su2_r5_d2,MNIST_QNN_eff_su2_r5_d2_s43;MNIST_QNN_eff_su2_r5_d2_s44;MNIST_QNN_eff_su2_r5_d2_s45,MNIST_QNN_eff_su2_r1_d2_s43;MNIST_QNN_eff_su2_r1_d2_s44;MNIST_QNN_z_r1_d6_s43;MNIST_QNN_z_r1_d6_s44;MNIST_QNN_zz_r1_d6_s43;MNIST_QNN_zz_r5_d6_s43;MNIST_QNN_zz_r5_d6_s44;MNIST_QNN_zz_r5_d6_s45
cross_cell_8,8,14,128,z_r1_d6,MNIST_QNN_z_r1_d6_s43;MNIST_QNN_z_r1_d6_s44;MNIST_QNN_z_r1_d6_s45,MNIST_QNN_eff_su2_r1_d2_s43;MNIST_QNN_eff_su2_r1_d2_s45;MNIST_QNN_eff_su2_r5_d2_s43;MNIST_QNN_eff_su2_r5_d2_s44;MNIST_QNN_zz_r1_d6_s43;MNIST_QNN_zz_r5_d6_s43;MNIST_QNN_zz_r5_d6_s44;MNIST_QNN_zz_r5_d6_s45
cross_cell_8,8,14,128,zz_r1_d6,MNIST_QNN_zz_r1_d6_s43;MNIST_QNN_zz_r1_d6_s44;MNIST_QNN_zz_r1_d6_s45,MNIST_QNN_eff_su2_r1_d2_s43;MNIST_QNN_eff_su2_r1_d2_s45;MNIST_QNN_eff_su2_r5_d2_s43;MNIST_QNN_eff_su2_r5_d2_s44;MNIST_QNN_z_r1_d6_s43;MNIST_QNN_z_r1_d6_s44;MNIST_QNN_z_r1_d6_s45;MNIST_QNN_zz_r5_d6_s45
cross_cell_8,8,14,128,zz_r5_d6,MNIST_QNN_zz_r5_d6_s43;MNIST_QNN_zz_r5_d6_s44;MNIST_QNN_zz_r5_d6_s45,MNIST_QNN_eff_su2_r1_d2_s43;MNIST_QNN_eff_su2_r1_d2_s45;MNIST_QNN_eff_su2_r5_d2_s43;MNIST_QNN_eff_su2_r5_d2_s44;MNIST_QNN_z_r1_d6_s43;MNIST_QNN_z_r1_d6_s45;MNIST_QNN_zz_r1_d6_s43;MNIST_QNN_zz_r1_d6_s45
cross_cell_8,8,15,128,eff_su2_r1_d2,MNIST_QNN_eff_su2_r1_d2_s43;MNIST_QNN_eff_su2_r1_d2_s44;MNIST_QNN_eff_su2_r1_d2_s45,MNIST_QNN_eff_su2_r5_d2_s43;MNIST_QNN_eff_su2_r5_d2_s44;MNIST_QNN_zz_r1_d6_s43;MNIST_QNN_zz_r1_d6_s44;MNIST_QNN_zz_r1_d6_s45;MNIST_QNN_zz_r5_d6_s43;MNIST_QNN_zz_r5_d6_s44;MNIST_QNN_zz_r5_d6_s45
cross_cell_8,8,15,128,eff_su2_r5_d2,MNIST_QNN_eff_su2_r5_d2_s43;MNIST_QNN_eff_su2_r5_d2_s44;MNIST_QNN_eff_su2_r5_d2_s45,MNIST_QNN_eff_su2_r1_d2_s43;MNIST_QNN_eff_su2_r1_d2_s44;MNIST_QNN_z_r1_d6_s43;MNIST_QNN_z_r1_d6_s45;MNIST_QNN_zz_r1_d6_s44;MNIST_QNN_zz_r1_d6_s45;MNIST_QNN_zz_r5_d6_s44;MNIST_QNN_zz_r5_d6_s45
cross_cell_8,8,15,128,z_r1_d6,MNIST_QNN_z_r1_d6_s43;MNIST_QNN_z_r1_d6_s44;MNIST_QNN_z_r1_d6_s45,MNIST_QNN_eff_su2_r1_d2_s43;MNIST_QNN_eff_su2_r1_d2_s45;MNIST_QNN_eff_su2_r5_d2_s43;MNIST_QNN_eff_su2_r5_d2_s44;MNIST_QNN_zz_r1_d6_s44;MNIST_QNN_zz_r1_d6_s45;MNIST_QNN_zz_r5_d6_s43;MNIST_QNN_zz_r5_d6_s45
cross_cell_8,8,15,128,zz_r1_d6,MNIST_QNN_zz_r1_d6_s43;MNIST_QNN_zz_r1_d6_s44;MNIST_QNN_zz_r1_d6_s45,MNIST_QNN_eff_su2_r1_d2_s43;MNIST_QNN_eff_su2_r1_d2_s45;MNIST_QNN_eff_su2_r5_d2_s43;MNIST_QNN_eff_su2_r5_d2_s44;MNIST_QNN_z_r1_d6_s43;MNIST_QNN_z_r1_d6_s45;MNIST_QNN_zz_r5_d6_s43;MNIST_QNN_zz_r5_d6_s44
cross_cell_8,8,15,128,zz_r5_d6,MNIST_QNN_zz_r5_d6_s43;MNIST_QNN_zz_r5_d6_s44;MNIST_QNN_zz_r5_d6_s45,MNIST_QNN_eff_su2_r1_d2_s43;MNIST_QNN_eff_su2_r1_d2_s45;MNIST_QNN_eff_su2_r5_d2_s43;MNIST_QNN_eff_su2_r5_d2_s44;MNIST_QNN_z_r1_d6_s44;MNIST_QNN_zz_r1_d6_s43;MNIST_QNN_zz_r1_d6_s44;MNIST_QNN_zz_r1_d6_s45
cross_cell_8,8,16,128,eff_su2_r1_d2,MNIST_QNN_eff_su2_r1_d2_s43;MNIST_QNN_eff_su2_r1_d2_s44;MNIST_QNN_eff_su2_r1_d2_s45,MNIST_QNN_eff_su2_r5_d2_s43;MNIST_QNN_eff_su2_r5_d2_s45;MNIST_QNN_z_r1_d6_s43;MNIST_QNN_z_r1_d6_s44;MNIST_QNN_zz_r1_d6_s43;MNIST_QNN_zz_r1_d6_s44;MNIST_QNN_zz_r1_d6_s45;MNIST_QNN_zz_r5_d6_s44
cross_cell_8,8,16,128,eff_su2_r5_d2,MNIST_QNN_eff_su2_r5_d2_s43;MNIST_QNN_eff_su2_r5_d2_s44;MNIST_QNN_eff_su2_r5_d2_s45,MNIST_QNN_eff_su2_r1_d2_s43;MNIST_QNN_eff_su2_r1_d2_s44;MNIST_QNN_z_r1_d6_s44;MNIST_QNN_z_r1_d6_s45;MNIST_QNN_zz_r1_d6_s43;MNIST_QNN_zz_r1_d6_s44;MNIST_QNN_zz_r5_d6_s43;MNIST_QNN_zz_r5_d6_s45
cross_cell_8,8,16,128,z_r1_d6,MNIST_QNN_z_r1_d6_s43;MNIST_QNN_z_r1_d6_s44;MNIST_QNN_z_r1_d6_s45,MNIST_QNN_eff_su2_r1_d2_s43;MNIST_QNN_eff_su2_r1_d2_s45;MNIST_QNN_eff_su2_r5_d2_s43;MNIST_QNN_eff_su2_r5_d2_s44;MNIST_QNN_zz_r1_d6_s45;MNIST_QNN_zz_r5_d6_s43;MNIST_QNN_zz_r5_d6_s44;MNIST_QNN_zz_r5_d6_s45
cross_cell_8,8,16,128,zz_r1_d6,MNIST_QNN_zz_r1_d6_s43;MNIST_QNN_zz_r1_d6_s44;MNIST_QNN_zz_r1_d6_s45,MNIST_QNN_eff_su2_r1_d2_s43;MNIST_QNN_eff_su2_r1_d2_s45;MNIST_QNN_eff_su2_r5_d2_s43;MNIST_QNN_eff_su2_r5_d2_s44;MNIST_QNN_z_r1_d6_s44;MNIST_QNN_zz_r5_d6_s43;MNIST_QNN_zz_r5_d6_s44;MNIST_QNN_zz_r5_d6_s45
cross_cell_8,8,16,128,zz_r5_d6,MNIST_QNN_zz_r5_d6_s43;MNIST_QNN_zz_r5_d6_s44;MNIST_QNN_zz_r5_d6_s45,MNIST_QNN_eff_su2_r1_d2_s43;MNIST_QNN_eff_su2_r1_d2_s45;MNIST_QNN_eff_su2_r5_d2_s43;MNIST_QNN_eff_su2_r5_d2_s45;MNIST_QNN_z_r1_d6_s43;MNIST_QNN_z_r1_d6_s44;MNIST_QNN_z_r1_d6_s45;MNIST_QNN_zz_r1_d6_s43
cross_cell_8,8,17,128,eff_su2_r1_d2,MNIST_QNN_eff_su2_r1_d2_s43;MNIST_QNN_eff_su2_r1_d2_s44;MNIST_QNN_eff_su2_r1_d2_s45,MNIST_QNN_eff_su2_r5_d2_s43;MNIST_QNN_eff_su2_r5_d2_s45;MNIST_QNN_z_r1_d6_s43;MNIST_QNN_z_r1_d6_s44;MNIST_QNN_zz_r1_d6_s43;MNIST_QNN_zz_r1_d6_s44;MNIST_QNN_zz_r5_d6_s43;MNIST_QNN_zz_r5_d6_s45
cross_cell_8,8,17,128,eff_su2_r5_d2,MNIST_QNN_eff_su2_r5_d2_s43;MNIST_QNN_eff_su2_r5_d2_s44;MNIST_QNN_eff_su2_r5_d2_s45,MNIST_QNN_eff_su2_r1_d2_s43;MNIST_QNN_eff_su2_r1_d2_s45;MNIST_QNN_z_r1_d6_s44;MNIST_QNN_zz_r1_d6_s43;MNIST_QNN_zz_r1_d6_s44;MNIST_QNN_zz_r5_d6_s43;MNIST_QNN_zz_r5_d6_s44;MNIST_QNN_zz_r5_d6_s45
cross_cell_8,8,17,128,z_r1_d6,MNIST_QNN_z_r1_d6_s43;MNIST_QNN_z_r1_d6_s44;MNIST_QNN_z_r1_d6_s45,MNIST_QNN_eff_su2_r1_d2_s43;MNIST_QNN_eff_su2_r1_d2_s45;MNIST_QNN_eff_su2_r5_d2_s43;MNIST_QNN_eff_su2_r5_d2_s45;MNIST_QNN_zz_r1_d6_s43;MNIST_QNN_zz_r1_d6_s44;MNIST_QNN_zz_r5_d6_s43;MNIST_QNN_zz_r5_d6_s45
cross_cell_8,8,17,128,zz_r1_d6,MNIST_QNN_zz_r1_d6_s43;MNIST_QNN_zz_r1_d6_s44;MNIST_QNN_zz_r1_d6_s45,MNIST_QNN_eff_su2_r1_d2_s43;MNIST_QNN_eff_su2_r5_d2_s43;MNIST_QNN_eff_su2_r5_d2_s44;MNIST_QNN_eff_su2_r5_d2_s45;MNIST_QNN_z_r1_d6_s43;MNIST_QNN_z_r1_d6_s44;MNIST_QNN_z_r1_d6_s45;MNIST_QNN_zz_r5_d6_s45
cross_cell_8,8,17,128,zz_r5_d6,MNIST_QNN_zz_r5_d6_s43;MNIST_QNN_zz_r5_d6_s44;MNIST_QNN_zz_r5_d6_s45,MNIST_QNN_eff_su2_r1_d2_s43;MNIST_QNN_eff_su2_r1_d2_s45;MNIST_QNN_eff_su2_r5_d2_s43;MNIST_QNN_eff_su2_r5_d2_s45;MNIST_QNN_z_r1_d6_s45;MNIST_QNN_zz_r1_d6_s43;MNIST_QNN_zz_r1_d6_s44;MNIST_QNN_zz_r1_d6_s45
cross_cell_8,8,18,128,eff_su2_r1_d2,MNIST_QNN_eff_su2_r1_d2_s43;MNIST_QNN_eff_su2_r1_d2_s44;MNIST_QNN_eff_su2_r1_d2_s45,MNIST_QNN_eff_su2_r5_d2_s43;MNIST_QNN_eff_su2_r5_d2_s45;MNIST_QNN_z_r1_d6_s43;MNIST_QNN_z_r1_d6_s44;MNIST_QNN_zz_r1_d6_s43;MNIST_QNN_zz_r1_d6_s45;MNIST_QNN_zz_r5_d6_s43;MNIST_QNN_zz_r5_d6_s44
cross_cell_8,8,18,128,eff_su2_r5_d2,MNIST_QNN_eff_su2_r5_d2_s43;MNIST_QNN_eff_su2_r5_d2_s44;MNIST_QNN_eff_su2_r5_d2_s45,MNIST_QNN_eff_su2_r1_d2_s43;MNIST_QNN_z_r1_d6_s43;MNIST_QNN_z_r1_d6_s44;MNIST_QNN_z_r1_d6_s45;MNIST_QNN_zz_r1_d6_s43;MNIST_QNN_zz_r1_d6_s45;MNIST_QNN_zz_r5_d6_s43;MNIST_QNN_zz_r5_d6_s44
cross_cell_8,8,18,128,z_r1_d6,MNIST_QNN_z_r1_d6_s43;MNIST_QNN_z_r1_d6_s44;MNIST_QNN_z_r1_d6_s45,MNIST_QNN_eff_su2_r1_d2_s43;MNIST_QNN_eff_su2_r1_d2_s45;MNIST_QNN_eff_su2_r5_d2_s43;MNIST_QNN_eff_su2_r5_d2_s45;MNIST_QNN_zz_r1_d6_s43;MNIST_QNN_zz_r1_d6_s45;MNIST_QNN_zz_r5_d6_s43;MNIST_QNN_zz_r5_d6_s44
cross_cell_8,8,18,128,zz_r1_d6,MNIST_QNN_zz_r1_d6_s43;MNIST_QNN_zz_r1_d6_s44;MNIST_QNN_zz_r1_d6_s45,MNIST_QNN_eff_su2_r1_d2_s43;MNIST_QNN_eff_su2_r5_d2_s43;MNIST_QNN_eff_su2_r5_d2_s44;MNIST_QNN_eff_su2_r5_d2_s45;MNIST_QNN_z_r1_d6_s43;MNIST_QNN_z_r1_d6_s44;MNIST_QNN_zz_r5_d6_s43;MNIST_QNN_zz_r5_d6_s44
cross_cell_8,8,18,128,zz_r5_d6,MNIST_QNN_zz_r5_d6_s43;MNIST_QNN_zz_r5_d6_s44;MNIST_QNN_zz_r5_d6_s45,MNIST_QNN_eff_su2_r1_d2_s43;MNIST_QNN_eff_su2_r1_d2_s45;MNIST_QNN_eff_su2_r5_d2_s44;MNIST_QNN_z_r1_d6_s43;MNIST_QNN_z_r1_d6_s44;MNIST_QNN_zz_r1_d6_s43;MNIST_QNN_zz_r1_d6_s44;MNIST_QNN_zz_r1_d6_s45
cross_cell_8,8,19,128,eff_su2_r1_d2,MNIST_QNN_eff_su2_r1_d2_s43;MNIST_QNN_eff_su2_r1_d2_s44;MNIST_QNN_eff_su2_r1_d2_s45,MNIST_QNN_eff_su2_r5_d2_s43;MNIST_QNN_eff_su2_r5_d2_s45;MNIST_QNN_z_r1_d6_s44;MNIST_QNN_z_r1_d6_s45;MNIST_QNN_zz_r1_d6_s43;MNIST_QNN_zz_r1_d6_s44;MNIST_QNN_zz_r5_d6_s44;MNIST_QNN_zz_r5_d6_s45
cross_cell_8,8,19,128,eff_su2_r5_d2,MNIST_QNN_eff_su2_r5_d2_s43;MNIST_QNN_eff_su2_r5_d2_s44;MNIST_QNN_eff_su2_r5_d2_s45,MNIST_QNN_eff_su2_r1_d2_s43;MNIST_QNN_z_r1_d6_s43;MNIST_QNN_z_r1_d6_s44;MNIST_QNN_z_r1_d6_s45;MNIST_QNN_zz_r1_d6_s43;MNIST_QNN_zz_r5_d6_s43;MNIST_QNN_zz_r5_d6_s44;MNIST_QNN_zz_r5_d6_s45
cross_cell_8,8,19,128,z_r1_d6,MNIST_QNN_z_r1_d6_s43;MNIST_QNN_z_r1_d6_s44;MNIST_QNN_z_r1_d6_s45,MNIST_QNN_eff_su2_r1_d2_s43;MNIST_QNN_eff_su2_r1_d2_s45;MNIST_QNN_eff_su2_r5_d2_s43;MNIST_QNN_eff_su2_r5_d2_s45;MNIST_QNN_zz_r1_d6_s45;MNIST_QNN_zz_r5_d6_s43;MNIST_QNN_zz_r5_d6_s44;MNIST_QNN_zz_r5_d6_s45
cross_cell_8,8,19,128,zz_r1_d6,MNIST_QNN_zz_r1_d6_s43;MNIST_QNN_zz_r1_d6_s44;MNIST_QNN_zz_r1_d6_s45,MNIST_QNN_eff_su2_r1_d2_s43;MNIST_QNN_eff_su2_r5_d2_s43;MNIST_QNN_eff_su2_r5_d2_s45;MNIST_QNN_z_r1_d6_s43;MNIST_QNN_z_r1_d6_s44;MNIST_QNN_z_r1_d6_s45;MNIST_QNN_zz_r5_d6_s43;MNIST_QNN_zz_r5_d6_s44
cross_cell_8,8,19,128,zz_r5_d6,MNIST_QNN_zz_r5_d6_s43;MNIST_QNN_zz_r5_d6_s44;MNIST_QNN_zz_r5_d6_s45,MNIST_QNN_eff_su2_r1_d2_s43;MNIST_QNN_eff_su2_r1_d2_s45;MNIST_QNN_eff_su2_r5_d2_s45;MNIST_QNN_z_r1_d6_s43;MNIST_QNN_z_r1_d6_s44;MNIST_QNN_zz_r1_d6_s43;MNIST_QNN_zz_r1_d6_s44;MNIST_QNN_zz_r1_d6_s45
cross_cell_8,8,20,128,eff_su2_r1_d2,MNIST_QNN_eff_su2_r1_d2_s43;MNIST_QNN_eff_su2_r1_d2_s44;MNIST_QNN_eff_su2_r1_d2_s45,MNIST_QNN_eff_su2_r5_d2_s43;MNIST_QNN_z_r1_d6_s44;MNIST_QNN_z_r1_d6_s45;MNIST_QNN_zz_r1_d6_s43;MNIST_QNN_zz_r1_d6_s45;MNIST_QNN_zz_r5_d6_s43;MNIST_QNN_zz_r5_d6_s44;MNIST_QNN_zz_r5_d6_s45
cross_cell_8,8,20,128,eff_su2_r5_d2,MNIST_QNN_eff_su2_r5_d2_s43;MNIST_QNN_eff_su2_r5_d2_s44;MNIST_QNN_eff_su2_r5_d2_s45,MNIST_QNN_eff_su2_r1_d2_s43;MNIST_QNN_z_r1_d6_s44;MNIST_QNN_z_r1_d6_s45;MNIST_QNN_zz_r1_d6_s43;MNIST_QNN_zz_r1_d6_s44;MNIST_QNN_zz_r1_d6_s45;MNIST_QNN_zz_r5_d6_s43;MNIST_QNN_zz_r5_d6_s45
cross_cell_8,8,20,128,z_r1_d6,MNIST_QNN_z_r1_d6_s43;MNIST_QNN_z_r1_d6_s44;MNIST_QNN_z_r1_d6_s45,MNIST_QNN_eff_su2_r1_d2_s43;MNIST_QNN_eff_su2_r1_d2_s45;MNIST_QNN_eff_su2_r5_d2_s44;MNIST_QNN_eff_su2_r5_d2_s45;MNIST_QNN_zz_r1_d6_s43;MNIST_QNN_zz_r1_d6_s44;MNIST_QNN_zz_r1_d6_s45;MNIST_QNN_zz_r5_d6_s43
cross_cell_8,8,20,128,zz_r1_d6,MNIST_QNN_zz_r1_d6_s43;MNIST_QNN_zz_r1_d6_s44;MNIST_QNN_zz_r1_d6_s45,MNIST_QNN_eff_su2_r1_d2_s44;MNIST_QNN_eff_su2_r1_d2_s45;MNIST_QNN_eff_su2_r5_d2_s43;MNIST_QNN_eff_su2_r5_d2_s44;MNIST_QNN_eff_su2_r5_d2_s45;MNIST_QNN_z_r1_d6_s44;MNIST_QNN_z_r1_d6_s45;MNIST_QNN_zz_r5_d6_s43
cross_cell_8,8,20,128,zz_r5_d6,MNIST_QNN_zz_r5_d6_s43;MNIST_QNN_zz_r5_d6_s44;MNIST_QNN_zz_r5_d6_s45,MNIST_QNN_eff_su2_r1_d2_s43;MNIST_QNN_eff_su2_r5_d2_s43;MNIST_QNN_eff_su2_r5_d2_s44;MNIST_QNN_eff_su2_r5_d2_s45;MNIST_QNN_z_r1_d6_s43;MNIST_QNN_z_r1_d6_s44;MNIST_QNN_z_r1_d6_s45;MNIST_QNN_zz_r1_d6_s43
cross_cell_8,8,21,128,eff_su2_r1_d2,MNIST_QNN_eff_su2_r1_d2_s43;MNIST_QNN_eff_su2_r1_d2_s44;MNIST_QNN_eff_su2_r1_d2_s45,MNIST_QNN_eff_su2_r5_d2_s44;MNIST_QNN_eff_su2_r5_d2_s45;MNIST_QNN_z_r1_d6_s43;MNIST_QNN_z_r1_d6_s44;MNIST_QNN_zz_r1_d6_s43;MNIST_QNN_zz_r1_d6_s44;MNIST_QNN_zz_r1_d6_s45;MNIST_QNN_zz_r5_d6_s45
cross_cell_8,8,21,128,eff_su2_r5_d2,MNIST_QNN_eff_su2_r5_d2_s43;MNIST_QNN_eff_su2_r5_d2_s44;MNIST_QNN_eff_su2_r5_d2_s45,MNIST_QNN_eff_su2_r1_d2_s44;MNIST_QNN_eff_su2_r1_d2_s45;MNIST_QNN_z_r1_d6_s43;MNIST_QNN_z_r1_d6_s44;MNIST_QNN_z_r1_d6_s45;MNIST_QNN_zz_r1_d6_s43;MNIST_QNN_zz_r1_d6_s44;MNIST_QNN_zz_r5_d6_s43
cross_cell_8,8,21,128,z_r1_d6,MNIST_QNN_z_r1_d6_s43;MNIST_QNN_z_r1_d6_s44;MNIST_QNN_z_r1_d6_s45,MNIST_QNN_eff_su2_r1_d2_s43;MNIST_QNN_eff_su2_r1_d2_s45;MNIST_QNN_eff_su2_r5_d2_s44;MNIST_QNN_eff_su2_r5_d2_s45;MNIST_QNN_zz_r1_d6_s43;MNIST_QNN_zz_r1_d6_s45;MNIST_QNN_zz_r5_d6_s43;MNIST_QNN_zz_r5_d6_s44
cross_cell_8,8,21,128,zz_r1_d6,MNIST_QNN_zz_r1_d6_s43;MNIST_QNN_zz_r1_d6_s44;MNIST_QNN_zz_r1_d6_s45,MNIST_QNN_eff_su2_r1_d2_s44;MNIST_QNN_eff_su2_r1_d2_s45;MNIST_QNN_eff_su2_r5_d2_s43;MNIST_QNN_eff_su2_r5_d2_s44;MNIST_QNN_z_r1_d6_s43;MNIST_QNN_z_r1_d6_s44;MNIST_QNN_z_r1_d6_s45;MNIST_QNN_zz_r5_d6_s43
cross_cell_8,8,21,128,zz_r5_d6,MNIST_QNN_zz_r5_d6_s43;MNIST_QNN_zz_r5_d6_s44;MNIST_QNN_zz_r5_d6_s45,MNIST_QNN_eff_su2_r1_d2_s43;MNIST_QNN_eff_su2_r5_d2_s43;MNIST_QNN_eff_su2_r5_d2_s45;MNIST_QNN_z_r1_d6_s43;MNIST_QNN_z_r1_d6_s44;MNIST_QNN_z_r1_d6_s45;MNIST_QNN_zz_r1_d6_s43;MNIST_QNN_zz_r1_d6_s45
cross_cell_8,8,22,128,eff_su2_r1_d2,MNIST_QNN_eff_su2_r1_d2_s43;MNIST_QNN_eff_su2_r1_d2_s44;MNIST_QNN_eff_su2_r1_d2_s45,MNIST_QNN_eff_su2_r5_d2_s44;MNIST_QNN_eff_su2_r5_d2_s45;MNIST_QNN_z_r1_d6_s44;MNIST_QNN_z_r1_d6_s45;MNIST_QNN_zz_r1_d6_s45;MNIST_QNN_zz_r5_d6_s43;MNIST_QNN_zz_r5_d6_s44;MNIST_QNN_zz_r5_d6_s45
cross_cell_8,8,22,128,eff_su2_r5_d2,MNIST_QNN_eff_su2_r5_d2_s43;MNIST_QNN_eff_su2_r5_d2_s44;MNIST_QNN_eff_su2_r5_d2_s45,MNIST_QNN_eff_su2_r1_d2_s44;MNIST_QNN_eff_su2_r1_d2_s45;MNIST_QNN_z_r1_d6_s43;MNIST_QNN_z_r1_d6_s44;MNIST_QNN_z_r1_d6_s45;MNIST_QNN_zz_r1_d6_s43;MNIST_QNN_zz_r1_d6_s45;MNIST_QNN_zz_r5_d6_s44
cross_cell_8,8,22,128,z_r1_d6,MNIST_QNN_z_r1_d6_s43;MNIST_QNN_z_r1_d6_s44;MNIST_QNN_z_r1_d6_s45,MNIST_QNN_eff_su2_r1_d2_s43;MNIST_QNN_eff_su2_r1_d2_s45;MNIST_QNN_eff_su2_r5_d2_s44;MNIST_QNN_zz_r1_d6_s43;MNIST_QNN_zz_r1_d6_s44;MNIST_QNN_zz_r1_d6_s45;MNIST_QNN_zz_r5_d6_s43;MNIST_QNN_zz_r5_d6_s44
cross_cell_8,8,22,128,zz_r1_d6,MNIST_QNN_zz_r1_d6_s43;MNIST_QNN_zz_r1_d6_s44;MNIST_QNN_zz_r1_d6_s45,MNIST_QNN_eff_su2_r1_d2_s44;MNIST_QNN_eff_su2_r1_d2_s45;MNIST_QNN_eff_su2_r5_d2_s43;MNIST_QNN_eff_su2_r5_d2_s44;MNIST_QNN_z_r1_d6_s43;MNIST_QNN_z_r1_d6_s44;MNIST_QNN_z_r1_d6_s45;MNIST_QNN_zz_r5_d6_s45
cross_cell_8,8,22,128,zz_r5_d6,MNIST_QNN_zz_r5_d6_s43;MNIST_QNN_zz_r5_d6_s44;MNIST_QNN_zz_r5_d6_s45,MNIST_QNN_eff_su2_r1_d2_s44;MNIST_QNN_eff_su2_r1_d2_s45;MNIST_QNN_eff_su2_r5_d2_s43;MNIST_QNN_eff_su2_r5_d2_s44;MNIST_QNN_eff_su2_r5_d2_s45;MNIST_QNN_z_r1_d6_s44;MNIST_QNN_zz_r1_d6_s43;MNIST_QNN_zz_r1_d6_s44
cross_cell_8,8,23,128,eff_su2_r1_d2,MNIST_QNN_eff_su2_r1_d2_s43;MNIST_QNN_eff_su2_r1_d2_s44;MNIST_QNN_eff_su2_r1_d2_s45,MNIST_QNN_eff_su2_r5_d2_s44;MNIST_QNN_eff_su2_r5_d2_s45;MNIST_QNN_z_r1_d6_s45;MNIST_QNN_zz_r1_d6_s43;MNIST_QNN_zz_r1_d6_s45;MNIST_QNN_zz_r5_d6_s43;MNIST_QNN_zz_r5_d6_s44;MNIST_QNN_zz_r5_d6_s45
cross_cell_8,8,23,128,eff_su2_r5_d2,MNIST_QNN_eff_su2_r5_d2_s43;MNIST_QNN_eff_su2_r5_d2_s44;MNIST_QNN_eff_su2_r5_d2_s45,MNIST_QNN_eff_su2_r1_d2_s44;MNIST_QNN_eff_su2_r1_d2_s45;MNIST_QNN_z_r1_d6_s43;MNIST_QNN_z_r1_d6_s44;MNIST_QNN_z_r1_d6_s45;MNIST_QNN_zz_r1_d6_s44;MNIST_QNN_zz_r1_d6_s45;MNIST_QNN_zz_r5_d6_s45
cross_cell_8,8,23,128,z_r1_d6,MNIST_QNN_z_r1_d6_s43;MNIST_QNN_z_r1_d6_s44;MNIST_QNN_z_r1_d6_s45,MNIST_QNN_eff_su2_r1_d2_s43;MNIST_QNN_eff_su2_r1_d2_s45;MNIST_QNN_eff_su2_r5_d2_s44;MNIST_QNN_zz_r1_d6_s43;MNIST_QNN_zz_r1_d6_s44;MNIST_QNN_zz_r1_d6_s45;MNIST_QNN_zz_r5_d6_s43;MNIST_QNN_zz_r5_d6_s45
cross_cell_8,8,23,128,zz_r1_d6,MNIST_QNN_zz_r1_d6_s43;MNIST_QNN_zz_r1_d6_s44;MNIST_QNN_zz_r1_d6_s45,MNIST_QNN_eff_su2_r1_d2_s44;MNIST_QNN_eff_su2_r1_d2_s45;MNIST_QNN_eff_su2_r5_d2_s43;MNIST_QNN_eff_su2_r5_d2_s44;MNIST_QNN_z_r1_d6_s43;MNIST_QNN_z_r1_d6_s45;MNIST_QNN_zz_r5_d6_s43;MNIST_QNN_zz_r5_d6_s45
cross_cell_8,8,23,128,zz_r5_d6,MNIST_QNN_zz_r5_d6_s43;MNIST_QNN_zz_r5_d6_s44;MNIST_QNN_zz_r5_d6_s45,MNIST_QNN_eff_su2_r1_d2_s44;MNIST_QNN_eff_su2_r1_d2_s45;MNIST_QNN_eff_su2_r5_d2_s43;MNIST_QNN_eff_su2_r5_d2_s44;MNIST_QNN_eff_su2_r5_d2_s45;MNIST_QNN_z_r1_d6_s44;MNIST_QNN_zz_r1_d6_s44;MNIST_QNN_zz_r1_d6_s45
cross_cell_8,8,24,128,eff_su2_r1_d2,MNIST_QNN_eff_su2_r1_d2_s43;MNIST_QNN_eff_su2_r1_d2_s44;MNIST_QNN_eff_su2_r1_d2_s45,MNIST_QNN_eff_su2_r5_d2_s44;MNIST_QNN_z_r1_d6_s43;MNIST_QNN_z_r1_d6_s44;MNIST_QNN_z_r1_d6_s45;MNIST_QNN_zz_r1_d6_s43;MNIST_QNN_zz_r1_d6_s45;MNIST_QNN_zz_r5_d6_s43;MNIST_QNN_zz_r5_d6_s45
cross_cell_8,8,24,128,eff_su2_r5_d2,MNIST_QNN_eff_su2_r5_d2_s43;MNIST_QNN_eff_su2_r5_d2_s44;MNIST_QNN_eff_su2_r5_d2_s45,MNIST_QNN_eff_su2_r1_d2_s44;MNIST_QNN_eff_su2_r1_d2_s45;MNIST_QNN_z_r1_d6_s44;MNIST_QNN_zz_r1_d6_s43;MNIST_QNN_zz_r1_d6_s44;MNIST_QNN_zz_r5_d6_s43;MNIST_QNN_zz_r5_d6_s44;MNIST_QNN_zz_r5_d6_s45
cross_cell_8,8,24,128,z_r1_d6,MNIST_QNN_z_r1_d6_s43;MNIST_QNN_z_r1_d6_s44;MNIST_QNN_z_r1_d6_s45,MNIST_QNN_eff_su2_r1_d2_s44;MNIST_QNN_eff_su2_r1_d2_s45;MNIST_QNN_eff_su2_r5_d2_s43;MNIST_QNN_eff_su2_r5_d2_s44;MNIST_QNN_eff_su2_r5_d2_s45;MNIST_QNN_zz_r1_d6_s43;MNIST_QNN_zz_r1_d6_s44;MNIST_QNN_zz_r5_d6_s43
cross_cell_8,8,24,128,zz_r1_d6,MNIST_QNN_zz_r1_d6_s43;MNIST_QNN_zz_r1_d6_s44;MNIST_QNN_zz_r1_d6_s45,MNIST_QNN_eff_su2_r1_d2_s44;MNIST_QNN_eff_su2_r1_d2_s45;MNIST_QNN_eff_su2_r5_d2_s43;MNIST_QNN_eff_su2_r5_d2_s45;MNIST_QNN_z_r1_d6_s43;MNIST_QNN_zz_r5_d6_s43;MNIST_QNN_zz_r5_d6_s44;MNIST_QNN_zz_r5_d6_s45
cross_cell_8,8,24,128,zz_r5_d6,MNIST_QNN_zz_r5_d6_s43;MNIST_QNN_zz_r5_d6_s44;MNIST_QNN_zz_r5_d6_s45,MNIST_QNN_eff_su2_r1_d2_s44;MNIST_QNN_eff_su2_r1_d2_s45;MNIST_QNN_eff_su2_r5_d2_s44;MNIST_QNN_eff_su2_r5_d2_s45;MNIST_QNN_z_r1_d6_s43;MNIST_QNN_z_r1_d6_s44;MNIST_QNN_zz_r1_d6_s43;MNIST_QNN_zz_r1_d6_s44
cross_cell_8,8,25,128,eff_su2_r1_d2,MNIST_QNN_eff_su2_r1_d2_s43;MNIST_QNN_eff_su2_r1_d2_s44;MNIST_QNN_eff_su2_r1_d2_s45,MNIST_QNN_eff_su2_r5_d2_s44;MNIST_QNN_z_r1_d6_s44;MNIST_QNN_z_r1_d6_s45;MNIST_QNN_zz_r1_d6_s43;MNIST_QNN_zz_r1_d6_s44;MNIST_QNN_zz_r5_d6_s43;MNIST_QNN_zz_r5_d6_s44;MNIST_QNN_zz_r5_d6_s45
cross_cell_8,8,25,128,eff_su2_r5_d2,MNIST_QNN_eff_su2_r5_d2_s43;MNIST_QNN_eff_su2_r5_d2_s44;MNIST_QNN_eff_su2_r5_d2_s45,MNIST_QNN_eff_su2_r1_d2_s44;MNIST_QNN_eff_su2_r1_d2_s45;MNIST_QNN_zz_r1_d6_s43;MNIST_QNN_zz_r1_d6_s44;MNIST_QNN_zz_r1_d6_s45;MNIST_QNN_zz_r5_d6_s43;MNIST_QNN_zz_r5_d6_s44;MNIST_QNN_zz_r5_d6_s45
cross_cell_8,8,25,128,z_r1_d6,MNIST_QNN_z_r1_d6_s43;MNIST_QNN_z_r1_d6_s44;MNIST_QNN_z_r1_d6_s45,MNIST_QNN_eff_su2_r1_d2_s44;MNIST_QNN_eff_su2_r1_d2_s45;MNIST_QNN_eff_su2_r5_d2_s43;MNIST_QNN_eff_su2_r5_d2_s44;MNIST_QNN_eff_su2_r5_d2_s45;MNIST_QNN_zz_r1_d6_s43;MNIST_QNN_zz_r5_d6_s43;MNIST_QNN_zz_r5_d6_s44
cross_cell_8,8,25,128,zz_r1_d6,MNIST_QNN_zz_r1_d6_s43;MNIST_QNN_zz_r1_d6_s44;MNIST_QNN_zz_r1_d6_s45,MNIST_QNN_eff_su2_r1_d2_s44;MNIST_QNN_eff_su2_r5_d2_s43;MNIST_QNN_eff_su2_r5_d2_s44;MNIST_QNN_eff_su2_r5_d2_s45;MNIST_QNN_z_r1_d6_s43;MNIST_QNN_z_r1_d6_s44;MNIST_QNN_zz_r5_d6_s43;MNIST_QNN_zz_r5_d6_s45
cross_cell_8,8,25,128,zz_r5_d6,MNIST_QNN_zz_r5_d6_s43;MNIST_QNN_zz_r5_d6_s44;MNIST_QNN_zz_r5_d6_s45,MNIST_QNN_eff_su2_r1_d2_s44;MNIST_QNN_eff_su2_r5_d2_s43;MNIST_QNN_eff_su2_r5_d2_s45;MNIST_QNN_z_r1_d6_s43;MNIST_QNN_z_r1_d6_s44;MNIST_QNN_z_r1_d6_s45;MNIST_QNN_zz_r1_d6_s43;MNIST_QNN_zz_r1_d6_s45
cross_cell_8,8,26,128,eff_su2_r1_d2,MNIST_QNN_eff_su2_r1_d2_s43;MNIST_QNN_eff_su2_r1_d2_s44;MNIST_QNN_eff_su2_r1_d2_s45,MNIST_QNN_eff_su2_r5_d2_s45;MNIST_QNN_z_r1_d6_s43;MNIST_QNN_z_r1_d6_s44;MNIST_QNN_z_r1_d6_s45;MNIST_QNN_zz_r1_d6_s43;MNIST_QNN_zz_r1_d6_s44;MNIST_QNN_zz_r5_d6_s44;MNIST_QNN_zz_r5_d6_s45
cross_cell_8,8,26,128,eff_su2_r5_d2,MNIST_QNN_eff_su2_r5_d2_s43;MNIST_QNN_eff_su2_r5_d2_s44;MNIST_QNN_eff_su2_r5_d2_s45,MNIST_QNN_eff_su2_r1_d2_s44;MNIST_QNN_z_r1_d6_s43;MNIST_QNN_z_r1_d6_s44;MNIST_QNN_z_r1_d6_s45;MNIST_QNN_zz_r1_d6_s43;MNIST_QNN_zz_r1_d6_s44;MNIST_QNN_zz_r5_d6_s43;MNIST_QNN_zz_r5_d6_s44
cross_cell_8,8,26,128,z_r1_d6,MNIST_QNN_z_r1_d6_s43;MNIST_QNN_z_r1_d6_s44;MNIST_QNN_z_r1_d6_s45,MNIST_QNN_eff_su2_r1_d2_s44;MNIST_QNN_eff_su2_r1_d2_s45;MNIST_QNN_eff_su2_r5_d2_s43;MNIST_QNN_eff_su2_r5_d2_s44;MNIST_QNN_eff_su2_r5_d2_s45;MNIST_QNN_zz_r1_d6_s44;MNIST_QNN_zz_r1_d6_s45;MNIST_QNN_zz_r5_d6_s45
cross_cell_8,8,26,128,zz_r1_d6,MNIST_QNN_zz_r1_d6_s43;MNIST_QNN_zz_r1_d6_s44;MNIST_QNN_zz_r1_d6_s45,MNIST_QNN_eff_su2_r1_d2_s44;MNIST_QNN_eff_su2_r5_d2_s43;MNIST_QNN_eff_su2_r5_d2_s44;MNIST_QNN_eff_su2_r5_d2_s45;MNIST_QNN_z_r1_d6_s43;MNIST_QNN_z_r1_d6_s44;MNIST_QNN_zz_r5_d6_s44;MNIST_QNN_zz_r5_d6_s45
cross_cell_8,8,26,128,zz_r5_d6,MNIST_QNN_zz_r5_d6_s43;MNIST_QNN_zz_r5_d6_s44;MNIST_QNN_zz_r5_d6_s45,MNIST_QNN_eff_su2_r1_d2_s44;MNIST_QNN_eff_su2_r5_d2_s43;MNIST_QNN_eff_su2_r5_d2_s45;MNIST_QNN_z_r1_d6_s43;MNIST_QNN_z_r1_d6_s45;MNIST_QNN_zz_r1_d6_s43;MNIST_QNN_zz_r1_d6_s44;MNIST_QNN_zz_r1_d6_s45
cross_cell_8,8,27,128,eff_su2_r1_d2,MNIST_QNN_eff_su2_r1_d2_s43;MNIST_QNN_eff_su2_r1_d2_s44;MNIST_QNN_eff_su2_r1_d2_s45,MNIST_QNN_eff_su2_r5_d2_s45;MNIST_QNN_z_r1_d6_s43;MNIST_QNN_z_r1_d6_s44;MNIST_QNN_z_r1_d6_s45;MNIST_QNN_zz_r1_d6_s44;MNIST_QNN_zz_r5_d6_s43;MNIST_QNN_zz_r5_d6_s44;MNIST_QNN_zz_r5_d6_s45
cross_cell_8,8,27,128,eff_su2_r5_d2,MNIST_QNN_eff_su2_r5_d2_s43;MNIST_QNN_eff_su2_r5_d2_s44;MNIST_QNN_eff_su2_r5_d2_s45,MNIST_QNN_eff_su2_r1_d2_s44;MNIST_QNN_z_r1_d6_s45;MNIST_QNN_zz_r1_d6_s43;MNIST_QNN_zz_r1_d6_s44;MNIST_QNN_zz_r1_d6_s45;MNIST_QNN_zz_r5_d6_s43;MNIST_QNN_zz_r5_d6_s44;MNIST_QNN_zz_r5_d6_s45
cross_cell_8,8,27,128,z_r1_d6,MNIST_QNN_z_r1_d6_s43;MNIST_QNN_z_r1_d6_s44;MNIST_QNN_z_r1_d6_s45,MNIST_QNN_eff_su2_r1_d2_s44;MNIST_QNN_eff_su2_r1_d2_s45;MNIST_QNN_eff_su2_r5_d2_s43;MNIST_QNN_eff_su2_r5_d2_s44;MNIST_QNN_zz_r1_d6_s43;MNIST_QNN_zz_r1_d6_s44;MNIST_QNN_zz_r1_d6_s45;MNIST_QNN_zz_r5_d6_s45
cross_cell_8,8,27,128,zz_r1_d6,MNIST_QNN_zz_r1_d6_s43;MNIST_QNN_zz_r1_d6_s44;MNIST_QNN_zz_r1_d6_s45,MNIST_QNN_eff_su2_r1_d2_s44;MNIST_QNN_eff_su2_r5_d2_s43;MNIST_QNN_eff_su2_r5_d2_s44;MNIST_QNN_eff_su2_r5_d2_s45;MNIST_QNN_z_r1_d6_s43;MNIST_QNN_z_r1_d6_s45;MNIST_QNN_zz_r5_d6_s43;MNIST_QNN_zz_r5_d6_s45
cross_cell_8,8,27,128,zz_r5_d6,MNIST_QNN_zz_r5_d6_s43;MNIST_QNN_zz_r5_d6_s44;MNIST_QNN_zz_r5_d6_s45,MNIST_QNN_eff_su2_r1_d2_s45;MNIST_QNN_eff_su2_r5_d2_s43;MNIST_QNN_eff_su2_r5_d2_s44;MNIST_QNN_eff_su2_r5_d2_s45;MNIST_QNN_z_r1_d6_s43;MNIST_QNN_z_r1_d6_s45;MNIST_QNN_zz_r1_d6_s44;MNIST_QNN_zz_r1_d6_s45
cross_cell_8,8,28,128,eff_su2_r1_d2,MNIST_QNN_eff_su2_r1_d2_s43;MNIST_QNN_eff_su2_r1_d2_s44;MNIST_QNN_eff_su2_r1_d2_s45,MNIST_QNN_eff_su2_r5_d2_s45;MNIST_QNN_z_r1_d6_s43;MNIST_QNN_z_r1_d6_s44;MNIST_QNN_zz_r1_d6_s43;MNIST_QNN_zz_r1_d6_s44;MNIST_QNN_zz_r1_d6_s45;MNIST_QNN_zz_r5_d6_s44;MNIST_QNN_zz_r5_d6_s45
cross_cell_8,8,28,128,eff_su2_r5_d2,MNIST_QNN_eff_su2_r5_d2_s43;MNIST_QNN_eff_su2_r5_d2_s44;MNIST_QNN_eff_su2_r5_d2_s45,MNIST_QNN_eff_su2_r1_d2_s45;MNIST_QNN_z_r1_d6_s43;MNIST_QNN_z_r1_d6_s44;MNIST_QNN_z_r1_d6_s45;MNIST_QNN_zz_r1_d6_s43;MNIST_QNN_zz_r1_d6_s44;MNIST_QNN_zz_r5_d6_s43;MNIST_QNN_zz_r5_d6_s45
cross_cell_8,8,28,128,z_r1_d6,MNIST_QNN_z_r1_d6_s43;MNIST_QNN_z_r1_d6_s44;MNIST_QNN_z_r1_d6_s45,MNIST_QNN_eff_su2_r1_d2_s44;MNIST_QNN_eff_su2_r1_d2_s45;MNIST_QNN_eff_su2_r5_d2_s43;MNIST_QNN_eff_su2_r5_d2_s44;MNIST_QNN_zz_r1_d6_s45;MNIST_QNN_zz_r5_d6_s43;MNIST_QNN_zz_r5_d6_s44;MNIST_QNN_zz_r5_d6_s45
cross_cell_8,8,28,128,zz_r1_d6,MNIST_QNN_zz_r1_d6_s43;MNIST_QNN_zz_r1_d6_s44;MNIST_QNN_zz_r1_d6_s45,MNIST_QNN_eff_su2_r1_d2_s44;MNIST_QNN_eff_su2_r5_d2_s44;MNIST_QNN_eff_su2_r5_d2_s45;MNIST_QNN_z_r1_d6_s43;MNIST_QNN_z_r1_d6_s44;MNIST_QNN_z_r1_d6_s45;MNIST_QNN_zz_r5_d6_s43;MNIST_QNN_zz_r5_d6_s45
cross_cell_8,8,28,128,zz_r5_d6,MNIST_QNN_zz_r5_d6_s43;MNIST_QNN_zz_r5_d6_s44;MNIST_QNN_zz_r5_d6_s45,MNIST_QNN_eff_su2_r1_d2_s45;MNIST_QNN_eff_su2_r5_d2_s43;MNIST_QNN_eff_su2_r5_d2_s44;MNIST_QNN_eff_su2_r5_d2_s45;MNIST_QNN_z_r1_d6_s44;MNIST_QNN_z_r1_d6_s45;MNIST_QNN_zz_r1_d6_s44;MNIST_QNN_zz_r1_d6_s45
cross_cell_8,8,29,128,eff_su2_r1_d2,MNIST_QNN_eff_su2_r1_d2_s43;MNIST_QNN_eff_su2_r1_d2_s44;MNIST_QNN_eff_su2_r1_d2_s45,MNIST_QNN_eff_su2_r5_d2_s45;MNIST_QNN_z_r1_d6_s43;MNIST_QNN_z_r1_d6_s45;MNIST_QNN_zz_r1_d6_s43;MNIST_QNN_zz_r1_d6_s44;MNIST_QNN_zz_r1_d6_s45;MNIST_QNN_zz_r5_d6_s43;MNIST_QNN_zz_r5_d6_s45
cross_cell_8,8,29,128,eff_su2_r5_d2,MNIST_QNN_eff_su2_r5_d2_s43;MNIST_QNN_eff_su2_r5_d2_s44;MNIST_QNN_eff_su2_r5_d2_s45,MNIST_QNN_eff_su2_r1_d2_s45;MNIST_QNN_z_r1_d6_s43;MNIST_QNN_z_r1_d6_s44;MNIST_QNN_z_r1_d6_s45;MNIST_QNN_zz_r1_d6_s43;MNIST_QNN_zz_r1_d6_s45;MNIST_QNN_zz_r5_d6_s43;MNIST_QNN_zz_r5_d6_s44
cross_cell_8,8,29,128,z_r1_d6,MNIST_QNN_z_r1_d6_s43;MNIST_QNN_z_r1_d6_s44;MNIST_QNN_z_r1_d6_s45,MNIST_QNN_eff_su2_r1_d2_s44;MNIST_QNN_eff_su2_r5_d2_s43;MNIST_QNN_eff_su2_r5_d2_s45;MNIST_QNN_zz_r1_d6_s43;MNIST_QNN_zz_r1_d6_s44;MNIST_QNN_zz_r5_d6_s43;MNIST_QNN_zz_r5_d6_s44;MNIST_QNN_zz_r5_d6_s45
cross_cell_8,8,29,128,zz_r1_d6,MNIST_QNN_zz_r1_d6_s43;MNIST_QNN_zz_r1_d6_s44;MNIST_QNN_zz_r1_d6_s45,MNIST_QNN_eff_su2_r1_d2_s45;MNIST_QNN_eff_su2_r5_d2_s43;MNIST_QNN_eff_su2_r5_d2_s44;MNIST_QNN_eff_su2_r5_d2_s45;MNIST_QNN_z_r1_d6_s44;MNIST_QNN_zz_r5_d6_s43;MNIST_QNN_zz_r5_d6_s44;MNIST_QNN_zz_r5_d6_s45
cross_cell_8,8,29,128,zz_r5_d6,MNIST_QNN_zz_r5_d6_s43;MNIST_QNN_zz_r5_d6_s44;MNIST_QNN_zz_r5_d6_s45,MNIST_QNN_eff_su2_r1_d2_s45;MNIST_QNN_eff_su2_r5_d2_s43;MNIST_QNN_eff_su2_r5_d2_s45;MNIST_QNN_z_r1_d6_s43;MNIST_QNN_z_r1_d6_s44;MNIST_QNN_zz_r1_d6_s43;MNIST_QNN_zz_r1_d6_s44;MNIST_QNN_zz_r1_d6_s45
cross_cell_8,8,30,128,eff_su2_r1_d2,MNIST_QNN_eff_su2_r1_d2_s43;MNIST_QNN_eff_su2_r1_d2_s44;MNIST_QNN_eff_su2_r1_d2_s45,MNIST_QNN_eff_su2_r5_d2_s45;MNIST_QNN_z_r1_d6_s44;MNIST_QNN_z_r1_d6_s45;MNIST_QNN_zz_r1_d6_s43;MNIST_QNN_zz_r1_d6_s44;MNIST_QNN_zz_r1_d6_s45;MNIST_QNN_zz_r5_d6_s43;MNIST_QNN_zz_r5_d6_s44
cross_cell_8,8,30,128,eff_su2_r5_d2,MNIST_QNN_eff_su2_r5_d2_s43;MNIST_QNN_eff_su2_r5_d2_s44;MNIST_QNN_eff_su2_r5_d2_s45,MNIST_QNN_eff_su2_r1_d2_s45;MNIST_QNN_z_r1_d6_s43;MNIST_QNN_z_r1_d6_s44;MNIST_QNN_zz_r1_d6_s43;MNIST_QNN_zz_r1_d6_s44;MNIST_QNN_zz_r5_d6_s43;MNIST_QNN_zz_r5_d6_s44;MNIST_QNN_zz_r5_d6_s45
cross_cell_8,8,30,128,z_r1_d6,MNIST_QNN_z_r1_d6_s43;MNIST_QNN_z_r1_d6_s44;MNIST_QNN_z_r1_d6_s45,MNIST_QNN_eff_su2_r1_d2_s44;MNIST_QNN_eff_su2_r5_d2_s44;MNIST_QNN_eff_su2_r5_d2_s45;MNIST_QNN_zz_r1_d6_s43;MNIST_QNN_zz_r1_d6_s44;MNIST_QNN_zz_r1_d6_s45;MNIST_QNN_zz_r5_d6_s43;MNIST_QNN_zz_r5_d6_s44
cross_cell_8,8,30,128,zz_r1_d6,MNIST_QNN_zz_r1_d6_s43;MNIST_QNN_zz_r1_d6_s44;MNIST_QNN_zz_r1_d6_s45,MNIST_QNN_eff_su2_r1_d2_s45;MNIST_QNN_eff_su2_r5_d2_s43;MNIST_QNN_z_r1_d6_s43;MNIST_QNN_z_r1_d6_s44;MNIST_QNN_z_r1_d6_s45;MNIST_QNN_zz_r5_d6_s43;MNIST_QNN_zz_r5_d6_s44;MNIST_QNN_zz_r5_d6_s45
cross_cell_8,8,30,128,zz_r5_d6,MNIST_QNN_zz_r5_d6_s43;MNIST_QNN_zz_r5_d6_s44;MNIST_QNN_zz_r5_d6_s45,MNIST_QNN_eff_su2_r1_d2_s45;MNIST_QNN_eff_su2_r5_d2_s44;MNIST_QNN_eff_su2_r5_d2_s45;MNIST_QNN_z_r1_d6_s43;MNIST_QNN_z_r1_d6_s44;MNIST_QNN_zz_r1_d6_s43;MNIST_QNN_zz_r1_d6_s44;MNIST_QNN_zz_r1_d6_s45
cross_cell_8,8,31,128,eff_su2_r1_d2,MNIST_QNN_eff_su2_r1_d2_s43;MNIST_QNN_eff_su2_r1_d2_s44;MNIST_QNN_eff_su2_r1_d2_s45,MNIST_QNN_z_r1_d6_s43;MNIST_QNN_z_r1_d6_s44;MNIST_QNN_z_r1_d6_s45;MNIST_QNN_zz_r1_d6_s43;MNIST_QNN_zz_r1_d6_s44;MNIST_QNN_zz_r1_d6_s45;MNIST_QNN_zz_r5_d6_s43;MNIST_QNN_zz_r5_d6_s44
cross_cell_8,8,31,128,eff_su2_r5_d2,MNIST_QNN_eff_su2_r5_d2_s43;MNIST_QNN_eff_su2_r5_d2_s44;MNIST_QNN_eff_su2_r5_d2_s45,MNIST_QNN_eff_su2_r1_d2_s45;MNIST_QNN_z_r1_d6_s43;MNIST_QNN_z_r1_d6_s45;MNIST_QNN_zz_r1_d6_s43;MNIST_QNN_zz_r1_d6_s44;MNIST_QNN_zz_r1_d6_s45;MNIST_QNN_zz_r5_d6_s43;MNIST_QNN_zz_r5_d6_s44
cross_cell_8,8,31,128,z_r1_d6,MNIST_QNN_z_r1_d6_s43;MNIST_QNN_z_r1_d6_s44;MNIST_QNN_z_r1_d6_s45,MNIST_QNN_eff_su2_r1_d2_s45;MNIST_QNN_eff_su2_r5_d2_s43;MNIST_QNN_eff_su2_r5_d2_s44;MNIST_QNN_eff_su2_r5_d2_s45;MNIST_QNN_zz_r1_d6_s43;MNIST_QNN_zz_r1_d6_s44;MNIST_QNN_zz_r5_d6_s44;MNIST_QNN_zz_r5_d6_s45
cross_cell_8,8,31,128,zz_r1_d6,MNIST_QNN_zz_r1_d6_s43;MNIST_QNN_zz_r1_d6_s44;MNIST_QNN_zz_r1_d6_s45,MNIST_QNN_eff_su2_r1_d2_s45;MNIST_QNN_eff_su2_r5_d2_s45;MNIST_QNN_z_r1_d6_s43;MNIST_QNN_z_r1_d6_s44;MNIST_QNN_z_r1_d6_s45;MNIST_QNN_zz_r5_d6_s43;MNIST_QNN_zz_r5_d6_s44;MNIST_QNN_zz_r5_d6_s45
cross_cell_8,8,31,128,zz_r5_d6,MNIST_QNN_zz_r5_d6_s43;MNIST_QNN_zz_r5_d6_s44;MNIST_QNN_zz_r5_d6_s45,MNIST_QNN_eff_su2_r5_d2_s43;MNIST_QNN_eff_su2_r5_d2_s44;MNIST_QNN_eff_su2_r5_d2_s45;MNIST_QNN_z_r1_d6_s44;MNIST_QNN_z_r1_d6_s45;MNIST_QNN_zz_r1_d6_s43;MNIST_QNN_zz_r1_d6_s44;MNIST_QNN_zz_r1_d6_s45
cross_cell_12,12,0,128,eff_su2_r1_d2,MNIST_QNN_eff_su2_r1_d2_s43;MNIST_QNN_eff_su2_r1_d2_s44;MNIST_QNN_eff_su2_r1_d2_s45,MNIST_QNN_eff_su2_r5_d2_s43;MNIST_QNN_eff_su2_r5_d2_s44;MNIST_QNN_eff_su2_r5_d2_s45;MNIST_QNN_z_r1_d6_s43;MNIST_QNN_z_r1_d6_s44;MNIST_QNN_z_r1_d6_s45;MNIST_QNN_zz_r1_d6_s43;MNIST_QNN_zz_r1_d6_s44;MNIST_QNN_zz_r1_d6_s45;MNIST_QNN_zz_r5_d6_s43;MNIST_QNN_zz_r5_d6_s44;MNIST_QNN_zz_r5_d6_s45
cross_cell_12,12,0,128,eff_su2_r5_d2,MNIST_QNN_eff_su2_r5_d2_s43;MNIST_QNN_eff_su2_r5_d2_s44;MNIST_QNN_eff_su2_r5_d2_s45,MNIST_QNN_eff_su2_r1_d2_s43;MNIST_QNN_eff_su2_r1_d2_s44;MNIST_QNN_eff_su2_r1_d2_s45;MNIST_QNN_z_r1_d6_s43;MNIST_QNN_z_r1_d6_s44;MNIST_QNN_z_r1_d6_s45;MNIST_QNN_zz_r1_d6_s43;MNIST_QNN_zz_r1_d6_s44;MNIST_QNN_zz_r1_d6_s45;MNIST_QNN_zz_r5_d6_s43;MNIST_QNN_zz_r5_d6_s44;MNIST_QNN_zz_r5_d6_s45
cross_cell_12,12,0,128,z_r1_d6,MNIST_QNN_z_r1_d6_s43;MNIST_QNN_z_r1_d6_s44;MNIST_QNN_z_r1_d6_s45,MNIST_QNN_eff_su2_r1_d2_s43;MNIST_QNN_eff_su2_r1_d2_s44;MNIST_QNN_eff_su2_r1_d2_s45;MNIST_QNN_eff_su2_r5_d2_s43;MNIST_QNN_eff_su2_r5_d2_s44;MNIST_QNN_eff_su2_r5_d2_s45;MNIST_QNN_zz_r1_d6_s43;MNIST_QNN_zz_r1_d6_s44;MNIST_QNN_zz_r1_d6_s45;MNIST_QNN_zz_r5_d6_s43;MNIST_QNN_zz_r5_d6_s44;MNIST_QNN_zz_r5_d6_s45
cross_cell_12,12,0,128,zz_r1_d6,MNIST_QNN_zz_r1_d6_s43;MNIST_QNN_zz_r1_d6_s44;MNIST_QNN_zz_r1_d6_s45,MNIST_QNN_eff_su2_r1_d2_s43;MNIST_QNN_eff_su2_r1_d2_s44;MNIST_QNN_eff_su2_r1_d2_s45;MNIST_QNN_eff_su2_r5_d2_s43;MNIST_QNN_eff_su2_r5_d2_s44;MNIST_QNN_eff_su2_r5_d2_s45;MNIST_QNN_z_r1_d6_s43;MNIST_QNN_z_r1_d6_s44;MNIST_QNN_z_r1_d6_s45;MNIST_QNN_zz_r5_d6_s43;MNIST_QNN_zz_r5_d6_s44;MNIST_QNN_zz_r5_d6_s45
cross_cell_12,12,0,128,zz_r5_d6,MNIST_QNN_zz_r5_d6_s43;MNIST_QNN_zz_r5_d6_s44;MNIST_QNN_zz_r5_d6_s45,MNIST_QNN_eff_su2_r1_d2_s43;MNIST_QNN_eff_su2_r1_d2_s44;MNIST_QNN_eff_su2_r1_d2_s45;MNIST_QNN_eff_su2_r5_d2_s43;MNIST_QNN_eff_su2_r5_d2_s44;MNIST_QNN_eff_su2_r5_d2_s45;MNIST_QNN_z_r1_d6_s43;MNIST_QNN_z_r1_d6_s44;MNIST_QNN_z_r1_d6_s45;MNIST_QNN_zz_r1_d6_s43;MNIST_QNN_zz_r1_d6_s44;MNIST_QNN_zz_r1_d6_s45
same_cell_2,2,0,512,eff_su2_r1_d2,MNIST_QNN_eff_su2_r1_d2_s43,MNIST_QNN_eff_su2_r1_d2_s44;MNIST_QNN_eff_su2_r1_d2_s45
same_cell_2,2,0,512,eff_su2_r1_d2,MNIST_QNN_eff_su2_r1_d2_s44,MNIST_QNN_eff_su2_r1_d2_s43;MNIST_QNN_eff_su2_r1_d2_s45
same_cell_2,2,0,512,eff_su2_r1_d2,MNIST_QNN_eff_su2_r1_d2_s45,MNIST_QNN_eff_su2_r1_d2_s43;MNIST_QNN_eff_su2_r1_d2_s44
same_cell_2,2,0,512,eff_su2_r5_d2,MNIST_QNN_eff_su2_r5_d2_s43,MNIST_QNN_eff_su2_r5_d2_s44;MNIST_QNN_eff_su2_r5_d2_s45
same_cell_2,2,0,512,eff_su2_r5_d2,MNIST_QNN_eff_su2_r5_d2_s44,MNIST_QNN_eff_su2_r5_d2_s43;MNIST_QNN_eff_su2_r5_d2_s45
same_cell_2,2,0,512,eff_su2_r5_d2,MNIST_QNN_eff_su2_r5_d2_s45,MNIST_QNN_eff_su2_r5_d2_s43;MNIST_QNN_eff_su2_r5_d2_s44
same_cell_2,2,0,512,z_r1_d6,MNIST_QNN_z_r1_d6_s43,MNIST_QNN_z_r1_d6_s44;MNIST_QNN_z_r1_d6_s45
same_cell_2,2,0,512,z_r1_d6,MNIST_QNN_z_r1_d6_s44,MNIST_QNN_z_r1_d6_s43;MNIST_QNN_z_r1_d6_s45
same_cell_2,2,0,512,z_r1_d6,MNIST_QNN_z_r1_d6_s45,MNIST_QNN_z_r1_d6_s43;MNIST_QNN_z_r1_d6_s44
same_cell_2,2,0,512,zz_r1_d6,MNIST_QNN_zz_r1_d6_s43,MNIST_QNN_zz_r1_d6_s44;MNIST_QNN_zz_r1_d6_s45
same_cell_2,2,0,512,zz_r1_d6,MNIST_QNN_zz_r1_d6_s44,MNIST_QNN_zz_r1_d6_s43;MNIST_QNN_zz_r1_d6_s45
same_cell_2,2,0,512,zz_r1_d6,MNIST_QNN_zz_r1_d6_s45,MNIST_QNN_zz_r1_d6_s43;MNIST_QNN_zz_r1_d6_s44
same_cell_2,2,0,512,zz_r5_d6,MNIST_QNN_zz_r5_d6_s43,MNIST_QNN_zz_r5_d6_s44;MNIST_QNN_zz_r5_d6_s45
same_cell_2,2,0,512,zz_r5_d6,MNIST_QNN_zz_r5_d6_s44,MNIST_QNN_zz_r5_d6_s43;MNIST_QNN_zz_r5_d6_s45
same_cell_2,2,0,512,zz_r5_d6,MNIST_QNN_zz_r5_d6_s45,MNIST_QNN_zz_r5_d6_s43;MNIST_QNN_zz_r5_d6_s44
cross_cell_2,2,0,512,eff_su2_r1_d2,MNIST_QNN_eff_su2_r1_d2_s43;MNIST_QNN_eff_su2_r1_d2_s44;MNIST_QNN_eff_su2_r1_d2_s45,MNIST_QNN_eff_su2_r5_d2_s45;MNIST_QNN_z_r1_d6_s43
cross_cell_2,2,0,512,eff_su2_r5_d2,MNIST_QNN_eff_su2_r5_d2_s43;MNIST_QNN_eff_su2_r5_d2_s44;MNIST_QNN_eff_su2_r5_d2_s45,MNIST_QNN_eff_su2_r1_d2_s45;MNIST_QNN_z_r1_d6_s44
cross_cell_2,2,0,512,z_r1_d6,MNIST_QNN_z_r1_d6_s43;MNIST_QNN_z_r1_d6_s44;MNIST_QNN_z_r1_d6_s45,MNIST_QNN_eff_su2_r5_d2_s43;MNIST_QNN_zz_r1_d6_s43
cross_cell_2,2,0,512,zz_r1_d6,MNIST_QNN_zz_r1_d6_s43;MNIST_QNN_zz_r1_d6_s44;MNIST_QNN_zz_r1_d6_s45,MNIST_QNN_zz_r5_d6_s43;MNIST_QNN_zz_r5_d6_s44
cross_cell_2,2,0,512,zz_r5_d6,MNIST_QNN_zz_r5_d6_s43;MNIST_QNN_zz_r5_d6_s44;MNIST_QNN_zz_r5_d6_s45,MNIST_QNN_eff_su2_r5_d2_s43;MNIST_QNN_z_r1_d6_s43
cross_cell_2,2,1,512,eff_su2_r1_d2,MNIST_QNN_eff_su2_r1_d2_s43;MNIST_QNN_eff_su2_r1_d2_s44;MNIST_QNN_eff_su2_r1_d2_s45,MNIST_QNN_eff_su2_r5_d2_s45;MNIST_QNN_zz_r5_d6_s45
cross_cell_2,2,1,512,eff_su2_r5_d2,MNIST_QNN_eff_su2_r5_d2_s43;MNIST_QNN_eff_su2_r5_d2_s44;MNIST_QNN_eff_su2_r5_d2_s45,MNIST_QNN_zz_r1_d6_s43;MNIST_QNN_zz_r1_d6_s45
cross_cell_2,2,1,512,z_r1_d6,MNIST_QNN_z_r1_d6_s43;MNIST_QNN_z_r1_d6_s44;MNIST_QNN_z_r1_d6_s45,MNIST_QNN_zz_r1_d6_s44;MNIST_QNN_zz_r1_d6_s45
cross_cell_2,2,1,512,zz_r1_d6,MNIST_QNN_zz_r1_d6_s43;MNIST_QNN_zz_r1_d6_s44;MNIST_QNN_zz_r1_d6_s45,MNIST_QNN_eff_su2_r1_d2_s43;MNIST_QNN_eff_su2_r5_d2_s44
cross_cell_2,2,1,512,zz_r5_d6,MNIST_QNN_zz_r5_d6_s43;MNIST_QNN_zz_r5_d6_s44;MNIST_QNN_zz_r5_d6_s45,MNIST_QNN_eff_su2_r1_d2_s43;MNIST_QNN_eff_su2_r1_d2_s45
cross_cell_2,2,2,512,eff_su2_r1_d2,MNIST_QNN_eff_su2_r1_d2_s43;MNIST_QNN_eff_su2_r1_d2_s44;MNIST_QNN_eff_su2_r1_d2_s45,MNIST_QNN_z_r1_d6_s43;MNIST_QNN_z_r1_d6_s44
cross_cell_2,2,2,512,eff_su2_r5_d2,MNIST_QNN_eff_su2_r5_d2_s43;MNIST_QNN_eff_su2_r5_d2_s44;MNIST_QNN_eff_su2_r5_d2_s45,MNIST_QNN_eff_su2_r1_d2_s45;MNIST_QNN_zz_r5_d6_s43
cross_cell_2,2,2,512,z_r1_d6,MNIST_QNN_z_r1_d6_s43;MNIST_QNN_z_r1_d6_s44;MNIST_QNN_z_r1_d6_s45,MNIST_QNN_eff_su2_r1_d2_s43;MNIST_QNN_eff_su2_r1_d2_s44
cross_cell_2,2,2,512,zz_r1_d6,MNIST_QNN_zz_r1_d6_s43;MNIST_QNN_zz_r1_d6_s44;MNIST_QNN_zz_r1_d6_s45,MNIST_QNN_z_r1_d6_s45;MNIST_QNN_zz_r5_d6_s43
cross_cell_2,2,2,512,zz_r5_d6,MNIST_QNN_zz_r5_d6_s43;MNIST_QNN_zz_r5_d6_s44;MNIST_QNN_zz_r5_d6_s45,MNIST_QNN_eff_su2_r5_d2_s44;MNIST_QNN_eff_su2_r5_d2_s45
cross_cell_2,2,3,512,eff_su2_r1_d2,MNIST_QNN_eff_su2_r1_d2_s43;MNIST_QNN_eff_su2_r1_d2_s44;MNIST_QNN_eff_su2_r1_d2_s45,MNIST_QNN_zz_r1_d6_s44;MNIST_QNN_zz_r5_d6_s45
cross_cell_2,2,3,512,eff_su2_r5_d2,MNIST_QNN_eff_su2_r5_d2_s43;MNIST_QNN_eff_su2_r5_d2_s44;MNIST_QNN_eff_su2_r5_d2_s45,MNIST_QNN_eff_su2_r1_d2_s43;MNIST_QNN_zz_r5_d6_s44
cross_cell_2,2,3,512,z_r1_d6,MNIST_QNN_z_r1_d6_s43;MNIST_QNN_z_r1_d6_s44;MNIST_QNN_z_r1_d6_s45,MNIST_QNN_eff_su2_r1_d2_s43;MNIST_QNN_zz_r1_d6_s45
cross_cell_2,2,3,512,zz_r1_d6,MNIST_QNN_zz_r1_d6_s43;MNIST_QNN_zz_r1_d6_s44;MNIST_QNN_zz_r1_d6_s45,MNIST_QNN_z_r1_d6_s43;MNIST_QNN_zz_r5_d6_s44
cross_cell_2,2,3,512,zz_r5_d6,MNIST_QNN_zz_r5_d6_s43;MNIST_QNN_zz_r5_d6_s44;MNIST_QNN_zz_r5_d6_s45,MNIST_QNN_eff_su2_r5_d2_s43;MNIST_QNN_z_r1_d6_s44
cross_cell_2,2,4,512,eff_su2_r1_d2,MNIST_QNN_eff_su2_r1_d2_s43;MNIST_QNN_eff_su2_r1_d2_s44;MNIST_QNN_eff_su2_r1_d2_s45,MNIST_QNN_eff_su2_r5_d2_s44;MNIST_QNN_zz_r1_d6_s44
cross_cell_2,2,4,512,eff_su2_r5_d2,MNIST_QNN_eff_su2_r5_d2_s43;MNIST_QNN_eff_su2_r5_d2_s44;MNIST_QNN_eff_su2_r5_d2_s45,MNIST_QNN_eff_su2_r1_d2_s43;MNIST_QNN_zz_r5_d6_s45
cross_cell_2,2,4,512,z_r1_d6,MNIST_QNN_z_r1_d6_s43;MNIST_QNN_z_r1_d6_s44;MNIST_QNN_z_r1_d6_s45,MNIST_QNN_eff_su2_r5_d2_s45;MNIST_QNN_zz_r5_d6_s44
cross_cell_2,2,4,512,zz_r1_d6,MNIST_QNN_zz_r1_d6_s43;MNIST_QNN_zz_r1_d6_s44;MNIST_QNN_zz_r1_d6_s45,MNIST_QNN_eff_su2_r5_d2_s44;MNIST_QNN_z_r1_d6_s45
cross_cell_2,2,4,512,zz_r5_d6,MNIST_QNN_zz_r5_d6_s43;MNIST_QNN_zz_r5_d6_s44;MNIST_QNN_zz_r5_d6_s45,MNIST_QNN_eff_su2_r5_d2_s45;MNIST_QNN_zz_r1_d6_s44
cross_cell_2,2,5,512,eff_su2_r1_d2,MNIST_QNN_eff_su2_r1_d2_s43;MNIST_QNN_eff_su2_r1_d2_s44;MNIST_QNN_eff_su2_r1_d2_s45,MNIST_QNN_eff_su2_r5_d2_s43;MNIST_QNN_eff_su2_r5_d2_s44
cross_cell_2,2,5,512,eff_su2_r5_d2,MNIST_QNN_eff_su2_r5_d2_s43;MNIST_QNN_eff_su2_r5_d2_s44;MNIST_QNN_eff_su2_r5_d2_s45,MNIST_QNN_eff_su2_r1_d2_s44;MNIST_QNN_z_r1_d6_s45
cross_cell_2,2,5,512,z_r1_d6,MNIST_QNN_z_r1_d6_s43;MNIST_QNN_z_r1_d6_s44;MNIST_QNN_z_r1_d6_s45,MNIST_QNN_zz_r1_d6_s43;MNIST_QNN_zz_r5_d6_s45
cross_cell_2,2,5,512,zz_r1_d6,MNIST_QNN_zz_r1_d6_s43;MNIST_QNN_zz_r1_d6_s44;MNIST_QNN_zz_r1_d6_s45,MNIST_QNN_eff_su2_r1_d2_s43;MNIST_QNN_z_r1_d6_s45
cross_cell_2,2,5,512,zz_r5_d6,MNIST_QNN_zz_r5_d6_s43;MNIST_QNN_zz_r5_d6_s44;MNIST_QNN_zz_r5_d6_s45,MNIST_QNN_z_r1_d6_s43;MNIST_QNN_z_r1_d6_s44
cross_cell_2,2,6,512,eff_su2_r1_d2,MNIST_QNN_eff_su2_r1_d2_s43;MNIST_QNN_eff_su2_r1_d2_s44;MNIST_QNN_eff_su2_r1_d2_s45,MNIST_QNN_z_r1_d6_s44;MNIST_QNN_zz_r1_d6_s45
cross_cell_2,2,6,512,eff_su2_r5_d2,MNIST_QNN_eff_su2_r5_d2_s43;MNIST_QNN_eff_su2_r5_d2_s44;MNIST_QNN_eff_su2_r5_d2_s45,MNIST_QNN_eff_su2_r1_d2_s43;MNIST_QNN_zz_r1_d6_s43
cross_cell_2,2,6,512,z_r1_d6,MNIST_QNN_z_r1_d6_s43;MNIST_QNN_z_r1_d6_s44;MNIST_QNN_z_r1_d6_s45,MNIST_QNN_eff_su2_r5_d2_s43;MNIST_QNN_zz_r5_d6_s43
cross_cell_2,2,6,512,zz_r1_d6,MNIST_QNN_zz_r1_d6_s43;MNIST_QNN_zz_r1_d6_s44;MNIST_QNN_zz_r1_d6_s45,MNIST_QNN_eff_su2_r1_d2_s43;MNIST_QNN_eff_su2_r5_d2_s45
cross_cell_2,2,6,512,zz_r5_d6,MNIST_QNN_zz_r5_d6_s43;MNIST_QNN_zz_r5_d6_s44;MNIST_QNN_zz_r5_d6_s45,MNIST_QNN_z_r1_d6_s45;MNIST_QNN_zz_r1_d6_s45
cross_cell_2,2,7,512,eff_su2_r1_d2,MNIST_QNN_eff_su2_r1_d2_s43;MNIST_QNN_eff_su2_r1_d2_s44;MNIST_QNN_eff_su2_r1_d2_s45,MNIST_QNN_z_r1_d6_s44;MNIST_QNN_z_r1_d6_s45
cross_cell_2,2,7,512,eff_su2_r5_d2,MNIST_QNN_eff_su2_r5_d2_s43;MNIST_QNN_eff_su2_r5_d2_s44;MNIST_QNN_eff_su2_r5_d2_s45,MNIST_QNN_eff_su2_r1_d2_s44;MNIST_QNN_zz_r1_d6_s44
cross_cell_2,2,7,512,z_r1_d6,MNIST_QNN_z_r1_d6_s43;MNIST_QNN_z_r1_d6_s44;MNIST_QNN_z_r1_d6_s45,MNIST_QNN_zz_r1_d6_s44;MNIST_QNN_zz_r5_d6_s43
cross_cell_2,2,7,512,zz_r1_d6,MNIST_QNN_zz_r1_d6_s43;MNIST_QNN_zz_r1_d6_s44;MNIST_QNN_zz_r1_d6_s45,MNIST_QNN_z_r1_d6_s43;MNIST_QNN_zz_r5_d6_s43
cross_cell_2,2,7,512,zz_r5_d6,MNIST_QNN_zz_r5_d6_s43;MNIST_QNN_zz_r5_d6_s44;MNIST_QNN_zz_r5_d6_s45,MNIST_QNN_zz_r1_d6_s44;MNIST_QNN_zz_r1_d6_s45
cross_cell_2,2,8,512,eff_su2_r1_d2,MNIST_QNN_eff_su2_r1_d2_s43;MNIST_QNN_eff_su2_r1_d2_s44;MNIST_QNN_eff_su2_r1_d2_s45,MNIST_QNN_eff_su2_r5_d2_s45;MNIST_QNN_z_r1_d6_s45
cross_cell_2,2,8,512,eff_su2_r5_d2,MNIST_QNN_eff_su2_r5_d2_s43;MNIST_QNN_eff_su2_r5_d2_s44;MNIST_QNN_eff_su2_r5_d2_s45,MNIST_QNN_eff_su2_r1_d2_s45;MNIST_QNN_z_r1_d6_s43
cross_cell_2,2,8,512,z_r1_d6,MNIST_QNN_z_r1_d6_s43;MNIST_QNN_z_r1_d6_s44;MNIST_QNN_z_r1_d6_s45,MNIST_QNN_eff_su2_r5_d2_s44;MNIST_QNN_zz_r1_d6_s43
cross_cell_2,2,8,512,zz_r1_d6,MNIST_QNN_zz_r1_d6_s43;MNIST_QNN_zz_r1_d6_s44;MNIST_QNN_zz_r1_d6_s45,MNIST_QNN_z_r1_d6_s44;MNIST_QNN_zz_r5_d6_s44
cross_cell_2,2,8,512,zz_r5_d6,MNIST_QNN_zz_r5_d6_s43;MNIST_QNN_zz_r5_d6_s44;MNIST_QNN_zz_r5_d6_s45,MNIST_QNN_eff_su2_r1_d2_s44;MNIST_QNN_zz_r1_d6_s45
cross_cell_2,2,9,512,eff_su2_r1_d2,MNIST_QNN_eff_su2_r1_d2_s43;MNIST_QNN_eff_su2_r1_d2_s44;MNIST_QNN_eff_su2_r1_d2_s45,MNIST_QNN_zz_r5_d6_s43;MNIST_QNN_zz_r5_d6_s45
cross_cell_2,2,9,512,eff_su2_r5_d2,MNIST_QNN_eff_su2_r5_d2_s43;MNIST_QNN_eff_su2_r5_d2_s44;MNIST_QNN_eff_su2_r5_d2_s45,MNIST_QNN_z_r1_d6_s44;MNIST_QNN_zz_r5_d6_s45
cross_cell_2,2,9,512,z_r1_d6,MNIST_QNN_z_r1_d6_s43;MNIST_QNN_z_r1_d6_s44;MNIST_QNN_z_r1_d6_s45,MNIST_QNN_zz_r1_d6_s43;MNIST_QNN_zz_r1_d6_s45
cross_cell_2,2,9,512,zz_r1_d6,MNIST_QNN_zz_r1_d6_s43;MNIST_QNN_zz_r1_d6_s44;MNIST_QNN_zz_r1_d6_s45,MNIST_QNN_eff_su2_r1_d2_s43;MNIST_QNN_zz_r5_d6_s44
cross_cell_2,2,9,512,zz_r5_d6,MNIST_QNN_zz_r5_d6_s43;MNIST_QNN_zz_r5_d6_s44;MNIST_QNN_zz_r5_d6_s45,MNIST_QNN_z_r1_d6_s44;MNIST_QNN_zz_r1_d6_s44
cross_cell_2,2,10,512,eff_su2_r1_d2,MNIST_QNN_eff_su2_r1_d2_s43;MNIST_QNN_eff_su2_r1_d2_s44;MNIST_QNN_eff_su2_r1_d2_s45,MNIST_QNN_z_r1_d6_s43;MNIST_QNN_zz_r1_d6_s43
cross_cell_2,2,10,512,eff_su2_r5_d2,MNIST_QNN_eff_su2_r5_d2_s43;MNIST_QNN_eff_su2_r5_d2_s44;MNIST_QNN_eff_su2_r5_d2_s45,MNIST_QNN_z_r1_d6_s43;MNIST_QNN_z_r1_d6_s44
cross_cell_2,2,10,512,z_r1_d6,MNIST_QNN_z_r1_d6_s43;MNIST_QNN_z_r1_d6_s44;MNIST_QNN_z_r1_d6_s45,MNIST_QNN_zz_r1_d6_s43;MNIST_QNN_zz_r5_d6_s44
cross_cell_2,2,10,512,zz_r1_d6,MNIST_QNN_zz_r1_d6_s43;MNIST_QNN_zz_r1_d6_s44;MNIST_QNN_zz_r1_d6_s45,MNIST_QNN_eff_su2_r1_d2_s45;MNIST_QNN_z_r1_d6_s45
cross_cell_2,2,10,512,zz_r5_d6,MNIST_QNN_zz_r5_d6_s43;MNIST_QNN_zz_r5_d6_s44;MNIST_QNN_zz_r5_d6_s45,MNIST_QNN_eff_su2_r1_d2_s44;MNIST_QNN_z_r1_d6_s44
cross_cell_2,2,11,512,eff_su2_r1_d2,MNIST_QNN_eff_su2_r1_d2_s43;MNIST_QNN_eff_su2_r1_d2_s44;MNIST_QNN_eff_su2_r1_d2_s45,MNIST_QNN_eff_su2_r5_d2_s44;MNIST_QNN_zz_r1_d6_s43
cross_cell_2,2,11,512,eff_su2_r5_d2,MNIST_QNN_eff_su2_r5_d2_s43;MNIST_QNN_eff_su2_r5_d2_s44;MNIST_QNN_eff_su2_r5_d2_s45,MNIST_QNN_eff_su2_r1_d2_s45;MNIST_QNN_zz_r1_d6_s44
cross_cell_2,2,11,512,z_r1_d6,MNIST_QNN_z_r1_d6_s43;MNIST_QNN_z_r1_d6_s44;MNIST_QNN_z_r1_d6_s45,MNIST_QNN_eff_su2_r1_d2_s44;MNIST_QNN_zz_r5_d6_s44
cross_cell_2,2,11,512,zz_r1_d6,MNIST_QNN_zz_r1_d6_s43;MNIST_QNN_zz_r1_d6_s44;MNIST_QNN_zz_r1_d6_s45,MNIST_QNN_eff_su2_r1_d2_s45;MNIST_QNN_eff_su2_r5_d2_s43
cross_cell_2,2,11,512,zz_r5_d6,MNIST_QNN_zz_r5_d6_s43;MNIST_QNN_zz_r5_d6_s44;MNIST_QNN_zz_r5_d6_s45,MNIST_QNN_eff_su2_r5_d2_s44;MNIST_QNN_zz_r1_d6_s43
cross_cell_2,2,12,512,eff_su2_r1_d2,MNIST_QNN_eff_su2_r1_d2_s43;MNIST_QNN_eff_su2_r1_d2_s44;MNIST_QNN_eff_su2_r1_d2_s45,MNIST_QNN_z_r1_d6_s44;MNIST_QNN_zz_r1_d6_s43
cross_cell_2,2,12,512,eff_su2_r5_d2,MNIST_QNN_eff_su2_r5_d2_s43;MNIST_QNN_eff_su2_r5_d2_s44;MNIST_QNN_eff_su2_r5_d2_s45,MNIST_QNN_z_r1_d6_s44;MNIST_QNN_zz_r5_d6_s43
cross_cell_2,2,12,512,z_r1_d6,MNIST_QNN_z_r1_d6_s43;MNIST_QNN_z_r1_d6_s44;MNIST_QNN_z_r1_d6_s45,MNIST_QNN_eff_su2_r5_d2_s44;MNIST_QNN_zz_r5_d6_s44
cross_cell_2,2,12,512,zz_r1_d6,MNIST_QNN_zz_r1_d6_s43;MNIST_QNN_zz_r1_d6_s44;MNIST_QNN_zz_r1_d6_s45,MNIST_QNN_eff_su2_r1_d2_s45;MNIST_QNN_zz_r5_d6_s43
cross_cell_2,2,12,512,zz_r5_d6,MNIST_QNN_zz_r5_d6_s43;MNIST_QNN_zz_r5_d6_s44;MNIST_QNN_zz_r5_d6_s45,MNIST_QNN_eff_su2_r5_d2_s44;MNIST_QNN_z_r1_d6_s43
cross_cell_2,2,13,512,eff_su2_r1_d2,MNIST_QNN_eff_su2_r1_d2_s43;MNIST_QNN_eff_su2_r1_d2_s44;MNIST_QNN_eff_su2_r1_d2_s45,MNIST_QNN_eff_su2_r5_d2_s45;MNIST_QNN_z_r1_d6_s44
cross_cell_2,2,13,512,eff_su2_r5_d2,MNIST_QNN_eff_su2_r5_d2_s43;MNIST_QNN_eff_su2_r5_d2_s44;MNIST_QNN_eff_su2_r5_d2_s45,MNIST_QNN_eff_su2_r1_d2_s44;MNIST_QNN_eff_su2_r1_d2_s45
cross_cell_2,2,13,512,z_r1_d6,MNIST_QNN_z_r1_d6_s43;MNIST_QNN_z_r1_d6_s44;MNIST_QNN_z_r1_d6_s45,MNIST_QNN_eff_su2_r1_d2_s43;MNIST_QNN_eff_su2_r5_d2_s45
cross_cell_2,2,13,512,zz_r1_d6,MNIST_QNN_zz_r1_d6_s43;MNIST_QNN_zz_r1_d6_s44;MNIST_QNN_zz_r1_d6_s45,MNIST_QNN_eff_su2_r1_d2_s43;MNIST_QNN_zz_r5_d6_s43
cross_cell_2,2,13,512,zz_r5_d6,MNIST_QNN_zz_r5_d6_s43;MNIST_QNN_zz_r5_d6_s44;MNIST_QNN_zz_r5_d6_s45,MNIST_QNN_zz_r1_d6_s43;MNIST_QNN_zz_r1_d6_s44
cross_cell_2,2,14,512,eff_su2_r1_d2,MNIST_QNN_eff_su2_r1_d2_s43;MNIST_QNN_eff_su2_r1_d2_s44;MNIST_QNN_eff_su2_r1_d2_s45,MNIST_QNN_zz_r1_d6_s43;MNIST_QNN_zz_r5_d6_s44
cross_cell_2,2,14,512,eff_su2_r5_d2,MNIST_QNN_eff_su2_r5_d2_s43;MNIST_QNN_eff_su2_r5_d2_s44;MNIST_QNN_eff_su2_r5_d2_s45,MNIST_QNN_eff_su2_r1_d2_s43;MNIST_QNN_zz_r5_d6_s43
cross_cell_2,2,14,512,z_r1_d6,MNIST_QNN_z_r1_d6_s43;MNIST_QNN_z_r1_d6_s44;MNIST_QNN_z_r1_d6_s45,MNIST_QNN_zz_r5_d6_s43;MNIST_QNN_zz_r5_d6_s44
cross_cell_2,2,14,512,zz_r1_d6,MNIST_QNN_zz_r1_d6_s43;MNIST_QNN_zz_r1_d6_s44;MNIST_QNN_zz_r1_d6_s45,MNIST_QNN_eff_su2_r5_d2_s45;MNIST_QNN_z_r1_d6_s45
cross_cell_2,2,14,512,zz_r5_d6,MNIST_QNN_zz_r5_d6_s43;MNIST_QNN_zz_r5_d6_s44;MNIST_QNN_zz_r5_d6_s45,MNIST_QNN_z_r1_d6_s45;MNIST_QNN_zz_r1_d6_s44
cross_cell_2,2,15,512,eff_su2_r1_d2,MNIST_QNN_eff_su2_r1_d2_s43;MNIST_QNN_eff_su2_r1_d2_s44;MNIST_QNN_eff_su2_r1_d2_s45,MNIST_QNN_z_r1_d6_s44;MNIST_QNN_zz_r5_d6_s45
cross_cell_2,2,15,512,eff_su2_r5_d2,MNIST_QNN_eff_su2_r5_d2_s43;MNIST_QNN_eff_su2_r5_d2_s44;MNIST_QNN_eff_su2_r5_d2_s45,MNIST_QNN_eff_su2_r1_d2_s43;MNIST_QNN_zz_r1_d6_s45
cross_cell_2,2,15,512,z_r1_d6,MNIST_QNN_z_r1_d6_s43;MNIST_QNN_z_r1_d6_s44;MNIST_QNN_z_r1_d6_s45,MNIST_QNN_eff_su2_r1_d2_s43;MNIST_QNN_eff_su2_r5_d2_s43
cross_cell_2,2,15,512,zz_r1_d6,MNIST_QNN_zz_r1_d6_s43;MNIST_QNN_zz_r1_d6_s44;MNIST_QNN_zz_r1_d6_s45,MNIST_QNN_eff_su2_r1_d2_s45;MNIST_QNN_eff_su2_r5_d2_s44
cross_cell_2,2,15,512,zz_r5_d6,MNIST_QNN_zz_r5_d6_s43;MNIST_QNN_zz_r5_d6_s44;MNIST_QNN_zz_r5_d6_s45,MNIST_QNN_eff_su2_r5_d2_s45;MNIST_QNN_zz_r1_d6_s43
cross_cell_2,2,16,512,eff_su2_r1_d2,MNIST_QNN_eff_su2_r1_d2_s43;MNIST_QNN_eff_su2_r1_d2_s44;MNIST_QNN_eff_su2_r1_d2_s45,MNIST_QNN_eff_su2_r5_d2_s45;MNIST_QNN_zz_r1_d6_s44
cross_cell_2,2,16,512,eff_su2_r5_d2,MNIST_QNN_eff_su2_r5_d2_s43;MNIST_QNN_eff_su2_r5_d2_s44;MNIST_QNN_eff_su2_r5_d2_s45,MNIST_QNN_zz_r1_d6_s43;MNIST_QNN_zz_r5_d6_s45
cross_cell_2,2,16,512,z_r1_d6,MNIST_QNN_z_r1_d6_s43;MNIST_QNN_z_r1_d6_s44;MNIST_QNN_z_r1_d6_s45,MNIST_QNN_eff_su2_r5_d2_s45;MNIST_QNN_zz_r1_d6_s43
cross_cell_2,2,16,512,zz_r1_d6,MNIST_QNN_zz_r1_d6_s43;MNIST_QNN_zz_r1_d6_s44;MNIST_QNN_zz_r1_d6_s45,MNIST_QNN_eff_su2_r1_d2_s45;MNIST_QNN_zz_r5_d6_s45
cross_cell_2,2,16,512,zz_r5_d6,MNIST_QNN_zz_r5_d6_s43;MNIST_QNN_zz_r5_d6_s44;MNIST_QNN_zz_r5_d6_s45,MNIST_QNN_eff_su2_r1_d2_s43;MNIST_QNN_z_r1_d6_s45
cross_cell_2,2,17,512,eff_su2_r1_d2,MNIST_QNN_eff_su2_r1_d2_s43;MNIST_QNN_eff_su2_r1_d2_s44;MNIST_QNN_eff_su2_r1_d2_s45,MNIST_QNN_eff_su2_r5_d2_s44;MNIST_QNN_zz_r5_d6_s44
cross_cell_2,2,17,512,eff_su2_r5_d2,MNIST_QNN_eff_su2_r5_d2_s43;MNIST_QNN_eff_su2_r5_d2_s44;MNIST_QNN_eff_su2_r5_d2_s45,MNIST_QNN_z_r1_d6_s43;MNIST_QNN_zz_r5_d6_s44
cross_cell_2,2,17,512,z_r1_d6,MNIST_QNN_z_r1_d6_s43;MNIST_QNN_z_r1_d6_s44;MNIST_QNN_z_r1_d6_s45,MNIST_QNN_eff_su2_r5_d2_s43;MNIST_QNN_zz_r1_d6_s44
cross_cell_2,2,17,512,zz_r1_d6,MNIST_QNN_zz_r1_d6_s43;MNIST_QNN_zz_r1_d6_s44;MNIST_QNN_zz_r1_d6_s45,MNIST_QNN_z_r1_d6_s43;MNIST_QNN_z_r1_d6_s45
cross_cell_2,2,17,512,zz_r5_d6,MNIST_QNN_zz_r5_d6_s43;MNIST_QNN_zz_r5_d6_s44;MNIST_QNN_zz_r5_d6_s45,MNIST_QNN_eff_su2_r5_d2_s44;MNIST_QNN_z_r1_d6_s44
cross_cell_2,2,18,512,eff_su2_r1_d2,MNIST_QNN_eff_su2_r1_d2_s43;MNIST_QNN_eff_su2_r1_d2_s44;MNIST_QNN_eff_su2_r1_d2_s45,MNIST_QNN_z_r1_d6_s45;MNIST_QNN_zz_r5_d6_s45
cross_cell_2,2,18,512,eff_su2_r5_d2,MNIST_QNN_eff_su2_r5_d2_s43;MNIST_QNN_eff_su2_r5_d2_s44;MNIST_QNN_eff_su2_r5_d2_s45,MNIST_QNN_zz_r5_d6_s43;MNIST_QNN_zz_r5_d6_s44
cross_cell_2,2,18,512,z_r1_d6,MNIST_QNN_z_r1_d6_s43;MNIST_QNN_z_r1_d6_s44;MNIST_QNN_z_r1_d6_s45,MNIST_QNN_zz_r1_d6_s43;MNIST_QNN_zz_r1_d6_s44
cross_cell_2,2,18,512,zz_r1_d6,MNIST_QNN_zz_r1_d6_s43;MNIST_QNN_zz_r1_d6_s44;MNIST_QNN_zz_r1_d6_s45,MNIST_QNN_eff_su2_r5_d2_s43;MNIST_QNN_z_r1_d6_s45
cross_cell_2,2,18,512,zz_r5_d6,MNIST_QNN_zz_r5_d6_s43;MNIST_QNN_zz_r5_d6_s44;MNIST_QNN_zz_r5_d6_s45,MNIST_QNN_z_r1_d6_s43;MNIST_QNN_zz_r1_d6_s44
cross_cell_2,2,19,512,eff_su2_r1_d2,MNIST_QNN_eff_su2_r1_d2_s43;MNIST_QNN_eff_su2_r1_d2_s44;MNIST_QNN_eff_su2_r1_d2_s45,MNIST_QNN_zz_r1_d6_s45;MNIST_QNN_zz_r5_d6_s43
cross_cell_2,2,19,512,eff_su2_r5_d2,MNIST_QNN_eff_su2_r5_d2_s43;MNIST_QNN_eff_su2_r5_d2_s44;MNIST_QNN_eff_su2_r5_d2_s45,MNIST_QNN_zz_r1_d6_s43;MNIST_QNN_zz_r1_d6_s44
cross_cell_2,2,19,512,z_r1_d6,MNIST_QNN_z_r1_d6_s43;MNIST_QNN_z_r1_d6_s44;MNIST_QNN_z_r1_d6_s45,MNIST_QNN_eff_su2_r5_d2_s44;MNIST_QNN_eff_su2_r5_d2_s45
cross_cell_2,2,19,512,zz_r1_d6,MNIST_QNN_zz_r1_d6_s43;MNIST_QNN_zz_r1_d6_s44;MNIST_QNN_zz_r1_d6_s45,MNIST_QNN_zz_r5_d6_s43;MNIST_QNN_zz_r5_d6_s45
cross_cell_2,2,19,512,zz_r5_d6,MNIST_QNN_zz_r5_d6_s43;MNIST_QNN_zz_r5_d6_s44;MNIST_QNN_zz_r5_d6_s45,MNIST_QNN_eff_su2_r1_d2_s44;MNIST_QNN_eff_su2_r1_d2_s45
cross_cell_2,2,20,512,eff_su2_r1_d2,MNIST_QNN_eff_su2_r1_d2_s43;MNIST_QNN_eff_su2_r1_d2_s44;MNIST_QNN_eff_su2_r1_d2_s45,MNIST_QNN_eff_su2_r5_d2_s45;MNIST_QNN_zz_r1_d6_s43
cross_cell_2,2,20,512,eff_su2_r5_d2,MNIST_QNN_eff_su2_r5_d2_s43;MNIST_QNN_eff_su2_r5_d2_s44;MNIST_QNN_eff_su2_r5_d2_s45,MNIST_QNN_z_r1_d6_s45;MNIST_QNN_zz_r5_d6_s43
cross_cell_2,2,20,512,z_r1_d6,MNIST_QNN_z_r1_d6_s43;MNIST_QNN_z_r1_d6_s44;MNIST_QNN_z_r1_d6_s45,MNIST_QNN_eff_su2_r1_d2_s44;MNIST_QNN_zz_r5_d6_s43
cross_cell_2,2,20,512,zz_r1_d6,MNIST_QNN_zz_r1_d6_s43;MNIST_QNN_zz_r1_d6_s44;MNIST_QNN_zz_r1_d6_s45,MNIST_QNN_eff_su2_r1_d2_s44;MNIST_QNN_zz_r5_d6_s43
cross_cell_2,2,20,512,zz_r5_d6,MNIST_QNN_zz_r5_d6_s43;MNIST_QNN_zz_r5_d6_s44;MNIST_QNN_zz_r5_d6_s45,MNIST_QNN_eff_su2_r1_d2_s45;MNIST_QNN_z_r1_d6_s43
cross_cell_2,2,21,512,eff_su2_r1_d2,MNIST_QNN_eff_su2_r1_d2_s43;MNIST_QNN_eff_su2_r1_d2_s44;MNIST_QNN_eff_su2_r1_d2_s45,MNIST_QNN_zz_r1_d6_s43;MNIST_QNN_zz_r1_d6_s45
cross_cell_2,2,21,512,eff_su2_r5_d2,MNIST_QNN_eff_su2_r5_d2_s43;MNIST_QNN_eff_su2_r5_d2_s44;MNIST_QNN_eff_su2_r5_d2_s45,MNIST_QNN_z_r1_d6_s43;MNIST_QNN_z_r1_d6_s45
cross_cell_2,2,21,512,z_r1_d6,MNIST_QNN_z_r1_d6_s43;MNIST_QNN_z_r1_d6_s44;MNIST_QNN_z_r1_d6_s45,MNIST_QNN_eff_su2_r1_d2_s44;MNIST_QNN_zz_r1_d6_s43
cross_cell_2,2,21,512,zz_r1_d6,MNIST_QNN_zz_r1_d6_s43;MNIST_QNN_zz_r1_d6_s44;MNIST_QNN_zz_r1_d6_s45,MNIST_QNN_eff_su2_r5_d2_s45;MNIST_QNN_zz_r5_d6_s44
cross_cell_2,2,21,512,zz_r5_d6,MNIST_QNN_zz_r5_d6_s43;MNIST_QNN_zz_r5_d6_s44;MNIST_QNN_zz_r5_d6_s45,MNIST_QNN_eff_su2_r5_d2_s43;MNIST_QNN_zz_r1_d6_s43
cross_cell_2,2,22,512,eff_su2_r1_d2,MNIST_QNN_eff_su2_r1_d2_s43;MNIST_QNN_eff_su2_r1_d2_s44;MNIST_QNN_eff_su2_r1_d2_s45,MNIST_QNN_zz_r1_d6_s44;MNIST_QNN_zz_r5_d6_s43
cross_cell_2,2,22,512,eff_su2_r5_d2,MNIST_QNN_eff_su2_r5_d2_s43;MNIST_QNN_eff_su2_r5_d2_s44;MNIST_QNN_eff_su2_r5_d2_s45,MNIST_QNN_eff_su2_r1_d2_s44;MNIST_QNN_zz_r5_d6_s43
cross_cell_2,2,22,512,z_r1_d6,MNIST_QNN_z_r1_d6_s43;MNIST_QNN_z_r1_d6_s44;MNIST_QNN_z_r1_d6_s45,MNIST_QNN_eff_su2_r1_d2_s43;MNIST_QNN_eff_su2_r1_d2_s45
cross_cell_2,2,22,512,zz_r1_d6,MNIST_QNN_zz_r1_d6_s43;MNIST_QNN_zz_r1_d6_s44;MNIST_QNN_zz_r1_d6_s45,MNIST_QNN_eff_su2_r1_d2_s45;MNIST_QNN_z_r1_d6_s43
cross_cell_2,2,22,512,zz_r5_d6,MNIST_QNN_zz_r5_d6_s43;MNIST_QNN_zz_r5_d6_s44;MNIST_QNN_zz_r5_d6_s45,MNIST_QNN_eff_su2_r5_d2_s44;MNIST_QNN_z_r1_d6_s45
cross_cell_2,2,23,512,eff_su2_r1_d2,MNIST_QNN_eff_su2_r1_d2_s43;MNIST_QNN_eff_su2_r1_d2_s44;MNIST_QNN_eff_su2_r1_d2_s45,MNIST_QNN_eff_su2_r5_d2_s44;MNIST_QNN_zz_r1_d6_s45
cross_cell_2,2,23,512,eff_su2_r5_d2,MNIST_QNN_eff_su2_r5_d2_s43;MNIST_QNN_eff_su2_r5_d2_s44;MNIST_QNN_eff_su2_r5_d2_s45,MNIST_QNN_eff_su2_r1_d2_s44;MNIST_QNN_zz_r5_d6_s44
cross_cell_2,2,23,512,z_r1_d6,MNIST_QNN_z_r1_d6_s43;MNIST_QNN_z_r1_d6_s44;MNIST_QNN_z_r1_d6_s45,MNIST_QNN_eff_su2_r1_d2_s44;MNIST_QNN_zz_r1_d6_s45
cross_cell_2,2,23,512,zz_r1_d6,MNIST_QNN_zz_r1_d6_s43;MNIST_QNN_zz_r1_d6_s44;MNIST_QNN_zz_r1_d6_s45,MNIST_QNN_eff_su2_r5_d2_s44;MNIST_QNN_zz_r5_d6_s45
cross_cell_2,2,23,512,zz_r5_d6,MNIST_QNN_zz_r5_d6_s43;MNIST_QNN_zz_r5_d6_s44;MNIST_QNN_zz_r5_d6_s45,MNIST_QNN_eff_su2_r5_d2_s43;MNIST_QNN_zz_r1_d6_s45
cross_cell_2,2,24,512,eff_su2_r1_d2,MNIST_QNN_eff_su2_r1_d2_s43;MNIST_QNN_eff_su2_r1_d2_s44;MNIST_QNN_eff_su2_r1_d2_s45,MNIST_QNN_zz_r1_d6_s43;MNIST_QNN_zz_r5_d6_s43
cross_cell_2,2,24,512,eff_su2_r5_d2,MNIST_QNN_eff_su2_r5_d2_s43;MNIST_QNN_eff_su2_r5_d2_s44;MNIST_QNN_eff_su2_r5_d2_s45,MNIST_QNN_eff_su2_r1_d2_s43;MNIST_QNN_zz_r1_d6_s44
cross_cell_2,2,24,512,z_r1_d6,MNIST_QNN_z_r1_d6_s43;MNIST_QNN_z_r1_d6_s44;MNIST_QNN_z_r1_d6_s45,MNIST_QNN_eff_su2_r1_d2_s45;MNIST_QNN_zz_r1_d6_s44
cross_cell_2,2,24,512,zz_r1_d6,MNIST_QNN_zz_r1_d6_s43;MNIST_QNN_zz_r1_d6_s44;MNIST_QNN_zz_r1_d6_s45,MNIST_QNN_zz_r5_d6_s44;MNIST_QNN_zz_r5_d6_s45
cross_cell_2,2,24,512,zz_r5_d6,MNIST_QNN_zz_r5_d6_s43;MNIST_QNN_zz_r5_d6_s44;MNIST_QNN_zz_r5_d6_s45,MNIST_QNN_eff_su2_r5_d2_s45;MNIST_QNN_z_r1_d6_s45
cross_cell_2,2,25,512,eff_su2_r1_d2,MNIST_QNN_eff_su2_r1_d2_s43;MNIST_QNN_eff_su2_r1_d2_s44;MNIST_QNN_eff_su2_r1_d2_s45,MNIST_QNN_zz_r1_d6_s43;MNIST_QNN_zz_r1_d6_s44
cross_cell_2,2,25,512,eff_su2_r5_d2,MNIST_QNN_eff_su2_r5_d2_s43;MNIST_QNN_eff_su2_r5_d2_s44;MNIST_QNN_eff_su2_r5_d2_s45,MNIST_QNN_zz_r1_d6_s43;MNIST_QNN_zz_r5_d6_s43
cross_cell_2,2,25,512,z_r1_d6,MNIST_QNN_z_r1_d6_s43;MNIST_QNN_z_r1_d6_s44;MNIST_QNN_z_r1_d6_s45,MNIST_QNN_eff_su2_r5_d2_s44;MNIST_QNN_zz_r1_d6_s45
cross_cell_2,2,25,512,zz_r1_d6,MNIST_QNN_zz_r1_d6_s43;MNIST_QNN_zz_r1_d6_s44;MNIST_QNN_zz_r1_d6_s45,MNIST_QNN_eff_su2_r5_d2_s45;MNIST_QNN_zz_r5_d6_s43
cross_cell_2,2,25,512,zz_r5_d6,MNIST_QNN_zz_r5_d6_s43;MNIST_QNN_zz_r5_d6_s44;MNIST_QNN_zz_r5_d6_s45,MNIST_QNN_eff_su2_r1_d2_s44;MNIST_QNN_zz_r1_d6_s43
cross_cell_2,2,26,512,eff_su2_r1_d2,MNIST_QNN_eff_su2_r1_d2_s43;MNIST_QNN_eff_su2_r1_d2_s44;MNIST_QNN_eff_su2_r1_d2_s45,MNIST_QNN_zz_r1_d6_s43;MNIST_QNN_zz_r5_d6_s45
cross_cell_2,2,26,512,eff_su2_r5_d2,MNIST_QNN_eff_su2_r5_d2_s43;MNIST_QNN_eff_su2_r5_d2_s44;MNIST_QNN_eff_su2_r5_d2_s45,MNIST_QNN_z_r1_d6_s45;MNIST_QNN_zz_r1_d6_s45
cross_cell_2,2,26,512,z_r1_d6,MNIST_QNN_z_r1_d6_s43;MNIST_QNN_z_r1_d6_s44;MNIST_QNN_z_r1_d6_s45,MNIST_QNN_zz_r5_d6_s44;MNIST_QNN_zz_r5_d6_s45
cross_cell_2,2,26,512,zz_r1_d6,MNIST_QNN_zz_r1_d6_s43;MNIST_QNN_zz_r1_d6_s44;MNIST_QNN_zz_r1_d6_s45,MNIST_QNN_eff_su2_r1_d2_s44;MNIST_QNN_eff_su2_r1_d2_s45
cross_cell_2,2,26,512,zz_r5_d6,MNIST_QNN_zz_r5_d6_s43;MNIST_QNN_zz_r5_d6_s44;MNIST_QNN_zz_r5_d6_s45,MNIST_QNN_eff_su2_r1_d2_s43;MNIST_QNN_eff_su2_r5_d2_s44
cross_cell_2,2,27,512,eff_su2_r1_d2,MNIST_QNN_eff_su2_r1_d2_s43;MNIST_QNN_eff_su2_r1_d2_s44;MNIST_QNN_eff_su2_r1_d2_s45,MNIST_QNN_eff_su2_r5_d2_s43;MNIST_QNN_z_r1_d6_s45
cross_cell_2,2,27,512,eff_su2_r5_d2,MNIST_QNN_eff_su2_r5_d2_s43;MNIST_QNN_eff_su2_r5_d2_s44;MNIST_QNN_eff_su2_r5_d2_s45,MNIST_QNN_z_r1_d6_s45;MNIST_QNN_zz_r1_d6_s43
cross_cell_2,2,27,512,z_r1_d6,MNIST_QNN_z_r1_d6_s43;MNIST_QNN_z_r1_d6_s44;MNIST_QNN_z_r1_d6_s45,MNIST_QNN_eff_su2_r1_d2_s43;MNIST_QNN_eff_su2_r5_d2_s44
cross_cell_2,2,27,512,zz_r1_d6,MNIST_QNN_zz_r1_d6_s43;MNIST_QNN_zz_r1_d6_s44;MNIST_QNN_zz_r1_d6_s45,MNIST_QNN_eff_su2_r1_d2_s43;MNIST_QNN_z_r1_d6_s43
cross_cell_2,2,27,512,zz_r5_d6,MNIST_QNN_zz_r5_d6_s43;MNIST_QNN_zz_r5_d6_s44;MNIST_QNN_zz_r5_d6_s45,MNIST_QNN_eff_su2_r1_d2_s45;MNIST_QNN_zz_r1_d6_s43
cross_cell_2,2,28,512,eff_su2_r1_d2,MNIST_QNN_eff_su2_r1_d2_s43;MNIST_QNN_eff_su2_r1_d2_s44;MNIST_QNN_eff_su2_r1_d2_s45,MNIST_QNN_z_r1_d6_s43;MNIST_QNN_zz_r5_d6_s43
cross_cell_2,2,28,512,eff_su2_r5_d2,MNIST_QNN_eff_su2_r5_d2_s43;MNIST_QNN_eff_su2_r5_d2_s44;MNIST_QNN_eff_su2_r5_d2_s45,MNIST_QNN_zz_r1_d6_s45;MNIST_QNN_zz_r5_d6_s44
cross_cell_2,2,28,512,z_r1_d6,MNIST_QNN_z_r1_d6_s43;MNIST_QNN_z_r1_d6_s44;MNIST_QNN_z_r1_d6_s45,MNIST_QNN_eff_su2_r5_d2_s43;MNIST_QNN_eff_su2_r5_d2_s44
cross_cell_2,2,28,512,zz_r1_d6,MNIST_QNN_zz_r1_d6_s43;MNIST_QNN_zz_r1_d6_s44;MNIST_QNN_zz_r1_d6_s45,MNIST_QNN_eff_su2_r1_d2_s44;MNIST_QNN_zz_r5_d6_s44
cross_cell_2,2,28,512,zz_r5_d6,MNIST_QNN_zz_r5_d6_s43;MNIST_QNN_zz_r5_d6_s44;MNIST_QNN_zz_r5_d6_s45,MNIST_QNN_eff_su2_r1_d2_s44;MNIST_QNN_z_r1_d6_s43
cross_cell_2,2,29,512,eff_su2_r1_d2,MNIST_QNN_eff_su2_r1_d2_s43;MNIST_QNN_eff_su2_r1_d2_s44;MNIST_QNN_eff_su2_r1_d2_s45,MNIST_QNN_eff_su2_r5_d2_s44;MNIST_QNN_zz_r5_d6_s43
cross_cell_2,2,29,512,eff_su2_r5_d2,MNIST_QNN_eff_su2_r5_d2_s43;MNIST_QNN_eff_su2_r5_d2_s44;MNIST_QNN_eff_su2_r5_d2_s45,MNIST_QNN_z_r1_d6_s44;MNIST_QNN_z_r1_d6_s45
cross_cell_2,2,29,512,z_r1_d6,MNIST_QNN_z_r1_d6_s43;MNIST_QNN_z_r1_d6_s44;MNIST_QNN_z_r1_d6_s45,MNIST_QNN_eff_su2_r5_d2_s44;MNIST_QNN_zz_r1_d6_s44
cross_cell_2,2,29,512,zz_r1_d6,MNIST_QNN_zz_r1_d6_s43;MNIST_QNN_zz_r1_d6_s44;MNIST_QNN_zz_r1_d6_s45,MNIST_QNN_eff_su2_r1_d2_s44;MNIST_QNN_eff_su2_r5_d2_s44
cross_cell_2,2,29,512,zz_r5_d6,MNIST_QNN_zz_r5_d6_s43;MNIST_QNN_zz_r5_d6_s44;MNIST_QNN_zz_r5_d6_s45,MNIST_QNN_eff_su2_r1_d2_s44;MNIST_QNN_z_r1_d6_s45
cross_cell_2,2,30,512,eff_su2_r1_d2,MNIST_QNN_eff_su2_r1_d2_s43;MNIST_QNN_eff_su2_r1_d2_s44;MNIST_QNN_eff_su2_r1_d2_s45,MNIST_QNN_z_r1_d6_s45;MNIST_QNN_zz_r5_d6_s44
cross_cell_2,2,30,512,eff_su2_r5_d2,MNIST_QNN_eff_su2_r5_d2_s43;MNIST_QNN_eff_su2_r5_d2_s44;MNIST_QNN_eff_su2_r5_d2_s45,MNIST_QNN_eff_su2_r1_d2_s44;MNIST_QNN_z_r1_d6_s44
cross_cell_2,2,30,512,z_r1_d6,MNIST_QNN_z_r1_d6_s43;MNIST_QNN_z_r1_d6_s44;MNIST_QNN_z_r1_d6_s45,MNIST_QNN_eff_su2_r5_d2_s45;MNIST_QNN_zz_r1_d6_s44
cross_cell_2,2,30,512,zz_r1_d6,MNIST_QNN_zz_r1_d6_s43;MNIST_QNN_zz_r1_d6_s44;MNIST_QNN_zz_r1_d6_s45,MNIST_QNN_eff_su2_r5_d2_s43;MNIST_QNN_eff_su2_r5_d2_s45
cross_cell_2,2,30,512,zz_r5_d6,MNIST_QNN_zz_r5_d6_s43;MNIST_QNN_zz_r5_d6_s44;MNIST_QNN_zz_r5_d6_s45,MNIST_QNN_eff_su2_r5_d2_s43;MNIST_QNN_eff_su2_r5_d2_s45
cross_cell_2,2,31,512,eff_su2_r1_d2,MNIST_QNN_eff_su2_r1_d2_s43;MNIST_QNN_eff_su2_r1_d2_s44;MNIST_QNN_eff_su2_r1_d2_s45,MNIST_QNN_eff_su2_r5_d2_s43;MNIST_QNN_zz_r1_d6_s45
cross_cell_2,2,31,512,eff_su2_r5_d2,MNIST_QNN_eff_su2_r5_d2_s43;MNIST_QNN_eff_su2_r5_d2_s44;MNIST_QNN_eff_su2_r5_d2_s45,MNIST_QNN_zz_r1_d6_s43;MNIST_QNN_zz_r5_d6_s44
cross_cell_2,2,31,512,z_r1_d6,MNIST_QNN_z_r1_d6_s43;MNIST_QNN_z_r1_d6_s44;MNIST_QNN_z_r1_d6_s45,MNIST_QNN_eff_su2_r5_d2_s44;MNIST_QNN_zz_r5_d6_s43
cross_cell_2,2,31,512,zz_r1_d6,MNIST_QNN_zz_r1_d6_s43;MNIST_QNN_zz_r1_d6_s44;MNIST_QNN_zz_r1_d6_s45,MNIST_QNN_z_r1_d6_s43;MNIST_QNN_zz_r5_d6_s45
cross_cell_2,2,31,512,zz_r5_d6,MNIST_QNN_zz_r5_d6_s43;MNIST_QNN_zz_r5_d6_s44;MNIST_QNN_zz_r5_d6_s45,MNIST_QNN_eff_su2_r1_d2_s43;MNIST_QNN_zz_r1_d6_s44
cross_cell_2,2,32,512,eff_su2_r1_d2,MNIST_QNN_eff_su2_r1_d2_s43;MNIST_QNN_eff_su2_r1_d2_s44;MNIST_QNN_eff_su2_r1_d2_s45,MNIST_QNN_z_r1_d6_s45;MNIST_QNN_zz_r1_d6_s43
cross_cell_2,2,32,512,eff_su2_r5_d2,MNIST_QNN_eff_su2_r5_d2_s43;MNIST_QNN_eff_su2_r5_d2_s44;MNIST_QNN_eff_su2_r5_d2_s45,MNIST_QNN_eff_su2_r1_d2_s43;MNIST_QNN_z_r1_d6_s45
cross_cell_2,2,32,512,z_r1_d6,MNIST_QNN_z_r1_d6_s43;MNIST_QNN_z_r1_d6_s44;MNIST_QNN_z_r1_d6_s45,MNIST_QNN_eff_su2_r5_d2_s43;MNIST_QNN_eff_su2_r5_d2_s45
cross_cell_2,2,32,512,zz_r1_d6,MNIST_QNN_zz_r1_d6_s43;MNIST_QNN_zz_r1_d6_s44;MNIST_QNN_zz_r1_d6_s45,MNIST_QNN_eff_su2_r5_d2_s45;MNIST_QNN_z_r1_d6_s44
cross_cell_2,2,32,512,zz_r5_d6,MNIST_QNN_zz_r5_d6_s43;MNIST_QNN_zz_r5_d6_s44;MNIST_QNN_zz_r5_d6_s45,MNIST_QNN_eff_su2_r1_d2_s45;MNIST_QNN_z_r1_d6_s44
cross_cell_2,2,33,512,eff_su2_r1_d2,MNIST_QNN_eff_su2_r1_d2_s43;MNIST_QNN_eff_su2_r1_d2_s44;MNIST_QNN_eff_su2_r1_d2_s45,MNIST_QNN_z_r1_d6_s43;MNIST_QNN_z_r1_d6_s45
cross_cell_2,2,33,512,eff_su2_r5_d2,MNIST_QNN_eff_su2_r5_d2_s43;MNIST_QNN_eff_su2_r5_d2_s44;MNIST_QNN_eff_su2_r5_d2_s45,MNIST_QNN_z_r1_d6_s43;MNIST_QNN_zz_r1_d6_s43
cross_cell_2,2,33,512,z_r1_d6,MNIST_QNN_z_r1_d6_s43;MNIST_QNN_z_r1_d6_s44;MNIST_QNN_z_r1_d6_s45,MNIST_QNN_eff_su2_r5_d2_s45;MNIST_QNN_zz_r1_d6_s45
cross_cell_2,2,33,512,zz_r1_d6,MNIST_QNN_zz_r1_d6_s43;MNIST_QNN_zz_r1_d6_s44;MNIST_QNN_zz_r1_d6_s45,MNIST_QNN_eff_su2_r1_d2_s43;MNIST_QNN_zz_r5_d6_s45
cross_cell_2,2,33,512,zz_r5_d6,MNIST_QNN_zz_r5_d6_s43;MNIST_QNN_zz_r5_d6_s44;MNIST_QNN_zz_r5_d6_s45,MNIST_QNN_eff_su2_r1_d2_s43;MNIST_QNN_zz_r1_d6_s43
cross_cell_2,2,34,512,eff_su2_r1_d2,MNIST_QNN_eff_su2_r1_d2_s43;MNIST_QNN_eff_su2_r1_d2_s44;MNIST_QNN_eff_su2_r1_d2_s45,MNIST_QNN_z_r1_d6_s45;MNIST_QNN_zz_r1_d6_s45
cross_cell_2,2,34,512,eff_su2_r5_d2,MNIST_QNN_eff_su2_r5_d2_s43;MNIST_QNN_eff_su2_r5_d2_s44;MNIST_QNN_eff_su2_r5_d2_s45,MNIST_QNN_zz_r1_d6_s44;MNIST_QNN_zz_r1_d6_s45
cross_cell_2,2,34,512,z_r1_d6,MNIST_QNN_z_r1_d6_s43;MNIST_QNN_z_r1_d6_s44;MNIST_QNN_z_r1_d6_s45,MNIST_QNN_eff_su2_r1_d2_s45;MNIST_QNN_eff_su2_r5_d2_s45
cross_cell_2,2,34,512,zz_r1_d6,MNIST_QNN_zz_r1_d6_s43;MNIST_QNN_zz_r1_d6_s44;MNIST_QNN_zz_r1_d6_s45,MNIST_QNN_eff_su2_r1_d2_s43;MNIST_QNN_z_r1_d6_s44
cross_cell_2,2,34,512,zz_r5_d6,MNIST_QNN_zz_r5_d6_s43;MNIST_QNN_zz_r5_d6_s44;MNIST_QNN_zz_r5_d6_s45,MNIST_QNN_eff_su2_r5_d2_s43;MNIST_QNN_z_r1_d6_s45
cross_cell_2,2,35,512,eff_su2_r1_d2,MNIST_QNN_eff_su2_r1_d2_s43;MNIST_QNN_eff_su2_r1_d2_s44;MNIST_QNN_eff_su2_r1_d2_s45,MNIST_QNN_zz_r1_d6_s44;MNIST_QNN_zz_r1_d6_s45
cross_cell_2,2,35,512,eff_su2_r5_d2,MNIST_QNN_eff_su2_r5_d2_s43;MNIST_QNN_eff_su2_r5_d2_s44;MNIST_QNN_eff_su2_r5_d2_s45,MNIST_QNN_eff_su2_r1_d2_s44;MNIST_QNN_z_r1_d6_s43
cross_cell_2,2,35,512,z_r1_d6,MNIST_QNN_z_r1_d6_s43;MNIST_QNN_z_r1_d6_s44;MNIST_QNN_z_r1_d6_s45,MNIST_QNN_eff_su2_r1_d2_s43;MNIST_QNN_zz_r1_d6_s43
cross_cell_2,2,35,512,zz_r1_d6,MNIST_QNN_zz_r1_d6_s43;MNIST_QNN_zz_r1_d6_s44;MNIST_QNN_zz_r1_d6_s45,MNIST_QNN_eff_su2_r5_d2_s44;MNIST_QNN_eff_su2_r5_d2_s45
cross_cell_2,2,35,512,zz_r5_d6,MNIST_QNN_zz_r5_d6_s43;MNIST_QNN_zz_r5_d6_s44;MNIST_QNN_zz_r5_d6_s45,MNIST_QNN_eff_su2_r5_d2_s44;MNIST_QNN_zz_r1_d6_s44
cross_cell_2,2,36,512,eff_su2_r1_d2,MNIST_QNN_eff_su2_r1_d2_s43;MNIST_QNN_eff_su2_r1_d2_s44;MNIST_QNN_eff_su2_r1_d2_s45,MNIST_QNN_eff_su2_r5_d2_s45;MNIST_QNN_zz_r1_d6_s45
cross_cell_2,2,36,512,eff_su2_r5_d2,MNIST_QNN_eff_su2_r5_d2_s43;MNIST_QNN_eff_su2_r5_d2_s44;MNIST_QNN_eff_su2_r5_d2_s45,MNIST_QNN_zz_r1_d6_s44;MNIST_QNN_zz_r5_d6_s43
cross_cell_2,2,36,512,z_r1_d6,MNIST_QNN_z_r1_d6_s43;MNIST_QNN_z_r1_d6_s44;MNIST_QNN_z_r1_d6_s45,MNIST_QNN_eff_su2_r1_d2_s43;MNIST_QNN_zz_r5_d6_s43
cross_cell_2,2,36,512,zz_r1_d6,MNIST_QNN_zz_r1_d6_s43;MNIST_QNN_zz_r1_d6_s44;MNIST_QNN_zz_r1_d6_s45,MNIST_QNN_eff_su2_r1_d2_s45;MNIST_QNN_z_r1_d6_s44
cross_cell_2,2,36,512,zz_r5_d6,MNIST_QNN_zz_r5_d6_s43;MNIST_QNN_zz_r5_d6_s44;MNIST_QNN_zz_r5_d6_s45,MNIST_QNN_z_r1_d6_s44;MNIST_QNN_zz_r1_d6_s45
cross_cell_2,2,37,512,eff_su2_r1_d2,MNIST_QNN_eff_su2_r1_d2_s43;MNIST_QNN_eff_su2_r1_d2_s44;MNIST_QNN_eff_su2_r1_d2_s45,MNIST_QNN_zz_r1_d6_s45;MNIST_QNN_zz_r5_d6_s44
cross_cell_2,2,37,512,eff_su2_r5_d2,MNIST_QNN_eff_su2_r5_d2_s43;MNIST_QNN_eff_su2_r5_d2_s44;MNIST_QNN_eff_su2_r5_d2_s45,MNIST_QNN_zz_r1_d6_s45;MNIST_QNN_zz_r5_d6_s43
cross_cell_2,2,37,512,z_r1_d6,MNIST_QNN_z_r1_d6_s43;MNIST_QNN_z_r1_d6_s44;MNIST_QNN_z_r1_d6_s45,MNIST_QNN_eff_su2_r1_d2_s45;MNIST_QNN_zz_r5_d6_s43
cross_cell_2,2,37,512,zz_r1_d6,MNIST_QNN_zz_r1_d6_s43;MNIST_QNN_zz_r1_d6_s44;MNIST_QNN_zz_r1_d6_s45,MNIST_QNN_eff_su2_r1_d2_s44;MNIST_QNN_eff_su2_r5_d2_s45
cross_cell_2,2,37,512,zz_r5_d6,MNIST_QNN_zz_r5_d6_s43;MNIST_QNN_zz_r5_d6_s44;MNIST_QNN_zz_r5_d6_s45,MNIST_QNN_eff_su2_r1_d2_s45;MNIST_QNN_eff_su2_r5_d2_s45
cross_cell_2,2,38,512,eff_su2_r1_d2,MNIST_QNN_eff_su2_r1_d2_s43;MNIST_QNN_eff_su2_r1_d2_s44;MNIST_QNN_eff_su2_r1_d2_s45,MNIST_QNN_eff_su2_r5_d2_s43;MNIST_QNN_z_r1_d6_s43
cross_cell_2,2,38,512,eff_su2_r5_d2,MNIST_QNN_eff_su2_r5_d2_s43;MNIST_QNN_eff_su2_r5_d2_s44;MNIST_QNN_eff_su2_r5_d2_s45,MNIST_QNN_z_r1_d6_s43;MNIST_QNN_zz_r1_d6_s44
cross_cell_2,2,38,512,z_r1_d6,MNIST_QNN_z_r1_d6_s43;MNIST_QNN_z_r1_d6_s44;MNIST_QNN_z_r1_d6_s45,MNIST_QNN_eff_su2_r1_d2_s45;MNIST_QNN_eff_su2_r5_d2_s44
cross_cell_2,2,38,512,zz_r1_d6,MNIST_QNN_zz_r1_d6_s43;MNIST_QNN_zz_r1_d6_s44;MNIST_QNN_zz_r1_d6_s45,MNIST_QNN_eff_su2_r5_d2_s43;MNIST_QNN_zz_r5_d6_s43
cross_cell_2,2,38,512,zz_r5_d6,MNIST_QNN_zz_r5_d6_s43;MNIST_QNN_zz_r5_d6_s44;MNIST_QNN_zz_r5_d6_s45,MNIST_QNN_z_r1_d6_s45;MNIST_QNN_zz_r1_d6_s43
cross_cell_2,2,39,512,eff_su2_r1_d2,MNIST_QNN_eff_su2_r1_d2_s43;MNIST_QNN_eff_su2_r1_d2_s44;MNIST_QNN_eff_su2_r1_d2_s45,MNIST_QNN_eff_su2_r5_d2_s45;MNIST_QNN_zz_r5_d6_s43
cross_cell_2,2,39,512,eff_su2_r5_d2,MNIST_QNN_eff_su2_r5_d2_s43;MNIST_QNN_eff_su2_r5_d2_s44;MNIST_QNN_eff_su2_r5_d2_s45,MNIST_QNN_z_r1_d6_s44;MNIST_QNN_zz_r1_d6_s44
cross_cell_2,2,39,512,z_r1_d6,MNIST_QNN_z_r1_d6_s43;MNIST_QNN_z_r1_d6_s44;MNIST_QNN_z_r1_d6_s45,MNIST_QNN_eff_su2_r1_d2_s44;MNIST_QNN_eff_su2_r5_d2_s44
cross_cell_2,2,39,512,zz_r1_d6,MNIST_QNN_zz_r1_d6_s43;MNIST_QNN_zz_r1_d6_s44;MNIST_QNN_zz_r1_d6_s45,MNIST_QNN_eff_su2_r5_d2_s43;MNIST_QNN_z_r1_d6_s44
cross_cell_2,2,39,512,zz_r5_d6,MNIST_QNN_zz_r5_d6_s43;MNIST_QNN_zz_r5_d6_s44;MNIST_QNN_zz_r5_d6_s45,MNIST_QNN_z_r1_d6_s44;MNIST_QNN_zz_r1_d6_s43
cross_cell_2,2,40,512,eff_su2_r1_d2,MNIST_QNN_eff_su2_r1_d2_s43;MNIST_QNN_eff_su2_r1_d2_s44;MNIST_QNN_eff_su2_r1_d2_s45,MNIST_QNN_zz_r5_d6_s44;MNIST_QNN_zz_r5_d6_s45
cross_cell_2,2,40,512,eff_su2_r5_d2,MNIST_QNN_eff_su2_r5_d2_s43;MNIST_QNN_eff_su2_r5_d2_s44;MNIST_QNN_eff_su2_r5_d2_s45,MNIST_QNN_zz_r5_d6_s43;MNIST_QNN_zz_r5_d6_s45
cross_cell_2,2,40,512,z_r1_d6,MNIST_QNN_z_r1_d6_s43;MNIST_QNN_z_r1_d6_s44;MNIST_QNN_z_r1_d6_s45,MNIST_QNN_zz_r1_d6_s45;MNIST_QNN_zz_r5_d6_s43
cross_cell_2,2,40,512,zz_r1_d6,MNIST_QNN_zz_r1_d6_s43;MNIST_QNN_zz_r1_d6_s44;MNIST_QNN_zz_r1_d6_s45,MNIST_QNN_eff_su2_r1_d2_s44;MNIST_QNN_eff_su2_r5_d2_s43
cross_cell_2,2,40,512,zz_r5_d6,MNIST_QNN_zz_r5_d6_s43;MNIST_QNN_zz_r5_d6_s44;MNIST_QNN_zz_r5_d6_s45,MNIST_QNN_eff_su2_r1_d2_s45;MNIST_QNN_eff_su2_r5_d2_s44
cross_cell_2,2,41,512,eff_su2_r1_d2,MNIST_QNN_eff_su2_r1_d2_s43;MNIST_QNN_eff_su2_r1_d2_s44;MNIST_QNN_eff_su2_r1_d2_s45,MNIST_QNN_eff_su2_r5_d2_s45;MNIST_QNN_zz_r5_d6_s44
cross_cell_2,2,41,512,eff_su2_r5_d2,MNIST_QNN_eff_su2_r5_d2_s43;MNIST_QNN_eff_su2_r5_d2_s44;MNIST_QNN_eff_su2_r5_d2_s45,MNIST_QNN_eff_su2_r1_d2_s43;MNIST_QNN_eff_su2_r1_d2_s45
cross_cell_2,2,41,512,z_r1_d6,MNIST_QNN_z_r1_d6_s43;MNIST_QNN_z_r1_d6_s44;MNIST_QNN_z_r1_d6_s45,MNIST_QNN_zz_r1_d6_s43;MNIST_QNN_zz_r5_d6_s43
cross_cell_2,2,41,512,zz_r1_d6,MNIST_QNN_zz_r1_d6_s43;MNIST_QNN_zz_r1_d6_s44;MNIST_QNN_zz_r1_d6_s45,MNIST_QNN_eff_su2_r1_d2_s43;MNIST_QNN_eff_su2_r1_d2_s45
cross_cell_2,2,41,512,zz_r5_d6,MNIST_QNN_zz_r5_d6_s43;MNIST_QNN_zz_r5_d6_s44;MNIST_QNN_zz_r5_d6_s45,MNIST_QNN_eff_su2_r1_d2_s44;MNIST_QNN_zz_r1_d6_s44
cross_cell_2,2,42,512,eff_su2_r1_d2,MNIST_QNN_eff_su2_r1_d2_s43;MNIST_QNN_eff_su2_r1_d2_s44;MNIST_QNN_eff_su2_r1_d2_s45,MNIST_QNN_z_r1_d6_s44;MNIST_QNN_zz_r1_d6_s44
cross_cell_2,2,42,512,eff_su2_r5_d2,MNIST_QNN_eff_su2_r5_d2_s43;MNIST_QNN_eff_su2_r5_d2_s44;MNIST_QNN_eff_su2_r5_d2_s45,MNIST_QNN_z_r1_d6_s45;MNIST_QNN_zz_r1_d6_s44
cross_cell_2,2,42,512,z_r1_d6,MNIST_QNN_z_r1_d6_s43;MNIST_QNN_z_r1_d6_s44;MNIST_QNN_z_r1_d6_s45,MNIST_QNN_zz_r1_d6_s44;MNIST_QNN_zz_r5_d6_s44
cross_cell_2,2,42,512,zz_r1_d6,MNIST_QNN_zz_r1_d6_s43;MNIST_QNN_zz_r1_d6_s44;MNIST_QNN_zz_r1_d6_s45,MNIST_QNN_eff_su2_r5_d2_s44;MNIST_QNN_z_r1_d6_s43
cross_cell_2,2,42,512,zz_r5_d6,MNIST_QNN_zz_r5_d6_s43;MNIST_QNN_zz_r5_d6_s44;MNIST_QNN_zz_r5_d6_s45,MNIST_QNN_eff_su2_r1_d2_s43;MNIST_QNN_z_r1_d6_s44
cross_cell_2,2,43,512,eff_su2_r1_d2,MNIST_QNN_eff_su2_r1_d2_s43;MNIST_QNN_eff_su2_r1_d2_s44;MNIST_QNN_eff_su2_r1_d2_s45,MNIST_QNN_z_r1_d6_s43;MNIST_QNN_zz_r5_d6_s45
cross_cell_2,2,43,512,eff_su2_r5_d2,MNIST_QNN_eff_su2_r5_d2_s43;MNIST_QNN_eff_su2_r5_d2_s44;MNIST_QNN_eff_su2_r5_d2_s45,MNIST_QNN_eff_su2_r1_d2_s45;MNIST_QNN_zz_r1_d6_s45
cross_cell_2,2,43,512,z_r1_d6,MNIST_QNN_z_r1_d6_s43;MNIST_QNN_z_r1_d6_s44;MNIST_QNN_z_r1_d6_s45,MNIST_QNN_eff_su2_r1_d2_s45;MNIST_QNN_eff_su2_r5_d2_s43
cross_cell_2,2,43,512,zz_r1_d6,MNIST_QNN_zz_r1_d6_s43;MNIST_QNN_zz_r1_d6_s44;MNIST_QNN_zz_r1_d6_s45,MNIST_QNN_eff_su2_r5_d2_s43;MNIST_QNN_eff_su2_r5_d2_s44
cross_cell_2,2,43,512,zz_r5_d6,MNIST_QNN_zz_r5_d6_s43;MNIST_QNN_zz_r5_d6_s44;MNIST_QNN_zz_r5_d6_s45,MNIST_QNN_eff_su2_r5_d2_s45;MNIST_QNN_zz_r1_d6_s45
cross_cell_2,2,44,512,eff_su2_r1_d2,MNIST_QNN_eff_su2_r1_d2_s43;MNIST_QNN_eff_su2_r1_d2_s44;MNIST_QNN_eff_su2_r1_d2_s45,MNIST_QNN_eff_su2_r5_d2_s43;MNIST_QNN_zz_r1_d6_s44
cross_cell_2,2,44,512,eff_su2_r5_d2,MNIST_QNN_eff_su2_r5_d2_s43;MNIST_QNN_eff_su2_r5_d2_s44;MNIST_QNN_eff_su2_r5_d2_s45,MNIST_QNN_zz_r1_d6_s45;MNIST_QNN_zz_r5_d6_s45
cross_cell_2,2,44,512,z_r1_d6,MNIST_QNN_z_r1_d6_s43;MNIST_QNN_z_r1_d6_s44;MNIST_QNN_z_r1_d6_s45,MNIST_QNN_eff_su2_r5_d2_s43;MNIST_QNN_zz_r5_d6_s44
cross_cell_2,2,44,512,zz_r1_d6,MNIST_QNN_zz_r1_d6_s43;MNIST_QNN_zz_r1_d6_s44;MNIST_QNN_zz_r1_d6_s45,MNIST_QNN_eff_su2_r5_d2_s45;MNIST_QNN_z_r1_d6_s43
cross_cell_2,2,44,512,zz_r5_d6,MNIST_QNN_zz_r5_d6_s43;MNIST_QNN_zz_r5_d6_s44;MNIST_QNN_zz_r5_d6_s45,MNIST_QNN_eff_su2_r1_d2_s45;MNIST_QNN_eff_su2_r5_d2_s43
cross_cell_2,2,45,512,eff_su2_r1_d2,MNIST_QNN_eff_su2_r1_d2_s43;MNIST_QNN_eff_su2_r1_d2_s44;MNIST_QNN_eff_su2_r1_d2_s45,MNIST_QNN_eff_su2_r5_d2_s44;MNIST_QNN_eff_su2_r5_d2_s45
cross_cell_2,2,45,512,eff_su2_r5_d2,MNIST_QNN_eff_su2_r5_d2_s43;MNIST_QNN_eff_su2_r5_d2_s44;MNIST_QNN_eff_su2_r5_d2_s45,MNIST_QNN_eff_su2_r1_d2_s44;MNIST_QNN_zz_r5_d6_s45
cross_cell_2,2,45,512,z_r1_d6,MNIST_QNN_z_r1_d6_s43;MNIST_QNN_z_r1_d6_s44;MNIST_QNN_z_r1_d6_s45,MNIST_QNN_eff_su2_r1_d2_s43;MNIST_QNN_zz_r1_d6_s44
cross_cell_2,2,45,512,zz_r1_d6,MNIST_QNN_zz_r1_d6_s43;MNIST_QNN_zz_r1_d6_s44;MNIST_QNN_zz_r1_d6_s45,MNIST_QNN_eff_su2_r5_d2_s44;MNIST_QNN_zz_r5_d6_s44
cross_cell_2,2,45,512,zz_r5_d6,MNIST_QNN_zz_r5_d6_s43;MNIST_QNN_zz_r5_d6_s44;MNIST_QNN_zz_r5_d6_s45,MNIST_QNN_eff_su2_r1_d2_s44;MNIST_QNN_eff_su2_r5_d2_s43
cross_cell_2,2,46,512,eff_su2_r1_d2,MNIST_QNN_eff_su2_r1_d2_s43;MNIST_QNN_eff_su2_r1_d2_s44;MNIST_QNN_eff_su2_r1_d2_s45,MNIST_QNN_z_r1_d6_s43;MNIST_QNN_zz_r5_d6_s44
cross_cell_2,2,46,512,eff_su2_r5_d2,MNIST_QNN_eff_su2_r5_d2_s43;MNIST_QNN_eff_su2_r5_d2_s44;MNIST_QNN_eff_su2_r5_d2_s45,MNIST_QNN_eff_su2_r1_d2_s44;MNIST_QNN_zz_r1_d6_s43
cross_cell_2,2,46,512,z_r1_d6,MNIST_QNN_z_r1_d6_s43;MNIST_QNN_z_r1_d6_s44;MNIST_QNN_z_r1_d6_s45,MNIST_QNN_eff_su2_r1_d2_s44;MNIST_QNN_eff_su2_r5_d2_s43
cross_cell_2,2,46,512,zz_r1_d6,MNIST_QNN_zz_r1_d6_s43;MNIST_QNN_zz_r1_d6_s44;MNIST_QNN_zz_r1_d6_s45,MNIST_QNN_z_r1_d6_s44;MNIST_QNN_z_r1_d6_s45
cross_cell_2,2,46,512,zz_r5_d6,MNIST_QNN_zz_r5_d6_s43;MNIST_QNN_zz_r5_d6_s44;MNIST_QNN_zz_r5_d6_s45,MNIST_QNN_z_r1_d6_s43;MNIST_QNN_zz_r1_d6_s43
cross_cell_2,2,47,512,eff_su2_r1_d2,MNIST_QNN_eff_su2_r1_d2_s43;MNIST_QNN_eff_su2_r1_d2_s44;MNIST_QNN_eff_su2_r1_d2_s45,MNIST_QNN_z_r1_d6_s43;MNIST_QNN_zz_r1_d6_s45
cross_cell_2,2,47,512,eff_su2_r5_d2,MNIST_QNN_eff_su2_r5_d2_s43;MNIST_QNN_eff_su2_r5_d2_s44;MNIST_QNN_eff_su2_r5_d2_s45,MNIST_QNN_z_r1_d6_s43;MNIST_QNN_zz_r5_d6_s45
cross_cell_2,2,47,512,z_r1_d6,MNIST_QNN_z_r1_d6_s43;MNIST_QNN_z_r1_d6_s44;MNIST_QNN_z_r1_d6_s45,MNIST_QNN_eff_su2_r1_d2_s44;MNIST_QNN_zz_r1_d6_s44
cross_cell_2,2,47,512,zz_r1_d6,MNIST_QNN_zz_r1_d6_s43;MNIST_QNN_zz_r1_d6_s44;MNIST_QNN_zz_r1_d6_s45,MNIST_QNN_eff_su2_r1_d2_s44;MNIST_QNN_zz_r5_d6_s45
cross_cell_2,2,47,512,zz_r5_d6,MNIST_QNN_zz_r5_d6_s43;MNIST_QNN_zz_r5_d6_s44;MNIST_QNN_zz_r5_d6_s45,MNIST_QNN_eff_su2_r1_d2_s45;MNIST_QNN_zz_r1_d6_s45
cross_cell_2,2,48,512,eff_su2_r1_d2,MNIST_QNN_eff_su2_r1_d2_s43;MNIST_QNN_eff_su2_r1_d2_s44;MNIST_QNN_eff_su2_r1_d2_s45,MNIST_QNN_eff_su2_r5_d2_s44;MNIST_QNN_z_r1_d6_s44
cross_cell_2,2,48,512,eff_su2_r5_d2,MNIST_QNN_eff_su2_r5_d2_s43;MNIST_QNN_eff_su2_r5_d2_s44;MNIST_QNN_eff_su2_r5_d2_s45,MNIST_QNN_zz_r1_d6_s44;MNIST_QNN_zz_r5_d6_s45
cross_cell_2,2,48,512,z_r1_d6,MNIST_QNN_z_r1_d6_s43;MNIST_QNN_z_r1_d6_s44;MNIST_QNN_z_r1_d6_s45,MNIST_QNN_eff_su2_r1_d2_s43;MNIST_QNN_zz_r5_d6_s44
cross_cell_2,2,48,512,zz_r1_d6,MNIST_QNN_zz_r1_d6_s43;MNIST_QNN_zz_r1_d6_s44;MNIST_QNN_zz_r1_d6_s45,MNIST_QNN_eff_su2_r5_d2_s45;MNIST_QNN_zz_r5_d6_s45
cross_cell_2,2,48,512,zz_r5_d6,MNIST_QNN_zz_r5_d6_s43;MNIST_QNN_zz_r5_d6_s44;MNIST_QNN_zz_r5_d6_s45,MNIST_QNN_eff_su2_r5_d2_s43;MNIST_QNN_eff_su2_r5_d2_s44
cross_cell_2,2,49,512,eff_su2_r1_d2,MNIST_QNN_eff_su2_r1_d2_s43;MNIST_QNN_eff_su2_r1_d2_s44;MNIST_QNN_eff_su2_r1_d2_s45,MNIST_QNN_eff_su2_r5_d2_s44;MNIST_QNN_z_r1_d6_s45
cross_cell_2,2,49,512,eff_su2_r5_d2,MNIST_QNN_eff_su2_r5_d2_s43;MNIST_QNN_eff_su2_r5_d2_s44;MNIST_QNN_eff_su2_r5_d2_s45,MNIST_QNN_zz_r5_d6_s44;MNIST_QNN_zz_r5_d6_s45
cross_cell_2,2,49,512,z_r1_d6,MNIST_QNN_z_r1_d6_s43;MNIST_QNN_z_r1_d6_s44;MNIST_QNN_z_r1_d6_s45,MNIST_QNN_eff_su2_r1_d2_s44;MNIST_QNN_zz_r5_d6_s45
cross_cell_2,2,49,512,zz_r1_d6,MNIST_QNN_zz_r1_d6_s43;MNIST_QNN_zz_r1_d6_s44;MNIST_QNN_zz_r1_d6_s45,MNIST_QNN_eff_su2_r1_d2_s44;MNIST_QNN_z_r1_d6_s44
cross_cell_2,2,49,512,zz_r5_d6,MNIST_QNN_zz_r5_d6_s43;MNIST_QNN_zz_r5_d6_s44;MNIST_QNN_zz_r5_d6_s45,MNIST_QNN_z_r1_d6_s44;MNIST_QNN_z_r1_d6_s45
cross_cell_2,2,50,512,eff_su2_r1_d2,MNIST_QNN_eff_su2_r1_d2_s43;MNIST_QNN_eff_su2_r1_d2_s44;MNIST_QNN_eff_su2_r1_d2_s45,MNIST_QNN_eff_su2_r5_d2_s43;MNIST_QNN_zz_r5_d6_s44
cross_cell_2,2,50,512,eff_su2_r5_d2,MNIST_QNN_eff_su2_r5_d2_s43;MNIST_QNN_eff_su2_r5_d2_s44;MNIST_QNN_eff_su2_r5_d2_s45,MNIST_QNN_eff_su2_r1_d2_s45;MNIST_QNN_z_r1_d6_s45
cross_cell_2,2,50,512,z_r1_d6,MNIST_QNN_z_r1_d6_s43;MNIST_QNN_z_r1_d6_s44;MNIST_QNN_z_r1_d6_s45,MNIST_QNN_eff_su2_r5_d2_s45;MNIST_QNN_zz_r5_d6_s43
cross_cell_2,2,50,512,zz_r1_d6,MNIST_QNN_zz_r1_d6_s43;MNIST_QNN_zz_r1_d6_s44;MNIST_QNN_zz_r1_d6_s45,MNIST_QNN_z_r1_d6_s45;MNIST_QNN_zz_r5_d6_s44
cross_cell_2,2,50,512,zz_r5_d6,MNIST_QNN_zz_r5_d6_s43;MNIST_QNN_zz_r5_d6_s44;MNIST_QNN_zz_r5_d6_s45,MNIST_QNN_eff_su2_r1_d2_s43;MNIST_QNN_z_r1_d6_s43
cross_cell_2,2,51,512,eff_su2_r1_d2,MNIST_QNN_eff_su2_r1_d2_s43;MNIST_QNN_eff_su2_r1_d2_s44;MNIST_QNN_eff_su2_r1_d2_s45,MNIST_QNN_z_r1_d6_s44;MNIST_QNN_zz_r5_d6_s43
cross_cell_2,2,51,512,eff_su2_r5_d2,MNIST_QNN_eff_su2_r5_d2_s43;MNIST_QNN_eff_su2_r5_d2_s44;MNIST_QNN_eff_su2_r5_d2_s45,MNIST_QNN_zz_r1_d6_s44;MNIST_QNN_zz_r5_d6_s44
cross_cell_2,2,51,512,z_r1_d6,MNIST_QNN_z_r1_d6_s43;MNIST_QNN_z_r1_d6_s44;MNIST_QNN_z_r1_d6_s45,MNIST_QNN_eff_su2_r1_d2_s43;MNIST_QNN_zz_r5_d6_s45
cross_cell_2,2,51,512,zz_r1_d6,MNIST_QNN_zz_r1_d6_s43;MNIST_QNN_zz_r1_d6_s44;MNIST_QNN_zz_r1_d6_s45,MNIST_QNN_eff_su2_r1_d2_s43;MNIST_QNN_eff_su2_r1_d2_s44
cross_cell_2,2,51,512,zz_r5_d6,MNIST_QNN_zz_r5_d6_s43;MNIST_QNN_zz_r5_d6_s44;MNIST_QNN_zz_r5_d6_s45,MNIST_QNN_eff_su2_r5_d2_s44;MNIST_QNN_zz_r1_d6_s45
cross_cell_2,2,52,512,eff_su2_r1_d2,MNIST_QNN_eff_su2_r1_d2_s43;MNIST_QNN_eff_su2_r1_d2_s44;MNIST_QNN_eff_su2_r1_d2_s45,MNIST_QNN_zz_r1_d6_s45;MNIST_QNN_zz_r5_d6_s45
cross_cell_2,2,52,512,eff_su2_r5_d2,MNIST_QNN_eff_su2_r5_d2_s43;MNIST_QNN_eff_su2_r5_d2_s44;MNIST_QNN_eff_su2_r5_d2_s45,MNIST_QNN_z_r1_d6_s44;MNIST_QNN_zz_r1_d6_s43
cross_cell_2,2,52,512,z_r1_d6,MNIST_QNN_z_r1_d6_s43;MNIST_QNN_z_r1_d6_s44;MNIST_QNN_z_r1_d6_s45,MNIST_QNN_eff_su2_r1_d2_s45;MNIST_QNN_zz_r1_d6_s45
cross_cell_2,2,52,512,zz_r1_d6,MNIST_QNN_zz_r1_d6_s43;MNIST_QNN_zz_r1_d6_s44;MNIST_QNN_zz_r1_d6_s45,MNIST_QNN_eff_su2_r1_d2_s44;MNIST_QNN_z_r1_d6_s45
cross_cell_2,2,52,512,zz_r5_d6,MNIST_QNN_zz_r5_d6_s43;MNIST_QNN_zz_r5_d6_s44;MNIST_QNN_zz_r5_d6_s45,MNIST_QNN_z_r1_d6_s43;MNIST_QNN_z_r1_d6_s45
cross_cell_2,2,53,512,eff_su2_r1_d2,MNIST_QNN_eff_su2_r1_d2_s43;MNIST_QNN_eff_su2_r1_d2_s44;MNIST_QNN_eff_su2_r1_d2_s45,MNIST_QNN_eff_su2_r5_d2_s43;MNIST_QNN_zz_r5_d6_s45
cross_cell_2,2,53,512,eff_su2_r5_d2,MNIST_QNN_eff_su2_r5_d2_s43;MNIST_QNN_eff_su2_r5_d2_s44;MNIST_QNN_eff_su2_r5_d2_s45,MNIST_QNN_z_r1_d6_s44;MNIST_QNN_zz_r5_d6_s44
cross_cell_2,2,53,512,z_r1_d6,MNIST_QNN_z_r1_d6_s43;MNIST_QNN_z_r1_d6_s44;MNIST_QNN_z_r1_d6_s45,MNIST_QNN_eff_su2_r5_d2_s43;MNIST_QNN_zz_r5_d6_s45
cross_cell_2,2,53,512,zz_r1_d6,MNIST_QNN_zz_r1_d6_s43;MNIST_QNN_zz_r1_d6_s44;MNIST_QNN_zz_r1_d6_s45,MNIST_QNN_eff_su2_r1_d2_s43;MNIST_QNN_eff_su2_r5_d2_s43
cross_cell_2,2,53,512,zz_r5_d6,MNIST_QNN_zz_r5_d6_s43;MNIST_QNN_zz_r5_d6_s44;MNIST_QNN_zz_r5_d6_s45,MNIST_QNN_eff_su2_r5_d2_s45;MNIST_QNN_z_r1_d6_s44
cross_cell_2,2,54,512,eff_su2_r1_d2,MNIST_QNN_eff_su2_r1_d2_s43;MNIST_QNN_eff_su2_r1_d2_s44;MNIST_QNN_eff_su2_r1_d2_s45,MNIST_QNN_z_r1_d6_s45;MNIST_QNN_zz_r1_d6_s44
cross_cell_2,2,54,512,eff_su2_r5_d2,MNIST_QNN_eff_su2_r5_d2_s43;MNIST_QNN_eff_su2_r5_d2_s44;MNIST_QNN_eff_su2_r5_d2_s45,MNIST_QNN_eff_su2_r1_d2_s45;MNIST_QNN_zz_r5_d6_s45
cross_cell_2,2,54,512,z_r1_d6,MNIST_QNN_z_r1_d6_s43;MNIST_QNN_z_r1_d6_s44;MNIST_QNN_z_r1_d6_s45,MNIST_QNN_eff_su2_r5_d2_s44;MNIST_QNN_zz_r5_d6_s45
cross_cell_2,2,54,512,zz_r1_d6,MNIST_QNN_zz_r1_d6_s43;MNIST_QNN_zz_r1_d6_s44;MNIST_QNN_zz_r1_d6_s45,MNIST_QNN_eff_su2_r5_d2_s43;MNIST_QNN_zz_r5_d6_s45
cross_cell_2,2,54,512,zz_r5_d6,MNIST_QNN_zz_r5_d6_s43;MNIST_QNN_zz_r5_d6_s44;MNIST_QNN_zz_r5_d6_s45,MNIST_QNN_z_r1_d6_s43;MNIST_QNN_zz_r1_d6_s45
cross_cell_2,2,55,512,eff_su2_r1_d2,MNIST_QNN_eff_su2_r1_d2_s43;MNIST_QNN_eff_su2_r1_d2_s44;MNIST_QNN_eff_su2_r1_d2_s45,MNIST_QNN_z_r1_d6_s44;MNIST_QNN_zz_r5_d6_s44
cross_cell_2,2,55,512,eff_su2_r5_d2,MNIST_QNN_eff_su2_r5_d2_s43;MNIST_QNN_eff_su2_r5_d2_s44;MNIST_QNN_eff_su2_r5_d2_s45,MNIST_QNN_z_r1_d6_s45;MNIST_QNN_zz_r5_d6_s45
cross_cell_2,2,55,512,z_r1_d6,MNIST_QNN_z_r1_d6_s43;MNIST_QNN_z_r1_d6_s44;MNIST_QNN_z_r1_d6_s45,MNIST_QNN_eff_su2_r1_d2_s45;MNIST_QNN_zz_r5_d6_s44
cross_cell_2,2,55,512,zz_r1_d6,MNIST_QNN_zz_r1_d6_s43;MNIST_QNN_zz_r1_d6_s44;MNIST_QNN_zz_r1_d6_s45,MNIST_QNN_eff_su2_r5_d2_s44;MNIST_QNN_z_r1_d6_s44
cross_cell_2,2,55,512,zz_r5_d6,MNIST_QNN_zz_r5_d6_s43;MNIST_QNN_zz_r5_d6_s44;MNIST_QNN_zz_r5_d6_s45,MNIST_QNN_eff_su2_r5_d2_s45;MNIST_QNN_z_r1_d6_s43
cross_cell_2,2,56,512,eff_su2_r1_d2,MNIST_QNN_eff_su2_r1_d2_s43;MNIST_QNN_eff_su2_r1_d2_s44;MNIST_QNN_eff_su2_r1_d2_s45,MNIST_QNN_eff_su2_r5_d2_s43;MNIST_QNN_z_r1_d6_s44
cross_cell_2,2,56,512,eff_su2_r5_d2,MNIST_QNN_eff_su2_r5_d2_s43;MNIST_QNN_eff_su2_r5_d2_s44;MNIST_QNN_eff_su2_r5_d2_s45,MNIST_QNN_z_r1_d6_s43;MNIST_QNN_zz_r5_d6_s43
cross_cell_2,2,56,512,z_r1_d6,MNIST_QNN_z_r1_d6_s43;MNIST_QNN_z_r1_d6_s44;MNIST_QNN_z_r1_d6_s45,MNIST_QNN_eff_su2_r5_d2_s45;MNIST_QNN_zz_r5_d6_s45
cross_cell_2,2,56,512,zz_r1_d6,MNIST_QNN_zz_r1_d6_s43;MNIST_QNN_zz_r1_d6_s44;MNIST_QNN_zz_r1_d6_s45,MNIST_QNN_z_r1_d6_s45;MNIST_QNN_zz_r5_d6_s45
cross_cell_2,2,56,512,zz_r5_d6,MNIST_QNN_zz_r5_d6_s43;MNIST_QNN_zz_r5_d6_s44;MNIST_QNN_zz_r5_d6_s45,MNIST_QNN_zz_r1_d6_s43;MNIST_QNN_zz_r1_d6_s45
cross_cell_2,2,57,512,eff_su2_r1_d2,MNIST_QNN_eff_su2_r1_d2_s43;MNIST_QNN_eff_su2_r1_d2_s44;MNIST_QNN_eff_su2_r1_d2_s45,MNIST_QNN_eff_su2_r5_d2_s43;MNIST_QNN_eff_su2_r5_d2_s45
cross_cell_2,2,57,512,eff_su2_r5_d2,MNIST_QNN_eff_su2_r5_d2_s43;MNIST_QNN_eff_su2_r5_d2_s44;MNIST_QNN_eff_su2_r5_d2_s45,MNIST_QNN_eff_su2_r1_d2_s43;MNIST_QNN_eff_su2_r1_d2_s44
cross_cell_2,2,57,512,z_r1_d6,MNIST_QNN_z_r1_d6_s43;MNIST_QNN_z_r1_d6_s44;MNIST_QNN_z_r1_d6_s45,MNIST_QNN_eff_su2_r5_d2_s43;MNIST_QNN_zz_r1_d6_s45
cross_cell_2,2,57,512,zz_r1_d6,MNIST_QNN_zz_r1_d6_s43;MNIST_QNN_zz_r1_d6_s44;MNIST_QNN_zz_r1_d6_s45,MNIST_QNN_z_r1_d6_s44;MNIST_QNN_zz_r5_d6_s43
cross_cell_2,2,57,512,zz_r5_d6,MNIST_QNN_zz_r5_d6_s43;MNIST_QNN_zz_r5_d6_s44;MNIST_QNN_zz_r5_d6_s45,MNIST_QNN_eff_su2_r1_d2_s43;MNIST_QNN_eff_su2_r5_d2_s43
cross_cell_2,2,58,512,eff_su2_r1_d2,MNIST_QNN_eff_su2_r1_d2_s43;MNIST_QNN_eff_su2_r1_d2_s44;MNIST_QNN_eff_su2_r1_d2_s45,MNIST_QNN_zz_r1_d6_s44;MNIST_QNN_zz_r5_d6_s44
cross_cell_2,2,58,512,eff_su2_r5_d2,MNIST_QNN_eff_su2_r5_d2_s43;MNIST_QNN_eff_su2_r5_d2_s44;MNIST_QNN_eff_su2_r5_d2_s45,MNIST_QNN_eff_su2_r1_d2_s43;MNIST_QNN_z_r1_d6_s43
cross_cell_2,2,58,512,z_r1_d6,MNIST_QNN_z_r1_d6_s43;MNIST_QNN_z_r1_d6_s44;MNIST_QNN_z_r1_d6_s45,MNIST_QNN_eff_su2_r1_d2_s45;MNIST_QNN_zz_r1_d6_s43
cross_cell_2,2,58,512,zz_r1_d6,MNIST_QNN_zz_r1_d6_s43;MNIST_QNN_zz_r1_d6_s44;MNIST_QNN_zz_r1_d6_s45,MNIST_QNN_eff_su2_r5_d2_s44;MNIST_QNN_zz_r5_d6_s43
cross_cell_2,2,58,512,zz_r5_d6,MNIST_QNN_zz_r5_d6_s43;MNIST_QNN_zz_r5_d6_s44;MNIST_QNN_zz_r5_d6_s45,MNIST_QNN_eff_su2_r1_d2_s43;MNIST_QNN_eff_su2_r5_d2_s45
cross_cell_2,2,59,512,eff_su2_r1_d2,MNIST_QNN_eff_su2_r1_d2_s43;MNIST_QNN_eff_su2_r1_d2_s44;MNIST_QNN_eff_su2_r1_d2_s45,MNIST_QNN_eff_su2_r5_d2_s43;MNIST_QNN_zz_r5_d6_s43
cross_cell_2,2,59,512,eff_su2_r5_d2,MNIST_QNN_eff_su2_r5_d2_s43;MNIST_QNN_eff_su2_r5_d2_s44;MNIST_QNN_eff_su2_r5_d2_s45,MNIST_QNN_eff_su2_r1_d2_s43;MNIST_QNN_z_r1_d6_s44
cross_cell_2,2,59,512,z_r1_d6,MNIST_QNN_z_r1_d6_s43;MNIST_QNN_z_r1_d6_s44;MNIST_QNN_z_r1_d6_s45,MNIST_QNN_zz_r1_d6_s45;MNIST_QNN_zz_r5_d6_s44
cross_cell_2,2,59,512,zz_r1_d6,MNIST_QNN_zz_r1_d6_s43;MNIST_QNN_zz_r1_d6_s44;MNIST_QNN_zz_r1_d6_s45,MNIST_QNN_eff_su2_r1_d2_s44;MNIST_QNN_z_r1_d6_s43
cross_cell_2,2,59,512,zz_r5_d6,MNIST_QNN_zz_r5_d6_s43;MNIST_QNN_zz_r5_d6_s44;MNIST_QNN_zz_r5_d6_s45,MNIST_QNN_eff_su2_r1_d2_s44;MNIST_QNN_eff_su2_r5_d2_s44
cross_cell_2,2,60,512,eff_su2_r1_d2,MNIST_QNN_eff_su2_r1_d2_s43;MNIST_QNN_eff_su2_r1_d2_s44;MNIST_QNN_eff_su2_r1_d2_s45,MNIST_QNN_eff_su2_r5_d2_s44;MNIST_QNN_z_r1_d6_s43
cross_cell_2,2,60,512,eff_su2_r5_d2,MNIST_QNN_eff_su2_r5_d2_s43;MNIST_QNN_eff_su2_r5_d2_s44;MNIST_QNN_eff_su2_r5_d2_s45,MNIST_QNN_z_r1_d6_s45;MNIST_QNN_zz_r5_d6_s44
cross_cell_2,2,60,512,z_r1_d6,MNIST_QNN_z_r1_d6_s43;MNIST_QNN_z_r1_d6_s44;MNIST_QNN_z_r1_d6_s45,MNIST_QNN_zz_r1_d6_s44;MNIST_QNN_zz_r5_d6_s45
cross_cell_2,2,60,512,zz_r1_d6,MNIST_QNN_zz_r1_d6_s43;MNIST_QNN_zz_r1_d6_s44;MNIST_QNN_zz_r1_d6_s45,MNIST_QNN_z_r1_d6_s44;MNIST_QNN_zz_r5_d6_s45
cross_cell_2,2,60,512,zz_r5_d6,MNIST_QNN_zz_r5_d6_s43;MNIST_QNN_zz_r5_d6_s44;MNIST_QNN_zz_r5_d6_s45,MNIST_QNN_eff_su2_r1_d2_s43;MNIST_QNN_eff_su2_r1_d2_s44
cross_cell_2,2,61,512,eff_su2_r1_d2,MNIST_QNN_eff_su2_r1_d2_s43;MNIST_QNN_eff_su2_r1_d2_s44;MNIST_QNN_eff_su2_r1_d2_s45,MNIST_QNN_z_r1_d6_s45;MNIST_QNN_zz_r5_d6_s43
cross_cell_2,2,61,512,eff_su2_r5_d2,MNIST_QNN_eff_su2_r5_d2_s43;MNIST_QNN_eff_su2_r5_d2_s44;MNIST_QNN_eff_su2_r5_d2_s45,MNIST_QNN_eff_su2_r1_d2_s45;MNIST_QNN_zz_r5_d6_s44
cross_cell_2,2,61,512,z_r1_d6,MNIST_QNN_z_r1_d6_s43;MNIST_QNN_z_r1_d6_s44;MNIST_QNN_z_r1_d6_s45,MNIST_QNN_eff_su2_r1_d2_s44;MNIST_QNN_eff_su2_r5_d2_s45
cross_cell_2,2,61,512,zz_r1_d6,MNIST_QNN_zz_r1_d6_s43;MNIST_QNN_zz_r1_d6_s44;MNIST_QNN_zz_r1_d6_s45,MNIST_QNN_eff_su2_r5_d2_s43;MNIST_QNN_z_r1_d6_s43
cross_cell_2,2,61,512,zz_r5_d6,MNIST_QNN_zz_r5_d6_s43;MNIST_QNN_zz_r5_d6_s44;MNIST_QNN_zz_r5_d6_s45,MNIST_QNN_eff_su2_r1_d2_s43;MNIST_QNN_zz_r1_d6_s45
cross_cell_2,2,62,512,eff_su2_r1_d2,MNIST_QNN_eff_su2_r1_d2_s43;MNIST_QNN_eff_su2_r1_d2_s44;MNIST_QNN_eff_su2_r1_d2_s45,MNIST_QNN_zz_r5_d6_s43;MNIST_QNN_zz_r5_d6_s44
cross_cell_2,2,62,512,eff_su2_r5_d2,MNIST_QNN_eff_su2_r5_d2_s43;MNIST_QNN_eff_su2_r5_d2_s44;MNIST_QNN_eff_su2_r5_d2_s45,MNIST_QNN_z_r1_d6_s44;MNIST_QNN_zz_r1_d6_s45
cross_cell_2,2,62,512,z_r1_d6,MNIST_QNN_z_r1_d6_s43;MNIST_QNN_z_r1_d6_s44;MNIST_QNN_z_r1_d6_s45,MNIST_QNN_eff_su2_r1_d2_s45;MNIST_QNN_zz_r5_d6_s45
cross_cell_2,2,62,512,zz_r1_d6,MNIST_QNN_zz_r1_d6_s43;MNIST_QNN_zz_r1_d6_s44;MNIST_QNN_zz_r1_d6_s45,MNIST_QNN_eff_su2_r5_d2_s43;MNIST_QNN_zz_r5_d6_s44
cross_cell_2,2,62,512,zz_r5_d6,MNIST_QNN_zz_r5_d6_s43;MNIST_QNN_zz_r5_d6_s44;MNIST_QNN_zz_r5_d6_s45,MNIST_QNN_eff_su2_r1_d2_s45;MNIST_QNN_zz_r1_d6_s44
cross_cell_2,2,63,512,eff_su2_r1_d2,MNIST_QNN_eff_su2_r1_d2_s43;MNIST_QNN_eff_su2_r1_d2_s44;MNIST_QNN_eff_su2_r1_d2_s45,MNIST_QNN_eff_su2_r5_d2_s43;MNIST_QNN_zz_r1_d6_s43
cross_cell_2,2,63,512,eff_su2_r5_d2,MNIST_QNN_eff_su2_r5_d2_s43;MNIST_QNN_eff_su2_r5_d2_s44;MNIST_QNN_eff_su2_r5_d2_s45,MNIST_QNN_eff_su2_r1_d2_s45;MNIST_QNN_zz_r1_d6_s43
cross_cell_2,2,63,512,z_r1_d6,MNIST_QNN_z_r1_d6_s43;MNIST_QNN_z_r1_d6_s44;MNIST_QNN_z_r1_d6_s45,MNIST_QNN_zz_r1_d6_s45;MNIST_QNN_zz_r5_d6_s45
cross_cell_2,2,63,512,zz_r1_d6,MNIST_QNN_zz_r1_d6_s43;MNIST_QNN_zz_r1_d6_s44;MNIST_QNN_zz_r1_d6_s45,MNIST_QNN_z_r1_d6_s43;MNIST_QNN_z_r1_d6_s44
cross_cell_2,2,63,512,zz_r5_d6,MNIST_QNN_zz_r5_d6_s43;MNIST_QNN_zz_r5_d6_s44;MNIST_QNN_zz_r5_d6_s45,MNIST_QNN_eff_su2_r1_d2_s45;MNIST_QNN_z_r1_d6_s45
cross_cell_2,2,64,512,eff_su2_r1_d2,MNIST_QNN_eff_su2_r1_d2_s43;MNIST_QNN_eff_su2_r1_d2_s44;MNIST_QNN_eff_su2_r1_d2_s45,MNIST_QNN_z_r1_d6_s43;MNIST_QNN_zz_r1_d6_s44
cross_cell_2,2,64,512,eff_su2_r5_d2,MNIST_QNN_eff_su2_r5_d2_s43;MNIST_QNN_eff_su2_r5_d2_s44;MNIST_QNN_eff_su2_r5_d2_s45,MNIST_QNN_z_r1_d6_s43;MNIST_QNN_zz_r1_d6_s45
cross_cell_2,2,64,512,z_r1_d6,MNIST_QNN_z_r1_d6_s43;MNIST_QNN_z_r1_d6_s44;MNIST_QNN_z_r1_d6_s45,MNIST_QNN_eff_su2_r1_d2_s44;MNIST_QNN_eff_su2_r1_d2_s45
cross_cell_2,2,64,512,zz_r1_d6,MNIST_QNN_zz_r1_d6_s43;MNIST_QNN_zz_r1_d6_s44;MNIST_QNN_zz_r1_d6_s45,MNIST_QNN_eff_su2_r1_d2_s45;MNIST_QNN_zz_r5_d6_s44
cross_cell_2,2,64,512,zz_r5_d6,MNIST_QNN_zz_r5_d6_s43;MNIST_QNN_zz_r5_d6_s44;MNIST_QNN_zz_r5_d6_s45,MNIST_QNN_eff_su2_r5_d2_s43;MNIST_QNN_zz_r1_d6_s44
cross_cell_2,2,65,512,eff_su2_r1_d2,MNIST_QNN_eff_su2_r1_d2_s43;MNIST_QNN_eff_su2_r1_d2_s44;MNIST_QNN_eff_su2_r1_d2_s45,MNIST_QNN_eff_su2_r5_d2_s44;MNIST_QNN_zz_r5_d6_s45
cross_cell_2,2,65,512,eff_su2_r5_d2,MNIST_QNN_eff_su2_r5_d2_s43;MNIST_QNN_eff_su2_r5_d2_s44;MNIST_QNN_eff_su2_r5_d2_s45,MNIST_QNN_eff_su2_r1_d2_s44;MNIST_QNN_zz_r1_d6_s45
cross_cell_2,2,65,512,z_r1_d6,MNIST_QNN_z_r1_d6_s43;MNIST_QNN_z_r1_d6_s44;MNIST_QNN_z_r1_d6_s45,MNIST_QNN_zz_r5_d6_s43;MNIST_QNN_zz_r5_d6_s45
cross_cell_2,2,65,512,zz_r1_d6,MNIST_QNN_zz_r1_d6_s43;MNIST_QNN_zz_r1_d6_s44;MNIST_QNN_zz_r1_d6_s45,MNIST_QNN_eff_su2_r1_d2_s45;MNIST_QNN_eff_su2_r5_d2_s45
cross_cell_2,2,65,512,zz_r5_d6,MNIST_QNN_zz_r5_d6_s43;MNIST_QNN_zz_r5_d6_s44;MNIST_QNN_zz_r5_d6_s45,MNIST_QNN_eff_su2_r1_d2_s44;MNIST_QNN_eff_su2_r5_d2_s45
cross_cell_4,4,0,512,eff_su2_r1_d2,MNIST_QNN_eff_su2_r1_d2_s43;MNIST_QNN_eff_su2_r1_d2_s44;MNIST_QNN_eff_su2_r1_d2_s45,MNIST_QNN_eff_su2_r5_d2_s43;MNIST_QNN_eff_su2_r5_d2_s44;MNIST_QNN_z_r1_d6_s45;MNIST_QNN_zz_r5_d6_s43
cross_cell_4,4,0,512,eff_su2_r5_d2,MNIST_QNN_eff_su2_r5_d2_s43;MNIST_QNN_eff_su2_r5_d2_s44;MNIST_QNN_eff_su2_r5_d2_s45,MNIST_QNN_eff_su2_r1_d2_s43;MNIST_QNN_eff_su2_r1_d2_s44;MNIST_QNN_zz_r1_d6_s44;MNIST_QNN_zz_r5_d6_s44
cross_cell_4,4,0,512,z_r1_d6,MNIST_QNN_z_r1_d6_s43;MNIST_QNN_z_r1_d6_s44;MNIST_QNN_z_r1_d6_s45,MNIST_QNN_eff_su2_r1_d2_s43;MNIST_QNN_eff_su2_r1_d2_s44;MNIST_QNN_eff_su2_r5_d2_s43;MNIST_QNN_eff_su2_r5_d2_s44
cross_cell_4,4,0,512,zz_r1_d6,MNIST_QNN_zz_r1_d6_s43;MNIST_QNN_zz_r1_d6_s44;MNIST_QNN_zz_r1_d6_s45,MNIST_QNN_eff_su2_r1_d2_s43;MNIST_QNN_eff_su2_r1_d2_s44;MNIST_QNN_eff_su2_r1_d2_s45;MNIST_QNN_z_r1_d6_s45
cross_cell_4,4,0,512,zz_r5_d6,MNIST_QNN_zz_r5_d6_s43;MNIST_QNN_zz_r5_d6_s44;MNIST_QNN_zz_r5_d6_s45,MNIST_QNN_eff_su2_r1_d2_s43;MNIST_QNN_eff_su2_r1_d2_s44;MNIST_QNN_eff_su2_r1_d2_s45;MNIST_QNN_eff_su2_r5_d2_s43
cross_cell_4,4,1,512,eff_su2_r1_d2,MNIST_QNN_eff_su2_r1_d2_s43;MNIST_QNN_eff_su2_r1_d2_s44;MNIST_QNN_eff_su2_r1_d2_s45,MNIST_QNN_eff_su2_r5_d2_s43;MNIST_QNN_eff_su2_r5_d2_s44;MNIST_QNN_zz_r1_d6_s45;MNIST_QNN_zz_r5_d6_s44
cross_cell_4,4,1,512,eff_su2_r5_d2,MNIST_QNN_eff_su2_r5_d2_s43;MNIST_QNN_eff_su2_r5_d2_s44;MNIST_QNN_eff_su2_r5_d2_s45,MNIST_QNN_eff_su2_r1_d2_s43;MNIST_QNN_eff_su2_r1_d2_s44;MNIST_QNN_zz_r1_d6_s45;MNIST_QNN_zz_r5_d6_s44
cross_cell_4,4,1,512,z_r1_d6,MNIST_QNN_z_r1_d6_s43;MNIST_QNN_z_r1_d6_s44;MNIST_QNN_z_r1_d6_s45,MNIST_QNN_eff_su2_r1_d2_s43;MNIST_QNN_eff_su2_r1_d2_s44;MNIST_QNN_eff_su2_r5_d2_s43;MNIST_QNN_zz_r1_d6_s43
cross_cell_4,4,1,512,zz_r1_d6,MNIST_QNN_zz_r1_d6_s43;MNIST_QNN_zz_r1_d6_s44;MNIST_QNN_zz_r1_d6_s45,MNIST_QNN_eff_su2_r1_d2_s43;MNIST_QNN_eff_su2_r1_d2_s44;MNIST_QNN_eff_su2_r5_d2_s43;MNIST_QNN_z_r1_d6_s45
cross_cell_4,4,1,512,zz_r5_d6,MNIST_QNN_zz_r5_d6_s43;MNIST_QNN_zz_r5_d6_s44;MNIST_QNN_zz_r5_d6_s45,MNIST_QNN_eff_su2_r1_d2_s43;MNIST_QNN_eff_su2_r1_d2_s44;MNIST_QNN_eff_su2_r5_d2_s43;MNIST_QNN_z_r1_d6_s44
cross_cell_4,4,2,512,eff_su2_r1_d2,MNIST_QNN_eff_su2_r1_d2_s43;MNIST_QNN_eff_su2_r1_d2_s44;MNIST_QNN_eff_su2_r1_d2_s45,MNIST_QNN_eff_su2_r5_d2_s43;MNIST_QNN_eff_su2_r5_d2_s45;MNIST_QNN_zz_r1_d6_s43;MNIST_QNN_zz_r5_d6_s44
cross_cell_4,4,2,512,eff_su2_r5_d2,MNIST_QNN_eff_su2_r5_d2_s43;MNIST_QNN_eff_su2_r5_d2_s44;MNIST_QNN_eff_su2_r5_d2_s45,MNIST_QNN_eff_su2_r1_d2_s43;MNIST_QNN_eff_su2_r1_d2_s44;MNIST_QNN_zz_r5_d6_s43;MNIST_QNN_zz_r5_d6_s45
cross_cell_4,4,2,512,z_r1_d6,MNIST_QNN_z_r1_d6_s43;MNIST_QNN_z_r1_d6_s44;MNIST_QNN_z_r1_d6_s45,MNIST_QNN_eff_su2_r1_d2_s43;MNIST_QNN_eff_su2_r1_d2_s44;MNIST_QNN_eff_su2_r5_d2_s44;MNIST_QNN_zz_r5_d6_s44
cross_cell_4,4,2,512,zz_r1_d6,MNIST_QNN_zz_r1_d6_s43;MNIST_QNN_zz_r1_d6_s44;MNIST_QNN_zz_r1_d6_s45,MNIST_QNN_eff_su2_r1_d2_s43;MNIST_QNN_eff_su2_r1_d2_s44;MNIST_QNN_eff_su2_r5_d2_s45;MNIST_QNN_zz_r5_d6_s43
cross_cell_4,4,2,512,zz_r5_d6,MNIST_QNN_zz_r5_d6_s43;MNIST_QNN_zz_r5_d6_s44;MNIST_QNN_zz_r5_d6_s45,MNIST_QNN_eff_su2_r1_d2_s43;MNIST_QNN_eff_su2_r1_d2_s44;MNIST_QNN_eff_su2_r5_d2_s43;MNIST_QNN_z_r1_d6_s45
cross_cell_4,4,3,512,eff_su2_r1_d2,MNIST_QNN_eff_su2_r1_d2_s43;MNIST_QNN_eff_su2_r1_d2_s44;MNIST_QNN_eff_su2_r1_d2_s45,MNIST_QNN_eff_su2_r5_d2_s43;MNIST_QNN_z_r1_d6_s44;MNIST_QNN_zz_r1_d6_s43;MNIST_QNN_zz_r5_d6_s43
cross_cell_4,4,3,512,eff_su2_r5_d2,MNIST_QNN_eff_su2_r5_d2_s43;MNIST_QNN_eff_su2_r5_d2_s44;MNIST_QNN_eff_su2_r5_d2_s45,MNIST_QNN_eff_su2_r1_d2_s43;MNIST_QNN_eff_su2_r1_d2_s45;MNIST_QNN_z_r1_d6_s43;MNIST_QNN_z_r1_d6_s45
cross_cell_4,4,3,512,z_r1_d6,MNIST_QNN_z_r1_d6_s43;MNIST_QNN_z_r1_d6_s44;MNIST_QNN_z_r1_d6_s45,MNIST_QNN_eff_su2_r1_d2_s43;MNIST_QNN_eff_su2_r1_d2_s44;MNIST_QNN_zz_r1_d6_s43;MNIST_QNN_zz_r5_d6_s44
cross_cell_4,4,3,512,zz_r1_d6,MNIST_QNN_zz_r1_d6_s43;MNIST_QNN_zz_r1_d6_s44;MNIST_QNN_zz_r1_d6_s45,MNIST_QNN_eff_su2_r1_d2_s43;MNIST_QNN_eff_su2_r1_d2_s45;MNIST_QNN_z_r1_d6_s43;MNIST_QNN_zz_r5_d6_s43
cross_cell_4,4,3,512,zz_r5_d6,MNIST_QNN_zz_r5_d6_s43;MNIST_QNN_zz_r5_d6_s44;MNIST_QNN_zz_r5_d6_s45,MNIST_QNN_eff_su2_r1_d2_s43;MNIST_QNN_eff_su2_r1_d2_s44;MNIST_QNN_eff_su2_r5_d2_s44;MNIST_QNN_z_r1_d6_s44
cross_cell_4,4,4,512,eff_su2_r1_d2,MNIST_QNN_eff_su2_r1_d2_s43;MNIST_QNN_eff_su2_r1_d2_s44;MNIST_QNN_eff_su2_r1_d2_s45,MNIST_QNN_eff_su2_r5_d2_s43;MNIST_QNN_z_r1_d6_s44;MNIST_QNN_zz_r1_d6_s44;MNIST_QNN_zz_r1_d6_s45
cross_cell_4,4,4,512,eff_su2_r5_d2,MNIST_QNN_eff_su2_r5_d2_s43;MNIST_QNN_eff_su2_r5_d2_s44;MNIST_QNN_eff_su2_r5_d2_s45,MNIST_QNN_eff_su2_r1_d2_s43;MNIST_QNN_eff_su2_r1_d2_s45;MNIST_QNN_zz_r1_d6_s43;MNIST_QNN_zz_r1_d6_s45
cross_cell_4,4,4,512,z_r1_d6,MNIST_QNN_z_r1_d6_s43;MNIST_QNN_z_r1_d6_s44;MNIST_QNN_z_r1_d6_s45,MNIST_QNN_eff_su2_r1_d2_s43;MNIST_QNN_eff_su2_r1_d2_s44;MNIST_QNN_zz_r5_d6_s43;MNIST_QNN_zz_r5_d6_s44
cross_cell_4,4,4,512,zz_r1_d6,MNIST_QNN_zz_r1_d6_s43;MNIST_QNN_zz_r1_d6_s44;MNIST_QNN_zz_r1_d6_s45,MNIST_QNN_eff_su2_r1_d2_s43;MNIST_QNN_eff_su2_r1_d2_s45;MNIST_QNN_zz_r5_d6_s43;MNIST_QNN_zz_r5_d6_s44
cross_cell_4,4,4,512,zz_r5_d6,MNIST_QNN_zz_r5_d6_s43;MNIST_QNN_zz_r5_d6_s44;MNIST_QNN_zz_r5_d6_s45,MNIST_QNN_eff_su2_r1_d2_s43;MNIST_QNN_eff_su2_r1_d2_s44;MNIST_QNN_z_r1_d6_s45;MNIST_QNN_zz_r1_d6_s43
cross_cell_4,4,5,512,eff_su2_r1_d2,MNIST_QNN_eff_su2_r1_d2_s43;MNIST_QNN_eff_su2_r1_d2_s44;MNIST_QNN_eff_su2_r1_d2_s45,MNIST_QNN_eff_su2_r5_d2_s43;MNIST_QNN_z_r1_d6_s44;MNIST_QNN_zz_r5_d6_s43;MNIST_QNN_zz_r5_d6_s44
cross_cell_4,4,5,512,eff_su2_r5_d2,MNIST_QNN_eff_su2_r5_d2_s43;MNIST_QNN_eff_su2_r5_d2_s44;MNIST_QNN_eff_su2_r5_d2_s45,MNIST_QNN_eff_su2_r1_d2_s43;MNIST_QNN_z_r1_d6_s43;MNIST_QNN_zz_r1_d6_s45;MNIST_QNN_zz_r5_d6_s45
cross_cell_4,4,5,512,z_r1_d6,MNIST_QNN_z_r1_d6_s43;MNIST_QNN_z_r1_d6_s44;MNIST_QNN_z_r1_d6_s45,MNIST_QNN_eff_su2_r1_d2_s43;MNIST_QNN_eff_su2_r1_d2_s45;MNIST_QNN_eff_su2_r5_d2_s45;MNIST_QNN_zz_r5_d6_s43
cross_cell_4,4,5,512,zz_r1_d6,MNIST_QNN_zz_r1_d6_s43;MNIST_QNN_zz_r1_d6_s44;MNIST_QNN_zz_r1_d6_s45,MNIST_QNN_eff_su2_r1_d2_s43;MNIST_QNN_eff_su2_r5_d2_s43;MNIST_QNN_eff_su2_r5_d2_s44;MNIST_QNN_eff_su2_r5_d2_s45
cross_cell_4,4,5,512,zz_r5_d6,MNIST_QNN_zz_r5_d6_s43;MNIST_QNN_zz_r5_d6_s44;MNIST_QNN_zz_r5_d6_s45,MNIST_QNN_eff_su2_r1_d2_s43;MNIST_QNN_eff_su2_r1_d2_s45;MNIST_QNN_eff_su2_r5_d2_s44;MNIST_QNN_zz_r1_d6_s43
cross_cell_4,4,6,512,eff_su2_r1_d2,MNIST_QNN_eff_su2_r1_d2_s43;MNIST_QNN_eff_su2_r1_d2_s44;MNIST_QNN_eff_su2_r1_d2_s45,MNIST_QNN_eff_su2_r5_d2_s43;MNIST_QNN_z_r1_d6_s45;MNIST_QNN_zz_r1_d6_s43;MNIST_QNN_zz_r5_d6_s44
cross_cell_4,4,6,512,eff_su2_r5_d2,MNIST_QNN_eff_su2_r5_d2_s43;MNIST_QNN_eff_su2_r5_d2_s44;MNIST_QNN_eff_su2_r5_d2_s45,MNIST_QNN_eff_su2_r1_d2_s43;MNIST_QNN_z_r1_d6_s44;MNIST_QNN_z_r1_d6_s45;MNIST_QNN_zz_r5_d6_s45
cross_cell_4,4,6,512,z_r1_d6,MNIST_QNN_z_r1_d6_s43;MNIST_QNN_z_r1_d6_s44;MNIST_QNN_z_r1_d6_s45,MNIST_QNN_eff_su2_r1_d2_s43;MNIST_QNN_eff_su2_r1_d2_s45;MNIST_QNN_eff_su2_r5_d2_s45;MNIST_QNN_zz_r5_d6_s45
cross_cell_4,4,6,512,zz_r1_d6,MNIST_QNN_zz_r1_d6_s43;MNIST_QNN_zz_r1_d6_s44;MNIST_QNN_zz_r1_d6_s45,MNIST_QNN_eff_su2_r1_d2_s43;MNIST_QNN_eff_su2_r5_d2_s43;MNIST_QNN_eff_su2_r5_d2_s45;MNIST_QNN_zz_r5_d6_s44
cross_cell_4,4,6,512,zz_r5_d6,MNIST_QNN_zz_r5_d6_s43;MNIST_QNN_zz_r5_d6_s44;MNIST_QNN_zz_r5_d6_s45,MNIST_QNN_eff_su2_r1_d2_s43;MNIST_QNN_eff_su2_r1_d2_s45;MNIST_QNN_eff_su2_r5_d2_s45;MNIST_QNN_zz_r1_d6_s43
cross_cell_4,4,7,512,eff_su2_r1_d2,MNIST_QNN_eff_su2_r1_d2_s43;MNIST_QNN_eff_su2_r1_d2_s44;MNIST_QNN_eff_su2_r1_d2_s45,MNIST_QNN_eff_su2_r5_d2_s43;MNIST_QNN_z_r1_d6_s45;MNIST_QNN_zz_r1_d6_s44;MNIST_QNN_zz_r5_d6_s43
cross_cell_4,4,7,512,eff_su2_r5_d2,MNIST_QNN_eff_su2_r5_d2_s43;MNIST_QNN_eff_su2_r5_d2_s44;MNIST_QNN_eff_su2_r5_d2_s45,MNIST_QNN_eff_su2_r1_d2_s43;MNIST_QNN_zz_r1_d6_s43;MNIST_QNN_zz_r1_d6_s45;MNIST_QNN_zz_r5_d6_s43
cross_cell_4,4,7,512,z_r1_d6,MNIST_QNN_z_r1_d6_s43;MNIST_QNN_z_r1_d6_s44;MNIST_QNN_z_r1_d6_s45,MNIST_QNN_eff_su2_r1_d2_s43;MNIST_QNN_eff_su2_r5_d2_s43;MNIST_QNN_zz_r1_d6_s43;MNIST_QNN_zz_r5_d6_s43
cross_cell_4,4,7,512,zz_r1_d6,MNIST_QNN_zz_r1_d6_s43;MNIST_QNN_zz_r1_d6_s44;MNIST_QNN_zz_r1_d6_s45,MNIST_QNN_eff_su2_r1_d2_s43;MNIST_QNN_eff_su2_r5_d2_s43;MNIST_QNN_z_r1_d6_s43;MNIST_QNN_z_r1_d6_s44
cross_cell_4,4,7,512,zz_r5_d6,MNIST_QNN_zz_r5_d6_s43;MNIST_QNN_zz_r5_d6_s44;MNIST_QNN_zz_r5_d6_s45,MNIST_QNN_eff_su2_r1_d2_s43;MNIST_QNN_eff_su2_r1_d2_s45;MNIST_QNN_z_r1_d6_s43;MNIST_QNN_z_r1_d6_s44
cross_cell_4,4,8,512,eff_su2_r1_d2,MNIST_QNN_eff_su2_r1_d2_s43;MNIST_QNN_eff_su2_r1_d2_s44;MNIST_QNN_eff_su2_r1_d2_s45,MNIST_QNN_eff_su2_r5_d2_s43;MNIST_QNN_zz_r1_d6_s43;MNIST_QNN_zz_r5_d6_s43;MNIST_QNN_zz_r5_d6_s45
cross_cell_4,4,8,512,eff_su2_r5_d2,MNIST_QNN_eff_su2_r5_d2_s43;MNIST_QNN_eff_su2_r5_d2_s44;MNIST_QNN_eff_su2_r5_d2_s45,MNIST_QNN_eff_su2_r1_d2_s43;MNIST_QNN_zz_r1_d6_s44;MNIST_QNN_zz_r1_d6_s45;MNIST_QNN_zz_r5_d6_s45
cross_cell_4,4,8,512,z_r1_d6,MNIST_QNN_z_r1_d6_s43;MNIST_QNN_z_r1_d6_s44;MNIST_QNN_z_r1_d6_s45,MNIST_QNN_eff_su2_r1_d2_s43;MNIST_QNN_eff_su2_r5_d2_s43;MNIST_QNN_zz_r1_d6_s44;MNIST_QNN_zz_r5_d6_s45
cross_cell_4,4,8,512,zz_r1_d6,MNIST_QNN_zz_r1_d6_s43;MNIST_QNN_zz_r1_d6_s44;MNIST_QNN_zz_r1_d6_s45,MNIST_QNN_eff_su2_r1_d2_s43;MNIST_QNN_eff_su2_r5_d2_s43;MNIST_QNN_z_r1_d6_s43;MNIST_QNN_zz_r5_d6_s45
cross_cell_4,4,8,512,zz_r5_d6,MNIST_QNN_zz_r5_d6_s43;MNIST_QNN_zz_r5_d6_s44;MNIST_QNN_zz_r5_d6_s45,MNIST_QNN_eff_su2_r1_d2_s43;MNIST_QNN_eff_su2_r5_d2_s43;MNIST_QNN_eff_su2_r5_d2_s44;MNIST_QNN_z_r1_d6_s45
cross_cell_4,4,9,512,eff_su2_r1_d2,MNIST_QNN_eff_su2_r1_d2_s43;MNIST_QNN_eff_su2_r1_d2_s44;MNIST_QNN_eff_su2_r1_d2_s45,MNIST_QNN_eff_su2_r5_d2_s43;MNIST_QNN_zz_r1_d6_s44;MNIST_QNN_zz_r1_d6_s45;MNIST_QNN_zz_r5_d6_s45
cross_cell_4,4,9,512,eff_su2_r5_d2,MNIST_QNN_eff_su2_r5_d2_s43;MNIST_QNN_eff_su2_r5_d2_s44;MNIST_QNN_eff_su2_r5_d2_s45,MNIST_QNN_eff_su2_r1_d2_s43;MNIST_QNN_zz_r1_d6_s44;MNIST_QNN_zz_r5_d6_s44;MNIST_QNN_zz_r5_d6_s45
cross_cell_4,4,9,512,z_r1_d6,MNIST_QNN_z_r1_d6_s43;MNIST_QNN_z_r1_d6_s44;MNIST_QNN_z_r1_d6_s45,MNIST_QNN_eff_su2_r1_d2_s43;MNIST_QNN_eff_su2_r5_d2_s43;MNIST_QNN_zz_r1_d6_s45;MNIST_QNN_zz_r5_d6_s43
cross_cell_4,4,9,512,zz_r1_d6,MNIST_QNN_zz_r1_d6_s43;MNIST_QNN_zz_r1_d6_s44;MNIST_QNN_zz_r1_d6_s45,MNIST_QNN_eff_su2_r1_d2_s43;MNIST_QNN_eff_su2_r5_d2_s44;MNIST_QNN_eff_su2_r5_d2_s45;MNIST_QNN_zz_r5_d6_s45
cross_cell_4,4,9,512,zz_r5_d6,MNIST_QNN_zz_r5_d6_s43;MNIST_QNN_zz_r5_d6_s44;MNIST_QNN_zz_r5_d6_s45,MNIST_QNN_eff_su2_r1_d2_s43;MNIST_QNN_eff_su2_r5_d2_s44;MNIST_QNN_z_r1_d6_s44;MNIST_QNN_zz_r1_d6_s45
cross_cell_4,4,10,512,eff_su2_r1_d2,MNIST_QNN_eff_su2_r1_d2_s43;MNIST_QNN_eff_su2_r1_d2_s44;MNIST_QNN_eff_su2_r1_d2_s45,MNIST_QNN_eff_su2_r5_d2_s44;MNIST_QNN_z_r1_d6_s43;MNIST_QNN_zz_r1_d6_s43;MNIST_QNN_zz_r5_d6_s44
cross_cell_4,4,10,512,eff_su2_r5_d2,MNIST_QNN_eff_su2_r5_d2_s43;MNIST_QNN_eff_su2_r5_d2_s44;MNIST_QNN_eff_su2_r5_d2_s45,MNIST_QNN_eff_su2_r1_d2_s44;MNIST_QNN_eff_su2_r1_d2_s45;MNIST_QNN_zz_r1_d6_s44;MNIST_QNN_zz_r5_d6_s45
cross_cell_4,4,10,512,z_r1_d6,MNIST_QNN_z_r1_d6_s43;MNIST_QNN_z_r1_d6_s44;MNIST_QNN_z_r1_d6_s45,MNIST_QNN_eff_su2_r1_d2_s43;MNIST_QNN_eff_su2_r5_d2_s44;MNIST_QNN_eff_su2_r5_d2_s45;MNIST_QNN_zz_r5_d6_s43
cross_cell_4,4,10,512,zz_r1_d6,MNIST_QNN_zz_r1_d6_s43;MNIST_QNN_zz_r1_d6_s44;MNIST_QNN_zz_r1_d6_s45,MNIST_QNN_eff_su2_r1_d2_s43;MNIST_QNN_eff_su2_r5_d2_s44;MNIST_QNN_z_r1_d6_s44;MNIST_QNN_zz_r5_d6_s44
cross_cell_4,4,10,512,zz_r5_d6,MNIST_QNN_zz_r5_d6_s43;MNIST_QNN_zz_r5_d6_s44;MNIST_QNN_zz_r5_d6_s45,MNIST_QNN_eff_su2_r1_d2_s43;MNIST_QNN_eff_su2_r5_d2_s44;MNIST_QNN_zz_r1_d6_s43;MNIST_QNN_zz_r1_d6_s45
cross_cell_4,4,11,512,eff_su2_r1_d2,MNIST_QNN_eff_su2_r1_d2_s43;MNIST_QNN_eff_su2_r1_d2_s44;MNIST_QNN_eff_su2_r1_d2_s45,MNIST_QNN_eff_su2_r5_d2_s44;MNIST_QNN_z_r1_d6_s43;MNIST_QNN_zz_r1_d6_s45;MNIST_QNN_zz_r5_d6_s43
cross_cell_4,4,11,512,eff_su2_r5_d2,MNIST_QNN_eff_su2_r5_d2_s43;MNIST_QNN_eff_su2_r5_d2_s44;MNIST_QNN_eff_su2_r5_d2_s45,MNIST_QNN_eff_su2_r1_d2_s44;MNIST_QNN_eff_su2_r1_d2_s45;MNIST_QNN_zz_r1_d6_s45;MNIST_QNN_zz_r5_d6_s45
cross_cell_4,4,11,512,z_r1_d6,MNIST_QNN_z_r1_d6_s43;MNIST_QNN_z_r1_d6_s44;MNIST_QNN_z_r1_d6_s45,MNIST_QNN_eff_su2_r1_d2_s43;MNIST_QNN_eff_su2_r5_d2_s44;MNIST_QNN_zz_r1_d6_s44;MNIST_QNN_zz_r5_d6_s44
cross_cell_4,4,11,512,zz_r1_d6,MNIST_QNN_zz_r1_d6_s43;MNIST_QNN_zz_r1_d6_s44;MNIST_QNN_zz_r1_d6_s45,MNIST_QNN_eff_su2_r1_d2_s43;MNIST_QNN_eff_su2_r5_d2_s44;MNIST_QNN_z_r1_d6_s45;MNIST_QNN_zz_r5_d6_s44
cross_cell_4,4,11,512,zz_r5_d6,MNIST_QNN_zz_r5_d6_s43;MNIST_QNN_zz_r5_d6_s44;MNIST_QNN_zz_r5_d6_s45,MNIST_QNN_eff_su2_r1_d2_s43;MNIST_QNN_eff_su2_r5_d2_s45;MNIST_QNN_z_r1_d6_s45;MNIST_QNN_zz_r1_d6_s44
cross_cell_4,4,12,512,eff_su2_r1_d2,MNIST_QNN_eff_su2_r1_d2_s43;MNIST_QNN_eff_su2_r1_d2_s44;MNIST_QNN_eff_su2_r1_d2_s45,MNIST_QNN_eff_su2_r5_d2_s44;MNIST_QNN_z_r1_d6_s44;MNIST_QNN_zz_r1_d6_s43;MNIST_QNN_zz_r5_d6_s43
cross_cell_4,4,12,512,eff_su2_r5_d2,MNIST_QNN_eff_su2_r5_d2_s43;MNIST_QNN_eff_su2_r5_d2_s44;MNIST_QNN_eff_su2_r5_d2_s45,MNIST_QNN_eff_su2_r1_d2_s44;MNIST_QNN_z_r1_d6_s43;MNIST_QNN_z_r1_d6_s44;MNIST_QNN_zz_r1_d6_s43
cross_cell_4,4,12,512,z_r1_d6,MNIST_QNN_z_r1_d6_s43;MNIST_QNN_z_r1_d6_s44;MNIST_QNN_z_r1_d6_s45,MNIST_QNN_eff_su2_r1_d2_s43;MNIST_QNN_eff_su2_r5_d2_s45;MNIST_QNN_zz_r1_d6_s44;MNIST_QNN_zz_r5_d6_s44
cross_cell_4,4,12,512,zz_r1_d6,MNIST_QNN_zz_r1_d6_s43;MNIST_QNN_zz_r1_d6_s44;MNIST_QNN_zz_r1_d6_s45,MNIST_QNN_eff_su2_r1_d2_s43;MNIST_QNN_eff_su2_r5_d2_s45;MNIST_QNN_z_r1_d6_s45;MNIST_QNN_zz_r5_d6_s44
cross_cell_4,4,12,512,zz_r5_d6,MNIST_QNN_zz_r5_d6_s43;MNIST_QNN_zz_r5_d6_s44;MNIST_QNN_zz_r5_d6_s45,MNIST_QNN_eff_su2_r1_d2_s43;MNIST_QNN_z_r1_d6_s43;MNIST_QNN_zz_r1_d6_s43;MNIST_QNN_zz_r1_d6_s44
cross_cell_4,4,13,512,eff_su2_r1_d2,MNIST_QNN_eff_su2_r1_d2_s43;MNIST_QNN_eff_su2_r1_d2_s44;MNIST_QNN_eff_su2_r1_d2_s45,MNIST_QNN_eff_su2_r5_d2_s44;MNIST_QNN_z_r1_d6_s44;MNIST_QNN_zz_r5_d6_s43;MNIST_QNN_zz_r5_d6_s45
cross_cell_4,4,13,512,eff_su2_r5_d2,MNIST_QNN_eff_su2_r5_d2_s43;MNIST_QNN_eff_su2_r5_d2_s44;MNIST_QNN_eff_su2_r5_d2_s45,MNIST_QNN_eff_su2_r1_d2_s44;MNIST_QNN_z_r1_d6_s43;MNIST_QNN_z_r1_d6_s45;MNIST_QNN_zz_r1_d6_s45
cross_cell_4,4,13,512,z_r1_d6,MNIST_QNN_z_r1_d6_s43;MNIST_QNN_z_r1_d6_s44;MNIST_QNN_z_r1_d6_s45,MNIST_QNN_eff_su2_r1_d2_s43;MNIST_QNN_zz_r1_d6_s44;MNIST_QNN_zz_r1_d6_s45;MNIST_QNN_zz_r5_d6_s43
cross_cell_4,4,13,512,zz_r1_d6,MNIST_QNN_zz_r1_d6_s43;MNIST_QNN_zz_r1_d6_s44;MNIST_QNN_zz_r1_d6_s45,MNIST_QNN_eff_su2_r1_d2_s43;MNIST_QNN_z_r1_d6_s43;MNIST_QNN_z_r1_d6_s45;MNIST_QNN_zz_r5_d6_s44
cross_cell_4,4,13,512,zz_r5_d6,MNIST_QNN_zz_r5_d6_s43;MNIST_QNN_zz_r5_d6_s44;MNIST_QNN_zz_r5_d6_s45,MNIST_QNN_eff_su2_r1_d2_s43;MNIST_QNN_z_r1_d6_s43;MNIST_QNN_zz_r1_d6_s43;MNIST_QNN_zz_r1_d6_s45
cross_cell_4,4,14,512,eff_su2_r1_d2,MNIST_QNN_eff_su2_r1_d2_s43;MNIST_QNN_eff_su2_r1_d2_s44;MNIST_QNN_eff_su2_r1_d2_s45,MNIST_QNN_eff_su2_r5_d2_s44;MNIST_QNN_z_r1_d6_s45;MNIST_QNN_zz_r1_d6_s43;MNIST_QNN_zz_r1_d6_s45
cross_cell_4,4,14,512,eff_su2_r5_d2,MNIST_QNN_eff_su2_r5_d2_s43;MNIST_QNN_eff_su2_r5_d2_s44;MNIST_QNN_eff_su2_r5_d2_s45,MNIST_QNN_eff_su2_r1_d2_s44;MNIST_QNN_zz_r1_d6_s43;MNIST_QNN_zz_r5_d6_s43;MNIST_QNN_zz_r5_d6_s45
cross_cell_4,4,14,512,z_r1_d6,MNIST_QNN_z_r1_d6_s43;MNIST_QNN_z_r1_d6_s44;MNIST_QNN_z_r1_d6_s45,MNIST_QNN_eff_su2_r1_d2_s44;MNIST_QNN_eff_su2_r1_d2_s45;MNIST_QNN_eff_su2_r5_d2_s43;MNIST_QNN_zz_r5_d6_s43
cross_cell_4,4,14,512,zz_r1_d6,MNIST_QNN_zz_r1_d6_s43;MNIST_QNN_zz_r1_d6_s44;MNIST_QNN_zz_r1_d6_s45,MNIST_QNN_eff_su2_r1_d2_s43;MNIST_QNN_z_r1_d6_s44;MNIST_QNN_zz_r5_d6_s43;MNIST_QNN_zz_r5_d6_s45
cross_cell_4,4,14,512,zz_r5_d6,MNIST_QNN_zz_r5_d6_s43;MNIST_QNN_zz_r5_d6_s44;MNIST_QNN_zz_r5_d6_s45,MNIST_QNN_eff_su2_r1_d2_s44;MNIST_QNN_eff_su2_r1_d2_s45;MNIST_QNN_eff_su2_r5_d2_s45;MNIST_QNN_zz_r1_d6_s43
cross_cell_4,4,15,512,eff_su2_r1_d2,MNIST_QNN_eff_su2_r1_d2_s43;MNIST_QNN_eff_su2_r1_d2_s44;MNIST_QNN_eff_su2_r1_d2_s45,MNIST_QNN_eff_su2_r5_d2_s44;MNIST_QNN_z_r1_d6_s45;MNIST_QNN_zz_r1_d6_s45;MNIST_QNN_zz_r5_d6_s44
cross_cell_4,4,15,512,eff_su2_r5_d2,MNIST_QNN_eff_su2_r5_d2_s43;MNIST_QNN_eff_su2_r5_d2_s44;MNIST_QNN_eff_su2_r5_d2_s45,MNIST_QNN_eff_su2_r1_d2_s44;MNIST_QNN_zz_r1_d6_s44;MNIST_QNN_zz_r1_d6_s45;MNIST_QNN_zz_r5_d6_s44
cross_cell_4,4,15,512,z_r1_d6,MNIST_QNN_z_r1_d6_s43;MNIST_QNN_z_r1_d6_s44;MNIST_QNN_z_r1_d6_s45,MNIST_QNN_eff_su2_r1_d2_s44;MNIST_QNN_eff_su2_r1_d2_s45;MNIST_QNN_zz_r1_d6_s43;MNIST_QNN_zz_r5_d6_s44
cross_cell_4,4,15,512,zz_r1_d6,MNIST_QNN_zz_r1_d6_s43;MNIST_QNN_zz_r1_d6_s44;MNIST_QNN_zz_r1_d6_s45,MNIST_QNN_eff_su2_r1_d2_s44;MNIST_QNN_eff_su2_r1_d2_s45;MNIST_QNN_z_r1_d6_s44;MNIST_QNN_zz_r5_d6_s43
cross_cell_4,4,15,512,zz_r5_d6,MNIST_QNN_zz_r5_d6_s43;MNIST_QNN_zz_r5_d6_s44;MNIST_QNN_zz_r5_d6_s45,MNIST_QNN_eff_su2_r1_d2_s44;MNIST_QNN_eff_su2_r5_d2_s43;MNIST_QNN_z_r1_d6_s44;MNIST_QNN_zz_r1_d6_s43
cross_cell_4,4,16,512,eff_su2_r1_d2,MNIST_QNN_eff_su2_r1_d2_s43;MNIST_QNN_eff_su2_r1_d2_s44;MNIST_QNN_eff_su2_r1_d2_s45,MNIST_QNN_eff_su2_r5_d2_s44;MNIST_QNN_zz_r1_d6_s43;MNIST_QNN_zz_r1_d6_s44;MNIST_QNN_zz_r5_d6_s45
cross_cell_4,4,16,512,eff_su2_r5_d2,MNIST_QNN_eff_su2_r5_d2_s43;MNIST_QNN_eff_su2_r5_d2_s44;MNIST_QNN_eff_su2_r5_d2_s45,MNIST_QNN_eff_su2_r1_d2_s44;MNIST_QNN_zz_r5_d6_s43;MNIST_QNN_zz_r5_d6_s44;MNIST_QNN_zz_r5_d6_s45
cross_cell_4,4,16,512,z_r1_d6,MNIST_QNN_z_r1_d6_s43;MNIST_QNN_z_r1_d6_s44;MNIST_QNN_z_r1_d6_s45,MNIST_QNN_eff_su2_r1_d2_s44;MNIST_QNN_eff_su2_r5_d2_s43;MNIST_QNN_eff_su2_r5_d2_s44;MNIST_QNN_zz_r1_d6_s44
cross_cell_4,4,16,512,zz_r1_d6,MNIST_QNN_zz_r1_d6_s43;MNIST_QNN_zz_r1_d6_s44;MNIST_QNN_zz_r1_d6_s45,MNIST_QNN_eff_su2_r1_d2_s44;MNIST_QNN_eff_su2_r1_d2_s45;MNIST_QNN_z_r1_d6_s45;MNIST_QNN_zz_r5_d6_s44
cross_cell_4,4,16,512,zz_r5_d6,MNIST_QNN_zz_r5_d6_s43;MNIST_QNN_zz_r5_d6_s44;MNIST_QNN_zz_r5_d6_s45,MNIST_QNN_eff_su2_r1_d2_s44;MNIST_QNN_eff_su2_r5_d2_s44;MNIST_QNN_z_r1_d6_s44;MNIST_QNN_zz_r1_d6_s45
cross_cell_4,4,17,512,eff_su2_r1_d2,MNIST_QNN_eff_su2_r1_d2_s43;MNIST_QNN_eff_su2_r1_d2_s44;MNIST_QNN_eff_su2_r1_d2_s45,MNIST_QNN_eff_su2_r5_d2_s44;MNIST_QNN_zz_r1_d6_s44;MNIST_QNN_zz_r5_d6_s43;MNIST_QNN_zz_r5_d6_s45
cross_cell_4,4,17,512,eff_su2_r5_d2,MNIST_QNN_eff_su2_r5_d2_s43;MNIST_QNN_eff_su2_r5_d2_s44;MNIST_QNN_eff_su2_r5_d2_s45,MNIST_QNN_eff_su2_r1_d2_s45;MNIST_QNN_z_r1_d6_s43;MNIST_QNN_zz_r5_d6_s44;MNIST_QNN_zz_r5_d6_s45
cross_cell_4,4,17,512,z_r1_d6,MNIST_QNN_z_r1_d6_s43;MNIST_QNN_z_r1_d6_s44;MNIST_QNN_z_r1_d6_s45,MNIST_QNN_eff_su2_r1_d2_s44;MNIST_QNN_eff_su2_r5_d2_s43;MNIST_QNN_eff_su2_r5_d2_s45;MNIST_QNN_zz_r1_d6_s43
cross_cell_4,4,17,512,zz_r1_d6,MNIST_QNN_zz_r1_d6_s43;MNIST_QNN_zz_r1_d6_s44;MNIST_QNN_zz_r1_d6_s45,MNIST_QNN_eff_su2_r1_d2_s44;MNIST_QNN_eff_su2_r5_d2_s43;MNIST_QNN_eff_su2_r5_d2_s45;MNIST_QNN_z_r1_d6_s45
cross_cell_4,4,17,512,zz_r5_d6,MNIST_QNN_zz_r5_d6_s43;MNIST_QNN_zz_r5_d6_s44;MNIST_QNN_zz_r5_d6_s45,MNIST_QNN_eff_su2_r1_d2_s44;MNIST_QNN_eff_su2_r5_d2_s44;MNIST_QNN_zz_r1_d6_s44;MNIST_QNN_zz_r1_d6_s45
cross_cell_4,4,18,512,eff_su2_r1_d2,MNIST_QNN_eff_su2_r1_d2_s43;MNIST_QNN_eff_su2_r1_d2_s44;MNIST_QNN_eff_su2_r1_d2_s45,MNIST_QNN_eff_su2_r5_d2_s44;MNIST_QNN_zz_r1_d6_s45;MNIST_QNN_zz_r5_d6_s43;MNIST_QNN_zz_r5_d6_s44
cross_cell_4,4,18,512,eff_su2_r5_d2,MNIST_QNN_eff_su2_r5_d2_s43;MNIST_QNN_eff_su2_r5_d2_s44;MNIST_QNN_eff_su2_r5_d2_s45,MNIST_QNN_eff_su2_r1_d2_s45;MNIST_QNN_z_r1_d6_s44;MNIST_QNN_z_r1_d6_s45;MNIST_QNN_zz_r5_d6_s45
cross_cell_4,4,18,512,z_r1_d6,MNIST_QNN_z_r1_d6_s43;MNIST_QNN_z_r1_d6_s44;MNIST_QNN_z_r1_d6_s45,MNIST_QNN_eff_su2_r1_d2_s44;MNIST_QNN_eff_su2_r5_d2_s43;MNIST_QNN_zz_r1_d6_s43;MNIST_QNN_zz_r5_d6_s43
cross_cell_4,4,18,512,zz_r1_d6,MNIST_QNN_zz_r1_d6_s43;MNIST_QNN_zz_r1_d6_s44;MNIST_QNN_zz_r1_d6_s45,MNIST_QNN_eff_su2_r1_d2_s44;MNIST_QNN_eff_su2_r5_d2_s44;MNIST_QNN_zz_r5_d6_s43;MNIST_QNN_zz_r5_d6_s45
cross_cell_4,4,18,512,zz_r5_d6,MNIST_QNN_zz_r5_d6_s43;MNIST_QNN_zz_r5_d6_s44;MNIST_QNN_zz_r5_d6_s45,MNIST_QNN_eff_su2_r1_d2_s44;MNIST_QNN_z_r1_d6_s43;MNIST_QNN_z_r1_d6_s45;MNIST_QNN_zz_r1_d6_s43
cross_cell_4,4,19,512,eff_su2_r1_d2,MNIST_QNN_eff_su2_r1_d2_s43;MNIST_QNN_eff_su2_r1_d2_s44;MNIST_QNN_eff_su2_r1_d2_s45,MNIST_QNN_eff_su2_r5_d2_s45;MNIST_QNN_z_r1_d6_s43;MNIST_QNN_zz_r1_d6_s44;MNIST_QNN_zz_r1_d6_s45
cross_cell_4,4,19,512,eff_su2_r5_d2,MNIST_QNN_eff_su2_r5_d2_s43;MNIST_QNN_eff_su2_r5_d2_s44;MNIST_QNN_eff_su2_r5_d2_s45,MNIST_QNN_eff_su2_r1_d2_s45;MNIST_QNN_z_r1_d6_s45;MNIST_QNN_zz_r1_d6_s43;MNIST_QNN_zz_r5_d6_s44
cross_cell_4,4,19,512,z_r1_d6,MNIST_QNN_z_r1_d6_s43;MNIST_QNN_z_r1_d6_s44;MNIST_QNN_z_r1_d6_s45,MNIST_QNN_eff_su2_r1_d2_s44;MNIST_QNN_eff_su2_r5_d2_s44;MNIST_QNN_zz_r1_d6_s44;MNIST_QNN_zz_r5_d6_s43
cross_cell_4,4,19,512,zz_r1_d6,MNIST_QNN_zz_r1_d6_s43;MNIST_QNN_zz_r1_d6_s44;MNIST_QNN_zz_r1_d6_s45,MNIST_QNN_eff_su2_r1_d2_s44;MNIST_QNN_eff_su2_r5_d2_s45;MNIST_QNN_z_r1_d6_s44;MNIST_QNN_z_r1_d6_s45
cross_cell_4,4,19,512,zz_r5_d6,MNIST_QNN_zz_r5_d6_s43;MNIST_QNN_zz_r5_d6_s44;MNIST_QNN_zz_r5_d6_s45,MNIST_QNN_eff_su2_r1_d2_s45;MNIST_QNN_eff_su2_r5_d2_s44;MNIST_QNN_z_r1_d6_s44;MNIST_QNN_zz_r1_d6_s44
cross_cell_4,4,20,512,eff_su2_r1_d2,MNIST_QNN_eff_su2_r1_d2_s43;MNIST_QNN_eff_su2_r1_d2_s44;MNIST_QNN_eff_su2_r1_d2_s45,MNIST_QNN_eff_su2_r5_d2_s45;MNIST_QNN_z_r1_d6_s43;MNIST_QNN_zz_r1_d6_s45;MNIST_QNN_zz_r5_d6_s45
cross_cell_4,4,20,512,eff_su2_r5_d2,MNIST_QNN_eff_su2_r5_d2_s43;MNIST_QNN_eff_su2_r5_d2_s44;MNIST_QNN_eff_su2_r5_d2_s45,MNIST_QNN_eff_su2_r1_d2_s45;MNIST_QNN_z_r1_d6_s45;MNIST_QNN_zz_r5_d6_s44;MNIST_QNN_zz_r5_d6_s45
cross_cell_4,4,20,512,z_r1_d6,MNIST_QNN_z_r1_d6_s43;MNIST_QNN_z_r1_d6_s44;MNIST_QNN_z_r1_d6_s45,MNIST_QNN_eff_su2_r1_d2_s44;MNIST_QNN_zz_r1_d6_s43;MNIST_QNN_zz_r1_d6_s44;MNIST_QNN_zz_r1_d6_s45
cross_cell_4,4,20,512,zz_r1_d6,MNIST_QNN_zz_r1_d6_s43;MNIST_QNN_zz_r1_d6_s44;MNIST_QNN_zz_r1_d6_s45,MNIST_QNN_eff_su2_r1_d2_s44;MNIST_QNN_z_r1_d6_s43;MNIST_QNN_z_r1_d6_s45;MNIST_QNN_zz_r5_d6_s43
cross_cell_4,4,20,512,zz_r5_d6,MNIST_QNN_zz_r5_d6_s43;MNIST_QNN_zz_r5_d6_s44;MNIST_QNN_zz_r5_d6_s45,MNIST_QNN_eff_su2_r1_d2_s45;MNIST_QNN_eff_su2_r5_d2_s45;MNIST_QNN_z_r1_d6_s43;MNIST_QNN_zz_r1_d6_s45
cross_cell_4,4,21,512,eff_su2_r1_d2,MNIST_QNN_eff_su2_r1_d2_s43;MNIST_QNN_eff_su2_r1_d2_s44;MNIST_QNN_eff_su2_r1_d2_s45,MNIST_QNN_eff_su2_r5_d2_s45;MNIST_QNN_z_r1_d6_s45;MNIST_QNN_zz_r1_d6_s45;MNIST_QNN_zz_r5_d6_s44
cross_cell_4,4,21,512,eff_su2_r5_d2,MNIST_QNN_eff_su2_r5_d2_s43;MNIST_QNN_eff_su2_r5_d2_s44;MNIST_QNN_eff_su2_r5_d2_s45,MNIST_QNN_eff_su2_r1_d2_s45;MNIST_QNN_zz_r1_d6_s45;MNIST_QNN_zz_r5_d6_s43;MNIST_QNN_zz_r5_d6_s44
cross_cell_4,4,21,512,z_r1_d6,MNIST_QNN_z_r1_d6_s43;MNIST_QNN_z_r1_d6_s44;MNIST_QNN_z_r1_d6_s45,MNIST_QNN_eff_su2_r1_d2_s45;MNIST_QNN_eff_su2_r5_d2_s43;MNIST_QNN_eff_su2_r5_d2_s45;MNIST_QNN_zz_r1_d6_s45
cross_cell_4,4,21,512,zz_r1_d6,MNIST_QNN_zz_r1_d6_s43;MNIST_QNN_zz_r1_d6_s44;MNIST_QNN_zz_r1_d6_s45,MNIST_QNN_eff_su2_r1_d2_s45;MNIST_QNN_eff_su2_r5_d2_s43;MNIST_QNN_z_r1_d6_s43;MNIST_QNN_z_r1_d6_s44
cross_cell_4,4,21,512,zz_r5_d6,MNIST_QNN_zz_r5_d6_s43;MNIST_QNN_zz_r5_d6_s44;MNIST_QNN_zz_r5_d6_s45,MNIST_QNN_eff_su2_r1_d2_s45;MNIST_QNN_z_r1_d6_s44;MNIST_QNN_zz_r1_d6_s44;MNIST_QNN_zz_r1_d6_s45
cross_cell_4,4,22,512,eff_su2_r1_d2,MNIST_QNN_eff_su2_r1_d2_s43;MNIST_QNN_eff_su2_r1_d2_s44;MNIST_QNN_eff_su2_r1_d2_s45,MNIST_QNN_eff_su2_r5_d2_s45;MNIST_QNN_zz_r1_d6_s43;MNIST_QNN_zz_r1_d6_s45;MNIST_QNN_zz_r5_d6_s43
cross_cell_4,4,22,512,eff_su2_r5_d2,MNIST_QNN_eff_su2_r5_d2_s43;MNIST_QNN_eff_su2_r5_d2_s44;MNIST_QNN_eff_su2_r5_d2_s45,MNIST_QNN_z_r1_d6_s43;MNIST_QNN_z_r1_d6_s45;MNIST_QNN_zz_r1_d6_s43;MNIST_QNN_zz_r5_d6_s44
cross_cell_4,4,22,512,z_r1_d6,MNIST_QNN_z_r1_d6_s43;MNIST_QNN_z_r1_d6_s44;MNIST_QNN_z_r1_d6_s45,MNIST_QNN_eff_su2_r1_d2_s45;MNIST_QNN_eff_su2_r5_d2_s44;MNIST_QNN_zz_r1_d6_s45;MNIST_QNN_zz_r5_d6_s45
cross_cell_4,4,22,512,zz_r1_d6,MNIST_QNN_zz_r1_d6_s43;MNIST_QNN_zz_r1_d6_s44;MNIST_QNN_zz_r1_d6_s45,MNIST_QNN_eff_su2_r1_d2_s45;MNIST_QNN_eff_su2_r5_d2_s43;MNIST_QNN_z_r1_d6_s45;MNIST_QNN_zz_r5_d6_s45
cross_cell_4,4,22,512,zz_r5_d6,MNIST_QNN_zz_r5_d6_s43;MNIST_QNN_zz_r5_d6_s44;MNIST_QNN_zz_r5_d6_s45,MNIST_QNN_eff_su2_r5_d2_s43;MNIST_QNN_eff_su2_r5_d2_s45;MNIST_QNN_z_r1_d6_s43;MNIST_QNN_z_r1_d6_s44
cross_cell_4,4,23,512,eff_su2_r1_d2,MNIST_QNN_eff_su2_r1_d2_s43;MNIST_QNN_eff_su2_r1_d2_s44;MNIST_QNN_eff_su2_r1_d2_s45,MNIST_QNN_eff_su2_r5_d2_s45;MNIST_QNN_zz_r1_d6_s45;MNIST_QNN_zz_r5_d6_s43;MNIST_QNN_zz_r5_d6_s44
cross_cell_4,4,23,512,eff_su2_r5_d2,MNIST_QNN_eff_su2_r5_d2_s43;MNIST_QNN_eff_su2_r5_d2_s44;MNIST_QNN_eff_su2_r5_d2_s45,MNIST_QNN_z_r1_d6_s44;MNIST_QNN_z_r1_d6_s45;MNIST_QNN_zz_r1_d6_s43;MNIST_QNN_zz_r5_d6_s44
cross_cell_4,4,23,512,z_r1_d6,MNIST_QNN_z_r1_d6_s43;MNIST_QNN_z_r1_d6_s44;MNIST_QNN_z_r1_d6_s45,MNIST_QNN_eff_su2_r1_d2_s45;MNIST_QNN_eff_su2_r5_d2_s45;MNIST_QNN_zz_r1_d6_s43;MNIST_QNN_zz_r1_d6_s44
cross_cell_4,4,23,512,zz_r1_d6,MNIST_QNN_zz_r1_d6_s43;MNIST_QNN_zz_r1_d6_s44;MNIST_QNN_zz_r1_d6_s45,MNIST_QNN_eff_su2_r1_d2_s45;MNIST_QNN_eff_su2_r5_d2_s44;MNIST_QNN_z_r1_d6_s43;MNIST_QNN_zz_r5_d6_s44
cross_cell_4,4,23,512,zz_r5_d6,MNIST_QNN_zz_r5_d6_s43;MNIST_QNN_zz_r5_d6_s44;MNIST_QNN_zz_r5_d6_s45,MNIST_QNN_eff_su2_r5_d2_s43;MNIST_QNN_eff_su2_r5_d2_s45;MNIST_QNN_z_r1_d6_s43;MNIST_QNN_z_r1_d6_s45
cross_cell_4,4,24,512,eff_su2_r1_d2,MNIST_QNN_eff_su2_r1_d2_s43;MNIST_QNN_eff_su2_r1_d2_s44;MNIST_QNN_eff_su2_r1_d2_s45,MNIST_QNN_z_r1_d6_s43;MNIST_QNN_z_r1_d6_s44;MNIST_QNN_zz_r5_d6_s43;MNIST_QNN_zz_r5_d6_s44
cross_cell_4,4,24,512,eff_su2_r5_d2,MNIST_QNN_eff_su2_r5_d2_s43;MNIST_QNN_eff_su2_r5_d2_s44;MNIST_QNN_eff_su2_r5_d2_s45,MNIST_QNN_z_r1_d6_s44;MNIST_QNN_z_r1_d6_s45;MNIST_QNN_zz_r1_d6_s44;MNIST_QNN_zz_r5_d6_s45
cross_cell_4,4,24,512,z_r1_d6,MNIST_QNN_z_r1_d6_s43;MNIST_QNN_z_r1_d6_s44;MNIST_QNN_z_r1_d6_s45,MNIST_QNN_eff_su2_r1_d2_s45;MNIST_QNN_eff_su2_r5_d2_s45;MNIST_QNN_zz_r5_d6_s44;MNIST_QNN_zz_r5_d6_s45
cross_cell_4,4,24,512,zz_r1_d6,MNIST_QNN_zz_r1_d6_s43;MNIST_QNN_zz_r1_d6_s44;MNIST_QNN_zz_r1_d6_s45,MNIST_QNN_eff_su2_r1_d2_s45;MNIST_QNN_eff_su2_r5_d2_s44;MNIST_QNN_z_r1_d6_s44;MNIST_QNN_z_r1_d6_s45
cross_cell_4,4,24,512,zz_r5_d6,MNIST_QNN_zz_r5_d6_s43;MNIST_QNN_zz_r5_d6_s44;MNIST_QNN_zz_r5_d6_s45,MNIST_QNN_eff_su2_r5_d2_s43;MNIST_QNN_eff_su2_r5_d2_s45;MNIST_QNN_zz_r1_d6_s43;MNIST_QNN_zz_r1_d6_s45
cross_cell_4,4,25,512,eff_su2_r1_d2,MNIST_QNN_eff_su2_r1_d2_s43;MNIST_QNN_eff_su2_r1_d2_s44;MNIST_QNN_eff_su2_r1_d2_s45,MNIST_QNN_z_r1_d6_s43;MNIST_QNN_zz_r1_d6_s43;MNIST_QNN_zz_r5_d6_s43;MNIST_QNN_zz_r5_d6_s45
cross_cell_4,4,25,512,eff_su2_r5_d2,MNIST_QNN_eff_su2_r5_d2_s43;MNIST_QNN_eff_su2_r5_d2_s44;MNIST_QNN_eff_su2_r5_d2_s45,MNIST_QNN_z_r1_d6_s44;MNIST_QNN_zz_r1_d6_s44;MNIST_QNN_zz_r1_d6_s45;MNIST_QNN_zz_r5_d6_s45
cross_cell_4,4,25,512,z_r1_d6,MNIST_QNN_z_r1_d6_s43;MNIST_QNN_z_r1_d6_s44;MNIST_QNN_z_r1_d6_s45,MNIST_QNN_eff_su2_r1_d2_s45;MNIST_QNN_zz_r1_d6_s43;MNIST_QNN_zz_r1_d6_s45;MNIST_QNN_zz_r5_d6_s45
cross_cell_4,4,25,512,zz_r1_d6,MNIST_QNN_zz_r1_d6_s43;MNIST_QNN_zz_r1_d6_s44;MNIST_QNN_zz_r1_d6_s45,MNIST_QNN_eff_su2_r1_d2_s45;MNIST_QNN_eff_su2_r5_d2_s45;MNIST_QNN_z_r1_d6_s43;MNIST_QNN_zz_r5_d6_s45
cross_cell_4,4,25,512,zz_r5_d6,MNIST_QNN_zz_r5_d6_s43;MNIST_QNN_zz_r5_d6_s44;MNIST_QNN_zz_r5_d6_s45,MNIST_QNN_eff_su2_r5_d2_s43;MNIST_QNN_z_r1_d6_s43;MNIST_QNN_z_r1_d6_s45;MNIST_QNN_zz_r1_d6_s43
cross_cell_4,4,26,512,eff_su2_r1_d2,MNIST_QNN_eff_su2_r1_d2_s43;MNIST_QNN_eff_su2_r1_d2_s44;MNIST_QNN_eff_su2_r1_d2_s45,MNIST_QNN_z_r1_d6_s44;MNIST_QNN_z_r1_d6_s45;MNIST_QNN_zz_r1_d6_s43;MNIST_QNN_zz_r5_d6_s45
cross_cell_4,4,26,512,eff_su2_r5_d2,MNIST_QNN_eff_su2_r5_d2_s43;MNIST_QNN_eff_su2_r5_d2_s44;MNIST_QNN_eff_su2_r5_d2_s45,MNIST_QNN_z_r1_d6_s45;MNIST_QNN_zz_r1_d6_s43;MNIST_QNN_zz_r1_d6_s44;MNIST_QNN_zz_r1_d6_s45
cross_cell_4,4,26,512,z_r1_d6,MNIST_QNN_z_r1_d6_s43;MNIST_QNN_z_r1_d6_s44;MNIST_QNN_z_r1_d6_s45,MNIST_QNN_eff_su2_r5_d2_s43;MNIST_QNN_eff_su2_r5_d2_s44;MNIST_QNN_eff_su2_r5_d2_s45;MNIST_QNN_zz_r1_d6_s45
cross_cell_4,4,26,512,zz_r1_d6,MNIST_QNN_zz_r1_d6_s43;MNIST_QNN_zz_r1_d6_s44;MNIST_QNN_zz_r1_d6_s45,MNIST_QNN_eff_su2_r1_d2_s45;MNIST_QNN_eff_su2_r5_d2_s45;MNIST_QNN_z_r1_d6_s45;MNIST_QNN_zz_r5_d6_s43
cross_cell_4,4,26,512,zz_r5_d6,MNIST_QNN_zz_r5_d6_s43;MNIST_QNN_zz_r5_d6_s44;MNIST_QNN_zz_r5_d6_s45,MNIST_QNN_eff_su2_r5_d2_s44;MNIST_QNN_eff_su2_r5_d2_s45;MNIST_QNN_z_r1_d6_s43;MNIST_QNN_z_r1_d6_s45
cross_cell_4,4,27,512,eff_su2_r1_d2,MNIST_QNN_eff_su2_r1_d2_s43;MNIST_QNN_eff_su2_r1_d2_s44;MNIST_QNN_eff_su2_r1_d2_s45,MNIST_QNN_z_r1_d6_s44;MNIST_QNN_z_r1_d6_s45;MNIST_QNN_zz_r1_d6_s45;MNIST_QNN_zz_r5_d6_s43
cross_cell_4,4,27,512,eff_su2_r5_d2,MNIST_QNN_eff_su2_r5_d2_s43;MNIST_QNN_eff_su2_r5_d2_s44;MNIST_QNN_eff_su2_r5_d2_s45,MNIST_QNN_z_r1_d6_s45;MNIST_QNN_zz_r1_d6_s43;MNIST_QNN_zz_r1_d6_s44;MNIST_QNN_zz_r5_d6_s43
cross_cell_4,4,27,512,z_r1_d6,MNIST_QNN_z_r1_d6_s43;MNIST_QNN_z_r1_d6_s44;MNIST_QNN_z_r1_d6_s45,MNIST_QNN_eff_su2_r5_d2_s43;MNIST_QNN_eff_su2_r5_d2_s45;MNIST_QNN_zz_r1_d6_s44;MNIST_QNN_zz_r5_d6_s44
cross_cell_4,4,27,512,zz_r1_d6,MNIST_QNN_zz_r1_d6_s43;MNIST_QNN_zz_r1_d6_s44;MNIST_QNN_zz_r1_d6_s45,MNIST_QNN_eff_su2_r1_d2_s45;MNIST_QNN_z_r1_d6_s43;MNIST_QNN_z_r1_d6_s44;MNIST_QNN_zz_r5_d6_s44
cross_cell_4,4,27,512,zz_r5_d6,MNIST_QNN_zz_r5_d6_s43;MNIST_QNN_zz_r5_d6_s44;MNIST_QNN_zz_r5_d6_s45,MNIST_QNN_eff_su2_r5_d2_s44;MNIST_QNN_z_r1_d6_s44;MNIST_QNN_z_r1_d6_s45;MNIST_QNN_zz_r1_d6_s45
cross_cell_4,4,28,512,eff_su2_r1_d2,MNIST_QNN_eff_su2_r1_d2_s43;MNIST_QNN_eff_su2_r1_d2_s44;MNIST_QNN_eff_su2_r1_d2_s45,MNIST_QNN_z_r1_d6_s44;MNIST_QNN_zz_r1_d6_s43;MNIST_QNN_zz_r5_d6_s43;MNIST_QNN_zz_r5_d6_s44
cross_cell_4,4,28,512,eff_su2_r5_d2,MNIST_QNN_eff_su2_r5_d2_s43;MNIST_QNN_eff_su2_r5_d2_s44;MNIST_QNN_eff_su2_r5_d2_s45,MNIST_QNN_z_r1_d6_s45;MNIST_QNN_zz_r1_d6_s43;MNIST_QNN_zz_r1_d6_s45;MNIST_QNN_zz_r5_d6_s43
cross_cell_4,4,28,512,z_r1_d6,MNIST_QNN_z_r1_d6_s43;MNIST_QNN_z_r1_d6_s44;MNIST_QNN_z_r1_d6_s45,MNIST_QNN_eff_su2_r5_d2_s44;MNIST_QNN_eff_su2_r5_d2_s45;MNIST_QNN_zz_r1_d6_s43;MNIST_QNN_zz_r1_d6_s44
cross_cell_4,4,28,512,zz_r1_d6,MNIST_QNN_zz_r1_d6_s43;MNIST_QNN_zz_r1_d6_s44;MNIST_QNN_zz_r1_d6_s45,MNIST_QNN_eff_su2_r1_d2_s45;MNIST_QNN_z_r1_d6_s44;MNIST_QNN_z_r1_d6_s45;MNIST_QNN_zz_r5_d6_s43
cross_cell_4,4,28,512,zz_r5_d6,MNIST_QNN_zz_r5_d6_s43;MNIST_QNN_zz_r5_d6_s44;MNIST_QNN_zz_r5_d6_s45,MNIST_QNN_eff_su2_r5_d2_s44;MNIST_QNN_z_r1_d6_s44;MNIST_QNN_zz_r1_d6_s44;MNIST_QNN_zz_r1_d6_s45
cross_cell_4,4,29,512,eff_su2_r1_d2,MNIST_QNN_eff_su2_r1_d2_s43;MNIST_QNN_eff_su2_r1_d2_s44;MNIST_QNN_eff_su2_r1_d2_s45,MNIST_QNN_z_r1_d6_s44;MNIST_QNN_zz_r5_d6_s43;MNIST_QNN_zz_r5_d6_s44;MNIST_QNN_zz_r5_d6_s45
cross_cell_4,4,29,512,eff_su2_r5_d2,MNIST_QNN_eff_su2_r5_d2_s43;MNIST_QNN_eff_su2_r5_d2_s44;MNIST_QNN_eff_su2_r5_d2_s45,MNIST_QNN_z_r1_d6_s45;MNIST_QNN_zz_r1_d6_s43;MNIST_QNN_zz_r5_d6_s43;MNIST_QNN_zz_r5_d6_s44
cross_cell_4,4,29,512,z_r1_d6,MNIST_QNN_z_r1_d6_s43;MNIST_QNN_z_r1_d6_s44;MNIST_QNN_z_r1_d6_s45,MNIST_QNN_eff_su2_r5_d2_s44;MNIST_QNN_eff_su2_r5_d2_s45;MNIST_QNN_zz_r5_d6_s43;MNIST_QNN_zz_r5_d6_s44
cross_cell_4,4,29,512,zz_r1_d6,MNIST_QNN_zz_r1_d6_s43;MNIST_QNN_zz_r1_d6_s44;MNIST_QNN_zz_r1_d6_s45,MNIST_QNN_eff_su2_r5_d2_s44;MNIST_QNN_eff_su2_r5_d2_s45;MNIST_QNN_z_r1_d6_s45;MNIST_QNN_zz_r5_d6_s44
cross_cell_4,4,29,512,zz_r5_d6,MNIST_QNN_zz_r5_d6_s43;MNIST_QNN_zz_r5_d6_s44;MNIST_QNN_zz_r5_d6_s45,MNIST_QNN_eff_su2_r5_d2_s44;MNIST_QNN_z_r1_d6_s45;MNIST_QNN_zz_r1_d6_s43;MNIST_QNN_zz_r1_d6_s45
cross_cell_4,4,30,512,eff_su2_r1_d2,MNIST_QNN_eff_su2_r1_d2_s43;MNIST_QNN_eff_su2_r1_d2_s44;MNIST_QNN_eff_su2_r1_d2_s45,MNIST_QNN_z_r1_d6_s45;MNIST_QNN_zz_r1_d6_s43;MNIST_QNN_zz_r1_d6_s44;MNIST_QNN_zz_r5_d6_s44
cross_cell_4,4,30,512,eff_su2_r5_d2,MNIST_QNN_eff_su2_r5_d2_s43;MNIST_QNN_eff_su2_r5_d2_s44;MNIST_QNN_eff_su2_r5_d2_s45,MNIST_QNN_z_r1_d6_s45;MNIST_QNN_zz_r1_d6_s45;MNIST_QNN_zz_r5_d6_s43;MNIST_QNN_zz_r5_d6_s45
cross_cell_4,4,30,512,z_r1_d6,MNIST_QNN_z_r1_d6_s43;MNIST_QNN_z_r1_d6_s44;MNIST_QNN_z_r1_d6_s45,MNIST_QNN_eff_su2_r5_d2_s44;MNIST_QNN_zz_r1_d6_s45;MNIST_QNN_zz_r5_d6_s44;MNIST_QNN_zz_r5_d6_s45
cross_cell_4,4,30,512,zz_r1_d6,MNIST_QNN_zz_r1_d6_s43;MNIST_QNN_zz_r1_d6_s44;MNIST_QNN_zz_r1_d6_s45,MNIST_QNN_eff_su2_r5_d2_s45;MNIST_QNN_z_r1_d6_s43;MNIST_QNN_z_r1_d6_s44;MNIST_QNN_z_r1_d6_s45
cross_cell_4,4,30,512,zz_r5_d6,MNIST_QNN_zz_r5_d6_s43;MNIST_QNN_zz_r5_d6_s44;MNIST_QNN_zz_r5_d6_s45,MNIST_QNN_z_r1_d6_s43;MNIST_QNN_z_r1_d6_s44;MNIST_QNN_z_r1_d6_s45;MNIST_QNN_zz_r1_d6_s43
cross_cell_4,4,31,512,eff_su2_r1_d2,MNIST_QNN_eff_su2_r1_d2_s43;MNIST_QNN_eff_su2_r1_d2_s44;MNIST_QNN_eff_su2_r1_d2_s45,MNIST_QNN_zz_r1_d6_s43;MNIST_QNN_zz_r1_d6_s44;MNIST_QNN_zz_r5_d6_s43;MNIST_QNN_zz_r5_d6_s44
cross_cell_4,4,31,512,eff_su2_r5_d2,MNIST_QNN_eff_su2_r5_d2_s43;MNIST_QNN_eff_su2_r5_d2_s44;MNIST_QNN_eff_su2_r5_d2_s45,MNIST_QNN_z_r1_d6_s45;MNIST_QNN_zz_r5_d6_s43;MNIST_QNN_zz_r5_d6_s44;MNIST_QNN_zz_r5_d6_s45
cross_cell_4,4,31,512,z_r1_d6,MNIST_QNN_z_r1_d6_s43;MNIST_QNN_z_r1_d6_s44;MNIST_QNN_z_r1_d6_s45,MNIST_QNN_eff_su2_r5_d2_s45;MNIST_QNN_zz_r1_d6_s44;MNIST_QNN_zz_r1_d6_s45;MNIST_QNN_zz_r5_d6_s43
cross_cell_4,4,31,512,zz_r1_d6,MNIST_QNN_zz_r1_d6_s43;MNIST_QNN_zz_r1_d6_s44;MNIST_QNN_zz_r1_d6_s45,MNIST_QNN_eff_su2_r5_d2_s45;MNIST_QNN_z_r1_d6_s43;MNIST_QNN_z_r1_d6_s44;MNIST_QNN_zz_r5_d6_s43
cross_cell_4,4,31,512,zz_r5_d6,MNIST_QNN_zz_r5_d6_s43;MNIST_QNN_zz_r5_d6_s44;MNIST_QNN_zz_r5_d6_s45,MNIST_QNN_z_r1_d6_s43;MNIST_QNN_z_r1_d6_s45;MNIST_QNN_zz_r1_d6_s44;MNIST_QNN_zz_r1_d6_s45
cross_cell_8,8,0,512,eff_su2_r1_d2,MNIST_QNN_eff_su2_r1_d2_s43;MNIST_QNN_eff_su2_r1_d2_s44;MNIST_QNN_eff_su2_r1_d2_s45,MNIST_QNN_eff_su2_r5_d2_s43;MNIST_QNN_eff_su2_r5_d2_s44;MNIST_QNN_eff_su2_r5_d2_s45;MNIST_QNN_z_r1_d6_s43;MNIST_QNN_z_r1_d6_s44;MNIST_QNN_z_r1_d6_s45;MNIST_QNN_zz_r1_d6_s44;MNIST_QNN_zz_r5_d6_s44
cross_cell_8,8,0,512,eff_su2_r5_d2,MNIST_QNN_eff_su2_r5_d2_s43;MNIST_QNN_eff_su2_r5_d2_s44;MNIST_QNN_eff_su2_r5_d2_s45,MNIST_QNN_eff_su2_r1_d2_s43;MNIST_QNN_eff_su2_r1_d2_s44;MNIST_QNN_eff_su2_r1_d2_s45;MNIST_QNN_z_r1_d6_s43;MNIST_QNN_z_r1_d6_s45;MNIST_QNN_zz_r1_d6_s43;MNIST_QNN_zz_r1_d6_s45;MNIST_QNN_zz_r5_d6_s44
cross_cell_8,8,0,512,z_r1_d6,MNIST_QNN_z_r1_d6_s43;MNIST_QNN_z_r1_d6_s44;MNIST_QNN_z_r1_d6_s45,MNIST_QNN_eff_su2_r1_d2_s43;MNIST_QNN_eff_su2_r1_d2_s44;MNIST_QNN_eff_su2_r1_d2_s45;MNIST_QNN_eff_su2_r5_d2_s43;MNIST_QNN_eff_su2_r5_d2_s44;MNIST_QNN_zz_r1_d6_s44;MNIST_QNN_zz_r5_d6_s44;MNIST_QNN_zz_r5_d6_s45
cross_cell_8,8,0,512,zz_r1_d6,MNIST_QNN_zz_r1_d6_s43;MNIST_QNN_zz_r1_d6_s44;MNIST_QNN_zz_r1_d6_s45,MNIST_QNN_eff_su2_r1_d2_s43;MNIST_QNN_eff_su2_r1_d2_s44;MNIST_QNN_eff_su2_r1_d2_s45;MNIST_QNN_eff_su2_r5_d2_s43;MNIST_QNN_eff_su2_r5_d2_s44;MNIST_QNN_z_r1_d6_s44;MNIST_QNN_zz_r5_d6_s44;MNIST_QNN_zz_r5_d6_s45
cross_cell_8,8,0,512,zz_r5_d6,MNIST_QNN_zz_r5_d6_s43;MNIST_QNN_zz_r5_d6_s44;MNIST_QNN_zz_r5_d6_s45,MNIST_QNN_eff_su2_r1_d2_s43;MNIST_QNN_eff_su2_r1_d2_s44;MNIST_QNN_eff_su2_r1_d2_s45;MNIST_QNN_eff_su2_r5_d2_s43;MNIST_QNN_eff_su2_r5_d2_s45;MNIST_QNN_zz_r1_d6_s43;MNIST_QNN_zz_r1_d6_s44;MNIST_QNN_zz_r1_d6_s45
cross_cell_8,8,1,512,eff_su2_r1_d2,MNIST_QNN_eff_su2_r1_d2_s43;MNIST_QNN_eff_su2_r1_d2_s44;MNIST_QNN_eff_su2_r1_d2_s45,MNIST_QNN_eff_su2_r5_d2_s43;MNIST_QNN_eff_su2_r5_d2_s44;MNIST_QNN_eff_su2_r5_d2_s45;MNIST_QNN_z_r1_d6_s43;MNIST_QNN_z_r1_d6_s44;MNIST_QNN_z_r1_d6_s45;MNIST_QNN_zz_r5_d6_s43;MNIST_QNN_zz_r5_d6_s44
cross_cell_8,8,1,512,eff_su2_r5_d2,MNIST_QNN_eff_su2_r5_d2_s43;MNIST_QNN_eff_su2_r5_d2_s44;MNIST_QNN_eff_su2_r5_d2_s45,MNIST_QNN_eff_su2_r1_d2_s43;MNIST_QNN_eff_su2_r1_d2_s44;MNIST_QNN_eff_su2_r1_d2_s45;MNIST_QNN_z_r1_d6_s43;MNIST_QNN_z_r1_d6_s45;MNIST_QNN_zz_r1_d6_s43;MNIST_QNN_zz_r5_d6_s43;MNIST_QNN_zz_r5_d6_s45
cross_cell_8,8,1,512,z_r1_d6,MNIST_QNN_z_r1_d6_s43;MNIST_QNN_z_r1_d6_s44;MNIST_QNN_z_r1_d6_s45,MNIST_QNN_eff_su2_r1_d2_s43;MNIST_QNN_eff_su2_r1_d2_s44;MNIST_QNN_eff_su2_r1_d2_s45;MNIST_QNN_eff_su2_r5_d2_s43;MNIST_QNN_eff_su2_r5_d2_s45;MNIST_QNN_zz_r1_d6_s43;MNIST_QNN_zz_r1_d6_s45;MNIST_QNN_zz_r5_d6_s43
cross_cell_8,8,1,512,zz_r1_d6,MNIST_QNN_zz_r1_d6_s43;MNIST_QNN_zz_r1_d6_s44;MNIST_QNN_zz_r1_d6_s45,MNIST_QNN_eff_su2_r1_d2_s43;MNIST_QNN_eff_su2_r1_d2_s44;MNIST_QNN_eff_su2_r1_d2_s45;MNIST_QNN_eff_su2_r5_d2_s43;MNIST_QNN_eff_su2_r5_d2_s45;MNIST_QNN_z_r1_d6_s44;MNIST_QNN_zz_r5_d6_s43;MNIST_QNN_zz_r5_d6_s44
cross_cell_8,8,1,512,zz_r5_d6,MNIST_QNN_zz_r5_d6_s43;MNIST_QNN_zz_r5_d6_s44;MNIST_QNN_zz_r5_d6_s45,MNIST_QNN_eff_su2_r1_d2_s43;MNIST_QNN_eff_su2_r1_d2_s44;MNIST_QNN_eff_su2_r1_d2_s45;MNIST_QNN_eff_su2_r5_d2_s43;MNIST_QNN_z_r1_d6_s44;MNIST_QNN_zz_r1_d6_s43;MNIST_QNN_zz_r1_d6_s44;MNIST_QNN_zz_r1_d6_s45
cross_cell_8,8,2,512,eff_su2_r1_d2,MNIST_QNN_eff_su2_r1_d2_s43;MNIST_QNN_eff_su2_r1_d2_s44;MNIST_QNN_eff_su2_r1_d2_s45,MNIST_QNN_eff_su2_r5_d2_s43;MNIST_QNN_eff_su2_r5_d2_s44;MNIST_QNN_eff_su2_r5_d2_s45;MNIST_QNN_z_r1_d6_s43;MNIST_QNN_z_r1_d6_s45;MNIST_QNN_zz_r1_d6_s44;MNIST_QNN_zz_r5_d6_s44;MNIST_QNN_zz_r5_d6_s45
cross_cell_8,8,2,512,eff_su2_r5_d2,MNIST_QNN_eff_su2_r5_d2_s43;MNIST_QNN_eff_su2_r5_d2_s44;MNIST_QNN_eff_su2_r5_d2_s45,MNIST_QNN_eff_su2_r1_d2_s43;MNIST_QNN_eff_su2_r1_d2_s44;MNIST_QNN_eff_su2_r1_d2_s45;MNIST_QNN_z_r1_d6_s43;MNIST_QNN_z_r1_d6_s45;MNIST_QNN_zz_r1_d6_s43;MNIST_QNN_zz_r5_d6_s44;MNIST_QNN_zz_r5_d6_s45
cross_cell_8,8,2,512,z_r1_d6,MNIST_QNN_z_r1_d6_s43;MNIST_QNN_z_r1_d6_s44;MNIST_QNN_z_r1_d6_s45,MNIST_QNN_eff_su2_r1_d2_s43;MNIST_QNN_eff_su2_r1_d2_s44;MNIST_QNN_eff_su2_r1_d2_s45;MNIST_QNN_eff_su2_r5_d2_s43;MNIST_QNN_eff_su2_r5_d2_s45;MNIST_QNN_zz_r1_d6_s44;MNIST_QNN_zz_r1_d6_s45;MNIST_QNN_zz_r5_d6_s45
cross_cell_8,8,2,512,zz_r1_d6,MNIST_QNN_zz_r1_d6_s43;MNIST_QNN_zz_r1_d6_s44;MNIST_QNN_zz_r1_d6_s45,MNIST_QNN_eff_su2_r1_d2_s43;MNIST_QNN_eff_su2_r1_d2_s44;MNIST_QNN_eff_su2_r1_d2_s45;MNIST_QNN_eff_su2_r5_d2_s43;MNIST_QNN_z_r1_d6_s44;MNIST_QNN_z_r1_d6_s45;MNIST_QNN_zz_r5_d6_s44;MNIST_QNN_zz_r5_d6_s45
cross_cell_8,8,2,512,zz_r5_d6,MNIST_QNN_zz_r5_d6_s43;MNIST_QNN_zz_r5_d6_s44;MNIST_QNN_zz_r5_d6_s45,MNIST_QNN_eff_su2_r1_d2_s43;MNIST_QNN_eff_su2_r1_d2_s44;MNIST_QNN_eff_su2_r1_d2_s45;MNIST_QNN_eff_su2_r5_d2_s44;MNIST_QNN_eff_su2_r5_d2_s45;MNIST_QNN_z_r1_d6_s44;MNIST_QNN_z_r1_d6_s45;MNIST_QNN_zz_r1_d6_s43
cross_cell_8,8,3,512,eff_su2_r1_d2,MNIST_QNN_eff_su2_r1_d2_s43;MNIST_QNN_eff_su2_r1_d2_s44;MNIST_QNN_eff_su2_r1_d2_s45,MNIST_QNN_eff_su2_r5_d2_s43;MNIST_QNN_eff_su2_r5_d2_s44;MNIST_QNN_eff_su2_r5_d2_s45;MNIST_QNN_z_r1_d6_s43;MNIST_QNN_zz_r1_d6_s43;MNIST_QNN_zz_r5_d6_s43;MNIST_QNN_zz_r5_d6_s44;MNIST_QNN_zz_r5_d6_s45
cross_cell_8,8,3,512,eff_su2_r5_d2,MNIST_QNN_eff_su2_r5_d2_s43;MNIST_QNN_eff_su2_r5_d2_s44;MNIST_QNN_eff_su2_r5_d2_s45,MNIST_QNN_eff_su2_r1_d2_s43;MNIST_QNN_eff_su2_r1_d2_s44;MNIST_QNN_eff_su2_r1_d2_s45;MNIST_QNN_z_r1_d6_s43;MNIST_QNN_zz_r1_d6_s43;MNIST_QNN_zz_r1_d6_s45;MNIST_QNN_zz_r5_d6_s43;MNIST_QNN_zz_r5_d6_s45
cross_cell_8,8,3,512,z_r1_d6,MNIST_QNN_z_r1_d6_s43;MNIST_QNN_z_r1_d6_s44;MNIST_QNN_z_r1_d6_s45,MNIST_QNN_eff_su2_r1_d2_s43;MNIST_QNN_eff_su2_r1_d2_s44;MNIST_QNN_eff_su2_r1_d2_s45;MNIST_QNN_eff_su2_r5_d2_s43;MNIST_QNN_eff_su2_r5_d2_s45;MNIST_QNN_zz_r1_d6_s44;MNIST_QNN_zz_r5_d6_s43;MNIST_QNN_zz_r5_d6_s44
cross_cell_8,8,3,512,zz_r1_d6,MNIST_QNN_zz_r1_d6_s43;MNIST_QNN_zz_r1_d6_s44;MNIST_QNN_zz_r1_d6_s45,MNIST_QNN_eff_su2_r1_d2_s43;MNIST_QNN_eff_su2_r1_d2_s44;MNIST_QNN_eff_su2_r1_d2_s45;MNIST_QNN_eff_su2_r5_d2_s44;MNIST_QNN_eff_su2_r5_d2_s45;MNIST_QNN_z_r1_d6_s43;MNIST_QNN_zz_r5_d6_s44;MNIST_QNN_zz_r5_d6_s45
cross_cell_8,8,3,512,zz_r5_d6,MNIST_QNN_zz_r5_d6_s43;MNIST_QNN_zz_r5_d6_s44;MNIST_QNN_zz_r5_d6_s45,MNIST_QNN_eff_su2_r1_d2_s43;MNIST_QNN_eff_su2_r1_d2_s44;MNIST_QNN_eff_su2_r1_d2_s45;MNIST_QNN_eff_su2_r5_d2_s44;MNIST_QNN_eff_su2_r5_d2_s45;MNIST_QNN_z_r1_d6_s44;MNIST_QNN_z_r1_d6_s45;MNIST_QNN_zz_r1_d6_s45
cross_cell_8,8,4,512,eff_su2_r1_d2,MNIST_QNN_eff_su2_r1_d2_s43;MNIST_QNN_eff_su2_r1_d2_s44;MNIST_QNN_eff_su2_r1_d2_s45,MNIST_QNN_eff_su2_r5_d2_s43;MNIST_QNN_eff_su2_r5_d2_s44;MNIST_QNN_eff_su2_r5_d2_s45;MNIST_QNN_z_r1_d6_s43;MNIST_QNN_zz_r1_d6_s44;MNIST_QNN_zz_r1_d6_s45;MNIST_QNN_zz_r5_d6_s44;MNIST_QNN_zz_r5_d6_s45
cross_cell_8,8,4,512,eff_su2_r5_d2,MNIST_QNN_eff_su2_r5_d2_s43;MNIST_QNN_eff_su2_r5_d2_s44;MNIST_QNN_eff_su2_r5_d2_s45,MNIST_QNN_eff_su2_r1_d2_s43;MNIST_QNN_eff_su2_r1_d2_s44;MNIST_QNN_eff_su2_r1_d2_s45;MNIST_QNN_z_r1_d6_s43;MNIST_QNN_zz_r1_d6_s44;MNIST_QNN_zz_r5_d6_s43;MNIST_QNN_zz_r5_d6_s44;MNIST_QNN_zz_r5_d6_s45
cross_cell_8,8,4,512,z_r1_d6,MNIST_QNN_z_r1_d6_s43;MNIST_QNN_z_r1_d6_s44;MNIST_QNN_z_r1_d6_s45,MNIST_QNN_eff_su2_r1_d2_s43;MNIST_QNN_eff_su2_r1_d2_s44;MNIST_QNN_eff_su2_r1_d2_s45;MNIST_QNN_eff_su2_r5_d2_s44;MNIST_QNN_eff_su2_r5_d2_s45;MNIST_QNN_zz_r1_d6_s43;MNIST_QNN_zz_r1_d6_s44;MNIST_QNN_zz_r5_d6_s43
cross_cell_8,8,4,512,zz_r1_d6,MNIST_QNN_zz_r1_d6_s43;MNIST_QNN_zz_r1_d6_s44;MNIST_QNN_zz_r1_d6_s45,MNIST_QNN_eff_su2_r1_d2_s43;MNIST_QNN_eff_su2_r1_d2_s44;MNIST_QNN_eff_su2_r1_d2_s45;MNIST_QNN_eff_su2_r5_d2_s44;MNIST_QNN_eff_su2_r5_d2_s45;MNIST_QNN_zz_r5_d6_s43;MNIST_QNN_zz_r5_d6_s44;MNIST_QNN_zz_r5_d6_s45
cross_cell_8,8,4,512,zz_r5_d6,MNIST_QNN_zz_r5_d6_s43;MNIST_QNN_zz_r5_d6_s44;MNIST_QNN_zz_r5_d6_s45,MNIST_QNN_eff_su2_r1_d2_s43;MNIST_QNN_eff_su2_r1_d2_s44;MNIST_QNN_eff_su2_r1_d2_s45;MNIST_QNN_eff_su2_r5_d2_s44;MNIST_QNN_z_r1_d6_s43;MNIST_QNN_z_r1_d6_s44;MNIST_QNN_z_r1_d6_s45;MNIST_QNN_zz_r1_d6_s44
cross_cell_8,8,5,512,eff_su2_r1_d2,MNIST_QNN_eff_su2_r1_d2_s43;MNIST_QNN_eff_su2_r1_d2_s44;MNIST_QNN_eff_su2_r1_d2_s45,MNIST_QNN_eff_su2_r5_d2_s43;MNIST_QNN_eff_su2_r5_d2_s44;MNIST_QNN_eff_su2_r5_d2_s45;MNIST_QNN_z_r1_d6_s44;MNIST_QNN_z_r1_d6_s45;MNIST_QNN_zz_r1_d6_s43;MNIST_QNN_zz_r1_d6_s44;MNIST_QNN_zz_r5_d6_s44
cross_cell_8,8,5,512,eff_su2_r5_d2,MNIST_QNN_eff_su2_r5_d2_s43;MNIST_QNN_eff_su2_r5_d2_s44;MNIST_QNN_eff_su2_r5_d2_s45,MNIST_QNN_eff_su2_r1_d2_s43;MNIST_QNN_eff_su2_r1_d2_s44;MNIST_QNN_eff_su2_r1_d2_s45;MNIST_QNN_z_r1_d6_s44;MNIST_QNN_z_r1_d6_s45;MNIST_QNN_zz_r1_d6_s43;MNIST_QNN_zz_r1_d6_s44;MNIST_QNN_zz_r5_d6_s43
cross_cell_8,8,5,512,z_r1_d6,MNIST_QNN_z_r1_d6_s43;MNIST_QNN_z_r1_d6_s44;MNIST_QNN_z_r1_d6_s45,MNIST_QNN_eff_su2_r1_d2_s43;MNIST_QNN_eff_su2_r1_d2_s44;MNIST_QNN_eff_su2_r1_d2_s45;MNIST_QNN_eff_su2_r5_d2_s44;MNIST_QNN_eff_su2_r5_d2_s45;MNIST_QNN_zz_r1_d6_s43;MNIST_QNN_zz_r1_d6_s45;MNIST_QNN_zz_r5_d6_s43
cross_cell_8,8,5,512,zz_r1_d6,MNIST_QNN_zz_r1_d6_s43;MNIST_QNN_zz_r1_d6_s44;MNIST_QNN_zz_r1_d6_s45,MNIST_QNN_eff_su2_r1_d2_s43;MNIST_QNN_eff_su2_r1_d2_s44;MNIST_QNN_eff_su2_r1_d2_s45;MNIST_QNN_eff_su2_r5_d2_s45;MNIST_QNN_z_r1_d6_s43;MNIST_QNN_z_r1_d6_s45;MNIST_QNN_zz_r5_d6_s43;MNIST_QNN_zz_r5_d6_s44
cross_cell_8,8,5,512,zz_r5_d6,MNIST_QNN_zz_r5_d6_s43;MNIST_QNN_zz_r5_d6_s44;MNIST_QNN_zz_r5_d6_s45,MNIST_QNN_eff_su2_r1_d2_s43;MNIST_QNN_eff_su2_r1_d2_s44;MNIST_QNN_eff_su2_r1_d2_s45;MNIST_QNN_eff_su2_r5_d2_s45;MNIST_QNN_z_r1_d6_s43;MNIST_QNN_z_r1_d6_s44;MNIST_QNN_zz_r1_d6_s43;MNIST_QNN_zz_r1_d6_s44
cross_cell_8,8,6,512,eff_su2_r1_d2,MNIST_QNN_eff_su2_r1_d2_s43;MNIST_QNN_eff_su2_r1_d2_s44;MNIST_QNN_eff_su2_r1_d2_s45,MNIST_QNN_eff_su2_r5_d2_s43;MNIST_QNN_eff_su2_r5_d2_s44;MNIST_QNN_eff_su2_r5_d2_s45;MNIST_QNN_z_r1_d6_s44;MNIST_QNN_z_r1_d6_s45;MNIST_QNN_zz_r1_d6_s44;MNIST_QNN_zz_r5_d6_s43;MNIST_QNN_zz_r5_d6_s45
cross_cell_8,8,6,512,eff_su2_r5_d2,MNIST_QNN_eff_su2_r5_d2_s43;MNIST_QNN_eff_su2_r5_d2_s44;MNIST_QNN_eff_su2_r5_d2_s45,MNIST_QNN_eff_su2_r1_d2_s43;MNIST_QNN_eff_su2_r1_d2_s44;MNIST_QNN_eff_su2_r1_d2_s45;MNIST_QNN_z_r1_d6_s44;MNIST_QNN_z_r1_d6_s45;MNIST_QNN_zz_r1_d6_s43;MNIST_QNN_zz_r1_d6_s44;MNIST_QNN_zz_r5_d6_s45
cross_cell_8,8,6,512,z_r1_d6,MNIST_QNN_z_r1_d6_s43;MNIST_QNN_z_r1_d6_s44;MNIST_QNN_z_r1_d6_s45,MNIST_QNN_eff_su2_r1_d2_s43;MNIST_QNN_eff_su2_r1_d2_s44;MNIST_QNN_eff_su2_r1_d2_s45;MNIST_QNN_eff_su2_r5_d2_s44;MNIST_QNN_eff_su2_r5_d2_s45;MNIST_QNN_zz_r1_d6_s44;MNIST_QNN_zz_r5_d6_s43;MNIST_QNN_zz_r5_d6_s44
cross_cell_8,8,6,512,zz_r1_d6,MNIST_QNN_zz_r1_d6_s43;MNIST_QNN_zz_r1_d6_s44;MNIST_QNN_zz_r1_d6_s45,MNIST_QNN_eff_su2_r1_d2_s43;MNIST_QNN_eff_su2_r1_d2_s44;MNIST_QNN_eff_su2_r5_d2_s43;MNIST_QNN_eff_su2_r5_d2_s44;MNIST_QNN_z_r1_d6_s43;MNIST_QNN_z_r1_d6_s44;MNIST_QNN_zz_r5_d6_s43;MNIST_QNN_zz_r5_d6_s44
cross_cell_8,8,6,512,zz_r5_d6,MNIST_QNN_zz_r5_d6_s43;MNIST_QNN_zz_r5_d6_s44;MNIST_QNN_zz_r5_d6_s45,MNIST_QNN_eff_su2_r1_d2_s43;MNIST_QNN_eff_su2_r1_d2_s44;MNIST_QNN_eff_su2_r5_d2_s43;MNIST_QNN_eff_su2_r5_d2_s44;MNIST_QNN_z_r1_d6_s43;MNIST_QNN_z_r1_d6_s44;MNIST_QNN_z_r1_d6_s45;MNIST_QNN_zz_r1_d6_s44
cross_cell_8,8,7,512,eff_su2_r1_d2,MNIST_QNN_eff_su2_r1_d2_s43;MNIST_QNN_eff_su2_r1_d2_s44;MNIST_QNN_eff_su2_r1_d2_s45,MNIST_QNN_eff_su2_r5_d2_s43;MNIST_QNN_eff_su2_r5_d2_s44;MNIST_QNN_eff_su2_r5_d2_s45;MNIST_QNN_z_r1_d6_s44;MNIST_QNN_zz_r1_d6_s43;MNIST_QNN_zz_r1_d6_s44;MNIST_QNN_zz_r1_d6_s45;MNIST_QNN_zz_r5_d6_s45
cross_cell_8,8,7,512,eff_su2_r5_d2,MNIST_QNN_eff_su2_r5_d2_s43;MNIST_QNN_eff_su2_r5_d2_s44;MNIST_QNN_eff_su2_r5_d2_s45,MNIST_QNN_eff_su2_r1_d2_s43;MNIST_QNN_eff_su2_r1_d2_s44;MNIST_QNN_eff_su2_r1_d2_s45;MNIST_QNN_z_r1_d6_s44;MNIST_QNN_z_r1_d6_s45;MNIST_QNN_zz_r1_d6_s45;MNIST_QNN_zz_r5_d6_s44;MNIST_QNN_zz_r5_d6_s45
cross_cell_8,8,7,512,z_r1_d6,MNIST_QNN_z_r1_d6_s43;MNIST_QNN_z_r1_d6_s44;MNIST_QNN_z_r1_d6_s45,MNIST_QNN_eff_su2_r1_d2_s43;MNIST_QNN_eff_su2_r1_d2_s44;MNIST_QNN_eff_su2_r1_d2_s45;MNIST_QNN_eff_su2_r5_d2_s44;MNIST_QNN_zz_r1_d6_s43;MNIST_QNN_zz_r1_d6_s44;MNIST_QNN_zz_r5_d6_s43;MNIST_QNN_zz_r5_d6_s44
cross_cell_8,8,7,512,zz_r1_d6,MNIST_QNN_zz_r1_d6_s43;MNIST_QNN_zz_r1_d6_s44;MNIST_QNN_zz_r1_d6_s45,MNIST_QNN_eff_su2_r1_d2_s43;MNIST_QNN_eff_su2_r1_d2_s44;MNIST_QNN_eff_su2_r5_d2_s43;MNIST_QNN_z_r1_d6_s44;MNIST_QNN_z_r1_d6_s45;MNIST_QNN_zz_r5_d6_s43;MNIST_QNN_zz_r5_d6_s44;MNIST_QNN_zz_r5_d6_s45
cross_cell_8,8,7,512,zz_r5_d6,MNIST_QNN_zz_r5_d6_s43;MNIST_QNN_zz_r5_d6_s44;MNIST_QNN_zz_r5_d6_s45,MNIST_QNN_eff_su2_r1_d2_s43;MNIST_QNN_eff_su2_r1_d2_s44;MNIST_QNN_eff_su2_r5_d2_s43;MNIST_QNN_eff_su2_r5_d2_s45;MNIST_QNN_z_r1_d6_s43;MNIST_QNN_z_r1_d6_s44;MNIST_QNN_z_r1_d6_s45;MNIST_QNN_zz_r1_d6_s45
cross_cell_8,8,8,512,eff_su2_r1_d2,MNIST_QNN_eff_su2_r1_d2_s43;MNIST_QNN_eff_su2_r1_d2_s44;MNIST_QNN_eff_su2_r1_d2_s45,MNIST_QNN_eff_su2_r5_d2_s43;MNIST_QNN_eff_su2_r5_d2_s44;MNIST_QNN_eff_su2_r5_d2_s45;MNIST_QNN_z_r1_d6_s45;MNIST_QNN_zz_r1_d6_s43;MNIST_QNN_zz_r1_d6_s44;MNIST_QNN_zz_r5_d6_s44;MNIST_QNN_zz_r5_d6_s45
cross_cell_8,8,8,512,eff_su2_r5_d2,MNIST_QNN_eff_su2_r5_d2_s43;MNIST_QNN_eff_su2_r5_d2_s44;MNIST_QNN_eff_su2_r5_d2_s45,MNIST_QNN_eff_su2_r1_d2_s43;MNIST_QNN_eff_su2_r1_d2_s44;MNIST_QNN_eff_su2_r1_d2_s45;MNIST_QNN_z_r1_d6_s44;MNIST_QNN_zz_r1_d6_s43;MNIST_QNN_zz_r1_d6_s45;MNIST_QNN_zz_r5_d6_s44;MNIST_QNN_zz_r5_d6_s45
cross_cell_8,8,8,512,z_r1_d6,MNIST_QNN_z_r1_d6_s43;MNIST_QNN_z_r1_d6_s44;MNIST_QNN_z_r1_d6_s45,MNIST_QNN_eff_su2_r1_d2_s43;MNIST_QNN_eff_su2_r1_d2_s44;MNIST_QNN_eff_su2_r1_d2_s45;MNIST_QNN_eff_su2_r5_d2_s44;MNIST_QNN_zz_r1_d6_s44;MNIST_QNN_zz_r1_d6_s45;MNIST_QNN_zz_r5_d6_s43;MNIST_QNN_zz_r5_d6_s45
cross_cell_8,8,8,512,zz_r1_d6,MNIST_QNN_zz_r1_d6_s43;MNIST_QNN_zz_r1_d6_s44;MNIST_QNN_zz_r1_d6_s45,MNIST_QNN_eff_su2_r1_d2_s43;MNIST_QNN_eff_su2_r1_d2_s44;MNIST_QNN_eff_su2_r5_d2_s44;MNIST_QNN_eff_su2_r5_d2_s45;MNIST_QNN_z_r1_d6_s43;MNIST_QNN_z_r1_d6_s44;MNIST_QNN_z_r1_d6_s45;MNIST_QNN_zz_r5_d6_s44
cross_cell_8,8,8,512,zz_r5_d6,MNIST_QNN_zz_r5_d6_s43;MNIST_QNN_zz_r5_d6_s44;MNIST_QNN_zz_r5_d6_s45,MNIST_QNN_eff_su2_r1_d2_s43;MNIST_QNN_eff_su2_r1_d2_s44;MNIST_QNN_eff_su2_r5_d2_s44;MNIST_QNN_eff_su2_r5_d2_s45;MNIST_QNN_z_r1_d6_s43;MNIST_QNN_z_r1_d6_s44;MNIST_QNN_zz_r1_d6_s43;MNIST_QNN_zz_r1_d6_s44
cross_cell_8,8,9,512,eff_su2_r1_d2,MNIST_QNN_eff_su2_r1_d2_s43;MNIST_QNN_eff_su2_r1_d2_s44;MNIST_QNN_eff_su2_r1_d2_s45,MNIST_QNN_eff_su2_r5_d2_s43;MNIST_QNN_eff_su2_r5_d2_s44;MNIST_QNN_eff_su2_r5_d2_s45;MNIST_QNN_zz_r1_d6_s43;MNIST_QNN_zz_r1_d6_s44;MNIST_QNN_zz_r1_d6_s45;MNIST_QNN_zz_r5_d6_s43;MNIST_QNN_zz_r5_d6_s44
cross_cell_8,8,9,512,eff_su2_r5_d2,MNIST_QNN_eff_su2_r5_d2_s43;MNIST_QNN_eff_su2_r5_d2_s44;MNIST_QNN_eff_su2_r5_d2_s45,MNIST_QNN_eff_su2_r1_d2_s43;MNIST_QNN_eff_su2_r1_d2_s44;MNIST_QNN_eff_su2_r1_d2_s45;MNIST_QNN_z_r1_d6_s45;MNIST_QNN_zz_r1_d6_s43;MNIST_QNN_zz_r1_d6_s44;MNIST_QNN_zz_r1_d6_s45;MNIST_QNN_zz_r5_d6_s45
cross_cell_8,8,9,512,z_r1_d6,MNIST_QNN_z_r1_d6_s43;MNIST_QNN_z_r1_d6_s44;MNIST_QNN_z_r1_d6_s45,MNIST_QNN_eff_su2_r1_d2_s43;MNIST_QNN_eff_su2_r1_d2_s44;MNIST_QNN_eff_su2_r1_d2_s45;MNIST_QNN_eff_su2_r5_d2_s45;MNIST_QNN_zz_r1_d6_s44;MNIST_QNN_zz_r5_d6_s43;MNIST_QNN_zz_r5_d6_s44;MNIST_QNN_zz_r5_d6_s45
cross_cell_8,8,9,512,zz_r1_d6,MNIST_QNN_zz_r1_d6_s43;MNIST_QNN_zz_r1_d6_s44;MNIST_QNN_zz_r1_d6_s45,MNIST_QNN_eff_su2_r1_d2_s43;MNIST_QNN_eff_su2_r1_d2_s44;MNIST_QNN_eff_su2_r5_d2_s44;MNIST_QNN_eff_su2_r5_d2_s45;MNIST_QNN_z_r1_d6_s44;MNIST_QNN_zz_r5_d6_s43;MNIST_QNN_zz_r5_d6_s44;MNIST_QNN_zz_r5_d6_s45
cross_cell_8,8,9,512,zz_r5_d6,MNIST_QNN_zz_r5_d6_s43;MNIST_QNN_zz_r5_d6_s44;MNIST_QNN_zz_r5_d6_s45,MNIST_QNN_eff_su2_r1_d2_s43;MNIST_QNN_eff_su2_r1_d2_s44;MNIST_QNN_eff_su2_r5_d2_s44;MNIST_QNN_eff_su2_r5_d2_s45;MNIST_QNN_z_r1_d6_s43;MNIST_QNN_z_r1_d6_s44;MNIST_QNN_zz_r1_d6_s43;MNIST_QNN_zz_r1_d6_s45
cross_cell_8,8,10,512,eff_su2_r1_d2,MNIST_QNN_eff_su2_r1_d2_s43;MNIST_QNN_eff_su2_r1_d2_s44;MNIST_QNN_eff_su2_r1_d2_s45,MNIST_QNN_eff_su2_r5_d2_s43;MNIST_QNN_eff_su2_r5_d2_s44;MNIST_QNN_z_r1_d6_s43;MNIST_QNN_z_r1_d6_s44;MNIST_QNN_zz_r1_d6_s43;MNIST_QNN_zz_r1_d6_s45;MNIST_QNN_zz_r5_d6_s43;MNIST_QNN_zz_r5_d6_s44
cross_cell_8,8,10,512,eff_su2_r5_d2,MNIST_QNN_eff_su2_r5_d2_s43;MNIST_QNN_eff_su2_r5_d2_s44;MNIST_QNN_eff_su2_r5_d2_s45,MNIST_QNN_eff_su2_r1_d2_s43;MNIST_QNN_eff_su2_r1_d2_s44;MNIST_QNN_eff_su2_r1_d2_s45;MNIST_QNN_z_r1_d6_s45;MNIST_QNN_zz_r1_d6_s43;MNIST_QNN_zz_r1_d6_s45;MNIST_QNN_zz_r5_d6_s44;MNIST_QNN_zz_r5_d6_s45
cross_cell_8,8,10,512,z_r1_d6,MNIST_QNN_z_r1_d6_s43;MNIST_QNN_z_r1_d6_s44;MNIST_QNN_z_r1_d6_s45,MNIST_QNN_eff_su2_r1_d2_s43;MNIST_QNN_eff_su2_r1_d2_s44;MNIST_QNN_eff_su2_r5_d2_s43;MNIST_QNN_eff_su2_r5_d2_s44;MNIST_QNN_eff_su2_r5_d2_s45;MNIST_QNN_zz_r1_d6_s44;MNIST_QNN_zz_r5_d6_s43;MNIST_QNN_zz_r5_d6_s44
cross_cell_8,8,10,512,zz_r1_d6,MNIST_QNN_zz_r1_d6_s43;MNIST_QNN_zz_r1_d6_s44;MNIST_QNN_zz_r1_d6_s45,MNIST_QNN_eff_su2_r1_d2_s43;MNIST_QNN_eff_su2_r1_d2_s44;MNIST_QNN_eff_su2_r5_d2_s44;MNIST_QNN_z_r1_d6_s43;MNIST_QNN_z_r1_d6_s44;MNIST_QNN_z_r1_d6_s45;MNIST_QNN_zz_r5_d6_s43;MNIST_QNN_zz_r5_d6_s44
cross_cell_8,8,10,512,zz_r5_d6,MNIST_QNN_zz_r5_d6_s43;MNIST_QNN_zz_r5_d6_s44;MNIST_QNN_zz_r5_d6_s45,MNIST_QNN_eff_su2_r1_d2_s43;MNIST_QNN_eff_su2_r1_d2_s44;MNIST_QNN_eff_su2_r5_d2_s45;MNIST_QNN_z_r1_d6_s43;MNIST_QNN_z_r1_d6_s44;MNIST_QNN_z_r1_d6_s45;MNIST_QNN_zz_r1_d6_s43;MNIST_QNN_zz_r1_d6_s44
cross_cell_8,8,11,512,eff_su2_r1_d2,MNIST_QNN_eff_su2_r1_d2_s43;MNIST_QNN_eff_su2_r1_d2_s44;MNIST_QNN_eff_su2_r1_d2_s45,MNIST_QNN_eff_su2_r5_d2_s43;MNIST_QNN_eff_su2_r5_d2_s44;MNIST_QNN_z_r1_d6_s43;MNIST_QNN_z_r1_d6_s44;MNIST_QNN_zz_r1_d6_s44;MNIST_QNN_zz_r1_d6_s45;MNIST_QNN_zz_r5_d6_s44;MNIST_QNN_zz_r5_d6_s45
cross_cell_8,8,11,512,eff_su2_r5_d2,MNIST_QNN_eff_su2_r5_d2_s43;MNIST_QNN_eff_su2_r5_d2_s44;MNIST_QNN_eff_su2_r5_d2_s45,MNIST_QNN_eff_su2_r1_d2_s43;MNIST_QNN_eff_su2_r1_d2_s44;MNIST_QNN_eff_su2_r1_d2_s45;MNIST_QNN_z_r1_d6_s45;MNIST_QNN_zz_r1_d6_s44;MNIST_QNN_zz_r1_d6_s45;MNIST_QNN_zz_r5_d6_s43;MNIST_QNN_zz_r5_d6_s45
cross_cell_8,8,11,512,z_r1_d6,MNIST_QNN_z_r1_d6_s43;MNIST_QNN_z_r1_d6_s44;MNIST_QNN_z_r1_d6_s45,MNIST_QNN_eff_su2_r1_d2_s43;MNIST_QNN_eff_su2_r1_d2_s44;MNIST_QNN_eff_su2_r5_d2_s43;MNIST_QNN_eff_su2_r5_d2_s44;MNIST_QNN_eff_su2_r5_d2_s45;MNIST_QNN_zz_r5_d6_s43;MNIST_QNN_zz_r5_d6_s44;MNIST_QNN_zz_r5_d6_s45
cross_cell_8,8,11,512,zz_r1_d6,MNIST_QNN_zz_r1_d6_s43;MNIST_QNN_zz_r1_d6_s44;MNIST_QNN_zz_r1_d6_s45,MNIST_QNN_eff_su2_r1_d2_s43;MNIST_QNN_eff_su2_r1_d2_s45;MNIST_QNN_eff_su2_r5_d2_s43;MNIST_QNN_eff_su2_r5_d2_s44;MNIST_QNN_eff_su2_r5_d2_s45;MNIST_QNN_z_r1_d6_s43;MNIST_QNN_zz_r5_d6_s43;MNIST_QNN_zz_r5_d6_s44
cross_cell_8,8,11,512,zz_r5_d6,MNIST_QNN_zz_r5_d6_s43;MNIST_QNN_zz_r5_d6_s44;MNIST_QNN_zz_r5_d6_s45,MNIST_QNN_eff_su2_r1_d2_s43;MNIST_QNN_eff_su2_r1_d2_s45;MNIST_QNN_eff_su2_r5_d2_s43;MNIST_QNN_eff_su2_r5_d2_s44;MNIST_QNN_eff_su2_r5_d2_s45;MNIST_QNN_z_r1_d6_s43;MNIST_QNN_zz_r1_d6_s43;MNIST_QNN_zz_r1_d6_s45
cross_cell_8,8,12,512,eff_su2_r1_d2,MNIST_QNN_eff_su2_r1_d2_s43;MNIST_QNN_eff_su2_r1_d2_s44;MNIST_QNN_eff_su2_r1_d2_s45,MNIST_QNN_eff_su2_r5_d2_s43;MNIST_QNN_eff_su2_r5_d2_s44;MNIST_QNN_z_r1_d6_s43;MNIST_QNN_z_r1_d6_s45;MNIST_QNN_zz_r1_d6_s43;MNIST_QNN_zz_r1_d6_s45;MNIST_QNN_zz_r5_d6_s43;MNIST_QNN_zz_r5_d6_s44
cross_cell_8,8,12,512,eff_su2_r5_d2,MNIST_QNN_eff_su2_r5_d2_s43;MNIST_QNN_eff_su2_r5_d2_s44;MNIST_QNN_eff_su2_r5_d2_s45,MNIST_QNN_eff_su2_r1_d2_s43;MNIST_QNN_eff_su2_r1_d2_s44;MNIST_QNN_eff_su2_r1_d2_s45;MNIST_QNN_zz_r1_d6_s43;MNIST_QNN_zz_r1_d6_s44;MNIST_QNN_zz_r1_d6_s45;MNIST_QNN_zz_r5_d6_s44;MNIST_QNN_zz_r5_d6_s45
cross_cell_8,8,12,512,z_r1_d6,MNIST_QNN_z_r1_d6_s43;MNIST_QNN_z_r1_d6_s44;MNIST_QNN_z_r1_d6_s45,MNIST_QNN_eff_su2_r1_d2_s43;MNIST_QNN_eff_su2_r1_d2_s44;MNIST_QNN_eff_su2_r5_d2_s43;MNIST_QNN_eff_su2_r5_d2_s45;MNIST_QNN_zz_r1_d6_s43;MNIST_QNN_zz_r1_d6_s44;MNIST_QNN_zz_r1_d6_s45;MNIST_QNN_zz_r5_d6_s45
cross_cell_8,8,12,512,zz_r1_d6,MNIST_QNN_zz_r1_d6_s43;MNIST_QNN_zz_r1_d6_s44;MNIST_QNN_zz_r1_d6_s45,MNIST_QNN_eff_su2_r1_d2_s43;MNIST_QNN_eff_su2_r1_d2_s45;MNIST_QNN_eff_su2_r5_d2_s43;MNIST_QNN_eff_su2_r5_d2_s44;MNIST_QNN_eff_su2_r5_d2_s45;MNIST_QNN_z_r1_d6_s43;MNIST_QNN_zz_r5_d6_s43;MNIST_QNN_zz_r5_d6_s45
cross_cell_8,8,12,512,zz_r5_d6,MNIST_QNN_zz_r5_d6_s43;MNIST_QNN_zz_r5_d6_s44;MNIST_QNN_zz_r5_d6_s45,MNIST_QNN_eff_su2_r1_d2_s43;MNIST_QNN_eff_su2_r1_d2_s45;MNIST_QNN_eff_su2_r5_d2_s43;MNIST_QNN_eff_su2_r5_d2_s44;MNIST_QNN_eff_su2_r5_d2_s45;MNIST_QNN_zz_r1_d6_s43;MNIST_QNN_zz_r1_d6_s44;MNIST_QNN_zz_r1_d6_s45
cross_cell_8,8,13,512,eff_su2_r1_d2,MNIST_QNN_eff_su2_r1_d2_s43;MNIST_QNN_eff_su2_r1_d2_s44;MNIST_QNN_eff_su2_r1_d2_s45,MNIST_QNN_eff_su2_r5_d2_s43;MNIST_QNN_eff_su2_r5_d2_s44;MNIST_QNN_z_r1_d6_s44;MNIST_QNN_z_r1_d6_s45;MNIST_QNN_zz_r1_d6_s45;MNIST_QNN_zz_r5_d6_s43;MNIST_QNN_zz_r5_d6_s44;MNIST_QNN_zz_r5_d6_s45
cross_cell_8,8,13,512,eff_su2_r5_d2,MNIST_QNN_eff_su2_r5_d2_s43;MNIST_QNN_eff_su2_r5_d2_s44;MNIST_QNN_eff_su2_r5_d2_s45,MNIST_QNN_eff_su2_r1_d2_s43;MNIST_QNN_eff_su2_r1_d2_s44;MNIST_QNN_z_r1_d6_s43;MNIST_QNN_z_r1_d6_s44;MNIST_QNN_z_r1_d6_s45;MNIST_QNN_zz_r1_d6_s43;MNIST_QNN_zz_r1_d6_s44;MNIST_QNN_zz_r1_d6_s45
cross_cell_8,8,13,512,z_r1_d6,MNIST_QNN_z_r1_d6_s43;MNIST_QNN_z_r1_d6_s44;MNIST_QNN_z_r1_d6_s45,MNIST_QNN_eff_su2_r1_d2_s43;MNIST_QNN_eff_su2_r1_d2_s44;MNIST_QNN_eff_su2_r5_d2_s43;MNIST_QNN_zz_r1_d6_s43;MNIST_QNN_zz_r1_d6_s45;MNIST_QNN_zz_r5_d6_s43;MNIST_QNN_zz_r5_d6_s44;MNIST_QNN_zz_r5_d6_s45
cross_cell_8,8,13,512,zz_r1_d6,MNIST_QNN_zz_r1_d6_s43;MNIST_QNN_zz_r1_d6_s44;MNIST_QNN_zz_r1_d6_s45,MNIST_QNN_eff_su2_r1_d2_s43;MNIST_QNN_eff_su2_r1_d2_s45;MNIST_QNN_eff_su2_r5_d2_s43;MNIST_QNN_eff_su2_r5_d2_s44;MNIST_QNN_eff_su2_r5_d2_s45;MNIST_QNN_z_r1_d6_s45;MNIST_QNN_zz_r5_d6_s44;MNIST_QNN_zz_r5_d6_s45
cross_cell_8,8,13,512,zz_r5_d6,MNIST_QNN_zz_r5_d6_s43;MNIST_QNN_zz_r5_d6_s44;MNIST_QNN_zz_r5_d6_s45,MNIST_QNN_eff_su2_r1_d2_s43;MNIST_QNN_eff_su2_r1_d2_s45;MNIST_QNN_eff_su2_r5_d2_s43;MNIST_QNN_eff_su2_r5_d2_s44;MNIST_QNN_z_r1_d6_s43;MNIST_QNN_z_r1_d6_s45;MNIST_QNN_zz_r1_d6_s43;MNIST_QNN_zz_r1_d6_s44
cross_cell_8,8,14,512,eff_su2_r1_d2,MNIST_QNN_eff_su2_r1_d2_s43;MNIST_QNN_eff_su2_r1_d2_s44;MNIST_QNN_eff_su2_r1_d2_s45,MNIST_QNN_eff_su2_r5_d2_s43;MNIST_QNN_eff_su2_r5_d2_s44;MNIST_QNN_z_r1_d6_s44;MNIST_QNN_zz_r1_d6_s43;MNIST_QNN_zz_r1_d6_s44;MNIST_QNN_zz_r1_d6_s45;MNIST_QNN_zz_r5_d6_s44;MNIST_QNN_zz_r5_d6_s45
cross_cell_8,8,14,512,eff_su2_r5_d2,MNIST_QNN_eff_su2_r5_d2_s43;MNIST_QNN_eff_su2_r5_d2_s44;MNIST_QNN_eff_su2_r5_d2_s45,MNIST_QNN_eff_su2_r1_d2_s43;MNIST_QNN_eff_su2_r1_d2_s44;MNIST_QNN_z_r1_d6_s43;MNIST_QNN_z_r1_d6_s44;MNIST_QNN_zz_r1_d6_s43;MNIST_QNN_zz_r5_d6_s43;MNIST_QNN_zz_r5_d6_s44;MNIST_QNN_zz_r5_d6_s45
cross_cell_8,8,14,512,z_r1_d6,MNIST_QNN_z_r1_d6_s43;MNIST_QNN_z_r1_d6_s44;MNIST_QNN_z_r1_d6_s45,MNIST_QNN_eff_su2_r1_d2_s43;MNIST_QNN_eff_su2_r1_d2_s45;MNIST_QNN_eff_su2_r5_d2_s43;MNIST_QNN_eff_su2_r5_d2_s44;MNIST_QNN_zz_r1_d6_s43;MNIST_QNN_zz_r5_d6_s43;MNIST_QNN_zz_r5_d6_s44;MNIST_QNN_zz_r5_d6_s45
cross_cell_8,8,14,512,zz_r1_d6,MNIST_QNN_zz_r1_d6_s43;MNIST_QNN_zz_r1_d6_s44;MNIST_QNN_zz_r1_d6_s45,MNIST_QNN_eff_su2_r1_d2_s43;MNIST_QNN_eff_su2_r1_d2_s45;MNIST_QNN_eff_su2_r5_d2_s43;MNIST_QNN_eff_su2_r5_d2_s44;MNIST_QNN_z_r1_d6_s43;MNIST_QNN_z_r1_d6_s44;MNIST_QNN_z_r1_d6_s45;MNIST_QNN_zz_r5_d6_s45
cross_cell_8,8,14,512,zz_r5_d6,MNIST_QNN_zz_r5_d6_s43;MNIST_QNN_zz_r5_d6_s44;MNIST_QNN_zz_r5_d6_s45,MNIST_QNN_eff_su2_r1_d2_s43;MNIST_QNN_eff_su2_r1_d2_s45;MNIST_QNN_eff_su2_r5_d2_s43;MNIST_QNN_eff_su2_r5_d2_s44;MNIST_QNN_z_r1_d6_s43;MNIST_QNN_z_r1_d6_s45;MNIST_QNN_zz_r1_d6_s43;MNIST_QNN_zz_r1_d6_s45
cross_cell_8,8,15,512,eff_su2_r1_d2,MNIST_QNN_eff_su2_r1_d2_s43;MNIST_QNN_eff_su2_r1_d2_s44;MNIST_QNN_eff_su2_r1_d2_s45,MNIST_QNN_eff_su2_r5_d2_s43;MNIST_QNN_eff_su2_r5_d2_s44;MNIST_QNN_zz_r1_d6_s43;MNIST_QNN_zz_r1_d6_s44;MNIST_QNN_zz_r1_d6_s45;MNIST_QNN_zz_r5_d6_s43;MNIST_QNN_zz_r5_d6_s44;MNIST_QNN_zz_r5_d6_s45
cross_cell_8,8,15,512,eff_su2_r5_d2,MNIST_QNN_eff_su2_r5_d2_s43;MNIST_QNN_eff_su2_r5_d2_s44;MNIST_QNN_eff_su2_r5_d2_s45,MNIST_QNN_eff_su2_r1_d2_s43;MNIST_QNN_eff_su2_r1_d2_s44;MNIST_QNN_z_r1_d6_s43;MNIST_QNN_z_r1_d6_s45;MNIST_QNN_zz_r1_d6_s44;MNIST_QNN_zz_r1_d6_s45;MNIST_QNN_zz_r5_d6_s44;MNIST_QNN_zz_r5_d6_s45
cross_cell_8,8,15,512,z_r1_d6,MNIST_QNN_z_r1_d6_s43;MNIST_QNN_z_r1_d6_s44;MNIST_QNN_z_r1_d6_s45,MNIST_QNN_eff_su2_r1_d2_s43;MNIST_QNN_eff_su2_r1_d2_s45;MNIST_QNN_eff_su2_r5_d2_s43;MNIST_QNN_eff_su2_r5_d2_s44;MNIST_QNN_zz_r1_d6_s44;MNIST_QNN_zz_r1_d6_s45;MNIST_QNN_zz_r5_d6_s43;MNIST_QNN_zz_r5_d6_s45
cross_cell_8,8,15,512,zz_r1_d6,MNIST_QNN_zz_r1_d6_s43;MNIST_QNN_zz_r1_d6_s44;MNIST_QNN_zz_r1_d6_s45,MNIST_QNN_eff_su2_r1_d2_s43;MNIST_QNN_eff_su2_r1_d2_s45;MNIST_QNN_eff_su2_r5_d2_s43;MNIST_QNN_eff_su2_r5_d2_s44;MNIST_QNN_z_r1_d6_s43;MNIST_QNN_z_r1_d6_s45;MNIST_QNN_zz_r5_d6_s43;MNIST_QNN_zz_r5_d6_s44
cross_cell_8,8,15,512,zz_r5_d6,MNIST_QNN_zz_r5_d6_s43;MNIST_QNN_zz_r5_d6_s44;MNIST_QNN_zz_r5_d6_s45,MNIST_QNN_eff_su2_r1_d2_s43;MNIST_QNN_eff_su2_r1_d2_s45;MNIST_QNN_eff_su2_r5_d2_s43;MNIST_QNN_eff_su2_r5_d2_s44;MNIST_QNN_z_r1_d6_s44;MNIST_QNN_zz_r1_d6_s43;MNIST_QNN_zz_r1_d6_s44;MNIST_QNN_zz_r1_d6_s45
cross_cell_8,8,16,512,eff_su2_r1_d2,MNIST_QNN_eff_su2_r1_d2_s43;MNIST_QNN_eff_su2_r1_d2_s44;MNIST_QNN_eff_su2_r1_d2_s45,MNIST_QNN_eff_su2_r5_d2_s43;MNIST_QNN_eff_su2_r5_d2_s45;MNIST_QNN_z_r1_d6_s43;MNIST_QNN_z_r1_d6_s44;MNIST_QNN_zz_r1_d6_s43;MNIST_QNN_zz_r1_d6_s44;MNIST_QNN_zz_r1_d6_s45;MNIST_QNN_zz_r5_d6_s44
cross_cell_8,8,16,512,eff_su2_r5_d2,MNIST_QNN_eff_su2_r5_d2_s43;MNIST_QNN_eff_su2_r5_d2_s44;MNIST_QNN_eff_su2_r5_d2_s45,MNIST_QNN_eff_su2_r1_d2_s43;MNIST_QNN_eff_su2_r1_d2_s44;MNIST_QNN_z_r1_d6_s44;MNIST_QNN_z_r1_d6_s45;MNIST_QNN_zz_r1_d6_s43;MNIST_QNN_zz_r1_d6_s44;MNIST_QNN_zz_r5_d6_s43;MNIST_QNN_zz_r5_d6_s45
cross_cell_8,8,16,512,z_r1_d6,MNIST_QNN_z_r1_d6_s43;MNIST_QNN_z_r1_d6_s44;MNIST_QNN_z_r1_d6_s45,MNIST_QNN_eff_su2_r1_d2_s43;MNIST_QNN_eff_su2_r1_d2_s45;MNIST_QNN_eff_su2_r5_d2_s43;MNIST_QNN_eff_su2_r5_d2_s44;MNIST_QNN_zz_r1_d6_s45;MNIST_QNN_zz_r5_d6_s43;MNIST_QNN_zz_r5_d6_s44;MNIST_QNN_zz_r5_d6_s45
cross_cell_8,8,16,512,zz_r1_d6,MNIST_QNN_zz_r1_d6_s43;MNIST_QNN_zz_r1_d6_s44;MNIST_QNN_zz_r1_d6_s45,MNIST_QNN_eff_su2_r1_d2_s43;MNIST_QNN_eff_su2_r1_d2_s45;MNIST_QNN_eff_su2_r5_d2_s43;MNIST_QNN_eff_su2_r5_d2_s44;MNIST_QNN_z_r1_d6_s44;MNIST_QNN_zz_r5_d6_s43;MNIST_QNN_zz_r5_d6_s44;MNIST_QNN_zz_r5_d6_s45
cross_cell_8,8,16,512,zz_r5_d6,MNIST_QNN_zz_r5_d6_s43;MNIST_QNN_zz_r5_d6_s44;MNIST_QNN_zz_r5_d6_s45,MNIST_QNN_eff_su2_r1_d2_s43;MNIST_QNN_eff_su2_r1_d2_s45;MNIST_QNN_eff_su2_r5_d2_s43;MNIST_QNN_eff_su2_r5_d2_s45;MNIST_QNN_z_r1_d6_s43;MNIST_QNN_z_r1_d6_s44;MNIST_QNN_z_r1_d6_s45;MNIST_QNN_zz_r1_d6_s43
cross_cell_8,8,17,512,eff_su2_r1_d2,MNIST_QNN_eff_su2_r1_d2_s43;MNIST_QNN_eff_su2_r1_d2_s44;MNIST_QNN_eff_su2_r1_d2_s45,MNIST_QNN_eff_su2_r5_d2_s43;MNIST_QNN_eff_su2_r5_d2_s45;MNIST_QNN_z_r1_d6_s43;MNIST_QNN_z_r1_d6_s44;MNIST_QNN_zz_r1_d6_s43;MNIST_QNN_zz_r1_d6_s44;MNIST_QNN_zz_r5_d6_s43;MNIST_QNN_zz_r5_d6_s45
cross_cell_8,8,17,512,eff_su2_r5_d2,MNIST_QNN_eff_su2_r5_d2_s43;MNIST_QNN_eff_su2_r5_d2_s44;MNIST_QNN_eff_su2_r5_d2_s45,MNIST_QNN_eff_su2_r1_d2_s43;MNIST_QNN_eff_su2_r1_d2_s45;MNIST_QNN_z_r1_d6_s44;MNIST_QNN_zz_r1_d6_s43;MNIST_QNN_zz_r1_d6_s44;MNIST_QNN_zz_r5_d6_s43;MNIST_QNN_zz_r5_d6_s44;MNIST_QNN_zz_r5_d6_s45
cross_cell_8,8,17,512,z_r1_d6,MNIST_QNN_z_r1_d6_s43;MNIST_QNN_z_r1_d6_s44;MNIST_QNN_z_r1_d6_s45,MNIST_QNN_eff_su2_r1_d2_s43;MNIST_QNN_eff_su2_r1_d2_s45;MNIST_QNN_eff_su2_r5_d2_s43;MNIST_QNN_eff_su2_r5_d2_s45;MNIST_QNN_zz_r1_d6_s43;MNIST_QNN_zz_r1_d6_s44;MNIST_QNN_zz_r5_d6_s43;MNIST_QNN_zz_r5_d6_s45
cross_cell_8,8,17,512,zz_r1_d6,MNIST_QNN_zz_r1_d6_s43;MNIST_QNN_zz_r1_d6_s44;MNIST_QNN_zz_r1_d6_s45,MNIST_QNN_eff_su2_r1_d2_s43;MNIST_QNN_eff_su2_r5_d2_s43;MNIST_QNN_eff_su2_r5_d2_s44;MNIST_QNN_eff_su2_r5_d2_s45;MNIST_QNN_z_r1_d6_s43;MNIST_QNN_z_r1_d6_s44;MNIST_QNN_z_r1_d6_s45;MNIST_QNN_zz_r5_d6_s45
cross_cell_8,8,17,512,zz_r5_d6,MNIST_QNN_zz_r5_d6_s43;MNIST_QNN_zz_r5_d6_s44;MNIST_QNN_zz_r5_d6_s45,MNIST_QNN_eff_su2_r1_d2_s43;MNIST_QNN_eff_su2_r1_d2_s45;MNIST_QNN_eff_su2_r5_d2_s43;MNIST_QNN_eff_su2_r5_d2_s45;MNIST_QNN_z_r1_d6_s45;MNIST_QNN_zz_r1_d6_s43;MNIST_QNN_zz_r1_d6_s44;MNIST_QNN_zz_r1_d6_s45
cross_cell_8,8,18,512,eff_su2_r1_d2,MNIST_QNN_eff_su2_r1_d2_s43;MNIST_QNN_eff_su2_r1_d2_s44;MNIST_QNN_eff_su2_r1_d2_s45,MNIST_QNN_eff_su2_r5_d2_s43;MNIST_QNN_eff_su2_r5_d2_s45;MNIST_QNN_z_r1_d6_s43;MNIST_QNN_z_r1_d6_s44;MNIST_QNN_zz_r1_d6_s43;MNIST_QNN_zz_r1_d6_s45;MNIST_QNN_zz_r5_d6_s43;MNIST_QNN_zz_r5_d6_s44
cross_cell_8,8,18,512,eff_su2_r5_d2,MNIST_QNN_eff_su2_r5_d2_s43;MNIST_QNN_eff_su2_r5_d2_s44;MNIST_QNN_eff_su2_r5_d2_s45,MNIST_QNN_eff_su2_r1_d2_s43;MNIST_QNN_z_r1_d6_s43;MNIST_QNN_z_r1_d6_s44;MNIST_QNN_z_r1_d6_s45;MNIST_QNN_zz_r1_d6_s43;MNIST_QNN_zz_r1_d6_s45;MNIST_QNN_zz_r5_d6_s43;MNIST_QNN_zz_r5_d6_s44
cross_cell_8,8,18,512,z_r1_d6,MNIST_QNN_z_r1_d6_s43;MNIST_QNN_z_r1_d6_s44;MNIST_QNN_z_r1_d6_s45,MNIST_QNN_eff_su2_r1_d2_s43;MNIST_QNN_eff_su2_r1_d2_s45;MNIST_QNN_eff_su2_r5_d2_s43;MNIST_QNN_eff_su2_r5_d2_s45;MNIST_QNN_zz_r1_d6_s43;MNIST_QNN_zz_r1_d6_s45;MNIST_QNN_zz_r5_d6_s43;MNIST_QNN_zz_r5_d6_s44
cross_cell_8,8,18,512,zz_r1_d6,MNIST_QNN_zz_r1_d6_s43;MNIST_QNN_zz_r1_d6_s44;MNIST_QNN_zz_r1_d6_s45,MNIST_QNN_eff_su2_r1_d2_s43;MNIST_QNN_eff_su2_r5_d2_s43;MNIST_QNN_eff_su2_r5_d2_s44;MNIST_QNN_eff_su2_r5_d2_s45;MNIST_QNN_z_r1_d6_s43;MNIST_QNN_z_r1_d6_s44;MNIST_QNN_zz_r5_d6_s43;MNIST_QNN_zz_r5_d6_s44
cross_cell_8,8,18,512,zz_r5_d6,MNIST_QNN_zz_r5_d6_s43;MNIST_QNN_zz_r5_d6_s44;MNIST_QNN_zz_r5_d6_s45,MNIST_QNN_eff_su2_r1_d2_s43;MNIST_QNN_eff_su2_r1_d2_s45;MNIST_QNN_eff_su2_r5_d2_s44;MNIST_QNN_z_r1_d6_s43;MNIST_QNN_z_r1_d6_s44;MNIST_QNN_zz_r1_d6_s43;MNIST_QNN_zz_r1_d6_s44;MNIST_QNN_zz_r1_d6_s45
cross_cell_8,8,19,512,eff_su2_r1_d2,MNIST_QNN_eff_su2_r1_d2_s43;MNIST_QNN_eff_su2_r1_d2_s44;MNIST_QNN_eff_su2_r1_d2_s45,MNIST_QNN_eff_su2_r5_d2_s43;MNIST_QNN_eff_su2_r5_d2_s45;MNIST_QNN_z_r1_d6_s44;MNIST_QNN_z_r1_d6_s45;MNIST_QNN_zz_r1_d6_s43;MNIST_QNN_zz_r1_d6_s44;MNIST_QNN_zz_r5_d6_s44;MNIST_QNN_zz_r5_d6_s45
cross_cell_8,8,19,512,eff_su2_r5_d2,MNIST_QNN_eff_su2_r5_d2_s43;MNIST_QNN_eff_su2_r5_d2_s44;MNIST_QNN_eff_su2_r5_d2_s45,MNIST_QNN_eff_su2_r1_d2_s43;MNIST_QNN_z_r1_d6_s43;MNIST_QNN_z_r1_d6_s44;MNIST_QNN_z_r1_d6_s45;MNIST_QNN_zz_r1_d6_s43;MNIST_QNN_zz_r5_d6_s43;MNIST_QNN_zz_r5_d6_s44;MNIST_QNN_zz_r5_d6_s45
cross_cell_8,8,19,512,z_r1_d6,MNIST_QNN_z_r1_d6_s43;MNIST_QNN_z_r1_d6_s44;MNIST_QNN_z_r1_d6_s45,MNIST_QNN_eff_su2_r1_d2_s43;MNIST_QNN_eff_su2_r1_d2_s45;MNIST_QNN_eff_su2_r5_d2_s43;MNIST_QNN_eff_su2_r5_d2_s45;MNIST_QNN_zz_r1_d6_s45;MNIST_QNN_zz_r5_d6_s43;MNIST_QNN_zz_r5_d6_s44;MNIST_QNN_zz_r5_d6_s45
cross_cell_8,8,19,512,zz_r1_d6,MNIST_QNN_zz_r1_d6_s43;MNIST_QNN_zz_r1_d6_s44;MNIST_QNN_zz_r1_d6_s45,MNIST_QNN_eff_su2_r1_d2_s43;MNIST_QNN_eff_su2_r5_d2_s43;MNIST_QNN_eff_su2_r5_d2_s45;MNIST_QNN_z_r1_d6_s43;MNIST_QNN_z_r1_d6_s44;MNIST_QNN_z_r1_d6_s45;MNIST_QNN_zz_r5_d6_s43;MNIST_QNN_zz_r5_d6_s44
cross_cell_8,8,19,512,zz_r5_d6,MNIST_QNN_zz_r5_d6_s43;MNIST_QNN_zz_r5_d6_s44;MNIST_QNN_zz_r5_d6_s45,MNIST_QNN_eff_su2_r1_d2_s43;MNIST_QNN_eff_su2_r1_d2_s45;MNIST_QNN_eff_su2_r5_d2_s45;MNIST_QNN_z_r1_d6_s43;MNIST_QNN_z_r1_d6_s44;MNIST_QNN_zz_r1_d6_s43;MNIST_QNN_zz_r1_d6_s44;MNIST_QNN_zz_r1_d6_s45
cross_cell_8,8,20,512,eff_su2_r1_d2,MNIST_QNN_eff_su2_r1_d2_s43;MNIST_QNN_eff_su2_r1_d2_s44;MNIST_QNN_eff_su2_r1_d2_s45,MNIST_QNN_eff_su2_r5_d2_s43;MNIST_QNN_z_r1_d6_s44;MNIST_QNN_z_r1_d6_s45;MNIST_QNN_zz_r1_d6_s43;MNIST_QNN_zz_r1_d6_s45;MNIST_QNN_zz_r5_d6_s43;MNIST_QNN_zz_r5_d6_s44;MNIST_QNN_zz_r5_d6_s45
cross_cell_8,8,20,512,eff_su2_r5_d2,MNIST_QNN_eff_su2_r5_d2_s43;MNIST_QNN_eff_su2_r5_d2_s44;MNIST_QNN_eff_su2_r5_d2_s45,MNIST_QNN_eff_su2_r1_d2_s43;MNIST_QNN_z_r1_d6_s44;MNIST_QNN_z_r1_d6_s45;MNIST_QNN_zz_r1_d6_s43;MNIST_QNN_zz_r1_d6_s44;MNIST_QNN_zz_r1_d6_s45;MNIST_QNN_zz_r5_d6_s43;MNIST_QNN_zz_r5_d6_s45
cross_cell_8,8,20,512,z_r1_d6,MNIST_QNN_z_r1_d6_s43;MNIST_QNN_z_r1_d6_s44;MNIST_QNN_z_r1_d6_s45,MNIST_QNN_eff_su2_r1_d2_s43;MNIST_QNN_eff_su2_r1_d2_s45;MNIST_QNN_eff_su2_r5_d2_s44;MNIST_QNN_eff_su2_r5_d2_s45;MNIST_QNN_zz_r1_d6_s43;MNIST_QNN_zz_r1_d6_s44;MNIST_QNN_zz_r1_d6_s45;MNIST_QNN_zz_r5_d6_s43
cross_cell_8,8,20,512,zz_r1_d6,MNIST_QNN_zz_r1_d6_s43;MNIST_QNN_zz_r1_d6_s44;MNIST_QNN_zz_r1_d6_s45,MNIST_QNN_eff_su2_r1_d2_s44;MNIST_QNN_eff_su2_r1_d2_s45;MNIST_QNN_eff_su2_r5_d2_s43;MNIST_QNN_eff_su2_r5_d2_s44;MNIST_QNN_eff_su2_r5_d2_s45;MNIST_QNN_z_r1_d6_s44;MNIST_QNN_z_r1_d6_s45;MNIST_QNN_zz_r5_d6_s43
cross_cell_8,8,20,512,zz_r5_d6,MNIST_QNN_zz_r5_d6_s43;MNIST_QNN_zz_r5_d6_s44;MNIST_QNN_zz_r5_d6_s45,MNIST_QNN_eff_su2_r1_d2_s43;MNIST_QNN_eff_su2_r5_d2_s43;MNIST_QNN_eff_su2_r5_d2_s44;MNIST_QNN_eff_su2_r5_d2_s45;MNIST_QNN_z_r1_d6_s43;MNIST_QNN_z_r1_d6_s44;MNIST_QNN_z_r1_d6_s45;MNIST_QNN_zz_r1_d6_s43
cross_cell_8,8,21,512,eff_su2_r1_d2,MNIST_QNN_eff_su2_r1_d2_s43;MNIST_QNN_eff_su2_r1_d2_s44;MNIST_QNN_eff_su2_r1_d2_s45,MNIST_QNN_eff_su2_r5_d2_s44;MNIST_QNN_eff_su2_r5_d2_s45;MNIST_QNN_z_r1_d6_s43;MNIST_QNN_z_r1_d6_s44;MNIST_QNN_zz_r1_d6_s43;MNIST_QNN_zz_r1_d6_s44;MNIST_QNN_zz_r1_d6_s45;MNIST_QNN_zz_r5_d6_s45
cross_cell_8,8,21,512,eff_su2_r5_d2,MNIST_QNN_eff_su2_r5_d2_s43;MNIST_QNN_eff_su2_r5_d2_s44;MNIST_QNN_eff_su2_r5_d2_s45,MNIST_QNN_eff_su2_r1_d2_s44;MNIST_QNN_eff_su2_r1_d2_s45;MNIST_QNN_z_r1_d6_s43;MNIST_QNN_z_r1_d6_s44;MNIST_QNN_z_r1_d6_s45;MNIST_QNN_zz_r1_d6_s43;MNIST_QNN_zz_r1_d6_s44;MNIST_QNN_zz_r5_d6_s43
cross_cell_8,8,21,512,z_r1_d6,MNIST_QNN_z_r1_d6_s43;MNIST_QNN_z_r1_d6_s44;MNIST_QNN_z_r1_d6_s45,MNIST_QNN_eff_su2_r1_d2_s43;MNIST_QNN_eff_su2_r1_d2_s45;MNIST_QNN_eff_su2_r5_d2_s44;MNIST_QNN_eff_su2_r5_d2_s45;MNIST_QNN_zz_r1_d6_s43;MNIST_QNN_zz_r1_d6_s45;MNIST_QNN_zz_r5_d6_s43;MNIST_QNN_zz_r5_d6_s44
cross_cell_8,8,21,512,zz_r1_d6,MNIST_QNN_zz_r1_d6_s43;MNIST_QNN_zz_r1_d6_s44;MNIST_QNN_zz_r1_d6_s45,MNIST_QNN_eff_su2_r1_d2_s44;MNIST_QNN_eff_su2_r1_d2_s45;MNIST_QNN_eff_su2_r5_d2_s43;MNIST_QNN_eff_su2_r5_d2_s44;MNIST_QNN_z_r1_d6_s43;MNIST_QNN_z_r1_d6_s44;MNIST_QNN_z_r1_d6_s45;MNIST_QNN_zz_r5_d6_s43
cross_cell_8,8,21,512,zz_r5_d6,MNIST_QNN_zz_r5_d6_s43;MNIST_QNN_zz_r5_d6_s44;MNIST_QNN_zz_r5_d6_s45,MNIST_QNN_eff_su2_r1_d2_s43;MNIST_QNN_eff_su2_r5_d2_s43;MNIST_QNN_eff_su2_r5_d2_s45;MNIST_QNN_z_r1_d6_s43;MNIST_QNN_z_r1_d6_s44;MNIST_QNN_z_r1_d6_s45;MNIST_QNN_zz_r1_d6_s43;MNIST_QNN_zz_r1_d6_s45
cross_cell_8,8,22,512,eff_su2_r1_d2,MNIST_QNN_eff_su2_r1_d2_s43;MNIST_QNN_eff_su2_r1_d2_s44;MNIST_QNN_eff_su2_r1_d2_s45,MNIST_QNN_eff_su2_r5_d2_s44;MNIST_QNN_eff_su2_r5_d2_s45;MNIST_QNN_z_r1_d6_s44;MNIST_QNN_z_r1_d6_s45;MNIST_QNN_zz_r1_d6_s45;MNIST_QNN_zz_r5_d6_s43;MNIST_QNN_zz_r5_d6_s44;MNIST_QNN_zz_r5_d6_s45
cross_cell_8,8,22,512,eff_su2_r5_d2,MNIST_QNN_eff_su2_r5_d2_s43;MNIST_QNN_eff_su2_r5_d2_s44;MNIST_QNN_eff_su2_r5_d2_s45,MNIST_QNN_eff_su2_r1_d2_s44;MNIST_QNN_eff_su2_r1_d2_s45;MNIST_QNN_z_r1_d6_s43;MNIST_QNN_z_r1_d6_s44;MNIST_QNN_z_r1_d6_s45;MNIST_QNN_zz_r1_d6_s43;MNIST_QNN_zz_r1_d6_s45;MNIST_QNN_zz_r5_d6_s44
cross_cell_8,8,22,512,z_r1_d6,MNIST_QNN_z_r1_d6_s43;MNIST_QNN_z_r1_d6_s44;MNIST_QNN_z_r1_d6_s45,MNIST_QNN_eff_su2_r1_d2_s43;MNIST_QNN_eff_su2_r1_d2_s45;MNIST_QNN_eff_su2_r5_d2_s44;MNIST_QNN_zz_r1_d6_s43;MNIST_QNN_zz_r1_d6_s44;MNIST_QNN_zz_r1_d6_s45;MNIST_QNN_zz_r5_d6_s43;MNIST_QNN_zz_r5_d6_s44
cross_cell_8,8,22,512,zz_r1_d6,MNIST_QNN_zz_r1_d6_s43;MNIST_QNN_zz_r1_d6_s44;MNIST_QNN_zz_r1_d6_s45,MNIST_QNN_eff_su2_r1_d2_s44;MNIST_QNN_eff_su2_r1_d2_s45;MNIST_QNN_eff_su2_r5_d2_s43;MNIST_QNN_eff_su2_r5_d2_s44;MNIST_QNN_z_r1_d6_s43;MNIST_QNN_z_r1_d6_s44;MNIST_QNN_z_r1_d6_s45;MNIST_QNN_zz_r5_d6_s45
cross_cell_8,8,22,512,zz_r5_d6,MNIST_QNN_zz_r5_d6_s43;MNIST_QNN_zz_r5_d6_s44;MNIST_QNN_zz_r5_d6_s45,MNIST_QNN_eff_su2_r1_d2_s44;MNIST_QNN_eff_su2_r1_d2_s45;MNIST_QNN_eff_su2_r5_d2_s43;MNIST_QNN_eff_su2_r5_d2_s44;MNIST_QNN_eff_su2_r5_d2_s45;MNIST_QNN_z_r1_d6_s44;MNIST_QNN_zz_r1_d6_s43;MNIST_QNN_zz_r1_d6_s44
cross_cell_8,8,23,512,eff_su2_r1_d2,MNIST_QNN_eff_su2_r1_d2_s43;MNIST_QNN_eff_su2_r1_d2_s44;MNIST_QNN_eff_su2_r1_d2_s45,MNIST_QNN_eff_su2_r5_d2_s44;MNIST_QNN_eff_su2_r5_d2_s45;MNIST_QNN_z_r1_d6_s45;MNIST_QNN_zz_r1_d6_s43;MNIST_QNN_zz_r1_d6_s45;MNIST_QNN_zz_r5_d6_s43;MNIST_QNN_zz_r5_d6_s44;MNIST_QNN_zz_r5_d6_s45
cross_cell_8,8,23,512,eff_su2_r5_d2,MNIST_QNN_eff_su2_r5_d2_s43;MNIST_QNN_eff_su2_r5_d2_s44;MNIST_QNN_eff_su2_r5_d2_s45,MNIST_QNN_eff_su2_r1_d2_s44;MNIST_QNN_eff_su2_r1_d2_s45;MNIST_QNN_z_r1_d6_s43;MNIST_QNN_z_r1_d6_s44;MNIST_QNN_z_r1_d6_s45;MNIST_QNN_zz_r1_d6_s44;MNIST_QNN_zz_r1_d6_s45;MNIST_QNN_zz_r5_d6_s45
cross_cell_8,8,23,512,z_r1_d6,MNIST_QNN_z_r1_d6_s43;MNIST_QNN_z_r1_d6_s44;MNIST_QNN_z_r1_d6_s45,MNIST_QNN_eff_su2_r1_d2_s43;MNIST_QNN_eff_su2_r1_d2_s45;MNIST_QNN_eff_su2_r5_d2_s44;MNIST_QNN_zz_r1_d6_s43;MNIST_QNN_zz_r1_d6_s44;MNIST_QNN_zz_r1_d6_s45;MNIST_QNN_zz_r5_d6_s43;MNIST_QNN_zz_r5_d6_s45
cross_cell_8,8,23,512,zz_r1_d6,MNIST_QNN_zz_r1_d6_s43;MNIST_QNN_zz_r1_d6_s44;MNIST_QNN_zz_r1_d6_s45,MNIST_QNN_eff_su2_r1_d2_s44;MNIST_QNN_eff_su2_r1_d2_s45;MNIST_QNN_eff_su2_r5_d2_s43;MNIST_QNN_eff_su2_r5_d2_s44;MNIST_QNN_z_r1_d6_s43;MNIST_QNN_z_r1_d6_s45;MNIST_QNN_zz_r5_d6_s43;MNIST_QNN_zz_r5_d6_s45
cross_cell_8,8,23,512,zz_r5_d6,MNIST_QNN_zz_r5_d6_s43;MNIST_QNN_zz_r5_d6_s44;MNIST_QNN_zz_r5_d6_s45,MNIST_QNN_eff_su2_r1_d2_s44;MNIST_QNN_eff_su2_r1_d2_s45;MNIST_QNN_eff_su2_r5_d2_s43;MNIST_QNN_eff_su2_r5_d2_s44;MNIST_QNN_eff_su2_r5_d2_s45;MNIST_QNN_z_r1_d6_s44;MNIST_QNN_zz_r1_d6_s44;MNIST_QNN_zz_r1_d6_s45
cross_cell_8,8,24,512,eff_su2_r1_d2,MNIST_QNN_eff_su2_r1_d2_s43;MNIST_QNN_eff_su2_r1_d2_s44;MNIST_QNN_eff_su2_r1_d2_s45,MNIST_QNN_eff_su2_r5_d2_s44;MNIST_QNN_z_r1_d6_s43;MNIST_QNN_z_r1_d6_s44;MNIST_QNN_z_r1_d6_s45;MNIST_QNN_zz_r1_d6_s43;MNIST_QNN_zz_r1_d6_s45;MNIST_QNN_zz_r5_d6_s43;MNIST_QNN_zz_r5_d6_s45
cross_cell_8,8,24,512,eff_su2_r5_d2,MNIST_QNN_eff_su2_r5_d2_s43;MNIST_QNN_eff_su2_r5_d2_s44;MNIST_QNN_eff_su2_r5_d2_s45,MNIST_QNN_eff_su2_r1_d2_s44;MNIST_QNN_eff_su2_r1_d2_s45;MNIST_QNN_z_r1_d6_s44;MNIST_QNN_zz_r1_d6_s43;MNIST_QNN_zz_r1_d6_s44;MNIST_QNN_zz_r5_d6_s43;MNIST_QNN_zz_r5_d6_s44;MNIST_QNN_zz_r5_d6_s45
cross_cell_8,8,24,512,z_r1_d6,MNIST_QNN_z_r1_d6_s43;MNIST_QNN_z_r1_d6_s44;MNIST_QNN_z_r1_d6_s45,MNIST_QNN_eff_su2_r1_d2_s44;MNIST_QNN_eff_su2_r1_d2_s45;MNIST_QNN_eff_su2_r5_d2_s43;MNIST_QNN_eff_su2_r5_d2_s44;MNIST_QNN_eff_su2_r5_d2_s45;MNIST_QNN_zz_r1_d6_s43;MNIST_QNN_zz_r1_d6_s44;MNIST_QNN_zz_r5_d6_s43
cross_cell_8,8,24,512,zz_r1_d6,MNIST_QNN_zz_r1_d6_s43;MNIST_QNN_zz_r1_d6_s44;MNIST_QNN_zz_r1_d6_s45,MNIST_QNN_eff_su2_r1_d2_s44;MNIST_QNN_eff_su2_r1_d2_s45;MNIST_QNN_eff_su2_r5_d2_s43;MNIST_QNN_eff_su2_r5_d2_s45;MNIST_QNN_z_r1_d6_s43;MNIST_QNN_zz_r5_d6_s43;MNIST_QNN_zz_r5_d6_s44;MNIST_QNN_zz_r5_d6_s45
cross_cell_8,8,24,512,zz_r5_d6,MNIST_QNN_zz_r5_d6_s43;MNIST_QNN_zz_r5_d6_s44;MNIST_QNN_zz_r5_d6_s45,MNIST_QNN_eff_su2_r1_d2_s44;MNIST_QNN_eff_su2_r1_d2_s45;MNIST_QNN_eff_su2_r5_d2_s44;MNIST_QNN_eff_su2_r5_d2_s45;MNIST_QNN_z_r1_d6_s43;MNIST_QNN_z_r1_d6_s44;MNIST_QNN_zz_r1_d6_s43;MNIST_QNN_zz_r1_d6_s44
cross_cell_8,8,25,512,eff_su2_r1_d2,MNIST_QNN_eff_su2_r1_d2_s43;MNIST_QNN_eff_su2_r1_d2_s44;MNIST_QNN_eff_su2_r1_d2_s45,MNIST_QNN_eff_su2_r5_d2_s44;MNIST_QNN_z_r1_d6_s44;MNIST_QNN_z_r1_d6_s45;MNIST_QNN_zz_r1_d6_s43;MNIST_QNN_zz_r1_d6_s44;MNIST_QNN_zz_r5_d6_s43;MNIST_QNN_zz_r5_d6_s44;MNIST_QNN_zz_r5_d6_s45
cross_cell_8,8,25,512,eff_su2_r5_d2,MNIST_QNN_eff_su2_r5_d2_s43;MNIST_QNN_eff_su2_r5_d2_s44;MNIST_QNN_eff_su2_r5_d2_s45,MNIST_QNN_eff_su2_r1_d2_s44;MNIST_QNN_eff_su2_r1_d2_s45;MNIST_QNN_zz_r1_d6_s43;MNIST_QNN_zz_r1_d6_s44;MNIST_QNN_zz_r1_d6_s45;MNIST_QNN_zz_r5_d6_s43;MNIST_QNN_zz_r5_d6_s44;MNIST_QNN_zz_r5_d6_s45
cross_cell_8,8,25,512,z_r1_d6,MNIST_QNN_z_r1_d6_s43;MNIST_QNN_z_r1_d6_s44;MNIST_QNN_z_r1_d6_s45,MNIST_QNN_eff_su2_r1_d2_s44;MNIST_QNN_eff_su2_r1_d2_s45;MNIST_QNN_eff_su2_r5_d2_s43;MNIST_QNN_eff_su2_r5_d2_s44;MNIST_QNN_eff_su2_r5_d2_s45;MNIST_QNN_zz_r1_d6_s43;MNIST_QNN_zz_r5_d6_s43;MNIST_QNN_zz_r5_d6_s44
cross_cell_8,8,25,512,zz_r1_d6,MNIST_QNN_zz_r1_d6_s43;MNIST_QNN_zz_r1_d6_s44;MNIST_QNN_zz_r1_d6_s45,MNIST_QNN_eff_su2_r1_d2_s44;MNIST_QNN_eff_su2_r5_d2_s43;MNIST_QNN_eff_su2_r5_d2_s44;MNIST_QNN_eff_su2_r5_d2_s45;MNIST_QNN_z_r1_d6_s43;MNIST_QNN_z_r1_d6_s44;MNIST_QNN_zz_r5_d6_s43;MNIST_QNN_zz_r5_d6_s45
cross_cell_8,8,25,512,zz_r5_d6,MNIST_QNN_zz_r5_d6_s43;MNIST_QNN_zz_r5_d6_s44;MNIST_QNN_zz_r5_d6_s45,MNIST_QNN_eff_su2_r1_d2_s44;MNIST_QNN_eff_su2_r5_d2_s43;MNIST_QNN_eff_su2_r5_d2_s45;MNIST_QNN_z_r1_d6_s43;MNIST_QNN_z_r1_d6_s44;MNIST_QNN_z_r1_d6_s45;MNIST_QNN_zz_r1_d6_s43;MNIST_QNN_zz_r1_d6_s45
cross_cell_8,8,26,512,eff_su2_r1_d2,MNIST_QNN_eff_su2_r1_d2_s43;MNIST_QNN_eff_su2_r1_d2_s44;MNIST_QNN_eff_su2_r1_d2_s45,MNIST_QNN_eff_su2_r5_d2_s45;MNIST_QNN_z_r1_d6_s43;MNIST_QNN_z_r1_d6_s44;MNIST_QNN_z_r1_d6_s45;MNIST_QNN_zz_r1_d6_s43;MNIST_QNN_zz_r1_d6_s44;MNIST_QNN_zz_r5_d6_s44;MNIST_QNN_zz_r5_d6_s45
cross_cell_8,8,26,512,eff_su2_r5_d2,MNIST_QNN_eff_su2_r5_d2_s43;MNIST_QNN_eff_su2_r5_d2_s44;MNIST_QNN_eff_su2_r5_d2_s45,MNIST_QNN_eff_su2_r1_d2_s44;MNIST_QNN_z_r1_d6_s43;MNIST_QNN_z_r1_d6_s44;MNIST_QNN_z_r1_d6_s45;MNIST_QNN_zz_r1_d6_s43;MNIST_QNN_zz_r1_d6_s44;MNIST_QNN_zz_r5_d6_s43;MNIST_QNN_zz_r5_d6_s44
cross_cell_8,8,26,512,z_r1_d6,MNIST_QNN_z_r1_d6_s43;MNIST_QNN_z_r1_d6_s44;MNIST_QNN_z_r1_d6_s45,MNIST_QNN_eff_su2_r1_d2_s44;MNIST_QNN_eff_su2_r1_d2_s45;MNIST_QNN_eff_su2_r5_d2_s43;MNIST_QNN_eff_su2_r5_d2_s44;MNIST_QNN_eff_su2_r5_d2_s45;MNIST_QNN_zz_r1_d6_s44;MNIST_QNN_zz_r1_d6_s45;MNIST_QNN_zz_r5_d6_s45
cross_cell_8,8,26,512,zz_r1_d6,MNIST_QNN_zz_r1_d6_s43;MNIST_QNN_zz_r1_d6_s44;MNIST_QNN_zz_r1_d6_s45,MNIST_QNN_eff_su2_r1_d2_s44;MNIST_QNN_eff_su2_r5_d2_s43;MNIST_QNN_eff_su2_r5_d2_s44;MNIST_QNN_eff_su2_r5_d2_s45;MNIST_QNN_z_r1_d6_s43;MNIST_QNN_z_r1_d6_s44;MNIST_QNN_zz_r5_d6_s44;MNIST_QNN_zz_r5_d6_s45
cross_cell_8,8,26,512,zz_r5_d6,MNIST_QNN_zz_r5_d6_s43;MNIST_QNN_zz_r5_d6_s44;MNIST_QNN_zz_r5_d6_s45,MNIST_QNN_eff_su2_r1_d2_s44;MNIST_QNN_eff_su2_r5_d2_s43;MNIST_QNN_eff_su2_r5_d2_s45;MNIST_QNN_z_r1_d6_s43;MNIST_QNN_z_r1_d6_s45;MNIST_QNN_zz_r1_d6_s43;MNIST_QNN_zz_r1_d6_s44;MNIST_QNN_zz_r1_d6_s45
cross_cell_8,8,27,512,eff_su2_r1_d2,MNIST_QNN_eff_su2_r1_d2_s43;MNIST_QNN_eff_su2_r1_d2_s44;MNIST_QNN_eff_su2_r1_d2_s45,MNIST_QNN_eff_su2_r5_d2_s45;MNIST_QNN_z_r1_d6_s43;MNIST_QNN_z_r1_d6_s44;MNIST_QNN_z_r1_d6_s45;MNIST_QNN_zz_r1_d6_s44;MNIST_QNN_zz_r5_d6_s43;MNIST_QNN_zz_r5_d6_s44;MNIST_QNN_zz_r5_d6_s45
cross_cell_8,8,27,512,eff_su2_r5_d2,MNIST_QNN_eff_su2_r5_d2_s43;MNIST_QNN_eff_su2_r5_d2_s44;MNIST_QNN_eff_su2_r5_d2_s45,MNIST_QNN_eff_su2_r1_d2_s44;MNIST_QNN_z_r1_d6_s45;MNIST_QNN_zz_r1_d6_s43;MNIST_QNN_zz_r1_d6_s44;MNIST_QNN_zz_r1_d6_s45;MNIST_QNN_zz_r5_d6_s43;MNIST_QNN_zz_r5_d6_s44;MNIST_QNN_zz_r5_d6_s45
cross_cell_8,8,27,512,z_r1_d6,MNIST_QNN_z_r1_d6_s43;MNIST_QNN_z_r1_d6_s44;MNIST_QNN_z_r1_d6_s45,MNIST_QNN_eff_su2_r1_d2_s44;MNIST_QNN_eff_su2_r1_d2_s45;MNIST_QNN_eff_su2_r5_d2_s43;MNIST_QNN_eff_su2_r5_d2_s44;MNIST_QNN_zz_r1_d6_s43;MNIST_QNN_zz_r1_d6_s44;MNIST_QNN_zz_r1_d6_s45;MNIST_QNN_zz_r5_d6_s45
cross_cell_8,8,27,512,zz_r1_d6,MNIST_QNN_zz_r1_d6_s43;MNIST_QNN_zz_r1_d6_s44;MNIST_QNN_zz_r1_d6_s45,MNIST_QNN_eff_su2_r1_d2_s44;MNIST_QNN_eff_su2_r5_d2_s43;MNIST_QNN_eff_su2_r5_d2_s44;MNIST_QNN_eff_su2_r5_d2_s45;MNIST_QNN_z_r1_d6_s43;MNIST_QNN_z_r1_d6_s45;MNIST_QNN_zz_r5_d6_s43;MNIST_QNN_zz_r5_d6_s45
cross_cell_8,8,27,512,zz_r5_d6,MNIST_QNN_zz_r5_d6_s43;MNIST_QNN_zz_r5_d6_s44;MNIST_QNN_zz_r5_d6_s45,MNIST_QNN_eff_su2_r1_d2_s45;MNIST_QNN_eff_su2_r5_d2_s43;MNIST_QNN_eff_su2_r5_d2_s44;MNIST_QNN_eff_su2_r5_d2_s45;MNIST_QNN_z_r1_d6_s43;MNIST_QNN_z_r1_d6_s45;MNIST_QNN_zz_r1_d6_s44;MNIST_QNN_zz_r1_d6_s45
cross_cell_8,8,28,512,eff_su2_r1_d2,MNIST_QNN_eff_su2_r1_d2_s43;MNIST_QNN_eff_su2_r1_d2_s44;MNIST_QNN_eff_su2_r1_d2_s45,MNIST_QNN_eff_su2_r5_d2_s45;MNIST_QNN_z_r1_d6_s43;MNIST_QNN_z_r1_d6_s44;MNIST_QNN_zz_r1_d6_s43;MNIST_QNN_zz_r1_d6_s44;MNIST_QNN_zz_r1_d6_s45;MNIST_QNN_zz_r5_d6_s44;MNIST_QNN_zz_r5_d6_s45
cross_cell_8,8,28,512,eff_su2_r5_d2,MNIST_QNN_eff_su2_r5_d2_s43;MNIST_QNN_eff_su2_r5_d2_s44;MNIST_QNN_eff_su2_r5_d2_s45,MNIST_QNN_eff_su2_r1_d2_s45;MNIST_QNN_z_r1_d6_s43;MNIST_QNN_z_r1_d6_s44;MNIST_QNN_z_r1_d6_s45;MNIST_QNN_zz_r1_d6_s43;MNIST_QNN_zz_r1_d6_s44;MNIST_QNN_zz_r5_d6_s43;MNIST_QNN_zz_r5_d6_s45
cross_cell_8,8,28,512,z_r1_d6,MNIST_QNN_z_r1_d6_s43;MNIST_QNN_z_r1_d6_s44;MNIST_QNN_z_r1_d6_s45,MNIST_QNN_eff_su2_r1_d2_s44;MNIST_QNN_eff_su2_r1_d2_s45;MNIST_QNN_eff_su2_r5_d2_s43;MNIST_QNN_eff_su2_r5_d2_s44;MNIST_QNN_zz_r1_d6_s45;MNIST_QNN_zz_r5_d6_s43;MNIST_QNN_zz_r5_d6_s44;MNIST_QNN_zz_r5_d6_s45
cross_cell_8,8,28,512,zz_r1_d6,MNIST_QNN_zz_r1_d6_s43;MNIST_QNN_zz_r1_d6_s44;MNIST_QNN_zz_r1_d6_s45,MNIST_QNN_eff_su2_r1_d2_s44;MNIST_QNN_eff_su2_r5_d2_s44;MNIST_QNN_eff_su2_r5_d2_s45;MNIST_QNN_z_r1_d6_s43;MNIST_QNN_z_r1_d6_s44;MNIST_QNN_z_r1_d6_s45;MNIST_QNN_zz_r5_d6_s43;MNIST_QNN_zz_r5_d6_s45
cross_cell_8,8,28,512,zz_r5_d6,MNIST_QNN_zz_r5_d6_s43;MNIST_QNN_zz_r5_d6_s44;MNIST_QNN_zz_r5_d6_s45,MNIST_QNN_eff_su2_r1_d2_s45;MNIST_QNN_eff_su2_r5_d2_s43;MNIST_QNN_eff_su2_r5_d2_s44;MNIST_QNN_eff_su2_r5_d2_s45;MNIST_QNN_z_r1_d6_s44;MNIST_QNN_z_r1_d6_s45;MNIST_QNN_zz_r1_d6_s44;MNIST_QNN_zz_r1_d6_s45
cross_cell_8,8,29,512,eff_su2_r1_d2,MNIST_QNN_eff_su2_r1_d2_s43;MNIST_QNN_eff_su2_r1_d2_s44;MNIST_QNN_eff_su2_r1_d2_s45,MNIST_QNN_eff_su2_r5_d2_s45;MNIST_QNN_z_r1_d6_s43;MNIST_QNN_z_r1_d6_s45;MNIST_QNN_zz_r1_d6_s43;MNIST_QNN_zz_r1_d6_s44;MNIST_QNN_zz_r1_d6_s45;MNIST_QNN_zz_r5_d6_s43;MNIST_QNN_zz_r5_d6_s45
cross_cell_8,8,29,512,eff_su2_r5_d2,MNIST_QNN_eff_su2_r5_d2_s43;MNIST_QNN_eff_su2_r5_d2_s44;MNIST_QNN_eff_su2_r5_d2_s45,MNIST_QNN_eff_su2_r1_d2_s45;MNIST_QNN_z_r1_d6_s43;MNIST_QNN_z_r1_d6_s44;MNIST_QNN_z_r1_d6_s45;MNIST_QNN_zz_r1_d6_s43;MNIST_QNN_zz_r1_d6_s45;MNIST_QNN_zz_r5_d6_s43;MNIST_QNN_zz_r5_d6_s44
cross_cell_8,8,29,512,z_r1_d6,MNIST_QNN_z_r1_d6_s43;MNIST_QNN_z_r1_d6_s44;MNIST_QNN_z_r1_d6_s45,MNIST_QNN_eff_su2_r1_d2_s44;MNIST_QNN_eff_su2_r5_d2_s43;MNIST_QNN_eff_su2_r5_d2_s45;MNIST_QNN_zz_r1_d6_s43;MNIST_QNN_zz_r1_d6_s44;MNIST_QNN_zz_r5_d6_s43;MNIST_QNN_zz_r5_d6_s44;MNIST_QNN_zz_r5_d6_s45
cross_cell_8,8,29,512,zz_r1_d6,MNIST_QNN_zz_r1_d6_s43;MNIST_QNN_zz_r1_d6_s44;MNIST_QNN_zz_r1_d6_s45,MNIST_QNN_eff_su2_r1_d2_s45;MNIST_QNN_eff_su2_r5_d2_s43;MNIST_QNN_eff_su2_r5_d2_s44;MNIST_QNN_eff_su2_r5_d2_s45;MNIST_QNN_z_r1_d6_s44;MNIST_QNN_zz_r5_d6_s43;MNIST_QNN_zz_r5_d6_s44;MNIST_QNN_zz_r5_d6_s45
cross_cell_8,8,29,512,zz_r5_d6,MNIST_QNN_zz_r5_d6_s43;MNIST_QNN_zz_r5_d6_s44;MNIST_QNN_zz_r5_d6_s45,MNIST_QNN_eff_su2_r1_d2_s45;MNIST_QNN_eff_su2_r5_d2_s43;MNIST_QNN_eff_su2_r5_d2_s45;MNIST_QNN_z_r1_d6_s43;MNIST_QNN_z_r1_d6_s44;MNIST_QNN_zz_r1_d6_s43;MNIST_QNN_zz_r1_d6_s44;MNIST_QNN_zz_r1_d6_s45
cross_cell_8,8,30,512,eff_su2_r1_d2,MNIST_QNN_eff_su2_r1_d2_s43;MNIST_QNN_eff_su2_r1_d2_s44;MNIST_QNN_eff_su2_r1_d2_s45,MNIST_QNN_eff_su2_r5_d2_s45;MNIST_QNN_z_r1_d6_s44;MNIST_QNN_z_r1_d6_s45;MNIST_QNN_zz_r1_d6_s43;MNIST_QNN_zz_r1_d6_s44;MNIST_QNN_zz_r1_d6_s45;MNIST_QNN_zz_r5_d6_s43;MNIST_QNN_zz_r5_d6_s44
cross_cell_8,8,30,512,eff_su2_r5_d2,MNIST_QNN_eff_su2_r5_d2_s43;MNIST_QNN_eff_su2_r5_d2_s44;MNIST_QNN_eff_su2_r5_d2_s45,MNIST_QNN_eff_su2_r1_d2_s45;MNIST_QNN_z_r1_d6_s43;MNIST_QNN_z_r1_d6_s44;MNIST_QNN_zz_r1_d6_s43;MNIST_QNN_zz_r1_d6_s44;MNIST_QNN_zz_r5_d6_s43;MNIST_QNN_zz_r5_d6_s44;MNIST_QNN_zz_r5_d6_s45
cross_cell_8,8,30,512,z_r1_d6,MNIST_QNN_z_r1_d6_s43;MNIST_QNN_z_r1_d6_s44;MNIST_QNN_z_r1_d6_s45,MNIST_QNN_eff_su2_r1_d2_s44;MNIST_QNN_eff_su2_r5_d2_s44;MNIST_QNN_eff_su2_r5_d2_s45;MNIST_QNN_zz_r1_d6_s43;MNIST_QNN_zz_r1_d6_s44;MNIST_QNN_zz_r1_d6_s45;MNIST_QNN_zz_r5_d6_s43;MNIST_QNN_zz_r5_d6_s44
cross_cell_8,8,30,512,zz_r1_d6,MNIST_QNN_zz_r1_d6_s43;MNIST_QNN_zz_r1_d6_s44;MNIST_QNN_zz_r1_d6_s45,MNIST_QNN_eff_su2_r1_d2_s45;MNIST_QNN_eff_su2_r5_d2_s43;MNIST_QNN_z_r1_d6_s43;MNIST_QNN_z_r1_d6_s44;MNIST_QNN_z_r1_d6_s45;MNIST_QNN_zz_r5_d6_s43;MNIST_QNN_zz_r5_d6_s44;MNIST_QNN_zz_r5_d6_s45
cross_cell_8,8,30,512,zz_r5_d6,MNIST_QNN_zz_r5_d6_s43;MNIST_QNN_zz_r5_d6_s44;MNIST_QNN_zz_r5_d6_s45,MNIST_QNN_eff_su2_r1_d2_s45;MNIST_QNN_eff_su2_r5_d2_s44;MNIST_QNN_eff_su2_r5_d2_s45;MNIST_QNN_z_r1_d6_s43;MNIST_QNN_z_r1_d6_s44;MNIST_QNN_zz_r1_d6_s43;MNIST_QNN_zz_r1_d6_s44;MNIST_QNN_zz_r1_d6_s45
cross_cell_8,8,31,512,eff_su2_r1_d2,MNIST_QNN_eff_su2_r1_d2_s43;MNIST_QNN_eff_su2_r1_d2_s44;MNIST_QNN_eff_su2_r1_d2_s45,MNIST_QNN_z_r1_d6_s43;MNIST_QNN_z_r1_d6_s44;MNIST_QNN_z_r1_d6_s45;MNIST_QNN_zz_r1_d6_s43;MNIST_QNN_zz_r1_d6_s44;MNIST_QNN_zz_r1_d6_s45;MNIST_QNN_zz_r5_d6_s43;MNIST_QNN_zz_r5_d6_s44
cross_cell_8,8,31,512,eff_su2_r5_d2,MNIST_QNN_eff_su2_r5_d2_s43;MNIST_QNN_eff_su2_r5_d2_s44;MNIST_QNN_eff_su2_r5_d2_s45,MNIST_QNN_eff_su2_r1_d2_s45;MNIST_QNN_z_r1_d6_s43;MNIST_QNN_z_r1_d6_s45;MNIST_QNN_zz_r1_d6_s43;MNIST_QNN_zz_r1_d6_s44;MNIST_QNN_zz_r1_d6_s45;MNIST_QNN_zz_r5_d6_s43;MNIST_QNN_zz_r5_d6_s44
cross_cell_8,8,31,512,z_r1_d6,MNIST_QNN_z_r1_d6_s43;MNIST_QNN_z_r1_d6_s44;MNIST_QNN_z_r1_d6_s45,MNIST_QNN_eff_su2_r1_d2_s45;MNIST_QNN_eff_su2_r5_d2_s43;MNIST_QNN_eff_su2_r5_d2_s44;MNIST_QNN_eff_su2_r5_d2_s45;MNIST_QNN_zz_r1_d6_s43;MNIST_QNN_zz_r1_d6_s44;MNIST_QNN_zz_r5_d6_s44;MNIST_QNN_zz_r5_d6_s45
cross_cell_8,8,31,512,zz_r1_d6,MNIST_QNN_zz_r1_d6_s43;MNIST_QNN_zz_r1_d6_s44;MNIST_QNN_zz_r1_d6_s45,MNIST_QNN_eff_su2_r1_d2_s45;MNIST_QNN_eff_su2_r5_d2_s45;MNIST_QNN_z_r1_d6_s43;MNIST_QNN_z_r1_d6_s44;MNIST_QNN_z_r1_d6_s45;MNIST_QNN_zz_r5_d6_s43;MNIST_QNN_zz_r5_d6_s44;MNIST_QNN_zz_r5_d6_s45
cross_cell_8,8,31,512,zz_r5_d6,MNIST_QNN_zz_r5_d6_s43;MNIST_QNN_zz_r5_d6_s44;MNIST_QNN_zz_r5_d6_s45,MNIST_QNN_eff_su2_r5_d2_s43;MNIST_QNN_eff_su2_r5_d2_s44;MNIST_QNN_eff_su2_r5_d2_s45;MNIST_QNN_z_r1_d6_s44;MNIST_QNN_z_r1_d6_s45;MNIST_QNN_zz_r1_d6_s43;MNIST_QNN_zz_r1_d6_s44;MNIST_QNN_zz_r1_d6_s45
cross_cell_12,12,0,512,eff_su2_r1_d2,MNIST_QNN_eff_su2_r1_d2_s43;MNIST_QNN_eff_su2_r1_d2_s44;MNIST_QNN_eff_su2_r1_d2_s45,MNIST_QNN_eff_su2_r5_d2_s43;MNIST_QNN_eff_su2_r5_d2_s44;MNIST_QNN_eff_su2_r5_d2_s45;MNIST_QNN_z_r1_d6_s43;MNIST_QNN_z_r1_d6_s44;MNIST_QNN_z_r1_d6_s45;MNIST_QNN_zz_r1_d6_s43;MNIST_QNN_zz_r1_d6_s44;MNIST_QNN_zz_r1_d6_s45;MNIST_QNN_zz_r5_d6_s43;MNIST_QNN_zz_r5_d6_s44;MNIST_QNN_zz_r5_d6_s45
cross_cell_12,12,0,512,eff_su2_r5_d2,MNIST_QNN_eff_su2_r5_d2_s43;MNIST_QNN_eff_su2_r5_d2_s44;MNIST_QNN_eff_su2_r5_d2_s45,MNIST_QNN_eff_su2_r1_d2_s43;MNIST_QNN_eff_su2_r1_d2_s44;MNIST_QNN_eff_su2_r1_d2_s45;MNIST_QNN_z_r1_d6_s43;MNIST_QNN_z_r1_d6_s44;MNIST_QNN_z_r1_d6_s45;MNIST_QNN_zz_r1_d6_s43;MNIST_QNN_zz_r1_d6_s44;MNIST_QNN_zz_r1_d6_s45;MNIST_QNN_zz_r5_d6_s43;MNIST_QNN_zz_r5_d6_s44;MNIST_QNN_zz_r5_d6_s45
cross_cell_12,12,0,512,z_r1_d6,MNIST_QNN_z_r1_d6_s43;MNIST_QNN_z_r1_d6_s44;MNIST_QNN_z_r1_d6_s45,MNIST_QNN_eff_su2_r1_d2_s43;MNIST_QNN_eff_su2_r1_d2_s44;MNIST_QNN_eff_su2_r1_d2_s45;MNIST_QNN_eff_su2_r5_d2_s43;MNIST_QNN_eff_su2_r5_d2_s44;MNIST_QNN_eff_su2_r5_d2_s45;MNIST_QNN_zz_r1_d6_s43;MNIST_QNN_zz_r1_d6_s44;MNIST_QNN_zz_r1_d6_s45;MNIST_QNN_zz_r5_d6_s43;MNIST_QNN_zz_r5_d6_s44;MNIST_QNN_zz_r5_d6_s45
cross_cell_12,12,0,512,zz_r1_d6,MNIST_QNN_zz_r1_d6_s43;MNIST_QNN_zz_r1_d6_s44;MNIST_QNN_zz_r1_d6_s45,MNIST_QNN_eff_su2_r1_d2_s43;MNIST_QNN_eff_su2_r1_d2_s44;MNIST_QNN_eff_su2_r1_d2_s45;MNIST_QNN_eff_su2_r5_d2_s43;MNIST_QNN_eff_su2_r5_d2_s44;MNIST_QNN_eff_su2_r5_d2_s45;MNIST_QNN_z_r1_d6_s43;MNIST_QNN_z_r1_d6_s44;MNIST_QNN_z_r1_d6_s45;MNIST_QNN_zz_r5_d6_s43;MNIST_QNN_zz_r5_d6_s44;MNIST_QNN_zz_r5_d6_s45
cross_cell_12,12,0,512,zz_r5_d6,MNIST_QNN_zz_r5_d6_s43;MNIST_QNN_zz_r5_d6_s44;MNIST_QNN_zz_r5_d6_s45,MNIST_QNN_eff_su2_r1_d2_s43;MNIST_QNN_eff_su2_r1_d2_s44;MNIST_QNN_eff_su2_r1_d2_s45;MNIST_QNN_eff_su2_r5_d2_s43;MNIST_QNN_eff_su2_r5_d2_s44;MNIST_QNN_eff_su2_r5_d2_s45;MNIST_QNN_z_r1_d6_s43;MNIST_QNN_z_r1_d6_s44;MNIST_QNN_z_r1_d6_s45;MNIST_QNN_zz_r1_d6_s43;MNIST_QNN_zz_r1_d6_s44;MNIST_QNN_zz_r1_d6_s45
same_cell_2,2,0,1024,eff_su2_r1_d2,MNIST_QNN_eff_su2_r1_d2_s43,MNIST_QNN_eff_su2_r1_d2_s44;MNIST_QNN_eff_su2_r1_d2_s45
same_cell_2,2,0,1024,eff_su2_r1_d2,MNIST_QNN_eff_su2_r1_d2_s44,MNIST_QNN_eff_su2_r1_d2_s43;MNIST_QNN_eff_su2_r1_d2_s45
same_cell_2,2,0,1024,eff_su2_r1_d2,MNIST_QNN_eff_su2_r1_d2_s45,MNIST_QNN_eff_su2_r1_d2_s43;MNIST_QNN_eff_su2_r1_d2_s44
same_cell_2,2,0,1024,eff_su2_r5_d2,MNIST_QNN_eff_su2_r5_d2_s43,MNIST_QNN_eff_su2_r5_d2_s44;MNIST_QNN_eff_su2_r5_d2_s45
same_cell_2,2,0,1024,eff_su2_r5_d2,MNIST_QNN_eff_su2_r5_d2_s44,MNIST_QNN_eff_su2_r5_d2_s43;MNIST_QNN_eff_su2_r5_d2_s45
same_cell_2,2,0,1024,eff_su2_r5_d2,MNIST_QNN_eff_su2_r5_d2_s45,MNIST_QNN_eff_su2_r5_d2_s43;MNIST_QNN_eff_su2_r5_d2_s44
same_cell_2,2,0,1024,z_r1_d6,MNIST_QNN_z_r1_d6_s43,MNIST_QNN_z_r1_d6_s44;MNIST_QNN_z_r1_d6_s45
same_cell_2,2,0,1024,z_r1_d6,MNIST_QNN_z_r1_d6_s44,MNIST_QNN_z_r1_d6_s43;MNIST_QNN_z_r1_d6_s45
same_cell_2,2,0,1024,z_r1_d6,MNIST_QNN_z_r1_d6_s45,MNIST_QNN_z_r1_d6_s43;MNIST_QNN_z_r1_d6_s44
same_cell_2,2,0,1024,zz_r1_d6,MNIST_QNN_zz_r1_d6_s43,MNIST_QNN_zz_r1_d6_s44;MNIST_QNN_zz_r1_d6_s45
same_cell_2,2,0,1024,zz_r1_d6,MNIST_QNN_zz_r1_d6_s44,MNIST_QNN_zz_r1_d6_s43;MNIST_QNN_zz_r1_d6_s45
same_cell_2,2,0,1024,zz_r1_d6,MNIST_QNN_zz_r1_d6_s45,MNIST_QNN_zz_r1_d6_s43;MNIST_QNN_zz_r1_d6_s44
same_cell_2,2,0,1024,zz_r5_d6,MNIST_QNN_zz_r5_d6_s43,MNIST_QNN_zz_r5_d6_s44;MNIST_QNN_zz_r5_d6_s45
same_cell_2,2,0,1024,zz_r5_d6,MNIST_QNN_zz_r5_d6_s44,MNIST_QNN_zz_r5_d6_s43;MNIST_QNN_zz_r5_d6_s45
same_cell_2,2,0,1024,zz_r5_d6,MNIST_QNN_zz_r5_d6_s45,MNIST_QNN_zz_r5_d6_s43;MNIST_QNN_zz_r5_d6_s44
cross_cell_2,2,0,1024,eff_su2_r1_d2,MNIST_QNN_eff_su2_r1_d2_s43;MNIST_QNN_eff_su2_r1_d2_s44;MNIST_QNN_eff_su2_r1_d2_s45,MNIST_QNN_eff_su2_r5_d2_s45;MNIST_QNN_z_r1_d6_s43
cross_cell_2,2,0,1024,eff_su2_r5_d2,MNIST_QNN_eff_su2_r5_d2_s43;MNIST_QNN_eff_su2_r5_d2_s44;MNIST_QNN_eff_su2_r5_d2_s45,MNIST_QNN_eff_su2_r1_d2_s45;MNIST_QNN_z_r1_d6_s44
cross_cell_2,2,0,1024,z_r1_d6,MNIST_QNN_z_r1_d6_s43;MNIST_QNN_z_r1_d6_s44;MNIST_QNN_z_r1_d6_s45,MNIST_QNN_eff_su2_r5_d2_s43;MNIST_QNN_zz_r1_d6_s43
cross_cell_2,2,0,1024,zz_r1_d6,MNIST_QNN_zz_r1_d6_s43;MNIST_QNN_zz_r1_d6_s44;MNIST_QNN_zz_r1_d6_s45,MNIST_QNN_zz_r5_d6_s43;MNIST_QNN_zz_r5_d6_s44
cross_cell_2,2,0,1024,zz_r5_d6,MNIST_QNN_zz_r5_d6_s43;MNIST_QNN_zz_r5_d6_s44;MNIST_QNN_zz_r5_d6_s45,MNIST_QNN_eff_su2_r5_d2_s43;MNIST_QNN_z_r1_d6_s43
cross_cell_2,2,1,1024,eff_su2_r1_d2,MNIST_QNN_eff_su2_r1_d2_s43;MNIST_QNN_eff_su2_r1_d2_s44;MNIST_QNN_eff_su2_r1_d2_s45,MNIST_QNN_eff_su2_r5_d2_s45;MNIST_QNN_zz_r5_d6_s45
cross_cell_2,2,1,1024,eff_su2_r5_d2,MNIST_QNN_eff_su2_r5_d2_s43;MNIST_QNN_eff_su2_r5_d2_s44;MNIST_QNN_eff_su2_r5_d2_s45,MNIST_QNN_zz_r1_d6_s43;MNIST_QNN_zz_r1_d6_s45
cross_cell_2,2,1,1024,z_r1_d6,MNIST_QNN_z_r1_d6_s43;MNIST_QNN_z_r1_d6_s44;MNIST_QNN_z_r1_d6_s45,MNIST_QNN_zz_r1_d6_s44;MNIST_QNN_zz_r1_d6_s45
cross_cell_2,2,1,1024,zz_r1_d6,MNIST_QNN_zz_r1_d6_s43;MNIST_QNN_zz_r1_d6_s44;MNIST_QNN_zz_r1_d6_s45,MNIST_QNN_eff_su2_r1_d2_s43;MNIST_QNN_eff_su2_r5_d2_s44
cross_cell_2,2,1,1024,zz_r5_d6,MNIST_QNN_zz_r5_d6_s43;MNIST_QNN_zz_r5_d6_s44;MNIST_QNN_zz_r5_d6_s45,MNIST_QNN_eff_su2_r1_d2_s43;MNIST_QNN_eff_su2_r1_d2_s45
cross_cell_2,2,2,1024,eff_su2_r1_d2,MNIST_QNN_eff_su2_r1_d2_s43;MNIST_QNN_eff_su2_r1_d2_s44;MNIST_QNN_eff_su2_r1_d2_s45,MNIST_QNN_z_r1_d6_s43;MNIST_QNN_z_r1_d6_s44
cross_cell_2,2,2,1024,eff_su2_r5_d2,MNIST_QNN_eff_su2_r5_d2_s43;MNIST_QNN_eff_su2_r5_d2_s44;MNIST_QNN_eff_su2_r5_d2_s45,MNIST_QNN_eff_su2_r1_d2_s45;MNIST_QNN_zz_r5_d6_s43
cross_cell_2,2,2,1024,z_r1_d6,MNIST_QNN_z_r1_d6_s43;MNIST_QNN_z_r1_d6_s44;MNIST_QNN_z_r1_d6_s45,MNIST_QNN_eff_su2_r1_d2_s43;MNIST_QNN_eff_su2_r1_d2_s44
cross_cell_2,2,2,1024,zz_r1_d6,MNIST_QNN_zz_r1_d6_s43;MNIST_QNN_zz_r1_d6_s44;MNIST_QNN_zz_r1_d6_s45,MNIST_QNN_z_r1_d6_s45;MNIST_QNN_zz_r5_d6_s43
cross_cell_2,2,2,1024,zz_r5_d6,MNIST_QNN_zz_r5_d6_s43;MNIST_QNN_zz_r5_d6_s44;MNIST_QNN_zz_r5_d6_s45,MNIST_QNN_eff_su2_r5_d2_s44;MNIST_QNN_eff_su2_r5_d2_s45
cross_cell_2,2,3,1024,eff_su2_r1_d2,MNIST_QNN_eff_su2_r1_d2_s43;MNIST_QNN_eff_su2_r1_d2_s44;MNIST_QNN_eff_su2_r1_d2_s45,MNIST_QNN_zz_r1_d6_s44;MNIST_QNN_zz_r5_d6_s45
cross_cell_2,2,3,1024,eff_su2_r5_d2,MNIST_QNN_eff_su2_r5_d2_s43;MNIST_QNN_eff_su2_r5_d2_s44;MNIST_QNN_eff_su2_r5_d2_s45,MNIST_QNN_eff_su2_r1_d2_s43;MNIST_QNN_zz_r5_d6_s44
cross_cell_2,2,3,1024,z_r1_d6,MNIST_QNN_z_r1_d6_s43;MNIST_QNN_z_r1_d6_s44;MNIST_QNN_z_r1_d6_s45,MNIST_QNN_eff_su2_r1_d2_s43;MNIST_QNN_zz_r1_d6_s45
cross_cell_2,2,3,1024,zz_r1_d6,MNIST_QNN_zz_r1_d6_s43;MNIST_QNN_zz_r1_d6_s44;MNIST_QNN_zz_r1_d6_s45,MNIST_QNN_z_r1_d6_s43;MNIST_QNN_zz_r5_d6_s44
cross_cell_2,2,3,1024,zz_r5_d6,MNIST_QNN_zz_r5_d6_s43;MNIST_QNN_zz_r5_d6_s44;MNIST_QNN_zz_r5_d6_s45,MNIST_QNN_eff_su2_r5_d2_s43;MNIST_QNN_z_r1_d6_s44
cross_cell_2,2,4,1024,eff_su2_r1_d2,MNIST_QNN_eff_su2_r1_d2_s43;MNIST_QNN_eff_su2_r1_d2_s44;MNIST_QNN_eff_su2_r1_d2_s45,MNIST_QNN_eff_su2_r5_d2_s44;MNIST_QNN_zz_r1_d6_s44
cross_cell_2,2,4,1024,eff_su2_r5_d2,MNIST_QNN_eff_su2_r5_d2_s43;MNIST_QNN_eff_su2_r5_d2_s44;MNIST_QNN_eff_su2_r5_d2_s45,MNIST_QNN_eff_su2_r1_d2_s43;MNIST_QNN_zz_r5_d6_s45
cross_cell_2,2,4,1024,z_r1_d6,MNIST_QNN_z_r1_d6_s43;MNIST_QNN_z_r1_d6_s44;MNIST_QNN_z_r1_d6_s45,MNIST_QNN_eff_su2_r5_d2_s45;MNIST_QNN_zz_r5_d6_s44
cross_cell_2,2,4,1024,zz_r1_d6,MNIST_QNN_zz_r1_d6_s43;MNIST_QNN_zz_r1_d6_s44;MNIST_QNN_zz_r1_d6_s45,MNIST_QNN_eff_su2_r5_d2_s44;MNIST_QNN_z_r1_d6_s45
cross_cell_2,2,4,1024,zz_r5_d6,MNIST_QNN_zz_r5_d6_s43;MNIST_QNN_zz_r5_d6_s44;MNIST_QNN_zz_r5_d6_s45,MNIST_QNN_eff_su2_r5_d2_s45;MNIST_QNN_zz_r1_d6_s44
cross_cell_2,2,5,1024,eff_su2_r1_d2,MNIST_QNN_eff_su2_r1_d2_s43;MNIST_QNN_eff_su2_r1_d2_s44;MNIST_QNN_eff_su2_r1_d2_s45,MNIST_QNN_eff_su2_r5_d2_s43;MNIST_QNN_eff_su2_r5_d2_s44
cross_cell_2,2,5,1024,eff_su2_r5_d2,MNIST_QNN_eff_su2_r5_d2_s43;MNIST_QNN_eff_su2_r5_d2_s44;MNIST_QNN_eff_su2_r5_d2_s45,MNIST_QNN_eff_su2_r1_d2_s44;MNIST_QNN_z_r1_d6_s45
cross_cell_2,2,5,1024,z_r1_d6,MNIST_QNN_z_r1_d6_s43;MNIST_QNN_z_r1_d6_s44;MNIST_QNN_z_r1_d6_s45,MNIST_QNN_zz_r1_d6_s43;MNIST_QNN_zz_r5_d6_s45
cross_cell_2,2,5,1024,zz_r1_d6,MNIST_QNN_zz_r1_d6_s43;MNIST_QNN_zz_r1_d6_s44;MNIST_QNN_zz_r1_d6_s45,MNIST_QNN_eff_su2_r1_d2_s43;MNIST_QNN_z_r1_d6_s45
cross_cell_2,2,5,1024,zz_r5_d6,MNIST_QNN_zz_r5_d6_s43;MNIST_QNN_zz_r5_d6_s44;MNIST_QNN_zz_r5_d6_s45,MNIST_QNN_z_r1_d6_s43;MNIST_QNN_z_r1_d6_s44
cross_cell_2,2,6,1024,eff_su2_r1_d2,MNIST_QNN_eff_su2_r1_d2_s43;MNIST_QNN_eff_su2_r1_d2_s44;MNIST_QNN_eff_su2_r1_d2_s45,MNIST_QNN_z_r1_d6_s44;MNIST_QNN_zz_r1_d6_s45
cross_cell_2,2,6,1024,eff_su2_r5_d2,MNIST_QNN_eff_su2_r5_d2_s43;MNIST_QNN_eff_su2_r5_d2_s44;MNIST_QNN_eff_su2_r5_d2_s45,MNIST_QNN_eff_su2_r1_d2_s43;MNIST_QNN_zz_r1_d6_s43
cross_cell_2,2,6,1024,z_r1_d6,MNIST_QNN_z_r1_d6_s43;MNIST_QNN_z_r1_d6_s44;MNIST_QNN_z_r1_d6_s45,MNIST_QNN_eff_su2_r5_d2_s43;MNIST_QNN_zz_r5_d6_s43
cross_cell_2,2,6,1024,zz_r1_d6,MNIST_QNN_zz_r1_d6_s43;MNIST_QNN_zz_r1_d6_s44;MNIST_QNN_zz_r1_d6_s45,MNIST_QNN_eff_su2_r1_d2_s43;MNIST_QNN_eff_su2_r5_d2_s45
cross_cell_2,2,6,1024,zz_r5_d6,MNIST_QNN_zz_r5_d6_s43;MNIST_QNN_zz_r5_d6_s44;MNIST_QNN_zz_r5_d6_s45,MNIST_QNN_z_r1_d6_s45;MNIST_QNN_zz_r1_d6_s45
cross_cell_2,2,7,1024,eff_su2_r1_d2,MNIST_QNN_eff_su2_r1_d2_s43;MNIST_QNN_eff_su2_r1_d2_s44;MNIST_QNN_eff_su2_r1_d2_s45,MNIST_QNN_z_r1_d6_s44;MNIST_QNN_z_r1_d6_s45
cross_cell_2,2,7,1024,eff_su2_r5_d2,MNIST_QNN_eff_su2_r5_d2_s43;MNIST_QNN_eff_su2_r5_d2_s44;MNIST_QNN_eff_su2_r5_d2_s45,MNIST_QNN_eff_su2_r1_d2_s44;MNIST_QNN_zz_r1_d6_s44
cross_cell_2,2,7,1024,z_r1_d6,MNIST_QNN_z_r1_d6_s43;MNIST_QNN_z_r1_d6_s44;MNIST_QNN_z_r1_d6_s45,MNIST_QNN_zz_r1_d6_s44;MNIST_QNN_zz_r5_d6_s43
cross_cell_2,2,7,1024,zz_r1_d6,MNIST_QNN_zz_r1_d6_s43;MNIST_QNN_zz_r1_d6_s44;MNIST_QNN_zz_r1_d6_s45,MNIST_QNN_z_r1_d6_s43;MNIST_QNN_zz_r5_d6_s43
cross_cell_2,2,7,1024,zz_r5_d6,MNIST_QNN_zz_r5_d6_s43;MNIST_QNN_zz_r5_d6_s44;MNIST_QNN_zz_r5_d6_s45,MNIST_QNN_zz_r1_d6_s44;MNIST_QNN_zz_r1_d6_s45
cross_cell_2,2,8,1024,eff_su2_r1_d2,MNIST_QNN_eff_su2_r1_d2_s43;MNIST_QNN_eff_su2_r1_d2_s44;MNIST_QNN_eff_su2_r1_d2_s45,MNIST_QNN_eff_su2_r5_d2_s45;MNIST_QNN_z_r1_d6_s45
cross_cell_2,2,8,1024,eff_su2_r5_d2,MNIST_QNN_eff_su2_r5_d2_s43;MNIST_QNN_eff_su2_r5_d2_s44;MNIST_QNN_eff_su2_r5_d2_s45,MNIST_QNN_eff_su2_r1_d2_s45;MNIST_QNN_z_r1_d6_s43
cross_cell_2,2,8,1024,z_r1_d6,MNIST_QNN_z_r1_d6_s43;MNIST_QNN_z_r1_d6_s44;MNIST_QNN_z_r1_d6_s45,MNIST_QNN_eff_su2_r5_d2_s44;MNIST_QNN_zz_r1_d6_s43
cross_cell_2,2,8,1024,zz_r1_d6,MNIST_QNN_zz_r1_d6_s43;MNIST_QNN_zz_r1_d6_s44;MNIST_QNN_zz_r1_d6_s45,MNIST_QNN_z_r1_d6_s44;MNIST_QNN_zz_r5_d6_s44
cross_cell_2,2,8,1024,zz_r5_d6,MNIST_QNN_zz_r5_d6_s43;MNIST_QNN_zz_r5_d6_s44;MNIST_QNN_zz_r5_d6_s45,MNIST_QNN_eff_su2_r1_d2_s44;MNIST_QNN_zz_r1_d6_s45
cross_cell_2,2,9,1024,eff_su2_r1_d2,MNIST_QNN_eff_su2_r1_d2_s43;MNIST_QNN_eff_su2_r1_d2_s44;MNIST_QNN_eff_su2_r1_d2_s45,MNIST_QNN_zz_r5_d6_s43;MNIST_QNN_zz_r5_d6_s45
cross_cell_2,2,9,1024,eff_su2_r5_d2,MNIST_QNN_eff_su2_r5_d2_s43;MNIST_QNN_eff_su2_r5_d2_s44;MNIST_QNN_eff_su2_r5_d2_s45,MNIST_QNN_z_r1_d6_s44;MNIST_QNN_zz_r5_d6_s45
cross_cell_2,2,9,1024,z_r1_d6,MNIST_QNN_z_r1_d6_s43;MNIST_QNN_z_r1_d6_s44;MNIST_QNN_z_r1_d6_s45,MNIST_QNN_zz_r1_d6_s43;MNIST_QNN_zz_r1_d6_s45
cross_cell_2,2,9,1024,zz_r1_d6,MNIST_QNN_zz_r1_d6_s43;MNIST_QNN_zz_r1_d6_s44;MNIST_QNN_zz_r1_d6_s45,MNIST_QNN_eff_su2_r1_d2_s43;MNIST_QNN_zz_r5_d6_s44
cross_cell_2,2,9,1024,zz_r5_d6,MNIST_QNN_zz_r5_d6_s43;MNIST_QNN_zz_r5_d6_s44;MNIST_QNN_zz_r5_d6_s45,MNIST_QNN_z_r1_d6_s44;MNIST_QNN_zz_r1_d6_s44
cross_cell_2,2,10,1024,eff_su2_r1_d2,MNIST_QNN_eff_su2_r1_d2_s43;MNIST_QNN_eff_su2_r1_d2_s44;MNIST_QNN_eff_su2_r1_d2_s45,MNIST_QNN_z_r1_d6_s43;MNIST_QNN_zz_r1_d6_s43
cross_cell_2,2,10,1024,eff_su2_r5_d2,MNIST_QNN_eff_su2_r5_d2_s43;MNIST_QNN_eff_su2_r5_d2_s44;MNIST_QNN_eff_su2_r5_d2_s45,MNIST_QNN_z_r1_d6_s43;MNIST_QNN_z_r1_d6_s44
cross_cell_2,2,10,1024,z_r1_d6,MNIST_QNN_z_r1_d6_s43;MNIST_QNN_z_r1_d6_s44;MNIST_QNN_z_r1_d6_s45,MNIST_QNN_zz_r1_d6_s43;MNIST_QNN_zz_r5_d6_s44
cross_cell_2,2,10,1024,zz_r1_d6,MNIST_QNN_zz_r1_d6_s43;MNIST_QNN_zz_r1_d6_s44;MNIST_QNN_zz_r1_d6_s45,MNIST_QNN_eff_su2_r1_d2_s45;MNIST_QNN_z_r1_d6_s45
cross_cell_2,2,10,1024,zz_r5_d6,MNIST_QNN_zz_r5_d6_s43;MNIST_QNN_zz_r5_d6_s44;MNIST_QNN_zz_r5_d6_s45,MNIST_QNN_eff_su2_r1_d2_s44;MNIST_QNN_z_r1_d6_s44
cross_cell_2,2,11,1024,eff_su2_r1_d2,MNIST_QNN_eff_su2_r1_d2_s43;MNIST_QNN_eff_su2_r1_d2_s44;MNIST_QNN_eff_su2_r1_d2_s45,MNIST_QNN_eff_su2_r5_d2_s44;MNIST_QNN_zz_r1_d6_s43
cross_cell_2,2,11,1024,eff_su2_r5_d2,MNIST_QNN_eff_su2_r5_d2_s43;MNIST_QNN_eff_su2_r5_d2_s44;MNIST_QNN_eff_su2_r5_d2_s45,MNIST_QNN_eff_su2_r1_d2_s45;MNIST_QNN_zz_r1_d6_s44
cross_cell_2,2,11,1024,z_r1_d6,MNIST_QNN_z_r1_d6_s43;MNIST_QNN_z_r1_d6_s44;MNIST_QNN_z_r1_d6_s45,MNIST_QNN_eff_su2_r1_d2_s44;MNIST_QNN_zz_r5_d6_s44
cross_cell_2,2,11,1024,zz_r1_d6,MNIST_QNN_zz_r1_d6_s43;MNIST_QNN_zz_r1_d6_s44;MNIST_QNN_zz_r1_d6_s45,MNIST_QNN_eff_su2_r1_d2_s45;MNIST_QNN_eff_su2_r5_d2_s43
cross_cell_2,2,11,1024,zz_r5_d6,MNIST_QNN_zz_r5_d6_s43;MNIST_QNN_zz_r5_d6_s44;MNIST_QNN_zz_r5_d6_s45,MNIST_QNN_eff_su2_r5_d2_s44;MNIST_QNN_zz_r1_d6_s43
cross_cell_2,2,12,1024,eff_su2_r1_d2,MNIST_QNN_eff_su2_r1_d2_s43;MNIST_QNN_eff_su2_r1_d2_s44;MNIST_QNN_eff_su2_r1_d2_s45,MNIST_QNN_z_r1_d6_s44;MNIST_QNN_zz_r1_d6_s43
cross_cell_2,2,12,1024,eff_su2_r5_d2,MNIST_QNN_eff_su2_r5_d2_s43;MNIST_QNN_eff_su2_r5_d2_s44;MNIST_QNN_eff_su2_r5_d2_s45,MNIST_QNN_z_r1_d6_s44;MNIST_QNN_zz_r5_d6_s43
cross_cell_2,2,12,1024,z_r1_d6,MNIST_QNN_z_r1_d6_s43;MNIST_QNN_z_r1_d6_s44;MNIST_QNN_z_r1_d6_s45,MNIST_QNN_eff_su2_r5_d2_s44;MNIST_QNN_zz_r5_d6_s44
cross_cell_2,2,12,1024,zz_r1_d6,MNIST_QNN_zz_r1_d6_s43;MNIST_QNN_zz_r1_d6_s44;MNIST_QNN_zz_r1_d6_s45,MNIST_QNN_eff_su2_r1_d2_s45;MNIST_QNN_zz_r5_d6_s43
cross_cell_2,2,12,1024,zz_r5_d6,MNIST_QNN_zz_r5_d6_s43;MNIST_QNN_zz_r5_d6_s44;MNIST_QNN_zz_r5_d6_s45,MNIST_QNN_eff_su2_r5_d2_s44;MNIST_QNN_z_r1_d6_s43
cross_cell_2,2,13,1024,eff_su2_r1_d2,MNIST_QNN_eff_su2_r1_d2_s43;MNIST_QNN_eff_su2_r1_d2_s44;MNIST_QNN_eff_su2_r1_d2_s45,MNIST_QNN_eff_su2_r5_d2_s45;MNIST_QNN_z_r1_d6_s44
cross_cell_2,2,13,1024,eff_su2_r5_d2,MNIST_QNN_eff_su2_r5_d2_s43;MNIST_QNN_eff_su2_r5_d2_s44;MNIST_QNN_eff_su2_r5_d2_s45,MNIST_QNN_eff_su2_r1_d2_s44;MNIST_QNN_eff_su2_r1_d2_s45
cross_cell_2,2,13,1024,z_r1_d6,MNIST_QNN_z_r1_d6_s43;MNIST_QNN_z_r1_d6_s44;MNIST_QNN_z_r1_d6_s45,MNIST_QNN_eff_su2_r1_d2_s43;MNIST_QNN_eff_su2_r5_d2_s45
cross_cell_2,2,13,1024,zz_r1_d6,MNIST_QNN_zz_r1_d6_s43;MNIST_QNN_zz_r1_d6_s44;MNIST_QNN_zz_r1_d6_s45,MNIST_QNN_eff_su2_r1_d2_s43;MNIST_QNN_zz_r5_d6_s43
cross_cell_2,2,13,1024,zz_r5_d6,MNIST_QNN_zz_r5_d6_s43;MNIST_QNN_zz_r5_d6_s44;MNIST_QNN_zz_r5_d6_s45,MNIST_QNN_zz_r1_d6_s43;MNIST_QNN_zz_r1_d6_s44
cross_cell_2,2,14,1024,eff_su2_r1_d2,MNIST_QNN_eff_su2_r1_d2_s43;MNIST_QNN_eff_su2_r1_d2_s44;MNIST_QNN_eff_su2_r1_d2_s45,MNIST_QNN_zz_r1_d6_s43;MNIST_QNN_zz_r5_d6_s44
cross_cell_2,2,14,1024,eff_su2_r5_d2,MNIST_QNN_eff_su2_r5_d2_s43;MNIST_QNN_eff_su2_r5_d2_s44;MNIST_QNN_eff_su2_r5_d2_s45,MNIST_QNN_eff_su2_r1_d2_s43;MNIST_QNN_zz_r5_d6_s43
cross_cell_2,2,14,1024,z_r1_d6,MNIST_QNN_z_r1_d6_s43;MNIST_QNN_z_r1_d6_s44;MNIST_QNN_z_r1_d6_s45,MNIST_QNN_zz_r5_d6_s43;MNIST_QNN_zz_r5_d6_s44
cross_cell_2,2,14,1024,zz_r1_d6,MNIST_QNN_zz_r1_d6_s43;MNIST_QNN_zz_r1_d6_s44;MNIST_QNN_zz_r1_d6_s45,MNIST_QNN_eff_su2_r5_d2_s45;MNIST_QNN_z_r1_d6_s45
cross_cell_2,2,14,1024,zz_r5_d6,MNIST_QNN_zz_r5_d6_s43;MNIST_QNN_zz_r5_d6_s44;MNIST_QNN_zz_r5_d6_s45,MNIST_QNN_z_r1_d6_s45;MNIST_QNN_zz_r1_d6_s44
cross_cell_2,2,15,1024,eff_su2_r1_d2,MNIST_QNN_eff_su2_r1_d2_s43;MNIST_QNN_eff_su2_r1_d2_s44;MNIST_QNN_eff_su2_r1_d2_s45,MNIST_QNN_z_r1_d6_s44;MNIST_QNN_zz_r5_d6_s45
cross_cell_2,2,15,1024,eff_su2_r5_d2,MNIST_QNN_eff_su2_r5_d2_s43;MNIST_QNN_eff_su2_r5_d2_s44;MNIST_QNN_eff_su2_r5_d2_s45,MNIST_QNN_eff_su2_r1_d2_s43;MNIST_QNN_zz_r1_d6_s45
cross_cell_2,2,15,1024,z_r1_d6,MNIST_QNN_z_r1_d6_s43;MNIST_QNN_z_r1_d6_s44;MNIST_QNN_z_r1_d6_s45,MNIST_QNN_eff_su2_r1_d2_s43;MNIST_QNN_eff_su2_r5_d2_s43
cross_cell_2,2,15,1024,zz_r1_d6,MNIST_QNN_zz_r1_d6_s43;MNIST_QNN_zz_r1_d6_s44;MNIST_QNN_zz_r1_d6_s45,MNIST_QNN_eff_su2_r1_d2_s45;MNIST_QNN_eff_su2_r5_d2_s44
cross_cell_2,2,15,1024,zz_r5_d6,MNIST_QNN_zz_r5_d6_s43;MNIST_QNN_zz_r5_d6_s44;MNIST_QNN_zz_r5_d6_s45,MNIST_QNN_eff_su2_r5_d2_s45;MNIST_QNN_zz_r1_d6_s43
cross_cell_2,2,16,1024,eff_su2_r1_d2,MNIST_QNN_eff_su2_r1_d2_s43;MNIST_QNN_eff_su2_r1_d2_s44;MNIST_QNN_eff_su2_r1_d2_s45,MNIST_QNN_eff_su2_r5_d2_s45;MNIST_QNN_zz_r1_d6_s44
cross_cell_2,2,16,1024,eff_su2_r5_d2,MNIST_QNN_eff_su2_r5_d2_s43;MNIST_QNN_eff_su2_r5_d2_s44;MNIST_QNN_eff_su2_r5_d2_s45,MNIST_QNN_zz_r1_d6_s43;MNIST_QNN_zz_r5_d6_s45
cross_cell_2,2,16,1024,z_r1_d6,MNIST_QNN_z_r1_d6_s43;MNIST_QNN_z_r1_d6_s44;MNIST_QNN_z_r1_d6_s45,MNIST_QNN_eff_su2_r5_d2_s45;MNIST_QNN_zz_r1_d6_s43
cross_cell_2,2,16,1024,zz_r1_d6,MNIST_QNN_zz_r1_d6_s43;MNIST_QNN_zz_r1_d6_s44;MNIST_QNN_zz_r1_d6_s45,MNIST_QNN_eff_su2_r1_d2_s45;MNIST_QNN_zz_r5_d6_s45
cross_cell_2,2,16,1024,zz_r5_d6,MNIST_QNN_zz_r5_d6_s43;MNIST_QNN_zz_r5_d6_s44;MNIST_QNN_zz_r5_d6_s45,MNIST_QNN_eff_su2_r1_d2_s43;MNIST_QNN_z_r1_d6_s45
cross_cell_2,2,17,1024,eff_su2_r1_d2,MNIST_QNN_eff_su2_r1_d2_s43;MNIST_QNN_eff_su2_r1_d2_s44;MNIST_QNN_eff_su2_r1_d2_s45,MNIST_QNN_eff_su2_r5_d2_s44;MNIST_QNN_zz_r5_d6_s44
cross_cell_2,2,17,1024,eff_su2_r5_d2,MNIST_QNN_eff_su2_r5_d2_s43;MNIST_QNN_eff_su2_r5_d2_s44;MNIST_QNN_eff_su2_r5_d2_s45,MNIST_QNN_z_r1_d6_s43;MNIST_QNN_zz_r5_d6_s44
cross_cell_2,2,17,1024,z_r1_d6,MNIST_QNN_z_r1_d6_s43;MNIST_QNN_z_r1_d6_s44;MNIST_QNN_z_r1_d6_s45,MNIST_QNN_eff_su2_r5_d2_s43;MNIST_QNN_zz_r1_d6_s44
cross_cell_2,2,17,1024,zz_r1_d6,MNIST_QNN_zz_r1_d6_s43;MNIST_QNN_zz_r1_d6_s44;MNIST_QNN_zz_r1_d6_s45,MNIST_QNN_z_r1_d6_s43;MNIST_QNN_z_r1_d6_s45
cross_cell_2,2,17,1024,zz_r5_d6,MNIST_QNN_zz_r5_d6_s43;MNIST_QNN_zz_r5_d6_s44;MNIST_QNN_zz_r5_d6_s45,MNIST_QNN_eff_su2_r5_d2_s44;MNIST_QNN_z_r1_d6_s44
cross_cell_2,2,18,1024,eff_su2_r1_d2,MNIST_QNN_eff_su2_r1_d2_s43;MNIST_QNN_eff_su2_r1_d2_s44;MNIST_QNN_eff_su2_r1_d2_s45,MNIST_QNN_z_r1_d6_s45;MNIST_QNN_zz_r5_d6_s45
cross_cell_2,2,18,1024,eff_su2_r5_d2,MNIST_QNN_eff_su2_r5_d2_s43;MNIST_QNN_eff_su2_r5_d2_s44;MNIST_QNN_eff_su2_r5_d2_s45,MNIST_QNN_zz_r5_d6_s43;MNIST_QNN_zz_r5_d6_s44
cross_cell_2,2,18,1024,z_r1_d6,MNIST_QNN_z_r1_d6_s43;MNIST_QNN_z_r1_d6_s44;MNIST_QNN_z_r1_d6_s45,MNIST_QNN_zz_r1_d6_s43;MNIST_QNN_zz_r1_d6_s44
cross_cell_2,2,18,1024,zz_r1_d6,MNIST_QNN_zz_r1_d6_s43;MNIST_QNN_zz_r1_d6_s44;MNIST_QNN_zz_r1_d6_s45,MNIST_QNN_eff_su2_r5_d2_s43;MNIST_QNN_z_r1_d6_s45
cross_cell_2,2,18,1024,zz_r5_d6,MNIST_QNN_zz_r5_d6_s43;MNIST_QNN_zz_r5_d6_s44;MNIST_QNN_zz_r5_d6_s45,MNIST_QNN_z_r1_d6_s43;MNIST_QNN_zz_r1_d6_s44
cross_cell_2,2,19,1024,eff_su2_r1_d2,MNIST_QNN_eff_su2_r1_d2_s43;MNIST_QNN_eff_su2_r1_d2_s44;MNIST_QNN_eff_su2_r1_d2_s45,MNIST_QNN_zz_r1_d6_s45;MNIST_QNN_zz_r5_d6_s43
cross_cell_2,2,19,1024,eff_su2_r5_d2,MNIST_QNN_eff_su2_r5_d2_s43;MNIST_QNN_eff_su2_r5_d2_s44;MNIST_QNN_eff_su2_r5_d2_s45,MNIST_QNN_zz_r1_d6_s43;MNIST_QNN_zz_r1_d6_s44
cross_cell_2,2,19,1024,z_r1_d6,MNIST_QNN_z_r1_d6_s43;MNIST_QNN_z_r1_d6_s44;MNIST_QNN_z_r1_d6_s45,MNIST_QNN_eff_su2_r5_d2_s44;MNIST_QNN_eff_su2_r5_d2_s45
cross_cell_2,2,19,1024,zz_r1_d6,MNIST_QNN_zz_r1_d6_s43;MNIST_QNN_zz_r1_d6_s44;MNIST_QNN_zz_r1_d6_s45,MNIST_QNN_zz_r5_d6_s43;MNIST_QNN_zz_r5_d6_s45
cross_cell_2,2,19,1024,zz_r5_d6,MNIST_QNN_zz_r5_d6_s43;MNIST_QNN_zz_r5_d6_s44;MNIST_QNN_zz_r5_d6_s45,MNIST_QNN_eff_su2_r1_d2_s44;MNIST_QNN_eff_su2_r1_d2_s45
cross_cell_2,2,20,1024,eff_su2_r1_d2,MNIST_QNN_eff_su2_r1_d2_s43;MNIST_QNN_eff_su2_r1_d2_s44;MNIST_QNN_eff_su2_r1_d2_s45,MNIST_QNN_eff_su2_r5_d2_s45;MNIST_QNN_zz_r1_d6_s43
cross_cell_2,2,20,1024,eff_su2_r5_d2,MNIST_QNN_eff_su2_r5_d2_s43;MNIST_QNN_eff_su2_r5_d2_s44;MNIST_QNN_eff_su2_r5_d2_s45,MNIST_QNN_z_r1_d6_s45;MNIST_QNN_zz_r5_d6_s43
cross_cell_2,2,20,1024,z_r1_d6,MNIST_QNN_z_r1_d6_s43;MNIST_QNN_z_r1_d6_s44;MNIST_QNN_z_r1_d6_s45,MNIST_QNN_eff_su2_r1_d2_s44;MNIST_QNN_zz_r5_d6_s43
cross_cell_2,2,20,1024,zz_r1_d6,MNIST_QNN_zz_r1_d6_s43;MNIST_QNN_zz_r1_d6_s44;MNIST_QNN_zz_r1_d6_s45,MNIST_QNN_eff_su2_r1_d2_s44;MNIST_QNN_zz_r5_d6_s43
cross_cell_2,2,20,1024,zz_r5_d6,MNIST_QNN_zz_r5_d6_s43;MNIST_QNN_zz_r5_d6_s44;MNIST_QNN_zz_r5_d6_s45,MNIST_QNN_eff_su2_r1_d2_s45;MNIST_QNN_z_r1_d6_s43
cross_cell_2,2,21,1024,eff_su2_r1_d2,MNIST_QNN_eff_su2_r1_d2_s43;MNIST_QNN_eff_su2_r1_d2_s44;MNIST_QNN_eff_su2_r1_d2_s45,MNIST_QNN_zz_r1_d6_s43;MNIST_QNN_zz_r1_d6_s45
cross_cell_2,2,21,1024,eff_su2_r5_d2,MNIST_QNN_eff_su2_r5_d2_s43;MNIST_QNN_eff_su2_r5_d2_s44;MNIST_QNN_eff_su2_r5_d2_s45,MNIST_QNN_z_r1_d6_s43;MNIST_QNN_z_r1_d6_s45
cross_cell_2,2,21,1024,z_r1_d6,MNIST_QNN_z_r1_d6_s43;MNIST_QNN_z_r1_d6_s44;MNIST_QNN_z_r1_d6_s45,MNIST_QNN_eff_su2_r1_d2_s44;MNIST_QNN_zz_r1_d6_s43
cross_cell_2,2,21,1024,zz_r1_d6,MNIST_QNN_zz_r1_d6_s43;MNIST_QNN_zz_r1_d6_s44;MNIST_QNN_zz_r1_d6_s45,MNIST_QNN_eff_su2_r5_d2_s45;MNIST_QNN_zz_r5_d6_s44
cross_cell_2,2,21,1024,zz_r5_d6,MNIST_QNN_zz_r5_d6_s43;MNIST_QNN_zz_r5_d6_s44;MNIST_QNN_zz_r5_d6_s45,MNIST_QNN_eff_su2_r5_d2_s43;MNIST_QNN_zz_r1_d6_s43
cross_cell_2,2,22,1024,eff_su2_r1_d2,MNIST_QNN_eff_su2_r1_d2_s43;MNIST_QNN_eff_su2_r1_d2_s44;MNIST_QNN_eff_su2_r1_d2_s45,MNIST_QNN_zz_r1_d6_s44;MNIST_QNN_zz_r5_d6_s43
cross_cell_2,2,22,1024,eff_su2_r5_d2,MNIST_QNN_eff_su2_r5_d2_s43;MNIST_QNN_eff_su2_r5_d2_s44;MNIST_QNN_eff_su2_r5_d2_s45,MNIST_QNN_eff_su2_r1_d2_s44;MNIST_QNN_zz_r5_d6_s43
cross_cell_2,2,22,1024,z_r1_d6,MNIST_QNN_z_r1_d6_s43;MNIST_QNN_z_r1_d6_s44;MNIST_QNN_z_r1_d6_s45,MNIST_QNN_eff_su2_r1_d2_s43;MNIST_QNN_eff_su2_r1_d2_s45
cross_cell_2,2,22,1024,zz_r1_d6,MNIST_QNN_zz_r1_d6_s43;MNIST_QNN_zz_r1_d6_s44;MNIST_QNN_zz_r1_d6_s45,MNIST_QNN_eff_su2_r1_d2_s45;MNIST_QNN_z_r1_d6_s43
cross_cell_2,2,22,1024,zz_r5_d6,MNIST_QNN_zz_r5_d6_s43;MNIST_QNN_zz_r5_d6_s44;MNIST_QNN_zz_r5_d6_s45,MNIST_QNN_eff_su2_r5_d2_s44;MNIST_QNN_z_r1_d6_s45
cross_cell_2,2,23,1024,eff_su2_r1_d2,MNIST_QNN_eff_su2_r1_d2_s43;MNIST_QNN_eff_su2_r1_d2_s44;MNIST_QNN_eff_su2_r1_d2_s45,MNIST_QNN_eff_su2_r5_d2_s44;MNIST_QNN_zz_r1_d6_s45
cross_cell_2,2,23,1024,eff_su2_r5_d2,MNIST_QNN_eff_su2_r5_d2_s43;MNIST_QNN_eff_su2_r5_d2_s44;MNIST_QNN_eff_su2_r5_d2_s45,MNIST_QNN_eff_su2_r1_d2_s44;MNIST_QNN_zz_r5_d6_s44
cross_cell_2,2,23,1024,z_r1_d6,MNIST_QNN_z_r1_d6_s43;MNIST_QNN_z_r1_d6_s44;MNIST_QNN_z_r1_d6_s45,MNIST_QNN_eff_su2_r1_d2_s44;MNIST_QNN_zz_r1_d6_s45
cross_cell_2,2,23,1024,zz_r1_d6,MNIST_QNN_zz_r1_d6_s43;MNIST_QNN_zz_r1_d6_s44;MNIST_QNN_zz_r1_d6_s45,MNIST_QNN_eff_su2_r5_d2_s44;MNIST_QNN_zz_r5_d6_s45
cross_cell_2,2,23,1024,zz_r5_d6,MNIST_QNN_zz_r5_d6_s43;MNIST_QNN_zz_r5_d6_s44;MNIST_QNN_zz_r5_d6_s45,MNIST_QNN_eff_su2_r5_d2_s43;MNIST_QNN_zz_r1_d6_s45
cross_cell_2,2,24,1024,eff_su2_r1_d2,MNIST_QNN_eff_su2_r1_d2_s43;MNIST_QNN_eff_su2_r1_d2_s44;MNIST_QNN_eff_su2_r1_d2_s45,MNIST_QNN_zz_r1_d6_s43;MNIST_QNN_zz_r5_d6_s43
cross_cell_2,2,24,1024,eff_su2_r5_d2,MNIST_QNN_eff_su2_r5_d2_s43;MNIST_QNN_eff_su2_r5_d2_s44;MNIST_QNN_eff_su2_r5_d2_s45,MNIST_QNN_eff_su2_r1_d2_s43;MNIST_QNN_zz_r1_d6_s44
cross_cell_2,2,24,1024,z_r1_d6,MNIST_QNN_z_r1_d6_s43;MNIST_QNN_z_r1_d6_s44;MNIST_QNN_z_r1_d6_s45,MNIST_QNN_eff_su2_r1_d2_s45;MNIST_QNN_zz_r1_d6_s44
cross_cell_2,2,24,1024,zz_r1_d6,MNIST_QNN_zz_r1_d6_s43;MNIST_QNN_zz_r1_d6_s44;MNIST_QNN_zz_r1_d6_s45,MNIST_QNN_zz_r5_d6_s44;MNIST_QNN_zz_r5_d6_s45
cross_cell_2,2,24,1024,zz_r5_d6,MNIST_QNN_zz_r5_d6_s43;MNIST_QNN_zz_r5_d6_s44;MNIST_QNN_zz_r5_d6_s45,MNIST_QNN_eff_su2_r5_d2_s45;MNIST_QNN_z_r1_d6_s45
cross_cell_2,2,25,1024,eff_su2_r1_d2,MNIST_QNN_eff_su2_r1_d2_s43;MNIST_QNN_eff_su2_r1_d2_s44;MNIST_QNN_eff_su2_r1_d2_s45,MNIST_QNN_zz_r1_d6_s43;MNIST_QNN_zz_r1_d6_s44
cross_cell_2,2,25,1024,eff_su2_r5_d2,MNIST_QNN_eff_su2_r5_d2_s43;MNIST_QNN_eff_su2_r5_d2_s44;MNIST_QNN_eff_su2_r5_d2_s45,MNIST_QNN_zz_r1_d6_s43;MNIST_QNN_zz_r5_d6_s43
cross_cell_2,2,25,1024,z_r1_d6,MNIST_QNN_z_r1_d6_s43;MNIST_QNN_z_r1_d6_s44;MNIST_QNN_z_r1_d6_s45,MNIST_QNN_eff_su2_r5_d2_s44;MNIST_QNN_zz_r1_d6_s45
cross_cell_2,2,25,1024,zz_r1_d6,MNIST_QNN_zz_r1_d6_s43;MNIST_QNN_zz_r1_d6_s44;MNIST_QNN_zz_r1_d6_s45,MNIST_QNN_eff_su2_r5_d2_s45;MNIST_QNN_zz_r5_d6_s43
cross_cell_2,2,25,1024,zz_r5_d6,MNIST_QNN_zz_r5_d6_s43;MNIST_QNN_zz_r5_d6_s44;MNIST_QNN_zz_r5_d6_s45,MNIST_QNN_eff_su2_r1_d2_s44;MNIST_QNN_zz_r1_d6_s43
cross_cell_2,2,26,1024,eff_su2_r1_d2,MNIST_QNN_eff_su2_r1_d2_s43;MNIST_QNN_eff_su2_r1_d2_s44;MNIST_QNN_eff_su2_r1_d2_s45,MNIST_QNN_zz_r1_d6_s43;MNIST_QNN_zz_r5_d6_s45
cross_cell_2,2,26,1024,eff_su2_r5_d2,MNIST_QNN_eff_su2_r5_d2_s43;MNIST_QNN_eff_su2_r5_d2_s44;MNIST_QNN_eff_su2_r5_d2_s45,MNIST_QNN_z_r1_d6_s45;MNIST_QNN_zz_r1_d6_s45
cross_cell_2,2,26,1024,z_r1_d6,MNIST_QNN_z_r1_d6_s43;MNIST_QNN_z_r1_d6_s44;MNIST_QNN_z_r1_d6_s45,MNIST_QNN_zz_r5_d6_s44;MNIST_QNN_zz_r5_d6_s45
cross_cell_2,2,26,1024,zz_r1_d6,MNIST_QNN_zz_r1_d6_s43;MNIST_QNN_zz_r1_d6_s44;MNIST_QNN_zz_r1_d6_s45,MNIST_QNN_eff_su2_r1_d2_s44;MNIST_QNN_eff_su2_r1_d2_s45
cross_cell_2,2,26,1024,zz_r5_d6,MNIST_QNN_zz_r5_d6_s43;MNIST_QNN_zz_r5_d6_s44;MNIST_QNN_zz_r5_d6_s45,MNIST_QNN_eff_su2_r1_d2_s43;MNIST_QNN_eff_su2_r5_d2_s44
cross_cell_2,2,27,1024,eff_su2_r1_d2,MNIST_QNN_eff_su2_r1_d2_s43;MNIST_QNN_eff_su2_r1_d2_s44;MNIST_QNN_eff_su2_r1_d2_s45,MNIST_QNN_eff_su2_r5_d2_s43;MNIST_QNN_z_r1_d6_s45
cross_cell_2,2,27,1024,eff_su2_r5_d2,MNIST_QNN_eff_su2_r5_d2_s43;MNIST_QNN_eff_su2_r5_d2_s44;MNIST_QNN_eff_su2_r5_d2_s45,MNIST_QNN_z_r1_d6_s45;MNIST_QNN_zz_r1_d6_s43
cross_cell_2,2,27,1024,z_r1_d6,MNIST_QNN_z_r1_d6_s43;MNIST_QNN_z_r1_d6_s44;MNIST_QNN_z_r1_d6_s45,MNIST_QNN_eff_su2_r1_d2_s43;MNIST_QNN_eff_su2_r5_d2_s44
cross_cell_2,2,27,1024,zz_r1_d6,MNIST_QNN_zz_r1_d6_s43;MNIST_QNN_zz_r1_d6_s44;MNIST_QNN_zz_r1_d6_s45,MNIST_QNN_eff_su2_r1_d2_s43;MNIST_QNN_z_r1_d6_s43
cross_cell_2,2,27,1024,zz_r5_d6,MNIST_QNN_zz_r5_d6_s43;MNIST_QNN_zz_r5_d6_s44;MNIST_QNN_zz_r5_d6_s45,MNIST_QNN_eff_su2_r1_d2_s45;MNIST_QNN_zz_r1_d6_s43
cross_cell_2,2,28,1024,eff_su2_r1_d2,MNIST_QNN_eff_su2_r1_d2_s43;MNIST_QNN_eff_su2_r1_d2_s44;MNIST_QNN_eff_su2_r1_d2_s45,MNIST_QNN_z_r1_d6_s43;MNIST_QNN_zz_r5_d6_s43
cross_cell_2,2,28,1024,eff_su2_r5_d2,MNIST_QNN_eff_su2_r5_d2_s43;MNIST_QNN_eff_su2_r5_d2_s44;MNIST_QNN_eff_su2_r5_d2_s45,MNIST_QNN_zz_r1_d6_s45;MNIST_QNN_zz_r5_d6_s44
cross_cell_2,2,28,1024,z_r1_d6,MNIST_QNN_z_r1_d6_s43;MNIST_QNN_z_r1_d6_s44;MNIST_QNN_z_r1_d6_s45,MNIST_QNN_eff_su2_r5_d2_s43;MNIST_QNN_eff_su2_r5_d2_s44
cross_cell_2,2,28,1024,zz_r1_d6,MNIST_QNN_zz_r1_d6_s43;MNIST_QNN_zz_r1_d6_s44;MNIST_QNN_zz_r1_d6_s45,MNIST_QNN_eff_su2_r1_d2_s44;MNIST_QNN_zz_r5_d6_s44
cross_cell_2,2,28,1024,zz_r5_d6,MNIST_QNN_zz_r5_d6_s43;MNIST_QNN_zz_r5_d6_s44;MNIST_QNN_zz_r5_d6_s45,MNIST_QNN_eff_su2_r1_d2_s44;MNIST_QNN_z_r1_d6_s43
cross_cell_2,2,29,1024,eff_su2_r1_d2,MNIST_QNN_eff_su2_r1_d2_s43;MNIST_QNN_eff_su2_r1_d2_s44;MNIST_QNN_eff_su2_r1_d2_s45,MNIST_QNN_eff_su2_r5_d2_s44;MNIST_QNN_zz_r5_d6_s43
cross_cell_2,2,29,1024,eff_su2_r5_d2,MNIST_QNN_eff_su2_r5_d2_s43;MNIST_QNN_eff_su2_r5_d2_s44;MNIST_QNN_eff_su2_r5_d2_s45,MNIST_QNN_z_r1_d6_s44;MNIST_QNN_z_r1_d6_s45
cross_cell_2,2,29,1024,z_r1_d6,MNIST_QNN_z_r1_d6_s43;MNIST_QNN_z_r1_d6_s44;MNIST_QNN_z_r1_d6_s45,MNIST_QNN_eff_su2_r5_d2_s44;MNIST_QNN_zz_r1_d6_s44
cross_cell_2,2,29,1024,zz_r1_d6,MNIST_QNN_zz_r1_d6_s43;MNIST_QNN_zz_r1_d6_s44;MNIST_QNN_zz_r1_d6_s45,MNIST_QNN_eff_su2_r1_d2_s44;MNIST_QNN_eff_su2_r5_d2_s44
cross_cell_2,2,29,1024,zz_r5_d6,MNIST_QNN_zz_r5_d6_s43;MNIST_QNN_zz_r5_d6_s44;MNIST_QNN_zz_r5_d6_s45,MNIST_QNN_eff_su2_r1_d2_s44;MNIST_QNN_z_r1_d6_s45
cross_cell_2,2,30,1024,eff_su2_r1_d2,MNIST_QNN_eff_su2_r1_d2_s43;MNIST_QNN_eff_su2_r1_d2_s44;MNIST_QNN_eff_su2_r1_d2_s45,MNIST_QNN_z_r1_d6_s45;MNIST_QNN_zz_r5_d6_s44
cross_cell_2,2,30,1024,eff_su2_r5_d2,MNIST_QNN_eff_su2_r5_d2_s43;MNIST_QNN_eff_su2_r5_d2_s44;MNIST_QNN_eff_su2_r5_d2_s45,MNIST_QNN_eff_su2_r1_d2_s44;MNIST_QNN_z_r1_d6_s44
cross_cell_2,2,30,1024,z_r1_d6,MNIST_QNN_z_r1_d6_s43;MNIST_QNN_z_r1_d6_s44;MNIST_QNN_z_r1_d6_s45,MNIST_QNN_eff_su2_r5_d2_s45;MNIST_QNN_zz_r1_d6_s44
cross_cell_2,2,30,1024,zz_r1_d6,MNIST_QNN_zz_r1_d6_s43;MNIST_QNN_zz_r1_d6_s44;MNIST_QNN_zz_r1_d6_s45,MNIST_QNN_eff_su2_r5_d2_s43;MNIST_QNN_eff_su2_r5_d2_s45
cross_cell_2,2,30,1024,zz_r5_d6,MNIST_QNN_zz_r5_d6_s43;MNIST_QNN_zz_r5_d6_s44;MNIST_QNN_zz_r5_d6_s45,MNIST_QNN_eff_su2_r5_d2_s43;MNIST_QNN_eff_su2_r5_d2_s45
cross_cell_2,2,31,1024,eff_su2_r1_d2,MNIST_QNN_eff_su2_r1_d2_s43;MNIST_QNN_eff_su2_r1_d2_s44;MNIST_QNN_eff_su2_r1_d2_s45,MNIST_QNN_eff_su2_r5_d2_s43;MNIST_QNN_zz_r1_d6_s45
cross_cell_2,2,31,1024,eff_su2_r5_d2,MNIST_QNN_eff_su2_r5_d2_s43;MNIST_QNN_eff_su2_r5_d2_s44;MNIST_QNN_eff_su2_r5_d2_s45,MNIST_QNN_zz_r1_d6_s43;MNIST_QNN_zz_r5_d6_s44
cross_cell_2,2,31,1024,z_r1_d6,MNIST_QNN_z_r1_d6_s43;MNIST_QNN_z_r1_d6_s44;MNIST_QNN_z_r1_d6_s45,MNIST_QNN_eff_su2_r5_d2_s44;MNIST_QNN_zz_r5_d6_s43
cross_cell_2,2,31,1024,zz_r1_d6,MNIST_QNN_zz_r1_d6_s43;MNIST_QNN_zz_r1_d6_s44;MNIST_QNN_zz_r1_d6_s45,MNIST_QNN_z_r1_d6_s43;MNIST_QNN_zz_r5_d6_s45
cross_cell_2,2,31,1024,zz_r5_d6,MNIST_QNN_zz_r5_d6_s43;MNIST_QNN_zz_r5_d6_s44;MNIST_QNN_zz_r5_d6_s45,MNIST_QNN_eff_su2_r1_d2_s43;MNIST_QNN_zz_r1_d6_s44
cross_cell_2,2,32,1024,eff_su2_r1_d2,MNIST_QNN_eff_su2_r1_d2_s43;MNIST_QNN_eff_su2_r1_d2_s44;MNIST_QNN_eff_su2_r1_d2_s45,MNIST_QNN_z_r1_d6_s45;MNIST_QNN_zz_r1_d6_s43
cross_cell_2,2,32,1024,eff_su2_r5_d2,MNIST_QNN_eff_su2_r5_d2_s43;MNIST_QNN_eff_su2_r5_d2_s44;MNIST_QNN_eff_su2_r5_d2_s45,MNIST_QNN_eff_su2_r1_d2_s43;MNIST_QNN_z_r1_d6_s45
cross_cell_2,2,32,1024,z_r1_d6,MNIST_QNN_z_r1_d6_s43;MNIST_QNN_z_r1_d6_s44;MNIST_QNN_z_r1_d6_s45,MNIST_QNN_eff_su2_r5_d2_s43;MNIST_QNN_eff_su2_r5_d2_s45
cross_cell_2,2,32,1024,zz_r1_d6,MNIST_QNN_zz_r1_d6_s43;MNIST_QNN_zz_r1_d6_s44;MNIST_QNN_zz_r1_d6_s45,MNIST_QNN_eff_su2_r5_d2_s45;MNIST_QNN_z_r1_d6_s44
cross_cell_2,2,32,1024,zz_r5_d6,MNIST_QNN_zz_r5_d6_s43;MNIST_QNN_zz_r5_d6_s44;MNIST_QNN_zz_r5_d6_s45,MNIST_QNN_eff_su2_r1_d2_s45;MNIST_QNN_z_r1_d6_s44
cross_cell_2,2,33,1024,eff_su2_r1_d2,MNIST_QNN_eff_su2_r1_d2_s43;MNIST_QNN_eff_su2_r1_d2_s44;MNIST_QNN_eff_su2_r1_d2_s45,MNIST_QNN_z_r1_d6_s43;MNIST_QNN_z_r1_d6_s45
cross_cell_2,2,33,1024,eff_su2_r5_d2,MNIST_QNN_eff_su2_r5_d2_s43;MNIST_QNN_eff_su2_r5_d2_s44;MNIST_QNN_eff_su2_r5_d2_s45,MNIST_QNN_z_r1_d6_s43;MNIST_QNN_zz_r1_d6_s43
cross_cell_2,2,33,1024,z_r1_d6,MNIST_QNN_z_r1_d6_s43;MNIST_QNN_z_r1_d6_s44;MNIST_QNN_z_r1_d6_s45,MNIST_QNN_eff_su2_r5_d2_s45;MNIST_QNN_zz_r1_d6_s45
cross_cell_2,2,33,1024,zz_r1_d6,MNIST_QNN_zz_r1_d6_s43;MNIST_QNN_zz_r1_d6_s44;MNIST_QNN_zz_r1_d6_s45,MNIST_QNN_eff_su2_r1_d2_s43;MNIST_QNN_zz_r5_d6_s45
cross_cell_2,2,33,1024,zz_r5_d6,MNIST_QNN_zz_r5_d6_s43;MNIST_QNN_zz_r5_d6_s44;MNIST_QNN_zz_r5_d6_s45,MNIST_QNN_eff_su2_r1_d2_s43;MNIST_QNN_zz_r1_d6_s43
cross_cell_2,2,34,1024,eff_su2_r1_d2,MNIST_QNN_eff_su2_r1_d2_s43;MNIST_QNN_eff_su2_r1_d2_s44;MNIST_QNN_eff_su2_r1_d2_s45,MNIST_QNN_z_r1_d6_s45;MNIST_QNN_zz_r1_d6_s45
cross_cell_2,2,34,1024,eff_su2_r5_d2,MNIST_QNN_eff_su2_r5_d2_s43;MNIST_QNN_eff_su2_r5_d2_s44;MNIST_QNN_eff_su2_r5_d2_s45,MNIST_QNN_zz_r1_d6_s44;MNIST_QNN_zz_r1_d6_s45
cross_cell_2,2,34,1024,z_r1_d6,MNIST_QNN_z_r1_d6_s43;MNIST_QNN_z_r1_d6_s44;MNIST_QNN_z_r1_d6_s45,MNIST_QNN_eff_su2_r1_d2_s45;MNIST_QNN_eff_su2_r5_d2_s45
cross_cell_2,2,34,1024,zz_r1_d6,MNIST_QNN_zz_r1_d6_s43;MNIST_QNN_zz_r1_d6_s44;MNIST_QNN_zz_r1_d6_s45,MNIST_QNN_eff_su2_r1_d2_s43;MNIST_QNN_z_r1_d6_s44
cross_cell_2,2,34,1024,zz_r5_d6,MNIST_QNN_zz_r5_d6_s43;MNIST_QNN_zz_r5_d6_s44;MNIST_QNN_zz_r5_d6_s45,MNIST_QNN_eff_su2_r5_d2_s43;MNIST_QNN_z_r1_d6_s45
cross_cell_2,2,35,1024,eff_su2_r1_d2,MNIST_QNN_eff_su2_r1_d2_s43;MNIST_QNN_eff_su2_r1_d2_s44;MNIST_QNN_eff_su2_r1_d2_s45,MNIST_QNN_zz_r1_d6_s44;MNIST_QNN_zz_r1_d6_s45
cross_cell_2,2,35,1024,eff_su2_r5_d2,MNIST_QNN_eff_su2_r5_d2_s43;MNIST_QNN_eff_su2_r5_d2_s44;MNIST_QNN_eff_su2_r5_d2_s45,MNIST_QNN_eff_su2_r1_d2_s44;MNIST_QNN_z_r1_d6_s43
cross_cell_2,2,35,1024,z_r1_d6,MNIST_QNN_z_r1_d6_s43;MNIST_QNN_z_r1_d6_s44;MNIST_QNN_z_r1_d6_s45,MNIST_QNN_eff_su2_r1_d2_s43;MNIST_QNN_zz_r1_d6_s43
cross_cell_2,2,35,1024,zz_r1_d6,MNIST_QNN_zz_r1_d6_s43;MNIST_QNN_zz_r1_d6_s44;MNIST_QNN_zz_r1_d6_s45,MNIST_QNN_eff_su2_r5_d2_s44;MNIST_QNN_eff_su2_r5_d2_s45
cross_cell_2,2,35,1024,zz_r5_d6,MNIST_QNN_zz_r5_d6_s43;MNIST_QNN_zz_r5_d6_s44;MNIST_QNN_zz_r5_d6_s45,MNIST_QNN_eff_su2_r5_d2_s44;MNIST_QNN_zz_r1_d6_s44
cross_cell_2,2,36,1024,eff_su2_r1_d2,MNIST_QNN_eff_su2_r1_d2_s43;MNIST_QNN_eff_su2_r1_d2_s44;MNIST_QNN_eff_su2_r1_d2_s45,MNIST_QNN_eff_su2_r5_d2_s45;MNIST_QNN_zz_r1_d6_s45
cross_cell_2,2,36,1024,eff_su2_r5_d2,MNIST_QNN_eff_su2_r5_d2_s43;MNIST_QNN_eff_su2_r5_d2_s44;MNIST_QNN_eff_su2_r5_d2_s45,MNIST_QNN_zz_r1_d6_s44;MNIST_QNN_zz_r5_d6_s43
cross_cell_2,2,36,1024,z_r1_d6,MNIST_QNN_z_r1_d6_s43;MNIST_QNN_z_r1_d6_s44;MNIST_QNN_z_r1_d6_s45,MNIST_QNN_eff_su2_r1_d2_s43;MNIST_QNN_zz_r5_d6_s43
cross_cell_2,2,36,1024,zz_r1_d6,MNIST_QNN_zz_r1_d6_s43;MNIST_QNN_zz_r1_d6_s44;MNIST_QNN_zz_r1_d6_s45,MNIST_QNN_eff_su2_r1_d2_s45;MNIST_QNN_z_r1_d6_s44
cross_cell_2,2,36,1024,zz_r5_d6,MNIST_QNN_zz_r5_d6_s43;MNIST_QNN_zz_r5_d6_s44;MNIST_QNN_zz_r5_d6_s45,MNIST_QNN_z_r1_d6_s44;MNIST_QNN_zz_r1_d6_s45
cross_cell_2,2,37,1024,eff_su2_r1_d2,MNIST_QNN_eff_su2_r1_d2_s43;MNIST_QNN_eff_su2_r1_d2_s44;MNIST_QNN_eff_su2_r1_d2_s45,MNIST_QNN_zz_r1_d6_s45;MNIST_QNN_zz_r5_d6_s44
cross_cell_2,2,37,1024,eff_su2_r5_d2,MNIST_QNN_eff_su2_r5_d2_s43;MNIST_QNN_eff_su2_r5_d2_s44;MNIST_QNN_eff_su2_r5_d2_s45,MNIST_QNN_zz_r1_d6_s45;MNIST_QNN_zz_r5_d6_s43
cross_cell_2,2,37,1024,z_r1_d6,MNIST_QNN_z_r1_d6_s43;MNIST_QNN_z_r1_d6_s44;MNIST_QNN_z_r1_d6_s45,MNIST_QNN_eff_su2_r1_d2_s45;MNIST_QNN_zz_r5_d6_s43
cross_cell_2,2,37,1024,zz_r1_d6,MNIST_QNN_zz_r1_d6_s43;MNIST_QNN_zz_r1_d6_s44;MNIST_QNN_zz_r1_d6_s45,MNIST_QNN_eff_su2_r1_d2_s44;MNIST_QNN_eff_su2_r5_d2_s45
cross_cell_2,2,37,1024,zz_r5_d6,MNIST_QNN_zz_r5_d6_s43;MNIST_QNN_zz_r5_d6_s44;MNIST_QNN_zz_r5_d6_s45,MNIST_QNN_eff_su2_r1_d2_s45;MNIST_QNN_eff_su2_r5_d2_s45
cross_cell_2,2,38,1024,eff_su2_r1_d2,MNIST_QNN_eff_su2_r1_d2_s43;MNIST_QNN_eff_su2_r1_d2_s44;MNIST_QNN_eff_su2_r1_d2_s45,MNIST_QNN_eff_su2_r5_d2_s43;MNIST_QNN_z_r1_d6_s43
cross_cell_2,2,38,1024,eff_su2_r5_d2,MNIST_QNN_eff_su2_r5_d2_s43;MNIST_QNN_eff_su2_r5_d2_s44;MNIST_QNN_eff_su2_r5_d2_s45,MNIST_QNN_z_r1_d6_s43;MNIST_QNN_zz_r1_d6_s44
cross_cell_2,2,38,1024,z_r1_d6,MNIST_QNN_z_r1_d6_s43;MNIST_QNN_z_r1_d6_s44;MNIST_QNN_z_r1_d6_s45,MNIST_QNN_eff_su2_r1_d2_s45;MNIST_QNN_eff_su2_r5_d2_s44
cross_cell_2,2,38,1024,zz_r1_d6,MNIST_QNN_zz_r1_d6_s43;MNIST_QNN_zz_r1_d6_s44;MNIST_QNN_zz_r1_d6_s45,MNIST_QNN_eff_su2_r5_d2_s43;MNIST_QNN_zz_r5_d6_s43
cross_cell_2,2,38,1024,zz_r5_d6,MNIST_QNN_zz_r5_d6_s43;MNIST_QNN_zz_r5_d6_s44;MNIST_QNN_zz_r5_d6_s45,MNIST_QNN_z_r1_d6_s45;MNIST_QNN_zz_r1_d6_s43
cross_cell_2,2,39,1024,eff_su2_r1_d2,MNIST_QNN_eff_su2_r1_d2_s43;MNIST_QNN_eff_su2_r1_d2_s44;MNIST_QNN_eff_su2_r1_d2_s45,MNIST_QNN_eff_su2_r5_d2_s45;MNIST_QNN_zz_r5_d6_s43
cross_cell_2,2,39,1024,eff_su2_r5_d2,MNIST_QNN_eff_su2_r5_d2_s43;MNIST_QNN_eff_su2_r5_d2_s44;MNIST_QNN_eff_su2_r5_d2_s45,MNIST_QNN_z_r1_d6_s44;MNIST_QNN_zz_r1_d6_s44
cross_cell_2,2,39,1024,z_r1_d6,MNIST_QNN_z_r1_d6_s43;MNIST_QNN_z_r1_d6_s44;MNIST_QNN_z_r1_d6_s45,MNIST_QNN_eff_su2_r1_d2_s44;MNIST_QNN_eff_su2_r5_d2_s44
cross_cell_2,2,39,1024,zz_r1_d6,MNIST_QNN_zz_r1_d6_s43;MNIST_QNN_zz_r1_d6_s44;MNIST_QNN_zz_r1_d6_s45,MNIST_QNN_eff_su2_r5_d2_s43;MNIST_QNN_z_r1_d6_s44
cross_cell_2,2,39,1024,zz_r5_d6,MNIST_QNN_zz_r5_d6_s43;MNIST_QNN_zz_r5_d6_s44;MNIST_QNN_zz_r5_d6_s45,MNIST_QNN_z_r1_d6_s44;MNIST_QNN_zz_r1_d6_s43
cross_cell_2,2,40,1024,eff_su2_r1_d2,MNIST_QNN_eff_su2_r1_d2_s43;MNIST_QNN_eff_su2_r1_d2_s44;MNIST_QNN_eff_su2_r1_d2_s45,MNIST_QNN_zz_r5_d6_s44;MNIST_QNN_zz_r5_d6_s45
cross_cell_2,2,40,1024,eff_su2_r5_d2,MNIST_QNN_eff_su2_r5_d2_s43;MNIST_QNN_eff_su2_r5_d2_s44;MNIST_QNN_eff_su2_r5_d2_s45,MNIST_QNN_zz_r5_d6_s43;MNIST_QNN_zz_r5_d6_s45
cross_cell_2,2,40,1024,z_r1_d6,MNIST_QNN_z_r1_d6_s43;MNIST_QNN_z_r1_d6_s44;MNIST_QNN_z_r1_d6_s45,MNIST_QNN_zz_r1_d6_s45;MNIST_QNN_zz_r5_d6_s43
cross_cell_2,2,40,1024,zz_r1_d6,MNIST_QNN_zz_r1_d6_s43;MNIST_QNN_zz_r1_d6_s44;MNIST_QNN_zz_r1_d6_s45,MNIST_QNN_eff_su2_r1_d2_s44;MNIST_QNN_eff_su2_r5_d2_s43
cross_cell_2,2,40,1024,zz_r5_d6,MNIST_QNN_zz_r5_d6_s43;MNIST_QNN_zz_r5_d6_s44;MNIST_QNN_zz_r5_d6_s45,MNIST_QNN_eff_su2_r1_d2_s45;MNIST_QNN_eff_su2_r5_d2_s44
cross_cell_2,2,41,1024,eff_su2_r1_d2,MNIST_QNN_eff_su2_r1_d2_s43;MNIST_QNN_eff_su2_r1_d2_s44;MNIST_QNN_eff_su2_r1_d2_s45,MNIST_QNN_eff_su2_r5_d2_s45;MNIST_QNN_zz_r5_d6_s44
cross_cell_2,2,41,1024,eff_su2_r5_d2,MNIST_QNN_eff_su2_r5_d2_s43;MNIST_QNN_eff_su2_r5_d2_s44;MNIST_QNN_eff_su2_r5_d2_s45,MNIST_QNN_eff_su2_r1_d2_s43;MNIST_QNN_eff_su2_r1_d2_s45
cross_cell_2,2,41,1024,z_r1_d6,MNIST_QNN_z_r1_d6_s43;MNIST_QNN_z_r1_d6_s44;MNIST_QNN_z_r1_d6_s45,MNIST_QNN_zz_r1_d6_s43;MNIST_QNN_zz_r5_d6_s43
cross_cell_2,2,41,1024,zz_r1_d6,MNIST_QNN_zz_r1_d6_s43;MNIST_QNN_zz_r1_d6_s44;MNIST_QNN_zz_r1_d6_s45,MNIST_QNN_eff_su2_r1_d2_s43;MNIST_QNN_eff_su2_r1_d2_s45
cross_cell_2,2,41,1024,zz_r5_d6,MNIST_QNN_zz_r5_d6_s43;MNIST_QNN_zz_r5_d6_s44;MNIST_QNN_zz_r5_d6_s45,MNIST_QNN_eff_su2_r1_d2_s44;MNIST_QNN_zz_r1_d6_s44
cross_cell_2,2,42,1024,eff_su2_r1_d2,MNIST_QNN_eff_su2_r1_d2_s43;MNIST_QNN_eff_su2_r1_d2_s44;MNIST_QNN_eff_su2_r1_d2_s45,MNIST_QNN_z_r1_d6_s44;MNIST_QNN_zz_r1_d6_s44
cross_cell_2,2,42,1024,eff_su2_r5_d2,MNIST_QNN_eff_su2_r5_d2_s43;MNIST_QNN_eff_su2_r5_d2_s44;MNIST_QNN_eff_su2_r5_d2_s45,MNIST_QNN_z_r1_d6_s45;MNIST_QNN_zz_r1_d6_s44
cross_cell_2,2,42,1024,z_r1_d6,MNIST_QNN_z_r1_d6_s43;MNIST_QNN_z_r1_d6_s44;MNIST_QNN_z_r1_d6_s45,MNIST_QNN_zz_r1_d6_s44;MNIST_QNN_zz_r5_d6_s44
cross_cell_2,2,42,1024,zz_r1_d6,MNIST_QNN_zz_r1_d6_s43;MNIST_QNN_zz_r1_d6_s44;MNIST_QNN_zz_r1_d6_s45,MNIST_QNN_eff_su2_r5_d2_s44;MNIST_QNN_z_r1_d6_s43
cross_cell_2,2,42,1024,zz_r5_d6,MNIST_QNN_zz_r5_d6_s43;MNIST_QNN_zz_r5_d6_s44;MNIST_QNN_zz_r5_d6_s45,MNIST_QNN_eff_su2_r1_d2_s43;MNIST_QNN_z_r1_d6_s44
cross_cell_2,2,43,1024,eff_su2_r1_d2,MNIST_QNN_eff_su2_r1_d2_s43;MNIST_QNN_eff_su2_r1_d2_s44;MNIST_QNN_eff_su2_r1_d2_s45,MNIST_QNN_z_r1_d6_s43;MNIST_QNN_zz_r5_d6_s45
cross_cell_2,2,43,1024,eff_su2_r5_d2,MNIST_QNN_eff_su2_r5_d2_s43;MNIST_QNN_eff_su2_r5_d2_s44;MNIST_QNN_eff_su2_r5_d2_s45,MNIST_QNN_eff_su2_r1_d2_s45;MNIST_QNN_zz_r1_d6_s45
cross_cell_2,2,43,1024,z_r1_d6,MNIST_QNN_z_r1_d6_s43;MNIST_QNN_z_r1_d6_s44;MNIST_QNN_z_r1_d6_s45,MNIST_QNN_eff_su2_r1_d2_s45;MNIST_QNN_eff_su2_r5_d2_s43
cross_cell_2,2,43,1024,zz_r1_d6,MNIST_QNN_zz_r1_d6_s43;MNIST_QNN_zz_r1_d6_s44;MNIST_QNN_zz_r1_d6_s45,MNIST_QNN_eff_su2_r5_d2_s43;MNIST_QNN_eff_su2_r5_d2_s44
cross_cell_2,2,43,1024,zz_r5_d6,MNIST_QNN_zz_r5_d6_s43;MNIST_QNN_zz_r5_d6_s44;MNIST_QNN_zz_r5_d6_s45,MNIST_QNN_eff_su2_r5_d2_s45;MNIST_QNN_zz_r1_d6_s45
cross_cell_2,2,44,1024,eff_su2_r1_d2,MNIST_QNN_eff_su2_r1_d2_s43;MNIST_QNN_eff_su2_r1_d2_s44;MNIST_QNN_eff_su2_r1_d2_s45,MNIST_QNN_eff_su2_r5_d2_s43;MNIST_QNN_zz_r1_d6_s44
cross_cell_2,2,44,1024,eff_su2_r5_d2,MNIST_QNN_eff_su2_r5_d2_s43;MNIST_QNN_eff_su2_r5_d2_s44;MNIST_QNN_eff_su2_r5_d2_s45,MNIST_QNN_zz_r1_d6_s45;MNIST_QNN_zz_r5_d6_s45
cross_cell_2,2,44,1024,z_r1_d6,MNIST_QNN_z_r1_d6_s43;MNIST_QNN_z_r1_d6_s44;MNIST_QNN_z_r1_d6_s45,MNIST_QNN_eff_su2_r5_d2_s43;MNIST_QNN_zz_r5_d6_s44
cross_cell_2,2,44,1024,zz_r1_d6,MNIST_QNN_zz_r1_d6_s43;MNIST_QNN_zz_r1_d6_s44;MNIST_QNN_zz_r1_d6_s45,MNIST_QNN_eff_su2_r5_d2_s45;MNIST_QNN_z_r1_d6_s43
cross_cell_2,2,44,1024,zz_r5_d6,MNIST_QNN_zz_r5_d6_s43;MNIST_QNN_zz_r5_d6_s44;MNIST_QNN_zz_r5_d6_s45,MNIST_QNN_eff_su2_r1_d2_s45;MNIST_QNN_eff_su2_r5_d2_s43
cross_cell_2,2,45,1024,eff_su2_r1_d2,MNIST_QNN_eff_su2_r1_d2_s43;MNIST_QNN_eff_su2_r1_d2_s44;MNIST_QNN_eff_su2_r1_d2_s45,MNIST_QNN_eff_su2_r5_d2_s44;MNIST_QNN_eff_su2_r5_d2_s45
cross_cell_2,2,45,1024,eff_su2_r5_d2,MNIST_QNN_eff_su2_r5_d2_s43;MNIST_QNN_eff_su2_r5_d2_s44;MNIST_QNN_eff_su2_r5_d2_s45,MNIST_QNN_eff_su2_r1_d2_s44;MNIST_QNN_zz_r5_d6_s45
cross_cell_2,2,45,1024,z_r1_d6,MNIST_QNN_z_r1_d6_s43;MNIST_QNN_z_r1_d6_s44;MNIST_QNN_z_r1_d6_s45,MNIST_QNN_eff_su2_r1_d2_s43;MNIST_QNN_zz_r1_d6_s44
cross_cell_2,2,45,1024,zz_r1_d6,MNIST_QNN_zz_r1_d6_s43;MNIST_QNN_zz_r1_d6_s44;MNIST_QNN_zz_r1_d6_s45,MNIST_QNN_eff_su2_r5_d2_s44;MNIST_QNN_zz_r5_d6_s44
cross_cell_2,2,45,1024,zz_r5_d6,MNIST_QNN_zz_r5_d6_s43;MNIST_QNN_zz_r5_d6_s44;MNIST_QNN_zz_r5_d6_s45,MNIST_QNN_eff_su2_r1_d2_s44;MNIST_QNN_eff_su2_r5_d2_s43
cross_cell_2,2,46,1024,eff_su2_r1_d2,MNIST_QNN_eff_su2_r1_d2_s43;MNIST_QNN_eff_su2_r1_d2_s44;MNIST_QNN_eff_su2_r1_d2_s45,MNIST_QNN_z_r1_d6_s43;MNIST_QNN_zz_r5_d6_s44
cross_cell_2,2,46,1024,eff_su2_r5_d2,MNIST_QNN_eff_su2_r5_d2_s43;MNIST_QNN_eff_su2_r5_d2_s44;MNIST_QNN_eff_su2_r5_d2_s45,MNIST_QNN_eff_su2_r1_d2_s44;MNIST_QNN_zz_r1_d6_s43
cross_cell_2,2,46,1024,z_r1_d6,MNIST_QNN_z_r1_d6_s43;MNIST_QNN_z_r1_d6_s44;MNIST_QNN_z_r1_d6_s45,MNIST_QNN_eff_su2_r1_d2_s44;MNIST_QNN_eff_su2_r5_d2_s43
cross_cell_2,2,46,1024,zz_r1_d6,MNIST_QNN_zz_r1_d6_s43;MNIST_QNN_zz_r1_d6_s44;MNIST_QNN_zz_r1_d6_s45,MNIST_QNN_z_r1_d6_s44;MNIST_QNN_z_r1_d6_s45
cross_cell_2,2,46,1024,zz_r5_d6,MNIST_QNN_zz_r5_d6_s43;MNIST_QNN_zz_r5_d6_s44;MNIST_QNN_zz_r5_d6_s45,MNIST_QNN_z_r1_d6_s43;MNIST_QNN_zz_r1_d6_s43
cross_cell_2,2,47,1024,eff_su2_r1_d2,MNIST_QNN_eff_su2_r1_d2_s43;MNIST_QNN_eff_su2_r1_d2_s44;MNIST_QNN_eff_su2_r1_d2_s45,MNIST_QNN_z_r1_d6_s43;MNIST_QNN_zz_r1_d6_s45
cross_cell_2,2,47,1024,eff_su2_r5_d2,MNIST_QNN_eff_su2_r5_d2_s43;MNIST_QNN_eff_su2_r5_d2_s44;MNIST_QNN_eff_su2_r5_d2_s45,MNIST_QNN_z_r1_d6_s43;MNIST_QNN_zz_r5_d6_s45
cross_cell_2,2,47,1024,z_r1_d6,MNIST_QNN_z_r1_d6_s43;MNIST_QNN_z_r1_d6_s44;MNIST_QNN_z_r1_d6_s45,MNIST_QNN_eff_su2_r1_d2_s44;MNIST_QNN_zz_r1_d6_s44
cross_cell_2,2,47,1024,zz_r1_d6,MNIST_QNN_zz_r1_d6_s43;MNIST_QNN_zz_r1_d6_s44;MNIST_QNN_zz_r1_d6_s45,MNIST_QNN_eff_su2_r1_d2_s44;MNIST_QNN_zz_r5_d6_s45
cross_cell_2,2,47,1024,zz_r5_d6,MNIST_QNN_zz_r5_d6_s43;MNIST_QNN_zz_r5_d6_s44;MNIST_QNN_zz_r5_d6_s45,MNIST_QNN_eff_su2_r1_d2_s45;MNIST_QNN_zz_r1_d6_s45
cross_cell_2,2,48,1024,eff_su2_r1_d2,MNIST_QNN_eff_su2_r1_d2_s43;MNIST_QNN_eff_su2_r1_d2_s44;MNIST_QNN_eff_su2_r1_d2_s45,MNIST_QNN_eff_su2_r5_d2_s44;MNIST_QNN_z_r1_d6_s44
cross_cell_2,2,48,1024,eff_su2_r5_d2,MNIST_QNN_eff_su2_r5_d2_s43;MNIST_QNN_eff_su2_r5_d2_s44;MNIST_QNN_eff_su2_r5_d2_s45,MNIST_QNN_zz_r1_d6_s44;MNIST_QNN_zz_r5_d6_s45
cross_cell_2,2,48,1024,z_r1_d6,MNIST_QNN_z_r1_d6_s43;MNIST_QNN_z_r1_d6_s44;MNIST_QNN_z_r1_d6_s45,MNIST_QNN_eff_su2_r1_d2_s43;MNIST_QNN_zz_r5_d6_s44
cross_cell_2,2,48,1024,zz_r1_d6,MNIST_QNN_zz_r1_d6_s43;MNIST_QNN_zz_r1_d6_s44;MNIST_QNN_zz_r1_d6_s45,MNIST_QNN_eff_su2_r5_d2_s45;MNIST_QNN_zz_r5_d6_s45
cross_cell_2,2,48,1024,zz_r5_d6,MNIST_QNN_zz_r5_d6_s43;MNIST_QNN_zz_r5_d6_s44;MNIST_QNN_zz_r5_d6_s45,MNIST_QNN_eff_su2_r5_d2_s43;MNIST_QNN_eff_su2_r5_d2_s44
cross_cell_2,2,49,1024,eff_su2_r1_d2,MNIST_QNN_eff_su2_r1_d2_s43;MNIST_QNN_eff_su2_r1_d2_s44;MNIST_QNN_eff_su2_r1_d2_s45,MNIST_QNN_eff_su2_r5_d2_s44;MNIST_QNN_z_r1_d6_s45
cross_cell_2,2,49,1024,eff_su2_r5_d2,MNIST_QNN_eff_su2_r5_d2_s43;MNIST_QNN_eff_su2_r5_d2_s44;MNIST_QNN_eff_su2_r5_d2_s45,MNIST_QNN_zz_r5_d6_s44;MNIST_QNN_zz_r5_d6_s45
cross_cell_2,2,49,1024,z_r1_d6,MNIST_QNN_z_r1_d6_s43;MNIST_QNN_z_r1_d6_s44;MNIST_QNN_z_r1_d6_s45,MNIST_QNN_eff_su2_r1_d2_s44;MNIST_QNN_zz_r5_d6_s45
cross_cell_2,2,49,1024,zz_r1_d6,MNIST_QNN_zz_r1_d6_s43;MNIST_QNN_zz_r1_d6_s44;MNIST_QNN_zz_r1_d6_s45,MNIST_QNN_eff_su2_r1_d2_s44;MNIST_QNN_z_r1_d6_s44
cross_cell_2,2,49,1024,zz_r5_d6,MNIST_QNN_zz_r5_d6_s43;MNIST_QNN_zz_r5_d6_s44;MNIST_QNN_zz_r5_d6_s45,MNIST_QNN_z_r1_d6_s44;MNIST_QNN_z_r1_d6_s45
cross_cell_2,2,50,1024,eff_su2_r1_d2,MNIST_QNN_eff_su2_r1_d2_s43;MNIST_QNN_eff_su2_r1_d2_s44;MNIST_QNN_eff_su2_r1_d2_s45,MNIST_QNN_eff_su2_r5_d2_s43;MNIST_QNN_zz_r5_d6_s44
cross_cell_2,2,50,1024,eff_su2_r5_d2,MNIST_QNN_eff_su2_r5_d2_s43;MNIST_QNN_eff_su2_r5_d2_s44;MNIST_QNN_eff_su2_r5_d2_s45,MNIST_QNN_eff_su2_r1_d2_s45;MNIST_QNN_z_r1_d6_s45
cross_cell_2,2,50,1024,z_r1_d6,MNIST_QNN_z_r1_d6_s43;MNIST_QNN_z_r1_d6_s44;MNIST_QNN_z_r1_d6_s45,MNIST_QNN_eff_su2_r5_d2_s45;MNIST_QNN_zz_r5_d6_s43
cross_cell_2,2,50,1024,zz_r1_d6,MNIST_QNN_zz_r1_d6_s43;MNIST_QNN_zz_r1_d6_s44;MNIST_QNN_zz_r1_d6_s45,MNIST_QNN_z_r1_d6_s45;MNIST_QNN_zz_r5_d6_s44
cross_cell_2,2,50,1024,zz_r5_d6,MNIST_QNN_zz_r5_d6_s43;MNIST_QNN_zz_r5_d6_s44;MNIST_QNN_zz_r5_d6_s45,MNIST_QNN_eff_su2_r1_d2_s43;MNIST_QNN_z_r1_d6_s43
cross_cell_2,2,51,1024,eff_su2_r1_d2,MNIST_QNN_eff_su2_r1_d2_s43;MNIST_QNN_eff_su2_r1_d2_s44;MNIST_QNN_eff_su2_r1_d2_s45,MNIST_QNN_z_r1_d6_s44;MNIST_QNN_zz_r5_d6_s43
cross_cell_2,2,51,1024,eff_su2_r5_d2,MNIST_QNN_eff_su2_r5_d2_s43;MNIST_QNN_eff_su2_r5_d2_s44;MNIST_QNN_eff_su2_r5_d2_s45,MNIST_QNN_zz_r1_d6_s44;MNIST_QNN_zz_r5_d6_s44
cross_cell_2,2,51,1024,z_r1_d6,MNIST_QNN_z_r1_d6_s43;MNIST_QNN_z_r1_d6_s44;MNIST_QNN_z_r1_d6_s45,MNIST_QNN_eff_su2_r1_d2_s43;MNIST_QNN_zz_r5_d6_s45
cross_cell_2,2,51,1024,zz_r1_d6,MNIST_QNN_zz_r1_d6_s43;MNIST_QNN_zz_r1_d6_s44;MNIST_QNN_zz_r1_d6_s45,MNIST_QNN_eff_su2_r1_d2_s43;MNIST_QNN_eff_su2_r1_d2_s44
cross_cell_2,2,51,1024,zz_r5_d6,MNIST_QNN_zz_r5_d6_s43;MNIST_QNN_zz_r5_d6_s44;MNIST_QNN_zz_r5_d6_s45,MNIST_QNN_eff_su2_r5_d2_s44;MNIST_QNN_zz_r1_d6_s45
cross_cell_2,2,52,1024,eff_su2_r1_d2,MNIST_QNN_eff_su2_r1_d2_s43;MNIST_QNN_eff_su2_r1_d2_s44;MNIST_QNN_eff_su2_r1_d2_s45,MNIST_QNN_zz_r1_d6_s45;MNIST_QNN_zz_r5_d6_s45
cross_cell_2,2,52,1024,eff_su2_r5_d2,MNIST_QNN_eff_su2_r5_d2_s43;MNIST_QNN_eff_su2_r5_d2_s44;MNIST_QNN_eff_su2_r5_d2_s45,MNIST_QNN_z_r1_d6_s44;MNIST_QNN_zz_r1_d6_s43
cross_cell_2,2,52,1024,z_r1_d6,MNIST_QNN_z_r1_d6_s43;MNIST_QNN_z_r1_d6_s44;MNIST_QNN_z_r1_d6_s45,MNIST_QNN_eff_su2_r1_d2_s45;MNIST_QNN_zz_r1_d6_s45
cross_cell_2,2,52,1024,zz_r1_d6,MNIST_QNN_zz_r1_d6_s43;MNIST_QNN_zz_r1_d6_s44;MNIST_QNN_zz_r1_d6_s45,MNIST_QNN_eff_su2_r1_d2_s44;MNIST_QNN_z_r1_d6_s45
cross_cell_2,2,52,1024,zz_r5_d6,MNIST_QNN_zz_r5_d6_s43;MNIST_QNN_zz_r5_d6_s44;MNIST_QNN_zz_r5_d6_s45,MNIST_QNN_z_r1_d6_s43;MNIST_QNN_z_r1_d6_s45
cross_cell_2,2,53,1024,eff_su2_r1_d2,MNIST_QNN_eff_su2_r1_d2_s43;MNIST_QNN_eff_su2_r1_d2_s44;MNIST_QNN_eff_su2_r1_d2_s45,MNIST_QNN_eff_su2_r5_d2_s43;MNIST_QNN_zz_r5_d6_s45
cross_cell_2,2,53,1024,eff_su2_r5_d2,MNIST_QNN_eff_su2_r5_d2_s43;MNIST_QNN_eff_su2_r5_d2_s44;MNIST_QNN_eff_su2_r5_d2_s45,MNIST_QNN_z_r1_d6_s44;MNIST_QNN_zz_r5_d6_s44
cross_cell_2,2,53,1024,z_r1_d6,MNIST_QNN_z_r1_d6_s43;MNIST_QNN_z_r1_d6_s44;MNIST_QNN_z_r1_d6_s45,MNIST_QNN_eff_su2_r5_d2_s43;MNIST_QNN_zz_r5_d6_s45
cross_cell_2,2,53,1024,zz_r1_d6,MNIST_QNN_zz_r1_d6_s43;MNIST_QNN_zz_r1_d6_s44;MNIST_QNN_zz_r1_d6_s45,MNIST_QNN_eff_su2_r1_d2_s43;MNIST_QNN_eff_su2_r5_d2_s43
cross_cell_2,2,53,1024,zz_r5_d6,MNIST_QNN_zz_r5_d6_s43;MNIST_QNN_zz_r5_d6_s44;MNIST_QNN_zz_r5_d6_s45,MNIST_QNN_eff_su2_r5_d2_s45;MNIST_QNN_z_r1_d6_s44
cross_cell_2,2,54,1024,eff_su2_r1_d2,MNIST_QNN_eff_su2_r1_d2_s43;MNIST_QNN_eff_su2_r1_d2_s44;MNIST_QNN_eff_su2_r1_d2_s45,MNIST_QNN_z_r1_d6_s45;MNIST_QNN_zz_r1_d6_s44
cross_cell_2,2,54,1024,eff_su2_r5_d2,MNIST_QNN_eff_su2_r5_d2_s43;MNIST_QNN_eff_su2_r5_d2_s44;MNIST_QNN_eff_su2_r5_d2_s45,MNIST_QNN_eff_su2_r1_d2_s45;MNIST_QNN_zz_r5_d6_s45
cross_cell_2,2,54,1024,z_r1_d6,MNIST_QNN_z_r1_d6_s43;MNIST_QNN_z_r1_d6_s44;MNIST_QNN_z_r1_d6_s45,MNIST_QNN_eff_su2_r5_d2_s44;MNIST_QNN_zz_r5_d6_s45
cross_cell_2,2,54,1024,zz_r1_d6,MNIST_QNN_zz_r1_d6_s43;MNIST_QNN_zz_r1_d6_s44;MNIST_QNN_zz_r1_d6_s45,MNIST_QNN_eff_su2_r5_d2_s43;MNIST_QNN_zz_r5_d6_s45
cross_cell_2,2,54,1024,zz_r5_d6,MNIST_QNN_zz_r5_d6_s43;MNIST_QNN_zz_r5_d6_s44;MNIST_QNN_zz_r5_d6_s45,MNIST_QNN_z_r1_d6_s43;MNIST_QNN_zz_r1_d6_s45
cross_cell_2,2,55,1024,eff_su2_r1_d2,MNIST_QNN_eff_su2_r1_d2_s43;MNIST_QNN_eff_su2_r1_d2_s44;MNIST_QNN_eff_su2_r1_d2_s45,MNIST_QNN_z_r1_d6_s44;MNIST_QNN_zz_r5_d6_s44
cross_cell_2,2,55,1024,eff_su2_r5_d2,MNIST_QNN_eff_su2_r5_d2_s43;MNIST_QNN_eff_su2_r5_d2_s44;MNIST_QNN_eff_su2_r5_d2_s45,MNIST_QNN_z_r1_d6_s45;MNIST_QNN_zz_r5_d6_s45
cross_cell_2,2,55,1024,z_r1_d6,MNIST_QNN_z_r1_d6_s43;MNIST_QNN_z_r1_d6_s44;MNIST_QNN_z_r1_d6_s45,MNIST_QNN_eff_su2_r1_d2_s45;MNIST_QNN_zz_r5_d6_s44
cross_cell_2,2,55,1024,zz_r1_d6,MNIST_QNN_zz_r1_d6_s43;MNIST_QNN_zz_r1_d6_s44;MNIST_QNN_zz_r1_d6_s45,MNIST_QNN_eff_su2_r5_d2_s44;MNIST_QNN_z_r1_d6_s44
cross_cell_2,2,55,1024,zz_r5_d6,MNIST_QNN_zz_r5_d6_s43;MNIST_QNN_zz_r5_d6_s44;MNIST_QNN_zz_r5_d6_s45,MNIST_QNN_eff_su2_r5_d2_s45;MNIST_QNN_z_r1_d6_s43
cross_cell_2,2,56,1024,eff_su2_r1_d2,MNIST_QNN_eff_su2_r1_d2_s43;MNIST_QNN_eff_su2_r1_d2_s44;MNIST_QNN_eff_su2_r1_d2_s45,MNIST_QNN_eff_su2_r5_d2_s43;MNIST_QNN_z_r1_d6_s44
cross_cell_2,2,56,1024,eff_su2_r5_d2,MNIST_QNN_eff_su2_r5_d2_s43;MNIST_QNN_eff_su2_r5_d2_s44;MNIST_QNN_eff_su2_r5_d2_s45,MNIST_QNN_z_r1_d6_s43;MNIST_QNN_zz_r5_d6_s43
cross_cell_2,2,56,1024,z_r1_d6,MNIST_QNN_z_r1_d6_s43;MNIST_QNN_z_r1_d6_s44;MNIST_QNN_z_r1_d6_s45,MNIST_QNN_eff_su2_r5_d2_s45;MNIST_QNN_zz_r5_d6_s45
cross_cell_2,2,56,1024,zz_r1_d6,MNIST_QNN_zz_r1_d6_s43;MNIST_QNN_zz_r1_d6_s44;MNIST_QNN_zz_r1_d6_s45,MNIST_QNN_z_r1_d6_s45;MNIST_QNN_zz_r5_d6_s45
cross_cell_2,2,56,1024,zz_r5_d6,MNIST_QNN_zz_r5_d6_s43;MNIST_QNN_zz_r5_d6_s44;MNIST_QNN_zz_r5_d6_s45,MNIST_QNN_zz_r1_d6_s43;MNIST_QNN_zz_r1_d6_s45
cross_cell_2,2,57,1024,eff_su2_r1_d2,MNIST_QNN_eff_su2_r1_d2_s43;MNIST_QNN_eff_su2_r1_d2_s44;MNIST_QNN_eff_su2_r1_d2_s45,MNIST_QNN_eff_su2_r5_d2_s43;MNIST_QNN_eff_su2_r5_d2_s45
cross_cell_2,2,57,1024,eff_su2_r5_d2,MNIST_QNN_eff_su2_r5_d2_s43;MNIST_QNN_eff_su2_r5_d2_s44;MNIST_QNN_eff_su2_r5_d2_s45,MNIST_QNN_eff_su2_r1_d2_s43;MNIST_QNN_eff_su2_r1_d2_s44
cross_cell_2,2,57,1024,z_r1_d6,MNIST_QNN_z_r1_d6_s43;MNIST_QNN_z_r1_d6_s44;MNIST_QNN_z_r1_d6_s45,MNIST_QNN_eff_su2_r5_d2_s43;MNIST_QNN_zz_r1_d6_s45
cross_cell_2,2,57,1024,zz_r1_d6,MNIST_QNN_zz_r1_d6_s43;MNIST_QNN_zz_r1_d6_s44;MNIST_QNN_zz_r1_d6_s45,MNIST_QNN_z_r1_d6_s44;MNIST_QNN_zz_r5_d6_s43
cross_cell_2,2,57,1024,zz_r5_d6,MNIST_QNN_zz_r5_d6_s43;MNIST_QNN_zz_r5_d6_s44;MNIST_QNN_zz_r5_d6_s45,MNIST_QNN_eff_su2_r1_d2_s43;MNIST_QNN_eff_su2_r5_d2_s43
cross_cell_2,2,58,1024,eff_su2_r1_d2,MNIST_QNN_eff_su2_r1_d2_s43;MNIST_QNN_eff_su2_r1_d2_s44;MNIST_QNN_eff_su2_r1_d2_s45,MNIST_QNN_zz_r1_d6_s44;MNIST_QNN_zz_r5_d6_s44
cross_cell_2,2,58,1024,eff_su2_r5_d2,MNIST_QNN_eff_su2_r5_d2_s43;MNIST_QNN_eff_su2_r5_d2_s44;MNIST_QNN_eff_su2_r5_d2_s45,MNIST_QNN_eff_su2_r1_d2_s43;MNIST_QNN_z_r1_d6_s43
cross_cell_2,2,58,1024,z_r1_d6,MNIST_QNN_z_r1_d6_s43;MNIST_QNN_z_r1_d6_s44;MNIST_QNN_z_r1_d6_s45,MNIST_QNN_eff_su2_r1_d2_s45;MNIST_QNN_zz_r1_d6_s43
cross_cell_2,2,58,1024,zz_r1_d6,MNIST_QNN_zz_r1_d6_s43;MNIST_QNN_zz_r1_d6_s44;MNIST_QNN_zz_r1_d6_s45,MNIST_QNN_eff_su2_r5_d2_s44;MNIST_QNN_zz_r5_d6_s43
cross_cell_2,2,58,1024,zz_r5_d6,MNIST_QNN_zz_r5_d6_s43;MNIST_QNN_zz_r5_d6_s44;MNIST_QNN_zz_r5_d6_s45,MNIST_QNN_eff_su2_r1_d2_s43;MNIST_QNN_eff_su2_r5_d2_s45
cross_cell_2,2,59,1024,eff_su2_r1_d2,MNIST_QNN_eff_su2_r1_d2_s43;MNIST_QNN_eff_su2_r1_d2_s44;MNIST_QNN_eff_su2_r1_d2_s45,MNIST_QNN_eff_su2_r5_d2_s43;MNIST_QNN_zz_r5_d6_s43
cross_cell_2,2,59,1024,eff_su2_r5_d2,MNIST_QNN_eff_su2_r5_d2_s43;MNIST_QNN_eff_su2_r5_d2_s44;MNIST_QNN_eff_su2_r5_d2_s45,MNIST_QNN_eff_su2_r1_d2_s43;MNIST_QNN_z_r1_d6_s44
cross_cell_2,2,59,1024,z_r1_d6,MNIST_QNN_z_r1_d6_s43;MNIST_QNN_z_r1_d6_s44;MNIST_QNN_z_r1_d6_s45,MNIST_QNN_zz_r1_d6_s45;MNIST_QNN_zz_r5_d6_s44
cross_cell_2,2,59,1024,zz_r1_d6,MNIST_QNN_zz_r1_d6_s43;MNIST_QNN_zz_r1_d6_s44;MNIST_QNN_zz_r1_d6_s45,MNIST_QNN_eff_su2_r1_d2_s44;MNIST_QNN_z_r1_d6_s43
cross_cell_2,2,59,1024,zz_r5_d6,MNIST_QNN_zz_r5_d6_s43;MNIST_QNN_zz_r5_d6_s44;MNIST_QNN_zz_r5_d6_s45,MNIST_QNN_eff_su2_r1_d2_s44;MNIST_QNN_eff_su2_r5_d2_s44
cross_cell_2,2,60,1024,eff_su2_r1_d2,MNIST_QNN_eff_su2_r1_d2_s43;MNIST_QNN_eff_su2_r1_d2_s44;MNIST_QNN_eff_su2_r1_d2_s45,MNIST_QNN_eff_su2_r5_d2_s44;MNIST_QNN_z_r1_d6_s43
cross_cell_2,2,60,1024,eff_su2_r5_d2,MNIST_QNN_eff_su2_r5_d2_s43;MNIST_QNN_eff_su2_r5_d2_s44;MNIST_QNN_eff_su2_r5_d2_s45,MNIST_QNN_z_r1_d6_s45;MNIST_QNN_zz_r5_d6_s44
cross_cell_2,2,60,1024,z_r1_d6,MNIST_QNN_z_r1_d6_s43;MNIST_QNN_z_r1_d6_s44;MNIST_QNN_z_r1_d6_s45,MNIST_QNN_zz_r1_d6_s44;MNIST_QNN_zz_r5_d6_s45
cross_cell_2,2,60,1024,zz_r1_d6,MNIST_QNN_zz_r1_d6_s43;MNIST_QNN_zz_r1_d6_s44;MNIST_QNN_zz_r1_d6_s45,MNIST_QNN_z_r1_d6_s44;MNIST_QNN_zz_r5_d6_s45
cross_cell_2,2,60,1024,zz_r5_d6,MNIST_QNN_zz_r5_d6_s43;MNIST_QNN_zz_r5_d6_s44;MNIST_QNN_zz_r5_d6_s45,MNIST_QNN_eff_su2_r1_d2_s43;MNIST_QNN_eff_su2_r1_d2_s44
cross_cell_2,2,61,1024,eff_su2_r1_d2,MNIST_QNN_eff_su2_r1_d2_s43;MNIST_QNN_eff_su2_r1_d2_s44;MNIST_QNN_eff_su2_r1_d2_s45,MNIST_QNN_z_r1_d6_s45;MNIST_QNN_zz_r5_d6_s43
cross_cell_2,2,61,1024,eff_su2_r5_d2,MNIST_QNN_eff_su2_r5_d2_s43;MNIST_QNN_eff_su2_r5_d2_s44;MNIST_QNN_eff_su2_r5_d2_s45,MNIST_QNN_eff_su2_r1_d2_s45;MNIST_QNN_zz_r5_d6_s44
cross_cell_2,2,61,1024,z_r1_d6,MNIST_QNN_z_r1_d6_s43;MNIST_QNN_z_r1_d6_s44;MNIST_QNN_z_r1_d6_s45,MNIST_QNN_eff_su2_r1_d2_s44;MNIST_QNN_eff_su2_r5_d2_s45
cross_cell_2,2,61,1024,zz_r1_d6,MNIST_QNN_zz_r1_d6_s43;MNIST_QNN_zz_r1_d6_s44;MNIST_QNN_zz_r1_d6_s45,MNIST_QNN_eff_su2_r5_d2_s43;MNIST_QNN_z_r1_d6_s43
cross_cell_2,2,61,1024,zz_r5_d6,MNIST_QNN_zz_r5_d6_s43;MNIST_QNN_zz_r5_d6_s44;MNIST_QNN_zz_r5_d6_s45,MNIST_QNN_eff_su2_r1_d2_s43;MNIST_QNN_zz_r1_d6_s45
cross_cell_2,2,62,1024,eff_su2_r1_d2,MNIST_QNN_eff_su2_r1_d2_s43;MNIST_QNN_eff_su2_r1_d2_s44;MNIST_QNN_eff_su2_r1_d2_s45,MNIST_QNN_zz_r5_d6_s43;MNIST_QNN_zz_r5_d6_s44
cross_cell_2,2,62,1024,eff_su2_r5_d2,MNIST_QNN_eff_su2_r5_d2_s43;MNIST_QNN_eff_su2_r5_d2_s44;MNIST_QNN_eff_su2_r5_d2_s45,MNIST_QNN_z_r1_d6_s44;MNIST_QNN_zz_r1_d6_s45
cross_cell_2,2,62,1024,z_r1_d6,MNIST_QNN_z_r1_d6_s43;MNIST_QNN_z_r1_d6_s44;MNIST_QNN_z_r1_d6_s45,MNIST_QNN_eff_su2_r1_d2_s45;MNIST_QNN_zz_r5_d6_s45
cross_cell_2,2,62,1024,zz_r1_d6,MNIST_QNN_zz_r1_d6_s43;MNIST_QNN_zz_r1_d6_s44;MNIST_QNN_zz_r1_d6_s45,MNIST_QNN_eff_su2_r5_d2_s43;MNIST_QNN_zz_r5_d6_s44
cross_cell_2,2,62,1024,zz_r5_d6,MNIST_QNN_zz_r5_d6_s43;MNIST_QNN_zz_r5_d6_s44;MNIST_QNN_zz_r5_d6_s45,MNIST_QNN_eff_su2_r1_d2_s45;MNIST_QNN_zz_r1_d6_s44
cross_cell_2,2,63,1024,eff_su2_r1_d2,MNIST_QNN_eff_su2_r1_d2_s43;MNIST_QNN_eff_su2_r1_d2_s44;MNIST_QNN_eff_su2_r1_d2_s45,MNIST_QNN_eff_su2_r5_d2_s43;MNIST_QNN_zz_r1_d6_s43
cross_cell_2,2,63,1024,eff_su2_r5_d2,MNIST_QNN_eff_su2_r5_d2_s43;MNIST_QNN_eff_su2_r5_d2_s44;MNIST_QNN_eff_su2_r5_d2_s45,MNIST_QNN_eff_su2_r1_d2_s45;MNIST_QNN_zz_r1_d6_s43
cross_cell_2,2,63,1024,z_r1_d6,MNIST_QNN_z_r1_d6_s43;MNIST_QNN_z_r1_d6_s44;MNIST_QNN_z_r1_d6_s45,MNIST_QNN_zz_r1_d6_s45;MNIST_QNN_zz_r5_d6_s45
cross_cell_2,2,63,1024,zz_r1_d6,MNIST_QNN_zz_r1_d6_s43;MNIST_QNN_zz_r1_d6_s44;MNIST_QNN_zz_r1_d6_s45,MNIST_QNN_z_r1_d6_s43;MNIST_QNN_z_r1_d6_s44
cross_cell_2,2,63,1024,zz_r5_d6,MNIST_QNN_zz_r5_d6_s43;MNIST_QNN_zz_r5_d6_s44;MNIST_QNN_zz_r5_d6_s45,MNIST_QNN_eff_su2_r1_d2_s45;MNIST_QNN_z_r1_d6_s45
cross_cell_2,2,64,1024,eff_su2_r1_d2,MNIST_QNN_eff_su2_r1_d2_s43;MNIST_QNN_eff_su2_r1_d2_s44;MNIST_QNN_eff_su2_r1_d2_s45,MNIST_QNN_z_r1_d6_s43;MNIST_QNN_zz_r1_d6_s44
cross_cell_2,2,64,1024,eff_su2_r5_d2,MNIST_QNN_eff_su2_r5_d2_s43;MNIST_QNN_eff_su2_r5_d2_s44;MNIST_QNN_eff_su2_r5_d2_s45,MNIST_QNN_z_r1_d6_s43;MNIST_QNN_zz_r1_d6_s45
cross_cell_2,2,64,1024,z_r1_d6,MNIST_QNN_z_r1_d6_s43;MNIST_QNN_z_r1_d6_s44;MNIST_QNN_z_r1_d6_s45,MNIST_QNN_eff_su2_r1_d2_s44;MNIST_QNN_eff_su2_r1_d2_s45
cross_cell_2,2,64,1024,zz_r1_d6,MNIST_QNN_zz_r1_d6_s43;MNIST_QNN_zz_r1_d6_s44;MNIST_QNN_zz_r1_d6_s45,MNIST_QNN_eff_su2_r1_d2_s45;MNIST_QNN_zz_r5_d6_s44
cross_cell_2,2,64,1024,zz_r5_d6,MNIST_QNN_zz_r5_d6_s43;MNIST_QNN_zz_r5_d6_s44;MNIST_QNN_zz_r5_d6_s45,MNIST_QNN_eff_su2_r5_d2_s43;MNIST_QNN_zz_r1_d6_s44
cross_cell_2,2,65,1024,eff_su2_r1_d2,MNIST_QNN_eff_su2_r1_d2_s43;MNIST_QNN_eff_su2_r1_d2_s44;MNIST_QNN_eff_su2_r1_d2_s45,MNIST_QNN_eff_su2_r5_d2_s44;MNIST_QNN_zz_r5_d6_s45
cross_cell_2,2,65,1024,eff_su2_r5_d2,MNIST_QNN_eff_su2_r5_d2_s43;MNIST_QNN_eff_su2_r5_d2_s44;MNIST_QNN_eff_su2_r5_d2_s45,MNIST_QNN_eff_su2_r1_d2_s44;MNIST_QNN_zz_r1_d6_s45
cross_cell_2,2,65,1024,z_r1_d6,MNIST_QNN_z_r1_d6_s43;MNIST_QNN_z_r1_d6_s44;MNIST_QNN_z_r1_d6_s45,MNIST_QNN_zz_r5_d6_s43;MNIST_QNN_zz_r5_d6_s45
cross_cell_2,2,65,1024,zz_r1_d6,MNIST_QNN_zz_r1_d6_s43;MNIST_QNN_zz_r1_d6_s44;MNIST_QNN_zz_r1_d6_s45,MNIST_QNN_eff_su2_r1_d2_s45;MNIST_QNN_eff_su2_r5_d2_s45
cross_cell_2,2,65,1024,zz_r5_d6,MNIST_QNN_zz_r5_d6_s43;MNIST_QNN_zz_r5_d6_s44;MNIST_QNN_zz_r5_d6_s45,MNIST_QNN_eff_su2_r1_d2_s44;MNIST_QNN_eff_su2_r5_d2_s45
cross_cell_4,4,0,1024,eff_su2_r1_d2,MNIST_QNN_eff_su2_r1_d2_s43;MNIST_QNN_eff_su2_r1_d2_s44;MNIST_QNN_eff_su2_r1_d2_s45,MNIST_QNN_eff_su2_r5_d2_s43;MNIST_QNN_eff_su2_r5_d2_s44;MNIST_QNN_z_r1_d6_s45;MNIST_QNN_zz_r5_d6_s43
cross_cell_4,4,0,1024,eff_su2_r5_d2,MNIST_QNN_eff_su2_r5_d2_s43;MNIST_QNN_eff_su2_r5_d2_s44;MNIST_QNN_eff_su2_r5_d2_s45,MNIST_QNN_eff_su2_r1_d2_s43;MNIST_QNN_eff_su2_r1_d2_s44;MNIST_QNN_zz_r1_d6_s44;MNIST_QNN_zz_r5_d6_s44
cross_cell_4,4,0,1024,z_r1_d6,MNIST_QNN_z_r1_d6_s43;MNIST_QNN_z_r1_d6_s44;MNIST_QNN_z_r1_d6_s45,MNIST_QNN_eff_su2_r1_d2_s43;MNIST_QNN_eff_su2_r1_d2_s44;MNIST_QNN_eff_su2_r5_d2_s43;MNIST_QNN_eff_su2_r5_d2_s44
cross_cell_4,4,0,1024,zz_r1_d6,MNIST_QNN_zz_r1_d6_s43;MNIST_QNN_zz_r1_d6_s44;MNIST_QNN_zz_r1_d6_s45,MNIST_QNN_eff_su2_r1_d2_s43;MNIST_QNN_eff_su2_r1_d2_s44;MNIST_QNN_eff_su2_r1_d2_s45;MNIST_QNN_z_r1_d6_s45
cross_cell_4,4,0,1024,zz_r5_d6,MNIST_QNN_zz_r5_d6_s43;MNIST_QNN_zz_r5_d6_s44;MNIST_QNN_zz_r5_d6_s45,MNIST_QNN_eff_su2_r1_d2_s43;MNIST_QNN_eff_su2_r1_d2_s44;MNIST_QNN_eff_su2_r1_d2_s45;MNIST_QNN_eff_su2_r5_d2_s43
cross_cell_4,4,1,1024,eff_su2_r1_d2,MNIST_QNN_eff_su2_r1_d2_s43;MNIST_QNN_eff_su2_r1_d2_s44;MNIST_QNN_eff_su2_r1_d2_s45,MNIST_QNN_eff_su2_r5_d2_s43;MNIST_QNN_eff_su2_r5_d2_s44;MNIST_QNN_zz_r1_d6_s45;MNIST_QNN_zz_r5_d6_s44
cross_cell_4,4,1,1024,eff_su2_r5_d2,MNIST_QNN_eff_su2_r5_d2_s43;MNIST_QNN_eff_su2_r5_d2_s44;MNIST_QNN_eff_su2_r5_d2_s45,MNIST_QNN_eff_su2_r1_d2_s43;MNIST_QNN_eff_su2_r1_d2_s44;MNIST_QNN_zz_r1_d6_s45;MNIST_QNN_zz_r5_d6_s44
cross_cell_4,4,1,1024,z_r1_d6,MNIST_QNN_z_r1_d6_s43;MNIST_QNN_z_r1_d6_s44;MNIST_QNN_z_r1_d6_s45,MNIST_QNN_eff_su2_r1_d2_s43;MNIST_QNN_eff_su2_r1_d2_s44;MNIST_QNN_eff_su2_r5_d2_s43;MNIST_QNN_zz_r1_d6_s43
cross_cell_4,4,1,1024,zz_r1_d6,MNIST_QNN_zz_r1_d6_s43;MNIST_QNN_zz_r1_d6_s44;MNIST_QNN_zz_r1_d6_s45,MNIST_QNN_eff_su2_r1_d2_s43;MNIST_QNN_eff_su2_r1_d2_s44;MNIST_QNN_eff_su2_r5_d2_s43;MNIST_QNN_z_r1_d6_s45
cross_cell_4,4,1,1024,zz_r5_d6,MNIST_QNN_zz_r5_d6_s43;MNIST_QNN_zz_r5_d6_s44;MNIST_QNN_zz_r5_d6_s45,MNIST_QNN_eff_su2_r1_d2_s43;MNIST_QNN_eff_su2_r1_d2_s44;MNIST_QNN_eff_su2_r5_d2_s43;MNIST_QNN_z_r1_d6_s44
cross_cell_4,4,2,1024,eff_su2_r1_d2,MNIST_QNN_eff_su2_r1_d2_s43;MNIST_QNN_eff_su2_r1_d2_s44;MNIST_QNN_eff_su2_r1_d2_s45,MNIST_QNN_eff_su2_r5_d2_s43;MNIST_QNN_eff_su2_r5_d2_s45;MNIST_QNN_zz_r1_d6_s43;MNIST_QNN_zz_r5_d6_s44
cross_cell_4,4,2,1024,eff_su2_r5_d2,MNIST_QNN_eff_su2_r5_d2_s43;MNIST_QNN_eff_su2_r5_d2_s44;MNIST_QNN_eff_su2_r5_d2_s45,MNIST_QNN_eff_su2_r1_d2_s43;MNIST_QNN_eff_su2_r1_d2_s44;MNIST_QNN_zz_r5_d6_s43;MNIST_QNN_zz_r5_d6_s45
cross_cell_4,4,2,1024,z_r1_d6,MNIST_QNN_z_r1_d6_s43;MNIST_QNN_z_r1_d6_s44;MNIST_QNN_z_r1_d6_s45,MNIST_QNN_eff_su2_r1_d2_s43;MNIST_QNN_eff_su2_r1_d2_s44;MNIST_QNN_eff_su2_r5_d2_s44;MNIST_QNN_zz_r5_d6_s44
cross_cell_4,4,2,1024,zz_r1_d6,MNIST_QNN_zz_r1_d6_s43;MNIST_QNN_zz_r1_d6_s44;MNIST_QNN_zz_r1_d6_s45,MNIST_QNN_eff_su2_r1_d2_s43;MNIST_QNN_eff_su2_r1_d2_s44;MNIST_QNN_eff_su2_r5_d2_s45;MNIST_QNN_zz_r5_d6_s43
cross_cell_4,4,2,1024,zz_r5_d6,MNIST_QNN_zz_r5_d6_s43;MNIST_QNN_zz_r5_d6_s44;MNIST_QNN_zz_r5_d6_s45,MNIST_QNN_eff_su2_r1_d2_s43;MNIST_QNN_eff_su2_r1_d2_s44;MNIST_QNN_eff_su2_r5_d2_s43;MNIST_QNN_z_r1_d6_s45
cross_cell_4,4,3,1024,eff_su2_r1_d2,MNIST_QNN_eff_su2_r1_d2_s43;MNIST_QNN_eff_su2_r1_d2_s44;MNIST_QNN_eff_su2_r1_d2_s45,MNIST_QNN_eff_su2_r5_d2_s43;MNIST_QNN_z_r1_d6_s44;MNIST_QNN_zz_r1_d6_s43;MNIST_QNN_zz_r5_d6_s43
cross_cell_4,4,3,1024,eff_su2_r5_d2,MNIST_QNN_eff_su2_r5_d2_s43;MNIST_QNN_eff_su2_r5_d2_s44;MNIST_QNN_eff_su2_r5_d2_s45,MNIST_QNN_eff_su2_r1_d2_s43;MNIST_QNN_eff_su2_r1_d2_s45;MNIST_QNN_z_r1_d6_s43;MNIST_QNN_z_r1_d6_s45
cross_cell_4,4,3,1024,z_r1_d6,MNIST_QNN_z_r1_d6_s43;MNIST_QNN_z_r1_d6_s44;MNIST_QNN_z_r1_d6_s45,MNIST_QNN_eff_su2_r1_d2_s43;MNIST_QNN_eff_su2_r1_d2_s44;MNIST_QNN_zz_r1_d6_s43;MNIST_QNN_zz_r5_d6_s44
cross_cell_4,4,3,1024,zz_r1_d6,MNIST_QNN_zz_r1_d6_s43;MNIST_QNN_zz_r1_d6_s44;MNIST_QNN_zz_r1_d6_s45,MNIST_QNN_eff_su2_r1_d2_s43;MNIST_QNN_eff_su2_r1_d2_s45;MNIST_QNN_z_r1_d6_s43;MNIST_QNN_zz_r5_d6_s43
cross_cell_4,4,3,1024,zz_r5_d6,MNIST_QNN_zz_r5_d6_s43;MNIST_QNN_zz_r5_d6_s44;MNIST_QNN_zz_r5_d6_s45,MNIST_QNN_eff_su2_r1_d2_s43;MNIST_QNN_eff_su2_r1_d2_s44;MNIST_QNN_eff_su2_r5_d2_s44;MNIST_QNN_z_r1_d6_s44
cross_cell_4,4,4,1024,eff_su2_r1_d2,MNIST_QNN_eff_su2_r1_d2_s43;MNIST_QNN_eff_su2_r1_d2_s44;MNIST_QNN_eff_su2_r1_d2_s45,MNIST_QNN_eff_su2_r5_d2_s43;MNIST_QNN_z_r1_d6_s44;MNIST_QNN_zz_r1_d6_s44;MNIST_QNN_zz_r1_d6_s45
cross_cell_4,4,4,1024,eff_su2_r5_d2,MNIST_QNN_eff_su2_r5_d2_s43;MNIST_QNN_eff_su2_r5_d2_s44;MNIST_QNN_eff_su2_r5_d2_s45,MNIST_QNN_eff_su2_r1_d2_s43;MNIST_QNN_eff_su2_r1_d2_s45;MNIST_QNN_zz_r1_d6_s43;MNIST_QNN_zz_r1_d6_s45
cross_cell_4,4,4,1024,z_r1_d6,MNIST_QNN_z_r1_d6_s43;MNIST_QNN_z_r1_d6_s44;MNIST_QNN_z_r1_d6_s45,MNIST_QNN_eff_su2_r1_d2_s43;MNIST_QNN_eff_su2_r1_d2_s44;MNIST_QNN_zz_r5_d6_s43;MNIST_QNN_zz_r5_d6_s44
cross_cell_4,4,4,1024,zz_r1_d6,MNIST_QNN_zz_r1_d6_s43;MNIST_QNN_zz_r1_d6_s44;MNIST_QNN_zz_r1_d6_s45,MNIST_QNN_eff_su2_r1_d2_s43;MNIST_QNN_eff_su2_r1_d2_s45;MNIST_QNN_zz_r5_d6_s43;MNIST_QNN_zz_r5_d6_s44
cross_cell_4,4,4,1024,zz_r5_d6,MNIST_QNN_zz_r5_d6_s43;MNIST_QNN_zz_r5_d6_s44;MNIST_QNN_zz_r5_d6_s45,MNIST_QNN_eff_su2_r1_d2_s43;MNIST_QNN_eff_su2_r1_d2_s44;MNIST_QNN_z_r1_d6_s45;MNIST_QNN_zz_r1_d6_s43
cross_cell_4,4,5,1024,eff_su2_r1_d2,MNIST_QNN_eff_su2_r1_d2_s43;MNIST_QNN_eff_su2_r1_d2_s44;MNIST_QNN_eff_su2_r1_d2_s45,MNIST_QNN_eff_su2_r5_d2_s43;MNIST_QNN_z_r1_d6_s44;MNIST_QNN_zz_r5_d6_s43;MNIST_QNN_zz_r5_d6_s44
cross_cell_4,4,5,1024,eff_su2_r5_d2,MNIST_QNN_eff_su2_r5_d2_s43;MNIST_QNN_eff_su2_r5_d2_s44;MNIST_QNN_eff_su2_r5_d2_s45,MNIST_QNN_eff_su2_r1_d2_s43;MNIST_QNN_z_r1_d6_s43;MNIST_QNN_zz_r1_d6_s45;MNIST_QNN_zz_r5_d6_s45
cross_cell_4,4,5,1024,z_r1_d6,MNIST_QNN_z_r1_d6_s43;MNIST_QNN_z_r1_d6_s44;MNIST_QNN_z_r1_d6_s45,MNIST_QNN_eff_su2_r1_d2_s43;MNIST_QNN_eff_su2_r1_d2_s45;MNIST_QNN_eff_su2_r5_d2_s45;MNIST_QNN_zz_r5_d6_s43
cross_cell_4,4,5,1024,zz_r1_d6,MNIST_QNN_zz_r1_d6_s43;MNIST_QNN_zz_r1_d6_s44;MNIST_QNN_zz_r1_d6_s45,MNIST_QNN_eff_su2_r1_d2_s43;MNIST_QNN_eff_su2_r5_d2_s43;MNIST_QNN_eff_su2_r5_d2_s44;MNIST_QNN_eff_su2_r5_d2_s45
cross_cell_4,4,5,1024,zz_r5_d6,MNIST_QNN_zz_r5_d6_s43;MNIST_QNN_zz_r5_d6_s44;MNIST_QNN_zz_r5_d6_s45,MNIST_QNN_eff_su2_r1_d2_s43;MNIST_QNN_eff_su2_r1_d2_s45;MNIST_QNN_eff_su2_r5_d2_s44;MNIST_QNN_zz_r1_d6_s43
cross_cell_4,4,6,1024,eff_su2_r1_d2,MNIST_QNN_eff_su2_r1_d2_s43;MNIST_QNN_eff_su2_r1_d2_s44;MNIST_QNN_eff_su2_r1_d2_s45,MNIST_QNN_eff_su2_r5_d2_s43;MNIST_QNN_z_r1_d6_s45;MNIST_QNN_zz_r1_d6_s43;MNIST_QNN_zz_r5_d6_s44
cross_cell_4,4,6,1024,eff_su2_r5_d2,MNIST_QNN_eff_su2_r5_d2_s43;MNIST_QNN_eff_su2_r5_d2_s44;MNIST_QNN_eff_su2_r5_d2_s45,MNIST_QNN_eff_su2_r1_d2_s43;MNIST_QNN_z_r1_d6_s44;MNIST_QNN_z_r1_d6_s45;MNIST_QNN_zz_r5_d6_s45
cross_cell_4,4,6,1024,z_r1_d6,MNIST_QNN_z_r1_d6_s43;MNIST_QNN_z_r1_d6_s44;MNIST_QNN_z_r1_d6_s45,MNIST_QNN_eff_su2_r1_d2_s43;MNIST_QNN_eff_su2_r1_d2_s45;MNIST_QNN_eff_su2_r5_d2_s45;MNIST_QNN_zz_r5_d6_s45
cross_cell_4,4,6,1024,zz_r1_d6,MNIST_QNN_zz_r1_d6_s43;MNIST_QNN_zz_r1_d6_s44;MNIST_QNN_zz_r1_d6_s45,MNIST_QNN_eff_su2_r1_d2_s43;MNIST_QNN_eff_su2_r5_d2_s43;MNIST_QNN_eff_su2_r5_d2_s45;MNIST_QNN_zz_r5_d6_s44
cross_cell_4,4,6,1024,zz_r5_d6,MNIST_QNN_zz_r5_d6_s43;MNIST_QNN_zz_r5_d6_s44;MNIST_QNN_zz_r5_d6_s45,MNIST_QNN_eff_su2_r1_d2_s43;MNIST_QNN_eff_su2_r1_d2_s45;MNIST_QNN_eff_su2_r5_d2_s45;MNIST_QNN_zz_r1_d6_s43
cross_cell_4,4,7,1024,eff_su2_r1_d2,MNIST_QNN_eff_su2_r1_d2_s43;MNIST_QNN_eff_su2_r1_d2_s44;MNIST_QNN_eff_su2_r1_d2_s45,MNIST_QNN_eff_su2_r5_d2_s43;MNIST_QNN_z_r1_d6_s45;MNIST_QNN_zz_r1_d6_s44;MNIST_QNN_zz_r5_d6_s43
cross_cell_4,4,7,1024,eff_su2_r5_d2,MNIST_QNN_eff_su2_r5_d2_s43;MNIST_QNN_eff_su2_r5_d2_s44;MNIST_QNN_eff_su2_r5_d2_s45,MNIST_QNN_eff_su2_r1_d2_s43;MNIST_QNN_zz_r1_d6_s43;MNIST_QNN_zz_r1_d6_s45;MNIST_QNN_zz_r5_d6_s43
cross_cell_4,4,7,1024,z_r1_d6,MNIST_QNN_z_r1_d6_s43;MNIST_QNN_z_r1_d6_s44;MNIST_QNN_z_r1_d6_s45,MNIST_QNN_eff_su2_r1_d2_s43;MNIST_QNN_eff_su2_r5_d2_s43;MNIST_QNN_zz_r1_d6_s43;MNIST_QNN_zz_r5_d6_s43
cross_cell_4,4,7,1024,zz_r1_d6,MNIST_QNN_zz_r1_d6_s43;MNIST_QNN_zz_r1_d6_s44;MNIST_QNN_zz_r1_d6_s45,MNIST_QNN_eff_su2_r1_d2_s43;MNIST_QNN_eff_su2_r5_d2_s43;MNIST_QNN_z_r1_d6_s43;MNIST_QNN_z_r1_d6_s44
cross_cell_4,4,7,1024,zz_r5_d6,MNIST_QNN_zz_r5_d6_s43;MNIST_QNN_zz_r5_d6_s44;MNIST_QNN_zz_r5_d6_s45,MNIST_QNN_eff_su2_r1_d2_s43;MNIST_QNN_eff_su2_r1_d2_s45;MNIST_QNN_z_r1_d6_s43;MNIST_QNN_z_r1_d6_s44
cross_cell_4,4,8,1024,eff_su2_r1_d2,MNIST_QNN_eff_su2_r1_d2_s43;MNIST_QNN_eff_su2_r1_d2_s44;MNIST_QNN_eff_su2_r1_d2_s45,MNIST_QNN_eff_su2_r5_d2_s43;MNIST_QNN_zz_r1_d6_s43;MNIST_QNN_zz_r5_d6_s43;MNIST_QNN_zz_r5_d6_s45
cross_cell_4,4,8,1024,eff_su2_r5_d2,MNIST_QNN_eff_su2_r5_d2_s43;MNIST_QNN_eff_su2_r5_d2_s44;MNIST_QNN_eff_su2_r5_d2_s45,MNIST_QNN_eff_su2_r1_d2_s43;MNIST_QNN_zz_r1_d6_s44;MNIST_QNN_zz_r1_d6_s45;MNIST_QNN_zz_r5_d6_s45
cross_cell_4,4,8,1024,z_r1_d6,MNIST_QNN_z_r1_d6_s43;MNIST_QNN_z_r1_d6_s44;MNIST_QNN_z_r1_d6_s45,MNIST_QNN_eff_su2_r1_d2_s43;MNIST_QNN_eff_su2_r5_d2_s43;MNIST_QNN_zz_r1_d6_s44;MNIST_QNN_zz_r5_d6_s45
cross_cell_4,4,8,1024,zz_r1_d6,MNIST_QNN_zz_r1_d6_s43;MNIST_QNN_zz_r1_d6_s44;MNIST_QNN_zz_r1_d6_s45,MNIST_QNN_eff_su2_r1_d2_s43;MNIST_QNN_eff_su2_r5_d2_s43;MNIST_QNN_z_r1_d6_s43;MNIST_QNN_zz_r5_d6_s45
cross_cell_4,4,8,1024,zz_r5_d6,MNIST_QNN_zz_r5_d6_s43;MNIST_QNN_zz_r5_d6_s44;MNIST_QNN_zz_r5_d6_s45,MNIST_QNN_eff_su2_r1_d2_s43;MNIST_QNN_eff_su2_r5_d2_s43;MNIST_QNN_eff_su2_r5_d2_s44;MNIST_QNN_z_r1_d6_s45
cross_cell_4,4,9,1024,eff_su2_r1_d2,MNIST_QNN_eff_su2_r1_d2_s43;MNIST_QNN_eff_su2_r1_d2_s44;MNIST_QNN_eff_su2_r1_d2_s45,MNIST_QNN_eff_su2_r5_d2_s43;MNIST_QNN_zz_r1_d6_s44;MNIST_QNN_zz_r1_d6_s45;MNIST_QNN_zz_r5_d6_s45
cross_cell_4,4,9,1024,eff_su2_r5_d2,MNIST_QNN_eff_su2_r5_d2_s43;MNIST_QNN_eff_su2_r5_d2_s44;MNIST_QNN_eff_su2_r5_d2_s45,MNIST_QNN_eff_su2_r1_d2_s43;MNIST_QNN_zz_r1_d6_s44;MNIST_QNN_zz_r5_d6_s44;MNIST_QNN_zz_r5_d6_s45
cross_cell_4,4,9,1024,z_r1_d6,MNIST_QNN_z_r1_d6_s43;MNIST_QNN_z_r1_d6_s44;MNIST_QNN_z_r1_d6_s45,MNIST_QNN_eff_su2_r1_d2_s43;MNIST_QNN_eff_su2_r5_d2_s43;MNIST_QNN_zz_r1_d6_s45;MNIST_QNN_zz_r5_d6_s43
cross_cell_4,4,9,1024,zz_r1_d6,MNIST_QNN_zz_r1_d6_s43;MNIST_QNN_zz_r1_d6_s44;MNIST_QNN_zz_r1_d6_s45,MNIST_QNN_eff_su2_r1_d2_s43;MNIST_QNN_eff_su2_r5_d2_s44;MNIST_QNN_eff_su2_r5_d2_s45;MNIST_QNN_zz_r5_d6_s45
cross_cell_4,4,9,1024,zz_r5_d6,MNIST_QNN_zz_r5_d6_s43;MNIST_QNN_zz_r5_d6_s44;MNIST_QNN_zz_r5_d6_s45,MNIST_QNN_eff_su2_r1_d2_s43;MNIST_QNN_eff_su2_r5_d2_s44;MNIST_QNN_z_r1_d6_s44;MNIST_QNN_zz_r1_d6_s45
cross_cell_4,4,10,1024,eff_su2_r1_d2,MNIST_QNN_eff_su2_r1_d2_s43;MNIST_QNN_eff_su2_r1_d2_s44;MNIST_QNN_eff_su2_r1_d2_s45,MNIST_QNN_eff_su2_r5_d2_s44;MNIST_QNN_z_r1_d6_s43;MNIST_QNN_zz_r1_d6_s43;MNIST_QNN_zz_r5_d6_s44
cross_cell_4,4,10,1024,eff_su2_r5_d2,MNIST_QNN_eff_su2_r5_d2_s43;MNIST_QNN_eff_su2_r5_d2_s44;MNIST_QNN_eff_su2_r5_d2_s45,MNIST_QNN_eff_su2_r1_d2_s44;MNIST_QNN_eff_su2_r1_d2_s45;MNIST_QNN_zz_r1_d6_s44;MNIST_QNN_zz_r5_d6_s45
cross_cell_4,4,10,1024,z_r1_d6,MNIST_QNN_z_r1_d6_s43;MNIST_QNN_z_r1_d6_s44;MNIST_QNN_z_r1_d6_s45,MNIST_QNN_eff_su2_r1_d2_s43;MNIST_QNN_eff_su2_r5_d2_s44;MNIST_QNN_eff_su2_r5_d2_s45;MNIST_QNN_zz_r5_d6_s43
cross_cell_4,4,10,1024,zz_r1_d6,MNIST_QNN_zz_r1_d6_s43;MNIST_QNN_zz_r1_d6_s44;MNIST_QNN_zz_r1_d6_s45,MNIST_QNN_eff_su2_r1_d2_s43;MNIST_QNN_eff_su2_r5_d2_s44;MNIST_QNN_z_r1_d6_s44;MNIST_QNN_zz_r5_d6_s44
cross_cell_4,4,10,1024,zz_r5_d6,MNIST_QNN_zz_r5_d6_s43;MNIST_QNN_zz_r5_d6_s44;MNIST_QNN_zz_r5_d6_s45,MNIST_QNN_eff_su2_r1_d2_s43;MNIST_QNN_eff_su2_r5_d2_s44;MNIST_QNN_zz_r1_d6_s43;MNIST_QNN_zz_r1_d6_s45
cross_cell_4,4,11,1024,eff_su2_r1_d2,MNIST_QNN_eff_su2_r1_d2_s43;MNIST_QNN_eff_su2_r1_d2_s44;MNIST_QNN_eff_su2_r1_d2_s45,MNIST_QNN_eff_su2_r5_d2_s44;MNIST_QNN_z_r1_d6_s43;MNIST_QNN_zz_r1_d6_s45;MNIST_QNN_zz_r5_d6_s43
cross_cell_4,4,11,1024,eff_su2_r5_d2,MNIST_QNN_eff_su2_r5_d2_s43;MNIST_QNN_eff_su2_r5_d2_s44;MNIST_QNN_eff_su2_r5_d2_s45,MNIST_QNN_eff_su2_r1_d2_s44;MNIST_QNN_eff_su2_r1_d2_s45;MNIST_QNN_zz_r1_d6_s45;MNIST_QNN_zz_r5_d6_s45
cross_cell_4,4,11,1024,z_r1_d6,MNIST_QNN_z_r1_d6_s43;MNIST_QNN_z_r1_d6_s44;MNIST_QNN_z_r1_d6_s45,MNIST_QNN_eff_su2_r1_d2_s43;MNIST_QNN_eff_su2_r5_d2_s44;MNIST_QNN_zz_r1_d6_s44;MNIST_QNN_zz_r5_d6_s44
cross_cell_4,4,11,1024,zz_r1_d6,MNIST_QNN_zz_r1_d6_s43;MNIST_QNN_zz_r1_d6_s44;MNIST_QNN_zz_r1_d6_s45,MNIST_QNN_eff_su2_r1_d2_s43;MNIST_QNN_eff_su2_r5_d2_s44;MNIST_QNN_z_r1_d6_s45;MNIST_QNN_zz_r5_d6_s44
cross_cell_4,4,11,1024,zz_r5_d6,MNIST_QNN_zz_r5_d6_s43;MNIST_QNN_zz_r5_d6_s44;MNIST_QNN_zz_r5_d6_s45,MNIST_QNN_eff_su2_r1_d2_s43;MNIST_QNN_eff_su2_r5_d2_s45;MNIST_QNN_z_r1_d6_s45;MNIST_QNN_zz_r1_d6_s44
cross_cell_4,4,12,1024,eff_su2_r1_d2,MNIST_QNN_eff_su2_r1_d2_s43;MNIST_QNN_eff_su2_r1_d2_s44;MNIST_QNN_eff_su2_r1_d2_s45,MNIST_QNN_eff_su2_r5_d2_s44;MNIST_QNN_z_r1_d6_s44;MNIST_QNN_zz_r1_d6_s43;MNIST_QNN_zz_r5_d6_s43
cross_cell_4,4,12,1024,eff_su2_r5_d2,MNIST_QNN_eff_su2_r5_d2_s43;MNIST_QNN_eff_su2_r5_d2_s44;MNIST_QNN_eff_su2_r5_d2_s45,MNIST_QNN_eff_su2_r1_d2_s44;MNIST_QNN_z_r1_d6_s43;MNIST_QNN_z_r1_d6_s44;MNIST_QNN_zz_r1_d6_s43
cross_cell_4,4,12,1024,z_r1_d6,MNIST_QNN_z_r1_d6_s43;MNIST_QNN_z_r1_d6_s44;MNIST_QNN_z_r1_d6_s45,MNIST_QNN_eff_su2_r1_d2_s43;MNIST_QNN_eff_su2_r5_d2_s45;MNIST_QNN_zz_r1_d6_s44;MNIST_QNN_zz_r5_d6_s44
cross_cell_4,4,12,1024,zz_r1_d6,MNIST_QNN_zz_r1_d6_s43;MNIST_QNN_zz_r1_d6_s44;MNIST_QNN_zz_r1_d6_s45,MNIST_QNN_eff_su2_r1_d2_s43;MNIST_QNN_eff_su2_r5_d2_s45;MNIST_QNN_z_r1_d6_s45;MNIST_QNN_zz_r5_d6_s44
cross_cell_4,4,12,1024,zz_r5_d6,MNIST_QNN_zz_r5_d6_s43;MNIST_QNN_zz_r5_d6_s44;MNIST_QNN_zz_r5_d6_s45,MNIST_QNN_eff_su2_r1_d2_s43;MNIST_QNN_z_r1_d6_s43;MNIST_QNN_zz_r1_d6_s43;MNIST_QNN_zz_r1_d6_s44
cross_cell_4,4,13,1024,eff_su2_r1_d2,MNIST_QNN_eff_su2_r1_d2_s43;MNIST_QNN_eff_su2_r1_d2_s44;MNIST_QNN_eff_su2_r1_d2_s45,MNIST_QNN_eff_su2_r5_d2_s44;MNIST_QNN_z_r1_d6_s44;MNIST_QNN_zz_r5_d6_s43;MNIST_QNN_zz_r5_d6_s45
cross_cell_4,4,13,1024,eff_su2_r5_d2,MNIST_QNN_eff_su2_r5_d2_s43;MNIST_QNN_eff_su2_r5_d2_s44;MNIST_QNN_eff_su2_r5_d2_s45,MNIST_QNN_eff_su2_r1_d2_s44;MNIST_QNN_z_r1_d6_s43;MNIST_QNN_z_r1_d6_s45;MNIST_QNN_zz_r1_d6_s45
cross_cell_4,4,13,1024,z_r1_d6,MNIST_QNN_z_r1_d6_s43;MNIST_QNN_z_r1_d6_s44;MNIST_QNN_z_r1_d6_s45,MNIST_QNN_eff_su2_r1_d2_s43;MNIST_QNN_zz_r1_d6_s44;MNIST_QNN_zz_r1_d6_s45;MNIST_QNN_zz_r5_d6_s43
cross_cell_4,4,13,1024,zz_r1_d6,MNIST_QNN_zz_r1_d6_s43;MNIST_QNN_zz_r1_d6_s44;MNIST_QNN_zz_r1_d6_s45,MNIST_QNN_eff_su2_r1_d2_s43;MNIST_QNN_z_r1_d6_s43;MNIST_QNN_z_r1_d6_s45;MNIST_QNN_zz_r5_d6_s44
cross_cell_4,4,13,1024,zz_r5_d6,MNIST_QNN_zz_r5_d6_s43;MNIST_QNN_zz_r5_d6_s44;MNIST_QNN_zz_r5_d6_s45,MNIST_QNN_eff_su2_r1_d2_s43;MNIST_QNN_z_r1_d6_s43;MNIST_QNN_zz_r1_d6_s43;MNIST_QNN_zz_r1_d6_s45
cross_cell_4,4,14,1024,eff_su2_r1_d2,MNIST_QNN_eff_su2_r1_d2_s43;MNIST_QNN_eff_su2_r1_d2_s44;MNIST_QNN_eff_su2_r1_d2_s45,MNIST_QNN_eff_su2_r5_d2_s44;MNIST_QNN_z_r1_d6_s45;MNIST_QNN_zz_r1_d6_s43;MNIST_QNN_zz_r1_d6_s45
cross_cell_4,4,14,1024,eff_su2_r5_d2,MNIST_QNN_eff_su2_r5_d2_s43;MNIST_QNN_eff_su2_r5_d2_s44;MNIST_QNN_eff_su2_r5_d2_s45,MNIST_QNN_eff_su2_r1_d2_s44;MNIST_QNN_zz_r1_d6_s43;MNIST_QNN_zz_r5_d6_s43;MNIST_QNN_zz_r5_d6_s45
cross_cell_4,4,14,1024,z_r1_d6,MNIST_QNN_z_r1_d6_s43;MNIST_QNN_z_r1_d6_s44;MNIST_QNN_z_r1_d6_s45,MNIST_QNN_eff_su2_r1_d2_s44;MNIST_QNN_eff_su2_r1_d2_s45;MNIST_QNN_eff_su2_r5_d2_s43;MNIST_QNN_zz_r5_d6_s43
cross_cell_4,4,14,1024,zz_r1_d6,MNIST_QNN_zz_r1_d6_s43;MNIST_QNN_zz_r1_d6_s44;MNIST_QNN_zz_r1_d6_s45,MNIST_QNN_eff_su2_r1_d2_s43;MNIST_QNN_z_r1_d6_s44;MNIST_QNN_zz_r5_d6_s43;MNIST_QNN_zz_r5_d6_s45
cross_cell_4,4,14,1024,zz_r5_d6,MNIST_QNN_zz_r5_d6_s43;MNIST_QNN_zz_r5_d6_s44;MNIST_QNN_zz_r5_d6_s45,MNIST_QNN_eff_su2_r1_d2_s44;MNIST_QNN_eff_su2_r1_d2_s45;MNIST_QNN_eff_su2_r5_d2_s45;MNIST_QNN_zz_r1_d6_s43
cross_cell_4,4,15,1024,eff_su2_r1_d2,MNIST_QNN_eff_su2_r1_d2_s43;MNIST_QNN_eff_su2_r1_d2_s44;MNIST_QNN_eff_su2_r1_d2_s45,MNIST_QNN_eff_su2_r5_d2_s44;MNIST_QNN_z_r1_d6_s45;MNIST_QNN_zz_r1_d6_s45;MNIST_QNN_zz_r5_d6_s44
cross_cell_4,4,15,1024,eff_su2_r5_d2,MNIST_QNN_eff_su2_r5_d2_s43;MNIST_QNN_eff_su2_r5_d2_s44;MNIST_QNN_eff_su2_r5_d2_s45,MNIST_QNN_eff_su2_r1_d2_s44;MNIST_QNN_zz_r1_d6_s44;MNIST_QNN_zz_r1_d6_s45;MNIST_QNN_zz_r5_d6_s44
cross_cell_4,4,15,1024,z_r1_d6,MNIST_QNN_z_r1_d6_s43;MNIST_QNN_z_r1_d6_s44;MNIST_QNN_z_r1_d6_s45,MNIST_QNN_eff_su2_r1_d2_s44;MNIST_QNN_eff_su2_r1_d2_s45;MNIST_QNN_zz_r1_d6_s43;MNIST_QNN_zz_r5_d6_s44
cross_cell_4,4,15,1024,zz_r1_d6,MNIST_QNN_zz_r1_d6_s43;MNIST_QNN_zz_r1_d6_s44;MNIST_QNN_zz_r1_d6_s45,MNIST_QNN_eff_su2_r1_d2_s44;MNIST_QNN_eff_su2_r1_d2_s45;MNIST_QNN_z_r1_d6_s44;MNIST_QNN_zz_r5_d6_s43
cross_cell_4,4,15,1024,zz_r5_d6,MNIST_QNN_zz_r5_d6_s43;MNIST_QNN_zz_r5_d6_s44;MNIST_QNN_zz_r5_d6_s45,MNIST_QNN_eff_su2_r1_d2_s44;MNIST_QNN_eff_su2_r5_d2_s43;MNIST_QNN_z_r1_d6_s44;MNIST_QNN_zz_r1_d6_s43
cross_cell_4,4,16,1024,eff_su2_r1_d2,MNIST_QNN_eff_su2_r1_d2_s43;MNIST_QNN_eff_su2_r1_d2_s44;MNIST_QNN_eff_su2_r1_d2_s45,MNIST_QNN_eff_su2_r5_d2_s44;MNIST_QNN_zz_r1_d6_s43;MNIST_QNN_zz_r1_d6_s44;MNIST_QNN_zz_r5_d6_s45
cross_cell_4,4,16,1024,eff_su2_r5_d2,MNIST_QNN_eff_su2_r5_d2_s43;MNIST_QNN_eff_su2_r5_d2_s44;MNIST_QNN_eff_su2_r5_d2_s45,MNIST_QNN_eff_su2_r1_d2_s44;MNIST_QNN_zz_r5_d6_s43;MNIST_QNN_zz_r5_d6_s44;MNIST_QNN_zz_r5_d6_s45
cross_cell_4,4,16,1024,z_r1_d6,MNIST_QNN_z_r1_d6_s43;MNIST_QNN_z_r1_d6_s44;MNIST_QNN_z_r1_d6_s45,MNIST_QNN_eff_su2_r1_d2_s44;MNIST_QNN_eff_su2_r5_d2_s43;MNIST_QNN_eff_su2_r5_d2_s44;MNIST_QNN_zz_r1_d6_s44
cross_cell_4,4,16,1024,zz_r1_d6,MNIST_QNN_zz_r1_d6_s43;MNIST_QNN_zz_r1_d6_s44;MNIST_QNN_zz_r1_d6_s45,MNIST_QNN_eff_su2_r1_d2_s44;MNIST_QNN_eff_su2_r1_d2_s45;MNIST_QNN_z_r1_d6_s45;MNIST_QNN_zz_r5_d6_s44
cross_cell_4,4,16,1024,zz_r5_d6,MNIST_QNN_zz_r5_d6_s43;MNIST_QNN_zz_r5_d6_s44;MNIST_QNN_zz_r5_d6_s45,MNIST_QNN_eff_su2_r1_d2_s44;MNIST_QNN_eff_su2_r5_d2_s44;MNIST_QNN_z_r1_d6_s44;MNIST_QNN_zz_r1_d6_s45
cross_cell_4,4,17,1024,eff_su2_r1_d2,MNIST_QNN_eff_su2_r1_d2_s43;MNIST_QNN_eff_su2_r1_d2_s44;MNIST_QNN_eff_su2_r1_d2_s45,MNIST_QNN_eff_su2_r5_d2_s44;MNIST_QNN_zz_r1_d6_s44;MNIST_QNN_zz_r5_d6_s43;MNIST_QNN_zz_r5_d6_s45
cross_cell_4,4,17,1024,eff_su2_r5_d2,MNIST_QNN_eff_su2_r5_d2_s43;MNIST_QNN_eff_su2_r5_d2_s44;MNIST_QNN_eff_su2_r5_d2_s45,MNIST_QNN_eff_su2_r1_d2_s45;MNIST_QNN_z_r1_d6_s43;MNIST_QNN_zz_r5_d6_s44;MNIST_QNN_zz_r5_d6_s45
cross_cell_4,4,17,1024,z_r1_d6,MNIST_QNN_z_r1_d6_s43;MNIST_QNN_z_r1_d6_s44;MNIST_QNN_z_r1_d6_s45,MNIST_QNN_eff_su2_r1_d2_s44;MNIST_QNN_eff_su2_r5_d2_s43;MNIST_QNN_eff_su2_r5_d2_s45;MNIST_QNN_zz_r1_d6_s43
cross_cell_4,4,17,1024,zz_r1_d6,MNIST_QNN_zz_r1_d6_s43;MNIST_QNN_zz_r1_d6_s44;MNIST_QNN_zz_r1_d6_s45,MNIST_QNN_eff_su2_r1_d2_s44;MNIST_QNN_eff_su2_r5_d2_s43;MNIST_QNN_eff_su2_r5_d2_s45;MNIST_QNN_z_r1_d6_s45
cross_cell_4,4,17,1024,zz_r5_d6,MNIST_QNN_zz_r5_d6_s43;MNIST_QNN_zz_r5_d6_s44;MNIST_QNN_zz_r5_d6_s45,MNIST_QNN_eff_su2_r1_d2_s44;MNIST_QNN_eff_su2_r5_d2_s44;MNIST_QNN_zz_r1_d6_s44;MNIST_QNN_zz_r1_d6_s45
cross_cell_4,4,18,1024,eff_su2_r1_d2,MNIST_QNN_eff_su2_r1_d2_s43;MNIST_QNN_eff_su2_r1_d2_s44;MNIST_QNN_eff_su2_r1_d2_s45,MNIST_QNN_eff_su2_r5_d2_s44;MNIST_QNN_zz_r1_d6_s45;MNIST_QNN_zz_r5_d6_s43;MNIST_QNN_zz_r5_d6_s44
cross_cell_4,4,18,1024,eff_su2_r5_d2,MNIST_QNN_eff_su2_r5_d2_s43;MNIST_QNN_eff_su2_r5_d2_s44;MNIST_QNN_eff_su2_r5_d2_s45,MNIST_QNN_eff_su2_r1_d2_s45;MNIST_QNN_z_r1_d6_s44;MNIST_QNN_z_r1_d6_s45;MNIST_QNN_zz_r5_d6_s45
cross_cell_4,4,18,1024,z_r1_d6,MNIST_QNN_z_r1_d6_s43;MNIST_QNN_z_r1_d6_s44;MNIST_QNN_z_r1_d6_s45,MNIST_QNN_eff_su2_r1_d2_s44;MNIST_QNN_eff_su2_r5_d2_s43;MNIST_QNN_zz_r1_d6_s43;MNIST_QNN_zz_r5_d6_s43
cross_cell_4,4,18,1024,zz_r1_d6,MNIST_QNN_zz_r1_d6_s43;MNIST_QNN_zz_r1_d6_s44;MNIST_QNN_zz_r1_d6_s45,MNIST_QNN_eff_su2_r1_d2_s44;MNIST_QNN_eff_su2_r5_d2_s44;MNIST_QNN_zz_r5_d6_s43;MNIST_QNN_zz_r5_d6_s45
cross_cell_4,4,18,1024,zz_r5_d6,MNIST_QNN_zz_r5_d6_s43;MNIST_QNN_zz_r5_d6_s44;MNIST_QNN_zz_r5_d6_s45,MNIST_QNN_eff_su2_r1_d2_s44;MNIST_QNN_z_r1_d6_s43;MNIST_QNN_z_r1_d6_s45;MNIST_QNN_zz_r1_d6_s43
cross_cell_4,4,19,1024,eff_su2_r1_d2,MNIST_QNN_eff_su2_r1_d2_s43;MNIST_QNN_eff_su2_r1_d2_s44;MNIST_QNN_eff_su2_r1_d2_s45,MNIST_QNN_eff_su2_r5_d2_s45;MNIST_QNN_z_r1_d6_s43;MNIST_QNN_zz_r1_d6_s44;MNIST_QNN_zz_r1_d6_s45
cross_cell_4,4,19,1024,eff_su2_r5_d2,MNIST_QNN_eff_su2_r5_d2_s43;MNIST_QNN_eff_su2_r5_d2_s44;MNIST_QNN_eff_su2_r5_d2_s45,MNIST_QNN_eff_su2_r1_d2_s45;MNIST_QNN_z_r1_d6_s45;MNIST_QNN_zz_r1_d6_s43;MNIST_QNN_zz_r5_d6_s44
cross_cell_4,4,19,1024,z_r1_d6,MNIST_QNN_z_r1_d6_s43;MNIST_QNN_z_r1_d6_s44;MNIST_QNN_z_r1_d6_s45,MNIST_QNN_eff_su2_r1_d2_s44;MNIST_QNN_eff_su2_r5_d2_s44;MNIST_QNN_zz_r1_d6_s44;MNIST_QNN_zz_r5_d6_s43
cross_cell_4,4,19,1024,zz_r1_d6,MNIST_QNN_zz_r1_d6_s43;MNIST_QNN_zz_r1_d6_s44;MNIST_QNN_zz_r1_d6_s45,MNIST_QNN_eff_su2_r1_d2_s44;MNIST_QNN_eff_su2_r5_d2_s45;MNIST_QNN_z_r1_d6_s44;MNIST_QNN_z_r1_d6_s45
cross_cell_4,4,19,1024,zz_r5_d6,MNIST_QNN_zz_r5_d6_s43;MNIST_QNN_zz_r5_d6_s44;MNIST_QNN_zz_r5_d6_s45,MNIST_QNN_eff_su2_r1_d2_s45;MNIST_QNN_eff_su2_r5_d2_s44;MNIST_QNN_z_r1_d6_s44;MNIST_QNN_zz_r1_d6_s44
cross_cell_4,4,20,1024,eff_su2_r1_d2,MNIST_QNN_eff_su2_r1_d2_s43;MNIST_QNN_eff_su2_r1_d2_s44;MNIST_QNN_eff_su2_r1_d2_s45,MNIST_QNN_eff_su2_r5_d2_s45;MNIST_QNN_z_r1_d6_s43;MNIST_QNN_zz_r1_d6_s45;MNIST_QNN_zz_r5_d6_s45
cross_cell_4,4,20,1024,eff_su2_r5_d2,MNIST_QNN_eff_su2_r5_d2_s43;MNIST_QNN_eff_su2_r5_d2_s44;MNIST_QNN_eff_su2_r5_d2_s45,MNIST_QNN_eff_su2_r1_d2_s45;MNIST_QNN_z_r1_d6_s45;MNIST_QNN_zz_r5_d6_s44;MNIST_QNN_zz_r5_d6_s45
cross_cell_4,4,20,1024,z_r1_d6,MNIST_QNN_z_r1_d6_s43;MNIST_QNN_z_r1_d6_s44;MNIST_QNN_z_r1_d6_s45,MNIST_QNN_eff_su2_r1_d2_s44;MNIST_QNN_zz_r1_d6_s43;MNIST_QNN_zz_r1_d6_s44;MNIST_QNN_zz_r1_d6_s45
cross_cell_4,4,20,1024,zz_r1_d6,MNIST_QNN_zz_r1_d6_s43;MNIST_QNN_zz_r1_d6_s44;MNIST_QNN_zz_r1_d6_s45,MNIST_QNN_eff_su2_r1_d2_s44;MNIST_QNN_z_r1_d6_s43;MNIST_QNN_z_r1_d6_s45;MNIST_QNN_zz_r5_d6_s43
cross_cell_4,4,20,1024,zz_r5_d6,MNIST_QNN_zz_r5_d6_s43;MNIST_QNN_zz_r5_d6_s44;MNIST_QNN_zz_r5_d6_s45,MNIST_QNN_eff_su2_r1_d2_s45;MNIST_QNN_eff_su2_r5_d2_s45;MNIST_QNN_z_r1_d6_s43;MNIST_QNN_zz_r1_d6_s45
cross_cell_4,4,21,1024,eff_su2_r1_d2,MNIST_QNN_eff_su2_r1_d2_s43;MNIST_QNN_eff_su2_r1_d2_s44;MNIST_QNN_eff_su2_r1_d2_s45,MNIST_QNN_eff_su2_r5_d2_s45;MNIST_QNN_z_r1_d6_s45;MNIST_QNN_zz_r1_d6_s45;MNIST_QNN_zz_r5_d6_s44
cross_cell_4,4,21,1024,eff_su2_r5_d2,MNIST_QNN_eff_su2_r5_d2_s43;MNIST_QNN_eff_su2_r5_d2_s44;MNIST_QNN_eff_su2_r5_d2_s45,MNIST_QNN_eff_su2_r1_d2_s45;MNIST_QNN_zz_r1_d6_s45;MNIST_QNN_zz_r5_d6_s43;MNIST_QNN_zz_r5_d6_s44
cross_cell_4,4,21,1024,z_r1_d6,MNIST_QNN_z_r1_d6_s43;MNIST_QNN_z_r1_d6_s44;MNIST_QNN_z_r1_d6_s45,MNIST_QNN_eff_su2_r1_d2_s45;MNIST_QNN_eff_su2_r5_d2_s43;MNIST_QNN_eff_su2_r5_d2_s45;MNIST_QNN_zz_r1_d6_s45
cross_cell_4,4,21,1024,zz_r1_d6,MNIST_QNN_zz_r1_d6_s43;MNIST_QNN_zz_r1_d6_s44;MNIST_QNN_zz_r1_d6_s45,MNIST_QNN_eff_su2_r1_d2_s45;MNIST_QNN_eff_su2_r5_d2_s43;MNIST_QNN_z_r1_d6_s43;MNIST_QNN_z_r1_d6_s44
cross_cell_4,4,21,1024,zz_r5_d6,MNIST_QNN_zz_r5_d6_s43;MNIST_QNN_zz_r5_d6_s44;MNIST_QNN_zz_r5_d6_s45,MNIST_QNN_eff_su2_r1_d2_s45;MNIST_QNN_z_r1_d6_s44;MNIST_QNN_zz_r1_d6_s44;MNIST_QNN_zz_r1_d6_s45
cross_cell_4,4,22,1024,eff_su2_r1_d2,MNIST_QNN_eff_su2_r1_d2_s43;MNIST_QNN_eff_su2_r1_d2_s44;MNIST_QNN_eff_su2_r1_d2_s45,MNIST_QNN_eff_su2_r5_d2_s45;MNIST_QNN_zz_r1_d6_s43;MNIST_QNN_zz_r1_d6_s45;MNIST_QNN_zz_r5_d6_s43
cross_cell_4,4,22,1024,eff_su2_r5_d2,MNIST_QNN_eff_su2_r5_d2_s43;MNIST_QNN_eff_su2_r5_d2_s44;MNIST_QNN_eff_su2_r5_d2_s45,MNIST_QNN_z_r1_d6_s43;MNIST_QNN_z_r1_d6_s45;MNIST_QNN_zz_r1_d6_s43;MNIST_QNN_zz_r5_d6_s44
cross_cell_4,4,22,1024,z_r1_d6,MNIST_QNN_z_r1_d6_s43;MNIST_QNN_z_r1_d6_s44;MNIST_QNN_z_r1_d6_s45,MNIST_QNN_eff_su2_r1_d2_s45;MNIST_QNN_eff_su2_r5_d2_s44;MNIST_QNN_zz_r1_d6_s45;MNIST_QNN_zz_r5_d6_s45
cross_cell_4,4,22,1024,zz_r1_d6,MNIST_QNN_zz_r1_d6_s43;MNIST_QNN_zz_r1_d6_s44;MNIST_QNN_zz_r1_d6_s45,MNIST_QNN_eff_su2_r1_d2_s45;MNIST_QNN_eff_su2_r5_d2_s43;MNIST_QNN_z_r1_d6_s45;MNIST_QNN_zz_r5_d6_s45
cross_cell_4,4,22,1024,zz_r5_d6,MNIST_QNN_zz_r5_d6_s43;MNIST_QNN_zz_r5_d6_s44;MNIST_QNN_zz_r5_d6_s45,MNIST_QNN_eff_su2_r5_d2_s43;MNIST_QNN_eff_su2_r5_d2_s45;MNIST_QNN_z_r1_d6_s43;MNIST_QNN_z_r1_d6_s44
cross_cell_4,4,23,1024,eff_su2_r1_d2,MNIST_QNN_eff_su2_r1_d2_s43;MNIST_QNN_eff_su2_r1_d2_s44;MNIST_QNN_eff_su2_r1_d2_s45,MNIST_QNN_eff_su2_r5_d2_s45;MNIST_QNN_zz_r1_d6_s45;MNIST_QNN_zz_r5_d6_s43;MNIST_QNN_zz_r5_d6_s44
cross_cell_4,4,23,1024,eff_su2_r5_d2,MNIST_QNN_eff_su2_r5_d2_s43;MNIST_QNN_eff_su2_r5_d2_s44;MNIST_QNN_eff_su2_r5_d2_s45,MNIST_QNN_z_r1_d6_s44;MNIST_QNN_z_r1_d6_s45;MNIST_QNN_zz_r1_d6_s43;MNIST_QNN_zz_r5_d6_s44
cross_cell_4,4,23,1024,z_r1_d6,MNIST_QNN_z_r1_d6_s43;MNIST_QNN_z_r1_d6_s44;MNIST_QNN_z_r1_d6_s45,MNIST_QNN_eff_su2_r1_d2_s45;MNIST_QNN_eff_su2_r5_d2_s45;MNIST_QNN_zz_r1_d6_s43;MNIST_QNN_zz_r1_d6_s44
cross_cell_4,4,23,1024,zz_r1_d6,MNIST_QNN_zz_r1_d6_s43;MNIST_QNN_zz_r1_d6_s44;MNIST_QNN_zz_r1_d6_s45,MNIST_QNN_eff_su2_r1_d2_s45;MNIST_QNN_eff_su2_r5_d2_s44;MNIST_QNN_z_r1_d6_s43;MNIST_QNN_zz_r5_d6_s44
cross_cell_4,4,23,1024,zz_r5_d6,MNIST_QNN_zz_r5_d6_s43;MNIST_QNN_zz_r5_d6_s44;MNIST_QNN_zz_r5_d6_s45,MNIST_QNN_eff_su2_r5_d2_s43;MNIST_QNN_eff_su2_r5_d2_s45;MNIST_QNN_z_r1_d6_s43;MNIST_QNN_z_r1_d6_s45
cross_cell_4,4,24,1024,eff_su2_r1_d2,MNIST_QNN_eff_su2_r1_d2_s43;MNIST_QNN_eff_su2_r1_d2_s44;MNIST_QNN_eff_su2_r1_d2_s45,MNIST_QNN_z_r1_d6_s43;MNIST_QNN_z_r1_d6_s44;MNIST_QNN_zz_r5_d6_s43;MNIST_QNN_zz_r5_d6_s44
cross_cell_4,4,24,1024,eff_su2_r5_d2,MNIST_QNN_eff_su2_r5_d2_s43;MNIST_QNN_eff_su2_r5_d2_s44;MNIST_QNN_eff_su2_r5_d2_s45,MNIST_QNN_z_r1_d6_s44;MNIST_QNN_z_r1_d6_s45;MNIST_QNN_zz_r1_d6_s44;MNIST_QNN_zz_r5_d6_s45
cross_cell_4,4,24,1024,z_r1_d6,MNIST_QNN_z_r1_d6_s43;MNIST_QNN_z_r1_d6_s44;MNIST_QNN_z_r1_d6_s45,MNIST_QNN_eff_su2_r1_d2_s45;MNIST_QNN_eff_su2_r5_d2_s45;MNIST_QNN_zz_r5_d6_s44;MNIST_QNN_zz_r5_d6_s45
cross_cell_4,4,24,1024,zz_r1_d6,MNIST_QNN_zz_r1_d6_s43;MNIST_QNN_zz_r1_d6_s44;MNIST_QNN_zz_r1_d6_s45,MNIST_QNN_eff_su2_r1_d2_s45;MNIST_QNN_eff_su2_r5_d2_s44;MNIST_QNN_z_r1_d6_s44;MNIST_QNN_z_r1_d6_s45
cross_cell_4,4,24,1024,zz_r5_d6,MNIST_QNN_zz_r5_d6_s43;MNIST_QNN_zz_r5_d6_s44;MNIST_QNN_zz_r5_d6_s45,MNIST_QNN_eff_su2_r5_d2_s43;MNIST_QNN_eff_su2_r5_d2_s45;MNIST_QNN_zz_r1_d6_s43;MNIST_QNN_zz_r1_d6_s45
cross_cell_4,4,25,1024,eff_su2_r1_d2,MNIST_QNN_eff_su2_r1_d2_s43;MNIST_QNN_eff_su2_r1_d2_s44;MNIST_QNN_eff_su2_r1_d2_s45,MNIST_QNN_z_r1_d6_s43;MNIST_QNN_zz_r1_d6_s43;MNIST_QNN_zz_r5_d6_s43;MNIST_QNN_zz_r5_d6_s45
cross_cell_4,4,25,1024,eff_su2_r5_d2,MNIST_QNN_eff_su2_r5_d2_s43;MNIST_QNN_eff_su2_r5_d2_s44;MNIST_QNN_eff_su2_r5_d2_s45,MNIST_QNN_z_r1_d6_s44;MNIST_QNN_zz_r1_d6_s44;MNIST_QNN_zz_r1_d6_s45;MNIST_QNN_zz_r5_d6_s45
cross_cell_4,4,25,1024,z_r1_d6,MNIST_QNN_z_r1_d6_s43;MNIST_QNN_z_r1_d6_s44;MNIST_QNN_z_r1_d6_s45,MNIST_QNN_eff_su2_r1_d2_s45;MNIST_QNN_zz_r1_d6_s43;MNIST_QNN_zz_r1_d6_s45;MNIST_QNN_zz_r5_d6_s45
cross_cell_4,4,25,1024,zz_r1_d6,MNIST_QNN_zz_r1_d6_s43;MNIST_QNN_zz_r1_d6_s44;MNIST_QNN_zz_r1_d6_s45,MNIST_QNN_eff_su2_r1_d2_s45;MNIST_QNN_eff_su2_r5_d2_s45;MNIST_QNN_z_r1_d6_s43;MNIST_QNN_zz_r5_d6_s45
cross_cell_4,4,25,1024,zz_r5_d6,MNIST_QNN_zz_r5_d6_s43;MNIST_QNN_zz_r5_d6_s44;MNIST_QNN_zz_r5_d6_s45,MNIST_QNN_eff_su2_r5_d2_s43;MNIST_QNN_z_r1_d6_s43;MNIST_QNN_z_r1_d6_s45;MNIST_QNN_zz_r1_d6_s43
cross_cell_4,4,26,1024,eff_su2_r1_d2,MNIST_QNN_eff_su2_r1_d2_s43;MNIST_QNN_eff_su2_r1_d2_s44;MNIST_QNN_eff_su2_r1_d2_s45,MNIST_QNN_z_r1_d6_s44;MNIST_QNN_z_r1_d6_s45;MNIST_QNN_zz_r1_d6_s43;MNIST_QNN_zz_r5_d6_s45
cross_cell_4,4,26,1024,eff_su2_r5_d2,MNIST_QNN_eff_su2_r5_d2_s43;MNIST_QNN_eff_su2_r5_d2_s44;MNIST_QNN_eff_su2_r5_d2_s45,MNIST_QNN_z_r1_d6_s45;MNIST_QNN_zz_r1_d6_s43;MNIST_QNN_zz_r1_d6_s44;MNIST_QNN_zz_r1_d6_s45
cross_cell_4,4,26,1024,z_r1_d6,MNIST_QNN_z_r1_d6_s43;MNIST_QNN_z_r1_d6_s44;MNIST_QNN_z_r1_d6_s45,MNIST_QNN_eff_su2_r5_d2_s43;MNIST_QNN_eff_su2_r5_d2_s44;MNIST_QNN_eff_su2_r5_d2_s45;MNIST_QNN_zz_r1_d6_s45
cross_cell_4,4,26,1024,zz_r1_d6,MNIST_QNN_zz_r1_d6_s43;MNIST_QNN_zz_r1_d6_s44;MNIST_QNN_zz_r1_d6_s45,MNIST_QNN_eff_su2_r1_d2_s45;MNIST_QNN_eff_su2_r5_d2_s45;MNIST_QNN_z_r1_d6_s45;MNIST_QNN_zz_r5_d6_s43
cross_cell_4,4,26,1024,zz_r5_d6,MNIST_QNN_zz_r5_d6_s43;MNIST_QNN_zz_r5_d6_s44;MNIST_QNN_zz_r5_d6_s45,MNIST_QNN_eff_su2_r5_d2_s44;MNIST_QNN_eff_su2_r5_d2_s45;MNIST_QNN_z_r1_d6_s43;MNIST_QNN_z_r1_d6_s45
cross_cell_4,4,27,1024,eff_su2_r1_d2,MNIST_QNN_eff_su2_r1_d2_s43;MNIST_QNN_eff_su2_r1_d2_s44;MNIST_QNN_eff_su2_r1_d2_s45,MNIST_QNN_z_r1_d6_s44;MNIST_QNN_z_r1_d6_s45;MNIST_QNN_zz_r1_d6_s45;MNIST_QNN_zz_r5_d6_s43
cross_cell_4,4,27,1024,eff_su2_r5_d2,MNIST_QNN_eff_su2_r5_d2_s43;MNIST_QNN_eff_su2_r5_d2_s44;MNIST_QNN_eff_su2_r5_d2_s45,MNIST_QNN_z_r1_d6_s45;MNIST_QNN_zz_r1_d6_s43;MNIST_QNN_zz_r1_d6_s44;MNIST_QNN_zz_r5_d6_s43
cross_cell_4,4,27,1024,z_r1_d6,MNIST_QNN_z_r1_d6_s43;MNIST_QNN_z_r1_d6_s44;MNIST_QNN_z_r1_d6_s45,MNIST_QNN_eff_su2_r5_d2_s43;MNIST_QNN_eff_su2_r5_d2_s45;MNIST_QNN_zz_r1_d6_s44;MNIST_QNN_zz_r5_d6_s44
cross_cell_4,4,27,1024,zz_r1_d6,MNIST_QNN_zz_r1_d6_s43;MNIST_QNN_zz_r1_d6_s44;MNIST_QNN_zz_r1_d6_s45,MNIST_QNN_eff_su2_r1_d2_s45;MNIST_QNN_z_r1_d6_s43;MNIST_QNN_z_r1_d6_s44;MNIST_QNN_zz_r5_d6_s44
cross_cell_4,4,27,1024,zz_r5_d6,MNIST_QNN_zz_r5_d6_s43;MNIST_QNN_zz_r5_d6_s44;MNIST_QNN_zz_r5_d6_s45,MNIST_QNN_eff_su2_r5_d2_s44;MNIST_QNN_z_r1_d6_s44;MNIST_QNN_z_r1_d6_s45;MNIST_QNN_zz_r1_d6_s45
cross_cell_4,4,28,1024,eff_su2_r1_d2,MNIST_QNN_eff_su2_r1_d2_s43;MNIST_QNN_eff_su2_r1_d2_s44;MNIST_QNN_eff_su2_r1_d2_s45,MNIST_QNN_z_r1_d6_s44;MNIST_QNN_zz_r1_d6_s43;MNIST_QNN_zz_r5_d6_s43;MNIST_QNN_zz_r5_d6_s44
cross_cell_4,4,28,1024,eff_su2_r5_d2,MNIST_QNN_eff_su2_r5_d2_s43;MNIST_QNN_eff_su2_r5_d2_s44;MNIST_QNN_eff_su2_r5_d2_s45,MNIST_QNN_z_r1_d6_s45;MNIST_QNN_zz_r1_d6_s43;MNIST_QNN_zz_r1_d6_s45;MNIST_QNN_zz_r5_d6_s43
cross_cell_4,4,28,1024,z_r1_d6,MNIST_QNN_z_r1_d6_s43;MNIST_QNN_z_r1_d6_s44;MNIST_QNN_z_r1_d6_s45,MNIST_QNN_eff_su2_r5_d2_s44;MNIST_QNN_eff_su2_r5_d2_s45;MNIST_QNN_zz_r1_d6_s43;MNIST_QNN_zz_r1_d6_s44
cross_cell_4,4,28,1024,zz_r1_d6,MNIST_QNN_zz_r1_d6_s43;MNIST_QNN_zz_r1_d6_s44;MNIST_QNN_zz_r1_d6_s45,MNIST_QNN_eff_su2_r1_d2_s45;MNIST_QNN_z_r1_d6_s44;MNIST_QNN_z_r1_d6_s45;MNIST_QNN_zz_r5_d6_s43
cross_cell_4,4,28,1024,zz_r5_d6,MNIST_QNN_zz_r5_d6_s43;MNIST_QNN_zz_r5_d6_s44;MNIST_QNN_zz_r5_d6_s45,MNIST_QNN_eff_su2_r5_d2_s44;MNIST_QNN_z_r1_d6_s44;MNIST_QNN_zz_r1_d6_s44;MNIST_QNN_zz_r1_d6_s45
cross_cell_4,4,29,1024,eff_su2_r1_d2,MNIST_QNN_eff_su2_r1_d2_s43;MNIST_QNN_eff_su2_r1_d2_s44;MNIST_QNN_eff_su2_r1_d2_s45,MNIST_QNN_z_r1_d6_s44;MNIST_QNN_zz_r5_d6_s43;MNIST_QNN_zz_r5_d6_s44;MNIST_QNN_zz_r5_d6_s45
cross_cell_4,4,29,1024,eff_su2_r5_d2,MNIST_QNN_eff_su2_r5_d2_s43;MNIST_QNN_eff_su2_r5_d2_s44;MNIST_QNN_eff_su2_r5_d2_s45,MNIST_QNN_z_r1_d6_s45;MNIST_QNN_zz_r1_d6_s43;MNIST_QNN_zz_r5_d6_s43;MNIST_QNN_zz_r5_d6_s44
cross_cell_4,4,29,1024,z_r1_d6,MNIST_QNN_z_r1_d6_s43;MNIST_QNN_z_r1_d6_s44;MNIST_QNN_z_r1_d6_s45,MNIST_QNN_eff_su2_r5_d2_s44;MNIST_QNN_eff_su2_r5_d2_s45;MNIST_QNN_zz_r5_d6_s43;MNIST_QNN_zz_r5_d6_s44
cross_cell_4,4,29,1024,zz_r1_d6,MNIST_QNN_zz_r1_d6_s43;MNIST_QNN_zz_r1_d6_s44;MNIST_QNN_zz_r1_d6_s45,MNIST_QNN_eff_su2_r5_d2_s44;MNIST_QNN_eff_su2_r5_d2_s45;MNIST_QNN_z_r1_d6_s45;MNIST_QNN_zz_r5_d6_s44
cross_cell_4,4,29,1024,zz_r5_d6,MNIST_QNN_zz_r5_d6_s43;MNIST_QNN_zz_r5_d6_s44;MNIST_QNN_zz_r5_d6_s45,MNIST_QNN_eff_su2_r5_d2_s44;MNIST_QNN_z_r1_d6_s45;MNIST_QNN_zz_r1_d6_s43;MNIST_QNN_zz_r1_d6_s45
cross_cell_4,4,30,1024,eff_su2_r1_d2,MNIST_QNN_eff_su2_r1_d2_s43;MNIST_QNN_eff_su2_r1_d2_s44;MNIST_QNN_eff_su2_r1_d2_s45,MNIST_QNN_z_r1_d6_s45;MNIST_QNN_zz_r1_d6_s43;MNIST_QNN_zz_r1_d6_s44;MNIST_QNN_zz_r5_d6_s44
cross_cell_4,4,30,1024,eff_su2_r5_d2,MNIST_QNN_eff_su2_r5_d2_s43;MNIST_QNN_eff_su2_r5_d2_s44;MNIST_QNN_eff_su2_r5_d2_s45,MNIST_QNN_z_r1_d6_s45;MNIST_QNN_zz_r1_d6_s45;MNIST_QNN_zz_r5_d6_s43;MNIST_QNN_zz_r5_d6_s45
cross_cell_4,4,30,1024,z_r1_d6,MNIST_QNN_z_r1_d6_s43;MNIST_QNN_z_r1_d6_s44;MNIST_QNN_z_r1_d6_s45,MNIST_QNN_eff_su2_r5_d2_s44;MNIST_QNN_zz_r1_d6_s45;MNIST_QNN_zz_r5_d6_s44;MNIST_QNN_zz_r5_d6_s45
cross_cell_4,4,30,1024,zz_r1_d6,MNIST_QNN_zz_r1_d6_s43;MNIST_QNN_zz_r1_d6_s44;MNIST_QNN_zz_r1_d6_s45,MNIST_QNN_eff_su2_r5_d2_s45;MNIST_QNN_z_r1_d6_s43;MNIST_QNN_z_r1_d6_s44;MNIST_QNN_z_r1_d6_s45
cross_cell_4,4,30,1024,zz_r5_d6,MNIST_QNN_zz_r5_d6_s43;MNIST_QNN_zz_r5_d6_s44;MNIST_QNN_zz_r5_d6_s45,MNIST_QNN_z_r1_d6_s43;MNIST_QNN_z_r1_d6_s44;MNIST_QNN_z_r1_d6_s45;MNIST_QNN_zz_r1_d6_s43
cross_cell_4,4,31,1024,eff_su2_r1_d2,MNIST_QNN_eff_su2_r1_d2_s43;MNIST_QNN_eff_su2_r1_d2_s44;MNIST_QNN_eff_su2_r1_d2_s45,MNIST_QNN_zz_r1_d6_s43;MNIST_QNN_zz_r1_d6_s44;MNIST_QNN_zz_r5_d6_s43;MNIST_QNN_zz_r5_d6_s44
cross_cell_4,4,31,1024,eff_su2_r5_d2,MNIST_QNN_eff_su2_r5_d2_s43;MNIST_QNN_eff_su2_r5_d2_s44;MNIST_QNN_eff_su2_r5_d2_s45,MNIST_QNN_z_r1_d6_s45;MNIST_QNN_zz_r5_d6_s43;MNIST_QNN_zz_r5_d6_s44;MNIST_QNN_zz_r5_d6_s45
cross_cell_4,4,31,1024,z_r1_d6,MNIST_QNN_z_r1_d6_s43;MNIST_QNN_z_r1_d6_s44;MNIST_QNN_z_r1_d6_s45,MNIST_QNN_eff_su2_r5_d2_s45;MNIST_QNN_zz_r1_d6_s44;MNIST_QNN_zz_r1_d6_s45;MNIST_QNN_zz_r5_d6_s43
cross_cell_4,4,31,1024,zz_r1_d6,MNIST_QNN_zz_r1_d6_s43;MNIST_QNN_zz_r1_d6_s44;MNIST_QNN_zz_r1_d6_s45,MNIST_QNN_eff_su2_r5_d2_s45;MNIST_QNN_z_r1_d6_s43;MNIST_QNN_z_r1_d6_s44;MNIST_QNN_zz_r5_d6_s43
cross_cell_4,4,31,1024,zz_r5_d6,MNIST_QNN_zz_r5_d6_s43;MNIST_QNN_zz_r5_d6_s44;MNIST_QNN_zz_r5_d6_s45,MNIST_QNN_z_r1_d6_s43;MNIST_QNN_z_r1_d6_s45;MNIST_QNN_zz_r1_d6_s44;MNIST_QNN_zz_r1_d6_s45
cross_cell_8,8,0,1024,eff_su2_r1_d2,MNIST_QNN_eff_su2_r1_d2_s43;MNIST_QNN_eff_su2_r1_d2_s44;MNIST_QNN_eff_su2_r1_d2_s45,MNIST_QNN_eff_su2_r5_d2_s43;MNIST_QNN_eff_su2_r5_d2_s44;MNIST_QNN_eff_su2_r5_d2_s45;MNIST_QNN_z_r1_d6_s43;MNIST_QNN_z_r1_d6_s44;MNIST_QNN_z_r1_d6_s45;MNIST_QNN_zz_r1_d6_s44;MNIST_QNN_zz_r5_d6_s44
cross_cell_8,8,0,1024,eff_su2_r5_d2,MNIST_QNN_eff_su2_r5_d2_s43;MNIST_QNN_eff_su2_r5_d2_s44;MNIST_QNN_eff_su2_r5_d2_s45,MNIST_QNN_eff_su2_r1_d2_s43;MNIST_QNN_eff_su2_r1_d2_s44;MNIST_QNN_eff_su2_r1_d2_s45;MNIST_QNN_z_r1_d6_s43;MNIST_QNN_z_r1_d6_s45;MNIST_QNN_zz_r1_d6_s43;MNIST_QNN_zz_r1_d6_s45;MNIST_QNN_zz_r5_d6_s44
cross_cell_8,8,0,1024,z_r1_d6,MNIST_QNN_z_r1_d6_s43;MNIST_QNN_z_r1_d6_s44;MNIST_QNN_z_r1_d6_s45,MNIST_QNN_eff_su2_r1_d2_s43;MNIST_QNN_eff_su2_r1_d2_s44;MNIST_QNN_eff_su2_r1_d2_s45;MNIST_QNN_eff_su2_r5_d2_s43;MNIST_QNN_eff_su2_r5_d2_s44;MNIST_QNN_zz_r1_d6_s44;MNIST_QNN_zz_r5_d6_s44;MNIST_QNN_zz_r5_d6_s45
cross_cell_8,8,0,1024,zz_r1_d6,MNIST_QNN_zz_r1_d6_s43;MNIST_QNN_zz_r1_d6_s44;MNIST_QNN_zz_r1_d6_s45,MNIST_QNN_eff_su2_r1_d2_s43;MNIST_QNN_eff_su2_r1_d2_s44;MNIST_QNN_eff_su2_r1_d2_s45;MNIST_QNN_eff_su2_r5_d2_s43;MNIST_QNN_eff_su2_r5_d2_s44;MNIST_QNN_z_r1_d6_s44;MNIST_QNN_zz_r5_d6_s44;MNIST_QNN_zz_r5_d6_s45
cross_cell_8,8,0,1024,zz_r5_d6,MNIST_QNN_zz_r5_d6_s43;MNIST_QNN_zz_r5_d6_s44;MNIST_QNN_zz_r5_d6_s45,MNIST_QNN_eff_su2_r1_d2_s43;MNIST_QNN_eff_su2_r1_d2_s44;MNIST_QNN_eff_su2_r1_d2_s45;MNIST_QNN_eff_su2_r5_d2_s43;MNIST_QNN_eff_su2_r5_d2_s45;MNIST_QNN_zz_r1_d6_s43;MNIST_QNN_zz_r1_d6_s44;MNIST_QNN_zz_r1_d6_s45
cross_cell_8,8,1,1024,eff_su2_r1_d2,MNIST_QNN_eff_su2_r1_d2_s43;MNIST_QNN_eff_su2_r1_d2_s44;MNIST_QNN_eff_su2_r1_d2_s45,MNIST_QNN_eff_su2_r5_d2_s43;MNIST_QNN_eff_su2_r5_d2_s44;MNIST_QNN_eff_su2_r5_d2_s45;MNIST_QNN_z_r1_d6_s43;MNIST_QNN_z_r1_d6_s44;MNIST_QNN_z_r1_d6_s45;MNIST_QNN_zz_r5_d6_s43;MNIST_QNN_zz_r5_d6_s44
cross_cell_8,8,1,1024,eff_su2_r5_d2,MNIST_QNN_eff_su2_r5_d2_s43;MNIST_QNN_eff_su2_r5_d2_s44;MNIST_QNN_eff_su2_r5_d2_s45,MNIST_QNN_eff_su2_r1_d2_s43;MNIST_QNN_eff_su2_r1_d2_s44;MNIST_QNN_eff_su2_r1_d2_s45;MNIST_QNN_z_r1_d6_s43;MNIST_QNN_z_r1_d6_s45;MNIST_QNN_zz_r1_d6_s43;MNIST_QNN_zz_r5_d6_s43;MNIST_QNN_zz_r5_d6_s45
cross_cell_8,8,1,1024,z_r1_d6,MNIST_QNN_z_r1_d6_s43;MNIST_QNN_z_r1_d6_s44;MNIST_QNN_z_r1_d6_s45,MNIST_QNN_eff_su2_r1_d2_s43;MNIST_QNN_eff_su2_r1_d2_s44;MNIST_QNN_eff_su2_r1_d2_s45;MNIST_QNN_eff_su2_r5_d2_s43;MNIST_QNN_eff_su2_r5_d2_s45;MNIST_QNN_zz_r1_d6_s43;MNIST_QNN_zz_r1_d6_s45;MNIST_QNN_zz_r5_d6_s43
cross_cell_8,8,1,1024,zz_r1_d6,MNIST_QNN_zz_r1_d6_s43;MNIST_QNN_zz_r1_d6_s44;MNIST_QNN_zz_r1_d6_s45,MNIST_QNN_eff_su2_r1_d2_s43;MNIST_QNN_eff_su2_r1_d2_s44;MNIST_QNN_eff_su2_r1_d2_s45;MNIST_QNN_eff_su2_r5_d2_s43;MNIST_QNN_eff_su2_r5_d2_s45;MNIST_QNN_z_r1_d6_s44;MNIST_QNN_zz_r5_d6_s43;MNIST_QNN_zz_r5_d6_s44
cross_cell_8,8,1,1024,zz_r5_d6,MNIST_QNN_zz_r5_d6_s43;MNIST_QNN_zz_r5_d6_s44;MNIST_QNN_zz_r5_d6_s45,MNIST_QNN_eff_su2_r1_d2_s43;MNIST_QNN_eff_su2_r1_d2_s44;MNIST_QNN_eff_su2_r1_d2_s45;MNIST_QNN_eff_su2_r5_d2_s43;MNIST_QNN_z_r1_d6_s44;MNIST_QNN_zz_r1_d6_s43;MNIST_QNN_zz_r1_d6_s44;MNIST_QNN_zz_r1_d6_s45
cross_cell_8,8,2,1024,eff_su2_r1_d2,MNIST_QNN_eff_su2_r1_d2_s43;MNIST_QNN_eff_su2_r1_d2_s44;MNIST_QNN_eff_su2_r1_d2_s45,MNIST_QNN_eff_su2_r5_d2_s43;MNIST_QNN_eff_su2_r5_d2_s44;MNIST_QNN_eff_su2_r5_d2_s45;MNIST_QNN_z_r1_d6_s43;MNIST_QNN_z_r1_d6_s45;MNIST_QNN_zz_r1_d6_s44;MNIST_QNN_zz_r5_d6_s44;MNIST_QNN_zz_r5_d6_s45
cross_cell_8,8,2,1024,eff_su2_r5_d2,MNIST_QNN_eff_su2_r5_d2_s43;MNIST_QNN_eff_su2_r5_d2_s44;MNIST_QNN_eff_su2_r5_d2_s45,MNIST_QNN_eff_su2_r1_d2_s43;MNIST_QNN_eff_su2_r1_d2_s44;MNIST_QNN_eff_su2_r1_d2_s45;MNIST_QNN_z_r1_d6_s43;MNIST_QNN_z_r1_d6_s45;MNIST_QNN_zz_r1_d6_s43;MNIST_QNN_zz_r5_d6_s44;MNIST_QNN_zz_r5_d6_s45
cross_cell_8,8,2,1024,z_r1_d6,MNIST_QNN_z_r1_d6_s43;MNIST_QNN_z_r1_d6_s44;MNIST_QNN_z_r1_d6_s45,MNIST_QNN_eff_su2_r1_d2_s43;MNIST_QNN_eff_su2_r1_d2_s44;MNIST_QNN_eff_su2_r1_d2_s45;MNIST_QNN_eff_su2_r5_d2_s43;MNIST_QNN_eff_su2_r5_d2_s45;MNIST_QNN_zz_r1_d6_s44;MNIST_QNN_zz_r1_d6_s45;MNIST_QNN_zz_r5_d6_s45
cross_cell_8,8,2,1024,zz_r1_d6,MNIST_QNN_zz_r1_d6_s43;MNIST_QNN_zz_r1_d6_s44;MNIST_QNN_zz_r1_d6_s45,MNIST_QNN_eff_su2_r1_d2_s43;MNIST_QNN_eff_su2_r1_d2_s44;MNIST_QNN_eff_su2_r1_d2_s45;MNIST_QNN_eff_su2_r5_d2_s43;MNIST_QNN_z_r1_d6_s44;MNIST_QNN_z_r1_d6_s45;MNIST_QNN_zz_r5_d6_s44;MNIST_QNN_zz_r5_d6_s45
cross_cell_8,8,2,1024,zz_r5_d6,MNIST_QNN_zz_r5_d6_s43;MNIST_QNN_zz_r5_d6_s44;MNIST_QNN_zz_r5_d6_s45,MNIST_QNN_eff_su2_r1_d2_s43;MNIST_QNN_eff_su2_r1_d2_s44;MNIST_QNN_eff_su2_r1_d2_s45;MNIST_QNN_eff_su2_r5_d2_s44;MNIST_QNN_eff_su2_r5_d2_s45;MNIST_QNN_z_r1_d6_s44;MNIST_QNN_z_r1_d6_s45;MNIST_QNN_zz_r1_d6_s43
cross_cell_8,8,3,1024,eff_su2_r1_d2,MNIST_QNN_eff_su2_r1_d2_s43;MNIST_QNN_eff_su2_r1_d2_s44;MNIST_QNN_eff_su2_r1_d2_s45,MNIST_QNN_eff_su2_r5_d2_s43;MNIST_QNN_eff_su2_r5_d2_s44;MNIST_QNN_eff_su2_r5_d2_s45;MNIST_QNN_z_r1_d6_s43;MNIST_QNN_zz_r1_d6_s43;MNIST_QNN_zz_r5_d6_s43;MNIST_QNN_zz_r5_d6_s44;MNIST_QNN_zz_r5_d6_s45
cross_cell_8,8,3,1024,eff_su2_r5_d2,MNIST_QNN_eff_su2_r5_d2_s43;MNIST_QNN_eff_su2_r5_d2_s44;MNIST_QNN_eff_su2_r5_d2_s45,MNIST_QNN_eff_su2_r1_d2_s43;MNIST_QNN_eff_su2_r1_d2_s44;MNIST_QNN_eff_su2_r1_d2_s45;MNIST_QNN_z_r1_d6_s43;MNIST_QNN_zz_r1_d6_s43;MNIST_QNN_zz_r1_d6_s45;MNIST_QNN_zz_r5_d6_s43;MNIST_QNN_zz_r5_d6_s45
cross_cell_8,8,3,1024,z_r1_d6,MNIST_QNN_z_r1_d6_s43;MNIST_QNN_z_r1_d6_s44;MNIST_QNN_z_r1_d6_s45,MNIST_QNN_eff_su2_r1_d2_s43;MNIST_QNN_eff_su2_r1_d2_s44;MNIST_QNN_eff_su2_r1_d2_s45;MNIST_QNN_eff_su2_r5_d2_s43;MNIST_QNN_eff_su2_r5_d2_s45;MNIST_QNN_zz_r1_d6_s44;MNIST_QNN_zz_r5_d6_s43;MNIST_QNN_zz_r5_d6_s44
cross_cell_8,8,3,1024,zz_r1_d6,MNIST_QNN_zz_r1_d6_s43;MNIST_QNN_zz_r1_d6_s44;MNIST_QNN_zz_r1_d6_s45,MNIST_QNN_eff_su2_r1_d2_s43;MNIST_QNN_eff_su2_r1_d2_s44;MNIST_QNN_eff_su2_r1_d2_s45;MNIST_QNN_eff_su2_r5_d2_s44;MNIST_QNN_eff_su2_r5_d2_s45;MNIST_QNN_z_r1_d6_s43;MNIST_QNN_zz_r5_d6_s44;MNIST_QNN_zz_r5_d6_s45
cross_cell_8,8,3,1024,zz_r5_d6,MNIST_QNN_zz_r5_d6_s43;MNIST_QNN_zz_r5_d6_s44;MNIST_QNN_zz_r5_d6_s45,MNIST_QNN_eff_su2_r1_d2_s43;MNIST_QNN_eff_su2_r1_d2_s44;MNIST_QNN_eff_su2_r1_d2_s45;MNIST_QNN_eff_su2_r5_d2_s44;MNIST_QNN_eff_su2_r5_d2_s45;MNIST_QNN_z_r1_d6_s44;MNIST_QNN_z_r1_d6_s45;MNIST_QNN_zz_r1_d6_s45
cross_cell_8,8,4,1024,eff_su2_r1_d2,MNIST_QNN_eff_su2_r1_d2_s43;MNIST_QNN_eff_su2_r1_d2_s44;MNIST_QNN_eff_su2_r1_d2_s45,MNIST_QNN_eff_su2_r5_d2_s43;MNIST_QNN_eff_su2_r5_d2_s44;MNIST_QNN_eff_su2_r5_d2_s45;MNIST_QNN_z_r1_d6_s43;MNIST_QNN_zz_r1_d6_s44;MNIST_QNN_zz_r1_d6_s45;MNIST_QNN_zz_r5_d6_s44;MNIST_QNN_zz_r5_d6_s45
cross_cell_8,8,4,1024,eff_su2_r5_d2,MNIST_QNN_eff_su2_r5_d2_s43;MNIST_QNN_eff_su2_r5_d2_s44;MNIST_QNN_eff_su2_r5_d2_s45,MNIST_QNN_eff_su2_r1_d2_s43;MNIST_QNN_eff_su2_r1_d2_s44;MNIST_QNN_eff_su2_r1_d2_s45;MNIST_QNN_z_r1_d6_s43;MNIST_QNN_zz_r1_d6_s44;MNIST_QNN_zz_r5_d6_s43;MNIST_QNN_zz_r5_d6_s44;MNIST_QNN_zz_r5_d6_s45
cross_cell_8,8,4,1024,z_r1_d6,MNIST_QNN_z_r1_d6_s43;MNIST_QNN_z_r1_d6_s44;MNIST_QNN_z_r1_d6_s45,MNIST_QNN_eff_su2_r1_d2_s43;MNIST_QNN_eff_su2_r1_d2_s44;MNIST_QNN_eff_su2_r1_d2_s45;MNIST_QNN_eff_su2_r5_d2_s44;MNIST_QNN_eff_su2_r5_d2_s45;MNIST_QNN_zz_r1_d6_s43;MNIST_QNN_zz_r1_d6_s44;MNIST_QNN_zz_r5_d6_s43
cross_cell_8,8,4,1024,zz_r1_d6,MNIST_QNN_zz_r1_d6_s43;MNIST_QNN_zz_r1_d6_s44;MNIST_QNN_zz_r1_d6_s45,MNIST_QNN_eff_su2_r1_d2_s43;MNIST_QNN_eff_su2_r1_d2_s44;MNIST_QNN_eff_su2_r1_d2_s45;MNIST_QNN_eff_su2_r5_d2_s44;MNIST_QNN_eff_su2_r5_d2_s45;MNIST_QNN_zz_r5_d6_s43;MNIST_QNN_zz_r5_d6_s44;MNIST_QNN_zz_r5_d6_s45
cross_cell_8,8,4,1024,zz_r5_d6,MNIST_QNN_zz_r5_d6_s43;MNIST_QNN_zz_r5_d6_s44;MNIST_QNN_zz_r5_d6_s45,MNIST_QNN_eff_su2_r1_d2_s43;MNIST_QNN_eff_su2_r1_d2_s44;MNIST_QNN_eff_su2_r1_d2_s45;MNIST_QNN_eff_su2_r5_d2_s44;MNIST_QNN_z_r1_d6_s43;MNIST_QNN_z_r1_d6_s44;MNIST_QNN_z_r1_d6_s45;MNIST_QNN_zz_r1_d6_s44
cross_cell_8,8,5,1024,eff_su2_r1_d2,MNIST_QNN_eff_su2_r1_d2_s43;MNIST_QNN_eff_su2_r1_d2_s44;MNIST_QNN_eff_su2_r1_d2_s45,MNIST_QNN_eff_su2_r5_d2_s43;MNIST_QNN_eff_su2_r5_d2_s44;MNIST_QNN_eff_su2_r5_d2_s45;MNIST_QNN_z_r1_d6_s44;MNIST_QNN_z_r1_d6_s45;MNIST_QNN_zz_r1_d6_s43;MNIST_QNN_zz_r1_d6_s44;MNIST_QNN_zz_r5_d6_s44
cross_cell_8,8,5,1024,eff_su2_r5_d2,MNIST_QNN_eff_su2_r5_d2_s43;MNIST_QNN_eff_su2_r5_d2_s44;MNIST_QNN_eff_su2_r5_d2_s45,MNIST_QNN_eff_su2_r1_d2_s43;MNIST_QNN_eff_su2_r1_d2_s44;MNIST_QNN_eff_su2_r1_d2_s45;MNIST_QNN_z_r1_d6_s44;MNIST_QNN_z_r1_d6_s45;MNIST_QNN_zz_r1_d6_s43;MNIST_QNN_zz_r1_d6_s44;MNIST_QNN_zz_r5_d6_s43
cross_cell_8,8,5,1024,z_r1_d6,MNIST_QNN_z_r1_d6_s43;MNIST_QNN_z_r1_d6_s44;MNIST_QNN_z_r1_d6_s45,MNIST_QNN_eff_su2_r1_d2_s43;MNIST_QNN_eff_su2_r1_d2_s44;MNIST_QNN_eff_su2_r1_d2_s45;MNIST_QNN_eff_su2_r5_d2_s44;MNIST_QNN_eff_su2_r5_d2_s45;MNIST_QNN_zz_r1_d6_s43;MNIST_QNN_zz_r1_d6_s45;MNIST_QNN_zz_r5_d6_s43
cross_cell_8,8,5,1024,zz_r1_d6,MNIST_QNN_zz_r1_d6_s43;MNIST_QNN_zz_r1_d6_s44;MNIST_QNN_zz_r1_d6_s45,MNIST_QNN_eff_su2_r1_d2_s43;MNIST_QNN_eff_su2_r1_d2_s44;MNIST_QNN_eff_su2_r1_d2_s45;MNIST_QNN_eff_su2_r5_d2_s45;MNIST_QNN_z_r1_d6_s43;MNIST_QNN_z_r1_d6_s45;MNIST_QNN_zz_r5_d6_s43;MNIST_QNN_zz_r5_d6_s44
cross_cell_8,8,5,1024,zz_r5_d6,MNIST_QNN_zz_r5_d6_s43;MNIST_QNN_zz_r5_d6_s44;MNIST_QNN_zz_r5_d6_s45,MNIST_QNN_eff_su2_r1_d2_s43;MNIST_QNN_eff_su2_r1_d2_s44;MNIST_QNN_eff_su2_r1_d2_s45;MNIST_QNN_eff_su2_r5_d2_s45;MNIST_QNN_z_r1_d6_s43;MNIST_QNN_z_r1_d6_s44;MNIST_QNN_zz_r1_d6_s43;MNIST_QNN_zz_r1_d6_s44
cross_cell_8,8,6,1024,eff_su2_r1_d2,MNIST_QNN_eff_su2_r1_d2_s43;MNIST_QNN_eff_su2_r1_d2_s44;MNIST_QNN_eff_su2_r1_d2_s45,MNIST_QNN_eff_su2_r5_d2_s43;MNIST_QNN_eff_su2_r5_d2_s44;MNIST_QNN_eff_su2_r5_d2_s45;MNIST_QNN_z_r1_d6_s44;MNIST_QNN_z_r1_d6_s45;MNIST_QNN_zz_r1_d6_s44;MNIST_QNN_zz_r5_d6_s43;MNIST_QNN_zz_r5_d6_s45
cross_cell_8,8,6,1024,eff_su2_r5_d2,MNIST_QNN_eff_su2_r5_d2_s43;MNIST_QNN_eff_su2_r5_d2_s44;MNIST_QNN_eff_su2_r5_d2_s45,MNIST_QNN_eff_su2_r1_d2_s43;MNIST_QNN_eff_su2_r1_d2_s44;MNIST_QNN_eff_su2_r1_d2_s45;MNIST_QNN_z_r1_d6_s44;MNIST_QNN_z_r1_d6_s45;MNIST_QNN_zz_r1_d6_s43;MNIST_QNN_zz_r1_d6_s44;MNIST_QNN_zz_r5_d6_s45
cross_cell_8,8,6,1024,z_r1_d6,MNIST_QNN_z_r1_d6_s43;MNIST_QNN_z_r1_d6_s44;MNIST_QNN_z_r1_d6_s45,MNIST_QNN_eff_su2_r1_d2_s43;MNIST_QNN_eff_su2_r1_d2_s44;MNIST_QNN_eff_su2_r1_d2_s45;MNIST_QNN_eff_su2_r5_d2_s44;MNIST_QNN_eff_su2_r5_d2_s45;MNIST_QNN_zz_r1_d6_s44;MNIST_QNN_zz_r5_d6_s43;MNIST_QNN_zz_r5_d6_s44
cross_cell_8,8,6,1024,zz_r1_d6,MNIST_QNN_zz_r1_d6_s43;MNIST_QNN_zz_r1_d6_s44;MNIST_QNN_zz_r1_d6_s45,MNIST_QNN_eff_su2_r1_d2_s43;MNIST_QNN_eff_su2_r1_d2_s44;MNIST_QNN_eff_su2_r5_d2_s43;MNIST_QNN_eff_su2_r5_d2_s44;MNIST_QNN_z_r1_d6_s43;MNIST_QNN_z_r1_d6_s44;MNIST_QNN_zz_r5_d6_s43;MNIST_QNN_zz_r5_d6_s44
cross_cell_8,8,6,1024,zz_r5_d6,MNIST_QNN_zz_r5_d6_s43;MNIST_QNN_zz_r5_d6_s44;MNIST_QNN_zz_r5_d6_s45,MNIST_QNN_eff_su2_r1_d2_s43;MNIST_QNN_eff_su2_r1_d2_s44;MNIST_QNN_eff_su2_r5_d2_s43;MNIST_QNN_eff_su2_r5_d2_s44;MNIST_QNN_z_r1_d6_s43;MNIST_QNN_z_r1_d6_s44;MNIST_QNN_z_r1_d6_s45;MNIST_QNN_zz_r1_d6_s44
cross_cell_8,8,7,1024,eff_su2_r1_d2,MNIST_QNN_eff_su2_r1_d2_s43;MNIST_QNN_eff_su2_r1_d2_s44;MNIST_QNN_eff_su2_r1_d2_s45,MNIST_QNN_eff_su2_r5_d2_s43;MNIST_QNN_eff_su2_r5_d2_s44;MNIST_QNN_eff_su2_r5_d2_s45;MNIST_QNN_z_r1_d6_s44;MNIST_QNN_zz_r1_d6_s43;MNIST_QNN_zz_r1_d6_s44;MNIST_QNN_zz_r1_d6_s45;MNIST_QNN_zz_r5_d6_s45
cross_cell_8,8,7,1024,eff_su2_r5_d2,MNIST_QNN_eff_su2_r5_d2_s43;MNIST_QNN_eff_su2_r5_d2_s44;MNIST_QNN_eff_su2_r5_d2_s45,MNIST_QNN_eff_su2_r1_d2_s43;MNIST_QNN_eff_su2_r1_d2_s44;MNIST_QNN_eff_su2_r1_d2_s45;MNIST_QNN_z_r1_d6_s44;MNIST_QNN_z_r1_d6_s45;MNIST_QNN_zz_r1_d6_s45;MNIST_QNN_zz_r5_d6_s44;MNIST_QNN_zz_r5_d6_s45
cross_cell_8,8,7,1024,z_r1_d6,MNIST_QNN_z_r1_d6_s43;MNIST_QNN_z_r1_d6_s44;MNIST_QNN_z_r1_d6_s45,MNIST_QNN_eff_su2_r1_d2_s43;MNIST_QNN_eff_su2_r1_d2_s44;MNIST_QNN_eff_su2_r1_d2_s45;MNIST_QNN_eff_su2_r5_d2_s44;MNIST_QNN_zz_r1_d6_s43;MNIST_QNN_zz_r1_d6_s44;MNIST_QNN_zz_r5_d6_s43;MNIST_QNN_zz_r5_d6_s44
cross_cell_8,8,7,1024,zz_r1_d6,MNIST_QNN_zz_r1_d6_s43;MNIST_QNN_zz_r1_d6_s44;MNIST_QNN_zz_r1_d6_s45,MNIST_QNN_eff_su2_r1_d2_s43;MNIST_QNN_eff_su2_r1_d2_s44;MNIST_QNN_eff_su2_r5_d2_s43;MNIST_QNN_z_r1_d6_s44;MNIST_QNN_z_r1_d6_s45;MNIST_QNN_zz_r5_d6_s43;MNIST_QNN_zz_r5_d6_s44;MNIST_QNN_zz_r5_d6_s45
cross_cell_8,8,7,1024,zz_r5_d6,MNIST_QNN_zz_r5_d6_s43;MNIST_QNN_zz_r5_d6_s44;MNIST_QNN_zz_r5_d6_s45,MNIST_QNN_eff_su2_r1_d2_s43;MNIST_QNN_eff_su2_r1_d2_s44;MNIST_QNN_eff_su2_r5_d2_s43;MNIST_QNN_eff_su2_r5_d2_s45;MNIST_QNN_z_r1_d6_s43;MNIST_QNN_z_r1_d6_s44;MNIST_QNN_z_r1_d6_s45;MNIST_QNN_zz_r1_d6_s45
cross_cell_8,8,8,1024,eff_su2_r1_d2,MNIST_QNN_eff_su2_r1_d2_s43;MNIST_QNN_eff_su2_r1_d2_s44;MNIST_QNN_eff_su2_r1_d2_s45,MNIST_QNN_eff_su2_r5_d2_s43;MNIST_QNN_eff_su2_r5_d2_s44;MNIST_QNN_eff_su2_r5_d2_s45;MNIST_QNN_z_r1_d6_s45;MNIST_QNN_zz_r1_d6_s43;MNIST_QNN_zz_r1_d6_s44;MNIST_QNN_zz_r5_d6_s44;MNIST_QNN_zz_r5_d6_s45
cross_cell_8,8,8,1024,eff_su2_r5_d2,MNIST_QNN_eff_su2_r5_d2_s43;MNIST_QNN_eff_su2_r5_d2_s44;MNIST_QNN_eff_su2_r5_d2_s45,MNIST_QNN_eff_su2_r1_d2_s43;MNIST_QNN_eff_su2_r1_d2_s44;MNIST_QNN_eff_su2_r1_d2_s45;MNIST_QNN_z_r1_d6_s44;MNIST_QNN_zz_r1_d6_s43;MNIST_QNN_zz_r1_d6_s45;MNIST_QNN_zz_r5_d6_s44;MNIST_QNN_zz_r5_d6_s45
cross_cell_8,8,8,1024,z_r1_d6,MNIST_QNN_z_r1_d6_s43;MNIST_QNN_z_r1_d6_s44;MNIST_QNN_z_r1_d6_s45,MNIST_QNN_eff_su2_r1_d2_s43;MNIST_QNN_eff_su2_r1_d2_s44;MNIST_QNN_eff_su2_r1_d2_s45;MNIST_QNN_eff_su2_r5_d2_s44;MNIST_QNN_zz_r1_d6_s44;MNIST_QNN_zz_r1_d6_s45;MNIST_QNN_zz_r5_d6_s43;MNIST_QNN_zz_r5_d6_s45
cross_cell_8,8,8,1024,zz_r1_d6,MNIST_QNN_zz_r1_d6_s43;MNIST_QNN_zz_r1_d6_s44;MNIST_QNN_zz_r1_d6_s45,MNIST_QNN_eff_su2_r1_d2_s43;MNIST_QNN_eff_su2_r1_d2_s44;MNIST_QNN_eff_su2_r5_d2_s44;MNIST_QNN_eff_su2_r5_d2_s45;MNIST_QNN_z_r1_d6_s43;MNIST_QNN_z_r1_d6_s44;MNIST_QNN_z_r1_d6_s45;MNIST_QNN_zz_r5_d6_s44
cross_cell_8,8,8,1024,zz_r5_d6,MNIST_QNN_zz_r5_d6_s43;MNIST_QNN_zz_r5_d6_s44;MNIST_QNN_zz_r5_d6_s45,MNIST_QNN_eff_su2_r1_d2_s43;MNIST_QNN_eff_su2_r1_d2_s44;MNIST_QNN_eff_su2_r5_d2_s44;MNIST_QNN_eff_su2_r5_d2_s45;MNIST_QNN_z_r1_d6_s43;MNIST_QNN_z_r1_d6_s44;MNIST_QNN_zz_r1_d6_s43;MNIST_QNN_zz_r1_d6_s44
cross_cell_8,8,9,1024,eff_su2_r1_d2,MNIST_QNN_eff_su2_r1_d2_s43;MNIST_QNN_eff_su2_r1_d2_s44;MNIST_QNN_eff_su2_r1_d2_s45,MNIST_QNN_eff_su2_r5_d2_s43;MNIST_QNN_eff_su2_r5_d2_s44;MNIST_QNN_eff_su2_r5_d2_s45;MNIST_QNN_zz_r1_d6_s43;MNIST_QNN_zz_r1_d6_s44;MNIST_QNN_zz_r1_d6_s45;MNIST_QNN_zz_r5_d6_s43;MNIST_QNN_zz_r5_d6_s44
cross_cell_8,8,9,1024,eff_su2_r5_d2,MNIST_QNN_eff_su2_r5_d2_s43;MNIST_QNN_eff_su2_r5_d2_s44;MNIST_QNN_eff_su2_r5_d2_s45,MNIST_QNN_eff_su2_r1_d2_s43;MNIST_QNN_eff_su2_r1_d2_s44;MNIST_QNN_eff_su2_r1_d2_s45;MNIST_QNN_z_r1_d6_s45;MNIST_QNN_zz_r1_d6_s43;MNIST_QNN_zz_r1_d6_s44;MNIST_QNN_zz_r1_d6_s45;MNIST_QNN_zz_r5_d6_s45
cross_cell_8,8,9,1024,z_r1_d6,MNIST_QNN_z_r1_d6_s43;MNIST_QNN_z_r1_d6_s44;MNIST_QNN_z_r1_d6_s45,MNIST_QNN_eff_su2_r1_d2_s43;MNIST_QNN_eff_su2_r1_d2_s44;MNIST_QNN_eff_su2_r1_d2_s45;MNIST_QNN_eff_su2_r5_d2_s45;MNIST_QNN_zz_r1_d6_s44;MNIST_QNN_zz_r5_d6_s43;MNIST_QNN_zz_r5_d6_s44;MNIST_QNN_zz_r5_d6_s45
cross_cell_8,8,9,1024,zz_r1_d6,MNIST_QNN_zz_r1_d6_s43;MNIST_QNN_zz_r1_d6_s44;MNIST_QNN_zz_r1_d6_s45,MNIST_QNN_eff_su2_r1_d2_s43;MNIST_QNN_eff_su2_r1_d2_s44;MNIST_QNN_eff_su2_r5_d2_s44;MNIST_QNN_eff_su2_r5_d2_s45;MNIST_QNN_z_r1_d6_s44;MNIST_QNN_zz_r5_d6_s43;MNIST_QNN_zz_r5_d6_s44;MNIST_QNN_zz_r5_d6_s45
cross_cell_8,8,9,1024,zz_r5_d6,MNIST_QNN_zz_r5_d6_s43;MNIST_QNN_zz_r5_d6_s44;MNIST_QNN_zz_r5_d6_s45,MNIST_QNN_eff_su2_r1_d2_s43;MNIST_QNN_eff_su2_r1_d2_s44;MNIST_QNN_eff_su2_r5_d2_s44;MNIST_QNN_eff_su2_r5_d2_s45;MNIST_QNN_z_r1_d6_s43;MNIST_QNN_z_r1_d6_s44;MNIST_QNN_zz_r1_d6_s43;MNIST_QNN_zz_r1_d6_s45
cross_cell_8,8,10,1024,eff_su2_r1_d2,MNIST_QNN_eff_su2_r1_d2_s43;MNIST_QNN_eff_su2_r1_d2_s44;MNIST_QNN_eff_su2_r1_d2_s45,MNIST_QNN_eff_su2_r5_d2_s43;MNIST_QNN_eff_su2_r5_d2_s44;MNIST_QNN_z_r1_d6_s43;MNIST_QNN_z_r1_d6_s44;MNIST_QNN_zz_r1_d6_s43;MNIST_QNN_zz_r1_d6_s45;MNIST_QNN_zz_r5_d6_s43;MNIST_QNN_zz_r5_d6_s44
cross_cell_8,8,10,1024,eff_su2_r5_d2,MNIST_QNN_eff_su2_r5_d2_s43;MNIST_QNN_eff_su2_r5_d2_s44;MNIST_QNN_eff_su2_r5_d2_s45,MNIST_QNN_eff_su2_r1_d2_s43;MNIST_QNN_eff_su2_r1_d2_s44;MNIST_QNN_eff_su2_r1_d2_s45;MNIST_QNN_z_r1_d6_s45;MNIST_QNN_zz_r1_d6_s43;MNIST_QNN_zz_r1_d6_s45;MNIST_QNN_zz_r5_d6_s44;MNIST_QNN_zz_r5_d6_s45
cross_cell_8,8,10,1024,z_r1_d6,MNIST_QNN_z_r1_d6_s43;MNIST_QNN_z_r1_d6_s44;MNIST_QNN_z_r1_d6_s45,MNIST_QNN_eff_su2_r1_d2_s43;MNIST_QNN_eff_su2_r1_d2_s44;MNIST_QNN_eff_su2_r5_d2_s43;MNIST_QNN_eff_su2_r5_d2_s44;MNIST_QNN_eff_su2_r5_d2_s45;MNIST_QNN_zz_r1_d6_s44;MNIST_QNN_zz_r5_d6_s43;MNIST_QNN_zz_r5_d6_s44
cross_cell_8,8,10,1024,zz_r1_d6,MNIST_QNN_zz_r1_d6_s43;MNIST_QNN_zz_r1_d6_s44;MNIST_QNN_zz_r1_d6_s45,MNIST_QNN_eff_su2_r1_d2_s43;MNIST_QNN_eff_su2_r1_d2_s44;MNIST_QNN_eff_su2_r5_d2_s44;MNIST_QNN_z_r1_d6_s43;MNIST_QNN_z_r1_d6_s44;MNIST_QNN_z_r1_d6_s45;MNIST_QNN_zz_r5_d6_s43;MNIST_QNN_zz_r5_d6_s44
cross_cell_8,8,10,1024,zz_r5_d6,MNIST_QNN_zz_r5_d6_s43;MNIST_QNN_zz_r5_d6_s44;MNIST_QNN_zz_r5_d6_s45,MNIST_QNN_eff_su2_r1_d2_s43;MNIST_QNN_eff_su2_r1_d2_s44;MNIST_QNN_eff_su2_r5_d2_s45;MNIST_QNN_z_r1_d6_s43;MNIST_QNN_z_r1_d6_s44;MNIST_QNN_z_r1_d6_s45;MNIST_QNN_zz_r1_d6_s43;MNIST_QNN_zz_r1_d6_s44
cross_cell_8,8,11,1024,eff_su2_r1_d2,MNIST_QNN_eff_su2_r1_d2_s43;MNIST_QNN_eff_su2_r1_d2_s44;MNIST_QNN_eff_su2_r1_d2_s45,MNIST_QNN_eff_su2_r5_d2_s43;MNIST_QNN_eff_su2_r5_d2_s44;MNIST_QNN_z_r1_d6_s43;MNIST_QNN_z_r1_d6_s44;MNIST_QNN_zz_r1_d6_s44;MNIST_QNN_zz_r1_d6_s45;MNIST_QNN_zz_r5_d6_s44;MNIST_QNN_zz_r5_d6_s45
cross_cell_8,8,11,1024,eff_su2_r5_d2,MNIST_QNN_eff_su2_r5_d2_s43;MNIST_QNN_eff_su2_r5_d2_s44;MNIST_QNN_eff_su2_r5_d2_s45,MNIST_QNN_eff_su2_r1_d2_s43;MNIST_QNN_eff_su2_r1_d2_s44;MNIST_QNN_eff_su2_r1_d2_s45;MNIST_QNN_z_r1_d6_s45;MNIST_QNN_zz_r1_d6_s44;MNIST_QNN_zz_r1_d6_s45;MNIST_QNN_zz_r5_d6_s43;MNIST_QNN_zz_r5_d6_s45
cross_cell_8,8,11,1024,z_r1_d6,MNIST_QNN_z_r1_d6_s43;MNIST_QNN_z_r1_d6_s44;MNIST_QNN_z_r1_d6_s45,MNIST_QNN_eff_su2_r1_d2_s43;MNIST_QNN_eff_su2_r1_d2_s44;MNIST_QNN_eff_su2_r5_d2_s43;MNIST_QNN_eff_su2_r5_d2_s44;MNIST_QNN_eff_su2_r5_d2_s45;MNIST_QNN_zz_r5_d6_s43;MNIST_QNN_zz_r5_d6_s44;MNIST_QNN_zz_r5_d6_s45
cross_cell_8,8,11,1024,zz_r1_d6,MNIST_QNN_zz_r1_d6_s43;MNIST_QNN_zz_r1_d6_s44;MNIST_QNN_zz_r1_d6_s45,MNIST_QNN_eff_su2_r1_d2_s43;MNIST_QNN_eff_su2_r1_d2_s45;MNIST_QNN_eff_su2_r5_d2_s43;MNIST_QNN_eff_su2_r5_d2_s44;MNIST_QNN_eff_su2_r5_d2_s45;MNIST_QNN_z_r1_d6_s43;MNIST_QNN_zz_r5_d6_s43;MNIST_QNN_zz_r5_d6_s44
cross_cell_8,8,11,1024,zz_r5_d6,MNIST_QNN_zz_r5_d6_s43;MNIST_QNN_zz_r5_d6_s44;MNIST_QNN_zz_r5_d6_s45,MNIST_QNN_eff_su2_r1_d2_s43;MNIST_QNN_eff_su2_r1_d2_s45;MNIST_QNN_eff_su2_r5_d2_s43;MNIST_QNN_eff_su2_r5_d2_s44;MNIST_QNN_eff_su2_r5_d2_s45;MNIST_QNN_z_r1_d6_s43;MNIST_QNN_zz_r1_d6_s43;MNIST_QNN_zz_r1_d6_s45
cross_cell_8,8,12,1024,eff_su2_r1_d2,MNIST_QNN_eff_su2_r1_d2_s43;MNIST_QNN_eff_su2_r1_d2_s44;MNIST_QNN_eff_su2_r1_d2_s45,MNIST_QNN_eff_su2_r5_d2_s43;MNIST_QNN_eff_su2_r5_d2_s44;MNIST_QNN_z_r1_d6_s43;MNIST_QNN_z_r1_d6_s45;MNIST_QNN_zz_r1_d6_s43;MNIST_QNN_zz_r1_d6_s45;MNIST_QNN_zz_r5_d6_s43;MNIST_QNN_zz_r5_d6_s44
cross_cell_8,8,12,1024,eff_su2_r5_d2,MNIST_QNN_eff_su2_r5_d2_s43;MNIST_QNN_eff_su2_r5_d2_s44;MNIST_QNN_eff_su2_r5_d2_s45,MNIST_QNN_eff_su2_r1_d2_s43;MNIST_QNN_eff_su2_r1_d2_s44;MNIST_QNN_eff_su2_r1_d2_s45;MNIST_QNN_zz_r1_d6_s43;MNIST_QNN_zz_r1_d6_s44;MNIST_QNN_zz_r1_d6_s45;MNIST_QNN_zz_r5_d6_s44;MNIST_QNN_zz_r5_d6_s45
cross_cell_8,8,12,1024,z_r1_d6,MNIST_QNN_z_r1_d6_s43;MNIST_QNN_z_r1_d6_s44;MNIST_QNN_z_r1_d6_s45,MNIST_QNN_eff_su2_r1_d2_s43;MNIST_QNN_eff_su2_r1_d2_s44;MNIST_QNN_eff_su2_r5_d2_s43;MNIST_QNN_eff_su2_r5_d2_s45;MNIST_QNN_zz_r1_d6_s43;MNIST_QNN_zz_r1_d6_s44;MNIST_QNN_zz_r1_d6_s45;MNIST_QNN_zz_r5_d6_s45
cross_cell_8,8,12,1024,zz_r1_d6,MNIST_QNN_zz_r1_d6_s43;MNIST_QNN_zz_r1_d6_s44;MNIST_QNN_zz_r1_d6_s45,MNIST_QNN_eff_su2_r1_d2_s43;MNIST_QNN_eff_su2_r1_d2_s45;MNIST_QNN_eff_su2_r5_d2_s43;MNIST_QNN_eff_su2_r5_d2_s44;MNIST_QNN_eff_su2_r5_d2_s45;MNIST_QNN_z_r1_d6_s43;MNIST_QNN_zz_r5_d6_s43;MNIST_QNN_zz_r5_d6_s45
cross_cell_8,8,12,1024,zz_r5_d6,MNIST_QNN_zz_r5_d6_s43;MNIST_QNN_zz_r5_d6_s44;MNIST_QNN_zz_r5_d6_s45,MNIST_QNN_eff_su2_r1_d2_s43;MNIST_QNN_eff_su2_r1_d2_s45;MNIST_QNN_eff_su2_r5_d2_s43;MNIST_QNN_eff_su2_r5_d2_s44;MNIST_QNN_eff_su2_r5_d2_s45;MNIST_QNN_zz_r1_d6_s43;MNIST_QNN_zz_r1_d6_s44;MNIST_QNN_zz_r1_d6_s45
cross_cell_8,8,13,1024,eff_su2_r1_d2,MNIST_QNN_eff_su2_r1_d2_s43;MNIST_QNN_eff_su2_r1_d2_s44;MNIST_QNN_eff_su2_r1_d2_s45,MNIST_QNN_eff_su2_r5_d2_s43;MNIST_QNN_eff_su2_r5_d2_s44;MNIST_QNN_z_r1_d6_s44;MNIST_QNN_z_r1_d6_s45;MNIST_QNN_zz_r1_d6_s45;MNIST_QNN_zz_r5_d6_s43;MNIST_QNN_zz_r5_d6_s44;MNIST_QNN_zz_r5_d6_s45
cross_cell_8,8,13,1024,eff_su2_r5_d2,MNIST_QNN_eff_su2_r5_d2_s43;MNIST_QNN_eff_su2_r5_d2_s44;MNIST_QNN_eff_su2_r5_d2_s45,MNIST_QNN_eff_su2_r1_d2_s43;MNIST_QNN_eff_su2_r1_d2_s44;MNIST_QNN_z_r1_d6_s43;MNIST_QNN_z_r1_d6_s44;MNIST_QNN_z_r1_d6_s45;MNIST_QNN_zz_r1_d6_s43;MNIST_QNN_zz_r1_d6_s44;MNIST_QNN_zz_r1_d6_s45
cross_cell_8,8,13,1024,z_r1_d6,MNIST_QNN_z_r1_d6_s43;MNIST_QNN_z_r1_d6_s44;MNIST_QNN_z_r1_d6_s45,MNIST_QNN_eff_su2_r1_d2_s43;MNIST_QNN_eff_su2_r1_d2_s44;MNIST_QNN_eff_su2_r5_d2_s43;MNIST_QNN_zz_r1_d6_s43;MNIST_QNN_zz_r1_d6_s45;MNIST_QNN_zz_r5_d6_s43;MNIST_QNN_zz_r5_d6_s44;MNIST_QNN_zz_r5_d6_s45
cross_cell_8,8,13,1024,zz_r1_d6,MNIST_QNN_zz_r1_d6_s43;MNIST_QNN_zz_r1_d6_s44;MNIST_QNN_zz_r1_d6_s45,MNIST_QNN_eff_su2_r1_d2_s43;MNIST_QNN_eff_su2_r1_d2_s45;MNIST_QNN_eff_su2_r5_d2_s43;MNIST_QNN_eff_su2_r5_d2_s44;MNIST_QNN_eff_su2_r5_d2_s45;MNIST_QNN_z_r1_d6_s45;MNIST_QNN_zz_r5_d6_s44;MNIST_QNN_zz_r5_d6_s45
cross_cell_8,8,13,1024,zz_r5_d6,MNIST_QNN_zz_r5_d6_s43;MNIST_QNN_zz_r5_d6_s44;MNIST_QNN_zz_r5_d6_s45,MNIST_QNN_eff_su2_r1_d2_s43;MNIST_QNN_eff_su2_r1_d2_s45;MNIST_QNN_eff_su2_r5_d2_s43;MNIST_QNN_eff_su2_r5_d2_s44;MNIST_QNN_z_r1_d6_s43;MNIST_QNN_z_r1_d6_s45;MNIST_QNN_zz_r1_d6_s43;MNIST_QNN_zz_r1_d6_s44
cross_cell_8,8,14,1024,eff_su2_r1_d2,MNIST_QNN_eff_su2_r1_d2_s43;MNIST_QNN_eff_su2_r1_d2_s44;MNIST_QNN_eff_su2_r1_d2_s45,MNIST_QNN_eff_su2_r5_d2_s43;MNIST_QNN_eff_su2_r5_d2_s44;MNIST_QNN_z_r1_d6_s44;MNIST_QNN_zz_r1_d6_s43;MNIST_QNN_zz_r1_d6_s44;MNIST_QNN_zz_r1_d6_s45;MNIST_QNN_zz_r5_d6_s44;MNIST_QNN_zz_r5_d6_s45
cross_cell_8,8,14,1024,eff_su2_r5_d2,MNIST_QNN_eff_su2_r5_d2_s43;MNIST_QNN_eff_su2_r5_d2_s44;MNIST_QNN_eff_su2_r5_d2_s45,MNIST_QNN_eff_su2_r1_d2_s43;MNIST_QNN_eff_su2_r1_d2_s44;MNIST_QNN_z_r1_d6_s43;MNIST_QNN_z_r1_d6_s44;MNIST_QNN_zz_r1_d6_s43;MNIST_QNN_zz_r5_d6_s43;MNIST_QNN_zz_r5_d6_s44;MNIST_QNN_zz_r5_d6_s45
cross_cell_8,8,14,1024,z_r1_d6,MNIST_QNN_z_r1_d6_s43;MNIST_QNN_z_r1_d6_s44;MNIST_QNN_z_r1_d6_s45,MNIST_QNN_eff_su2_r1_d2_s43;MNIST_QNN_eff_su2_r1_d2_s45;MNIST_QNN_eff_su2_r5_d2_s43;MNIST_QNN_eff_su2_r5_d2_s44;MNIST_QNN_zz_r1_d6_s43;MNIST_QNN_zz_r5_d6_s43;MNIST_QNN_zz_r5_d6_s44;MNIST_QNN_zz_r5_d6_s45
cross_cell_8,8,14,1024,zz_r1_d6,MNIST_QNN_zz_r1_d6_s43;MNIST_QNN_zz_r1_d6_s44;MNIST_QNN_zz_r1_d6_s45,MNIST_QNN_eff_su2_r1_d2_s43;MNIST_QNN_eff_su2_r1_d2_s45;MNIST_QNN_eff_su2_r5_d2_s43;MNIST_QNN_eff_su2_r5_d2_s44;MNIST_QNN_z_r1_d6_s43;MNIST_QNN_z_r1_d6_s44;MNIST_QNN_z_r1_d6_s45;MNIST_QNN_zz_r5_d6_s45
cross_cell_8,8,14,1024,zz_r5_d6,MNIST_QNN_zz_r5_d6_s43;MNIST_QNN_zz_r5_d6_s44;MNIST_QNN_zz_r5_d6_s45,MNIST_QNN_eff_su2_r1_d2_s43;MNIST_QNN_eff_su2_r1_d2_s45;MNIST_QNN_eff_su2_r5_d2_s43;MNIST_QNN_eff_su2_r5_d2_s44;MNIST_QNN_z_r1_d6_s43;MNIST_QNN_z_r1_d6_s45;MNIST_QNN_zz_r1_d6_s43;MNIST_QNN_zz_r1_d6_s45
cross_cell_8,8,15,1024,eff_su2_r1_d2,MNIST_QNN_eff_su2_r1_d2_s43;MNIST_QNN_eff_su2_r1_d2_s44;MNIST_QNN_eff_su2_r1_d2_s45,MNIST_QNN_eff_su2_r5_d2_s43;MNIST_QNN_eff_su2_r5_d2_s44;MNIST_QNN_zz_r1_d6_s43;MNIST_QNN_zz_r1_d6_s44;MNIST_QNN_zz_r1_d6_s45;MNIST_QNN_zz_r5_d6_s43;MNIST_QNN_zz_r5_d6_s44;MNIST_QNN_zz_r5_d6_s45
cross_cell_8,8,15,1024,eff_su2_r5_d2,MNIST_QNN_eff_su2_r5_d2_s43;MNIST_QNN_eff_su2_r5_d2_s44;MNIST_QNN_eff_su2_r5_d2_s45,MNIST_QNN_eff_su2_r1_d2_s43;MNIST_QNN_eff_su2_r1_d2_s44;MNIST_QNN_z_r1_d6_s43;MNIST_QNN_z_r1_d6_s45;MNIST_QNN_zz_r1_d6_s44;MNIST_QNN_zz_r1_d6_s45;MNIST_QNN_zz_r5_d6_s44;MNIST_QNN_zz_r5_d6_s45
cross_cell_8,8,15,1024,z_r1_d6,MNIST_QNN_z_r1_d6_s43;MNIST_QNN_z_r1_d6_s44;MNIST_QNN_z_r1_d6_s45,MNIST_QNN_eff_su2_r1_d2_s43;MNIST_QNN_eff_su2_r1_d2_s45;MNIST_QNN_eff_su2_r5_d2_s43;MNIST_QNN_eff_su2_r5_d2_s44;MNIST_QNN_zz_r1_d6_s44;MNIST_QNN_zz_r1_d6_s45;MNIST_QNN_zz_r5_d6_s43;MNIST_QNN_zz_r5_d6_s45
cross_cell_8,8,15,1024,zz_r1_d6,MNIST_QNN_zz_r1_d6_s43;MNIST_QNN_zz_r1_d6_s44;MNIST_QNN_zz_r1_d6_s45,MNIST_QNN_eff_su2_r1_d2_s43;MNIST_QNN_eff_su2_r1_d2_s45;MNIST_QNN_eff_su2_r5_d2_s43;MNIST_QNN_eff_su2_r5_d2_s44;MNIST_QNN_z_r1_d6_s43;MNIST_QNN_z_r1_d6_s45;MNIST_QNN_zz_r5_d6_s43;MNIST_QNN_zz_r5_d6_s44
cross_cell_8,8,15,1024,zz_r5_d6,MNIST_QNN_zz_r5_d6_s43;MNIST_QNN_zz_r5_d6_s44;MNIST_QNN_zz_r5_d6_s45,MNIST_QNN_eff_su2_r1_d2_s43;MNIST_QNN_eff_su2_r1_d2_s45;MNIST_QNN_eff_su2_r5_d2_s43;MNIST_QNN_eff_su2_r5_d2_s44;MNIST_QNN_z_r1_d6_s44;MNIST_QNN_zz_r1_d6_s43;MNIST_QNN_zz_r1_d6_s44;MNIST_QNN_zz_r1_d6_s45
cross_cell_8,8,16,1024,eff_su2_r1_d2,MNIST_QNN_eff_su2_r1_d2_s43;MNIST_QNN_eff_su2_r1_d2_s44;MNIST_QNN_eff_su2_r1_d2_s45,MNIST_QNN_eff_su2_r5_d2_s43;MNIST_QNN_eff_su2_r5_d2_s45;MNIST_QNN_z_r1_d6_s43;MNIST_QNN_z_r1_d6_s44;MNIST_QNN_zz_r1_d6_s43;MNIST_QNN_zz_r1_d6_s44;MNIST_QNN_zz_r1_d6_s45;MNIST_QNN_zz_r5_d6_s44
cross_cell_8,8,16,1024,eff_su2_r5_d2,MNIST_QNN_eff_su2_r5_d2_s43;MNIST_QNN_eff_su2_r5_d2_s44;MNIST_QNN_eff_su2_r5_d2_s45,MNIST_QNN_eff_su2_r1_d2_s43;MNIST_QNN_eff_su2_r1_d2_s44;MNIST_QNN_z_r1_d6_s44;MNIST_QNN_z_r1_d6_s45;MNIST_QNN_zz_r1_d6_s43;MNIST_QNN_zz_r1_d6_s44;MNIST_QNN_zz_r5_d6_s43;MNIST_QNN_zz_r5_d6_s45
cross_cell_8,8,16,1024,z_r1_d6,MNIST_QNN_z_r1_d6_s43;MNIST_QNN_z_r1_d6_s44;MNIST_QNN_z_r1_d6_s45,MNIST_QNN_eff_su2_r1_d2_s43;MNIST_QNN_eff_su2_r1_d2_s45;MNIST_QNN_eff_su2_r5_d2_s43;MNIST_QNN_eff_su2_r5_d2_s44;MNIST_QNN_zz_r1_d6_s45;MNIST_QNN_zz_r5_d6_s43;MNIST_QNN_zz_r5_d6_s44;MNIST_QNN_zz_r5_d6_s45
cross_cell_8,8,16,1024,zz_r1_d6,MNIST_QNN_zz_r1_d6_s43;MNIST_QNN_zz_r1_d6_s44;MNIST_QNN_zz_r1_d6_s45,MNIST_QNN_eff_su2_r1_d2_s43;MNIST_QNN_eff_su2_r1_d2_s45;MNIST_QNN_eff_su2_r5_d2_s43;MNIST_QNN_eff_su2_r5_d2_s44;MNIST_QNN_z_r1_d6_s44;MNIST_QNN_zz_r5_d6_s43;MNIST_QNN_zz_r5_d6_s44;MNIST_QNN_zz_r5_d6_s45
cross_cell_8,8,16,1024,zz_r5_d6,MNIST_QNN_zz_r5_d6_s43;MNIST_QNN_zz_r5_d6_s44;MNIST_QNN_zz_r5_d6_s45,MNIST_QNN_eff_su2_r1_d2_s43;MNIST_QNN_eff_su2_r1_d2_s45;MNIST_QNN_eff_su2_r5_d2_s43;MNIST_QNN_eff_su2_r5_d2_s45;MNIST_QNN_z_r1_d6_s43;MNIST_QNN_z_r1_d6_s44;MNIST_QNN_z_r1_d6_s45;MNIST_QNN_zz_r1_d6_s43
cross_cell_8,8,17,1024,eff_su2_r1_d2,MNIST_QNN_eff_su2_r1_d2_s43;MNIST_QNN_eff_su2_r1_d2_s44;MNIST_QNN_eff_su2_r1_d2_s45,MNIST_QNN_eff_su2_r5_d2_s43;MNIST_QNN_eff_su2_r5_d2_s45;MNIST_QNN_z_r1_d6_s43;MNIST_QNN_z_r1_d6_s44;MNIST_QNN_zz_r1_d6_s43;MNIST_QNN_zz_r1_d6_s44;MNIST_QNN_zz_r5_d6_s43;MNIST_QNN_zz_r5_d6_s45
cross_cell_8,8,17,1024,eff_su2_r5_d2,MNIST_QNN_eff_su2_r5_d2_s43;MNIST_QNN_eff_su2_r5_d2_s44;MNIST_QNN_eff_su2_r5_d2_s45,MNIST_QNN_eff_su2_r1_d2_s43;MNIST_QNN_eff_su2_r1_d2_s45;MNIST_QNN_z_r1_d6_s44;MNIST_QNN_zz_r1_d6_s43;MNIST_QNN_zz_r1_d6_s44;MNIST_QNN_zz_r5_d6_s43;MNIST_QNN_zz_r5_d6_s44;MNIST_QNN_zz_r5_d6_s45
cross_cell_8,8,17,1024,z_r1_d6,MNIST_QNN_z_r1_d6_s43;MNIST_QNN_z_r1_d6_s44;MNIST_QNN_z_r1_d6_s45,MNIST_QNN_eff_su2_r1_d2_s43;MNIST_QNN_eff_su2_r1_d2_s45;MNIST_QNN_eff_su2_r5_d2_s43;MNIST_QNN_eff_su2_r5_d2_s45;MNIST_QNN_zz_r1_d6_s43;MNIST_QNN_zz_r1_d6_s44;MNIST_QNN_zz_r5_d6_s43;MNIST_QNN_zz_r5_d6_s45
cross_cell_8,8,17,1024,zz_r1_d6,MNIST_QNN_zz_r1_d6_s43;MNIST_QNN_zz_r1_d6_s44;MNIST_QNN_zz_r1_d6_s45,MNIST_QNN_eff_su2_r1_d2_s43;MNIST_QNN_eff_su2_r5_d2_s43;MNIST_QNN_eff_su2_r5_d2_s44;MNIST_QNN_eff_su2_r5_d2_s45;MNIST_QNN_z_r1_d6_s43;MNIST_QNN_z_r1_d6_s44;MNIST_QNN_z_r1_d6_s45;MNIST_QNN_zz_r5_d6_s45
cross_cell_8,8,17,1024,zz_r5_d6,MNIST_QNN_zz_r5_d6_s43;MNIST_QNN_zz_r5_d6_s44;MNIST_QNN_zz_r5_d6_s45,MNIST_QNN_eff_su2_r1_d2_s43;MNIST_QNN_eff_su2_r1_d2_s45;MNIST_QNN_eff_su2_r5_d2_s43;MNIST_QNN_eff_su2_r5_d2_s45;MNIST_QNN_z_r1_d6_s45;MNIST_QNN_zz_r1_d6_s43;MNIST_QNN_zz_r1_d6_s44;MNIST_QNN_zz_r1_d6_s45
cross_cell_8,8,18,1024,eff_su2_r1_d2,MNIST_QNN_eff_su2_r1_d2_s43;MNIST_QNN_eff_su2_r1_d2_s44;MNIST_QNN_eff_su2_r1_d2_s45,MNIST_QNN_eff_su2_r5_d2_s43;MNIST_QNN_eff_su2_r5_d2_s45;MNIST_QNN_z_r1_d6_s43;MNIST_QNN_z_r1_d6_s44;MNIST_QNN_zz_r1_d6_s43;MNIST_QNN_zz_r1_d6_s45;MNIST_QNN_zz_r5_d6_s43;MNIST_QNN_zz_r5_d6_s44
cross_cell_8,8,18,1024,eff_su2_r5_d2,MNIST_QNN_eff_su2_r5_d2_s43;MNIST_QNN_eff_su2_r5_d2_s44;MNIST_QNN_eff_su2_r5_d2_s45,MNIST_QNN_eff_su2_r1_d2_s43;MNIST_QNN_z_r1_d6_s43;MNIST_QNN_z_r1_d6_s44;MNIST_QNN_z_r1_d6_s45;MNIST_QNN_zz_r1_d6_s43;MNIST_QNN_zz_r1_d6_s45;MNIST_QNN_zz_r5_d6_s43;MNIST_QNN_zz_r5_d6_s44
cross_cell_8,8,18,1024,z_r1_d6,MNIST_QNN_z_r1_d6_s43;MNIST_QNN_z_r1_d6_s44;MNIST_QNN_z_r1_d6_s45,MNIST_QNN_eff_su2_r1_d2_s43;MNIST_QNN_eff_su2_r1_d2_s45;MNIST_QNN_eff_su2_r5_d2_s43;MNIST_QNN_eff_su2_r5_d2_s45;MNIST_QNN_zz_r1_d6_s43;MNIST_QNN_zz_r1_d6_s45;MNIST_QNN_zz_r5_d6_s43;MNIST_QNN_zz_r5_d6_s44
cross_cell_8,8,18,1024,zz_r1_d6,MNIST_QNN_zz_r1_d6_s43;MNIST_QNN_zz_r1_d6_s44;MNIST_QNN_zz_r1_d6_s45,MNIST_QNN_eff_su2_r1_d2_s43;MNIST_QNN_eff_su2_r5_d2_s43;MNIST_QNN_eff_su2_r5_d2_s44;MNIST_QNN_eff_su2_r5_d2_s45;MNIST_QNN_z_r1_d6_s43;MNIST_QNN_z_r1_d6_s44;MNIST_QNN_zz_r5_d6_s43;MNIST_QNN_zz_r5_d6_s44
cross_cell_8,8,18,1024,zz_r5_d6,MNIST_QNN_zz_r5_d6_s43;MNIST_QNN_zz_r5_d6_s44;MNIST_QNN_zz_r5_d6_s45,MNIST_QNN_eff_su2_r1_d2_s43;MNIST_QNN_eff_su2_r1_d2_s45;MNIST_QNN_eff_su2_r5_d2_s44;MNIST_QNN_z_r1_d6_s43;MNIST_QNN_z_r1_d6_s44;MNIST_QNN_zz_r1_d6_s43;MNIST_QNN_zz_r1_d6_s44;MNIST_QNN_zz_r1_d6_s45
cross_cell_8,8,19,1024,eff_su2_r1_d2,MNIST_QNN_eff_su2_r1_d2_s43;MNIST_QNN_eff_su2_r1_d2_s44;MNIST_QNN_eff_su2_r1_d2_s45,MNIST_QNN_eff_su2_r5_d2_s43;MNIST_QNN_eff_su2_r5_d2_s45;MNIST_QNN_z_r1_d6_s44;MNIST_QNN_z_r1_d6_s45;MNIST_QNN_zz_r1_d6_s43;MNIST_QNN_zz_r1_d6_s44;MNIST_QNN_zz_r5_d6_s44;MNIST_QNN_zz_r5_d6_s45
cross_cell_8,8,19,1024,eff_su2_r5_d2,MNIST_QNN_eff_su2_r5_d2_s43;MNIST_QNN_eff_su2_r5_d2_s44;MNIST_QNN_eff_su2_r5_d2_s45,MNIST_QNN_eff_su2_r1_d2_s43;MNIST_QNN_z_r1_d6_s43;MNIST_QNN_z_r1_d6_s44;MNIST_QNN_z_r1_d6_s45;MNIST_QNN_zz_r1_d6_s43;MNIST_QNN_zz_r5_d6_s43;MNIST_QNN_zz_r5_d6_s44;MNIST_QNN_zz_r5_d6_s45
cross_cell_8,8,19,1024,z_r1_d6,MNIST_QNN_z_r1_d6_s43;MNIST_QNN_z_r1_d6_s44;MNIST_QNN_z_r1_d6_s45,MNIST_QNN_eff_su2_r1_d2_s43;MNIST_QNN_eff_su2_r1_d2_s45;MNIST_QNN_eff_su2_r5_d2_s43;MNIST_QNN_eff_su2_r5_d2_s45;MNIST_QNN_zz_r1_d6_s45;MNIST_QNN_zz_r5_d6_s43;MNIST_QNN_zz_r5_d6_s44;MNIST_QNN_zz_r5_d6_s45
cross_cell_8,8,19,1024,zz_r1_d6,MNIST_QNN_zz_r1_d6_s43;MNIST_QNN_zz_r1_d6_s44;MNIST_QNN_zz_r1_d6_s45,MNIST_QNN_eff_su2_r1_d2_s43;MNIST_QNN_eff_su2_r5_d2_s43;MNIST_QNN_eff_su2_r5_d2_s45;MNIST_QNN_z_r1_d6_s43;MNIST_QNN_z_r1_d6_s44;MNIST_QNN_z_r1_d6_s45;MNIST_QNN_zz_r5_d6_s43;MNIST_QNN_zz_r5_d6_s44
cross_cell_8,8,19,1024,zz_r5_d6,MNIST_QNN_zz_r5_d6_s43;MNIST_QNN_zz_r5_d6_s44;MNIST_QNN_zz_r5_d6_s45,MNIST_QNN_eff_su2_r1_d2_s43;MNIST_QNN_eff_su2_r1_d2_s45;MNIST_QNN_eff_su2_r5_d2_s45;MNIST_QNN_z_r1_d6_s43;MNIST_QNN_z_r1_d6_s44;MNIST_QNN_zz_r1_d6_s43;MNIST_QNN_zz_r1_d6_s44;MNIST_QNN_zz_r1_d6_s45
cross_cell_8,8,20,1024,eff_su2_r1_d2,MNIST_QNN_eff_su2_r1_d2_s43;MNIST_QNN_eff_su2_r1_d2_s44;MNIST_QNN_eff_su2_r1_d2_s45,MNIST_QNN_eff_su2_r5_d2_s43;MNIST_QNN_z_r1_d6_s44;MNIST_QNN_z_r1_d6_s45;MNIST_QNN_zz_r1_d6_s43;MNIST_QNN_zz_r1_d6_s45;MNIST_QNN_zz_r5_d6_s43;MNIST_QNN_zz_r5_d6_s44;MNIST_QNN_zz_r5_d6_s45
cross_cell_8,8,20,1024,eff_su2_r5_d2,MNIST_QNN_eff_su2_r5_d2_s43;MNIST_QNN_eff_su2_r5_d2_s44;MNIST_QNN_eff_su2_r5_d2_s45,MNIST_QNN_eff_su2_r1_d2_s43;MNIST_QNN_z_r1_d6_s44;MNIST_QNN_z_r1_d6_s45;MNIST_QNN_zz_r1_d6_s43;MNIST_QNN_zz_r1_d6_s44;MNIST_QNN_zz_r1_d6_s45;MNIST_QNN_zz_r5_d6_s43;MNIST_QNN_zz_r5_d6_s45
cross_cell_8,8,20,1024,z_r1_d6,MNIST_QNN_z_r1_d6_s43;MNIST_QNN_z_r1_d6_s44;MNIST_QNN_z_r1_d6_s45,MNIST_QNN_eff_su2_r1_d2_s43;MNIST_QNN_eff_su2_r1_d2_s45;MNIST_QNN_eff_su2_r5_d2_s44;MNIST_QNN_eff_su2_r5_d2_s45;MNIST_QNN_zz_r1_d6_s43;MNIST_QNN_zz_r1_d6_s44;MNIST_QNN_zz_r1_d6_s45;MNIST_QNN_zz_r5_d6_s43
cross_cell_8,8,20,1024,zz_r1_d6,MNIST_QNN_zz_r1_d6_s43;MNIST_QNN_zz_r1_d6_s44;MNIST_QNN_zz_r1_d6_s45,MNIST_QNN_eff_su2_r1_d2_s44;MNIST_QNN_eff_su2_r1_d2_s45;MNIST_QNN_eff_su2_r5_d2_s43;MNIST_QNN_eff_su2_r5_d2_s44;MNIST_QNN_eff_su2_r5_d2_s45;MNIST_QNN_z_r1_d6_s44;MNIST_QNN_z_r1_d6_s45;MNIST_QNN_zz_r5_d6_s43
cross_cell_8,8,20,1024,zz_r5_d6,MNIST_QNN_zz_r5_d6_s43;MNIST_QNN_zz_r5_d6_s44;MNIST_QNN_zz_r5_d6_s45,MNIST_QNN_eff_su2_r1_d2_s43;MNIST_QNN_eff_su2_r5_d2_s43;MNIST_QNN_eff_su2_r5_d2_s44;MNIST_QNN_eff_su2_r5_d2_s45;MNIST_QNN_z_r1_d6_s43;MNIST_QNN_z_r1_d6_s44;MNIST_QNN_z_r1_d6_s45;MNIST_QNN_zz_r1_d6_s43
cross_cell_8,8,21,1024,eff_su2_r1_d2,MNIST_QNN_eff_su2_r1_d2_s43;MNIST_QNN_eff_su2_r1_d2_s44;MNIST_QNN_eff_su2_r1_d2_s45,MNIST_QNN_eff_su2_r5_d2_s44;MNIST_QNN_eff_su2_r5_d2_s45;MNIST_QNN_z_r1_d6_s43;MNIST_QNN_z_r1_d6_s44;MNIST_QNN_zz_r1_d6_s43;MNIST_QNN_zz_r1_d6_s44;MNIST_QNN_zz_r1_d6_s45;MNIST_QNN_zz_r5_d6_s45
cross_cell_8,8,21,1024,eff_su2_r5_d2,MNIST_QNN_eff_su2_r5_d2_s43;MNIST_QNN_eff_su2_r5_d2_s44;MNIST_QNN_eff_su2_r5_d2_s45,MNIST_QNN_eff_su2_r1_d2_s44;MNIST_QNN_eff_su2_r1_d2_s45;MNIST_QNN_z_r1_d6_s43;MNIST_QNN_z_r1_d6_s44;MNIST_QNN_z_r1_d6_s45;MNIST_QNN_zz_r1_d6_s43;MNIST_QNN_zz_r1_d6_s44;MNIST_QNN_zz_r5_d6_s43
cross_cell_8,8,21,1024,z_r1_d6,MNIST_QNN_z_r1_d6_s43;MNIST_QNN_z_r1_d6_s44;MNIST_QNN_z_r1_d6_s45,MNIST_QNN_eff_su2_r1_d2_s43;MNIST_QNN_eff_su2_r1_d2_s45;MNIST_QNN_eff_su2_r5_d2_s44;MNIST_QNN_eff_su2_r5_d2_s45;MNIST_QNN_zz_r1_d6_s43;MNIST_QNN_zz_r1_d6_s45;MNIST_QNN_zz_r5_d6_s43;MNIST_QNN_zz_r5_d6_s44
cross_cell_8,8,21,1024,zz_r1_d6,MNIST_QNN_zz_r1_d6_s43;MNIST_QNN_zz_r1_d6_s44;MNIST_QNN_zz_r1_d6_s45,MNIST_QNN_eff_su2_r1_d2_s44;MNIST_QNN_eff_su2_r1_d2_s45;MNIST_QNN_eff_su2_r5_d2_s43;MNIST_QNN_eff_su2_r5_d2_s44;MNIST_QNN_z_r1_d6_s43;MNIST_QNN_z_r1_d6_s44;MNIST_QNN_z_r1_d6_s45;MNIST_QNN_zz_r5_d6_s43
cross_cell_8,8,21,1024,zz_r5_d6,MNIST_QNN_zz_r5_d6_s43;MNIST_QNN_zz_r5_d6_s44;MNIST_QNN_zz_r5_d6_s45,MNIST_QNN_eff_su2_r1_d2_s43;MNIST_QNN_eff_su2_r5_d2_s43;MNIST_QNN_eff_su2_r5_d2_s45;MNIST_QNN_z_r1_d6_s43;MNIST_QNN_z_r1_d6_s44;MNIST_QNN_z_r1_d6_s45;MNIST_QNN_zz_r1_d6_s43;MNIST_QNN_zz_r1_d6_s45
cross_cell_8,8,22,1024,eff_su2_r1_d2,MNIST_QNN_eff_su2_r1_d2_s43;MNIST_QNN_eff_su2_r1_d2_s44;MNIST_QNN_eff_su2_r1_d2_s45,MNIST_QNN_eff_su2_r5_d2_s44;MNIST_QNN_eff_su2_r5_d2_s45;MNIST_QNN_z_r1_d6_s44;MNIST_QNN_z_r1_d6_s45;MNIST_QNN_zz_r1_d6_s45;MNIST_QNN_zz_r5_d6_s43;MNIST_QNN_zz_r5_d6_s44;MNIST_QNN_zz_r5_d6_s45
cross_cell_8,8,22,1024,eff_su2_r5_d2,MNIST_QNN_eff_su2_r5_d2_s43;MNIST_QNN_eff_su2_r5_d2_s44;MNIST_QNN_eff_su2_r5_d2_s45,MNIST_QNN_eff_su2_r1_d2_s44;MNIST_QNN_eff_su2_r1_d2_s45;MNIST_QNN_z_r1_d6_s43;MNIST_QNN_z_r1_d6_s44;MNIST_QNN_z_r1_d6_s45;MNIST_QNN_zz_r1_d6_s43;MNIST_QNN_zz_r1_d6_s45;MNIST_QNN_zz_r5_d6_s44
cross_cell_8,8,22,1024,z_r1_d6,MNIST_QNN_z_r1_d6_s43;MNIST_QNN_z_r1_d6_s44;MNIST_QNN_z_r1_d6_s45,MNIST_QNN_eff_su2_r1_d2_s43;MNIST_QNN_eff_su2_r1_d2_s45;MNIST_QNN_eff_su2_r5_d2_s44;MNIST_QNN_zz_r1_d6_s43;MNIST_QNN_zz_r1_d6_s44;MNIST_QNN_zz_r1_d6_s45;MNIST_QNN_zz_r5_d6_s43;MNIST_QNN_zz_r5_d6_s44
cross_cell_8,8,22,1024,zz_r1_d6,MNIST_QNN_zz_r1_d6_s43;MNIST_QNN_zz_r1_d6_s44;MNIST_QNN_zz_r1_d6_s45,MNIST_QNN_eff_su2_r1_d2_s44;MNIST_QNN_eff_su2_r1_d2_s45;MNIST_QNN_eff_su2_r5_d2_s43;MNIST_QNN_eff_su2_r5_d2_s44;MNIST_QNN_z_r1_d6_s43;MNIST_QNN_z_r1_d6_s44;MNIST_QNN_z_r1_d6_s45;MNIST_QNN_zz_r5_d6_s45
cross_cell_8,8,22,1024,zz_r5_d6,MNIST_QNN_zz_r5_d6_s43;MNIST_QNN_zz_r5_d6_s44;MNIST_QNN_zz_r5_d6_s45,MNIST_QNN_eff_su2_r1_d2_s44;MNIST_QNN_eff_su2_r1_d2_s45;MNIST_QNN_eff_su2_r5_d2_s43;MNIST_QNN_eff_su2_r5_d2_s44;MNIST_QNN_eff_su2_r5_d2_s45;MNIST_QNN_z_r1_d6_s44;MNIST_QNN_zz_r1_d6_s43;MNIST_QNN_zz_r1_d6_s44
cross_cell_8,8,23,1024,eff_su2_r1_d2,MNIST_QNN_eff_su2_r1_d2_s43;MNIST_QNN_eff_su2_r1_d2_s44;MNIST_QNN_eff_su2_r1_d2_s45,MNIST_QNN_eff_su2_r5_d2_s44;MNIST_QNN_eff_su2_r5_d2_s45;MNIST_QNN_z_r1_d6_s45;MNIST_QNN_zz_r1_d6_s43;MNIST_QNN_zz_r1_d6_s45;MNIST_QNN_zz_r5_d6_s43;MNIST_QNN_zz_r5_d6_s44;MNIST_QNN_zz_r5_d6_s45
cross_cell_8,8,23,1024,eff_su2_r5_d2,MNIST_QNN_eff_su2_r5_d2_s43;MNIST_QNN_eff_su2_r5_d2_s44;MNIST_QNN_eff_su2_r5_d2_s45,MNIST_QNN_eff_su2_r1_d2_s44;MNIST_QNN_eff_su2_r1_d2_s45;MNIST_QNN_z_r1_d6_s43;MNIST_QNN_z_r1_d6_s44;MNIST_QNN_z_r1_d6_s45;MNIST_QNN_zz_r1_d6_s44;MNIST_QNN_zz_r1_d6_s45;MNIST_QNN_zz_r5_d6_s45
cross_cell_8,8,23,1024,z_r1_d6,MNIST_QNN_z_r1_d6_s43;MNIST_QNN_z_r1_d6_s44;MNIST_QNN_z_r1_d6_s45,MNIST_QNN_eff_su2_r1_d2_s43;MNIST_QNN_eff_su2_r1_d2_s45;MNIST_QNN_eff_su2_r5_d2_s44;MNIST_QNN_zz_r1_d6_s43;MNIST_QNN_zz_r1_d6_s44;MNIST_QNN_zz_r1_d6_s45;MNIST_QNN_zz_r5_d6_s43;MNIST_QNN_zz_r5_d6_s45
cross_cell_8,8,23,1024,zz_r1_d6,MNIST_QNN_zz_r1_d6_s43;MNIST_QNN_zz_r1_d6_s44;MNIST_QNN_zz_r1_d6_s45,MNIST_QNN_eff_su2_r1_d2_s44;MNIST_QNN_eff_su2_r1_d2_s45;MNIST_QNN_eff_su2_r5_d2_s43;MNIST_QNN_eff_su2_r5_d2_s44;MNIST_QNN_z_r1_d6_s43;MNIST_QNN_z_r1_d6_s45;MNIST_QNN_zz_r5_d6_s43;MNIST_QNN_zz_r5_d6_s45
cross_cell_8,8,23,1024,zz_r5_d6,MNIST_QNN_zz_r5_d6_s43;MNIST_QNN_zz_r5_d6_s44;MNIST_QNN_zz_r5_d6_s45,MNIST_QNN_eff_su2_r1_d2_s44;MNIST_QNN_eff_su2_r1_d2_s45;MNIST_QNN_eff_su2_r5_d2_s43;MNIST_QNN_eff_su2_r5_d2_s44;MNIST_QNN_eff_su2_r5_d2_s45;MNIST_QNN_z_r1_d6_s44;MNIST_QNN_zz_r1_d6_s44;MNIST_QNN_zz_r1_d6_s45
cross_cell_8,8,24,1024,eff_su2_r1_d2,MNIST_QNN_eff_su2_r1_d2_s43;MNIST_QNN_eff_su2_r1_d2_s44;MNIST_QNN_eff_su2_r1_d2_s45,MNIST_QNN_eff_su2_r5_d2_s44;MNIST_QNN_z_r1_d6_s43;MNIST_QNN_z_r1_d6_s44;MNIST_QNN_z_r1_d6_s45;MNIST_QNN_zz_r1_d6_s43;MNIST_QNN_zz_r1_d6_s45;MNIST_QNN_zz_r5_d6_s43;MNIST_QNN_zz_r5_d6_s45
cross_cell_8,8,24,1024,eff_su2_r5_d2,MNIST_QNN_eff_su2_r5_d2_s43;MNIST_QNN_eff_su2_r5_d2_s44;MNIST_QNN_eff_su2_r5_d2_s45,MNIST_QNN_eff_su2_r1_d2_s44;MNIST_QNN_eff_su2_r1_d2_s45;MNIST_QNN_z_r1_d6_s44;MNIST_QNN_zz_r1_d6_s43;MNIST_QNN_zz_r1_d6_s44;MNIST_QNN_zz_r5_d6_s43;MNIST_QNN_zz_r5_d6_s44;MNIST_QNN_zz_r5_d6_s45
cross_cell_8,8,24,1024,z_r1_d6,MNIST_QNN_z_r1_d6_s43;MNIST_QNN_z_r1_d6_s44;MNIST_QNN_z_r1_d6_s45,MNIST_QNN_eff_su2_r1_d2_s44;MNIST_QNN_eff_su2_r1_d2_s45;MNIST_QNN_eff_su2_r5_d2_s43;MNIST_QNN_eff_su2_r5_d2_s44;MNIST_QNN_eff_su2_r5_d2_s45;MNIST_QNN_zz_r1_d6_s43;MNIST_QNN_zz_r1_d6_s44;MNIST_QNN_zz_r5_d6_s43
cross_cell_8,8,24,1024,zz_r1_d6,MNIST_QNN_zz_r1_d6_s43;MNIST_QNN_zz_r1_d6_s44;MNIST_QNN_zz_r1_d6_s45,MNIST_QNN_eff_su2_r1_d2_s44;MNIST_QNN_eff_su2_r1_d2_s45;MNIST_QNN_eff_su2_r5_d2_s43;MNIST_QNN_eff_su2_r5_d2_s45;MNIST_QNN_z_r1_d6_s43;MNIST_QNN_zz_r5_d6_s43;MNIST_QNN_zz_r5_d6_s44;MNIST_QNN_zz_r5_d6_s45
cross_cell_8,8,24,1024,zz_r5_d6,MNIST_QNN_zz_r5_d6_s43;MNIST_QNN_zz_r5_d6_s44;MNIST_QNN_zz_r5_d6_s45,MNIST_QNN_eff_su2_r1_d2_s44;MNIST_QNN_eff_su2_r1_d2_s45;MNIST_QNN_eff_su2_r5_d2_s44;MNIST_QNN_eff_su2_r5_d2_s45;MNIST_QNN_z_r1_d6_s43;MNIST_QNN_z_r1_d6_s44;MNIST_QNN_zz_r1_d6_s43;MNIST_QNN_zz_r1_d6_s44
cross_cell_8,8,25,1024,eff_su2_r1_d2,MNIST_QNN_eff_su2_r1_d2_s43;MNIST_QNN_eff_su2_r1_d2_s44;MNIST_QNN_eff_su2_r1_d2_s45,MNIST_QNN_eff_su2_r5_d2_s44;MNIST_QNN_z_r1_d6_s44;MNIST_QNN_z_r1_d6_s45;MNIST_QNN_zz_r1_d6_s43;MNIST_QNN_zz_r1_d6_s44;MNIST_QNN_zz_r5_d6_s43;MNIST_QNN_zz_r5_d6_s44;MNIST_QNN_zz_r5_d6_s45
cross_cell_8,8,25,1024,eff_su2_r5_d2,MNIST_QNN_eff_su2_r5_d2_s43;MNIST_QNN_eff_su2_r5_d2_s44;MNIST_QNN_eff_su2_r5_d2_s45,MNIST_QNN_eff_su2_r1_d2_s44;MNIST_QNN_eff_su2_r1_d2_s45;MNIST_QNN_zz_r1_d6_s43;MNIST_QNN_zz_r1_d6_s44;MNIST_QNN_zz_r1_d6_s45;MNIST_QNN_zz_r5_d6_s43;MNIST_QNN_zz_r5_d6_s44;MNIST_QNN_zz_r5_d6_s45
cross_cell_8,8,25,1024,z_r1_d6,MNIST_QNN_z_r1_d6_s43;MNIST_QNN_z_r1_d6_s44;MNIST_QNN_z_r1_d6_s45,MNIST_QNN_eff_su2_r1_d2_s44;MNIST_QNN_eff_su2_r1_d2_s45;MNIST_QNN_eff_su2_r5_d2_s43;MNIST_QNN_eff_su2_r5_d2_s44;MNIST_QNN_eff_su2_r5_d2_s45;MNIST_QNN_zz_r1_d6_s43;MNIST_QNN_zz_r5_d6_s43;MNIST_QNN_zz_r5_d6_s44
cross_cell_8,8,25,1024,zz_r1_d6,MNIST_QNN_zz_r1_d6_s43;MNIST_QNN_zz_r1_d6_s44;MNIST_QNN_zz_r1_d6_s45,MNIST_QNN_eff_su2_r1_d2_s44;MNIST_QNN_eff_su2_r5_d2_s43;MNIST_QNN_eff_su2_r5_d2_s44;MNIST_QNN_eff_su2_r5_d2_s45;MNIST_QNN_z_r1_d6_s43;MNIST_QNN_z_r1_d6_s44;MNIST_QNN_zz_r5_d6_s43;MNIST_QNN_zz_r5_d6_s45
cross_cell_8,8,25,1024,zz_r5_d6,MNIST_QNN_zz_r5_d6_s43;MNIST_QNN_zz_r5_d6_s44;MNIST_QNN_zz_r5_d6_s45,MNIST_QNN_eff_su2_r1_d2_s44;MNIST_QNN_eff_su2_r5_d2_s43;MNIST_QNN_eff_su2_r5_d2_s45;MNIST_QNN_z_r1_d6_s43;MNIST_QNN_z_r1_d6_s44;MNIST_QNN_z_r1_d6_s45;MNIST_QNN_zz_r1_d6_s43;MNIST_QNN_zz_r1_d6_s45
cross_cell_8,8,26,1024,eff_su2_r1_d2,MNIST_QNN_eff_su2_r1_d2_s43;MNIST_QNN_eff_su2_r1_d2_s44;MNIST_QNN_eff_su2_r1_d2_s45,MNIST_QNN_eff_su2_r5_d2_s45;MNIST_QNN_z_r1_d6_s43;MNIST_QNN_z_r1_d6_s44;MNIST_QNN_z_r1_d6_s45;MNIST_QNN_zz_r1_d6_s43;MNIST_QNN_zz_r1_d6_s44;MNIST_QNN_zz_r5_d6_s44;MNIST_QNN_zz_r5_d6_s45
cross_cell_8,8,26,1024,eff_su2_r5_d2,MNIST_QNN_eff_su2_r5_d2_s43;MNIST_QNN_eff_su2_r5_d2_s44;MNIST_QNN_eff_su2_r5_d2_s45,MNIST_QNN_eff_su2_r1_d2_s44;MNIST_QNN_z_r1_d6_s43;MNIST_QNN_z_r1_d6_s44;MNIST_QNN_z_r1_d6_s45;MNIST_QNN_zz_r1_d6_s43;MNIST_QNN_zz_r1_d6_s44;MNIST_QNN_zz_r5_d6_s43;MNIST_QNN_zz_r5_d6_s44
cross_cell_8,8,26,1024,z_r1_d6,MNIST_QNN_z_r1_d6_s43;MNIST_QNN_z_r1_d6_s44;MNIST_QNN_z_r1_d6_s45,MNIST_QNN_eff_su2_r1_d2_s44;MNIST_QNN_eff_su2_r1_d2_s45;MNIST_QNN_eff_su2_r5_d2_s43;MNIST_QNN_eff_su2_r5_d2_s44;MNIST_QNN_eff_su2_r5_d2_s45;MNIST_QNN_zz_r1_d6_s44;MNIST_QNN_zz_r1_d6_s45;MNIST_QNN_zz_r5_d6_s45
cross_cell_8,8,26,1024,zz_r1_d6,MNIST_QNN_zz_r1_d6_s43;MNIST_QNN_zz_r1_d6_s44;MNIST_QNN_zz_r1_d6_s45,MNIST_QNN_eff_su2_r1_d2_s44;MNIST_QNN_eff_su2_r5_d2_s43;MNIST_QNN_eff_su2_r5_d2_s44;MNIST_QNN_eff_su2_r5_d2_s45;MNIST_QNN_z_r1_d6_s43;MNIST_QNN_z_r1_d6_s44;MNIST_QNN_zz_r5_d6_s44;MNIST_QNN_zz_r5_d6_s45
cross_cell_8,8,26,1024,zz_r5_d6,MNIST_QNN_zz_r5_d6_s43;MNIST_QNN_zz_r5_d6_s44;MNIST_QNN_zz_r5_d6_s45,MNIST_QNN_eff_su2_r1_d2_s44;MNIST_QNN_eff_su2_r5_d2_s43;MNIST_QNN_eff_su2_r5_d2_s45;MNIST_QNN_z_r1_d6_s43;MNIST_QNN_z_r1_d6_s45;MNIST_QNN_zz_r1_d6_s43;MNIST_QNN_zz_r1_d6_s44;MNIST_QNN_zz_r1_d6_s45
cross_cell_8,8,27,1024,eff_su2_r1_d2,MNIST_QNN_eff_su2_r1_d2_s43;MNIST_QNN_eff_su2_r1_d2_s44;MNIST_QNN_eff_su2_r1_d2_s45,MNIST_QNN_eff_su2_r5_d2_s45;MNIST_QNN_z_r1_d6_s43;MNIST_QNN_z_r1_d6_s44;MNIST_QNN_z_r1_d6_s45;MNIST_QNN_zz_r1_d6_s44;MNIST_QNN_zz_r5_d6_s43;MNIST_QNN_zz_r5_d6_s44;MNIST_QNN_zz_r5_d6_s45
cross_cell_8,8,27,1024,eff_su2_r5_d2,MNIST_QNN_eff_su2_r5_d2_s43;MNIST_QNN_eff_su2_r5_d2_s44;MNIST_QNN_eff_su2_r5_d2_s45,MNIST_QNN_eff_su2_r1_d2_s44;MNIST_QNN_z_r1_d6_s45;MNIST_QNN_zz_r1_d6_s43;MNIST_QNN_zz_r1_d6_s44;MNIST_QNN_zz_r1_d6_s45;MNIST_QNN_zz_r5_d6_s43;MNIST_QNN_zz_r5_d6_s44;MNIST_QNN_zz_r5_d6_s45
cross_cell_8,8,27,1024,z_r1_d6,MNIST_QNN_z_r1_d6_s43;MNIST_QNN_z_r1_d6_s44;MNIST_QNN_z_r1_d6_s45,MNIST_QNN_eff_su2_r1_d2_s44;MNIST_QNN_eff_su2_r1_d2_s45;MNIST_QNN_eff_su2_r5_d2_s43;MNIST_QNN_eff_su2_r5_d2_s44;MNIST_QNN_zz_r1_d6_s43;MNIST_QNN_zz_r1_d6_s44;MNIST_QNN_zz_r1_d6_s45;MNIST_QNN_zz_r5_d6_s45
cross_cell_8,8,27,1024,zz_r1_d6,MNIST_QNN_zz_r1_d6_s43;MNIST_QNN_zz_r1_d6_s44;MNIST_QNN_zz_r1_d6_s45,MNIST_QNN_eff_su2_r1_d2_s44;MNIST_QNN_eff_su2_r5_d2_s43;MNIST_QNN_eff_su2_r5_d2_s44;MNIST_QNN_eff_su2_r5_d2_s45;MNIST_QNN_z_r1_d6_s43;MNIST_QNN_z_r1_d6_s45;MNIST_QNN_zz_r5_d6_s43;MNIST_QNN_zz_r5_d6_s45
cross_cell_8,8,27,1024,zz_r5_d6,MNIST_QNN_zz_r5_d6_s43;MNIST_QNN_zz_r5_d6_s44;MNIST_QNN_zz_r5_d6_s45,MNIST_QNN_eff_su2_r1_d2_s45;MNIST_QNN_eff_su2_r5_d2_s43;MNIST_QNN_eff_su2_r5_d2_s44;MNIST_QNN_eff_su2_r5_d2_s45;MNIST_QNN_z_r1_d6_s43;MNIST_QNN_z_r1_d6_s45;MNIST_QNN_zz_r1_d6_s44;MNIST_QNN_zz_r1_d6_s45
cross_cell_8,8,28,1024,eff_su2_r1_d2,MNIST_QNN_eff_su2_r1_d2_s43;MNIST_QNN_eff_su2_r1_d2_s44;MNIST_QNN_eff_su2_r1_d2_s45,MNIST_QNN_eff_su2_r5_d2_s45;MNIST_QNN_z_r1_d6_s43;MNIST_QNN_z_r1_d6_s44;MNIST_QNN_zz_r1_d6_s43;MNIST_QNN_zz_r1_d6_s44;MNIST_QNN_zz_r1_d6_s45;MNIST_QNN_zz_r5_d6_s44;MNIST_QNN_zz_r5_d6_s45
cross_cell_8,8,28,1024,eff_su2_r5_d2,MNIST_QNN_eff_su2_r5_d2_s43;MNIST_QNN_eff_su2_r5_d2_s44;MNIST_QNN_eff_su2_r5_d2_s45,MNIST_QNN_eff_su2_r1_d2_s45;MNIST_QNN_z_r1_d6_s43;MNIST_QNN_z_r1_d6_s44;MNIST_QNN_z_r1_d6_s45;MNIST_QNN_zz_r1_d6_s43;MNIST_QNN_zz_r1_d6_s44;MNIST_QNN_zz_r5_d6_s43;MNIST_QNN_zz_r5_d6_s45
cross_cell_8,8,28,1024,z_r1_d6,MNIST_QNN_z_r1_d6_s43;MNIST_QNN_z_r1_d6_s44;MNIST_QNN_z_r1_d6_s45,MNIST_QNN_eff_su2_r1_d2_s44;MNIST_QNN_eff_su2_r1_d2_s45;MNIST_QNN_eff_su2_r5_d2_s43;MNIST_QNN_eff_su2_r5_d2_s44;MNIST_QNN_zz_r1_d6_s45;MNIST_QNN_zz_r5_d6_s43;MNIST_QNN_zz_r5_d6_s44;MNIST_QNN_zz_r5_d6_s45
cross_cell_8,8,28,1024,zz_r1_d6,MNIST_QNN_zz_r1_d6_s43;MNIST_QNN_zz_r1_d6_s44;MNIST_QNN_zz_r1_d6_s45,MNIST_QNN_eff_su2_r1_d2_s44;MNIST_QNN_eff_su2_r5_d2_s44;MNIST_QNN_eff_su2_r5_d2_s45;MNIST_QNN_z_r1_d6_s43;MNIST_QNN_z_r1_d6_s44;MNIST_QNN_z_r1_d6_s45;MNIST_QNN_zz_r5_d6_s43;MNIST_QNN_zz_r5_d6_s45
cross_cell_8,8,28,1024,zz_r5_d6,MNIST_QNN_zz_r5_d6_s43;MNIST_QNN_zz_r5_d6_s44;MNIST_QNN_zz_r5_d6_s45,MNIST_QNN_eff_su2_r1_d2_s45;MNIST_QNN_eff_su2_r5_d2_s43;MNIST_QNN_eff_su2_r5_d2_s44;MNIST_QNN_eff_su2_r5_d2_s45;MNIST_QNN_z_r1_d6_s44;MNIST_QNN_z_r1_d6_s45;MNIST_QNN_zz_r1_d6_s44;MNIST_QNN_zz_r1_d6_s45
cross_cell_8,8,29,1024,eff_su2_r1_d2,MNIST_QNN_eff_su2_r1_d2_s43;MNIST_QNN_eff_su2_r1_d2_s44;MNIST_QNN_eff_su2_r1_d2_s45,MNIST_QNN_eff_su2_r5_d2_s45;MNIST_QNN_z_r1_d6_s43;MNIST_QNN_z_r1_d6_s45;MNIST_QNN_zz_r1_d6_s43;MNIST_QNN_zz_r1_d6_s44;MNIST_QNN_zz_r1_d6_s45;MNIST_QNN_zz_r5_d6_s43;MNIST_QNN_zz_r5_d6_s45
cross_cell_8,8,29,1024,eff_su2_r5_d2,MNIST_QNN_eff_su2_r5_d2_s43;MNIST_QNN_eff_su2_r5_d2_s44;MNIST_QNN_eff_su2_r5_d2_s45,MNIST_QNN_eff_su2_r1_d2_s45;MNIST_QNN_z_r1_d6_s43;MNIST_QNN_z_r1_d6_s44;MNIST_QNN_z_r1_d6_s45;MNIST_QNN_zz_r1_d6_s43;MNIST_QNN_zz_r1_d6_s45;MNIST_QNN_zz_r5_d6_s43;MNIST_QNN_zz_r5_d6_s44
cross_cell_8,8,29,1024,z_r1_d6,MNIST_QNN_z_r1_d6_s43;MNIST_QNN_z_r1_d6_s44;MNIST_QNN_z_r1_d6_s45,MNIST_QNN_eff_su2_r1_d2_s44;MNIST_QNN_eff_su2_r5_d2_s43;MNIST_QNN_eff_su2_r5_d2_s45;MNIST_QNN_zz_r1_d6_s43;MNIST_QNN_zz_r1_d6_s44;MNIST_QNN_zz_r5_d6_s43;MNIST_QNN_zz_r5_d6_s44;MNIST_QNN_zz_r5_d6_s45
cross_cell_8,8,29,1024,zz_r1_d6,MNIST_QNN_zz_r1_d6_s43;MNIST_QNN_zz_r1_d6_s44;MNIST_QNN_zz_r1_d6_s45,MNIST_QNN_eff_su2_r1_d2_s45;MNIST_QNN_eff_su2_r5_d2_s43;MNIST_QNN_eff_su2_r5_d2_s44;MNIST_QNN_eff_su2_r5_d2_s45;MNIST_QNN_z_r1_d6_s44;MNIST_QNN_zz_r5_d6_s43;MNIST_QNN_zz_r5_d6_s44;MNIST_QNN_zz_r5_d6_s45
cross_cell_8,8,29,1024,zz_r5_d6,MNIST_QNN_zz_r5_d6_s43;MNIST_QNN_zz_r5_d6_s44;MNIST_QNN_zz_r5_d6_s45,MNIST_QNN_eff_su2_r1_d2_s45;MNIST_QNN_eff_su2_r5_d2_s43;MNIST_QNN_eff_su2_r5_d2_s45;MNIST_QNN_z_r1_d6_s43;MNIST_QNN_z_r1_d6_s44;MNIST_QNN_zz_r1_d6_s43;MNIST_QNN_zz_r1_d6_s44;MNIST_QNN_zz_r1_d6_s45
cross_cell_8,8,30,1024,eff_su2_r1_d2,MNIST_QNN_eff_su2_r1_d2_s43;MNIST_QNN_eff_su2_r1_d2_s44;MNIST_QNN_eff_su2_r1_d2_s45,MNIST_QNN_eff_su2_r5_d2_s45;MNIST_QNN_z_r1_d6_s44;MNIST_QNN_z_r1_d6_s45;MNIST_QNN_zz_r1_d6_s43;MNIST_QNN_zz_r1_d6_s44;MNIST_QNN_zz_r1_d6_s45;MNIST_QNN_zz_r5_d6_s43;MNIST_QNN_zz_r5_d6_s44
cross_cell_8,8,30,1024,eff_su2_r5_d2,MNIST_QNN_eff_su2_r5_d2_s43;MNIST_QNN_eff_su2_r5_d2_s44;MNIST_QNN_eff_su2_r5_d2_s45,MNIST_QNN_eff_su2_r1_d2_s45;MNIST_QNN_z_r1_d6_s43;MNIST_QNN_z_r1_d6_s44;MNIST_QNN_zz_r1_d6_s43;MNIST_QNN_zz_r1_d6_s44;MNIST_QNN_zz_r5_d6_s43;MNIST_QNN_zz_r5_d6_s44;MNIST_QNN_zz_r5_d6_s45
cross_cell_8,8,30,1024,z_r1_d6,MNIST_QNN_z_r1_d6_s43;MNIST_QNN_z_r1_d6_s44;MNIST_QNN_z_r1_d6_s45,MNIST_QNN_eff_su2_r1_d2_s44;MNIST_QNN_eff_su2_r5_d2_s44;MNIST_QNN_eff_su2_r5_d2_s45;MNIST_QNN_zz_r1_d6_s43;MNIST_QNN_zz_r1_d6_s44;MNIST_QNN_zz_r1_d6_s45;MNIST_QNN_zz_r5_d6_s43;MNIST_QNN_zz_r5_d6_s44
cross_cell_8,8,30,1024,zz_r1_d6,MNIST_QNN_zz_r1_d6_s43;MNIST_QNN_zz_r1_d6_s44;MNIST_QNN_zz_r1_d6_s45,MNIST_QNN_eff_su2_r1_d2_s45;MNIST_QNN_eff_su2_r5_d2_s43;MNIST_QNN_z_r1_d6_s43;MNIST_QNN_z_r1_d6_s44;MNIST_QNN_z_r1_d6_s45;MNIST_QNN_zz_r5_d6_s43;MNIST_QNN_zz_r5_d6_s44;MNIST_QNN_zz_r5_d6_s45
cross_cell_8,8,30,1024,zz_r5_d6,MNIST_QNN_zz_r5_d6_s43;MNIST_QNN_zz_r5_d6_s44;MNIST_QNN_zz_r5_d6_s45,MNIST_QNN_eff_su2_r1_d2_s45;MNIST_QNN_eff_su2_r5_d2_s44;MNIST_QNN_eff_su2_r5_d2_s45;MNIST_QNN_z_r1_d6_s43;MNIST_QNN_z_r1_d6_s44;MNIST_QNN_zz_r1_d6_s43;MNIST_QNN_zz_r1_d6_s44;MNIST_QNN_zz_r1_d6_s45
cross_cell_8,8,31,1024,eff_su2_r1_d2,MNIST_QNN_eff_su2_r1_d2_s43;MNIST_QNN_eff_su2_r1_d2_s44;MNIST_QNN_eff_su2_r1_d2_s45,MNIST_QNN_z_r1_d6_s43;MNIST_QNN_z_r1_d6_s44;MNIST_QNN_z_r1_d6_s45;MNIST_QNN_zz_r1_d6_s43;MNIST_QNN_zz_r1_d6_s44;MNIST_QNN_zz_r1_d6_s45;MNIST_QNN_zz_r5_d6_s43;MNIST_QNN_zz_r5_d6_s44
cross_cell_8,8,31,1024,eff_su2_r5_d2,MNIST_QNN_eff_su2_r5_d2_s43;MNIST_QNN_eff_su2_r5_d2_s44;MNIST_QNN_eff_su2_r5_d2_s45,MNIST_QNN_eff_su2_r1_d2_s45;MNIST_QNN_z_r1_d6_s43;MNIST_QNN_z_r1_d6_s45;MNIST_QNN_zz_r1_d6_s43;MNIST_QNN_zz_r1_d6_s44;MNIST_QNN_zz_r1_d6_s45;MNIST_QNN_zz_r5_d6_s43;MNIST_QNN_zz_r5_d6_s44
cross_cell_8,8,31,1024,z_r1_d6,MNIST_QNN_z_r1_d6_s43;MNIST_QNN_z_r1_d6_s44;MNIST_QNN_z_r1_d6_s45,MNIST_QNN_eff_su2_r1_d2_s45;MNIST_QNN_eff_su2_r5_d2_s43;MNIST_QNN_eff_su2_r5_d2_s44;MNIST_QNN_eff_su2_r5_d2_s45;MNIST_QNN_zz_r1_d6_s43;MNIST_QNN_zz_r1_d6_s44;MNIST_QNN_zz_r5_d6_s44;MNIST_QNN_zz_r5_d6_s45
cross_cell_8,8,31,1024,zz_r1_d6,MNIST_QNN_zz_r1_d6_s43;MNIST_QNN_zz_r1_d6_s44;MNIST_QNN_zz_r1_d6_s45,MNIST_QNN_eff_su2_r1_d2_s45;MNIST_QNN_eff_su2_r5_d2_s45;MNIST_QNN_z_r1_d6_s43;MNIST_QNN_z_r1_d6_s44;MNIST_QNN_z_r1_d6_s45;MNIST_QNN_zz_r5_d6_s43;MNIST_QNN_zz_r5_d6_s44;MNIST_QNN_zz_r5_d6_s45
cross_cell_8,8,31,1024,zz_r5_d6,MNIST_QNN_zz_r5_d6_s43;MNIST_QNN_zz_r5_d6_s44;MNIST_QNN_zz_r5_d6_s45,MNIST_QNN_eff_su2_r5_d2_s43;MNIST_QNN_eff_su2_r5_d2_s44;MNIST_QNN_eff_su2_r5_d2_s45;MNIST_QNN_z_r1_d6_s44;MNIST_QNN_z_r1_d6_s45;MNIST_QNN_zz_r1_d6_s43;MNIST_QNN_zz_r1_d6_s44;MNIST_QNN_zz_r1_d6_s45
cross_cell_12,12,0,1024,eff_su2_r1_d2,MNIST_QNN_eff_su2_r1_d2_s43;MNIST_QNN_eff_su2_r1_d2_s44;MNIST_QNN_eff_su2_r1_d2_s45,MNIST_QNN_eff_su2_r5_d2_s43;MNIST_QNN_eff_su2_r5_d2_s44;MNIST_QNN_eff_su2_r5_d2_s45;MNIST_QNN_z_r1_d6_s43;MNIST_QNN_z_r1_d6_s44;MNIST_QNN_z_r1_d6_s45;MNIST_QNN_zz_r1_d6_s43;MNIST_QNN_zz_r1_d6_s44;MNIST_QNN_zz_r1_d6_s45;MNIST_QNN_zz_r5_d6_s43;MNIST_QNN_zz_r5_d6_s44;MNIST_QNN_zz_r5_d6_s45
cross_cell_12,12,0,1024,eff_su2_r5_d2,MNIST_QNN_eff_su2_r5_d2_s43;MNIST_QNN_eff_su2_r5_d2_s44;MNIST_QNN_eff_su2_r5_d2_s45,MNIST_QNN_eff_su2_r1_d2_s43;MNIST_QNN_eff_su2_r1_d2_s44;MNIST_QNN_eff_su2_r1_d2_s45;MNIST_QNN_z_r1_d6_s43;MNIST_QNN_z_r1_d6_s44;MNIST_QNN_z_r1_d6_s45;MNIST_QNN_zz_r1_d6_s43;MNIST_QNN_zz_r1_d6_s44;MNIST_QNN_zz_r1_d6_s45;MNIST_QNN_zz_r5_d6_s43;MNIST_QNN_zz_r5_d6_s44;MNIST_QNN_zz_r5_d6_s45
cross_cell_12,12,0,1024,z_r1_d6,MNIST_QNN_z_r1_d6_s43;MNIST_QNN_z_r1_d6_s44;MNIST_QNN_z_r1_d6_s45,MNIST_QNN_eff_su2_r1_d2_s43;MNIST_QNN_eff_su2_r1_d2_s44;MNIST_QNN_eff_su2_r1_d2_s45;MNIST_QNN_eff_su2_r5_d2_s43;MNIST_QNN_eff_su2_r5_d2_s44;MNIST_QNN_eff_su2_r5_d2_s45;MNIST_QNN_zz_r1_d6_s43;MNIST_QNN_zz_r1_d6_s44;MNIST_QNN_zz_r1_d6_s45;MNIST_QNN_zz_r5_d6_s43;MNIST_QNN_zz_r5_d6_s44;MNIST_QNN_zz_r5_d6_s45
cross_cell_12,12,0,1024,zz_r1_d6,MNIST_QNN_zz_r1_d6_s43;MNIST_QNN_zz_r1_d6_s44;MNIST_QNN_zz_r1_d6_s45,MNIST_QNN_eff_su2_r1_d2_s43;MNIST_QNN_eff_su2_r1_d2_s44;MNIST_QNN_eff_su2_r1_d2_s45;MNIST_QNN_eff_su2_r5_d2_s43;MNIST_QNN_eff_su2_r5_d2_s44;MNIST_QNN_eff_su2_r5_d2_s45;MNIST_QNN_z_r1_d6_s43;MNIST_QNN_z_r1_d6_s44;MNIST_QNN_z_r1_d6_s45;MNIST_QNN_zz_r5_d6_s43;MNIST_QNN_zz_r5_d6_s44;MNIST_QNN_zz_r5_d6_s45
cross_cell_12,12,0,1024,zz_r5_d6,MNIST_QNN_zz_r5_d6_s43;MNIST_QNN_zz_r5_d6_s44;MNIST_QNN_zz_r5_d6_s45,MNIST_QNN_eff_su2_r1_d2_s43;MNIST_QNN_eff_su2_r1_d2_s44;MNIST_QNN_eff_su2_r1_d2_s45;MNIST_QNN_eff_su2_r5_d2_s43;MNIST_QNN_eff_su2_r5_d2_s44;MNIST_QNN_eff_su2_r5_d2_s45;MNIST_QNN_z_r1_d6_s43;MNIST_QNN_z_r1_d6_s44;MNIST_QNN_z_r1_d6_s45;MNIST_QNN_zz_r1_d6_s43;MNIST_QNN_zz_r1_d6_s44;MNIST_QNN_zz_r1_d6_s45
