scope,scope_id,scheme,mode,shots,simulator_seed,attack,reference_count,n_member,n_nonmember,auc,advantage,tpr_at_0_1pct_fpr,attained_fpr_at_0_1pct_fpr,tpr_at_1pct_fpr,attained_fpr_at_1pct_fpr,tpr_at_5pct_fpr,attained_fpr_at_5pct_fpr
cell,eff_su2_r5_d2,leave_target_out,noisy_shot,128,0,loss_mia,0,3000,3000,0.5362902222222222,0.05466666666666664,0.005666666666666667,0.001,0.019,0.01,0.06433333333333334,0.05
target,MNIST_QNN_eff_su2_r5_d2_p7_s143,leave_target_out,noisy_shot,128,0,loss_mia,0,1000,1000,0.5439769999999999,0.08399999999999996,0.006,0.001,0.014,0.009,0.07,0.048
target,MNIST_QNN_eff_su2_r5_d2_p7_s144,leave_target_out,noisy_shot,128,0,loss_mia,0,1000,1000,0.5296449999999999,0.061000000000000054,0.012,0.001,0.021,0.009,0.069,0.05
target,MNIST_QNN_eff_su2_r5_d2_p7_s145,leave_target_out,noisy_shot,128,0,loss_mia,0,1000,1000,0.534776,0.05800000000000005,0.006,0.001,0.018,0.009,0.055,0.05
cell,eff_su2_r5_d2,leave_target_out,noisy_shot,128,1,loss_mia,0,3000,3000,0.5222813333333334,0.05233333333333334,0.003,0.0003333333333333333,0.009333333333333334,0.01,0.047,0.05
target,MNIST_QNN_eff_su2_r5_d2_p7_s143,leave_target_out,noisy_shot,128,1,loss_mia,0,1000,1000,0.517678,0.03899999999999998,0.002,0.0,0.007,0.01,0.048,0.05
target,MNIST_QNN_eff_su2_r5_d2_p7_s144,leave_target_out,noisy_shot,128,1,loss_mia,0,1000,1000,0.532097,0.08799999999999997,0.002,0.001,0.008,0.007,0.045,0.048
target,MNIST_QNN_eff_su2_r5_d2_p7_s145,leave_target_out,noisy_shot,128,1,loss_mia,0,1000,1000,0.51798,0.04800000000000004,0.007,0.001,0.017,0.01,0.051,0.05
cell,eff_su2_r5_d2,leave_target_out,noisy_shot,128,2,loss_mia,0,3000,3000,0.5430371111111111,0.06933333333333336,0.002,0.0006666666666666666,0.017333333333333333,0.009666666666666667,0.074,0.05
target,MNIST_QNN_eff_su2_r5_d2_p7_s143,leave_target_out,noisy_shot,128,2,loss_mia,0,1000,1000,0.54972,0.08299999999999996,0.002,0.001,0.014,0.009,0.072,0.049
target,MNIST_QNN_eff_su2_r5_d2_p7_s144,leave_target_out,noisy_shot,128,2,loss_mia,0,1000,1000,0.55083,0.08400000000000002,0.0,0.0,0.023,0.009,0.074,0.05
target,MNIST_QNN_eff_su2_r5_d2_p7_s145,leave_target_out,noisy_shot,128,2,loss_mia,0,1000,1000,0.529498,0.062000000000000055,0.006,0.001,0.019,0.007,0.076,0.05
cell,eff_su2_r5_d2,leave_target_out,noisy_shot,128,3,loss_mia,0,3000,3000,0.5250697777777777,0.04800000000000004,0.0023333333333333335,0.001,0.013,0.01,0.059666666666666666,0.04933333333333333
target,MNIST_QNN_eff_su2_r5_d2_p7_s143,leave_target_out,noisy_shot,128,3,loss_mia,0,1000,1000,0.538208,0.066,0.001,0.0,0.013,0.01,0.061,0.05
target,MNIST_QNN_eff_su2_r5_d2_p7_s144,leave_target_out,noisy_shot,128,3,loss_mia,0,1000,1000,0.523341,0.056999999999999995,0.0,0.0,0.022,0.01,0.066,0.05
target,MNIST_QNN_eff_su2_r5_d2_p7_s145,leave_target_out,noisy_shot,128,3,loss_mia,0,1000,1000,0.514055,0.04999999999999993,0.005,0.001,0.011,0.01,0.054,0.05
cell,eff_su2_r5_d2,leave_target_out,noisy_shot,128,4,loss_mia,0,3000,3000,0.5234145555555556,0.04300000000000004,0.0016666666666666668,0.001,0.013,0.01,0.058333333333333334,0.05
target,MNIST_QNN_eff_su2_r5_d2_p7_s143,leave_target_out,noisy_shot,128,4,loss_mia,0,1000,1000,0.532523,0.05499999999999999,0.002,0.0,0.018,0.01,0.052,0.048
target,MNIST_QNN_eff_su2_r5_d2_p7_s144,leave_target_out,noisy_shot,128,4,loss_mia,0,1000,1000,0.5202039999999999,0.04899999999999993,0.005,0.001,0.012,0.01,0.067,0.05
target,MNIST_QNN_eff_su2_r5_d2_p7_s145,leave_target_out,noisy_shot,128,4,loss_mia,0,1000,1000,0.517502,0.04600000000000004,0.002,0.0,0.015,0.008,0.044,0.049
cell,eff_su2_r5_d2,leave_target_out,noisy_shot,128,5,loss_mia,0,3000,3000,0.5335463333333333,0.06633333333333336,0.002,0.001,0.014,0.009666666666666667,0.058666666666666666,0.05
target,MNIST_QNN_eff_su2_r5_d2_p7_s143,leave_target_out,noisy_shot,128,5,loss_mia,0,1000,1000,0.53567,0.07699999999999996,0.0,0.0,0.012,0.004,0.052,0.047
target,MNIST_QNN_eff_su2_r5_d2_p7_s144,leave_target_out,noisy_shot,128,5,loss_mia,0,1000,1000,0.529605,0.067,0.007,0.001,0.015,0.01,0.058,0.05
target,MNIST_QNN_eff_su2_r5_d2_p7_s145,leave_target_out,noisy_shot,128,5,loss_mia,0,1000,1000,0.5345899999999999,0.069,0.006,0.001,0.02,0.01,0.068,0.049
cell,eff_su2_r5_d2,leave_target_out,noisy_shot,128,6,loss_mia,0,3000,3000,0.5268641111111112,0.04666666666666669,0.0033333333333333335,0.001,0.019,0.01,0.066,0.049666666666666665
target,MNIST_QNN_eff_su2_r5_d2_p7_s143,leave_target_out,noisy_shot,128,6,loss_mia,0,1000,1000,0.521741,0.06,0.004,0.001,0.022,0.01,0.062,0.05
target,MNIST_QNN_eff_su2_r5_d2_p7_s144,leave_target_out,noisy_shot,128,6,loss_mia,0,1000,1000,0.522894,0.04200000000000004,0.001,0.0,0.022,0.01,0.066,0.05
target,MNIST_QNN_eff_su2_r5_d2_p7_s145,leave_target_out,noisy_shot,128,6,loss_mia,0,1000,1000,0.535972,0.07100000000000001,0.007,0.001,0.014,0.01,0.071,0.05
cell,eff_su2_r5_d2,leave_target_out,noisy_shot,128,7,loss_mia,0,3000,3000,0.527345,0.05166666666666675,0.0013333333333333333,0.001,0.017,0.009333333333333334,0.059666666666666666,0.05
target,MNIST_QNN_eff_su2_r5_d2_p7_s143,leave_target_out,noisy_shot,128,7,loss_mia,0,1000,1000,0.517117,0.04800000000000004,0.001,0.001,0.021,0.01,0.06,0.049
target,MNIST_QNN_eff_su2_r5_d2_p7_s144,leave_target_out,noisy_shot,128,7,loss_mia,0,1000,1000,0.5296500000000001,0.05799999999999994,0.001,0.0,0.018,0.009,0.058,0.05
target,MNIST_QNN_eff_su2_r5_d2_p7_s145,leave_target_out,noisy_shot,128,7,loss_mia,0,1000,1000,0.5355110000000001,0.06599999999999995,0.003,0.001,0.013,0.01,0.063,0.045
cell,eff_su2_r5_d2,leave_target_out,noisy_shot,128,8,loss_mia,0,3000,3000,0.5275854444444444,0.04966666666666675,0.0006666666666666666,0.0006666666666666666,0.02,0.009333333333333334,0.072,0.05
target,MNIST_QNN_eff_su2_r5_d2_p7_s143,leave_target_out,noisy_shot,128,8,loss_mia,0,1000,1000,0.51599,0.04600000000000004,0.006,0.001,0.03,0.01,0.081,0.048
target,MNIST_QNN_eff_su2_r5_d2_p7_s144,leave_target_out,noisy_shot,128,8,loss_mia,0,1000,1000,0.533223,0.06899999999999995,0.0,0.0,0.016,0.01,0.057,0.049
target,MNIST_QNN_eff_su2_r5_d2_p7_s145,leave_target_out,noisy_shot,128,8,loss_mia,0,1000,1000,0.5332520000000001,0.05899999999999994,0.006,0.001,0.025,0.01,0.071,0.049
cell,eff_su2_r5_d2,leave_target_out,noisy_shot,128,9,loss_mia,0,3000,3000,0.5344915555555555,0.06299999999999994,0.0036666666666666666,0.0006666666666666666,0.012666666666666666,0.009333333333333334,0.050666666666666665,0.05
target,MNIST_QNN_eff_su2_r5_d2_p7_s143,leave_target_out,noisy_shot,128,9,loss_mia,0,1000,1000,0.533663,0.07400000000000007,0.003,0.001,0.016,0.008,0.062,0.05
target,MNIST_QNN_eff_su2_r5_d2_p7_s144,leave_target_out,noisy_shot,128,9,loss_mia,0,1000,1000,0.541111,0.08399999999999996,0.005,0.001,0.011,0.008,0.054,0.05
target,MNIST_QNN_eff_su2_r5_d2_p7_s145,leave_target_out,noisy_shot,128,9,loss_mia,0,1000,1000,0.528814,0.07099999999999995,0.007,0.001,0.017,0.007,0.049,0.05
cell,eff_su2_r5_d2,leave_target_out,noisy_shot,128,0,latent_lira_mismatched,16,3000,3000,0.494049,0.014000000000000012,0.0033333333333333335,0.0006666666666666666,0.011,0.009666666666666667,0.04133333333333333,0.048
target,MNIST_QNN_eff_su2_r5_d2_p7_s143,leave_target_out,noisy_shot,128,0,latent_lira_mismatched,16,1000,1000,0.492992,0.02400000000000002,0.003,0.001,0.011,0.006,0.05,0.049
target,MNIST_QNN_eff_su2_r5_d2_p7_s144,leave_target_out,noisy_shot,128,0,latent_lira_mismatched,16,1000,1000,0.49403100000000005,0.01100000000000001,0.006,0.001,0.013,0.009,0.031,0.05
target,MNIST_QNN_eff_su2_r5_d2_p7_s145,leave_target_out,noisy_shot,128,0,latent_lira_mismatched,16,1000,1000,0.49553499999999995,0.020000000000000018,0.003,0.001,0.011,0.01,0.044,0.049
cell,eff_su2_r5_d2,leave_target_out,noisy_shot,128,1,latent_lira_mismatched,16,3000,3000,0.488471,0.010666666666666713,0.0013333333333333333,0.0003333333333333333,0.008,0.008666666666666666,0.046,0.05
target,MNIST_QNN_eff_su2_r5_d2_p7_s143,leave_target_out,noisy_shot,128,1,latent_lira_mismatched,16,1000,1000,0.4776640000000001,0.01200000000000001,0.003,0.001,0.015,0.01,0.048,0.048
target,MNIST_QNN_eff_su2_r5_d2_p7_s144,leave_target_out,noisy_shot,128,1,latent_lira_mismatched,16,1000,1000,0.491143,0.020000000000000018,0.001,0.0,0.006,0.01,0.042,0.045
target,MNIST_QNN_eff_su2_r5_d2_p7_s145,leave_target_out,noisy_shot,128,1,latent_lira_mismatched,16,1000,1000,0.495789,0.012999999999999984,0.0,0.0,0.007,0.01,0.045,0.046
cell,eff_su2_r5_d2,leave_target_out,noisy_shot,128,2,latent_lira_mismatched,16,3000,3000,0.49899055555555555,0.01633333333333331,0.0016666666666666668,0.0006666666666666666,0.007333333333333333,0.01,0.04,0.05
target,MNIST_QNN_eff_su2_r5_d2_p7_s143,leave_target_out,noisy_shot,128,2,latent_lira_mismatched,16,1000,1000,0.5122340000000001,0.04800000000000004,0.001,0.001,0.009,0.01,0.048,0.048
target,MNIST_QNN_eff_su2_r5_d2_p7_s144,leave_target_out,noisy_shot,128,2,latent_lira_mismatched,16,1000,1000,0.495724,0.03600000000000003,0.0,0.0,0.015,0.01,0.041,0.048
target,MNIST_QNN_eff_su2_r5_d2_p7_s145,leave_target_out,noisy_shot,128,2,latent_lira_mismatched,16,1000,1000,0.488143,0.006000000000000005,0.004,0.0,0.008,0.009,0.031,0.049
cell,eff_su2_r5_d2,leave_target_out,noisy_shot,128,3,latent_lira_mismatched,16,3000,3000,0.494791,0.011000000000000003,0.002,0.001,0.015333333333333332,0.009333333333333334,0.05633333333333333,0.048666666666666664
target,MNIST_QNN_eff_su2_r5_d2_p7_s143,leave_target_out,noisy_shot,128,3,latent_lira_mismatched,16,1000,1000,0.509512,0.03200000000000003,0.004,0.001,0.01,0.01,0.058,0.049
target,MNIST_QNN_eff_su2_r5_d2_p7_s144,leave_target_out,noisy_shot,128,3,latent_lira_mismatched,16,1000,1000,0.493101,0.019000000000000017,0.002,0.0,0.012,0.01,0.048,0.048
target,MNIST_QNN_eff_su2_r5_d2_p7_s145,leave_target_out,noisy_shot,128,3,latent_lira_mismatched,16,1000,1000,0.48212900000000003,0.022999999999999996,0.009,0.0,0.024,0.007,0.063,0.048
cell,eff_su2_r5_d2,leave_target_out,noisy_shot,128,4,latent_lira_mismatched,16,3000,3000,0.5043457777777778,0.030333333333333323,0.0006666666666666666,0.0,0.01,0.009333333333333334,0.051666666666666666,0.04933333333333333
target,MNIST_QNN_eff_su2_r5_d2_p7_s143,leave_target_out,noisy_shot,128,4,latent_lira_mismatched,16,1000,1000,0.49079799999999996,0.03299999999999992,0.002,0.001,0.007,0.009,0.048,0.05
target,MNIST_QNN_eff_su2_r5_d2_p7_s144,leave_target_out,noisy_shot,128,4,latent_lira_mismatched,16,1000,1000,0.511207,0.04899999999999993,0.0,0.0,0.014,0.009,0.052,0.05
target,MNIST_QNN_eff_su2_r5_d2_p7_s145,leave_target_out,noisy_shot,128,4,latent_lira_mismatched,16,1000,1000,0.511479,0.041000000000000036,0.001,0.0,0.012,0.01,0.057,0.048
cell,eff_su2_r5_d2,leave_target_out,noisy_shot,128,5,latent_lira_mismatched,16,3000,3000,0.49901033333333333,0.018333333333333313,0.0003333333333333333,0.0,0.006666666666666667,0.009666666666666667,0.041,0.04933333333333333
target,MNIST_QNN_eff_su2_r5_d2_p7_s143,leave_target_out,noisy_shot,128,5,latent_lira_mismatched,16,1000,1000,0.49801000000000006,0.016000000000000014,0.0,0.0,0.006,0.009,0.041,0.047
target,MNIST_QNN_eff_su2_r5_d2_p7_s144,leave_target_out,noisy_shot,128,5,latent_lira_mismatched,16,1000,1000,0.501124,0.039000000000000035,0.004,0.001,0.011,0.01,0.043,0.049
target,MNIST_QNN_eff_su2_r5_d2_p7_s145,leave_target_out,noisy_shot,128,5,latent_lira_mismatched,16,1000,1000,0.49809400000000004,0.02200000000000002,0.0,0.0,0.007,0.009,0.045,0.05
cell,eff_su2_r5_d2,leave_target_out,noisy_shot,128,6,latent_lira_mismatched,16,3000,3000,0.509069,0.03866666666666668,0.0013333333333333333,0.0003333333333333333,0.010666666666666666,0.01,0.05566666666666667,0.05
target,MNIST_QNN_eff_su2_r5_d2_p7_s143,leave_target_out,noisy_shot,128,6,latent_lira_mismatched,16,1000,1000,0.508911,0.04199999999999998,0.006,0.001,0.012,0.008,0.063,0.048
target,MNIST_QNN_eff_su2_r5_d2_p7_s144,leave_target_out,noisy_shot,128,6,latent_lira_mismatched,16,1000,1000,0.5014879999999999,0.029000000000000026,0.001,0.001,0.004,0.01,0.057,0.05
target,MNIST_QNN_eff_su2_r5_d2_p7_s145,leave_target_out,noisy_shot,128,6,latent_lira_mismatched,16,1000,1000,0.516715,0.04899999999999999,0.002,0.0,0.011,0.008,0.048,0.05
cell,eff_su2_r5_d2,leave_target_out,noisy_shot,128,7,latent_lira_mismatched,16,3000,3000,0.4952554444444444,0.011666666666666603,0.0013333333333333333,0.0006666666666666666,0.007666666666666666,0.01,0.04733333333333333,0.05
target,MNIST_QNN_eff_su2_r5_d2_p7_s143,leave_target_out,noisy_shot,128,7,latent_lira_mismatched,16,1000,1000,0.508288,0.03400000000000003,0.003,0.001,0.012,0.01,0.048,0.048
target,MNIST_QNN_eff_su2_r5_d2_p7_s144,leave_target_out,noisy_shot,128,7,latent_lira_mismatched,16,1000,1000,0.482096,0.017999999999999905,0.002,0.001,0.007,0.01,0.05,0.05
target,MNIST_QNN_eff_su2_r5_d2_p7_s145,leave_target_out,noisy_shot,128,7,latent_lira_mismatched,16,1000,1000,0.4948290000000001,0.019000000000000017,0.001,0.001,0.006,0.008,0.048,0.049
cell,eff_su2_r5_d2,leave_target_out,noisy_shot,128,8,latent_lira_mismatched,16,3000,3000,0.5032931111111112,0.018000000000000016,0.0016666666666666668,0.0006666666666666666,0.009666666666666667,0.01,0.05266666666666667,0.05
target,MNIST_QNN_eff_su2_r5_d2_p7_s143,leave_target_out,noisy_shot,128,8,latent_lira_mismatched,16,1000,1000,0.502395,0.01899999999999996,0.001,0.0,0.009,0.009,0.049,0.043
target,MNIST_QNN_eff_su2_r5_d2_p7_s144,leave_target_out,noisy_shot,128,8,latent_lira_mismatched,16,1000,1000,0.49950500000000003,0.025000000000000022,0.003,0.001,0.012,0.01,0.046,0.049
target,MNIST_QNN_eff_su2_r5_d2_p7_s145,leave_target_out,noisy_shot,128,8,latent_lira_mismatched,16,1000,1000,0.508046,0.039000000000000035,0.002,0.0,0.01,0.01,0.062,0.05
cell,eff_su2_r5_d2,leave_target_out,noisy_shot,128,9,latent_lira_mismatched,16,3000,3000,0.4979796666666666,0.014000000000000012,0.0013333333333333333,0.001,0.007666666666666666,0.01,0.03833333333333333,0.05
target,MNIST_QNN_eff_su2_r5_d2_p7_s143,leave_target_out,noisy_shot,128,9,latent_lira_mismatched,16,1000,1000,0.49652799999999997,0.019000000000000017,0.003,0.0,0.01,0.01,0.037,0.05
target,MNIST_QNN_eff_su2_r5_d2_p7_s144,leave_target_out,noisy_shot,128,9,latent_lira_mismatched,16,1000,1000,0.506564,0.03600000000000003,0.0,0.0,0.002,0.008,0.029,0.049
target,MNIST_QNN_eff_su2_r5_d2_p7_s145,leave_target_out,noisy_shot,128,9,latent_lira_mismatched,16,1000,1000,0.490986,0.015000000000000013,0.002,0.001,0.019,0.01,0.058,0.049
cell,eff_su2_r5_d2,leave_target_out,noisy_shot,128,0,deconvolved_lira,16,3000,3000,0.4851183333333333,0.006333333333333413,0.003,0.0006666666666666666,0.009333333333333334,0.009333333333333334,0.041666666666666664,0.04933333333333333
target,MNIST_QNN_eff_su2_r5_d2_p7_s143,leave_target_out,noisy_shot,128,0,deconvolved_lira,16,1000,1000,0.48849600000000004,0.008000000000000007,0.002,0.001,0.012,0.01,0.041,0.05
target,MNIST_QNN_eff_su2_r5_d2_p7_s144,leave_target_out,noisy_shot,128,0,deconvolved_lira,16,1000,1000,0.48491399999999996,0.01100000000000001,0.006,0.001,0.008,0.009,0.041,0.05
target,MNIST_QNN_eff_su2_r5_d2_p7_s145,leave_target_out,noisy_shot,128,0,deconvolved_lira,16,1000,1000,0.48187900000000006,0.014000000000000012,0.003,0.001,0.013,0.01,0.043,0.047
cell,eff_su2_r5_d2,leave_target_out,noisy_shot,128,1,deconvolved_lira,16,3000,3000,0.48810944444444443,0.009333333333333305,0.001,0.0006666666666666666,0.006666666666666667,0.01,0.04533333333333334,0.049666666666666665
target,MNIST_QNN_eff_su2_r5_d2_p7_s143,leave_target_out,noisy_shot,128,1,deconvolved_lira,16,1000,1000,0.478995,0.009000000000000008,0.002,0.001,0.014,0.009,0.044,0.049
target,MNIST_QNN_eff_su2_r5_d2_p7_s144,leave_target_out,noisy_shot,128,1,deconvolved_lira,16,1000,1000,0.489715,0.02399999999999991,0.001,0.001,0.006,0.01,0.042,0.05
target,MNIST_QNN_eff_su2_r5_d2_p7_s145,leave_target_out,noisy_shot,128,1,deconvolved_lira,16,1000,1000,0.495556,0.015000000000000013,0.0,0.0,0.005,0.01,0.05,0.05
cell,eff_su2_r5_d2,leave_target_out,noisy_shot,128,2,deconvolved_lira,16,3000,3000,0.48946688888888884,0.010000000000000009,0.001,0.001,0.006666666666666667,0.009333333333333334,0.04733333333333333,0.049666666666666665
target,MNIST_QNN_eff_su2_r5_d2_p7_s143,leave_target_out,noisy_shot,128,2,deconvolved_lira,16,1000,1000,0.504313,0.03300000000000003,0.001,0.001,0.011,0.01,0.041,0.049
target,MNIST_QNN_eff_su2_r5_d2_p7_s144,leave_target_out,noisy_shot,128,2,deconvolved_lira,16,1000,1000,0.491248,0.027999999999999914,0.001,0.001,0.006,0.008,0.049,0.049
target,MNIST_QNN_eff_su2_r5_d2_p7_s145,leave_target_out,noisy_shot,128,2,deconvolved_lira,16,1000,1000,0.47209,0.01100000000000001,0.003,0.001,0.008,0.007,0.051,0.048
cell,eff_su2_r5_d2,leave_target_out,noisy_shot,128,3,deconvolved_lira,16,3000,3000,0.4879292222222222,0.008333333333333331,0.0006666666666666666,0.0006666666666666666,0.012666666666666666,0.01,0.058,0.05
target,MNIST_QNN_eff_su2_r5_d2_p7_s143,leave_target_out,noisy_shot,128,3,deconvolved_lira,16,1000,1000,0.49948899999999996,0.029000000000000026,0.004,0.001,0.01,0.008,0.061,0.049
target,MNIST_QNN_eff_su2_r5_d2_p7_s144,leave_target_out,noisy_shot,128,3,deconvolved_lira,16,1000,1000,0.49231400000000003,0.008000000000000007,0.0,0.0,0.011,0.01,0.052,0.046
target,MNIST_QNN_eff_su2_r5_d2_p7_s145,leave_target_out,noisy_shot,128,3,deconvolved_lira,16,1000,1000,0.472202,0.013000000000000001,0.003,0.001,0.021,0.009,0.057,0.049
cell,eff_su2_r5_d2,leave_target_out,noisy_shot,128,4,deconvolved_lira,16,3000,3000,0.49840266666666666,0.013333333333333308,0.0006666666666666666,0.0003333333333333333,0.008333333333333333,0.01,0.046,0.05
target,MNIST_QNN_eff_su2_r5_d2_p7_s143,leave_target_out,noisy_shot,128,4,deconvolved_lira,16,1000,1000,0.49142500000000006,0.010000000000000009,0.001,0.0,0.006,0.007,0.04,0.049
target,MNIST_QNN_eff_su2_r5_d2_p7_s144,leave_target_out,noisy_shot,128,4,deconvolved_lira,16,1000,1000,0.50299,0.03300000000000003,0.0,0.0,0.008,0.008,0.049,0.047
target,MNIST_QNN_eff_su2_r5_d2_p7_s145,leave_target_out,noisy_shot,128,4,deconvolved_lira,16,1000,1000,0.500988,0.02300000000000002,0.001,0.001,0.007,0.009,0.047,0.05
cell,eff_su2_r5_d2,leave_target_out,noisy_shot,128,5,deconvolved_lira,16,3000,3000,0.4953764444444444,0.009666666666666712,0.0003333333333333333,0.0003333333333333333,0.006666666666666667,0.01,0.043666666666666666,0.048666666666666664
target,MNIST_QNN_eff_su2_r5_d2_p7_s143,leave_target_out,noisy_shot,128,5,deconvolved_lira,16,1000,1000,0.49999099999999996,0.019999999999999907,0.0,0.0,0.006,0.007,0.043,0.05
target,MNIST_QNN_eff_su2_r5_d2_p7_s144,leave_target_out,noisy_shot,128,5,deconvolved_lira,16,1000,1000,0.504261,0.04399999999999993,0.001,0.0,0.009,0.009,0.041,0.05
target,MNIST_QNN_eff_su2_r5_d2_p7_s145,leave_target_out,noisy_shot,128,5,deconvolved_lira,16,1000,1000,0.482509,0.005999999999999998,0.0,0.0,0.011,0.01,0.048,0.048
cell,eff_su2_r5_d2,leave_target_out,noisy_shot,128,6,deconvolved_lira,16,3000,3000,0.5022697777777778,0.014000000000000012,0.0013333333333333333,0.001,0.007333333333333333,0.01,0.05533333333333333,0.05
target,MNIST_QNN_eff_su2_r5_d2_p7_s143,leave_target_out,noisy_shot,128,6,deconvolved_lira,16,1000,1000,0.50305,0.023999999999999994,0.003,0.0,0.018,0.01,0.065,0.049
target,MNIST_QNN_eff_su2_r5_d2_p7_s144,leave_target_out,noisy_shot,128,6,deconvolved_lira,16,1000,1000,0.500499,0.018000000000000016,0.0,0.0,0.003,0.008,0.052,0.048
target,MNIST_QNN_eff_su2_r5_d2_p7_s145,leave_target_out,noisy_shot,128,6,deconvolved_lira,16,1000,1000,0.5036080000000001,0.029000000000000026,0.001,0.001,0.007,0.007,0.055,0.05
cell,eff_su2_r5_d2,leave_target_out,noisy_shot,128,7,deconvolved_lira,16,3000,3000,0.4921289999999999,0.006333333333333302,0.0016666666666666668,0.001,0.007,0.01,0.04533333333333334,0.05
target,MNIST_QNN_eff_su2_r5_d2_p7_s143,leave_target_out,noisy_shot,128,7,deconvolved_lira,16,1000,1000,0.5148969999999999,0.05300000000000005,0.005,0.001,0.012,0.01,0.041,0.046
target,MNIST_QNN_eff_su2_r5_d2_p7_s144,leave_target_out,noisy_shot,128,7,deconvolved_lira,16,1000,1000,0.47621100000000005,0.018000000000000016,0.001,0.0,0.012,0.009,0.046,0.046
target,MNIST_QNN_eff_su2_r5_d2_p7_s145,leave_target_out,noisy_shot,128,7,deconvolved_lira,16,1000,1000,0.48396700000000004,0.0040000000000000036,0.0,0.0,0.004,0.01,0.044,0.049
cell,eff_su2_r5_d2,leave_target_out,noisy_shot,128,8,deconvolved_lira,16,3000,3000,0.5095267777777778,0.029333333333333322,0.0023333333333333335,0.001,0.010333333333333333,0.01,0.05,0.05
target,MNIST_QNN_eff_su2_r5_d2_p7_s143,leave_target_out,noisy_shot,128,8,deconvolved_lira,16,1000,1000,0.5077969999999999,0.04700000000000004,0.001,0.0,0.017,0.009,0.05,0.049
target,MNIST_QNN_eff_su2_r5_d2_p7_s144,leave_target_out,noisy_shot,128,8,deconvolved_lira,16,1000,1000,0.509333,0.04300000000000004,0.003,0.0,0.008,0.01,0.038,0.05
target,MNIST_QNN_eff_su2_r5_d2_p7_s145,leave_target_out,noisy_shot,128,8,deconvolved_lira,16,1000,1000,0.511471,0.034999999999999976,0.001,0.0,0.009,0.009,0.069,0.05
cell,eff_su2_r5_d2,leave_target_out,noisy_shot,128,9,deconvolved_lira,16,3000,3000,0.4874934444444444,0.009333333333333416,0.0006666666666666666,0.0006666666666666666,0.007333333333333333,0.01,0.041,0.05
target,MNIST_QNN_eff_su2_r5_d2_p7_s143,leave_target_out,noisy_shot,128,9,deconvolved_lira,16,1000,1000,0.483135,0.01100000000000001,0.001,0.0,0.011,0.009,0.039,0.047
target,MNIST_QNN_eff_su2_r5_d2_p7_s144,leave_target_out,noisy_shot,128,9,deconvolved_lira,16,1000,1000,0.490374,0.014000000000000012,0.0,0.0,0.002,0.007,0.03,0.047
target,MNIST_QNN_eff_su2_r5_d2_p7_s145,leave_target_out,noisy_shot,128,9,deconvolved_lira,16,1000,1000,0.488911,0.01200000000000001,0.003,0.001,0.01,0.01,0.052,0.05
cell,eff_su2_r5_d2,leave_target_out,noisy_shot,128,0,affine_channel_lira,16,3000,3000,0.48752011111111115,0.005666666666666709,0.0,0.0,0.011,0.01,0.043333333333333335,0.04933333333333333
target,MNIST_QNN_eff_su2_r5_d2_p7_s143,leave_target_out,noisy_shot,128,0,affine_channel_lira,16,1000,1000,0.49998,0.020000000000000018,0.0,0.0,0.009,0.009,0.053,0.046
target,MNIST_QNN_eff_su2_r5_d2_p7_s144,leave_target_out,noisy_shot,128,0,affine_channel_lira,16,1000,1000,0.483044,0.014000000000000012,0.0,0.0,0.009,0.01,0.035,0.05
target,MNIST_QNN_eff_su2_r5_d2_p7_s145,leave_target_out,noisy_shot,128,0,affine_channel_lira,16,1000,1000,0.47954100000000005,0.016000000000000014,0.0,0.0,0.017,0.01,0.04,0.05
cell,eff_su2_r5_d2,leave_target_out,noisy_shot,128,1,affine_channel_lira,16,3000,3000,0.48516588888888884,0.006000000000000005,0.0016666666666666668,0.001,0.01,0.01,0.04133333333333333,0.049666666666666665
target,MNIST_QNN_eff_su2_r5_d2_p7_s143,leave_target_out,noisy_shot,128,1,affine_channel_lira,16,1000,1000,0.470438,0.013000000000000012,0.004,0.001,0.008,0.007,0.04,0.044
target,MNIST_QNN_eff_su2_r5_d2_p7_s144,leave_target_out,noisy_shot,128,1,affine_channel_lira,16,1000,1000,0.49011,0.018999999999999906,0.002,0.001,0.006,0.009,0.044,0.05
target,MNIST_QNN_eff_su2_r5_d2_p7_s145,leave_target_out,noisy_shot,128,1,affine_channel_lira,16,1000,1000,0.494675,0.01100000000000001,0.0,0.0,0.015,0.007,0.044,0.05
cell,eff_su2_r5_d2,leave_target_out,noisy_shot,128,2,affine_channel_lira,16,3000,3000,0.49481533333333333,0.01200000000000001,0.0,0.0,0.007333333333333333,0.01,0.04033333333333333,0.05
target,MNIST_QNN_eff_su2_r5_d2_p7_s143,leave_target_out,noisy_shot,128,2,affine_channel_lira,16,1000,1000,0.505085,0.035999999999999976,0.0,0.0,0.006,0.01,0.049,0.05
target,MNIST_QNN_eff_su2_r5_d2_p7_s144,leave_target_out,noisy_shot,128,2,affine_channel_lira,16,1000,1000,0.499051,0.02300000000000002,0.001,0.001,0.009,0.008,0.047,0.049
target,MNIST_QNN_eff_su2_r5_d2_p7_s145,leave_target_out,noisy_shot,128,2,affine_channel_lira,16,1000,1000,0.480086,0.014000000000000012,0.001,0.001,0.01,0.009,0.035,0.049
cell,eff_su2_r5_d2,leave_target_out,noisy_shot,128,3,affine_channel_lira,16,3000,3000,0.49102766666666664,0.003666666666666707,0.0033333333333333335,0.0003333333333333333,0.010333333333333333,0.009333333333333334,0.047,0.049
target,MNIST_QNN_eff_su2_r5_d2_p7_s143,leave_target_out,noisy_shot,128,3,affine_channel_lira,16,1000,1000,0.4964240000000001,0.016,0.006,0.001,0.011,0.01,0.061,0.049
target,MNIST_QNN_eff_su2_r5_d2_p7_s144,leave_target_out,noisy_shot,128,3,affine_channel_lira,16,1000,1000,0.493437,0.01100000000000001,0.003,0.001,0.014,0.01,0.039,0.045
target,MNIST_QNN_eff_su2_r5_d2_p7_s145,leave_target_out,noisy_shot,128,3,affine_channel_lira,16,1000,1000,0.48336999999999997,0.008000000000000007,0.003,0.0,0.008,0.007,0.039,0.046
cell,eff_su2_r5_d2,leave_target_out,noisy_shot,128,4,affine_channel_lira,16,3000,3000,0.5015845555555556,0.019666666666666666,0.0016666666666666668,0.001,0.01,0.01,0.042,0.04833333333333333
target,MNIST_QNN_eff_su2_r5_d2_p7_s143,leave_target_out,noisy_shot,128,4,affine_channel_lira,16,1000,1000,0.47669199999999995,0.0020000000000000018,0.002,0.001,0.007,0.008,0.035,0.049
target,MNIST_QNN_eff_su2_r5_d2_p7_s144,leave_target_out,noisy_shot,128,4,affine_channel_lira,16,1000,1000,0.520629,0.049000000000000044,0.0,0.0,0.008,0.008,0.052,0.05
target,MNIST_QNN_eff_su2_r5_d2_p7_s145,leave_target_out,noisy_shot,128,4,affine_channel_lira,16,1000,1000,0.50784,0.03300000000000003,0.001,0.0,0.013,0.008,0.05,0.05
cell,eff_su2_r5_d2,leave_target_out,noisy_shot,128,5,affine_channel_lira,16,3000,3000,0.48862911111111107,0.0086666666666666,0.001,0.001,0.011,0.009666666666666667,0.04466666666666667,0.05
target,MNIST_QNN_eff_su2_r5_d2_p7_s143,leave_target_out,noisy_shot,128,5,affine_channel_lira,16,1000,1000,0.48795299999999997,0.01100000000000001,0.002,0.001,0.016,0.01,0.043,0.05
target,MNIST_QNN_eff_su2_r5_d2_p7_s144,leave_target_out,noisy_shot,128,5,affine_channel_lira,16,1000,1000,0.49765600000000004,0.028000000000000025,0.0,0.0,0.011,0.01,0.052,0.048
target,MNIST_QNN_eff_su2_r5_d2_p7_s145,leave_target_out,noisy_shot,128,5,affine_channel_lira,16,1000,1000,0.48072899999999996,0.004,0.003,0.001,0.008,0.008,0.04,0.05
cell,eff_su2_r5_d2,leave_target_out,noisy_shot,128,6,affine_channel_lira,16,3000,3000,0.5020372222222222,0.015333333333333365,0.0003333333333333333,0.0006666666666666666,0.013666666666666667,0.01,0.04133333333333333,0.05
target,MNIST_QNN_eff_su2_r5_d2_p7_s143,leave_target_out,noisy_shot,128,6,affine_channel_lira,16,1000,1000,0.493095,0.011,0.0,0.0,0.019,0.01,0.046,0.047
target,MNIST_QNN_eff_su2_r5_d2_p7_s144,leave_target_out,noisy_shot,128,6,affine_channel_lira,16,1000,1000,0.49949199999999994,0.02400000000000002,0.004,0.001,0.011,0.01,0.035,0.05
target,MNIST_QNN_eff_su2_r5_d2_p7_s145,leave_target_out,noisy_shot,128,6,affine_channel_lira,16,1000,1000,0.513493,0.03600000000000003,0.0,0.0,0.013,0.009,0.043,0.05
cell,eff_su2_r5_d2,leave_target_out,noisy_shot,128,7,affine_channel_lira,16,3000,3000,0.4970531111111111,0.010333333333333306,0.001,0.0003333333333333333,0.008666666666666666,0.01,0.03833333333333333,0.05
target,MNIST_QNN_eff_su2_r5_d2_p7_s143,leave_target_out,noisy_shot,128,7,affine_channel_lira,16,1000,1000,0.502979,0.02300000000000002,0.002,0.0,0.009,0.01,0.039,0.05
target,MNIST_QNN_eff_su2_r5_d2_p7_s144,leave_target_out,noisy_shot,128,7,affine_channel_lira,16,1000,1000,0.49301199999999995,0.01200000000000001,0.001,0.001,0.009,0.01,0.038,0.05
target,MNIST_QNN_eff_su2_r5_d2_p7_s145,leave_target_out,noisy_shot,128,7,affine_channel_lira,16,1000,1000,0.494795,0.019000000000000017,0.001,0.0,0.009,0.01,0.039,0.05
cell,eff_su2_r5_d2,leave_target_out,noisy_shot,128,8,affine_channel_lira,16,3000,3000,0.5035674444444445,0.017000000000000015,0.0003333333333333333,0.001,0.007666666666666666,0.009333333333333334,0.04466666666666667,0.05
target,MNIST_QNN_eff_su2_r5_d2_p7_s143,leave_target_out,noisy_shot,128,8,affine_channel_lira,16,1000,1000,0.5091289999999999,0.031000000000000028,0.001,0.001,0.013,0.01,0.055,0.049
target,MNIST_QNN_eff_su2_r5_d2_p7_s144,leave_target_out,noisy_shot,128,8,affine_channel_lira,16,1000,1000,0.498618,0.026000000000000023,0.001,0.001,0.009,0.01,0.032,0.039
target,MNIST_QNN_eff_su2_r5_d2_p7_s145,leave_target_out,noisy_shot,128,8,affine_channel_lira,16,1000,1000,0.503889,0.03200000000000003,0.0,0.0,0.007,0.009,0.045,0.05
cell,eff_su2_r5_d2,leave_target_out,noisy_shot,128,9,affine_channel_lira,16,3000,3000,0.49255644444444446,0.008333333333333304,0.0006666666666666666,0.001,0.009,0.008666666666666666,0.04566666666666667,0.05
target,MNIST_QNN_eff_su2_r5_d2_p7_s143,leave_target_out,noisy_shot,128,9,affine_channel_lira,16,1000,1000,0.49600199999999994,0.01100000000000001,0.004,0.001,0.01,0.009,0.042,0.049
target,MNIST_QNN_eff_su2_r5_d2_p7_s144,leave_target_out,noisy_shot,128,9,affine_channel_lira,16,1000,1000,0.50194,0.027000000000000024,0.0,0.0,0.012,0.01,0.038,0.05
target,MNIST_QNN_eff_su2_r5_d2_p7_s145,leave_target_out,noisy_shot,128,9,affine_channel_lira,16,1000,1000,0.480031,0.008000000000000007,0.001,0.0,0.01,0.01,0.054,0.049
cell,eff_su2_r5_d2,leave_target_out,noisy_shot,128,0,empirical_channel_lira,16,3000,3000,0.48701799999999995,0.005333333333333412,0.0003333333333333333,0.001,0.009666666666666667,0.009333333333333334,0.045,0.04933333333333333
target,MNIST_QNN_eff_su2_r5_d2_p7_s143,leave_target_out,noisy_shot,128,0,empirical_channel_lira,16,1000,1000,0.497942,0.022999999999999965,0.001,0.001,0.008,0.01,0.055,0.048
target,MNIST_QNN_eff_su2_r5_d2_p7_s144,leave_target_out,noisy_shot,128,0,empirical_channel_lira,16,1000,1000,0.473807,0.006000000000000005,0.0,0.0,0.01,0.01,0.034,0.047
target,MNIST_QNN_eff_su2_r5_d2_p7_s145,leave_target_out,noisy_shot,128,0,empirical_channel_lira,16,1000,1000,0.489205,0.009000000000000008,0.001,0.001,0.012,0.008,0.046,0.05
cell,eff_su2_r5_d2,leave_target_out,noisy_shot,128,1,empirical_channel_lira,16,3000,3000,0.4933474444444444,0.0076666666666665995,0.0006666666666666666,0.0006666666666666666,0.01,0.01,0.052333333333333336,0.05
target,MNIST_QNN_eff_su2_r5_d2_p7_s143,leave_target_out,noisy_shot,128,1,empirical_channel_lira,16,1000,1000,0.48011400000000004,0.01100000000000001,0.002,0.001,0.008,0.01,0.049,0.05
target,MNIST_QNN_eff_su2_r5_d2_p7_s144,leave_target_out,noisy_shot,128,1,empirical_channel_lira,16,1000,1000,0.49514499999999995,0.020000000000000018,0.003,0.001,0.006,0.007,0.057,0.05
target,MNIST_QNN_eff_su2_r5_d2_p7_s145,leave_target_out,noisy_shot,128,1,empirical_channel_lira,16,1000,1000,0.504732,0.025000000000000022,0.0,0.0,0.021,0.01,0.058,0.05
cell,eff_su2_r5_d2,leave_target_out,noisy_shot,128,2,empirical_channel_lira,16,3000,3000,0.49984022222222224,0.016666666666666607,0.0013333333333333333,0.001,0.007666666666666666,0.01,0.04566666666666667,0.049
target,MNIST_QNN_eff_su2_r5_d2_p7_s143,leave_target_out,noisy_shot,128,2,empirical_channel_lira,16,1000,1000,0.507374,0.03600000000000003,0.001,0.001,0.004,0.01,0.037,0.05
target,MNIST_QNN_eff_su2_r5_d2_p7_s144,leave_target_out,noisy_shot,128,2,empirical_channel_lira,16,1000,1000,0.5064709999999999,0.02200000000000002,0.003,0.001,0.009,0.01,0.061,0.05
target,MNIST_QNN_eff_su2_r5_d2_p7_s145,leave_target_out,noisy_shot,128,2,empirical_channel_lira,16,1000,1000,0.485834,0.018999999999999906,0.002,0.001,0.01,0.01,0.041,0.05
cell,eff_su2_r5_d2,leave_target_out,noisy_shot,128,3,empirical_channel_lira,16,3000,3000,0.4926933333333333,0.007666666666666669,0.003,0.0006666666666666666,0.012333333333333333,0.009666666666666667,0.05433333333333333,0.049666666666666665
target,MNIST_QNN_eff_su2_r5_d2_p7_s143,leave_target_out,noisy_shot,128,3,empirical_channel_lira,16,1000,1000,0.497768,0.020999999999999998,0.004,0.001,0.01,0.009,0.071,0.05
target,MNIST_QNN_eff_su2_r5_d2_p7_s144,leave_target_out,noisy_shot,128,3,empirical_channel_lira,16,1000,1000,0.49473900000000004,0.013000000000000012,0.002,0.0,0.014,0.01,0.053,0.05
target,MNIST_QNN_eff_su2_r5_d2_p7_s145,leave_target_out,noisy_shot,128,3,empirical_channel_lira,16,1000,1000,0.48583600000000005,0.015000000000000013,0.005,0.001,0.013,0.009,0.043,0.048
cell,eff_su2_r5_d2,leave_target_out,noisy_shot,128,4,empirical_channel_lira,16,3000,3000,0.5092855555555555,0.033999999999999975,0.0016666666666666668,0.001,0.01,0.01,0.044,0.05
target,MNIST_QNN_eff_su2_r5_d2_p7_s143,leave_target_out,noisy_shot,128,4,empirical_channel_lira,16,1000,1000,0.482354,0.0020000000000000018,0.001,0.0,0.007,0.006,0.037,0.041
target,MNIST_QNN_eff_su2_r5_d2_p7_s144,leave_target_out,noisy_shot,128,4,empirical_channel_lira,16,1000,1000,0.526135,0.061,0.0,0.0,0.01,0.01,0.047,0.05
target,MNIST_QNN_eff_su2_r5_d2_p7_s145,leave_target_out,noisy_shot,128,4,empirical_channel_lira,16,1000,1000,0.5198,0.05299999999999999,0.004,0.0,0.015,0.01,0.06,0.048
cell,eff_su2_r5_d2,leave_target_out,noisy_shot,128,5,empirical_channel_lira,16,3000,3000,0.496531,0.009666666666666601,0.001,0.0003333333333333333,0.009333333333333334,0.01,0.046,0.05
target,MNIST_QNN_eff_su2_r5_d2_p7_s143,leave_target_out,noisy_shot,128,5,empirical_channel_lira,16,1000,1000,0.494679,0.018000000000000016,0.001,0.001,0.009,0.01,0.039,0.049
target,MNIST_QNN_eff_su2_r5_d2_p7_s144,leave_target_out,noisy_shot,128,5,empirical_channel_lira,16,1000,1000,0.5059230000000001,0.030999999999999917,0.0,0.0,0.015,0.01,0.047,0.045
target,MNIST_QNN_eff_su2_r5_d2_p7_s145,leave_target_out,noisy_shot,128,5,empirical_channel_lira,16,1000,1000,0.4887949999999999,0.01200000000000001,0.004,0.001,0.009,0.007,0.049,0.049
cell,eff_su2_r5_d2,leave_target_out,noisy_shot,128,6,empirical_channel_lira,16,3000,3000,0.5036936666666667,0.03066666666666662,0.0,0.0,0.014333333333333333,0.01,0.042666666666666665,0.05
target,MNIST_QNN_eff_su2_r5_d2_p7_s143,leave_target_out,noisy_shot,128,6,empirical_channel_lira,16,1000,1000,0.493876,0.02400000000000002,0.0,0.0,0.015,0.01,0.048,0.049
target,MNIST_QNN_eff_su2_r5_d2_p7_s144,leave_target_out,noisy_shot,128,6,empirical_channel_lira,16,1000,1000,0.504408,0.040000000000000036,0.002,0.001,0.012,0.01,0.039,0.049
target,MNIST_QNN_eff_su2_r5_d2_p7_s145,leave_target_out,noisy_shot,128,6,empirical_channel_lira,16,1000,1000,0.5127269999999999,0.04099999999999998,0.003,0.001,0.016,0.01,0.045,0.05
cell,eff_su2_r5_d2,leave_target_out,noisy_shot,128,7,empirical_channel_lira,16,3000,3000,0.4966541111111111,0.020000000000000018,0.001,0.0003333333333333333,0.008666666666666666,0.01,0.04933333333333333,0.049
target,MNIST_QNN_eff_su2_r5_d2_p7_s143,leave_target_out,noisy_shot,128,7,empirical_channel_lira,16,1000,1000,0.497478,0.030999999999999972,0.002,0.001,0.011,0.009,0.048,0.049
target,MNIST_QNN_eff_su2_r5_d2_p7_s144,leave_target_out,noisy_shot,128,7,empirical_channel_lira,16,1000,1000,0.49700399999999995,0.02799999999999997,0.002,0.001,0.009,0.01,0.048,0.049
target,MNIST_QNN_eff_su2_r5_d2_p7_s145,leave_target_out,noisy_shot,128,7,empirical_channel_lira,16,1000,1000,0.49546499999999993,0.02099999999999999,0.002,0.001,0.011,0.008,0.052,0.048
cell,eff_su2_r5_d2,leave_target_out,noisy_shot,128,8,empirical_channel_lira,16,3000,3000,0.5008148888888889,0.019333333333333313,0.0,0.0,0.008666666666666666,0.009666666666666667,0.04533333333333334,0.05
target,MNIST_QNN_eff_su2_r5_d2_p7_s143,leave_target_out,noisy_shot,128,8,empirical_channel_lira,16,1000,1000,0.501594,0.040000000000000036,0.002,0.001,0.013,0.01,0.057,0.049
target,MNIST_QNN_eff_su2_r5_d2_p7_s144,leave_target_out,noisy_shot,128,8,empirical_channel_lira,16,1000,1000,0.49816800000000006,0.02300000000000002,0.0,0.0,0.009,0.01,0.035,0.049
target,MNIST_QNN_eff_su2_r5_d2_p7_s145,leave_target_out,noisy_shot,128,8,empirical_channel_lira,16,1000,1000,0.503709,0.029000000000000026,0.004,0.001,0.007,0.006,0.049,0.05
cell,eff_su2_r5_d2,leave_target_out,noisy_shot,128,9,empirical_channel_lira,16,3000,3000,0.49136,0.010333333333333417,0.002,0.001,0.012,0.009333333333333334,0.048,0.05
target,MNIST_QNN_eff_su2_r5_d2_p7_s143,leave_target_out,noisy_shot,128,9,empirical_channel_lira,16,1000,1000,0.487342,0.014000000000000012,0.001,0.001,0.011,0.01,0.044,0.05
target,MNIST_QNN_eff_su2_r5_d2_p7_s144,leave_target_out,noisy_shot,128,9,empirical_channel_lira,16,1000,1000,0.5050819999999999,0.02399999999999991,0.002,0.001,0.019,0.01,0.056,0.049
target,MNIST_QNN_eff_su2_r5_d2_p7_s145,leave_target_out,noisy_shot,128,9,empirical_channel_lira,16,1000,1000,0.481823,0.010000000000000009,0.003,0.001,0.013,0.009,0.048,0.05
cell,eff_su2_r5_d2,leave_target_out,noisy_shot,128,0,noise_augmented_lira,16,3000,3000,0.4945251111111111,0.0050000000000000044,0.0,0.0,0.005333333333333333,0.01,0.04933333333333333,0.04933333333333333
target,MNIST_QNN_eff_su2_r5_d2_p7_s143,leave_target_out,noisy_shot,128,0,noise_augmented_lira,16,1000,1000,0.496503,0.02100000000000002,0.0,0.0,0.004,0.007,0.057,0.05
target,MNIST_QNN_eff_su2_r5_d2_p7_s144,leave_target_out,noisy_shot,128,0,noise_augmented_lira,16,1000,1000,0.485921,0.006000000000000005,0.0,0.0,0.003,0.007,0.042,0.049
target,MNIST_QNN_eff_su2_r5_d2_p7_s145,leave_target_out,noisy_shot,128,0,noise_augmented_lira,16,1000,1000,0.50075,0.02199999999999991,0.0,0.0,0.01,0.01,0.056,0.05
cell,eff_su2_r5_d2,leave_target_out,noisy_shot,128,1,noise_augmented_lira,16,3000,3000,0.4932384444444445,0.009666666666666601,0.001,0.001,0.007,0.009333333333333334,0.05,0.05
target,MNIST_QNN_eff_su2_r5_d2_p7_s143,leave_target_out,noisy_shot,128,1,noise_augmented_lira,16,1000,1000,0.473883,0.01100000000000001,0.001,0.001,0.006,0.005,0.044,0.048
target,MNIST_QNN_eff_su2_r5_d2_p7_s144,leave_target_out,noisy_shot,128,1,noise_augmented_lira,16,1000,1000,0.49302,0.028000000000000025,0.0,0.0,0.005,0.008,0.048,0.05
target,MNIST_QNN_eff_su2_r5_d2_p7_s145,leave_target_out,noisy_shot,128,1,noise_augmented_lira,16,1000,1000,0.512767,0.03499999999999992,0.003,0.001,0.011,0.009,0.056,0.05
cell,eff_su2_r5_d2,leave_target_out,noisy_shot,128,2,noise_augmented_lira,16,3000,3000,0.494938,0.009333333333333305,0.0,0.0,0.005333333333333333,0.008666666666666666,0.04066666666666666,0.04933333333333333
target,MNIST_QNN_eff_su2_r5_d2_p7_s143,leave_target_out,noisy_shot,128,2,noise_augmented_lira,16,1000,1000,0.50016,0.026000000000000023,0.0,0.0,0.007,0.009,0.041,0.05
target,MNIST_QNN_eff_su2_r5_d2_p7_s144,leave_target_out,noisy_shot,128,2,noise_augmented_lira,16,1000,1000,0.502659,0.020000000000000018,0.0,0.0,0.007,0.008,0.058,0.05
target,MNIST_QNN_eff_su2_r5_d2_p7_s145,leave_target_out,noisy_shot,128,2,noise_augmented_lira,16,1000,1000,0.481617,0.010999999999999899,0.0,0.0,0.006,0.005,0.042,0.048
cell,eff_su2_r5_d2,leave_target_out,noisy_shot,128,3,noise_augmented_lira,16,3000,3000,0.493626,0.006333333333333344,0.004,0.001,0.012,0.01,0.050333333333333334,0.05
target,MNIST_QNN_eff_su2_r5_d2_p7_s143,leave_target_out,noisy_shot,128,3,noise_augmented_lira,16,1000,1000,0.4783799999999999,0.01200000000000001,0.008,0.001,0.013,0.01,0.056,0.047
target,MNIST_QNN_eff_su2_r5_d2_p7_s144,leave_target_out,noisy_shot,128,3,noise_augmented_lira,16,1000,1000,0.5110159999999999,0.038000000000000034,0.004,0.001,0.012,0.01,0.055,0.05
target,MNIST_QNN_eff_su2_r5_d2_p7_s145,leave_target_out,noisy_shot,128,3,noise_augmented_lira,16,1000,1000,0.49218399999999995,0.013000000000000012,0.003,0.001,0.01,0.01,0.042,0.05
cell,eff_su2_r5_d2,leave_target_out,noisy_shot,128,4,noise_augmented_lira,16,3000,3000,0.5029411111111111,0.02200000000000002,0.0013333333333333333,0.001,0.008666666666666666,0.009333333333333334,0.051,0.049666666666666665
target,MNIST_QNN_eff_su2_r5_d2_p7_s143,leave_target_out,noisy_shot,128,4,noise_augmented_lira,16,1000,1000,0.475908,0.006000000000000005,0.002,0.0,0.004,0.005,0.034,0.049
target,MNIST_QNN_eff_su2_r5_d2_p7_s144,leave_target_out,noisy_shot,128,4,noise_augmented_lira,16,1000,1000,0.529948,0.059,0.0,0.0,0.008,0.01,0.057,0.047
target,MNIST_QNN_eff_su2_r5_d2_p7_s145,leave_target_out,noisy_shot,128,4,noise_augmented_lira,16,1000,1000,0.5035400000000001,0.03899999999999998,0.008,0.0,0.014,0.005,0.053,0.049
cell,eff_su2_r5_d2,leave_target_out,noisy_shot,128,5,noise_augmented_lira,16,3000,3000,0.4931785555555555,0.006000000000000005,0.0013333333333333333,0.0006666666666666666,0.006666666666666667,0.01,0.043666666666666666,0.05
target,MNIST_QNN_eff_su2_r5_d2_p7_s143,leave_target_out,noisy_shot,128,5,noise_augmented_lira,16,1000,1000,0.49232,0.016000000000000014,0.002,0.001,0.008,0.006,0.039,0.048
target,MNIST_QNN_eff_su2_r5_d2_p7_s144,leave_target_out,noisy_shot,128,5,noise_augmented_lira,16,1000,1000,0.49997400000000003,0.027000000000000024,0.0,0.0,0.008,0.01,0.042,0.05
target,MNIST_QNN_eff_su2_r5_d2_p7_s145,leave_target_out,noisy_shot,128,5,noise_augmented_lira,16,1000,1000,0.48724599999999996,0.009000000000000008,0.003,0.0,0.007,0.009,0.045,0.05
cell,eff_su2_r5_d2,leave_target_out,noisy_shot,128,6,noise_augmented_lira,16,3000,3000,0.4975301111111111,0.016333333333333366,0.0003333333333333333,0.0006666666666666666,0.011666666666666667,0.009333333333333334,0.048666666666666664,0.04933333333333333
target,MNIST_QNN_eff_su2_r5_d2_p7_s143,leave_target_out,noisy_shot,128,6,noise_augmented_lira,16,1000,1000,0.48851900000000004,0.025000000000000022,0.001,0.001,0.014,0.01,0.056,0.048
target,MNIST_QNN_eff_su2_r5_d2_p7_s144,leave_target_out,noisy_shot,128,6,noise_augmented_lira,16,1000,1000,0.496096,0.02899999999999997,0.0,0.0,0.009,0.008,0.049,0.05
target,MNIST_QNN_eff_su2_r5_d2_p7_s145,leave_target_out,noisy_shot,128,6,noise_augmented_lira,16,1000,1000,0.508006,0.028000000000000025,0.003,0.001,0.013,0.01,0.048,0.049
cell,eff_su2_r5_d2,leave_target_out,noisy_shot,128,7,noise_augmented_lira,16,3000,3000,0.4967157777777778,0.013333333333333364,0.0013333333333333333,0.0006666666666666666,0.006,0.01,0.047,0.049666666666666665
target,MNIST_QNN_eff_su2_r5_d2_p7_s143,leave_target_out,noisy_shot,128,7,noise_augmented_lira,16,1000,1000,0.49657799999999996,0.019000000000000017,0.001,0.0,0.008,0.009,0.041,0.05
target,MNIST_QNN_eff_su2_r5_d2_p7_s144,leave_target_out,noisy_shot,128,7,noise_augmented_lira,16,1000,1000,0.5023529999999999,0.02300000000000002,0.001,0.001,0.003,0.008,0.044,0.048
target,MNIST_QNN_eff_su2_r5_d2_p7_s145,leave_target_out,noisy_shot,128,7,noise_augmented_lira,16,1000,1000,0.491038,0.01999999999999999,0.004,0.001,0.009,0.01,0.055,0.05
cell,eff_su2_r5_d2,leave_target_out,noisy_shot,128,8,noise_augmented_lira,16,3000,3000,0.5072114444444444,0.02566666666666667,0.0003333333333333333,0.001,0.007333333333333333,0.01,0.05266666666666667,0.049666666666666665
target,MNIST_QNN_eff_su2_r5_d2_p7_s143,leave_target_out,noisy_shot,128,8,noise_augmented_lira,16,1000,1000,0.5024219999999999,0.039000000000000035,0.001,0.001,0.009,0.009,0.059,0.049
target,MNIST_QNN_eff_su2_r5_d2_p7_s144,leave_target_out,noisy_shot,128,8,noise_augmented_lira,16,1000,1000,0.504015,0.025000000000000022,0.0,0.0,0.004,0.01,0.039,0.05
target,MNIST_QNN_eff_su2_r5_d2_p7_s145,leave_target_out,noisy_shot,128,8,noise_augmented_lira,16,1000,1000,0.515044,0.046999999999999986,0.001,0.001,0.015,0.007,0.062,0.05
cell,eff_su2_r5_d2,leave_target_out,noisy_shot,128,9,noise_augmented_lira,16,3000,3000,0.49571855555555555,0.010000000000000009,0.0006666666666666666,0.0,0.013666666666666667,0.009666666666666667,0.05333333333333334,0.049666666666666665
target,MNIST_QNN_eff_su2_r5_d2_p7_s143,leave_target_out,noisy_shot,128,9,noise_augmented_lira,16,1000,1000,0.49596500000000004,0.017000000000000015,0.003,0.001,0.013,0.009,0.051,0.049
target,MNIST_QNN_eff_su2_r5_d2_p7_s144,leave_target_out,noisy_shot,128,9,noise_augmented_lira,16,1000,1000,0.5098480000000001,0.03500000000000003,0.0,0.0,0.012,0.01,0.063,0.05
target,MNIST_QNN_eff_su2_r5_d2_p7_s145,leave_target_out,noisy_shot,128,9,noise_augmented_lira,16,1000,1000,0.48131999999999997,0.009999999999999998,0.002,0.0,0.018,0.008,0.053,0.05
cell,eff_su2_r5_d2,leave_target_out,noisy_shot,128,0,target_crossfit_learned_mia,0,3000,3000,0.5260364444444444,0.050000000000000044,0.002,0.001,0.016666666666666666,0.01,0.056,0.049666666666666665
target,MNIST_QNN_eff_su2_r5_d2_p7_s143,leave_target_out,noisy_shot,128,0,target_crossfit_learned_mia,0,1000,1000,0.5418109999999999,0.08999999999999997,0.005,0.001,0.017,0.01,0.076,0.05
target,MNIST_QNN_eff_su2_r5_d2_p7_s144,leave_target_out,noisy_shot,128,0,target_crossfit_learned_mia,0,1000,1000,0.518736,0.052999999999999936,0.0,0.0,0.011,0.01,0.042,0.048
target,MNIST_QNN_eff_su2_r5_d2_p7_s145,leave_target_out,noisy_shot,128,0,target_crossfit_learned_mia,0,1000,1000,0.512625,0.03600000000000003,0.007,0.001,0.015,0.01,0.061,0.049
cell,eff_su2_r5_d2,leave_target_out,noisy_shot,128,1,target_crossfit_learned_mia,0,3000,3000,0.5231923333333333,0.04366666666666674,0.0006666666666666666,0.0003333333333333333,0.008333333333333333,0.009666666666666667,0.05333333333333334,0.05
target,MNIST_QNN_eff_su2_r5_d2_p7_s143,leave_target_out,noisy_shot,128,1,target_crossfit_learned_mia,0,1000,1000,0.500596,0.025000000000000022,0.001,0.0,0.024,0.01,0.063,0.049
target,MNIST_QNN_eff_su2_r5_d2_p7_s144,leave_target_out,noisy_shot,128,1,target_crossfit_learned_mia,0,1000,1000,0.5424979999999999,0.07500000000000007,0.002,0.001,0.008,0.009,0.049,0.048
target,MNIST_QNN_eff_su2_r5_d2_p7_s145,leave_target_out,noisy_shot,128,1,target_crossfit_learned_mia,0,1000,1000,0.519259,0.04299999999999998,0.002,0.001,0.006,0.008,0.057,0.05
cell,eff_su2_r5_d2,leave_target_out,noisy_shot,128,2,target_crossfit_learned_mia,0,3000,3000,0.5308761111111111,0.051999999999999935,0.002,0.0,0.010666666666666666,0.009666666666666667,0.055,0.05
target,MNIST_QNN_eff_su2_r5_d2_p7_s143,leave_target_out,noisy_shot,128,2,target_crossfit_learned_mia,0,1000,1000,0.538483,0.063,0.006,0.0,0.01,0.007,0.061,0.05
target,MNIST_QNN_eff_su2_r5_d2_p7_s144,leave_target_out,noisy_shot,128,2,target_crossfit_learned_mia,0,1000,1000,0.528482,0.06800000000000006,0.0,0.0,0.012,0.009,0.058,0.05
target,MNIST_QNN_eff_su2_r5_d2_p7_s145,leave_target_out,noisy_shot,128,2,target_crossfit_learned_mia,0,1000,1000,0.523881,0.04600000000000001,0.002,0.001,0.012,0.009,0.054,0.048
cell,eff_su2_r5_d2,leave_target_out,noisy_shot,128,3,target_crossfit_learned_mia,0,3000,3000,0.522662111111111,0.04466666666666669,0.004666666666666667,0.001,0.012333333333333333,0.008666666666666666,0.059,0.05
target,MNIST_QNN_eff_su2_r5_d2_p7_s143,leave_target_out,noisy_shot,128,3,target_crossfit_learned_mia,0,1000,1000,0.5245219999999999,0.045999999999999985,0.007,0.001,0.016,0.01,0.059,0.048
target,MNIST_QNN_eff_su2_r5_d2_p7_s144,leave_target_out,noisy_shot,128,3,target_crossfit_learned_mia,0,1000,1000,0.539512,0.07799999999999996,0.008,0.001,0.023,0.009,0.06,0.049
target,MNIST_QNN_eff_su2_r5_d2_p7_s145,leave_target_out,noisy_shot,128,3,target_crossfit_learned_mia,0,1000,1000,0.49913799999999997,0.026000000000000023,0.0,0.0,0.005,0.009,0.033,0.048
cell,eff_su2_r5_d2,leave_target_out,noisy_shot,128,4,target_crossfit_learned_mia,0,3000,3000,0.5071084444444445,0.019333333333333313,0.0033333333333333335,0.001,0.014333333333333333,0.01,0.056,0.04933333333333333
target,MNIST_QNN_eff_su2_r5_d2_p7_s143,leave_target_out,noisy_shot,128,4,target_crossfit_learned_mia,0,1000,1000,0.518836,0.050999999999999934,0.002,0.001,0.012,0.007,0.065,0.05
target,MNIST_QNN_eff_su2_r5_d2_p7_s144,leave_target_out,noisy_shot,128,4,target_crossfit_learned_mia,0,1000,1000,0.509174,0.026000000000000023,0.001,0.0,0.015,0.007,0.052,0.05
target,MNIST_QNN_eff_su2_r5_d2_p7_s145,leave_target_out,noisy_shot,128,4,target_crossfit_learned_mia,0,1000,1000,0.490526,0.013000000000000012,0.001,0.0,0.009,0.01,0.043,0.046
cell,eff_su2_r5_d2,leave_target_out,noisy_shot,128,5,target_crossfit_learned_mia,0,3000,3000,0.5157537777777778,0.029999999999999916,0.0013333333333333333,0.0006666666666666666,0.010666666666666666,0.01,0.058,0.05
target,MNIST_QNN_eff_su2_r5_d2_p7_s143,leave_target_out,noisy_shot,128,5,target_crossfit_learned_mia,0,1000,1000,0.521876,0.057999999999999996,0.003,0.0,0.011,0.01,0.079,0.049
target,MNIST_QNN_eff_su2_r5_d2_p7_s144,leave_target_out,noisy_shot,128,5,target_crossfit_learned_mia,0,1000,1000,0.5158039999999999,0.03600000000000003,0.001,0.0,0.011,0.01,0.05,0.048
target,MNIST_QNN_eff_su2_r5_d2_p7_s145,leave_target_out,noisy_shot,128,5,target_crossfit_learned_mia,0,1000,1000,0.508555,0.03400000000000003,0.003,0.001,0.008,0.007,0.052,0.05
cell,eff_su2_r5_d2,leave_target_out,noisy_shot,128,6,target_crossfit_learned_mia,0,3000,3000,0.5062209999999999,0.023333333333333373,0.0,0.0,0.011,0.009666666666666667,0.05566666666666667,0.05
target,MNIST_QNN_eff_su2_r5_d2_p7_s143,leave_target_out,noisy_shot,128,6,target_crossfit_learned_mia,0,1000,1000,0.486772,0.0030000000000000027,0.0,0.0,0.003,0.01,0.037,0.049
target,MNIST_QNN_eff_su2_r5_d2_p7_s144,leave_target_out,noisy_shot,128,6,target_crossfit_learned_mia,0,1000,1000,0.503023,0.03200000000000003,0.001,0.0,0.008,0.01,0.044,0.05
target,MNIST_QNN_eff_su2_r5_d2_p7_s145,leave_target_out,noisy_shot,128,6,target_crossfit_learned_mia,0,1000,1000,0.522663,0.056999999999999995,0.001,0.0,0.019,0.01,0.063,0.05
cell,eff_su2_r5_d2,leave_target_out,noisy_shot,128,7,target_crossfit_learned_mia,0,3000,3000,0.49531566666666665,0.019999999999999907,0.0003333333333333333,0.0,0.009666666666666667,0.01,0.047,0.05
target,MNIST_QNN_eff_su2_r5_d2_p7_s143,leave_target_out,noisy_shot,128,7,target_crossfit_learned_mia,0,1000,1000,0.47228000000000003,0.0050000000000000044,0.003,0.001,0.006,0.008,0.037,0.05
target,MNIST_QNN_eff_su2_r5_d2_p7_s144,leave_target_out,noisy_shot,128,7,target_crossfit_learned_mia,0,1000,1000,0.510426,0.039999999999999925,0.001,0.0,0.007,0.007,0.052,0.048
target,MNIST_QNN_eff_su2_r5_d2_p7_s145,leave_target_out,noisy_shot,128,7,target_crossfit_learned_mia,0,1000,1000,0.499598,0.040000000000000036,0.003,0.001,0.014,0.008,0.055,0.05
cell,eff_su2_r5_d2,leave_target_out,noisy_shot,128,8,target_crossfit_learned_mia,0,3000,3000,0.5148111111111111,0.028000000000000025,0.0006666666666666666,0.0006666666666666666,0.011333333333333334,0.01,0.049666666666666665,0.05
target,MNIST_QNN_eff_su2_r5_d2_p7_s143,leave_target_out,noisy_shot,128,8,target_crossfit_learned_mia,0,1000,1000,0.510523,0.04799999999999999,0.003,0.0,0.009,0.01,0.047,0.05
target,MNIST_QNN_eff_su2_r5_d2_p7_s144,leave_target_out,noisy_shot,128,8,target_crossfit_learned_mia,0,1000,1000,0.535293,0.07599999999999996,0.001,0.001,0.009,0.008,0.061,0.05
target,MNIST_QNN_eff_su2_r5_d2_p7_s145,leave_target_out,noisy_shot,128,8,target_crossfit_learned_mia,0,1000,1000,0.489668,0.020000000000000018,0.0,0.0,0.008,0.01,0.059,0.05
cell,eff_su2_r5_d2,leave_target_out,noisy_shot,128,9,target_crossfit_learned_mia,0,3000,3000,0.5339867777777777,0.053333333333333344,0.0023333333333333335,0.001,0.006333333333333333,0.009333333333333334,0.06566666666666666,0.05
target,MNIST_QNN_eff_su2_r5_d2_p7_s143,leave_target_out,noisy_shot,128,9,target_crossfit_learned_mia,0,1000,1000,0.5244949999999999,0.04999999999999999,0.001,0.001,0.022,0.01,0.082,0.049
target,MNIST_QNN_eff_su2_r5_d2_p7_s144,leave_target_out,noisy_shot,128,9,target_crossfit_learned_mia,0,1000,1000,0.545088,0.07700000000000007,0.004,0.001,0.016,0.007,0.048,0.05
target,MNIST_QNN_eff_su2_r5_d2_p7_s145,leave_target_out,noisy_shot,128,9,target_crossfit_learned_mia,0,1000,1000,0.530786,0.06,0.003,0.001,0.006,0.009,0.048,0.049
cell,eff_su2_r5_d2,leave_target_out,noisy_shot,128,0,matched_reference_lira_online,16,3000,3000,0.4907974444444444,0.006666666666666668,0.0023333333333333335,0.001,0.010666666666666666,0.01,0.05333333333333334,0.048666666666666664
target,MNIST_QNN_eff_su2_r5_d2_p7_s143,leave_target_out,noisy_shot,128,0,matched_reference_lira_online,16,1000,1000,0.49280599999999997,0.02200000000000002,0.001,0.001,0.011,0.01,0.054,0.048
target,MNIST_QNN_eff_su2_r5_d2_p7_s144,leave_target_out,noisy_shot,128,0,matched_reference_lira_online,16,1000,1000,0.49082800000000004,0.009000000000000008,0.007,0.001,0.014,0.009,0.048,0.05
target,MNIST_QNN_eff_su2_r5_d2_p7_s145,leave_target_out,noisy_shot,128,0,matched_reference_lira_online,16,1000,1000,0.489101,0.016,0.002,0.0,0.006,0.01,0.058,0.05
cell,eff_su2_r5_d2,leave_target_out,noisy_shot,128,1,matched_reference_lira_online,16,3000,3000,0.49166177777777775,0.00466666666666667,0.0,0.0,0.011,0.01,0.053,0.04933333333333333
target,MNIST_QNN_eff_su2_r5_d2_p7_s143,leave_target_out,noisy_shot,128,1,matched_reference_lira_online,16,1000,1000,0.485737,0.015000000000000013,0.0,0.0,0.007,0.01,0.051,0.048
target,MNIST_QNN_eff_su2_r5_d2_p7_s144,leave_target_out,noisy_shot,128,1,matched_reference_lira_online,16,1000,1000,0.492734,0.017000000000000015,0.002,0.0,0.01,0.01,0.048,0.049
target,MNIST_QNN_eff_su2_r5_d2_p7_s145,leave_target_out,noisy_shot,128,1,matched_reference_lira_online,16,1000,1000,0.49682100000000007,0.015000000000000013,0.0,0.0,0.015,0.01,0.056,0.05
cell,eff_su2_r5_d2,leave_target_out,noisy_shot,128,2,matched_reference_lira_online,16,3000,3000,0.5005945555555555,0.021333333333333315,0.001,0.0006666666666666666,0.008333333333333333,0.009333333333333334,0.042666666666666665,0.05
target,MNIST_QNN_eff_su2_r5_d2_p7_s143,leave_target_out,noisy_shot,128,2,matched_reference_lira_online,16,1000,1000,0.50322,0.026999999999999913,0.001,0.001,0.011,0.01,0.039,0.05
target,MNIST_QNN_eff_su2_r5_d2_p7_s144,leave_target_out,noisy_shot,128,2,matched_reference_lira_online,16,1000,1000,0.527659,0.07,0.001,0.0,0.007,0.009,0.043,0.049
target,MNIST_QNN_eff_su2_r5_d2_p7_s145,leave_target_out,noisy_shot,128,2,matched_reference_lira_online,16,1000,1000,0.470668,0.0040000000000000036,0.001,0.001,0.006,0.006,0.038,0.049
cell,eff_su2_r5_d2,leave_target_out,noisy_shot,128,3,matched_reference_lira_online,16,3000,3000,0.5105085555555555,0.028666666666666674,0.001,0.0006666666666666666,0.011666666666666667,0.009666666666666667,0.057666666666666665,0.05
target,MNIST_QNN_eff_su2_r5_d2_p7_s143,leave_target_out,noisy_shot,128,3,matched_reference_lira_online,16,1000,1000,0.509158,0.04999999999999999,0.003,0.001,0.016,0.01,0.052,0.048
target,MNIST_QNN_eff_su2_r5_d2_p7_s144,leave_target_out,noisy_shot,128,3,matched_reference_lira_online,16,1000,1000,0.51968,0.04799999999999999,0.0,0.0,0.01,0.01,0.06,0.05
target,MNIST_QNN_eff_su2_r5_d2_p7_s145,leave_target_out,noisy_shot,128,3,matched_reference_lira_online,16,1000,1000,0.502958,0.02099999999999999,0.001,0.001,0.009,0.009,0.059,0.049
cell,eff_su2_r5_d2,leave_target_out,noisy_shot,128,4,matched_reference_lira_online,16,3000,3000,0.49727344444444443,0.015333333333333421,0.0,0.0,0.009666666666666667,0.009666666666666667,0.047,0.05
target,MNIST_QNN_eff_su2_r5_d2_p7_s143,leave_target_out,noisy_shot,128,4,matched_reference_lira_online,16,1000,1000,0.47053,0.0010000000000000009,0.0,0.0,0.006,0.01,0.038,0.049
target,MNIST_QNN_eff_su2_r5_d2_p7_s144,leave_target_out,noisy_shot,128,4,matched_reference_lira_online,16,1000,1000,0.519251,0.041000000000000036,0.0,0.0,0.013,0.01,0.061,0.05
target,MNIST_QNN_eff_su2_r5_d2_p7_s145,leave_target_out,noisy_shot,128,4,matched_reference_lira_online,16,1000,1000,0.502522,0.029000000000000026,0.006,0.001,0.021,0.009,0.047,0.048
cell,eff_su2_r5_d2,leave_target_out,noisy_shot,128,5,matched_reference_lira_online,16,3000,3000,0.4970953333333333,0.013000000000000012,0.002,0.001,0.008666666666666666,0.009666666666666667,0.041,0.049666666666666665
target,MNIST_QNN_eff_su2_r5_d2_p7_s143,leave_target_out,noisy_shot,128,5,matched_reference_lira_online,16,1000,1000,0.48994200000000004,0.025000000000000022,0.001,0.0,0.012,0.009,0.044,0.048
target,MNIST_QNN_eff_su2_r5_d2_p7_s144,leave_target_out,noisy_shot,128,5,matched_reference_lira_online,16,1000,1000,0.495348,0.02200000000000002,0.002,0.0,0.005,0.009,0.018,0.043
target,MNIST_QNN_eff_su2_r5_d2_p7_s145,leave_target_out,noisy_shot,128,5,matched_reference_lira_online,16,1000,1000,0.506228,0.02400000000000002,0.002,0.001,0.011,0.01,0.068,0.05
cell,eff_su2_r5_d2,leave_target_out,noisy_shot,128,6,matched_reference_lira_online,16,3000,3000,0.5024022222222222,0.018333333333333313,0.001,0.001,0.011666666666666667,0.009333333333333334,0.05633333333333333,0.049666666666666665
target,MNIST_QNN_eff_su2_r5_d2_p7_s143,leave_target_out,noisy_shot,128,6,matched_reference_lira_online,16,1000,1000,0.502147,0.02100000000000002,0.004,0.001,0.012,0.009,0.06,0.047
target,MNIST_QNN_eff_su2_r5_d2_p7_s144,leave_target_out,noisy_shot,128,6,matched_reference_lira_online,16,1000,1000,0.49777600000000005,0.009000000000000008,0.001,0.0,0.011,0.009,0.052,0.049
target,MNIST_QNN_eff_su2_r5_d2_p7_s145,leave_target_out,noisy_shot,128,6,matched_reference_lira_online,16,1000,1000,0.5077389999999999,0.03700000000000003,0.0,0.0,0.014,0.01,0.055,0.05
cell,eff_su2_r5_d2,leave_target_out,noisy_shot,128,7,matched_reference_lira_online,16,3000,3000,0.49684511111111107,0.014000000000000012,0.0023333333333333335,0.001,0.014666666666666666,0.009666666666666667,0.057666666666666665,0.05
target,MNIST_QNN_eff_su2_r5_d2_p7_s143,leave_target_out,noisy_shot,128,7,matched_reference_lira_online,16,1000,1000,0.502574,0.020000000000000018,0.004,0.001,0.013,0.01,0.067,0.049
target,MNIST_QNN_eff_su2_r5_d2_p7_s144,leave_target_out,noisy_shot,128,7,matched_reference_lira_online,16,1000,1000,0.496556,0.02300000000000002,0.003,0.001,0.011,0.009,0.042,0.049
target,MNIST_QNN_eff_su2_r5_d2_p7_s145,leave_target_out,noisy_shot,128,7,matched_reference_lira_online,16,1000,1000,0.491251,0.02100000000000002,0.003,0.001,0.022,0.009,0.067,0.05
cell,eff_su2_r5_d2,leave_target_out,noisy_shot,128,8,matched_reference_lira_online,16,3000,3000,0.4993788888888889,0.016666666666666677,0.0006666666666666666,0.0003333333333333333,0.009,0.008333333333333333,0.062,0.05
target,MNIST_QNN_eff_su2_r5_d2_p7_s143,leave_target_out,noisy_shot,128,8,matched_reference_lira_online,16,1000,1000,0.49924899999999994,0.02500000000000001,0.003,0.001,0.018,0.008,0.066,0.049
target,MNIST_QNN_eff_su2_r5_d2_p7_s144,leave_target_out,noisy_shot,128,8,matched_reference_lira_online,16,1000,1000,0.492839,0.016000000000000014,0.0,0.0,0.006,0.01,0.052,0.05
target,MNIST_QNN_eff_su2_r5_d2_p7_s145,leave_target_out,noisy_shot,128,8,matched_reference_lira_online,16,1000,1000,0.506011,0.035999999999999976,0.003,0.001,0.009,0.01,0.061,0.05
cell,eff_su2_r5_d2,leave_target_out,noisy_shot,128,9,matched_reference_lira_online,16,3000,3000,0.49638288888888893,0.01100000000000001,0.0,0.0,0.008666666666666666,0.01,0.04833333333333333,0.05
target,MNIST_QNN_eff_su2_r5_d2_p7_s143,leave_target_out,noisy_shot,128,9,matched_reference_lira_online,16,1000,1000,0.492862,0.02400000000000002,0.0,0.0,0.012,0.01,0.059,0.05
target,MNIST_QNN_eff_su2_r5_d2_p7_s144,leave_target_out,noisy_shot,128,9,matched_reference_lira_online,16,1000,1000,0.490073,0.019000000000000017,0.0,0.0,0.015,0.01,0.053,0.048
target,MNIST_QNN_eff_su2_r5_d2_p7_s145,leave_target_out,noisy_shot,128,9,matched_reference_lira_online,16,1000,1000,0.506027,0.028999999999999915,0.001,0.001,0.005,0.006,0.037,0.047
cell,eff_su2_r5_d2,leave_target_out,noisy_shot,128,0,matched_reference_lira_online_fixed_variance,16,3000,3000,0.4941172222222222,0.010666666666666713,0.0006666666666666666,0.0,0.004666666666666667,0.01,0.049666666666666665,0.04933333333333333
target,MNIST_QNN_eff_su2_r5_d2_p7_s143,leave_target_out,noisy_shot,128,0,matched_reference_lira_online_fixed_variance,16,1000,1000,0.499822,0.016000000000000014,0.0,0.0,0.002,0.009,0.053,0.05
target,MNIST_QNN_eff_su2_r5_d2_p7_s144,leave_target_out,noisy_shot,128,0,matched_reference_lira_online_fixed_variance,16,1000,1000,0.49422099999999997,0.02300000000000002,0.002,0.0,0.006,0.009,0.044,0.05
target,MNIST_QNN_eff_su2_r5_d2_p7_s145,leave_target_out,noisy_shot,128,0,matched_reference_lira_online_fixed_variance,16,1000,1000,0.488459,0.020000000000000018,0.0,0.0,0.006,0.01,0.056,0.049
cell,eff_su2_r5_d2,leave_target_out,noisy_shot,128,1,matched_reference_lira_online_fixed_variance,16,3000,3000,0.49632044444444445,0.016666666666666663,0.0006666666666666666,0.001,0.011666666666666667,0.009666666666666667,0.051,0.05
target,MNIST_QNN_eff_su2_r5_d2_p7_s143,leave_target_out,noisy_shot,128,1,matched_reference_lira_online_fixed_variance,16,1000,1000,0.48645800000000006,0.01100000000000001,0.001,0.001,0.011,0.009,0.052,0.049
target,MNIST_QNN_eff_su2_r5_d2_p7_s144,leave_target_out,noisy_shot,128,1,matched_reference_lira_online_fixed_variance,16,1000,1000,0.498175,0.020000000000000018,0.0,0.0,0.009,0.01,0.039,0.05
target,MNIST_QNN_eff_su2_r5_d2_p7_s145,leave_target_out,noisy_shot,128,1,matched_reference_lira_online_fixed_variance,16,1000,1000,0.503772,0.02799999999999997,0.002,0.001,0.019,0.01,0.067,0.05
cell,eff_su2_r5_d2,leave_target_out,noisy_shot,128,2,matched_reference_lira_online_fixed_variance,16,3000,3000,0.4971953333333333,0.009000000000000008,0.0016666666666666668,0.0006666666666666666,0.009333333333333334,0.009333333333333334,0.046,0.049666666666666665
target,MNIST_QNN_eff_su2_r5_d2_p7_s143,leave_target_out,noisy_shot,128,2,matched_reference_lira_online_fixed_variance,16,1000,1000,0.495902,0.013999999999999957,0.001,0.0,0.009,0.01,0.032,0.049
target,MNIST_QNN_eff_su2_r5_d2_p7_s144,leave_target_out,noisy_shot,128,2,matched_reference_lira_online_fixed_variance,16,1000,1000,0.5096579999999999,0.03799999999999998,0.001,0.0,0.007,0.009,0.051,0.049
target,MNIST_QNN_eff_su2_r5_d2_p7_s145,leave_target_out,noisy_shot,128,2,matched_reference_lira_online_fixed_variance,16,1000,1000,0.486158,0.018000000000000016,0.003,0.0,0.013,0.01,0.05,0.049
cell,eff_su2_r5_d2,leave_target_out,noisy_shot,128,3,matched_reference_lira_online_fixed_variance,16,3000,3000,0.494945,0.010333333333333333,0.0003333333333333333,0.0,0.017,0.01,0.052,0.05
target,MNIST_QNN_eff_su2_r5_d2_p7_s143,leave_target_out,noisy_shot,128,3,matched_reference_lira_online_fixed_variance,16,1000,1000,0.497586,0.019000000000000003,0.002,0.001,0.015,0.01,0.042,0.05
target,MNIST_QNN_eff_su2_r5_d2_p7_s144,leave_target_out,noisy_shot,128,3,matched_reference_lira_online_fixed_variance,16,1000,1000,0.494962,0.016999999999999994,0.0,0.0,0.018,0.009,0.06,0.05
target,MNIST_QNN_eff_su2_r5_d2_p7_s145,leave_target_out,noisy_shot,128,3,matched_reference_lira_online_fixed_variance,16,1000,1000,0.491798,0.014000000000000012,0.004,0.001,0.017,0.007,0.054,0.05
cell,eff_su2_r5_d2,leave_target_out,noisy_shot,128,4,matched_reference_lira_online_fixed_variance,16,3000,3000,0.49452233333333334,0.007333333333333303,0.0003333333333333333,0.001,0.005666666666666667,0.009666666666666667,0.04466666666666667,0.049666666666666665
target,MNIST_QNN_eff_su2_r5_d2_p7_s143,leave_target_out,noisy_shot,128,4,matched_reference_lira_online_fixed_variance,16,1000,1000,0.461421,0.0,0.0,0.0,0.001,0.006,0.033,0.049
target,MNIST_QNN_eff_su2_r5_d2_p7_s144,leave_target_out,noisy_shot,128,4,matched_reference_lira_online_fixed_variance,16,1000,1000,0.517777,0.04000000000000001,0.0,0.0,0.009,0.01,0.051,0.049
target,MNIST_QNN_eff_su2_r5_d2_p7_s145,leave_target_out,noisy_shot,128,4,matched_reference_lira_online_fixed_variance,16,1000,1000,0.5047780000000001,0.030000000000000027,0.001,0.001,0.012,0.008,0.052,0.05
cell,eff_su2_r5_d2,leave_target_out,noisy_shot,128,5,matched_reference_lira_online_fixed_variance,16,3000,3000,0.4990141111111111,0.017000000000000015,0.0013333333333333333,0.0006666666666666666,0.009666666666666667,0.01,0.04733333333333333,0.05
target,MNIST_QNN_eff_su2_r5_d2_p7_s143,leave_target_out,noisy_shot,128,5,matched_reference_lira_online_fixed_variance,16,1000,1000,0.49919199999999997,0.029000000000000026,0.001,0.0,0.013,0.008,0.047,0.047
target,MNIST_QNN_eff_su2_r5_d2_p7_s144,leave_target_out,noisy_shot,128,5,matched_reference_lira_online_fixed_variance,16,1000,1000,0.504926,0.03500000000000003,0.0,0.0,0.011,0.01,0.041,0.048
target,MNIST_QNN_eff_su2_r5_d2_p7_s145,leave_target_out,noisy_shot,128,5,matched_reference_lira_online_fixed_variance,16,1000,1000,0.49266999999999994,0.023000000000000007,0.003,0.0,0.004,0.003,0.058,0.05
cell,eff_su2_r5_d2,leave_target_out,noisy_shot,128,6,matched_reference_lira_online_fixed_variance,16,3000,3000,0.5052841111111112,0.019333333333333313,0.0003333333333333333,0.0,0.011333333333333334,0.009333333333333334,0.047,0.05
target,MNIST_QNN_eff_su2_r5_d2_p7_s143,leave_target_out,noisy_shot,128,6,matched_reference_lira_online_fixed_variance,16,1000,1000,0.498744,0.025000000000000022,0.004,0.001,0.011,0.008,0.049,0.049
target,MNIST_QNN_eff_su2_r5_d2_p7_s144,leave_target_out,noisy_shot,128,6,matched_reference_lira_online_fixed_variance,16,1000,1000,0.499859,0.02200000000000002,0.0,0.0,0.01,0.01,0.04,0.05
target,MNIST_QNN_eff_su2_r5_d2_p7_s145,leave_target_out,noisy_shot,128,6,matched_reference_lira_online_fixed_variance,16,1000,1000,0.517138,0.038000000000000034,0.003,0.001,0.01,0.008,0.046,0.049
cell,eff_su2_r5_d2,leave_target_out,noisy_shot,128,7,matched_reference_lira_online_fixed_variance,16,3000,3000,0.4942891111111112,0.013666666666666674,0.0,0.0,0.007333333333333333,0.01,0.04533333333333334,0.05
target,MNIST_QNN_eff_su2_r5_d2_p7_s143,leave_target_out,noisy_shot,128,7,matched_reference_lira_online_fixed_variance,16,1000,1000,0.497643,0.017000000000000015,0.002,0.001,0.005,0.01,0.043,0.048
target,MNIST_QNN_eff_su2_r5_d2_p7_s144,leave_target_out,noisy_shot,128,7,matched_reference_lira_online_fixed_variance,16,1000,1000,0.49531299999999995,0.017,0.0,0.0,0.01,0.01,0.044,0.05
target,MNIST_QNN_eff_su2_r5_d2_p7_s145,leave_target_out,noisy_shot,128,7,matched_reference_lira_online_fixed_variance,16,1000,1000,0.490135,0.017,0.0,0.0,0.009,0.01,0.05,0.048
cell,eff_su2_r5_d2,leave_target_out,noisy_shot,128,8,matched_reference_lira_online_fixed_variance,16,3000,3000,0.5077935555555556,0.026999999999999996,0.0003333333333333333,0.0,0.014333333333333333,0.01,0.06833333333333333,0.049666666666666665
target,MNIST_QNN_eff_su2_r5_d2_p7_s143,leave_target_out,noisy_shot,128,8,matched_reference_lira_online_fixed_variance,16,1000,1000,0.502966,0.04799999999999999,0.002,0.0,0.017,0.009,0.072,0.05
target,MNIST_QNN_eff_su2_r5_d2_p7_s144,leave_target_out,noisy_shot,128,8,matched_reference_lira_online_fixed_variance,16,1000,1000,0.49818399999999996,0.028000000000000025,0.0,0.0,0.012,0.01,0.069,0.05
target,MNIST_QNN_eff_su2_r5_d2_p7_s145,leave_target_out,noisy_shot,128,8,matched_reference_lira_online_fixed_variance,16,1000,1000,0.522014,0.062,0.002,0.001,0.015,0.01,0.067,0.049
cell,eff_su2_r5_d2,leave_target_out,noisy_shot,128,9,matched_reference_lira_online_fixed_variance,16,3000,3000,0.49783488888888894,0.012666666666666715,0.0,0.0,0.006333333333333333,0.009666666666666667,0.05733333333333333,0.048666666666666664
target,MNIST_QNN_eff_su2_r5_d2_p7_s143,leave_target_out,noisy_shot,128,9,matched_reference_lira_online_fixed_variance,16,1000,1000,0.494441,0.02300000000000002,0.0,0.0,0.008,0.01,0.066,0.05
target,MNIST_QNN_eff_su2_r5_d2_p7_s144,leave_target_out,noisy_shot,128,9,matched_reference_lira_online_fixed_variance,16,1000,1000,0.48761000000000004,0.018000000000000016,0.0,0.0,0.012,0.01,0.056,0.049
target,MNIST_QNN_eff_su2_r5_d2_p7_s145,leave_target_out,noisy_shot,128,9,matched_reference_lira_online_fixed_variance,16,1000,1000,0.510837,0.028000000000000025,0.0,0.0,0.007,0.009,0.055,0.049
cell,eff_su2_r5_d2,leave_target_out,noisy_shot,128,0,matched_reference_lira_offline,16,3000,3000,0.5007071111111111,0.017000000000000015,0.003,0.001,0.009333333333333334,0.009333333333333334,0.050333333333333334,0.049666666666666665
target,MNIST_QNN_eff_su2_r5_d2_p7_s143,leave_target_out,noisy_shot,128,0,matched_reference_lira_offline,16,1000,1000,0.505316,0.030000000000000027,0.001,0.001,0.007,0.009,0.047,0.049
target,MNIST_QNN_eff_su2_r5_d2_p7_s144,leave_target_out,noisy_shot,128,0,matched_reference_lira_offline,16,1000,1000,0.49344849999999996,0.01699999999999996,0.006,0.0,0.011,0.007,0.047,0.05
target,MNIST_QNN_eff_su2_r5_d2_p7_s145,leave_target_out,noisy_shot,128,0,matched_reference_lira_offline,16,1000,1000,0.504108,0.02100000000000002,0.002,0.0,0.009,0.009,0.051,0.05
cell,eff_su2_r5_d2,leave_target_out,noisy_shot,128,1,matched_reference_lira_offline,16,3000,3000,0.4909393333333334,0.014666666666666717,0.0,0.0,0.007,0.01,0.04566666666666667,0.049666666666666665
target,MNIST_QNN_eff_su2_r5_d2_p7_s143,leave_target_out,noisy_shot,128,1,matched_reference_lira_offline,16,1000,1000,0.477839,0.006000000000000005,0.0,0.0,0.004,0.007,0.048,0.049
target,MNIST_QNN_eff_su2_r5_d2_p7_s144,leave_target_out,noisy_shot,128,1,matched_reference_lira_offline,16,1000,1000,0.493284,0.029000000000000026,0.002,0.0,0.009,0.009,0.042,0.05
target,MNIST_QNN_eff_su2_r5_d2_p7_s145,leave_target_out,noisy_shot,128,1,matched_reference_lira_offline,16,1000,1000,0.5021519999999999,0.031,0.0,0.0,0.008,0.01,0.06,0.049
cell,eff_su2_r5_d2,leave_target_out,noisy_shot,128,2,matched_reference_lira_offline,16,3000,3000,0.5039404999999999,0.02966666666666662,0.0006666666666666666,0.001,0.007666666666666666,0.01,0.03966666666666667,0.049666666666666665
target,MNIST_QNN_eff_su2_r5_d2_p7_s143,leave_target_out,noisy_shot,128,2,matched_reference_lira_offline,16,1000,1000,0.5098210000000001,0.03500000000000003,0.001,0.001,0.011,0.01,0.042,0.047
target,MNIST_QNN_eff_su2_r5_d2_p7_s144,leave_target_out,noisy_shot,128,2,matched_reference_lira_offline,16,1000,1000,0.504745,0.04200000000000004,0.001,0.001,0.007,0.009,0.041,0.049
target,MNIST_QNN_eff_su2_r5_d2_p7_s145,leave_target_out,noisy_shot,128,2,matched_reference_lira_offline,16,1000,1000,0.49766649999999996,0.038000000000000034,0.001,0.001,0.006,0.008,0.038,0.048
cell,eff_su2_r5_d2,leave_target_out,noisy_shot,128,3,matched_reference_lira_offline,16,3000,3000,0.5174685,0.032333333333333325,0.0013333333333333333,0.001,0.012333333333333333,0.01,0.059,0.05
target,MNIST_QNN_eff_su2_r5_d2_p7_s143,leave_target_out,noisy_shot,128,3,matched_reference_lira_offline,16,1000,1000,0.5193365,0.04999999999999993,0.002,0.0,0.015,0.01,0.064,0.05
target,MNIST_QNN_eff_su2_r5_d2_p7_s144,leave_target_out,noisy_shot,128,3,matched_reference_lira_offline,16,1000,1000,0.518765,0.04500000000000004,0.001,0.001,0.009,0.009,0.05,0.049
target,MNIST_QNN_eff_su2_r5_d2_p7_s145,leave_target_out,noisy_shot,128,3,matched_reference_lira_offline,16,1000,1000,0.514421,0.034999999999999976,0.001,0.001,0.017,0.009,0.065,0.049
cell,eff_su2_r5_d2,leave_target_out,noisy_shot,128,4,matched_reference_lira_offline,16,3000,3000,0.50481,0.02833333333333332,0.0003333333333333333,0.001,0.010333333333333333,0.009666666666666667,0.051,0.049
target,MNIST_QNN_eff_su2_r5_d2_p7_s143,leave_target_out,noisy_shot,128,4,matched_reference_lira_offline,16,1000,1000,0.48756649999999996,0.020000000000000018,0.0,0.0,0.008,0.01,0.039,0.048
target,MNIST_QNN_eff_su2_r5_d2_p7_s144,leave_target_out,noisy_shot,128,4,matched_reference_lira_offline,16,1000,1000,0.5019,0.017000000000000015,0.001,0.001,0.009,0.01,0.045,0.048
target,MNIST_QNN_eff_su2_r5_d2_p7_s145,leave_target_out,noisy_shot,128,4,matched_reference_lira_offline,16,1000,1000,0.524206,0.05999999999999994,0.006,0.0,0.014,0.008,0.065,0.05
cell,eff_su2_r5_d2,leave_target_out,noisy_shot,128,5,matched_reference_lira_offline,16,3000,3000,0.49755966666666673,0.012333333333333307,0.0016666666666666668,0.0,0.007,0.01,0.044333333333333336,0.05
target,MNIST_QNN_eff_su2_r5_d2_p7_s143,leave_target_out,noisy_shot,128,5,matched_reference_lira_offline,16,1000,1000,0.496369,0.01100000000000001,0.001,0.0,0.007,0.01,0.044,0.049
target,MNIST_QNN_eff_su2_r5_d2_p7_s144,leave_target_out,noisy_shot,128,5,matched_reference_lira_offline,16,1000,1000,0.47162799999999994,0.0020000000000000018,0.002,0.001,0.005,0.01,0.029,0.05
target,MNIST_QNN_eff_su2_r5_d2_p7_s145,leave_target_out,noisy_shot,128,5,matched_reference_lira_offline,16,1000,1000,0.52512,0.05700000000000005,0.003,0.0,0.014,0.01,0.061,0.05
cell,eff_su2_r5_d2,leave_target_out,noisy_shot,128,6,matched_reference_lira_offline,16,3000,3000,0.5151875555555556,0.031333333333333324,0.0016666666666666668,0.001,0.009666666666666667,0.01,0.058333333333333334,0.05
target,MNIST_QNN_eff_su2_r5_d2_p7_s143,leave_target_out,noisy_shot,128,6,matched_reference_lira_offline,16,1000,1000,0.522424,0.05699999999999994,0.003,0.001,0.012,0.008,0.071,0.048
target,MNIST_QNN_eff_su2_r5_d2_p7_s144,leave_target_out,noisy_shot,128,6,matched_reference_lira_offline,16,1000,1000,0.5084,0.03500000000000003,0.003,0.001,0.009,0.008,0.055,0.049
target,MNIST_QNN_eff_su2_r5_d2_p7_s145,leave_target_out,noisy_shot,128,6,matched_reference_lira_offline,16,1000,1000,0.515263,0.036000000000000004,0.001,0.001,0.008,0.01,0.049,0.05
cell,eff_su2_r5_d2,leave_target_out,noisy_shot,128,7,matched_reference_lira_offline,16,3000,3000,0.5034379444444445,0.021333333333333315,0.004666666666666667,0.0006666666666666666,0.013,0.009666666666666667,0.04766666666666667,0.049666666666666665
target,MNIST_QNN_eff_su2_r5_d2_p7_s143,leave_target_out,noisy_shot,128,7,matched_reference_lira_offline,16,1000,1000,0.5132779999999999,0.03799999999999992,0.008,0.001,0.021,0.01,0.056,0.049
target,MNIST_QNN_eff_su2_r5_d2_p7_s144,leave_target_out,noisy_shot,128,7,matched_reference_lira_offline,16,1000,1000,0.48667,0.016000000000000014,0.003,0.0,0.005,0.006,0.032,0.05
target,MNIST_QNN_eff_su2_r5_d2_p7_s145,leave_target_out,noisy_shot,128,7,matched_reference_lira_offline,16,1000,1000,0.51035,0.04099999999999998,0.007,0.001,0.015,0.01,0.058,0.05
cell,eff_su2_r5_d2,leave_target_out,noisy_shot,128,8,matched_reference_lira_offline,16,3000,3000,0.5077935555555555,0.026666666666666727,0.0013333333333333333,0.001,0.009,0.009333333333333334,0.05333333333333334,0.05
target,MNIST_QNN_eff_su2_r5_d2_p7_s143,leave_target_out,noisy_shot,128,8,matched_reference_lira_offline,16,1000,1000,0.520167,0.04999999999999993,0.003,0.001,0.017,0.01,0.054,0.05
target,MNIST_QNN_eff_su2_r5_d2_p7_s144,leave_target_out,noisy_shot,128,8,matched_reference_lira_offline,16,1000,1000,0.48035799999999995,0.0010000000000000009,0.0,0.0,0.004,0.008,0.048,0.049
target,MNIST_QNN_eff_su2_r5_d2_p7_s145,leave_target_out,noisy_shot,128,8,matched_reference_lira_offline,16,1000,1000,0.5230549999999999,0.05399999999999994,0.002,0.0,0.009,0.01,0.064,0.047
cell,eff_su2_r5_d2,leave_target_out,noisy_shot,128,9,matched_reference_lira_offline,16,3000,3000,0.4951751666666667,0.007333333333333303,0.0003333333333333333,0.0003333333333333333,0.005333333333333333,0.008666666666666666,0.044,0.05
target,MNIST_QNN_eff_su2_r5_d2_p7_s143,leave_target_out,noisy_shot,128,9,matched_reference_lira_offline,16,1000,1000,0.505125,0.022999999999999993,0.001,0.001,0.008,0.01,0.042,0.05
target,MNIST_QNN_eff_su2_r5_d2_p7_s144,leave_target_out,noisy_shot,128,9,matched_reference_lira_offline,16,1000,1000,0.48966350000000003,0.017999999999999905,0.0,0.0,0.005,0.01,0.042,0.045
target,MNIST_QNN_eff_su2_r5_d2_p7_s145,leave_target_out,noisy_shot,128,9,matched_reference_lira_offline,16,1000,1000,0.49145799999999995,0.006000000000000005,0.001,0.001,0.007,0.009,0.049,0.05
cell,eff_su2_r5_d2,leave_target_out,noisy_shot,128,0,matched_reference_lira_offline_fixed_variance,16,3000,3000,0.49529200000000007,0.010666666666666658,0.0003333333333333333,0.001,0.006,0.009333333333333334,0.049,0.05
target,MNIST_QNN_eff_su2_r5_d2_p7_s143,leave_target_out,noisy_shot,128,0,matched_reference_lira_offline_fixed_variance,16,1000,1000,0.501329,0.031000000000000028,0.0,0.0,0.007,0.01,0.044,0.05
target,MNIST_QNN_eff_su2_r5_d2_p7_s144,leave_target_out,noisy_shot,128,0,matched_reference_lira_offline_fixed_variance,16,1000,1000,0.49209100000000006,0.008000000000000007,0.0,0.0,0.006,0.006,0.041,0.046
target,MNIST_QNN_eff_su2_r5_d2_p7_s145,leave_target_out,noisy_shot,128,0,matched_reference_lira_offline_fixed_variance,16,1000,1000,0.492649,0.017999999999999905,0.0,0.0,0.006,0.01,0.061,0.05
cell,eff_su2_r5_d2,leave_target_out,noisy_shot,128,1,matched_reference_lira_offline_fixed_variance,16,3000,3000,0.4912697777777778,0.004666666666666708,0.001,0.001,0.005666666666666667,0.009,0.042333333333333334,0.05
target,MNIST_QNN_eff_su2_r5_d2_p7_s143,leave_target_out,noisy_shot,128,1,matched_reference_lira_offline_fixed_variance,16,1000,1000,0.4831885,0.0010000000000000009,0.001,0.001,0.005,0.007,0.042,0.049
target,MNIST_QNN_eff_su2_r5_d2_p7_s144,leave_target_out,noisy_shot,128,1,matched_reference_lira_offline_fixed_variance,16,1000,1000,0.48967099999999997,0.015000000000000013,0.002,0.0,0.007,0.01,0.033,0.048
target,MNIST_QNN_eff_su2_r5_d2_p7_s145,leave_target_out,noisy_shot,128,1,matched_reference_lira_offline_fixed_variance,16,1000,1000,0.5013,0.019000000000000017,0.001,0.001,0.027,0.01,0.057,0.05
cell,eff_su2_r5_d2,leave_target_out,noisy_shot,128,2,matched_reference_lira_offline_fixed_variance,16,3000,3000,0.5028263888888889,0.017333333333333423,0.0,0.0,0.005666666666666667,0.01,0.049,0.05
target,MNIST_QNN_eff_su2_r5_d2_p7_s143,leave_target_out,noisy_shot,128,2,matched_reference_lira_offline_fixed_variance,16,1000,1000,0.5059440000000001,0.027000000000000024,0.0,0.0,0.008,0.008,0.053,0.05
target,MNIST_QNN_eff_su2_r5_d2_p7_s144,leave_target_out,noisy_shot,128,2,matched_reference_lira_offline_fixed_variance,16,1000,1000,0.49847800000000003,0.04200000000000004,0.0,0.0,0.004,0.006,0.041,0.05
target,MNIST_QNN_eff_su2_r5_d2_p7_s145,leave_target_out,noisy_shot,128,2,matched_reference_lira_offline_fixed_variance,16,1000,1000,0.5049715,0.03700000000000003,0.0,0.0,0.006,0.009,0.051,0.05
cell,eff_su2_r5_d2,leave_target_out,noisy_shot,128,3,matched_reference_lira_offline_fixed_variance,16,3000,3000,0.5068912777777778,0.020000000000000018,0.001,0.0006666666666666666,0.012,0.01,0.055,0.05
target,MNIST_QNN_eff_su2_r5_d2_p7_s143,leave_target_out,noisy_shot,128,3,matched_reference_lira_offline_fixed_variance,16,1000,1000,0.503118,0.029000000000000012,0.005,0.001,0.011,0.01,0.061,0.05
target,MNIST_QNN_eff_su2_r5_d2_p7_s144,leave_target_out,noisy_shot,128,3,matched_reference_lira_offline_fixed_variance,16,1000,1000,0.5126930000000001,0.031000000000000028,0.001,0.001,0.011,0.006,0.054,0.049
target,MNIST_QNN_eff_su2_r5_d2_p7_s145,leave_target_out,noisy_shot,128,3,matched_reference_lira_offline_fixed_variance,16,1000,1000,0.5056090000000001,0.04400000000000001,0.003,0.001,0.017,0.01,0.055,0.049
cell,eff_su2_r5_d2,leave_target_out,noisy_shot,128,4,matched_reference_lira_offline_fixed_variance,16,3000,3000,0.49937644444444446,0.008000000000000007,0.001,0.0006666666666666666,0.008333333333333333,0.008666666666666666,0.046,0.04833333333333333
target,MNIST_QNN_eff_su2_r5_d2_p7_s143,leave_target_out,noisy_shot,128,4,matched_reference_lira_offline_fixed_variance,16,1000,1000,0.476487,0.0020000000000000018,0.003,0.001,0.008,0.01,0.04,0.046
target,MNIST_QNN_eff_su2_r5_d2_p7_s144,leave_target_out,noisy_shot,128,4,matched_reference_lira_offline_fixed_variance,16,1000,1000,0.500667,0.029000000000000026,0.0,0.0,0.001,0.007,0.041,0.05
target,MNIST_QNN_eff_su2_r5_d2_p7_s145,leave_target_out,noisy_shot,128,4,matched_reference_lira_offline_fixed_variance,16,1000,1000,0.5207375,0.05400000000000005,0.004,0.001,0.018,0.01,0.06,0.05
cell,eff_su2_r5_d2,leave_target_out,noisy_shot,128,5,matched_reference_lira_offline_fixed_variance,16,3000,3000,0.49505044444444446,0.013333333333333336,0.001,0.001,0.007333333333333333,0.009666666666666667,0.04066666666666666,0.05
target,MNIST_QNN_eff_su2_r5_d2_p7_s143,leave_target_out,noisy_shot,128,5,matched_reference_lira_offline_fixed_variance,16,1000,1000,0.494043,0.020000000000000018,0.0,0.0,0.009,0.01,0.046,0.05
target,MNIST_QNN_eff_su2_r5_d2_p7_s144,leave_target_out,noisy_shot,128,5,matched_reference_lira_offline_fixed_variance,16,1000,1000,0.47332700000000005,0.0010000000000000009,0.001,0.001,0.005,0.008,0.035,0.05
target,MNIST_QNN_eff_su2_r5_d2_p7_s145,leave_target_out,noisy_shot,128,5,matched_reference_lira_offline_fixed_variance,16,1000,1000,0.517852,0.05100000000000002,0.003,0.0,0.014,0.009,0.046,0.05
cell,eff_su2_r5_d2,leave_target_out,noisy_shot,128,6,matched_reference_lira_offline_fixed_variance,16,3000,3000,0.5115247222222222,0.027000000000000024,0.0006666666666666666,0.0003333333333333333,0.013666666666666667,0.01,0.05333333333333334,0.04833333333333333
target,MNIST_QNN_eff_su2_r5_d2_p7_s143,leave_target_out,noisy_shot,128,6,matched_reference_lira_offline_fixed_variance,16,1000,1000,0.516815,0.04999999999999993,0.002,0.001,0.02,0.009,0.057,0.048
target,MNIST_QNN_eff_su2_r5_d2_p7_s144,leave_target_out,noisy_shot,128,6,matched_reference_lira_offline_fixed_variance,16,1000,1000,0.510529,0.038000000000000034,0.0,0.0,0.008,0.01,0.052,0.046
target,MNIST_QNN_eff_su2_r5_d2_p7_s145,leave_target_out,noisy_shot,128,6,matched_reference_lira_offline_fixed_variance,16,1000,1000,0.507997,0.029000000000000012,0.004,0.001,0.015,0.008,0.049,0.05
cell,eff_su2_r5_d2,leave_target_out,noisy_shot,128,7,matched_reference_lira_offline_fixed_variance,16,3000,3000,0.5021383333333334,0.02300000000000002,0.0006666666666666666,0.001,0.005333333333333333,0.01,0.043666666666666666,0.049
target,MNIST_QNN_eff_su2_r5_d2_p7_s143,leave_target_out,noisy_shot,128,7,matched_reference_lira_offline_fixed_variance,16,1000,1000,0.506868,0.040000000000000036,0.003,0.001,0.012,0.009,0.045,0.05
target,MNIST_QNN_eff_su2_r5_d2_p7_s144,leave_target_out,noisy_shot,128,7,matched_reference_lira_offline_fixed_variance,16,1000,1000,0.48317600000000005,0.013000000000000012,0.0,0.0,0.002,0.01,0.037,0.047
target,MNIST_QNN_eff_su2_r5_d2_p7_s145,leave_target_out,noisy_shot,128,7,matched_reference_lira_offline_fixed_variance,16,1000,1000,0.515888,0.04200000000000004,0.001,0.001,0.003,0.01,0.051,0.049
cell,eff_su2_r5_d2,leave_target_out,noisy_shot,128,8,matched_reference_lira_offline_fixed_variance,16,3000,3000,0.5106968888888889,0.025666666666666726,0.0003333333333333333,0.001,0.006333333333333333,0.01,0.056666666666666664,0.049666666666666665
target,MNIST_QNN_eff_su2_r5_d2_p7_s143,leave_target_out,noisy_shot,128,8,matched_reference_lira_offline_fixed_variance,16,1000,1000,0.522691,0.05399999999999999,0.001,0.0,0.006,0.009,0.061,0.049
target,MNIST_QNN_eff_su2_r5_d2_p7_s144,leave_target_out,noisy_shot,128,8,matched_reference_lira_offline_fixed_variance,16,1000,1000,0.477966,0.0030000000000000027,0.0,0.0,0.003,0.01,0.028,0.05
target,MNIST_QNN_eff_su2_r5_d2_p7_s145,leave_target_out,noisy_shot,128,8,matched_reference_lira_offline_fixed_variance,16,1000,1000,0.530753,0.050000000000000044,0.001,0.0,0.014,0.009,0.071,0.05
cell,eff_su2_r5_d2,leave_target_out,noisy_shot,128,9,matched_reference_lira_offline_fixed_variance,16,3000,3000,0.49723949999999995,0.015000000000000013,0.0,0.0,0.007,0.01,0.045,0.049666666666666665
target,MNIST_QNN_eff_su2_r5_d2_p7_s143,leave_target_out,noisy_shot,128,9,matched_reference_lira_offline_fixed_variance,16,1000,1000,0.5018,0.028000000000000025,0.008,0.001,0.012,0.008,0.048,0.05
target,MNIST_QNN_eff_su2_r5_d2_p7_s144,leave_target_out,noisy_shot,128,9,matched_reference_lira_offline_fixed_variance,16,1000,1000,0.498321,0.03600000000000003,0.0,0.0,0.002,0.007,0.035,0.049
target,MNIST_QNN_eff_su2_r5_d2_p7_s145,leave_target_out,noisy_shot,128,9,matched_reference_lira_offline_fixed_variance,16,1000,1000,0.4930245,0.018000000000000016,0.0,0.0,0.009,0.008,0.045,0.05
cell,z_r1_d6,leave_target_out,noisy_shot,128,0,loss_mia,0,3000,3000,0.5208684444444445,0.03966666666666663,0.0023333333333333335,0.0006666666666666666,0.014666666666666666,0.007666666666666666,0.064,0.05
target,MNIST_QNN_z_r1_d6_p7_s143,leave_target_out,noisy_shot,128,0,loss_mia,0,1000,1000,0.513206,0.03500000000000003,0.004,0.001,0.015,0.01,0.057,0.05
target,MNIST_QNN_z_r1_d6_p7_s144,leave_target_out,noisy_shot,128,0,loss_mia,0,1000,1000,0.525773,0.05300000000000005,0.01,0.001,0.027,0.009,0.077,0.05
target,MNIST_QNN_z_r1_d6_p7_s145,leave_target_out,noisy_shot,128,0,loss_mia,0,1000,1000,0.523366,0.051999999999999935,0.001,0.0,0.004,0.009,0.059,0.05
cell,z_r1_d6,leave_target_out,noisy_shot,128,1,loss_mia,0,3000,3000,0.5195752222222222,0.04400000000000004,0.0026666666666666666,0.001,0.009666666666666667,0.009666666666666667,0.06133333333333333,0.049
target,MNIST_QNN_z_r1_d6_p7_s143,leave_target_out,noisy_shot,128,1,loss_mia,0,1000,1000,0.513003,0.040999999999999925,0.002,0.001,0.013,0.01,0.063,0.049
target,MNIST_QNN_z_r1_d6_p7_s144,leave_target_out,noisy_shot,128,1,loss_mia,0,1000,1000,0.525906,0.05500000000000005,0.004,0.001,0.007,0.007,0.062,0.047
target,MNIST_QNN_z_r1_d6_p7_s145,leave_target_out,noisy_shot,128,1,loss_mia,0,1000,1000,0.519728,0.04899999999999993,0.003,0.001,0.009,0.009,0.058,0.048
cell,z_r1_d6,leave_target_out,noisy_shot,128,2,loss_mia,0,3000,3000,0.5151675555555555,0.040000000000000036,0.0013333333333333333,0.001,0.014333333333333333,0.01,0.05333333333333334,0.05
target,MNIST_QNN_z_r1_d6_p7_s143,leave_target_out,noisy_shot,128,2,loss_mia,0,1000,1000,0.514663,0.041000000000000036,0.003,0.001,0.016,0.01,0.054,0.047
target,MNIST_QNN_z_r1_d6_p7_s144,leave_target_out,noisy_shot,128,2,loss_mia,0,1000,1000,0.523494,0.050000000000000044,0.003,0.001,0.014,0.01,0.058,0.05
target,MNIST_QNN_z_r1_d6_p7_s145,leave_target_out,noisy_shot,128,2,loss_mia,0,1000,1000,0.507781,0.04500000000000004,0.002,0.001,0.012,0.008,0.054,0.05
cell,z_r1_d6,leave_target_out,noisy_shot,128,3,loss_mia,0,3000,3000,0.5299992222222222,0.05066666666666675,0.003,0.001,0.015,0.01,0.052,0.05
target,MNIST_QNN_z_r1_d6_p7_s143,leave_target_out,noisy_shot,128,3,loss_mia,0,1000,1000,0.527172,0.06399999999999995,0.003,0.001,0.011,0.009,0.053,0.046
target,MNIST_QNN_z_r1_d6_p7_s144,leave_target_out,noisy_shot,128,3,loss_mia,0,1000,1000,0.539726,0.07600000000000007,0.007,0.001,0.017,0.009,0.06,0.05
target,MNIST_QNN_z_r1_d6_p7_s145,leave_target_out,noisy_shot,128,3,loss_mia,0,1000,1000,0.523093,0.04099999999999998,0.0,0.0,0.003,0.005,0.05,0.049
cell,z_r1_d6,leave_target_out,noisy_shot,128,4,loss_mia,0,3000,3000,0.520958,0.054333333333333345,0.005,0.001,0.015,0.009333333333333334,0.057666666666666665,0.05
target,MNIST_QNN_z_r1_d6_p7_s143,leave_target_out,noisy_shot,128,4,loss_mia,0,1000,1000,0.510059,0.03600000000000003,0.008,0.001,0.013,0.005,0.051,0.046
target,MNIST_QNN_z_r1_d6_p7_s144,leave_target_out,noisy_shot,128,4,loss_mia,0,1000,1000,0.529927,0.06900000000000006,0.008,0.001,0.022,0.01,0.071,0.05
target,MNIST_QNN_z_r1_d6_p7_s145,leave_target_out,noisy_shot,128,4,loss_mia,0,1000,1000,0.523201,0.06600000000000006,0.003,0.001,0.013,0.01,0.059,0.05
cell,z_r1_d6,leave_target_out,noisy_shot,128,5,loss_mia,0,3000,3000,0.5203508888888888,0.03933333333333333,0.003,0.001,0.01633333333333333,0.01,0.05,0.049
target,MNIST_QNN_z_r1_d6_p7_s143,leave_target_out,noisy_shot,128,5,loss_mia,0,1000,1000,0.51717,0.049000000000000044,0.002,0.001,0.015,0.01,0.059,0.045
target,MNIST_QNN_z_r1_d6_p7_s144,leave_target_out,noisy_shot,128,5,loss_mia,0,1000,1000,0.530261,0.05400000000000005,0.005,0.0,0.017,0.01,0.07,0.049
target,MNIST_QNN_z_r1_d6_p7_s145,leave_target_out,noisy_shot,128,5,loss_mia,0,1000,1000,0.51307,0.05699999999999994,0.003,0.001,0.009,0.005,0.034,0.047
cell,z_r1_d6,leave_target_out,noisy_shot,128,6,loss_mia,0,3000,3000,0.5200992222222223,0.038000000000000034,0.003,0.0006666666666666666,0.014,0.009666666666666667,0.057,0.049
target,MNIST_QNN_z_r1_d6_p7_s143,leave_target_out,noisy_shot,128,6,loss_mia,0,1000,1000,0.523037,0.050000000000000044,0.007,0.001,0.024,0.01,0.048,0.047
target,MNIST_QNN_z_r1_d6_p7_s144,leave_target_out,noisy_shot,128,6,loss_mia,0,1000,1000,0.519752,0.052000000000000046,0.003,0.001,0.016,0.01,0.068,0.05
target,MNIST_QNN_z_r1_d6_p7_s145,leave_target_out,noisy_shot,128,6,loss_mia,0,1000,1000,0.5173869999999999,0.039999999999999925,0.0,0.0,0.015,0.01,0.066,0.05
cell,z_r1_d6,leave_target_out,noisy_shot,128,7,loss_mia,0,3000,3000,0.5237995555555555,0.03833333333333333,0.0016666666666666668,0.0006666666666666666,0.01633333333333333,0.008666666666666666,0.056,0.05
target,MNIST_QNN_z_r1_d6_p7_s143,leave_target_out,noisy_shot,128,7,loss_mia,0,1000,1000,0.510663,0.032,0.003,0.001,0.016,0.009,0.059,0.05
target,MNIST_QNN_z_r1_d6_p7_s144,leave_target_out,noisy_shot,128,7,loss_mia,0,1000,1000,0.530314,0.05700000000000005,0.009,0.0,0.016,0.008,0.065,0.05
target,MNIST_QNN_z_r1_d6_p7_s145,leave_target_out,noisy_shot,128,7,loss_mia,0,1000,1000,0.5292319999999999,0.06700000000000006,0.006,0.001,0.013,0.007,0.046,0.049
cell,z_r1_d6,leave_target_out,noisy_shot,128,8,loss_mia,0,3000,3000,0.521583,0.038000000000000034,0.0013333333333333333,0.0006666666666666666,0.015,0.009666666666666667,0.057,0.049666666666666665
target,MNIST_QNN_z_r1_d6_p7_s143,leave_target_out,noisy_shot,128,8,loss_mia,0,1000,1000,0.509328,0.027000000000000024,0.001,0.001,0.014,0.01,0.06,0.05
target,MNIST_QNN_z_r1_d6_p7_s144,leave_target_out,noisy_shot,128,8,loss_mia,0,1000,1000,0.53835,0.06700000000000006,0.003,0.001,0.022,0.01,0.071,0.048
target,MNIST_QNN_z_r1_d6_p7_s145,leave_target_out,noisy_shot,128,8,loss_mia,0,1000,1000,0.5161720000000001,0.04799999999999993,0.003,0.001,0.009,0.01,0.039,0.048
cell,z_r1_d6,leave_target_out,noisy_shot,128,9,loss_mia,0,3000,3000,0.5151356666666667,0.040000000000000036,0.0023333333333333335,0.001,0.013333333333333334,0.01,0.05366666666666667,0.049666666666666665
target,MNIST_QNN_z_r1_d6_p7_s143,leave_target_out,noisy_shot,128,9,loss_mia,0,1000,1000,0.5165839999999999,0.03700000000000003,0.002,0.001,0.017,0.008,0.045,0.05
target,MNIST_QNN_z_r1_d6_p7_s144,leave_target_out,noisy_shot,128,9,loss_mia,0,1000,1000,0.524677,0.05400000000000005,0.004,0.001,0.022,0.01,0.063,0.05
target,MNIST_QNN_z_r1_d6_p7_s145,leave_target_out,noisy_shot,128,9,loss_mia,0,1000,1000,0.5038279999999999,0.04699999999999993,0.002,0.0,0.016,0.01,0.049,0.05
cell,z_r1_d6,leave_target_out,noisy_shot,128,0,latent_lira_mismatched,16,3000,3000,0.5131464444444445,0.03733333333333333,0.0003333333333333333,0.0006666666666666666,0.007,0.01,0.047,0.05
target,MNIST_QNN_z_r1_d6_p7_s143,leave_target_out,noisy_shot,128,0,latent_lira_mismatched,16,1000,1000,0.511838,0.040000000000000036,0.001,0.001,0.009,0.01,0.05,0.05
target,MNIST_QNN_z_r1_d6_p7_s144,leave_target_out,noisy_shot,128,0,latent_lira_mismatched,16,1000,1000,0.514972,0.06000000000000005,0.002,0.001,0.008,0.006,0.05,0.05
target,MNIST_QNN_z_r1_d6_p7_s145,leave_target_out,noisy_shot,128,0,latent_lira_mismatched,16,1000,1000,0.512663,0.03200000000000003,0.0,0.0,0.008,0.01,0.044,0.049
cell,z_r1_d6,leave_target_out,noisy_shot,128,1,latent_lira_mismatched,16,3000,3000,0.5132422222222223,0.03633333333333333,0.0003333333333333333,0.001,0.008333333333333333,0.009666666666666667,0.049,0.05
target,MNIST_QNN_z_r1_d6_p7_s143,leave_target_out,noisy_shot,128,1,latent_lira_mismatched,16,1000,1000,0.507597,0.040000000000000036,0.001,0.001,0.014,0.01,0.063,0.049
target,MNIST_QNN_z_r1_d6_p7_s144,leave_target_out,noisy_shot,128,1,latent_lira_mismatched,16,1000,1000,0.507418,0.052999999999999936,0.001,0.001,0.009,0.01,0.039,0.048
target,MNIST_QNN_z_r1_d6_p7_s145,leave_target_out,noisy_shot,128,1,latent_lira_mismatched,16,1000,1000,0.524875,0.05199999999999999,0.0,0.0,0.01,0.01,0.052,0.05
cell,z_r1_d6,leave_target_out,noisy_shot,128,2,latent_lira_mismatched,16,3000,3000,0.5077022222222223,0.03533333333333333,0.0006666666666666666,0.001,0.008666666666666666,0.008333333333333333,0.04466666666666667,0.049666666666666665
target,MNIST_QNN_z_r1_d6_p7_s143,leave_target_out,noisy_shot,128,2,latent_lira_mismatched,16,1000,1000,0.504815,0.04800000000000004,0.003,0.001,0.013,0.009,0.043,0.048
target,MNIST_QNN_z_r1_d6_p7_s144,leave_target_out,noisy_shot,128,2,latent_lira_mismatched,16,1000,1000,0.49987500000000007,0.03399999999999992,0.0,0.0,0.01,0.009,0.037,0.05
target,MNIST_QNN_z_r1_d6_p7_s145,leave_target_out,noisy_shot,128,2,latent_lira_mismatched,16,1000,1000,0.5181060000000001,0.05300000000000005,0.001,0.0,0.008,0.009,0.061,0.05
cell,z_r1_d6,leave_target_out,noisy_shot,128,3,latent_lira_mismatched,16,3000,3000,0.5071423333333334,0.033666666666666734,0.0,0.0,0.006666666666666667,0.01,0.048,0.05
target,MNIST_QNN_z_r1_d6_p7_s143,leave_target_out,noisy_shot,128,3,latent_lira_mismatched,16,1000,1000,0.49536,0.03400000000000003,0.0,0.0,0.005,0.006,0.047,0.05
target,MNIST_QNN_z_r1_d6_p7_s144,leave_target_out,noisy_shot,128,3,latent_lira_mismatched,16,1000,1000,0.512732,0.04200000000000004,0.0,0.0,0.014,0.01,0.053,0.049
target,MNIST_QNN_z_r1_d6_p7_s145,leave_target_out,noisy_shot,128,3,latent_lira_mismatched,16,1000,1000,0.513447,0.04999999999999993,0.0,0.0,0.004,0.008,0.044,0.049
cell,z_r1_d6,leave_target_out,noisy_shot,128,4,latent_lira_mismatched,16,3000,3000,0.5120041111111111,0.03600000000000003,0.001,0.0006666666666666666,0.010666666666666666,0.01,0.04733333333333333,0.05
target,MNIST_QNN_z_r1_d6_p7_s143,leave_target_out,noisy_shot,128,4,latent_lira_mismatched,16,1000,1000,0.517268,0.039000000000000035,0.0,0.0,0.008,0.008,0.041,0.047
target,MNIST_QNN_z_r1_d6_p7_s144,leave_target_out,noisy_shot,128,4,latent_lira_mismatched,16,1000,1000,0.513913,0.05800000000000005,0.002,0.001,0.013,0.008,0.056,0.049
target,MNIST_QNN_z_r1_d6_p7_s145,leave_target_out,noisy_shot,128,4,latent_lira_mismatched,16,1000,1000,0.504764,0.030000000000000027,0.001,0.0,0.01,0.01,0.041,0.049
cell,z_r1_d6,leave_target_out,noisy_shot,128,5,latent_lira_mismatched,16,3000,3000,0.502567,0.016000000000000014,0.0013333333333333333,0.001,0.008333333333333333,0.01,0.047,0.05
target,MNIST_QNN_z_r1_d6_p7_s143,leave_target_out,noisy_shot,128,5,latent_lira_mismatched,16,1000,1000,0.49978199999999995,0.027000000000000024,0.001,0.001,0.005,0.01,0.053,0.05
target,MNIST_QNN_z_r1_d6_p7_s144,leave_target_out,noisy_shot,128,5,latent_lira_mismatched,16,1000,1000,0.507628,0.028000000000000025,0.004,0.001,0.012,0.009,0.055,0.049
target,MNIST_QNN_z_r1_d6_p7_s145,leave_target_out,noisy_shot,128,5,latent_lira_mismatched,16,1000,1000,0.499606,0.020000000000000018,0.0,0.0,0.007,0.01,0.042,0.049
cell,z_r1_d6,leave_target_out,noisy_shot,128,6,latent_lira_mismatched,16,3000,3000,0.5228213333333334,0.05133333333333334,0.0003333333333333333,0.0006666666666666666,0.008333333333333333,0.009666666666666667,0.049666666666666665,0.05
target,MNIST_QNN_z_r1_d6_p7_s143,leave_target_out,noisy_shot,128,6,latent_lira_mismatched,16,1000,1000,0.521393,0.062000000000000055,0.0,0.0,0.006,0.008,0.038,0.05
target,MNIST_QNN_z_r1_d6_p7_s144,leave_target_out,noisy_shot,128,6,latent_lira_mismatched,16,1000,1000,0.525984,0.06599999999999995,0.0,0.0,0.009,0.01,0.057,0.05
target,MNIST_QNN_z_r1_d6_p7_s145,leave_target_out,noisy_shot,128,6,latent_lira_mismatched,16,1000,1000,0.5214300000000001,0.04600000000000004,0.0,0.0,0.011,0.009,0.06,0.05
cell,z_r1_d6,leave_target_out,noisy_shot,128,7,latent_lira_mismatched,16,3000,3000,0.5103788888888889,0.04133333333333333,0.0,0.0,0.012333333333333333,0.009,0.049666666666666665,0.05
target,MNIST_QNN_z_r1_d6_p7_s143,leave_target_out,noisy_shot,128,7,latent_lira_mismatched,16,1000,1000,0.509663,0.04500000000000004,0.001,0.001,0.011,0.006,0.056,0.05
target,MNIST_QNN_z_r1_d6_p7_s144,leave_target_out,noisy_shot,128,7,latent_lira_mismatched,16,1000,1000,0.5166630000000001,0.04300000000000004,0.003,0.001,0.015,0.008,0.054,0.05
target,MNIST_QNN_z_r1_d6_p7_s145,leave_target_out,noisy_shot,128,7,latent_lira_mismatched,16,1000,1000,0.504885,0.04500000000000004,0.0,0.0,0.008,0.01,0.042,0.05
cell,z_r1_d6,leave_target_out,noisy_shot,128,8,latent_lira_mismatched,16,3000,3000,0.5087896666666667,0.02366666666666667,0.001,0.0006666666666666666,0.008333333333333333,0.009666666666666667,0.046,0.05
target,MNIST_QNN_z_r1_d6_p7_s143,leave_target_out,noisy_shot,128,8,latent_lira_mismatched,16,1000,1000,0.503168,0.02299999999999991,0.0,0.0,0.01,0.01,0.042,0.048
target,MNIST_QNN_z_r1_d6_p7_s144,leave_target_out,noisy_shot,128,8,latent_lira_mismatched,16,1000,1000,0.521751,0.05700000000000005,0.008,0.001,0.01,0.009,0.049,0.048
target,MNIST_QNN_z_r1_d6_p7_s145,leave_target_out,noisy_shot,128,8,latent_lira_mismatched,16,1000,1000,0.500798,0.02300000000000002,0.001,0.0,0.003,0.01,0.042,0.046
cell,z_r1_d6,leave_target_out,noisy_shot,128,9,latent_lira_mismatched,16,3000,3000,0.5132028888888889,0.04133333333333333,0.0016666666666666668,0.001,0.009666666666666667,0.009,0.052333333333333336,0.049666666666666665
target,MNIST_QNN_z_r1_d6_p7_s143,leave_target_out,noisy_shot,128,9,latent_lira_mismatched,16,1000,1000,0.516794,0.06699999999999995,0.002,0.0,0.008,0.006,0.049,0.05
target,MNIST_QNN_z_r1_d6_p7_s144,leave_target_out,noisy_shot,128,9,latent_lira_mismatched,16,1000,1000,0.511077,0.03499999999999992,0.002,0.001,0.01,0.01,0.055,0.05
target,MNIST_QNN_z_r1_d6_p7_s145,leave_target_out,noisy_shot,128,9,latent_lira_mismatched,16,1000,1000,0.511949,0.04500000000000004,0.001,0.0,0.011,0.009,0.052,0.05
cell,z_r1_d6,leave_target_out,noisy_shot,128,0,deconvolved_lira,16,3000,3000,0.5118016666666667,0.03799999999999992,0.0006666666666666666,0.001,0.009666666666666667,0.01,0.04766666666666667,0.05
target,MNIST_QNN_z_r1_d6_p7_s143,leave_target_out,noisy_shot,128,0,deconvolved_lira,16,1000,1000,0.522361,0.051999999999999935,0.001,0.001,0.014,0.009,0.047,0.05
target,MNIST_QNN_z_r1_d6_p7_s144,leave_target_out,noisy_shot,128,0,deconvolved_lira,16,1000,1000,0.504273,0.03200000000000003,0.006,0.001,0.01,0.01,0.051,0.05
target,MNIST_QNN_z_r1_d6_p7_s145,leave_target_out,noisy_shot,128,0,deconvolved_lira,16,1000,1000,0.508865,0.039000000000000035,0.001,0.001,0.007,0.01,0.043,0.05
cell,z_r1_d6,leave_target_out,noisy_shot,128,1,deconvolved_lira,16,3000,3000,0.5094937777777777,0.030000000000000027,0.0003333333333333333,0.0006666666666666666,0.010333333333333333,0.01,0.04666666666666667,0.049666666666666665
target,MNIST_QNN_z_r1_d6_p7_s143,leave_target_out,noisy_shot,128,1,deconvolved_lira,16,1000,1000,0.508118,0.030000000000000027,0.001,0.001,0.014,0.01,0.057,0.05
target,MNIST_QNN_z_r1_d6_p7_s144,leave_target_out,noisy_shot,128,1,deconvolved_lira,16,1000,1000,0.499027,0.030000000000000027,0.001,0.001,0.012,0.01,0.041,0.05
target,MNIST_QNN_z_r1_d6_p7_s145,leave_target_out,noisy_shot,128,1,deconvolved_lira,16,1000,1000,0.521498,0.04500000000000004,0.0,0.0,0.013,0.01,0.045,0.047
cell,z_r1_d6,leave_target_out,noisy_shot,128,2,deconvolved_lira,16,3000,3000,0.5059504444444445,0.03066666666666673,0.001,0.0003333333333333333,0.009,0.009666666666666667,0.036333333333333336,0.048666666666666664
target,MNIST_QNN_z_r1_d6_p7_s143,leave_target_out,noisy_shot,128,2,deconvolved_lira,16,1000,1000,0.5037429999999999,0.051999999999999935,0.002,0.0,0.012,0.009,0.038,0.05
target,MNIST_QNN_z_r1_d6_p7_s144,leave_target_out,noisy_shot,128,2,deconvolved_lira,16,1000,1000,0.5004250000000001,0.02400000000000002,0.0,0.0,0.004,0.01,0.028,0.05
target,MNIST_QNN_z_r1_d6_p7_s145,leave_target_out,noisy_shot,128,2,deconvolved_lira,16,1000,1000,0.5134529999999999,0.04300000000000004,0.001,0.0,0.009,0.006,0.048,0.048
cell,z_r1_d6,leave_target_out,noisy_shot,128,3,deconvolved_lira,16,3000,3000,0.5099584444444445,0.02633333333333343,0.0006666666666666666,0.001,0.007666666666666666,0.01,0.039,0.04933333333333333
target,MNIST_QNN_z_r1_d6_p7_s143,leave_target_out,noisy_shot,128,3,deconvolved_lira,16,1000,1000,0.496188,0.018000000000000016,0.003,0.001,0.01,0.01,0.04,0.05
target,MNIST_QNN_z_r1_d6_p7_s144,leave_target_out,noisy_shot,128,3,deconvolved_lira,16,1000,1000,0.514543,0.04600000000000004,0.001,0.001,0.014,0.01,0.043,0.05
target,MNIST_QNN_z_r1_d6_p7_s145,leave_target_out,noisy_shot,128,3,deconvolved_lira,16,1000,1000,0.5189079999999999,0.04799999999999993,0.001,0.001,0.001,0.001,0.032,0.05
cell,z_r1_d6,leave_target_out,noisy_shot,128,4,deconvolved_lira,16,3000,3000,0.506432,0.02533333333333332,0.002,0.001,0.010333333333333333,0.01,0.04766666666666667,0.05
target,MNIST_QNN_z_r1_d6_p7_s143,leave_target_out,noisy_shot,128,4,deconvolved_lira,16,1000,1000,0.510875,0.028000000000000025,0.001,0.001,0.007,0.009,0.043,0.05
target,MNIST_QNN_z_r1_d6_p7_s144,leave_target_out,noisy_shot,128,4,deconvolved_lira,16,1000,1000,0.504981,0.03500000000000003,0.003,0.001,0.016,0.008,0.056,0.049
target,MNIST_QNN_z_r1_d6_p7_s145,leave_target_out,noisy_shot,128,4,deconvolved_lira,16,1000,1000,0.503769,0.03299999999999992,0.002,0.0,0.008,0.009,0.044,0.05
cell,z_r1_d6,leave_target_out,noisy_shot,128,5,deconvolved_lira,16,3000,3000,0.504949,0.022333333333333316,0.001,0.001,0.007333333333333333,0.009666666666666667,0.04666666666666667,0.05
target,MNIST_QNN_z_r1_d6_p7_s143,leave_target_out,noisy_shot,128,5,deconvolved_lira,16,1000,1000,0.5133000000000001,0.03999999999999998,0.0,0.0,0.007,0.007,0.046,0.05
target,MNIST_QNN_z_r1_d6_p7_s144,leave_target_out,noisy_shot,128,5,deconvolved_lira,16,1000,1000,0.503724,0.034,0.001,0.001,0.017,0.009,0.055,0.049
target,MNIST_QNN_z_r1_d6_p7_s145,leave_target_out,noisy_shot,128,5,deconvolved_lira,16,1000,1000,0.49740700000000004,0.028000000000000025,0.0,0.0,0.004,0.01,0.031,0.05
cell,z_r1_d6,leave_target_out,noisy_shot,128,6,deconvolved_lira,16,3000,3000,0.5155068888888888,0.033333333333333326,0.001,0.0003333333333333333,0.01,0.009666666666666667,0.051,0.049666666666666665
target,MNIST_QNN_z_r1_d6_p7_s143,leave_target_out,noisy_shot,128,6,deconvolved_lira,16,1000,1000,0.527717,0.062,0.001,0.001,0.01,0.01,0.049,0.05
target,MNIST_QNN_z_r1_d6_p7_s144,leave_target_out,noisy_shot,128,6,deconvolved_lira,16,1000,1000,0.511556,0.039999999999999925,0.001,0.0,0.006,0.008,0.055,0.047
target,MNIST_QNN_z_r1_d6_p7_s145,leave_target_out,noisy_shot,128,6,deconvolved_lira,16,1000,1000,0.508175,0.03600000000000003,0.002,0.001,0.014,0.008,0.051,0.048
cell,z_r1_d6,leave_target_out,noisy_shot,128,7,deconvolved_lira,16,3000,3000,0.49758311111111114,0.022333333333333316,0.001,0.001,0.013666666666666667,0.01,0.047,0.049666666666666665
target,MNIST_QNN_z_r1_d6_p7_s143,leave_target_out,noisy_shot,128,7,deconvolved_lira,16,1000,1000,0.495826,0.02300000000000002,0.002,0.001,0.015,0.01,0.049,0.05
target,MNIST_QNN_z_r1_d6_p7_s144,leave_target_out,noisy_shot,128,7,deconvolved_lira,16,1000,1000,0.49662500000000004,0.019000000000000017,0.0,0.0,0.016,0.008,0.053,0.05
target,MNIST_QNN_z_r1_d6_p7_s145,leave_target_out,noisy_shot,128,7,deconvolved_lira,16,1000,1000,0.49972399999999995,0.04700000000000004,0.0,0.0,0.013,0.01,0.034,0.05
cell,z_r1_d6,leave_target_out,noisy_shot,128,8,deconvolved_lira,16,3000,3000,0.4994238888888889,0.015000000000000013,0.0023333333333333335,0.001,0.01,0.009666666666666667,0.04933333333333333,0.05
target,MNIST_QNN_z_r1_d6_p7_s143,leave_target_out,noisy_shot,128,8,deconvolved_lira,16,1000,1000,0.499788,0.029000000000000026,0.002,0.001,0.015,0.01,0.044,0.05
target,MNIST_QNN_z_r1_d6_p7_s144,leave_target_out,noisy_shot,128,8,deconvolved_lira,16,1000,1000,0.510791,0.03899999999999998,0.006,0.001,0.012,0.007,0.064,0.05
target,MNIST_QNN_z_r1_d6_p7_s145,leave_target_out,noisy_shot,128,8,deconvolved_lira,16,1000,1000,0.48742599999999997,0.007000000000000006,0.001,0.0,0.006,0.01,0.029,0.049
cell,z_r1_d6,leave_target_out,noisy_shot,128,9,deconvolved_lira,16,3000,3000,0.508029111111111,0.030333333333333323,0.0026666666666666666,0.001,0.011,0.009666666666666667,0.04533333333333334,0.048666666666666664
target,MNIST_QNN_z_r1_d6_p7_s143,leave_target_out,noisy_shot,128,9,deconvolved_lira,16,1000,1000,0.5180159999999999,0.06099999999999994,0.004,0.001,0.011,0.01,0.041,0.05
target,MNIST_QNN_z_r1_d6_p7_s144,leave_target_out,noisy_shot,128,9,deconvolved_lira,16,1000,1000,0.49660300000000007,0.019000000000000003,0.004,0.001,0.009,0.009,0.053,0.05
target,MNIST_QNN_z_r1_d6_p7_s145,leave_target_out,noisy_shot,128,9,deconvolved_lira,16,1000,1000,0.5098609999999999,0.04400000000000004,0.003,0.001,0.013,0.01,0.046,0.046
cell,z_r1_d6,leave_target_out,noisy_shot,128,0,affine_channel_lira,16,3000,3000,0.5176041111111112,0.04066666666666674,0.0016666666666666668,0.0006666666666666666,0.009666666666666667,0.009666666666666667,0.05266666666666667,0.04933333333333333
target,MNIST_QNN_z_r1_d6_p7_s143,leave_target_out,noisy_shot,128,0,affine_channel_lira,16,1000,1000,0.5241709999999999,0.06000000000000005,0.001,0.001,0.008,0.008,0.044,0.05
target,MNIST_QNN_z_r1_d6_p7_s144,leave_target_out,noisy_shot,128,0,affine_channel_lira,16,1000,1000,0.506134,0.029000000000000026,0.003,0.0,0.01,0.009,0.059,0.05
target,MNIST_QNN_z_r1_d6_p7_s145,leave_target_out,noisy_shot,128,0,affine_channel_lira,16,1000,1000,0.5232570000000001,0.04800000000000004,0.002,0.0,0.009,0.01,0.052,0.049
cell,z_r1_d6,leave_target_out,noisy_shot,128,1,affine_channel_lira,16,3000,3000,0.5096512222222223,0.021666666666666723,0.0026666666666666666,0.001,0.010666666666666666,0.01,0.05633333333333333,0.05
target,MNIST_QNN_z_r1_d6_p7_s143,leave_target_out,noisy_shot,128,1,affine_channel_lira,16,1000,1000,0.508891,0.03700000000000003,0.001,0.0,0.015,0.01,0.063,0.049
target,MNIST_QNN_z_r1_d6_p7_s144,leave_target_out,noisy_shot,128,1,affine_channel_lira,16,1000,1000,0.49833999999999995,0.02199999999999991,0.004,0.001,0.009,0.009,0.044,0.05
target,MNIST_QNN_z_r1_d6_p7_s145,leave_target_out,noisy_shot,128,1,affine_channel_lira,16,1000,1000,0.521855,0.04299999999999998,0.0,0.0,0.007,0.008,0.055,0.05
cell,z_r1_d6,leave_target_out,noisy_shot,128,2,affine_channel_lira,16,3000,3000,0.512174888888889,0.02833333333333332,0.001,0.001,0.009333333333333334,0.009,0.051,0.049666666666666665
target,MNIST_QNN_z_r1_d6_p7_s143,leave_target_out,noisy_shot,128,2,affine_channel_lira,16,1000,1000,0.509861,0.03399999999999992,0.001,0.001,0.012,0.01,0.047,0.05
target,MNIST_QNN_z_r1_d6_p7_s144,leave_target_out,noisy_shot,128,2,affine_channel_lira,16,1000,1000,0.507587,0.028000000000000025,0.001,0.001,0.008,0.008,0.052,0.049
target,MNIST_QNN_z_r1_d6_p7_s145,leave_target_out,noisy_shot,128,2,affine_channel_lira,16,1000,1000,0.518654,0.039000000000000035,0.004,0.001,0.013,0.009,0.056,0.05
cell,z_r1_d6,leave_target_out,noisy_shot,128,3,affine_channel_lira,16,3000,3000,0.5191797777777778,0.03766666666666668,0.0033333333333333335,0.001,0.011333333333333334,0.009333333333333334,0.06333333333333334,0.049666666666666665
target,MNIST_QNN_z_r1_d6_p7_s143,leave_target_out,noisy_shot,128,3,affine_channel_lira,16,1000,1000,0.49826000000000004,0.020000000000000004,0.001,0.001,0.009,0.008,0.06,0.05
target,MNIST_QNN_z_r1_d6_p7_s144,leave_target_out,noisy_shot,128,3,affine_channel_lira,16,1000,1000,0.525475,0.046999999999999986,0.007,0.001,0.014,0.009,0.069,0.05
target,MNIST_QNN_z_r1_d6_p7_s145,leave_target_out,noisy_shot,128,3,affine_channel_lira,16,1000,1000,0.53291,0.06699999999999995,0.003,0.001,0.016,0.01,0.063,0.044
cell,z_r1_d6,leave_target_out,noisy_shot,128,4,affine_channel_lira,16,3000,3000,0.5136286666666667,0.027666666666666617,0.0026666666666666666,0.0006666666666666666,0.013666666666666667,0.01,0.054,0.05
target,MNIST_QNN_z_r1_d6_p7_s143,leave_target_out,noisy_shot,128,4,affine_channel_lira,16,1000,1000,0.515392,0.044999999999999984,0.001,0.0,0.006,0.009,0.048,0.049
target,MNIST_QNN_z_r1_d6_p7_s144,leave_target_out,noisy_shot,128,4,affine_channel_lira,16,1000,1000,0.510348,0.03900000000000001,0.012,0.001,0.021,0.009,0.055,0.05
target,MNIST_QNN_z_r1_d6_p7_s145,leave_target_out,noisy_shot,128,4,affine_channel_lira,16,1000,1000,0.515901,0.050000000000000044,0.004,0.001,0.011,0.01,0.057,0.05
cell,z_r1_d6,leave_target_out,noisy_shot,128,5,affine_channel_lira,16,3000,3000,0.5100407777777778,0.027666666666666673,0.0013333333333333333,0.001,0.009333333333333334,0.008666666666666666,0.051333333333333335,0.04933333333333333
target,MNIST_QNN_z_r1_d6_p7_s143,leave_target_out,noisy_shot,128,5,affine_channel_lira,16,1000,1000,0.5067,0.031,0.0,0.0,0.009,0.009,0.05,0.05
target,MNIST_QNN_z_r1_d6_p7_s144,leave_target_out,noisy_shot,128,5,affine_channel_lira,16,1000,1000,0.5120929999999999,0.044999999999999984,0.003,0.001,0.011,0.009,0.057,0.05
target,MNIST_QNN_z_r1_d6_p7_s145,leave_target_out,noisy_shot,128,5,affine_channel_lira,16,1000,1000,0.511416,0.03700000000000003,0.004,0.001,0.009,0.009,0.046,0.048
cell,z_r1_d6,leave_target_out,noisy_shot,128,6,affine_channel_lira,16,3000,3000,0.5243372222222222,0.04366666666666663,0.0013333333333333333,0.001,0.014666666666666666,0.009333333333333334,0.06566666666666666,0.05
target,MNIST_QNN_z_r1_d6_p7_s143,leave_target_out,noisy_shot,128,6,affine_channel_lira,16,1000,1000,0.526076,0.062,0.0,0.0,0.014,0.009,0.062,0.05
target,MNIST_QNN_z_r1_d6_p7_s144,leave_target_out,noisy_shot,128,6,affine_channel_lira,16,1000,1000,0.5284909999999999,0.05900000000000005,0.002,0.001,0.01,0.01,0.07,0.05
target,MNIST_QNN_z_r1_d6_p7_s145,leave_target_out,noisy_shot,128,6,affine_channel_lira,16,1000,1000,0.519521,0.04400000000000004,0.011,0.001,0.025,0.01,0.066,0.05
cell,z_r1_d6,leave_target_out,noisy_shot,128,7,affine_channel_lira,16,3000,3000,0.5046847777777778,0.017,0.002,0.0006666666666666666,0.007,0.009666666666666667,0.052,0.049666666666666665
target,MNIST_QNN_z_r1_d6_p7_s143,leave_target_out,noisy_shot,128,7,affine_channel_lira,16,1000,1000,0.5021439999999999,0.027999999999999997,0.002,0.001,0.011,0.01,0.068,0.05
target,MNIST_QNN_z_r1_d6_p7_s144,leave_target_out,noisy_shot,128,7,affine_channel_lira,16,1000,1000,0.5089,0.027999999999999997,0.003,0.001,0.006,0.006,0.053,0.05
target,MNIST_QNN_z_r1_d6_p7_s145,leave_target_out,noisy_shot,128,7,affine_channel_lira,16,1000,1000,0.503142,0.028000000000000025,0.002,0.001,0.007,0.009,0.051,0.049
cell,z_r1_d6,leave_target_out,noisy_shot,128,8,affine_channel_lira,16,3000,3000,0.5110985555555556,0.027333333333333376,0.0033333333333333335,0.001,0.012666666666666666,0.009333333333333334,0.06266666666666666,0.05
target,MNIST_QNN_z_r1_d6_p7_s143,leave_target_out,noisy_shot,128,8,affine_channel_lira,16,1000,1000,0.5106470000000001,0.033,0.003,0.001,0.014,0.01,0.066,0.048
target,MNIST_QNN_z_r1_d6_p7_s144,leave_target_out,noisy_shot,128,8,affine_channel_lira,16,1000,1000,0.5163949999999999,0.04200000000000004,0.007,0.001,0.016,0.01,0.059,0.048
target,MNIST_QNN_z_r1_d6_p7_s145,leave_target_out,noisy_shot,128,8,affine_channel_lira,16,1000,1000,0.506272,0.03400000000000003,0.003,0.001,0.01,0.01,0.06,0.05
cell,z_r1_d6,leave_target_out,noisy_shot,128,9,affine_channel_lira,16,3000,3000,0.5157793333333334,0.03600000000000003,0.0016666666666666668,0.001,0.014666666666666666,0.01,0.04933333333333333,0.049
target,MNIST_QNN_z_r1_d6_p7_s143,leave_target_out,noisy_shot,128,9,affine_channel_lira,16,1000,1000,0.516534,0.03700000000000003,0.001,0.001,0.013,0.01,0.06,0.049
target,MNIST_QNN_z_r1_d6_p7_s144,leave_target_out,noisy_shot,128,9,affine_channel_lira,16,1000,1000,0.524841,0.06,0.001,0.0,0.012,0.009,0.045,0.05
target,MNIST_QNN_z_r1_d6_p7_s145,leave_target_out,noisy_shot,128,9,affine_channel_lira,16,1000,1000,0.505992,0.03499999999999992,0.003,0.001,0.01,0.008,0.048,0.048
cell,z_r1_d6,leave_target_out,noisy_shot,128,0,empirical_channel_lira,16,3000,3000,0.5198389999999999,0.03999999999999998,0.0006666666666666666,0.0006666666666666666,0.011333333333333334,0.01,0.05266666666666667,0.05
target,MNIST_QNN_z_r1_d6_p7_s143,leave_target_out,noisy_shot,128,0,empirical_channel_lira,16,1000,1000,0.525862,0.05299999999999999,0.001,0.001,0.009,0.009,0.043,0.049
target,MNIST_QNN_z_r1_d6_p7_s144,leave_target_out,noisy_shot,128,0,empirical_channel_lira,16,1000,1000,0.506737,0.037000000000000005,0.003,0.0,0.011,0.01,0.059,0.05
target,MNIST_QNN_z_r1_d6_p7_s145,leave_target_out,noisy_shot,128,0,empirical_channel_lira,16,1000,1000,0.5278240000000001,0.05300000000000002,0.0,0.0,0.014,0.01,0.06,0.047
cell,z_r1_d6,leave_target_out,noisy_shot,128,1,empirical_channel_lira,16,3000,3000,0.5119477777777778,0.024333333333333346,0.0016666666666666668,0.001,0.008666666666666666,0.008666666666666666,0.05533333333333333,0.05
target,MNIST_QNN_z_r1_d6_p7_s143,leave_target_out,noisy_shot,128,1,empirical_channel_lira,16,1000,1000,0.51285,0.04299999999999998,0.001,0.0,0.014,0.01,0.061,0.05
target,MNIST_QNN_z_r1_d6_p7_s144,leave_target_out,noisy_shot,128,1,empirical_channel_lira,16,1000,1000,0.504963,0.02300000000000002,0.004,0.001,0.01,0.008,0.041,0.049
target,MNIST_QNN_z_r1_d6_p7_s145,leave_target_out,noisy_shot,128,1,empirical_channel_lira,16,1000,1000,0.518207,0.04100000000000001,0.0,0.0,0.009,0.004,0.062,0.048
cell,z_r1_d6,leave_target_out,noisy_shot,128,2,empirical_channel_lira,16,3000,3000,0.5121737777777777,0.028666666666666674,0.0006666666666666666,0.0003333333333333333,0.007666666666666666,0.01,0.054,0.049666666666666665
target,MNIST_QNN_z_r1_d6_p7_s143,leave_target_out,noisy_shot,128,2,empirical_channel_lira,16,1000,1000,0.509849,0.03300000000000003,0.001,0.0,0.005,0.004,0.054,0.05
target,MNIST_QNN_z_r1_d6_p7_s144,leave_target_out,noisy_shot,128,2,empirical_channel_lira,16,1000,1000,0.506046,0.031,0.001,0.001,0.007,0.009,0.056,0.05
target,MNIST_QNN_z_r1_d6_p7_s145,leave_target_out,noisy_shot,128,2,empirical_channel_lira,16,1000,1000,0.520691,0.04200000000000004,0.0,0.0,0.013,0.01,0.053,0.05
cell,z_r1_d6,leave_target_out,noisy_shot,128,3,empirical_channel_lira,16,3000,3000,0.5190073333333333,0.033,0.0023333333333333335,0.0006666666666666666,0.014,0.01,0.06,0.049666666666666665
target,MNIST_QNN_z_r1_d6_p7_s143,leave_target_out,noisy_shot,128,3,empirical_channel_lira,16,1000,1000,0.50363,0.02700000000000001,0.002,0.0,0.008,0.006,0.059,0.049
target,MNIST_QNN_z_r1_d6_p7_s144,leave_target_out,noisy_shot,128,3,empirical_channel_lira,16,1000,1000,0.527661,0.051000000000000045,0.01,0.001,0.018,0.01,0.064,0.05
target,MNIST_QNN_z_r1_d6_p7_s145,leave_target_out,noisy_shot,128,3,empirical_channel_lira,16,1000,1000,0.525177,0.052999999999999936,0.002,0.001,0.017,0.009,0.065,0.05
cell,z_r1_d6,leave_target_out,noisy_shot,128,4,empirical_channel_lira,16,3000,3000,0.5177655555555556,0.03200000000000003,0.0016666666666666668,0.0,0.014333333333333333,0.009666666666666667,0.051666666666666666,0.05
target,MNIST_QNN_z_r1_d6_p7_s143,leave_target_out,noisy_shot,128,4,empirical_channel_lira,16,1000,1000,0.5211319999999999,0.04999999999999999,0.001,0.0,0.009,0.007,0.046,0.05
target,MNIST_QNN_z_r1_d6_p7_s144,leave_target_out,noisy_shot,128,4,empirical_channel_lira,16,1000,1000,0.5151749999999999,0.05500000000000002,0.006,0.001,0.017,0.01,0.059,0.049
target,MNIST_QNN_z_r1_d6_p7_s145,leave_target_out,noisy_shot,128,4,empirical_channel_lira,16,1000,1000,0.5176240000000001,0.040000000000000036,0.005,0.001,0.018,0.01,0.048,0.05
cell,z_r1_d6,leave_target_out,noisy_shot,128,5,empirical_channel_lira,16,3000,3000,0.5070902222222222,0.020000000000000018,0.0013333333333333333,0.001,0.01,0.01,0.051,0.049666666666666665
target,MNIST_QNN_z_r1_d6_p7_s143,leave_target_out,noisy_shot,128,5,empirical_channel_lira,16,1000,1000,0.517013,0.05099999999999999,0.0,0.0,0.008,0.01,0.048,0.048
target,MNIST_QNN_z_r1_d6_p7_s144,leave_target_out,noisy_shot,128,5,empirical_channel_lira,16,1000,1000,0.503398,0.04100000000000001,0.008,0.001,0.012,0.01,0.064,0.05
target,MNIST_QNN_z_r1_d6_p7_s145,leave_target_out,noisy_shot,128,5,empirical_channel_lira,16,1000,1000,0.5015000000000001,0.038000000000000034,0.005,0.001,0.011,0.01,0.045,0.05
cell,z_r1_d6,leave_target_out,noisy_shot,128,6,empirical_channel_lira,16,3000,3000,0.523531,0.039000000000000035,0.0026666666666666666,0.001,0.016666666666666666,0.01,0.06333333333333334,0.05
target,MNIST_QNN_z_r1_d6_p7_s143,leave_target_out,noisy_shot,128,6,empirical_channel_lira,16,1000,1000,0.5268409999999999,0.057999999999999996,0.001,0.001,0.009,0.007,0.067,0.05
target,MNIST_QNN_z_r1_d6_p7_s144,leave_target_out,noisy_shot,128,6,empirical_channel_lira,16,1000,1000,0.528329,0.05500000000000005,0.001,0.0,0.018,0.01,0.073,0.05
target,MNIST_QNN_z_r1_d6_p7_s145,leave_target_out,noisy_shot,128,6,empirical_channel_lira,16,1000,1000,0.516838,0.04200000000000004,0.008,0.001,0.02,0.009,0.055,0.05
cell,z_r1_d6,leave_target_out,noisy_shot,128,7,empirical_channel_lira,16,3000,3000,0.5069768888888889,0.02300000000000002,0.0016666666666666668,0.001,0.009666666666666667,0.009666666666666667,0.049666666666666665,0.048666666666666664
target,MNIST_QNN_z_r1_d6_p7_s143,leave_target_out,noisy_shot,128,7,empirical_channel_lira,16,1000,1000,0.499491,0.02500000000000001,0.005,0.001,0.014,0.01,0.063,0.048
target,MNIST_QNN_z_r1_d6_p7_s144,leave_target_out,noisy_shot,128,7,empirical_channel_lira,16,1000,1000,0.505885,0.026000000000000023,0.002,0.0,0.006,0.007,0.041,0.049
target,MNIST_QNN_z_r1_d6_p7_s145,leave_target_out,noisy_shot,128,7,empirical_channel_lira,16,1000,1000,0.514788,0.03500000000000003,0.0,0.0,0.011,0.01,0.045,0.05
cell,z_r1_d6,leave_target_out,noisy_shot,128,8,empirical_channel_lira,16,3000,3000,0.5151112222222223,0.03600000000000003,0.0016666666666666668,0.001,0.01633333333333333,0.01,0.06333333333333334,0.049
target,MNIST_QNN_z_r1_d6_p7_s143,leave_target_out,noisy_shot,128,8,empirical_channel_lira,16,1000,1000,0.5179119999999999,0.040000000000000036,0.002,0.001,0.014,0.009,0.057,0.05
target,MNIST_QNN_z_r1_d6_p7_s144,leave_target_out,noisy_shot,128,8,empirical_channel_lira,16,1000,1000,0.518486,0.04300000000000004,0.003,0.001,0.025,0.01,0.067,0.047
target,MNIST_QNN_z_r1_d6_p7_s145,leave_target_out,noisy_shot,128,8,empirical_channel_lira,16,1000,1000,0.50906,0.040000000000000036,0.001,0.001,0.012,0.01,0.068,0.049
cell,z_r1_d6,leave_target_out,noisy_shot,128,9,empirical_channel_lira,16,3000,3000,0.5153557777777777,0.03700000000000003,0.0003333333333333333,0.0,0.01,0.009666666666666667,0.059,0.04933333333333333
target,MNIST_QNN_z_r1_d6_p7_s143,leave_target_out,noisy_shot,128,9,empirical_channel_lira,16,1000,1000,0.519708,0.04899999999999999,0.001,0.0,0.011,0.01,0.056,0.048
target,MNIST_QNN_z_r1_d6_p7_s144,leave_target_out,noisy_shot,128,9,empirical_channel_lira,16,1000,1000,0.522666,0.057999999999999996,0.002,0.001,0.013,0.01,0.06,0.048
target,MNIST_QNN_z_r1_d6_p7_s145,leave_target_out,noisy_shot,128,9,empirical_channel_lira,16,1000,1000,0.504512,0.03599999999999992,0.0,0.0,0.006,0.006,0.059,0.05
cell,z_r1_d6,leave_target_out,noisy_shot,128,0,noise_augmented_lira,16,3000,3000,0.513898,0.030333333333333323,0.001,0.0003333333333333333,0.009666666666666667,0.009666666666666667,0.051666666666666666,0.049
target,MNIST_QNN_z_r1_d6_p7_s143,leave_target_out,noisy_shot,128,0,noise_augmented_lira,16,1000,1000,0.515729,0.050000000000000044,0.0,0.0,0.006,0.008,0.037,0.049
target,MNIST_QNN_z_r1_d6_p7_s144,leave_target_out,noisy_shot,128,0,noise_augmented_lira,16,1000,1000,0.502044,0.027000000000000024,0.004,0.0,0.01,0.01,0.051,0.048
target,MNIST_QNN_z_r1_d6_p7_s145,leave_target_out,noisy_shot,128,0,noise_augmented_lira,16,1000,1000,0.524374,0.043999999999999984,0.001,0.0,0.014,0.01,0.068,0.048
cell,z_r1_d6,leave_target_out,noisy_shot,128,1,noise_augmented_lira,16,3000,3000,0.5081398888888888,0.024333333333333318,0.0013333333333333333,0.001,0.009,0.009666666666666667,0.05266666666666667,0.05
target,MNIST_QNN_z_r1_d6_p7_s143,leave_target_out,noisy_shot,128,1,noise_augmented_lira,16,1000,1000,0.507222,0.03500000000000003,0.001,0.0,0.015,0.01,0.064,0.048
target,MNIST_QNN_z_r1_d6_p7_s144,leave_target_out,noisy_shot,128,1,noise_augmented_lira,16,1000,1000,0.50345,0.03400000000000003,0.002,0.0,0.008,0.008,0.036,0.05
target,MNIST_QNN_z_r1_d6_p7_s145,leave_target_out,noisy_shot,128,1,noise_augmented_lira,16,1000,1000,0.514223,0.03400000000000003,0.0,0.0,0.01,0.01,0.059,0.048
cell,z_r1_d6,leave_target_out,noisy_shot,128,2,noise_augmented_lira,16,3000,3000,0.5114058888888889,0.024333333333333318,0.0003333333333333333,0.0006666666666666666,0.007,0.009333333333333334,0.050666666666666665,0.04933333333333333
target,MNIST_QNN_z_r1_d6_p7_s143,leave_target_out,noisy_shot,128,2,noise_augmented_lira,16,1000,1000,0.509186,0.03700000000000003,0.001,0.001,0.005,0.009,0.051,0.05
target,MNIST_QNN_z_r1_d6_p7_s144,leave_target_out,noisy_shot,128,2,noise_augmented_lira,16,1000,1000,0.49984900000000004,0.01699999999999996,0.001,0.001,0.006,0.01,0.056,0.05
target,MNIST_QNN_z_r1_d6_p7_s145,leave_target_out,noisy_shot,128,2,noise_augmented_lira,16,1000,1000,0.524799,0.044999999999999984,0.003,0.001,0.013,0.01,0.051,0.046
cell,z_r1_d6,leave_target_out,noisy_shot,128,3,noise_augmented_lira,16,3000,3000,0.5139372222222223,0.028666666666666674,0.001,0.001,0.014333333333333333,0.009333333333333334,0.06166666666666667,0.05
target,MNIST_QNN_z_r1_d6_p7_s143,leave_target_out,noisy_shot,128,3,noise_augmented_lira,16,1000,1000,0.504369,0.023999999999999994,0.002,0.001,0.011,0.01,0.052,0.048
target,MNIST_QNN_z_r1_d6_p7_s144,leave_target_out,noisy_shot,128,3,noise_augmented_lira,16,1000,1000,0.521083,0.03899999999999998,0.002,0.001,0.014,0.006,0.071,0.049
target,MNIST_QNN_z_r1_d6_p7_s145,leave_target_out,noisy_shot,128,3,noise_augmented_lira,16,1000,1000,0.516483,0.039999999999999925,0.0,0.0,0.024,0.009,0.061,0.049
cell,z_r1_d6,leave_target_out,noisy_shot,128,4,noise_augmented_lira,16,3000,3000,0.5143765555555555,0.02733333333333332,0.003,0.0006666666666666666,0.011,0.009666666666666667,0.057666666666666665,0.05
target,MNIST_QNN_z_r1_d6_p7_s143,leave_target_out,noisy_shot,128,4,noise_augmented_lira,16,1000,1000,0.511171,0.04100000000000001,0.002,0.0,0.008,0.01,0.062,0.049
target,MNIST_QNN_z_r1_d6_p7_s144,leave_target_out,noisy_shot,128,4,noise_augmented_lira,16,1000,1000,0.506556,0.03600000000000002,0.007,0.001,0.014,0.007,0.055,0.05
target,MNIST_QNN_z_r1_d6_p7_s145,leave_target_out,noisy_shot,128,4,noise_augmented_lira,16,1000,1000,0.5255700000000001,0.050999999999999934,0.003,0.0,0.009,0.005,0.059,0.05
cell,z_r1_d6,leave_target_out,noisy_shot,128,5,noise_augmented_lira,16,3000,3000,0.508796,0.024333333333333373,0.0003333333333333333,0.0006666666666666666,0.009333333333333334,0.009,0.050333333333333334,0.04933333333333333
target,MNIST_QNN_z_r1_d6_p7_s143,leave_target_out,noisy_shot,128,5,noise_augmented_lira,16,1000,1000,0.513439,0.039000000000000035,0.0,0.0,0.006,0.009,0.049,0.05
target,MNIST_QNN_z_r1_d6_p7_s144,leave_target_out,noisy_shot,128,5,noise_augmented_lira,16,1000,1000,0.512913,0.03999999999999998,0.004,0.001,0.011,0.01,0.049,0.049
target,MNIST_QNN_z_r1_d6_p7_s145,leave_target_out,noisy_shot,128,5,noise_augmented_lira,16,1000,1000,0.500157,0.03200000000000003,0.003,0.001,0.01,0.005,0.052,0.05
cell,z_r1_d6,leave_target_out,noisy_shot,128,6,noise_augmented_lira,16,3000,3000,0.523277,0.043333333333333335,0.0003333333333333333,0.0003333333333333333,0.015,0.01,0.063,0.049666666666666665
target,MNIST_QNN_z_r1_d6_p7_s143,leave_target_out,noisy_shot,128,6,noise_augmented_lira,16,1000,1000,0.5182,0.04099999999999998,0.0,0.0,0.01,0.009,0.062,0.05
target,MNIST_QNN_z_r1_d6_p7_s144,leave_target_out,noisy_shot,128,6,noise_augmented_lira,16,1000,1000,0.530822,0.06800000000000006,0.001,0.0,0.017,0.01,0.062,0.049
target,MNIST_QNN_z_r1_d6_p7_s145,leave_target_out,noisy_shot,128,6,noise_augmented_lira,16,1000,1000,0.521013,0.05800000000000005,0.006,0.001,0.024,0.01,0.069,0.05
cell,z_r1_d6,leave_target_out,noisy_shot,128,7,noise_augmented_lira,16,3000,3000,0.5078961111111111,0.02733333333333332,0.0013333333333333333,0.0006666666666666666,0.007666666666666666,0.009333333333333334,0.057,0.05
target,MNIST_QNN_z_r1_d6_p7_s143,leave_target_out,noisy_shot,128,7,noise_augmented_lira,16,1000,1000,0.499432,0.023000000000000007,0.0,0.0,0.007,0.009,0.064,0.05
target,MNIST_QNN_z_r1_d6_p7_s144,leave_target_out,noisy_shot,128,7,noise_augmented_lira,16,1000,1000,0.506645,0.036000000000000004,0.003,0.001,0.007,0.01,0.052,0.05
target,MNIST_QNN_z_r1_d6_p7_s145,leave_target_out,noisy_shot,128,7,noise_augmented_lira,16,1000,1000,0.517362,0.039000000000000035,0.001,0.001,0.01,0.01,0.064,0.05
cell,z_r1_d6,leave_target_out,noisy_shot,128,8,noise_augmented_lira,16,3000,3000,0.5129428888888888,0.031666666666666676,0.0013333333333333333,0.0,0.012,0.01,0.061,0.04933333333333333
target,MNIST_QNN_z_r1_d6_p7_s143,leave_target_out,noisy_shot,128,8,noise_augmented_lira,16,1000,1000,0.515083,0.04200000000000004,0.002,0.0,0.008,0.009,0.051,0.05
target,MNIST_QNN_z_r1_d6_p7_s144,leave_target_out,noisy_shot,128,8,noise_augmented_lira,16,1000,1000,0.510038,0.02899999999999997,0.001,0.0,0.015,0.008,0.063,0.05
target,MNIST_QNN_z_r1_d6_p7_s145,leave_target_out,noisy_shot,128,8,noise_augmented_lira,16,1000,1000,0.514089,0.03200000000000003,0.002,0.0,0.013,0.01,0.075,0.05
cell,z_r1_d6,leave_target_out,noisy_shot,128,9,noise_augmented_lira,16,3000,3000,0.512192,0.030000000000000027,0.001,0.0006666666666666666,0.014333333333333333,0.009333333333333334,0.057666666666666665,0.05
target,MNIST_QNN_z_r1_d6_p7_s143,leave_target_out,noisy_shot,128,9,noise_augmented_lira,16,1000,1000,0.513131,0.05300000000000005,0.002,0.001,0.016,0.01,0.059,0.05
target,MNIST_QNN_z_r1_d6_p7_s144,leave_target_out,noisy_shot,128,9,noise_augmented_lira,16,1000,1000,0.519385,0.04600000000000004,0.0,0.0,0.016,0.01,0.05,0.05
target,MNIST_QNN_z_r1_d6_p7_s145,leave_target_out,noisy_shot,128,9,noise_augmented_lira,16,1000,1000,0.504243,0.027999999999999914,0.001,0.0,0.013,0.01,0.06,0.05
cell,z_r1_d6,leave_target_out,noisy_shot,128,0,target_crossfit_learned_mia,0,3000,3000,0.5119165555555555,0.03066666666666673,0.0023333333333333335,0.001,0.009,0.01,0.044,0.05
target,MNIST_QNN_z_r1_d6_p7_s143,leave_target_out,noisy_shot,128,0,target_crossfit_learned_mia,0,1000,1000,0.514062,0.039000000000000035,0.001,0.001,0.009,0.01,0.058,0.049
target,MNIST_QNN_z_r1_d6_p7_s144,leave_target_out,noisy_shot,128,0,target_crossfit_learned_mia,0,1000,1000,0.510764,0.050000000000000044,0.003,0.0,0.01,0.01,0.041,0.05
target,MNIST_QNN_z_r1_d6_p7_s145,leave_target_out,noisy_shot,128,0,target_crossfit_learned_mia,0,1000,1000,0.511674,0.03600000000000003,0.001,0.0,0.01,0.006,0.045,0.046
cell,z_r1_d6,leave_target_out,noisy_shot,128,1,target_crossfit_learned_mia,0,3000,3000,0.5101108888888889,0.030666666666666675,0.002,0.001,0.013333333333333334,0.01,0.049666666666666665,0.05
target,MNIST_QNN_z_r1_d6_p7_s143,leave_target_out,noisy_shot,128,1,target_crossfit_learned_mia,0,1000,1000,0.489715,0.024999999999999967,0.007,0.001,0.012,0.007,0.045,0.05
target,MNIST_QNN_z_r1_d6_p7_s144,leave_target_out,noisy_shot,128,1,target_crossfit_learned_mia,0,1000,1000,0.530791,0.063,0.001,0.001,0.011,0.007,0.058,0.05
target,MNIST_QNN_z_r1_d6_p7_s145,leave_target_out,noisy_shot,128,1,target_crossfit_learned_mia,0,1000,1000,0.5039990000000001,0.03600000000000003,0.001,0.001,0.004,0.008,0.037,0.05
cell,z_r1_d6,leave_target_out,noisy_shot,128,2,target_crossfit_learned_mia,0,3000,3000,0.5059012222222222,0.026999999999999913,0.001,0.001,0.008666666666666666,0.01,0.04733333333333333,0.05
target,MNIST_QNN_z_r1_d6_p7_s143,leave_target_out,noisy_shot,128,2,target_crossfit_learned_mia,0,1000,1000,0.48063100000000003,0.025000000000000022,0.003,0.001,0.009,0.01,0.033,0.048
target,MNIST_QNN_z_r1_d6_p7_s144,leave_target_out,noisy_shot,128,2,target_crossfit_learned_mia,0,1000,1000,0.522513,0.061000000000000054,0.0,0.0,0.011,0.01,0.051,0.05
target,MNIST_QNN_z_r1_d6_p7_s145,leave_target_out,noisy_shot,128,2,target_crossfit_learned_mia,0,1000,1000,0.506516,0.030000000000000027,0.002,0.0,0.006,0.006,0.057,0.05
cell,z_r1_d6,leave_target_out,noisy_shot,128,3,target_crossfit_learned_mia,0,3000,3000,0.5188897777777778,0.050000000000000044,0.0016666666666666668,0.0006666666666666666,0.010666666666666666,0.01,0.043,0.04933333333333333
target,MNIST_QNN_z_r1_d6_p7_s143,leave_target_out,noisy_shot,128,3,target_crossfit_learned_mia,0,1000,1000,0.515292,0.04700000000000004,0.002,0.0,0.016,0.009,0.032,0.049
target,MNIST_QNN_z_r1_d6_p7_s144,leave_target_out,noisy_shot,128,3,target_crossfit_learned_mia,0,1000,1000,0.540424,0.07900000000000001,0.001,0.0,0.008,0.01,0.052,0.049
target,MNIST_QNN_z_r1_d6_p7_s145,leave_target_out,noisy_shot,128,3,target_crossfit_learned_mia,0,1000,1000,0.49925299999999995,0.04400000000000004,0.005,0.001,0.012,0.008,0.046,0.05
cell,z_r1_d6,leave_target_out,noisy_shot,128,4,target_crossfit_learned_mia,0,3000,3000,0.5210994444444444,0.04733333333333334,0.0003333333333333333,0.001,0.007333333333333333,0.01,0.048666666666666664,0.049666666666666665
target,MNIST_QNN_z_r1_d6_p7_s143,leave_target_out,noisy_shot,128,4,target_crossfit_learned_mia,0,1000,1000,0.493468,0.018999999999999906,0.002,0.0,0.005,0.009,0.048,0.049
target,MNIST_QNN_z_r1_d6_p7_s144,leave_target_out,noisy_shot,128,4,target_crossfit_learned_mia,0,1000,1000,0.5309200000000001,0.07099999999999995,0.001,0.001,0.012,0.01,0.051,0.05
target,MNIST_QNN_z_r1_d6_p7_s145,leave_target_out,noisy_shot,128,4,target_crossfit_learned_mia,0,1000,1000,0.5314150000000001,0.068,0.0,0.0,0.006,0.01,0.046,0.05
cell,z_r1_d6,leave_target_out,noisy_shot,128,5,target_crossfit_learned_mia,0,3000,3000,0.5004782222222223,0.02633333333333343,0.0006666666666666666,0.0003333333333333333,0.005666666666666667,0.009666666666666667,0.04833333333333333,0.05
target,MNIST_QNN_z_r1_d6_p7_s143,leave_target_out,noisy_shot,128,5,target_crossfit_learned_mia,0,1000,1000,0.491137,0.029000000000000026,0.002,0.001,0.004,0.008,0.037,0.049
target,MNIST_QNN_z_r1_d6_p7_s144,leave_target_out,noisy_shot,128,5,target_crossfit_learned_mia,0,1000,1000,0.504618,0.026000000000000023,0.004,0.001,0.009,0.01,0.058,0.049
target,MNIST_QNN_z_r1_d6_p7_s145,leave_target_out,noisy_shot,128,5,target_crossfit_learned_mia,0,1000,1000,0.504521,0.039000000000000035,0.001,0.0,0.006,0.008,0.034,0.048
cell,z_r1_d6,leave_target_out,noisy_shot,128,6,target_crossfit_learned_mia,0,3000,3000,0.5057758888888889,0.02966666666666662,0.001,0.001,0.009333333333333334,0.009666666666666667,0.044333333333333336,0.05
target,MNIST_QNN_z_r1_d6_p7_s143,leave_target_out,noisy_shot,128,6,target_crossfit_learned_mia,0,1000,1000,0.49704000000000004,0.02100000000000002,0.001,0.001,0.01,0.01,0.051,0.05
target,MNIST_QNN_z_r1_d6_p7_s144,leave_target_out,noisy_shot,128,6,target_crossfit_learned_mia,0,1000,1000,0.512695,0.05800000000000005,0.003,0.0,0.014,0.009,0.041,0.046
target,MNIST_QNN_z_r1_d6_p7_s145,leave_target_out,noisy_shot,128,6,target_crossfit_learned_mia,0,1000,1000,0.5041690000000001,0.03700000000000003,0.004,0.001,0.013,0.01,0.043,0.049
cell,z_r1_d6,leave_target_out,noisy_shot,128,7,target_crossfit_learned_mia,0,3000,3000,0.5141979999999999,0.03066666666666662,0.003,0.001,0.012333333333333333,0.01,0.059666666666666666,0.049666666666666665
target,MNIST_QNN_z_r1_d6_p7_s143,leave_target_out,noisy_shot,128,7,target_crossfit_learned_mia,0,1000,1000,0.51134,0.03300000000000003,0.001,0.001,0.006,0.009,0.051,0.05
target,MNIST_QNN_z_r1_d6_p7_s144,leave_target_out,noisy_shot,128,7,target_crossfit_learned_mia,0,1000,1000,0.516956,0.05599999999999994,0.008,0.001,0.013,0.01,0.067,0.05
target,MNIST_QNN_z_r1_d6_p7_s145,leave_target_out,noisy_shot,128,7,target_crossfit_learned_mia,0,1000,1000,0.514607,0.04999999999999993,0.001,0.0,0.005,0.01,0.045,0.046
cell,z_r1_d6,leave_target_out,noisy_shot,128,8,target_crossfit_learned_mia,0,3000,3000,0.4949496666666666,0.015666666666666718,0.002,0.0006666666666666666,0.012,0.01,0.059666666666666666,0.05
target,MNIST_QNN_z_r1_d6_p7_s143,leave_target_out,noisy_shot,128,8,target_crossfit_learned_mia,0,1000,1000,0.458358,0.006000000000000005,0.001,0.001,0.008,0.009,0.037,0.05
target,MNIST_QNN_z_r1_d6_p7_s144,leave_target_out,noisy_shot,128,8,target_crossfit_learned_mia,0,1000,1000,0.520143,0.047000000000000014,0.005,0.001,0.016,0.01,0.065,0.05
target,MNIST_QNN_z_r1_d6_p7_s145,leave_target_out,noisy_shot,128,8,target_crossfit_learned_mia,0,1000,1000,0.50533,0.024999999999999994,0.003,0.001,0.015,0.008,0.054,0.05
cell,z_r1_d6,leave_target_out,noisy_shot,128,9,target_crossfit_learned_mia,0,3000,3000,0.4991052222222222,0.01866666666666672,0.0013333333333333333,0.0003333333333333333,0.009,0.01,0.035,0.05
target,MNIST_QNN_z_r1_d6_p7_s143,leave_target_out,noisy_shot,128,9,target_crossfit_learned_mia,0,1000,1000,0.474506,0.014000000000000012,0.0,0.0,0.005,0.01,0.025,0.049
target,MNIST_QNN_z_r1_d6_p7_s144,leave_target_out,noisy_shot,128,9,target_crossfit_learned_mia,0,1000,1000,0.5169079999999999,0.05799999999999994,0.004,0.001,0.009,0.01,0.048,0.049
target,MNIST_QNN_z_r1_d6_p7_s145,leave_target_out,noisy_shot,128,9,target_crossfit_learned_mia,0,1000,1000,0.49826200000000004,0.02400000000000002,0.0,0.0,0.005,0.01,0.029,0.05
cell,z_r1_d6,leave_target_out,noisy_shot,128,0,matched_reference_lira_online,16,3000,3000,0.5120212222222222,0.033333333333333326,0.0023333333333333335,0.001,0.012333333333333333,0.01,0.04666666666666667,0.04933333333333333
target,MNIST_QNN_z_r1_d6_p7_s143,leave_target_out,noisy_shot,128,0,matched_reference_lira_online,16,1000,1000,0.514135,0.04899999999999993,0.003,0.0,0.016,0.01,0.058,0.05
target,MNIST_QNN_z_r1_d6_p7_s144,leave_target_out,noisy_shot,128,0,matched_reference_lira_online,16,1000,1000,0.511702,0.03299999999999992,0.004,0.001,0.012,0.01,0.048,0.05
target,MNIST_QNN_z_r1_d6_p7_s145,leave_target_out,noisy_shot,128,0,matched_reference_lira_online,16,1000,1000,0.509913,0.03799999999999992,0.001,0.0,0.009,0.01,0.044,0.049
cell,z_r1_d6,leave_target_out,noisy_shot,128,1,matched_reference_lira_online,16,3000,3000,0.5038078888888889,0.021333333333333426,0.001,0.001,0.012666666666666666,0.01,0.05,0.05
target,MNIST_QNN_z_r1_d6_p7_s143,leave_target_out,noisy_shot,128,1,matched_reference_lira_online,16,1000,1000,0.520644,0.04899999999999993,0.0,0.0,0.012,0.009,0.051,0.05
target,MNIST_QNN_z_r1_d6_p7_s144,leave_target_out,noisy_shot,128,1,matched_reference_lira_online,16,1000,1000,0.493572,0.02199999999999991,0.002,0.001,0.014,0.009,0.044,0.048
target,MNIST_QNN_z_r1_d6_p7_s145,leave_target_out,noisy_shot,128,1,matched_reference_lira_online,16,1000,1000,0.497577,0.018000000000000016,0.0,0.0,0.011,0.01,0.056,0.05
cell,z_r1_d6,leave_target_out,noisy_shot,128,2,matched_reference_lira_online,16,3000,3000,0.5110953333333333,0.030333333333333323,0.0016666666666666668,0.0003333333333333333,0.013,0.01,0.059333333333333335,0.05
target,MNIST_QNN_z_r1_d6_p7_s143,leave_target_out,noisy_shot,128,2,matched_reference_lira_online,16,1000,1000,0.485699,0.020000000000000018,0.0,0.0,0.006,0.01,0.047,0.05
target,MNIST_QNN_z_r1_d6_p7_s144,leave_target_out,noisy_shot,128,2,matched_reference_lira_online,16,1000,1000,0.530044,0.059,0.002,0.001,0.011,0.01,0.069,0.05
target,MNIST_QNN_z_r1_d6_p7_s145,leave_target_out,noisy_shot,128,2,matched_reference_lira_online,16,1000,1000,0.5169860000000001,0.04199999999999998,0.014,0.001,0.019,0.01,0.063,0.049
cell,z_r1_d6,leave_target_out,noisy_shot,128,3,matched_reference_lira_online,16,3000,3000,0.5174092222222222,0.04199999999999998,0.001,0.0003333333333333333,0.010333333333333333,0.01,0.04466666666666667,0.049
target,MNIST_QNN_z_r1_d6_p7_s143,leave_target_out,noisy_shot,128,3,matched_reference_lira_online,16,1000,1000,0.530519,0.068,0.0,0.0,0.009,0.01,0.05,0.05
target,MNIST_QNN_z_r1_d6_p7_s144,leave_target_out,noisy_shot,128,3,matched_reference_lira_online,16,1000,1000,0.5134719999999999,0.06,0.002,0.001,0.009,0.01,0.06,0.05
target,MNIST_QNN_z_r1_d6_p7_s145,leave_target_out,noisy_shot,128,3,matched_reference_lira_online,16,1000,1000,0.5081880000000001,0.040999999999999925,0.002,0.0,0.01,0.01,0.042,0.046
cell,z_r1_d6,leave_target_out,noisy_shot,128,4,matched_reference_lira_online,16,3000,3000,0.5216172222222222,0.040999999999999925,0.004666666666666667,0.001,0.021333333333333333,0.01,0.059333333333333335,0.05
target,MNIST_QNN_z_r1_d6_p7_s143,leave_target_out,noisy_shot,128,4,matched_reference_lira_online,16,1000,1000,0.521227,0.043999999999999984,0.004,0.001,0.012,0.009,0.057,0.049
target,MNIST_QNN_z_r1_d6_p7_s144,leave_target_out,noisy_shot,128,4,matched_reference_lira_online,16,1000,1000,0.522477,0.050000000000000044,0.004,0.0,0.028,0.01,0.057,0.05
target,MNIST_QNN_z_r1_d6_p7_s145,leave_target_out,noisy_shot,128,4,matched_reference_lira_online,16,1000,1000,0.521111,0.04700000000000004,0.008,0.001,0.019,0.01,0.061,0.05
cell,z_r1_d6,leave_target_out,noisy_shot,128,5,matched_reference_lira_online,16,3000,3000,0.510607,0.03166666666666673,0.001,0.0003333333333333333,0.010333333333333333,0.01,0.043,0.049666666666666665
target,MNIST_QNN_z_r1_d6_p7_s143,leave_target_out,noisy_shot,128,5,matched_reference_lira_online,16,1000,1000,0.508033,0.05599999999999994,0.002,0.001,0.009,0.01,0.032,0.049
target,MNIST_QNN_z_r1_d6_p7_s144,leave_target_out,noisy_shot,128,5,matched_reference_lira_online,16,1000,1000,0.515359,0.03400000000000003,0.002,0.0,0.013,0.01,0.055,0.05
target,MNIST_QNN_z_r1_d6_p7_s145,leave_target_out,noisy_shot,128,5,matched_reference_lira_online,16,1000,1000,0.508653,0.038000000000000034,0.001,0.001,0.004,0.009,0.042,0.047
cell,z_r1_d6,leave_target_out,noisy_shot,128,6,matched_reference_lira_online,16,3000,3000,0.5100158888888889,0.032333333333333325,0.0016666666666666668,0.001,0.009333333333333334,0.01,0.04766666666666667,0.05
target,MNIST_QNN_z_r1_d6_p7_s143,leave_target_out,noisy_shot,128,6,matched_reference_lira_online,16,1000,1000,0.49334,0.020000000000000018,0.0,0.0,0.006,0.01,0.045,0.049
target,MNIST_QNN_z_r1_d6_p7_s144,leave_target_out,noisy_shot,128,6,matched_reference_lira_online,16,1000,1000,0.5118170000000001,0.03599999999999992,0.002,0.001,0.006,0.006,0.043,0.05
target,MNIST_QNN_z_r1_d6_p7_s145,leave_target_out,noisy_shot,128,6,matched_reference_lira_online,16,1000,1000,0.524393,0.05999999999999994,0.003,0.001,0.015,0.009,0.058,0.05
cell,z_r1_d6,leave_target_out,noisy_shot,128,7,matched_reference_lira_online,16,3000,3000,0.49949922222222226,0.01666666666666672,0.0006666666666666666,0.001,0.009,0.009666666666666667,0.043333333333333335,0.05
target,MNIST_QNN_z_r1_d6_p7_s143,leave_target_out,noisy_shot,128,7,matched_reference_lira_online,16,1000,1000,0.523856,0.050999999999999934,0.0,0.0,0.008,0.01,0.058,0.05
target,MNIST_QNN_z_r1_d6_p7_s144,leave_target_out,noisy_shot,128,7,matched_reference_lira_online,16,1000,1000,0.48465,0.0050000000000000044,0.005,0.001,0.01,0.006,0.04,0.048
target,MNIST_QNN_z_r1_d6_p7_s145,leave_target_out,noisy_shot,128,7,matched_reference_lira_online,16,1000,1000,0.49071299999999995,0.03300000000000003,0.0,0.0,0.008,0.008,0.041,0.046
cell,z_r1_d6,leave_target_out,noisy_shot,128,8,matched_reference_lira_online,16,3000,3000,0.5074714444444445,0.02733333333333332,0.0,0.0,0.008,0.009333333333333334,0.051,0.049666666666666665
target,MNIST_QNN_z_r1_d6_p7_s143,leave_target_out,noisy_shot,128,8,matched_reference_lira_online,16,1000,1000,0.512282,0.03500000000000003,0.0,0.0,0.008,0.009,0.049,0.05
target,MNIST_QNN_z_r1_d6_p7_s144,leave_target_out,noisy_shot,128,8,matched_reference_lira_online,16,1000,1000,0.498825,0.02400000000000002,0.0,0.0,0.008,0.01,0.044,0.049
target,MNIST_QNN_z_r1_d6_p7_s145,leave_target_out,noisy_shot,128,8,matched_reference_lira_online,16,1000,1000,0.511835,0.03899999999999998,0.0,0.0,0.01,0.01,0.054,0.05
cell,z_r1_d6,leave_target_out,noisy_shot,128,9,matched_reference_lira_online,16,3000,3000,0.5093892222222223,0.031333333333333324,0.0,0.0,0.008,0.009666666666666667,0.047,0.048666666666666664
target,MNIST_QNN_z_r1_d6_p7_s143,leave_target_out,noisy_shot,128,9,matched_reference_lira_online,16,1000,1000,0.506835,0.03600000000000003,0.0,0.0,0.009,0.009,0.035,0.048
target,MNIST_QNN_z_r1_d6_p7_s144,leave_target_out,noisy_shot,128,9,matched_reference_lira_online,16,1000,1000,0.508804,0.03200000000000003,0.001,0.001,0.009,0.007,0.059,0.05
target,MNIST_QNN_z_r1_d6_p7_s145,leave_target_out,noisy_shot,128,9,matched_reference_lira_online,16,1000,1000,0.512603,0.04700000000000004,0.0,0.0,0.005,0.009,0.047,0.05
cell,z_r1_d6,leave_target_out,noisy_shot,128,0,matched_reference_lira_online_fixed_variance,16,3000,3000,0.5166008888888889,0.044333333333333336,0.001,0.001,0.016666666666666666,0.01,0.059,0.05
target,MNIST_QNN_z_r1_d6_p7_s143,leave_target_out,noisy_shot,128,0,matched_reference_lira_online_fixed_variance,16,1000,1000,0.5111600000000001,0.03700000000000003,0.002,0.0,0.019,0.01,0.064,0.05
target,MNIST_QNN_z_r1_d6_p7_s144,leave_target_out,noisy_shot,128,0,matched_reference_lira_online_fixed_variance,16,1000,1000,0.523364,0.05400000000000005,0.001,0.001,0.017,0.009,0.053,0.05
target,MNIST_QNN_z_r1_d6_p7_s145,leave_target_out,noisy_shot,128,0,matched_reference_lira_online_fixed_variance,16,1000,1000,0.5153,0.051000000000000045,0.0,0.0,0.016,0.01,0.054,0.05
cell,z_r1_d6,leave_target_out,noisy_shot,128,1,matched_reference_lira_online_fixed_variance,16,3000,3000,0.5070216666666667,0.029000000000000026,0.0003333333333333333,0.0006666666666666666,0.013333333333333334,0.01,0.050333333333333334,0.04933333333333333
target,MNIST_QNN_z_r1_d6_p7_s143,leave_target_out,noisy_shot,128,1,matched_reference_lira_online_fixed_variance,16,1000,1000,0.517447,0.05699999999999994,0.001,0.001,0.017,0.01,0.04,0.05
target,MNIST_QNN_z_r1_d6_p7_s144,leave_target_out,noisy_shot,128,1,matched_reference_lira_online_fixed_variance,16,1000,1000,0.49342199999999997,0.03700000000000003,0.004,0.001,0.011,0.009,0.052,0.05
target,MNIST_QNN_z_r1_d6_p7_s145,leave_target_out,noisy_shot,128,1,matched_reference_lira_online_fixed_variance,16,1000,1000,0.5110279999999999,0.041000000000000036,0.0,0.0,0.012,0.009,0.06,0.05
cell,z_r1_d6,leave_target_out,noisy_shot,128,2,matched_reference_lira_online_fixed_variance,16,3000,3000,0.5080146111111111,0.025000000000000022,0.002,0.001,0.011,0.009333333333333334,0.04733333333333333,0.048
target,MNIST_QNN_z_r1_d6_p7_s143,leave_target_out,noisy_shot,128,2,matched_reference_lira_online_fixed_variance,16,1000,1000,0.477373,0.010000000000000009,0.005,0.001,0.009,0.008,0.035,0.047
target,MNIST_QNN_z_r1_d6_p7_s144,leave_target_out,noisy_shot,128,2,matched_reference_lira_online_fixed_variance,16,1000,1000,0.518105,0.057999999999999996,0.001,0.001,0.01,0.007,0.06,0.05
target,MNIST_QNN_z_r1_d6_p7_s145,leave_target_out,noisy_shot,128,2,matched_reference_lira_online_fixed_variance,16,1000,1000,0.5274530000000001,0.063,0.004,0.001,0.014,0.01,0.056,0.05
cell,z_r1_d6,leave_target_out,noisy_shot,128,3,matched_reference_lira_online_fixed_variance,16,3000,3000,0.5222401111111111,0.03599999999999992,0.004333333333333333,0.001,0.023666666666666666,0.01,0.06666666666666667,0.05
target,MNIST_QNN_z_r1_d6_p7_s143,leave_target_out,noisy_shot,128,3,matched_reference_lira_online_fixed_variance,16,1000,1000,0.524481,0.04599999999999993,0.004,0.001,0.018,0.006,0.077,0.05
target,MNIST_QNN_z_r1_d6_p7_s144,leave_target_out,noisy_shot,128,3,matched_reference_lira_online_fixed_variance,16,1000,1000,0.5179959999999999,0.040000000000000036,0.01,0.001,0.022,0.009,0.059,0.043
target,MNIST_QNN_z_r1_d6_p7_s145,leave_target_out,noisy_shot,128,3,matched_reference_lira_online_fixed_variance,16,1000,1000,0.524089,0.05600000000000005,0.005,0.001,0.029,0.01,0.058,0.049
cell,z_r1_d6,leave_target_out,noisy_shot,128,4,matched_reference_lira_online_fixed_variance,16,3000,3000,0.5186135555555555,0.036666666666666736,0.0023333333333333335,0.001,0.019333333333333334,0.01,0.058333333333333334,0.05
target,MNIST_QNN_z_r1_d6_p7_s143,leave_target_out,noisy_shot,128,4,matched_reference_lira_online_fixed_variance,16,1000,1000,0.508831,0.03300000000000003,0.005,0.001,0.025,0.008,0.054,0.049
target,MNIST_QNN_z_r1_d6_p7_s144,leave_target_out,noisy_shot,128,4,matched_reference_lira_online_fixed_variance,16,1000,1000,0.522428,0.04699999999999993,0.0,0.0,0.016,0.01,0.063,0.05
target,MNIST_QNN_z_r1_d6_p7_s145,leave_target_out,noisy_shot,128,4,matched_reference_lira_online_fixed_variance,16,1000,1000,0.5241260000000001,0.050999999999999934,0.004,0.001,0.026,0.01,0.053,0.047
cell,z_r1_d6,leave_target_out,noisy_shot,128,5,matched_reference_lira_online_fixed_variance,16,3000,3000,0.5178682222222222,0.03766666666666674,0.0006666666666666666,0.0003333333333333333,0.009666666666666667,0.01,0.05566666666666667,0.05
target,MNIST_QNN_z_r1_d6_p7_s143,leave_target_out,noisy_shot,128,5,matched_reference_lira_online_fixed_variance,16,1000,1000,0.511653,0.03700000000000003,0.001,0.0,0.006,0.009,0.052,0.049
target,MNIST_QNN_z_r1_d6_p7_s144,leave_target_out,noisy_shot,128,5,matched_reference_lira_online_fixed_variance,16,1000,1000,0.5189860000000001,0.041000000000000036,0.002,0.001,0.01,0.01,0.069,0.05
target,MNIST_QNN_z_r1_d6_p7_s145,leave_target_out,noisy_shot,128,5,matched_reference_lira_online_fixed_variance,16,1000,1000,0.52255,0.06099999999999994,0.005,0.001,0.013,0.007,0.056,0.049
cell,z_r1_d6,leave_target_out,noisy_shot,128,6,matched_reference_lira_online_fixed_variance,16,3000,3000,0.5103081111111111,0.03300000000000003,0.0036666666666666666,0.0003333333333333333,0.012333333333333333,0.009666666666666667,0.050333333333333334,0.05
target,MNIST_QNN_z_r1_d6_p7_s143,leave_target_out,noisy_shot,128,6,matched_reference_lira_online_fixed_variance,16,1000,1000,0.49478,0.017000000000000015,0.003,0.0,0.011,0.01,0.048,0.046
target,MNIST_QNN_z_r1_d6_p7_s144,leave_target_out,noisy_shot,128,6,matched_reference_lira_online_fixed_variance,16,1000,1000,0.5189189999999999,0.04799999999999993,0.005,0.001,0.019,0.009,0.054,0.05
target,MNIST_QNN_z_r1_d6_p7_s145,leave_target_out,noisy_shot,128,6,matched_reference_lira_online_fixed_variance,16,1000,1000,0.5176719999999999,0.06500000000000006,0.003,0.0,0.011,0.01,0.05,0.049
cell,z_r1_d6,leave_target_out,noisy_shot,128,7,matched_reference_lira_online_fixed_variance,16,3000,3000,0.5087015,0.02533333333333343,0.002,0.001,0.011,0.01,0.053,0.049
target,MNIST_QNN_z_r1_d6_p7_s143,leave_target_out,noisy_shot,128,7,matched_reference_lira_online_fixed_variance,16,1000,1000,0.5183175,0.039000000000000035,0.002,0.001,0.012,0.01,0.066,0.049
target,MNIST_QNN_z_r1_d6_p7_s144,leave_target_out,noisy_shot,128,7,matched_reference_lira_online_fixed_variance,16,1000,1000,0.507266,0.034,0.002,0.001,0.014,0.01,0.046,0.049
target,MNIST_QNN_z_r1_d6_p7_s145,leave_target_out,noisy_shot,128,7,matched_reference_lira_online_fixed_variance,16,1000,1000,0.500325,0.03400000000000003,0.003,0.001,0.01,0.01,0.052,0.05
cell,z_r1_d6,leave_target_out,noisy_shot,128,8,matched_reference_lira_online_fixed_variance,16,3000,3000,0.5139385555555556,0.026000000000000023,0.004333333333333333,0.001,0.017,0.01,0.06133333333333333,0.05
target,MNIST_QNN_z_r1_d6_p7_s143,leave_target_out,noisy_shot,128,8,matched_reference_lira_online_fixed_variance,16,1000,1000,0.523802,0.049000000000000044,0.007,0.001,0.016,0.01,0.055,0.05
target,MNIST_QNN_z_r1_d6_p7_s144,leave_target_out,noisy_shot,128,8,matched_reference_lira_online_fixed_variance,16,1000,1000,0.504897,0.019000000000000017,0.006,0.001,0.023,0.009,0.06,0.049
target,MNIST_QNN_z_r1_d6_p7_s145,leave_target_out,noisy_shot,128,8,matched_reference_lira_online_fixed_variance,16,1000,1000,0.513444,0.038000000000000006,0.003,0.0,0.013,0.01,0.079,0.05
cell,z_r1_d6,leave_target_out,noisy_shot,128,9,matched_reference_lira_online_fixed_variance,16,3000,3000,0.5094044444444444,0.022666666666666613,0.0033333333333333335,0.001,0.012666666666666666,0.008666666666666666,0.054,0.05
target,MNIST_QNN_z_r1_d6_p7_s143,leave_target_out,noisy_shot,128,9,matched_reference_lira_online_fixed_variance,16,1000,1000,0.498558,0.028000000000000025,0.0,0.0,0.012,0.01,0.054,0.047
target,MNIST_QNN_z_r1_d6_p7_s144,leave_target_out,noisy_shot,128,9,matched_reference_lira_online_fixed_variance,16,1000,1000,0.511624,0.03399999999999992,0.006,0.001,0.016,0.007,0.054,0.047
target,MNIST_QNN_z_r1_d6_p7_s145,leave_target_out,noisy_shot,128,9,matched_reference_lira_online_fixed_variance,16,1000,1000,0.5178459999999999,0.04699999999999993,0.002,0.0,0.011,0.009,0.054,0.05
cell,z_r1_d6,leave_target_out,noisy_shot,128,0,matched_reference_lira_offline,16,3000,3000,0.5062715555555556,0.027666666666666728,0.0033333333333333335,0.001,0.011,0.009666666666666667,0.04533333333333334,0.05
target,MNIST_QNN_z_r1_d6_p7_s143,leave_target_out,noisy_shot,128,0,matched_reference_lira_offline,16,1000,1000,0.505698,0.039999999999999925,0.004,0.001,0.02,0.01,0.057,0.05
target,MNIST_QNN_z_r1_d6_p7_s144,leave_target_out,noisy_shot,128,0,matched_reference_lira_offline,16,1000,1000,0.5098910000000001,0.03600000000000003,0.004,0.001,0.011,0.01,0.038,0.049
target,MNIST_QNN_z_r1_d6_p7_s145,leave_target_out,noisy_shot,128,0,matched_reference_lira_offline,16,1000,1000,0.502672,0.025000000000000022,0.002,0.0,0.006,0.01,0.047,0.05
cell,z_r1_d6,leave_target_out,noisy_shot,128,1,matched_reference_lira_offline,16,3000,3000,0.49869877777777777,0.02400000000000002,0.0006666666666666666,0.001,0.009666666666666667,0.01,0.04633333333333333,0.049666666666666665
target,MNIST_QNN_z_r1_d6_p7_s143,leave_target_out,noisy_shot,128,1,matched_reference_lira_offline,16,1000,1000,0.510616,0.04700000000000004,0.001,0.001,0.013,0.01,0.048,0.049
target,MNIST_QNN_z_r1_d6_p7_s144,leave_target_out,noisy_shot,128,1,matched_reference_lira_offline,16,1000,1000,0.485293,0.009000000000000008,0.003,0.001,0.012,0.01,0.05,0.05
target,MNIST_QNN_z_r1_d6_p7_s145,leave_target_out,noisy_shot,128,1,matched_reference_lira_offline,16,1000,1000,0.49996300000000005,0.030000000000000027,0.0,0.0,0.006,0.005,0.049,0.049
cell,z_r1_d6,leave_target_out,noisy_shot,128,2,matched_reference_lira_offline,16,3000,3000,0.4952772222222222,0.004333333333333411,0.0023333333333333335,0.001,0.012333333333333333,0.01,0.049666666666666665,0.05
target,MNIST_QNN_z_r1_d6_p7_s143,leave_target_out,noisy_shot,128,2,matched_reference_lira_offline,16,1000,1000,0.473128,0.0,0.001,0.001,0.008,0.01,0.041,0.05
target,MNIST_QNN_z_r1_d6_p7_s144,leave_target_out,noisy_shot,128,2,matched_reference_lira_offline,16,1000,1000,0.511437,0.037000000000000005,0.0,0.0,0.01,0.01,0.049,0.05
target,MNIST_QNN_z_r1_d6_p7_s145,leave_target_out,noisy_shot,128,2,matched_reference_lira_offline,16,1000,1000,0.500614,0.020000000000000018,0.006,0.001,0.022,0.01,0.053,0.049
cell,z_r1_d6,leave_target_out,noisy_shot,128,3,matched_reference_lira_offline,16,3000,3000,0.5018795555555555,0.016666666666666663,0.001,0.0003333333333333333,0.008333333333333333,0.01,0.044,0.049666666666666665
target,MNIST_QNN_z_r1_d6_p7_s143,leave_target_out,noisy_shot,128,3,matched_reference_lira_offline,16,1000,1000,0.510099,0.034999999999999976,0.0,0.0,0.008,0.01,0.053,0.05
target,MNIST_QNN_z_r1_d6_p7_s144,leave_target_out,noisy_shot,128,3,matched_reference_lira_offline,16,1000,1000,0.5061720000000001,0.035999999999999976,0.001,0.0,0.01,0.008,0.054,0.05
target,MNIST_QNN_z_r1_d6_p7_s145,leave_target_out,noisy_shot,128,3,matched_reference_lira_offline,16,1000,1000,0.489386,0.009000000000000008,0.002,0.0,0.01,0.01,0.042,0.05
cell,z_r1_d6,leave_target_out,noisy_shot,128,4,matched_reference_lira_offline,16,3000,3000,0.49842311111111115,0.013666666666666716,0.003,0.001,0.013333333333333334,0.009333333333333334,0.051666666666666666,0.05
target,MNIST_QNN_z_r1_d6_p7_s143,leave_target_out,noisy_shot,128,4,matched_reference_lira_offline,16,1000,1000,0.5058940000000001,0.024999999999999994,0.001,0.0,0.018,0.01,0.059,0.049
target,MNIST_QNN_z_r1_d6_p7_s144,leave_target_out,noisy_shot,128,4,matched_reference_lira_offline,16,1000,1000,0.49823300000000004,0.013000000000000012,0.005,0.0,0.018,0.01,0.047,0.048
target,MNIST_QNN_z_r1_d6_p7_s145,leave_target_out,noisy_shot,128,4,matched_reference_lira_offline,16,1000,1000,0.491319,0.014000000000000012,0.004,0.001,0.013,0.004,0.055,0.049
cell,z_r1_d6,leave_target_out,noisy_shot,128,5,matched_reference_lira_offline,16,3000,3000,0.5035605555555556,0.02633333333333332,0.0016666666666666668,0.0003333333333333333,0.011333333333333334,0.009666666666666667,0.044,0.04933333333333333
target,MNIST_QNN_z_r1_d6_p7_s143,leave_target_out,noisy_shot,128,5,matched_reference_lira_offline,16,1000,1000,0.5025040000000001,0.03799999999999992,0.003,0.001,0.009,0.006,0.037,0.05
target,MNIST_QNN_z_r1_d6_p7_s144,leave_target_out,noisy_shot,128,5,matched_reference_lira_offline,16,1000,1000,0.525158,0.055999999999999994,0.005,0.001,0.015,0.01,0.049,0.05
target,MNIST_QNN_z_r1_d6_p7_s145,leave_target_out,noisy_shot,128,5,matched_reference_lira_offline,16,1000,1000,0.48326899999999995,0.013999999999999901,0.002,0.001,0.007,0.008,0.041,0.048
cell,z_r1_d6,leave_target_out,noisy_shot,128,6,matched_reference_lira_offline,16,3000,3000,0.5029097777777778,0.02100000000000002,0.001,0.0003333333333333333,0.011666666666666667,0.01,0.04933333333333333,0.049666666666666665
target,MNIST_QNN_z_r1_d6_p7_s143,leave_target_out,noisy_shot,128,6,matched_reference_lira_offline,16,1000,1000,0.5004905,0.028999999999999915,0.001,0.001,0.012,0.01,0.047,0.05
target,MNIST_QNN_z_r1_d6_p7_s144,leave_target_out,noisy_shot,128,6,matched_reference_lira_offline,16,1000,1000,0.5149275,0.040999999999999925,0.001,0.0,0.013,0.01,0.048,0.049
target,MNIST_QNN_z_r1_d6_p7_s145,leave_target_out,noisy_shot,128,6,matched_reference_lira_offline,16,1000,1000,0.493519,0.014000000000000005,0.002,0.001,0.014,0.01,0.06,0.047
cell,z_r1_d6,leave_target_out,noisy_shot,128,7,matched_reference_lira_offline,16,3000,3000,0.49828938888888896,0.020000000000000018,0.0003333333333333333,0.0,0.010666666666666666,0.01,0.04066666666666666,0.05
target,MNIST_QNN_z_r1_d6_p7_s143,leave_target_out,noisy_shot,128,7,matched_reference_lira_offline,16,1000,1000,0.511768,0.03200000000000003,0.0,0.0,0.012,0.01,0.046,0.05
target,MNIST_QNN_z_r1_d6_p7_s144,leave_target_out,noisy_shot,128,7,matched_reference_lira_offline,16,1000,1000,0.512438,0.05600000000000005,0.004,0.001,0.011,0.01,0.043,0.048
target,MNIST_QNN_z_r1_d6_p7_s145,leave_target_out,noisy_shot,128,7,matched_reference_lira_offline,16,1000,1000,0.470628,0.009000000000000008,0.0,0.0,0.012,0.009,0.037,0.05
cell,z_r1_d6,leave_target_out,noisy_shot,128,8,matched_reference_lira_offline,16,3000,3000,0.5095943333333333,0.029000000000000026,0.0,0.0,0.007666666666666666,0.01,0.049,0.05
target,MNIST_QNN_z_r1_d6_p7_s143,leave_target_out,noisy_shot,128,8,matched_reference_lira_offline,16,1000,1000,0.507076,0.03300000000000003,0.0,0.0,0.005,0.006,0.044,0.05
target,MNIST_QNN_z_r1_d6_p7_s144,leave_target_out,noisy_shot,128,8,matched_reference_lira_offline,16,1000,1000,0.5118149999999999,0.03899999999999998,0.0,0.0,0.011,0.01,0.056,0.05
target,MNIST_QNN_z_r1_d6_p7_s145,leave_target_out,noisy_shot,128,8,matched_reference_lira_offline,16,1000,1000,0.50977,0.04500000000000001,0.0,0.0,0.008,0.01,0.052,0.05
cell,z_r1_d6,leave_target_out,noisy_shot,128,9,matched_reference_lira_offline,16,3000,3000,0.49934038888888893,0.015666666666666718,0.0006666666666666666,0.0006666666666666666,0.007333333333333333,0.01,0.044333333333333336,0.05
target,MNIST_QNN_z_r1_d6_p7_s143,leave_target_out,noisy_shot,128,9,matched_reference_lira_offline,16,1000,1000,0.4933035,0.028000000000000025,0.001,0.0,0.005,0.01,0.038,0.05
target,MNIST_QNN_z_r1_d6_p7_s144,leave_target_out,noisy_shot,128,9,matched_reference_lira_offline,16,1000,1000,0.516905,0.057999999999999996,0.001,0.001,0.017,0.01,0.053,0.048
target,MNIST_QNN_z_r1_d6_p7_s145,leave_target_out,noisy_shot,128,9,matched_reference_lira_offline,16,1000,1000,0.487624,0.008000000000000007,0.0,0.0,0.005,0.009,0.038,0.049
cell,z_r1_d6,leave_target_out,noisy_shot,128,0,matched_reference_lira_offline_fixed_variance,16,3000,3000,0.505822,0.022333333333333316,0.0006666666666666666,0.001,0.012666666666666666,0.01,0.045,0.04933333333333333
target,MNIST_QNN_z_r1_d6_p7_s143,leave_target_out,noisy_shot,128,0,matched_reference_lira_offline_fixed_variance,16,1000,1000,0.497594,0.02300000000000002,0.003,0.001,0.013,0.009,0.054,0.05
target,MNIST_QNN_z_r1_d6_p7_s144,leave_target_out,noisy_shot,128,0,matched_reference_lira_offline_fixed_variance,16,1000,1000,0.516662,0.04300000000000004,0.0,0.0,0.017,0.01,0.048,0.047
target,MNIST_QNN_z_r1_d6_p7_s145,leave_target_out,noisy_shot,128,0,matched_reference_lira_offline_fixed_variance,16,1000,1000,0.503053,0.02100000000000002,0.001,0.0,0.01,0.007,0.04,0.05
cell,z_r1_d6,leave_target_out,noisy_shot,128,1,matched_reference_lira_offline_fixed_variance,16,3000,3000,0.4914836666666667,0.0030000000000000027,0.0006666666666666666,0.001,0.007333333333333333,0.01,0.03966666666666667,0.05
target,MNIST_QNN_z_r1_d6_p7_s143,leave_target_out,noisy_shot,128,1,matched_reference_lira_offline_fixed_variance,16,1000,1000,0.506373,0.03500000000000003,0.0,0.0,0.007,0.01,0.044,0.047
target,MNIST_QNN_z_r1_d6_p7_s144,leave_target_out,noisy_shot,128,1,matched_reference_lira_offline_fixed_variance,16,1000,1000,0.4705235,0.006000000000000002,0.0,0.0,0.013,0.01,0.04,0.042
target,MNIST_QNN_z_r1_d6_p7_s145,leave_target_out,noisy_shot,128,1,matched_reference_lira_offline_fixed_variance,16,1000,1000,0.49710600000000005,0.019000000000000017,0.001,0.0,0.007,0.01,0.046,0.048
cell,z_r1_d6,leave_target_out,noisy_shot,128,2,matched_reference_lira_offline_fixed_variance,16,3000,3000,0.48696372222222223,0.002,0.0013333333333333333,0.0006666666666666666,0.011333333333333334,0.01,0.041666666666666664,0.04933333333333333
target,MNIST_QNN_z_r1_d6_p7_s143,leave_target_out,noisy_shot,128,2,matched_reference_lira_offline_fixed_variance,16,1000,1000,0.46651899999999996,0.01100000000000001,0.006,0.0,0.011,0.009,0.03,0.047
target,MNIST_QNN_z_r1_d6_p7_s144,leave_target_out,noisy_shot,128,2,matched_reference_lira_offline_fixed_variance,16,1000,1000,0.4994335,0.02300000000000002,0.0,0.0,0.007,0.008,0.036,0.049
target,MNIST_QNN_z_r1_d6_p7_s145,leave_target_out,noisy_shot,128,2,matched_reference_lira_offline_fixed_variance,16,1000,1000,0.4947875,0.015000000000000013,0.001,0.0,0.013,0.008,0.06,0.05
cell,z_r1_d6,leave_target_out,noisy_shot,128,3,matched_reference_lira_offline_fixed_variance,16,3000,3000,0.5071909444444445,0.025000000000000022,0.0026666666666666666,0.001,0.012333333333333333,0.01,0.062,0.05
target,MNIST_QNN_z_r1_d6_p7_s143,leave_target_out,noisy_shot,128,3,matched_reference_lira_offline_fixed_variance,16,1000,1000,0.5096455,0.04099999999999998,0.0,0.0,0.007,0.006,0.062,0.049
target,MNIST_QNN_z_r1_d6_p7_s144,leave_target_out,noisy_shot,128,3,matched_reference_lira_offline_fixed_variance,16,1000,1000,0.516315,0.039000000000000035,0.006,0.001,0.017,0.01,0.071,0.05
target,MNIST_QNN_z_r1_d6_p7_s145,leave_target_out,noisy_shot,128,3,matched_reference_lira_offline_fixed_variance,16,1000,1000,0.495526,0.009000000000000008,0.003,0.0,0.013,0.01,0.047,0.05
cell,z_r1_d6,leave_target_out,noisy_shot,128,4,matched_reference_lira_offline_fixed_variance,16,3000,3000,0.4993034444444444,0.01666666666666672,0.0003333333333333333,0.001,0.01,0.009666666666666667,0.05266666666666667,0.05
target,MNIST_QNN_z_r1_d6_p7_s143,leave_target_out,noisy_shot,128,4,matched_reference_lira_offline_fixed_variance,16,1000,1000,0.5024919999999999,0.03700000000000003,0.001,0.0,0.012,0.008,0.057,0.048
target,MNIST_QNN_z_r1_d6_p7_s144,leave_target_out,noisy_shot,128,4,matched_reference_lira_offline_fixed_variance,16,1000,1000,0.507587,0.03300000000000003,0.0,0.0,0.007,0.009,0.045,0.05
target,MNIST_QNN_z_r1_d6_p7_s145,leave_target_out,noisy_shot,128,4,matched_reference_lira_offline_fixed_variance,16,1000,1000,0.488282,0.020999999999999963,0.001,0.001,0.007,0.01,0.058,0.05
cell,z_r1_d6,leave_target_out,noisy_shot,128,5,matched_reference_lira_offline_fixed_variance,16,3000,3000,0.5021341666666667,0.020666666666666667,0.0003333333333333333,0.0,0.009,0.009333333333333334,0.04833333333333333,0.049
target,MNIST_QNN_z_r1_d6_p7_s143,leave_target_out,noisy_shot,128,5,matched_reference_lira_offline_fixed_variance,16,1000,1000,0.49833249999999996,0.02799999999999997,0.0,0.0,0.004,0.008,0.049,0.05
target,MNIST_QNN_z_r1_d6_p7_s144,leave_target_out,noisy_shot,128,5,matched_reference_lira_offline_fixed_variance,16,1000,1000,0.5207185000000001,0.05899999999999997,0.003,0.001,0.012,0.009,0.053,0.05
target,MNIST_QNN_z_r1_d6_p7_s145,leave_target_out,noisy_shot,128,5,matched_reference_lira_offline_fixed_variance,16,1000,1000,0.487211,0.02400000000000002,0.004,0.001,0.013,0.01,0.049,0.048
cell,z_r1_d6,leave_target_out,noisy_shot,128,6,matched_reference_lira_offline_fixed_variance,16,3000,3000,0.4959694444444444,0.010666666666666672,0.0006666666666666666,0.001,0.010333333333333333,0.01,0.058,0.05
target,MNIST_QNN_z_r1_d6_p7_s143,leave_target_out,noisy_shot,128,6,matched_reference_lira_offline_fixed_variance,16,1000,1000,0.493056,0.019000000000000017,0.001,0.001,0.008,0.008,0.055,0.05
target,MNIST_QNN_z_r1_d6_p7_s144,leave_target_out,noisy_shot,128,6,matched_reference_lira_offline_fixed_variance,16,1000,1000,0.515528,0.04300000000000004,0.002,0.001,0.009,0.009,0.066,0.049
target,MNIST_QNN_z_r1_d6_p7_s145,leave_target_out,noisy_shot,128,6,matched_reference_lira_offline_fixed_variance,16,1000,1000,0.480137,0.009999999999999995,0.0,0.0,0.015,0.01,0.05,0.05
cell,z_r1_d6,leave_target_out,noisy_shot,128,7,matched_reference_lira_offline_fixed_variance,16,3000,3000,0.5025098333333333,0.018000000000000016,0.0016666666666666668,0.001,0.006333333333333333,0.01,0.042333333333333334,0.05
target,MNIST_QNN_z_r1_d6_p7_s143,leave_target_out,noisy_shot,128,7,matched_reference_lira_offline_fixed_variance,16,1000,1000,0.5112840000000001,0.029999999999999916,0.001,0.0,0.005,0.01,0.053,0.049
target,MNIST_QNN_z_r1_d6_p7_s144,leave_target_out,noisy_shot,128,7,matched_reference_lira_offline_fixed_variance,16,1000,1000,0.517498,0.05399999999999999,0.0,0.0,0.006,0.009,0.051,0.05
target,MNIST_QNN_z_r1_d6_p7_s145,leave_target_out,noisy_shot,128,7,matched_reference_lira_offline_fixed_variance,16,1000,1000,0.4784940000000001,0.013000000000000012,0.001,0.0,0.009,0.008,0.034,0.044
cell,z_r1_d6,leave_target_out,noisy_shot,128,8,matched_reference_lira_offline_fixed_variance,16,3000,3000,0.508583888888889,0.029333333333333322,0.001,0.001,0.008,0.009666666666666667,0.052333333333333336,0.05
target,MNIST_QNN_z_r1_d6_p7_s143,leave_target_out,noisy_shot,128,8,matched_reference_lira_offline_fixed_variance,16,1000,1000,0.513162,0.03600000000000003,0.0,0.0,0.004,0.009,0.053,0.05
target,MNIST_QNN_z_r1_d6_p7_s144,leave_target_out,noisy_shot,128,8,matched_reference_lira_offline_fixed_variance,16,1000,1000,0.508213,0.029000000000000026,0.001,0.0,0.016,0.01,0.073,0.05
target,MNIST_QNN_z_r1_d6_p7_s145,leave_target_out,noisy_shot,128,8,matched_reference_lira_offline_fixed_variance,16,1000,1000,0.5048055,0.045999999999999985,0.0,0.0,0.007,0.008,0.043,0.048
cell,z_r1_d6,leave_target_out,noisy_shot,128,9,matched_reference_lira_offline_fixed_variance,16,3000,3000,0.49683405555555554,0.005333333333333412,0.001,0.0006666666666666666,0.008666666666666666,0.01,0.050333333333333334,0.049666666666666665
target,MNIST_QNN_z_r1_d6_p7_s143,leave_target_out,noisy_shot,128,9,matched_reference_lira_offline_fixed_variance,16,1000,1000,0.499803,0.040000000000000036,0.001,0.001,0.008,0.01,0.032,0.05
target,MNIST_QNN_z_r1_d6_p7_s144,leave_target_out,noisy_shot,128,9,matched_reference_lira_offline_fixed_variance,16,1000,1000,0.5067254999999999,0.040000000000000036,0.004,0.0,0.016,0.01,0.059,0.05
target,MNIST_QNN_z_r1_d6_p7_s145,leave_target_out,noisy_shot,128,9,matched_reference_lira_offline_fixed_variance,16,1000,1000,0.48409549999999996,0.016,0.001,0.001,0.006,0.01,0.058,0.05
cell,zz_r1_d6,leave_target_out,noisy_shot,128,0,loss_mia,0,3000,3000,0.5343876666666667,0.052666666666666695,0.0013333333333333333,0.001,0.011666666666666667,0.009333333333333334,0.06666666666666667,0.04933333333333333
target,MNIST_QNN_zz_r1_d6_p7_s143,leave_target_out,noisy_shot,128,0,loss_mia,0,1000,1000,0.542706,0.07200000000000001,0.001,0.001,0.009,0.01,0.063,0.05
target,MNIST_QNN_zz_r1_d6_p7_s144,leave_target_out,noisy_shot,128,0,loss_mia,0,1000,1000,0.51161,0.03799999999999998,0.002,0.0,0.015,0.01,0.064,0.049
target,MNIST_QNN_zz_r1_d6_p7_s145,leave_target_out,noisy_shot,128,0,loss_mia,0,1000,1000,0.5481820000000001,0.08300000000000007,0.002,0.001,0.011,0.006,0.072,0.05
cell,zz_r1_d6,leave_target_out,noisy_shot,128,1,loss_mia,0,3000,3000,0.5274055555555556,0.043333333333333335,0.001,0.0003333333333333333,0.009666666666666667,0.009,0.068,0.04833333333333333
target,MNIST_QNN_zz_r1_d6_p7_s143,leave_target_out,noisy_shot,128,1,loss_mia,0,1000,1000,0.5428850000000001,0.07400000000000001,0.002,0.001,0.004,0.009,0.074,0.05
target,MNIST_QNN_zz_r1_d6_p7_s144,leave_target_out,noisy_shot,128,1,loss_mia,0,1000,1000,0.5064690000000001,0.040000000000000036,0.004,0.0,0.011,0.008,0.05,0.049
target,MNIST_QNN_zz_r1_d6_p7_s145,leave_target_out,noisy_shot,128,1,loss_mia,0,1000,1000,0.5325789999999999,0.06000000000000005,0.002,0.0,0.025,0.008,0.079,0.05
cell,zz_r1_d6,leave_target_out,noisy_shot,128,2,loss_mia,0,3000,3000,0.5264683333333333,0.05300000000000005,0.0013333333333333333,0.001,0.013666666666666667,0.009333333333333334,0.064,0.05
target,MNIST_QNN_zz_r1_d6_p7_s143,leave_target_out,noisy_shot,128,2,loss_mia,0,1000,1000,0.529339,0.05900000000000005,0.001,0.001,0.008,0.01,0.077,0.048
target,MNIST_QNN_zz_r1_d6_p7_s144,leave_target_out,noisy_shot,128,2,loss_mia,0,1000,1000,0.507337,0.04799999999999993,0.002,0.001,0.017,0.009,0.049,0.048
target,MNIST_QNN_zz_r1_d6_p7_s145,leave_target_out,noisy_shot,128,2,loss_mia,0,1000,1000,0.5413300000000001,0.07900000000000001,0.001,0.0,0.014,0.008,0.063,0.05
cell,zz_r1_d6,leave_target_out,noisy_shot,128,3,loss_mia,0,3000,3000,0.5359406666666666,0.058666666666666645,0.001,0.0006666666666666666,0.011666666666666667,0.01,0.060333333333333336,0.049
target,MNIST_QNN_zz_r1_d6_p7_s143,leave_target_out,noisy_shot,128,3,loss_mia,0,1000,1000,0.533581,0.058000000000000024,0.001,0.001,0.006,0.01,0.074,0.05
target,MNIST_QNN_zz_r1_d6_p7_s144,leave_target_out,noisy_shot,128,3,loss_mia,0,1000,1000,0.519301,0.04299999999999993,0.003,0.001,0.012,0.008,0.055,0.049
target,MNIST_QNN_zz_r1_d6_p7_s145,leave_target_out,noisy_shot,128,3,loss_mia,0,1000,1000,0.553895,0.10499999999999998,0.001,0.001,0.013,0.01,0.064,0.05
cell,zz_r1_d6,leave_target_out,noisy_shot,128,4,loss_mia,0,3000,3000,0.5289504444444444,0.04633333333333334,0.0,0.0,0.01633333333333333,0.009,0.06466666666666666,0.04933333333333333
target,MNIST_QNN_zz_r1_d6_p7_s143,leave_target_out,noisy_shot,128,4,loss_mia,0,1000,1000,0.5255799999999999,0.05399999999999999,0.0,0.0,0.012,0.01,0.069,0.048
target,MNIST_QNN_zz_r1_d6_p7_s144,leave_target_out,noisy_shot,128,4,loss_mia,0,1000,1000,0.526719,0.06299999999999994,0.008,0.001,0.022,0.01,0.052,0.049
target,MNIST_QNN_zz_r1_d6_p7_s145,leave_target_out,noisy_shot,128,4,loss_mia,0,1000,1000,0.5349029999999999,0.06099999999999994,0.0,0.0,0.017,0.01,0.066,0.048
cell,zz_r1_d6,leave_target_out,noisy_shot,128,5,loss_mia,0,3000,3000,0.5360305555555556,0.05800000000000005,0.0006666666666666666,0.0006666666666666666,0.014,0.009,0.06133333333333333,0.049666666666666665
target,MNIST_QNN_zz_r1_d6_p7_s143,leave_target_out,noisy_shot,128,5,loss_mia,0,1000,1000,0.540633,0.07299999999999995,0.001,0.001,0.01,0.01,0.057,0.048
target,MNIST_QNN_zz_r1_d6_p7_s144,leave_target_out,noisy_shot,128,5,loss_mia,0,1000,1000,0.51235,0.04699999999999993,0.002,0.001,0.02,0.01,0.055,0.048
target,MNIST_QNN_zz_r1_d6_p7_s145,leave_target_out,noisy_shot,128,5,loss_mia,0,1000,1000,0.554511,0.10400000000000004,0.0,0.0,0.012,0.009,0.071,0.049
cell,zz_r1_d6,leave_target_out,noisy_shot,128,6,loss_mia,0,3000,3000,0.5371062222222223,0.06166666666666665,0.001,0.0006666666666666666,0.014,0.01,0.07366666666666667,0.049666666666666665
target,MNIST_QNN_zz_r1_d6_p7_s143,leave_target_out,noisy_shot,128,6,loss_mia,0,1000,1000,0.543624,0.06899999999999995,0.0,0.0,0.01,0.01,0.066,0.05
target,MNIST_QNN_zz_r1_d6_p7_s144,leave_target_out,noisy_shot,128,6,loss_mia,0,1000,1000,0.524821,0.06699999999999995,0.001,0.0,0.013,0.009,0.05,0.048
target,MNIST_QNN_zz_r1_d6_p7_s145,leave_target_out,noisy_shot,128,6,loss_mia,0,1000,1000,0.542848,0.06500000000000006,0.008,0.001,0.028,0.01,0.085,0.049
cell,zz_r1_d6,leave_target_out,noisy_shot,128,7,loss_mia,0,3000,3000,0.529458,0.044333333333333336,0.002,0.001,0.014,0.01,0.05733333333333333,0.05
target,MNIST_QNN_zz_r1_d6_p7_s143,leave_target_out,noisy_shot,128,7,loss_mia,0,1000,1000,0.5368010000000001,0.07,0.007,0.001,0.014,0.009,0.058,0.05
target,MNIST_QNN_zz_r1_d6_p7_s144,leave_target_out,noisy_shot,128,7,loss_mia,0,1000,1000,0.5153270000000001,0.05699999999999994,0.003,0.0,0.015,0.01,0.038,0.05
target,MNIST_QNN_zz_r1_d6_p7_s145,leave_target_out,noisy_shot,128,7,loss_mia,0,1000,1000,0.536092,0.065,0.0,0.0,0.013,0.01,0.07,0.05
cell,zz_r1_d6,leave_target_out,noisy_shot,128,8,loss_mia,0,3000,3000,0.5305176666666667,0.05266666666666664,0.002,0.001,0.012,0.009,0.05733333333333333,0.049666666666666665
target,MNIST_QNN_zz_r1_d6_p7_s143,leave_target_out,noisy_shot,128,8,loss_mia,0,1000,1000,0.542231,0.07,0.004,0.001,0.015,0.009,0.061,0.049
target,MNIST_QNN_zz_r1_d6_p7_s144,leave_target_out,noisy_shot,128,8,loss_mia,0,1000,1000,0.509788,0.050999999999999934,0.003,0.001,0.012,0.01,0.032,0.05
target,MNIST_QNN_zz_r1_d6_p7_s145,leave_target_out,noisy_shot,128,8,loss_mia,0,1000,1000,0.539222,0.06399999999999995,0.001,0.001,0.013,0.01,0.08,0.05
cell,zz_r1_d6,leave_target_out,noisy_shot,128,9,loss_mia,0,3000,3000,0.5377354444444444,0.05833333333333324,0.001,0.001,0.013666666666666667,0.01,0.06833333333333333,0.049666666666666665
target,MNIST_QNN_zz_r1_d6_p7_s143,leave_target_out,noisy_shot,128,9,loss_mia,0,1000,1000,0.537836,0.07,0.0,0.0,0.009,0.009,0.064,0.05
target,MNIST_QNN_zz_r1_d6_p7_s144,leave_target_out,noisy_shot,128,9,loss_mia,0,1000,1000,0.5184880000000001,0.06899999999999995,0.01,0.001,0.017,0.01,0.047,0.043
target,MNIST_QNN_zz_r1_d6_p7_s145,leave_target_out,noisy_shot,128,9,loss_mia,0,1000,1000,0.5567340000000001,0.08499999999999999,0.001,0.001,0.014,0.01,0.084,0.05
cell,zz_r1_d6,leave_target_out,noisy_shot,128,0,latent_lira_mismatched,16,3000,3000,0.5310396666666666,0.06700000000000006,0.0016666666666666668,0.001,0.006666666666666667,0.008333333333333333,0.04566666666666667,0.049666666666666665
target,MNIST_QNN_zz_r1_d6_p7_s143,leave_target_out,noisy_shot,128,0,latent_lira_mismatched,16,1000,1000,0.5386409999999999,0.08499999999999996,0.0,0.0,0.007,0.01,0.04,0.047
target,MNIST_QNN_zz_r1_d6_p7_s144,leave_target_out,noisy_shot,128,0,latent_lira_mismatched,16,1000,1000,0.524552,0.05499999999999994,0.005,0.001,0.007,0.008,0.051,0.047
target,MNIST_QNN_zz_r1_d6_p7_s145,leave_target_out,noisy_shot,128,0,latent_lira_mismatched,16,1000,1000,0.530933,0.08199999999999996,0.002,0.001,0.007,0.005,0.037,0.045
cell,zz_r1_d6,leave_target_out,noisy_shot,128,1,latent_lira_mismatched,16,3000,3000,0.5241916666666666,0.05600000000000005,0.0013333333333333333,0.001,0.012333333333333333,0.01,0.04933333333333333,0.049666666666666665
target,MNIST_QNN_zz_r1_d6_p7_s143,leave_target_out,noisy_shot,128,1,latent_lira_mismatched,16,1000,1000,0.533891,0.08599999999999997,0.002,0.0,0.009,0.01,0.044,0.049
target,MNIST_QNN_zz_r1_d6_p7_s144,leave_target_out,noisy_shot,128,1,latent_lira_mismatched,16,1000,1000,0.522266,0.051000000000000045,0.0,0.0,0.007,0.009,0.049,0.05
target,MNIST_QNN_zz_r1_d6_p7_s145,leave_target_out,noisy_shot,128,1,latent_lira_mismatched,16,1000,1000,0.5170939999999999,0.04499999999999993,0.002,0.0,0.013,0.008,0.055,0.049
cell,zz_r1_d6,leave_target_out,noisy_shot,128,2,latent_lira_mismatched,16,3000,3000,0.5172726666666666,0.055333333333333345,0.003,0.001,0.010333333333333333,0.009666666666666667,0.050666666666666665,0.05
target,MNIST_QNN_zz_r1_d6_p7_s143,leave_target_out,noisy_shot,128,2,latent_lira_mismatched,16,1000,1000,0.503155,0.04500000000000004,0.002,0.001,0.011,0.01,0.049,0.05
target,MNIST_QNN_zz_r1_d6_p7_s144,leave_target_out,noisy_shot,128,2,latent_lira_mismatched,16,1000,1000,0.5200640000000001,0.061000000000000054,0.005,0.001,0.012,0.009,0.048,0.048
target,MNIST_QNN_zz_r1_d6_p7_s145,leave_target_out,noisy_shot,128,2,latent_lira_mismatched,16,1000,1000,0.528154,0.07500000000000007,0.007,0.001,0.01,0.01,0.054,0.049
cell,zz_r1_d6,leave_target_out,noisy_shot,128,3,latent_lira_mismatched,16,3000,3000,0.520699,0.05833333333333335,0.0006666666666666666,0.001,0.008666666666666666,0.01,0.04466666666666667,0.05
target,MNIST_QNN_zz_r1_d6_p7_s143,leave_target_out,noisy_shot,128,3,latent_lira_mismatched,16,1000,1000,0.5339630000000001,0.08299999999999996,0.0,0.0,0.003,0.009,0.033,0.05
target,MNIST_QNN_zz_r1_d6_p7_s144,leave_target_out,noisy_shot,128,3,latent_lira_mismatched,16,1000,1000,0.518101,0.039000000000000035,0.003,0.001,0.01,0.01,0.059,0.05
target,MNIST_QNN_zz_r1_d6_p7_s145,leave_target_out,noisy_shot,128,3,latent_lira_mismatched,16,1000,1000,0.511608,0.062000000000000055,0.001,0.0,0.012,0.01,0.045,0.05
cell,zz_r1_d6,leave_target_out,noisy_shot,128,4,latent_lira_mismatched,16,3000,3000,0.5269606666666666,0.06400000000000006,0.0026666666666666666,0.0006666666666666666,0.012,0.009666666666666667,0.048666666666666664,0.05
target,MNIST_QNN_zz_r1_d6_p7_s143,leave_target_out,noisy_shot,128,4,latent_lira_mismatched,16,1000,1000,0.51757,0.04800000000000004,0.003,0.0,0.007,0.009,0.053,0.046
target,MNIST_QNN_zz_r1_d6_p7_s144,leave_target_out,noisy_shot,128,4,latent_lira_mismatched,16,1000,1000,0.531414,0.06999999999999995,0.006,0.001,0.022,0.01,0.061,0.05
target,MNIST_QNN_zz_r1_d6_p7_s145,leave_target_out,noisy_shot,128,4,latent_lira_mismatched,16,1000,1000,0.5312399999999999,0.08400000000000007,0.001,0.001,0.007,0.009,0.038,0.046
cell,zz_r1_d6,leave_target_out,noisy_shot,128,5,latent_lira_mismatched,16,3000,3000,0.5263508888888888,0.06133333333333335,0.0033333333333333335,0.001,0.011666666666666667,0.009666666666666667,0.055,0.049666666666666665
target,MNIST_QNN_zz_r1_d6_p7_s143,leave_target_out,noisy_shot,128,5,latent_lira_mismatched,16,1000,1000,0.515691,0.05600000000000005,0.003,0.001,0.015,0.01,0.051,0.05
target,MNIST_QNN_zz_r1_d6_p7_s144,leave_target_out,noisy_shot,128,5,latent_lira_mismatched,16,1000,1000,0.526866,0.06400000000000006,0.004,0.001,0.007,0.009,0.065,0.05
target,MNIST_QNN_zz_r1_d6_p7_s145,leave_target_out,noisy_shot,128,5,latent_lira_mismatched,16,1000,1000,0.535805,0.07300000000000006,0.005,0.001,0.011,0.009,0.053,0.05
cell,zz_r1_d6,leave_target_out,noisy_shot,128,6,latent_lira_mismatched,16,3000,3000,0.5192914444444445,0.054333333333333345,0.0006666666666666666,0.001,0.009666666666666667,0.009666666666666667,0.04533333333333334,0.04933333333333333
target,MNIST_QNN_zz_r1_d6_p7_s143,leave_target_out,noisy_shot,128,6,latent_lira_mismatched,16,1000,1000,0.524972,0.05400000000000005,0.002,0.001,0.008,0.01,0.045,0.05
target,MNIST_QNN_zz_r1_d6_p7_s144,leave_target_out,noisy_shot,128,6,latent_lira_mismatched,16,1000,1000,0.517291,0.061000000000000054,0.001,0.001,0.009,0.009,0.054,0.05
target,MNIST_QNN_zz_r1_d6_p7_s145,leave_target_out,noisy_shot,128,6,latent_lira_mismatched,16,1000,1000,0.5158860000000001,0.05900000000000005,0.0,0.0,0.012,0.01,0.037,0.047
cell,zz_r1_d6,leave_target_out,noisy_shot,128,7,latent_lira_mismatched,16,3000,3000,0.5226713333333334,0.04633333333333334,0.0013333333333333333,0.0006666666666666666,0.010666666666666666,0.008666666666666666,0.057,0.05
target,MNIST_QNN_zz_r1_d6_p7_s143,leave_target_out,noisy_shot,128,7,latent_lira_mismatched,16,1000,1000,0.517459,0.039000000000000035,0.0,0.0,0.011,0.01,0.055,0.049
target,MNIST_QNN_zz_r1_d6_p7_s144,leave_target_out,noisy_shot,128,7,latent_lira_mismatched,16,1000,1000,0.5383260000000001,0.07799999999999996,0.004,0.001,0.018,0.01,0.051,0.05
target,MNIST_QNN_zz_r1_d6_p7_s145,leave_target_out,noisy_shot,128,7,latent_lira_mismatched,16,1000,1000,0.511931,0.051000000000000045,0.001,0.001,0.011,0.01,0.06,0.05
cell,zz_r1_d6,leave_target_out,noisy_shot,128,8,latent_lira_mismatched,16,3000,3000,0.5209296666666667,0.05800000000000005,0.0,0.0,0.007666666666666666,0.01,0.04933333333333333,0.05
target,MNIST_QNN_zz_r1_d6_p7_s143,leave_target_out,noisy_shot,128,8,latent_lira_mismatched,16,1000,1000,0.5102260000000001,0.039000000000000035,0.001,0.0,0.012,0.01,0.044,0.045
target,MNIST_QNN_zz_r1_d6_p7_s144,leave_target_out,noisy_shot,128,8,latent_lira_mismatched,16,1000,1000,0.531496,0.08399999999999996,0.0,0.0,0.01,0.01,0.061,0.05
target,MNIST_QNN_zz_r1_d6_p7_s145,leave_target_out,noisy_shot,128,8,latent_lira_mismatched,16,1000,1000,0.520611,0.07299999999999995,0.0,0.0,0.007,0.008,0.04,0.046
cell,zz_r1_d6,leave_target_out,noisy_shot,128,9,latent_lira_mismatched,16,3000,3000,0.5298905555555555,0.06566666666666665,0.003,0.0006666666666666666,0.010333333333333333,0.009666666666666667,0.047,0.05
target,MNIST_QNN_zz_r1_d6_p7_s143,leave_target_out,noisy_shot,128,9,latent_lira_mismatched,16,1000,1000,0.519138,0.05800000000000005,0.002,0.001,0.009,0.01,0.041,0.05
target,MNIST_QNN_zz_r1_d6_p7_s144,leave_target_out,noisy_shot,128,9,latent_lira_mismatched,16,1000,1000,0.529693,0.06900000000000006,0.006,0.0,0.014,0.008,0.047,0.049
target,MNIST_QNN_zz_r1_d6_p7_s145,leave_target_out,noisy_shot,128,9,latent_lira_mismatched,16,1000,1000,0.540507,0.08200000000000007,0.002,0.0,0.011,0.01,0.05,0.048
cell,zz_r1_d6,leave_target_out,noisy_shot,128,0,deconvolved_lira,16,3000,3000,0.5412459999999999,0.08100000000000007,0.0006666666666666666,0.001,0.006333333333333333,0.01,0.051666666666666666,0.05
target,MNIST_QNN_zz_r1_d6_p7_s143,leave_target_out,noisy_shot,128,0,deconvolved_lira,16,1000,1000,0.5513049999999999,0.09599999999999997,0.0,0.0,0.008,0.009,0.062,0.05
target,MNIST_QNN_zz_r1_d6_p7_s144,leave_target_out,noisy_shot,128,0,deconvolved_lira,16,1000,1000,0.536289,0.07600000000000007,0.004,0.001,0.009,0.009,0.059,0.05
target,MNIST_QNN_zz_r1_d6_p7_s145,leave_target_out,noisy_shot,128,0,deconvolved_lira,16,1000,1000,0.53681,0.08000000000000007,0.001,0.0,0.006,0.01,0.047,0.05
cell,zz_r1_d6,leave_target_out,noisy_shot,128,1,deconvolved_lira,16,3000,3000,0.5318448888888889,0.05300000000000005,0.0,0.0,0.013,0.01,0.054,0.05
target,MNIST_QNN_zz_r1_d6_p7_s143,leave_target_out,noisy_shot,128,1,deconvolved_lira,16,1000,1000,0.534123,0.05500000000000005,0.003,0.001,0.009,0.008,0.052,0.05
target,MNIST_QNN_zz_r1_d6_p7_s144,leave_target_out,noisy_shot,128,1,deconvolved_lira,16,1000,1000,0.529806,0.06600000000000006,0.0,0.0,0.008,0.009,0.054,0.047
target,MNIST_QNN_zz_r1_d6_p7_s145,leave_target_out,noisy_shot,128,1,deconvolved_lira,16,1000,1000,0.531015,0.067,0.0,0.0,0.01,0.008,0.06,0.05
cell,zz_r1_d6,leave_target_out,noisy_shot,128,2,deconvolved_lira,16,3000,3000,0.5172916666666667,0.04033333333333333,0.0013333333333333333,0.0006666666666666666,0.009666666666666667,0.01,0.04766666666666667,0.049666666666666665
target,MNIST_QNN_zz_r1_d6_p7_s143,leave_target_out,noisy_shot,128,2,deconvolved_lira,16,1000,1000,0.506282,0.03300000000000003,0.003,0.0,0.011,0.009,0.053,0.044
target,MNIST_QNN_zz_r1_d6_p7_s144,leave_target_out,noisy_shot,128,2,deconvolved_lira,16,1000,1000,0.5251750000000001,0.06,0.001,0.001,0.007,0.005,0.041,0.049
target,MNIST_QNN_zz_r1_d6_p7_s145,leave_target_out,noisy_shot,128,2,deconvolved_lira,16,1000,1000,0.520254,0.05899999999999994,0.002,0.0,0.012,0.01,0.049,0.05
cell,zz_r1_d6,leave_target_out,noisy_shot,128,3,deconvolved_lira,16,3000,3000,0.5272244444444445,0.04733333333333334,0.0006666666666666666,0.0,0.011666666666666667,0.009666666666666667,0.04666666666666667,0.04933333333333333
target,MNIST_QNN_zz_r1_d6_p7_s143,leave_target_out,noisy_shot,128,3,deconvolved_lira,16,1000,1000,0.539944,0.07399999999999995,0.0,0.0,0.006,0.008,0.038,0.049
target,MNIST_QNN_zz_r1_d6_p7_s144,leave_target_out,noisy_shot,128,3,deconvolved_lira,16,1000,1000,0.510596,0.04800000000000004,0.003,0.001,0.014,0.009,0.054,0.049
target,MNIST_QNN_zz_r1_d6_p7_s145,leave_target_out,noisy_shot,128,3,deconvolved_lira,16,1000,1000,0.531944,0.06799999999999995,0.001,0.0,0.012,0.009,0.049,0.049
cell,zz_r1_d6,leave_target_out,noisy_shot,128,4,deconvolved_lira,16,3000,3000,0.5326536666666667,0.05933333333333335,0.0023333333333333335,0.001,0.013333333333333334,0.01,0.060333333333333336,0.04933333333333333
target,MNIST_QNN_zz_r1_d6_p7_s143,leave_target_out,noisy_shot,128,4,deconvolved_lira,16,1000,1000,0.528026,0.06999999999999995,0.0,0.0,0.017,0.01,0.06,0.048
target,MNIST_QNN_zz_r1_d6_p7_s144,leave_target_out,noisy_shot,128,4,deconvolved_lira,16,1000,1000,0.5367770000000001,0.05900000000000005,0.004,0.001,0.016,0.01,0.065,0.047
target,MNIST_QNN_zz_r1_d6_p7_s145,leave_target_out,noisy_shot,128,4,deconvolved_lira,16,1000,1000,0.532798,0.07500000000000007,0.003,0.001,0.01,0.009,0.052,0.047
cell,zz_r1_d6,leave_target_out,noisy_shot,128,5,deconvolved_lira,16,3000,3000,0.5320450000000001,0.05733333333333335,0.0006666666666666666,0.001,0.011666666666666667,0.01,0.058666666666666666,0.05
target,MNIST_QNN_zz_r1_d6_p7_s143,leave_target_out,noisy_shot,128,5,deconvolved_lira,16,1000,1000,0.5228349999999999,0.04200000000000004,0.0,0.0,0.007,0.01,0.072,0.05
target,MNIST_QNN_zz_r1_d6_p7_s144,leave_target_out,noisy_shot,128,5,deconvolved_lira,16,1000,1000,0.532182,0.06899999999999995,0.0,0.0,0.013,0.01,0.05,0.05
target,MNIST_QNN_zz_r1_d6_p7_s145,leave_target_out,noisy_shot,128,5,deconvolved_lira,16,1000,1000,0.541382,0.07500000000000007,0.006,0.001,0.017,0.01,0.061,0.048
cell,zz_r1_d6,leave_target_out,noisy_shot,128,6,deconvolved_lira,16,3000,3000,0.5212336666666666,0.047666666666666746,0.0003333333333333333,0.001,0.007666666666666666,0.009666666666666667,0.051333333333333335,0.049666666666666665
target,MNIST_QNN_zz_r1_d6_p7_s143,leave_target_out,noisy_shot,128,6,deconvolved_lira,16,1000,1000,0.5186059999999999,0.051999999999999935,0.002,0.001,0.003,0.009,0.047,0.05
target,MNIST_QNN_zz_r1_d6_p7_s144,leave_target_out,noisy_shot,128,6,deconvolved_lira,16,1000,1000,0.5272749999999999,0.061999999999999944,0.0,0.0,0.01,0.01,0.062,0.05
target,MNIST_QNN_zz_r1_d6_p7_s145,leave_target_out,noisy_shot,128,6,deconvolved_lira,16,1000,1000,0.5177390000000001,0.041000000000000036,0.0,0.0,0.008,0.01,0.053,0.05
cell,zz_r1_d6,leave_target_out,noisy_shot,128,7,deconvolved_lira,16,3000,3000,0.517434,0.03833333333333333,0.0013333333333333333,0.0003333333333333333,0.013333333333333334,0.01,0.057666666666666665,0.05
target,MNIST_QNN_zz_r1_d6_p7_s143,leave_target_out,noisy_shot,128,7,deconvolved_lira,16,1000,1000,0.5090950000000001,0.03399999999999992,0.001,0.0,0.017,0.009,0.054,0.048
target,MNIST_QNN_zz_r1_d6_p7_s144,leave_target_out,noisy_shot,128,7,deconvolved_lira,16,1000,1000,0.531208,0.06900000000000006,0.002,0.0,0.014,0.01,0.056,0.05
target,MNIST_QNN_zz_r1_d6_p7_s145,leave_target_out,noisy_shot,128,7,deconvolved_lira,16,1000,1000,0.51212,0.03599999999999992,0.002,0.001,0.011,0.01,0.063,0.049
cell,zz_r1_d6,leave_target_out,noisy_shot,128,8,deconvolved_lira,16,3000,3000,0.5205075555555556,0.053333333333333344,0.0,0.0,0.005,0.01,0.04933333333333333,0.05
target,MNIST_QNN_zz_r1_d6_p7_s143,leave_target_out,noisy_shot,128,8,deconvolved_lira,16,1000,1000,0.501047,0.025000000000000022,0.0,0.0,0.012,0.01,0.053,0.05
target,MNIST_QNN_zz_r1_d6_p7_s144,leave_target_out,noisy_shot,128,8,deconvolved_lira,16,1000,1000,0.536574,0.08000000000000007,0.0,0.0,0.005,0.008,0.055,0.049
target,MNIST_QNN_zz_r1_d6_p7_s145,leave_target_out,noisy_shot,128,8,deconvolved_lira,16,1000,1000,0.523415,0.06500000000000006,0.0,0.0,0.004,0.004,0.043,0.05
cell,zz_r1_d6,leave_target_out,noisy_shot,128,9,deconvolved_lira,16,3000,3000,0.5263043333333333,0.053333333333333344,0.0006666666666666666,0.001,0.008333333333333333,0.009666666666666667,0.05266666666666667,0.05
target,MNIST_QNN_zz_r1_d6_p7_s143,leave_target_out,noisy_shot,128,9,deconvolved_lira,16,1000,1000,0.522049,0.05699999999999994,0.0,0.0,0.005,0.006,0.046,0.047
target,MNIST_QNN_zz_r1_d6_p7_s144,leave_target_out,noisy_shot,128,9,deconvolved_lira,16,1000,1000,0.52544,0.052999999999999936,0.002,0.001,0.01,0.007,0.054,0.05
target,MNIST_QNN_zz_r1_d6_p7_s145,leave_target_out,noisy_shot,128,9,deconvolved_lira,16,1000,1000,0.531176,0.07399999999999995,0.001,0.001,0.009,0.01,0.057,0.048
cell,zz_r1_d6,leave_target_out,noisy_shot,128,0,affine_channel_lira,16,3000,3000,0.5269658888888888,0.051000000000000045,0.0016666666666666668,0.0006666666666666666,0.012333333333333333,0.01,0.06166666666666667,0.04933333333333333
target,MNIST_QNN_zz_r1_d6_p7_s143,leave_target_out,noisy_shot,128,0,affine_channel_lira,16,1000,1000,0.5326660000000001,0.06800000000000006,0.001,0.001,0.009,0.01,0.049,0.05
target,MNIST_QNN_zz_r1_d6_p7_s144,leave_target_out,noisy_shot,128,0,affine_channel_lira,16,1000,1000,0.521901,0.04399999999999993,0.003,0.001,0.02,0.01,0.065,0.045
target,MNIST_QNN_zz_r1_d6_p7_s145,leave_target_out,noisy_shot,128,0,affine_channel_lira,16,1000,1000,0.527019,0.06799999999999995,0.002,0.001,0.012,0.01,0.063,0.05
cell,zz_r1_d6,leave_target_out,noisy_shot,128,1,affine_channel_lira,16,3000,3000,0.5239352222222222,0.04833333333333334,0.002,0.001,0.016666666666666666,0.01,0.058333333333333334,0.049
target,MNIST_QNN_zz_r1_d6_p7_s143,leave_target_out,noisy_shot,128,1,affine_channel_lira,16,1000,1000,0.535134,0.062,0.001,0.001,0.013,0.007,0.064,0.05
target,MNIST_QNN_zz_r1_d6_p7_s144,leave_target_out,noisy_shot,128,1,affine_channel_lira,16,1000,1000,0.515838,0.03400000000000003,0.007,0.001,0.019,0.009,0.057,0.05
target,MNIST_QNN_zz_r1_d6_p7_s145,leave_target_out,noisy_shot,128,1,affine_channel_lira,16,1000,1000,0.52155,0.059,0.002,0.001,0.013,0.01,0.063,0.05
cell,zz_r1_d6,leave_target_out,noisy_shot,128,2,affine_channel_lira,16,3000,3000,0.5039064444444445,0.018333333333333424,0.005333333333333333,0.001,0.013,0.009333333333333334,0.060333333333333336,0.049666666666666665
target,MNIST_QNN_zz_r1_d6_p7_s143,leave_target_out,noisy_shot,128,2,affine_channel_lira,16,1000,1000,0.49008399999999996,0.010000000000000009,0.004,0.001,0.012,0.01,0.052,0.047
target,MNIST_QNN_zz_r1_d6_p7_s144,leave_target_out,noisy_shot,128,2,affine_channel_lira,16,1000,1000,0.5139130000000001,0.04800000000000004,0.005,0.001,0.011,0.007,0.054,0.05
target,MNIST_QNN_zz_r1_d6_p7_s145,leave_target_out,noisy_shot,128,2,affine_channel_lira,16,1000,1000,0.5079769999999999,0.03399999999999992,0.006,0.0,0.013,0.008,0.068,0.048
cell,zz_r1_d6,leave_target_out,noisy_shot,128,3,affine_channel_lira,16,3000,3000,0.5206001111111112,0.03799999999999998,0.0023333333333333335,0.001,0.019333333333333334,0.01,0.05566666666666667,0.04933333333333333
target,MNIST_QNN_zz_r1_d6_p7_s143,leave_target_out,noisy_shot,128,3,affine_channel_lira,16,1000,1000,0.524749,0.057999999999999996,0.003,0.0,0.011,0.009,0.047,0.049
target,MNIST_QNN_zz_r1_d6_p7_s144,leave_target_out,noisy_shot,128,3,affine_channel_lira,16,1000,1000,0.507958,0.027000000000000024,0.003,0.0,0.019,0.01,0.055,0.048
target,MNIST_QNN_zz_r1_d6_p7_s145,leave_target_out,noisy_shot,128,3,affine_channel_lira,16,1000,1000,0.529557,0.051999999999999935,0.003,0.001,0.029,0.01,0.064,0.048
cell,zz_r1_d6,leave_target_out,noisy_shot,128,4,affine_channel_lira,16,3000,3000,0.5261732222222222,0.042666666666666686,0.004,0.0006666666666666666,0.014666666666666666,0.01,0.06433333333333334,0.05
target,MNIST_QNN_zz_r1_d6_p7_s143,leave_target_out,noisy_shot,128,4,affine_channel_lira,16,1000,1000,0.531798,0.059,0.005,0.001,0.016,0.01,0.073,0.05
target,MNIST_QNN_zz_r1_d6_p7_s144,leave_target_out,noisy_shot,128,4,affine_channel_lira,16,1000,1000,0.529373,0.064,0.003,0.001,0.011,0.008,0.053,0.05
target,MNIST_QNN_zz_r1_d6_p7_s145,leave_target_out,noisy_shot,128,4,affine_channel_lira,16,1000,1000,0.5181899999999999,0.044999999999999984,0.006,0.001,0.018,0.01,0.079,0.05
cell,zz_r1_d6,leave_target_out,noisy_shot,128,5,affine_channel_lira,16,3000,3000,0.5181197777777778,0.03733333333333333,0.003,0.001,0.014,0.009666666666666667,0.05466666666666667,0.049666666666666665
target,MNIST_QNN_zz_r1_d6_p7_s143,leave_target_out,noisy_shot,128,5,affine_channel_lira,16,1000,1000,0.514727,0.03699999999999998,0.0,0.0,0.01,0.01,0.055,0.05
target,MNIST_QNN_zz_r1_d6_p7_s144,leave_target_out,noisy_shot,128,5,affine_channel_lira,16,1000,1000,0.5104270000000001,0.03199999999999997,0.004,0.0,0.012,0.01,0.055,0.048
target,MNIST_QNN_zz_r1_d6_p7_s145,leave_target_out,noisy_shot,128,5,affine_channel_lira,16,1000,1000,0.528241,0.05199999999999999,0.005,0.001,0.019,0.01,0.061,0.048
cell,zz_r1_d6,leave_target_out,noisy_shot,128,6,affine_channel_lira,16,3000,3000,0.513226,0.031666666666666676,0.0026666666666666666,0.001,0.019666666666666666,0.009666666666666667,0.06333333333333334,0.049666666666666665
target,MNIST_QNN_zz_r1_d6_p7_s143,leave_target_out,noisy_shot,128,6,affine_channel_lira,16,1000,1000,0.509317,0.028000000000000025,0.004,0.001,0.018,0.01,0.067,0.05
target,MNIST_QNN_zz_r1_d6_p7_s144,leave_target_out,noisy_shot,128,6,affine_channel_lira,16,1000,1000,0.520937,0.045999999999999985,0.006,0.001,0.023,0.01,0.065,0.049
target,MNIST_QNN_zz_r1_d6_p7_s145,leave_target_out,noisy_shot,128,6,affine_channel_lira,16,1000,1000,0.5095,0.03600000000000003,0.001,0.0,0.019,0.008,0.057,0.05
cell,zz_r1_d6,leave_target_out,noisy_shot,128,7,affine_channel_lira,16,3000,3000,0.5096642222222223,0.028666666666666646,0.007,0.001,0.022333333333333334,0.009666666666666667,0.06366666666666666,0.05
target,MNIST_QNN_zz_r1_d6_p7_s143,leave_target_out,noisy_shot,128,7,affine_channel_lira,16,1000,1000,0.498161,0.02200000000000002,0.005,0.001,0.023,0.01,0.059,0.049
target,MNIST_QNN_zz_r1_d6_p7_s144,leave_target_out,noisy_shot,128,7,affine_channel_lira,16,1000,1000,0.525177,0.04899999999999999,0.005,0.0,0.021,0.01,0.064,0.05
target,MNIST_QNN_zz_r1_d6_p7_s145,leave_target_out,noisy_shot,128,7,affine_channel_lira,16,1000,1000,0.5060290000000001,0.033,0.012,0.001,0.025,0.01,0.072,0.047
cell,zz_r1_d6,leave_target_out,noisy_shot,128,8,affine_channel_lira,16,3000,3000,0.5102588888888889,0.02733333333333332,0.001,0.001,0.011,0.01,0.057666666666666665,0.05
target,MNIST_QNN_zz_r1_d6_p7_s143,leave_target_out,noisy_shot,128,8,affine_channel_lira,16,1000,1000,0.501325,0.026999999999999996,0.005,0.001,0.012,0.008,0.064,0.05
target,MNIST_QNN_zz_r1_d6_p7_s144,leave_target_out,noisy_shot,128,8,affine_channel_lira,16,1000,1000,0.5179480000000001,0.041000000000000036,0.001,0.0,0.013,0.009,0.059,0.049
target,MNIST_QNN_zz_r1_d6_p7_s145,leave_target_out,noisy_shot,128,8,affine_channel_lira,16,1000,1000,0.511046,0.029000000000000026,0.001,0.0,0.006,0.01,0.05,0.049
cell,zz_r1_d6,leave_target_out,noisy_shot,128,9,affine_channel_lira,16,3000,3000,0.5140146666666666,0.029333333333333378,0.0036666666666666666,0.001,0.014666666666666666,0.009,0.051,0.049666666666666665
target,MNIST_QNN_zz_r1_d6_p7_s143,leave_target_out,noisy_shot,128,9,affine_channel_lira,16,1000,1000,0.514055,0.03799999999999998,0.002,0.001,0.007,0.01,0.035,0.05
target,MNIST_QNN_zz_r1_d6_p7_s144,leave_target_out,noisy_shot,128,9,affine_channel_lira,16,1000,1000,0.510605,0.035,0.008,0.001,0.014,0.003,0.052,0.05
target,MNIST_QNN_zz_r1_d6_p7_s145,leave_target_out,noisy_shot,128,9,affine_channel_lira,16,1000,1000,0.517737,0.04000000000000001,0.006,0.0,0.019,0.01,0.063,0.049
cell,zz_r1_d6,leave_target_out,noisy_shot,128,0,empirical_channel_lira,16,3000,3000,0.5246751111111112,0.04133333333333333,0.001,0.0006666666666666666,0.011,0.01,0.066,0.05
target,MNIST_QNN_zz_r1_d6_p7_s143,leave_target_out,noisy_shot,128,0,empirical_channel_lira,16,1000,1000,0.540912,0.07300000000000006,0.002,0.001,0.009,0.01,0.054,0.047
target,MNIST_QNN_zz_r1_d6_p7_s144,leave_target_out,noisy_shot,128,0,empirical_channel_lira,16,1000,1000,0.520625,0.04599999999999993,0.001,0.001,0.014,0.01,0.077,0.049
target,MNIST_QNN_zz_r1_d6_p7_s145,leave_target_out,noisy_shot,128,0,empirical_channel_lira,16,1000,1000,0.5140370000000001,0.051999999999999935,0.001,0.0,0.008,0.01,0.063,0.05
cell,zz_r1_d6,leave_target_out,noisy_shot,128,1,empirical_channel_lira,16,3000,3000,0.5245713333333333,0.04133333333333333,0.002,0.001,0.017333333333333333,0.009,0.06566666666666666,0.05
target,MNIST_QNN_zz_r1_d6_p7_s143,leave_target_out,noisy_shot,128,1,empirical_channel_lira,16,1000,1000,0.529461,0.05399999999999994,0.003,0.001,0.015,0.01,0.068,0.047
target,MNIST_QNN_zz_r1_d6_p7_s144,leave_target_out,noisy_shot,128,1,empirical_channel_lira,16,1000,1000,0.517877,0.04299999999999993,0.011,0.001,0.025,0.01,0.06,0.047
target,MNIST_QNN_zz_r1_d6_p7_s145,leave_target_out,noisy_shot,128,1,empirical_channel_lira,16,1000,1000,0.52582,0.067,0.001,0.0,0.018,0.01,0.07,0.048
cell,zz_r1_d6,leave_target_out,noisy_shot,128,2,empirical_channel_lira,16,3000,3000,0.5030232222222222,0.018000000000000016,0.004333333333333333,0.0006666666666666666,0.014333333333333333,0.009666666666666667,0.058333333333333334,0.049666666666666665
target,MNIST_QNN_zz_r1_d6_p7_s143,leave_target_out,noisy_shot,128,2,empirical_channel_lira,16,1000,1000,0.493735,0.015000000000000013,0.004,0.0,0.009,0.008,0.052,0.05
target,MNIST_QNN_zz_r1_d6_p7_s144,leave_target_out,noisy_shot,128,2,empirical_channel_lira,16,1000,1000,0.5179640000000001,0.04799999999999999,0.007,0.001,0.017,0.01,0.054,0.048
target,MNIST_QNN_zz_r1_d6_p7_s145,leave_target_out,noisy_shot,128,2,empirical_channel_lira,16,1000,1000,0.498569,0.03599999999999992,0.004,0.0,0.012,0.009,0.069,0.048
cell,zz_r1_d6,leave_target_out,noisy_shot,128,3,empirical_channel_lira,16,3000,3000,0.5255615555555555,0.04800000000000004,0.003,0.001,0.019,0.009,0.05333333333333334,0.04933333333333333
target,MNIST_QNN_zz_r1_d6_p7_s143,leave_target_out,noisy_shot,128,3,empirical_channel_lira,16,1000,1000,0.5303650000000001,0.061,0.004,0.001,0.009,0.007,0.04,0.05
target,MNIST_QNN_zz_r1_d6_p7_s144,leave_target_out,noisy_shot,128,3,empirical_channel_lira,16,1000,1000,0.5166270000000001,0.040999999999999925,0.012,0.001,0.021,0.01,0.055,0.05
target,MNIST_QNN_zz_r1_d6_p7_s145,leave_target_out,noisy_shot,128,3,empirical_channel_lira,16,1000,1000,0.530533,0.05299999999999999,0.004,0.001,0.021,0.01,0.073,0.05
cell,zz_r1_d6,leave_target_out,noisy_shot,128,4,empirical_channel_lira,16,3000,3000,0.5254136666666667,0.03833333333333333,0.0033333333333333335,0.001,0.015333333333333332,0.01,0.067,0.04933333333333333
target,MNIST_QNN_zz_r1_d6_p7_s143,leave_target_out,noisy_shot,128,4,empirical_channel_lira,16,1000,1000,0.527963,0.049000000000000044,0.003,0.001,0.018,0.01,0.071,0.048
target,MNIST_QNN_zz_r1_d6_p7_s144,leave_target_out,noisy_shot,128,4,empirical_channel_lira,16,1000,1000,0.528565,0.05700000000000001,0.002,0.001,0.013,0.009,0.052,0.05
target,MNIST_QNN_zz_r1_d6_p7_s145,leave_target_out,noisy_shot,128,4,empirical_channel_lira,16,1000,1000,0.520033,0.04000000000000001,0.005,0.001,0.015,0.009,0.073,0.05
cell,zz_r1_d6,leave_target_out,noisy_shot,128,5,empirical_channel_lira,16,3000,3000,0.5162843333333333,0.03233333333333338,0.0023333333333333335,0.001,0.01633333333333333,0.009333333333333334,0.05366666666666667,0.049666666666666665
target,MNIST_QNN_zz_r1_d6_p7_s143,leave_target_out,noisy_shot,128,5,empirical_channel_lira,16,1000,1000,0.512637,0.034999999999999976,0.002,0.001,0.013,0.009,0.06,0.05
target,MNIST_QNN_zz_r1_d6_p7_s144,leave_target_out,noisy_shot,128,5,empirical_channel_lira,16,1000,1000,0.51261,0.033999999999999975,0.005,0.001,0.012,0.01,0.04,0.05
target,MNIST_QNN_zz_r1_d6_p7_s145,leave_target_out,noisy_shot,128,5,empirical_channel_lira,16,1000,1000,0.5224530000000001,0.044999999999999984,0.006,0.001,0.022,0.009,0.066,0.049
cell,zz_r1_d6,leave_target_out,noisy_shot,128,6,empirical_channel_lira,16,3000,3000,0.5123026666666666,0.027000000000000024,0.0023333333333333335,0.0006666666666666666,0.013333333333333334,0.009,0.06666666666666667,0.05
target,MNIST_QNN_zz_r1_d6_p7_s143,leave_target_out,noisy_shot,128,6,empirical_channel_lira,16,1000,1000,0.51064,0.033999999999999975,0.004,0.001,0.01,0.009,0.068,0.05
target,MNIST_QNN_zz_r1_d6_p7_s144,leave_target_out,noisy_shot,128,6,empirical_channel_lira,16,1000,1000,0.5219910000000001,0.04300000000000004,0.003,0.001,0.029,0.01,0.066,0.05
target,MNIST_QNN_zz_r1_d6_p7_s145,leave_target_out,noisy_shot,128,6,empirical_channel_lira,16,1000,1000,0.505019,0.030000000000000027,0.001,0.0,0.013,0.008,0.059,0.049
cell,zz_r1_d6,leave_target_out,noisy_shot,128,7,empirical_channel_lira,16,3000,3000,0.5133510000000001,0.024333333333333346,0.008,0.001,0.019,0.01,0.06333333333333334,0.049666666666666665
target,MNIST_QNN_zz_r1_d6_p7_s143,leave_target_out,noisy_shot,128,7,empirical_channel_lira,16,1000,1000,0.510015,0.027999999999999997,0.005,0.001,0.019,0.009,0.063,0.05
target,MNIST_QNN_zz_r1_d6_p7_s144,leave_target_out,noisy_shot,128,7,empirical_channel_lira,16,1000,1000,0.522048,0.04699999999999993,0.008,0.0,0.019,0.01,0.067,0.049
target,MNIST_QNN_zz_r1_d6_p7_s145,leave_target_out,noisy_shot,128,7,empirical_channel_lira,16,1000,1000,0.509163,0.03300000000000003,0.011,0.001,0.022,0.009,0.072,0.049
cell,zz_r1_d6,leave_target_out,noisy_shot,128,8,empirical_channel_lira,16,3000,3000,0.5087052222222223,0.02200000000000002,0.0003333333333333333,0.0,0.009333333333333334,0.009333333333333334,0.05533333333333333,0.049666666666666665
target,MNIST_QNN_zz_r1_d6_p7_s143,leave_target_out,noisy_shot,128,8,empirical_channel_lira,16,1000,1000,0.502405,0.031,0.005,0.001,0.012,0.009,0.051,0.049
target,MNIST_QNN_zz_r1_d6_p7_s144,leave_target_out,noisy_shot,128,8,empirical_channel_lira,16,1000,1000,0.5188079999999999,0.05599999999999994,0.002,0.0,0.013,0.01,0.057,0.05
target,MNIST_QNN_zz_r1_d6_p7_s145,leave_target_out,noisy_shot,128,8,empirical_channel_lira,16,1000,1000,0.504868,0.028999999999999998,0.001,0.0,0.008,0.009,0.054,0.05
cell,zz_r1_d6,leave_target_out,noisy_shot,128,9,empirical_channel_lira,16,3000,3000,0.516549,0.033333333333333354,0.0033333333333333335,0.001,0.019,0.01,0.049,0.04933333333333333
target,MNIST_QNN_zz_r1_d6_p7_s143,leave_target_out,noisy_shot,128,9,empirical_channel_lira,16,1000,1000,0.514437,0.040000000000000036,0.003,0.001,0.011,0.008,0.039,0.049
target,MNIST_QNN_zz_r1_d6_p7_s144,leave_target_out,noisy_shot,128,9,empirical_channel_lira,16,1000,1000,0.5136729999999999,0.05299999999999999,0.012,0.001,0.017,0.01,0.046,0.049
target,MNIST_QNN_zz_r1_d6_p7_s145,leave_target_out,noisy_shot,128,9,empirical_channel_lira,16,1000,1000,0.5212100000000001,0.04300000000000004,0.006,0.001,0.027,0.01,0.064,0.05
cell,zz_r1_d6,leave_target_out,noisy_shot,128,0,noise_augmented_lira,16,3000,3000,0.5187476666666666,0.03399999999999992,0.0016666666666666668,0.001,0.01,0.01,0.06766666666666667,0.05
target,MNIST_QNN_zz_r1_d6_p7_s143,leave_target_out,noisy_shot,128,0,noise_augmented_lira,16,1000,1000,0.5300860000000001,0.05600000000000005,0.001,0.001,0.011,0.009,0.057,0.05
target,MNIST_QNN_zz_r1_d6_p7_s144,leave_target_out,noisy_shot,128,0,noise_augmented_lira,16,1000,1000,0.511437,0.047000000000000014,0.003,0.001,0.014,0.01,0.065,0.048
target,MNIST_QNN_zz_r1_d6_p7_s145,leave_target_out,noisy_shot,128,0,noise_augmented_lira,16,1000,1000,0.515773,0.04399999999999993,0.002,0.001,0.009,0.01,0.065,0.049
cell,zz_r1_d6,leave_target_out,noisy_shot,128,1,noise_augmented_lira,16,3000,3000,0.5296466666666666,0.04933333333333334,0.0013333333333333333,0.001,0.02033333333333333,0.01,0.064,0.05
target,MNIST_QNN_zz_r1_d6_p7_s143,leave_target_out,noisy_shot,128,1,noise_augmented_lira,16,1000,1000,0.52938,0.05499999999999999,0.001,0.001,0.016,0.008,0.067,0.048
target,MNIST_QNN_zz_r1_d6_p7_s144,leave_target_out,noisy_shot,128,1,noise_augmented_lira,16,1000,1000,0.526389,0.052000000000000046,0.009,0.001,0.025,0.009,0.061,0.048
target,MNIST_QNN_zz_r1_d6_p7_s145,leave_target_out,noisy_shot,128,1,noise_augmented_lira,16,1000,1000,0.53247,0.06,0.001,0.001,0.014,0.009,0.072,0.05
cell,zz_r1_d6,leave_target_out,noisy_shot,128,2,noise_augmented_lira,16,3000,3000,0.5027245555555555,0.014333333333333337,0.0026666666666666666,0.0,0.015,0.009666666666666667,0.059,0.049666666666666665
target,MNIST_QNN_zz_r1_d6_p7_s143,leave_target_out,noisy_shot,128,2,noise_augmented_lira,16,1000,1000,0.488093,0.016,0.003,0.0,0.012,0.009,0.053,0.05
target,MNIST_QNN_zz_r1_d6_p7_s144,leave_target_out,noisy_shot,128,2,noise_augmented_lira,16,1000,1000,0.519719,0.050000000000000044,0.006,0.001,0.013,0.01,0.051,0.05
target,MNIST_QNN_zz_r1_d6_p7_s145,leave_target_out,noisy_shot,128,2,noise_augmented_lira,16,1000,1000,0.500772,0.031000000000000028,0.002,0.0,0.021,0.008,0.07,0.049
cell,zz_r1_d6,leave_target_out,noisy_shot,128,3,noise_augmented_lira,16,3000,3000,0.5249075555555556,0.034666666666666734,0.005333333333333333,0.001,0.02,0.009,0.05466666666666667,0.05
target,MNIST_QNN_zz_r1_d6_p7_s143,leave_target_out,noisy_shot,128,3,noise_augmented_lira,16,1000,1000,0.5197590000000001,0.048000000000000015,0.004,0.001,0.01,0.008,0.039,0.049
target,MNIST_QNN_zz_r1_d6_p7_s144,leave_target_out,noisy_shot,128,3,noise_augmented_lira,16,1000,1000,0.512525,0.03400000000000003,0.005,0.001,0.022,0.01,0.05,0.048
target,MNIST_QNN_zz_r1_d6_p7_s145,leave_target_out,noisy_shot,128,3,noise_augmented_lira,16,1000,1000,0.541825,0.06699999999999995,0.004,0.001,0.021,0.009,0.069,0.046
cell,zz_r1_d6,leave_target_out,noisy_shot,128,4,noise_augmented_lira,16,3000,3000,0.5271282222222222,0.04533333333333334,0.005333333333333333,0.0003333333333333333,0.014666666666666666,0.009333333333333334,0.07066666666666667,0.05
target,MNIST_QNN_zz_r1_d6_p7_s143,leave_target_out,noisy_shot,128,4,noise_augmented_lira,16,1000,1000,0.527535,0.052000000000000046,0.006,0.0,0.018,0.009,0.082,0.049
target,MNIST_QNN_zz_r1_d6_p7_s144,leave_target_out,noisy_shot,128,4,noise_augmented_lira,16,1000,1000,0.5333450000000001,0.063,0.006,0.001,0.01,0.01,0.05,0.05
target,MNIST_QNN_zz_r1_d6_p7_s145,leave_target_out,noisy_shot,128,4,noise_augmented_lira,16,1000,1000,0.520644,0.03900000000000001,0.006,0.0,0.017,0.009,0.077,0.05
cell,zz_r1_d6,leave_target_out,noisy_shot,128,5,noise_augmented_lira,16,3000,3000,0.5137636666666667,0.02833333333333332,0.0033333333333333335,0.001,0.01633333333333333,0.01,0.05533333333333333,0.05
target,MNIST_QNN_zz_r1_d6_p7_s143,leave_target_out,noisy_shot,128,5,noise_augmented_lira,16,1000,1000,0.509375,0.032,0.001,0.001,0.016,0.01,0.063,0.05
target,MNIST_QNN_zz_r1_d6_p7_s144,leave_target_out,noisy_shot,128,5,noise_augmented_lira,16,1000,1000,0.504299,0.027000000000000024,0.002,0.001,0.011,0.009,0.042,0.05
target,MNIST_QNN_zz_r1_d6_p7_s145,leave_target_out,noisy_shot,128,5,noise_augmented_lira,16,1000,1000,0.526507,0.051000000000000045,0.007,0.001,0.024,0.01,0.053,0.049
cell,zz_r1_d6,leave_target_out,noisy_shot,128,6,noise_augmented_lira,16,3000,3000,0.5171087777777778,0.033,0.003,0.001,0.02033333333333333,0.01,0.067,0.05
target,MNIST_QNN_zz_r1_d6_p7_s143,leave_target_out,noisy_shot,128,6,noise_augmented_lira,16,1000,1000,0.508919,0.035,0.004,0.001,0.017,0.009,0.063,0.049
target,MNIST_QNN_zz_r1_d6_p7_s144,leave_target_out,noisy_shot,128,6,noise_augmented_lira,16,1000,1000,0.526243,0.05500000000000005,0.004,0.001,0.023,0.01,0.07,0.05
target,MNIST_QNN_zz_r1_d6_p7_s145,leave_target_out,noisy_shot,128,6,noise_augmented_lira,16,1000,1000,0.515827,0.03999999999999998,0.001,0.0,0.014,0.008,0.069,0.048
cell,zz_r1_d6,leave_target_out,noisy_shot,128,7,noise_augmented_lira,16,3000,3000,0.5117023333333334,0.027666666666666673,0.007,0.001,0.019666666666666666,0.01,0.06566666666666666,0.049666666666666665
target,MNIST_QNN_zz_r1_d6_p7_s143,leave_target_out,noisy_shot,128,7,noise_augmented_lira,16,1000,1000,0.50214,0.025999999999999995,0.003,0.001,0.023,0.01,0.062,0.05
target,MNIST_QNN_zz_r1_d6_p7_s144,leave_target_out,noisy_shot,128,7,noise_augmented_lira,16,1000,1000,0.523132,0.04400000000000004,0.009,0.001,0.017,0.007,0.068,0.047
target,MNIST_QNN_zz_r1_d6_p7_s145,leave_target_out,noisy_shot,128,7,noise_augmented_lira,16,1000,1000,0.510112,0.031,0.012,0.001,0.028,0.01,0.071,0.047
cell,zz_r1_d6,leave_target_out,noisy_shot,128,8,noise_augmented_lira,16,3000,3000,0.5090782222222222,0.02400000000000002,0.0003333333333333333,0.0003333333333333333,0.013666666666666667,0.01,0.056,0.04933333333333333
target,MNIST_QNN_zz_r1_d6_p7_s143,leave_target_out,noisy_shot,128,8,noise_augmented_lira,16,1000,1000,0.49440300000000004,0.034,0.003,0.0,0.015,0.009,0.06,0.049
target,MNIST_QNN_zz_r1_d6_p7_s144,leave_target_out,noisy_shot,128,8,noise_augmented_lira,16,1000,1000,0.520278,0.049000000000000044,0.002,0.001,0.018,0.01,0.065,0.049
target,MNIST_QNN_zz_r1_d6_p7_s145,leave_target_out,noisy_shot,128,8,noise_augmented_lira,16,1000,1000,0.511056,0.03700000000000003,0.001,0.001,0.007,0.009,0.052,0.049
cell,zz_r1_d6,leave_target_out,noisy_shot,128,9,noise_augmented_lira,16,3000,3000,0.5187545555555556,0.035333333333333355,0.0033333333333333335,0.0006666666666666666,0.014333333333333333,0.01,0.056666666666666664,0.05
target,MNIST_QNN_zz_r1_d6_p7_s143,leave_target_out,noisy_shot,128,9,noise_augmented_lira,16,1000,1000,0.507306,0.027000000000000024,0.002,0.001,0.014,0.009,0.044,0.05
target,MNIST_QNN_zz_r1_d6_p7_s144,leave_target_out,noisy_shot,128,9,noise_augmented_lira,16,1000,1000,0.517374,0.04899999999999999,0.002,0.0,0.011,0.008,0.059,0.049
target,MNIST_QNN_zz_r1_d6_p7_s145,leave_target_out,noisy_shot,128,9,noise_augmented_lira,16,1000,1000,0.5305169999999999,0.05499999999999999,0.007,0.001,0.019,0.01,0.07,0.05
cell,zz_r1_d6,leave_target_out,noisy_shot,128,0,target_crossfit_learned_mia,0,3000,3000,0.5265474444444445,0.04833333333333334,0.001,0.0003333333333333333,0.015,0.01,0.05466666666666667,0.05
target,MNIST_QNN_zz_r1_d6_p7_s143,leave_target_out,noisy_shot,128,0,target_crossfit_learned_mia,0,1000,1000,0.546893,0.09199999999999997,0.003,0.001,0.014,0.01,0.058,0.049
target,MNIST_QNN_zz_r1_d6_p7_s144,leave_target_out,noisy_shot,128,0,target_crossfit_learned_mia,0,1000,1000,0.489383,0.016,0.0,0.0,0.015,0.008,0.062,0.048
target,MNIST_QNN_zz_r1_d6_p7_s145,leave_target_out,noisy_shot,128,0,target_crossfit_learned_mia,0,1000,1000,0.530626,0.07599999999999996,0.002,0.0,0.022,0.009,0.056,0.05
cell,zz_r1_d6,leave_target_out,noisy_shot,128,1,target_crossfit_learned_mia,0,3000,3000,0.5059426666666667,0.019666666666666666,0.003,0.0006666666666666666,0.015333333333333332,0.009666666666666667,0.057666666666666665,0.049666666666666665
target,MNIST_QNN_zz_r1_d6_p7_s143,leave_target_out,noisy_shot,128,1,target_crossfit_learned_mia,0,1000,1000,0.536323,0.05900000000000005,0.008,0.0,0.024,0.01,0.066,0.048
target,MNIST_QNN_zz_r1_d6_p7_s144,leave_target_out,noisy_shot,128,1,target_crossfit_learned_mia,0,1000,1000,0.49177699999999996,0.01200000000000001,0.003,0.001,0.015,0.007,0.05,0.05
target,MNIST_QNN_zz_r1_d6_p7_s145,leave_target_out,noisy_shot,128,1,target_crossfit_learned_mia,0,1000,1000,0.485697,0.020000000000000018,0.001,0.0,0.009,0.008,0.044,0.05
cell,zz_r1_d6,leave_target_out,noisy_shot,128,2,target_crossfit_learned_mia,0,3000,3000,0.5196925555555556,0.04066666666666663,0.0016666666666666668,0.0006666666666666666,0.009,0.01,0.052,0.05
target,MNIST_QNN_zz_r1_d6_p7_s143,leave_target_out,noisy_shot,128,2,target_crossfit_learned_mia,0,1000,1000,0.514971,0.04200000000000004,0.006,0.001,0.012,0.009,0.059,0.05
target,MNIST_QNN_zz_r1_d6_p7_s144,leave_target_out,noisy_shot,128,2,target_crossfit_learned_mia,0,1000,1000,0.5203280000000001,0.05299999999999999,0.0,0.0,0.008,0.01,0.035,0.05
target,MNIST_QNN_zz_r1_d6_p7_s145,leave_target_out,noisy_shot,128,2,target_crossfit_learned_mia,0,1000,1000,0.5173449999999999,0.051000000000000045,0.002,0.0,0.003,0.009,0.06,0.047
cell,zz_r1_d6,leave_target_out,noisy_shot,128,3,target_crossfit_learned_mia,0,3000,3000,0.5262723333333333,0.04133333333333333,0.0026666666666666666,0.0006666666666666666,0.019333333333333334,0.01,0.06566666666666666,0.049666666666666665
target,MNIST_QNN_zz_r1_d6_p7_s143,leave_target_out,noisy_shot,128,3,target_crossfit_learned_mia,0,1000,1000,0.5166999999999999,0.04799999999999993,0.003,0.001,0.009,0.008,0.062,0.05
target,MNIST_QNN_zz_r1_d6_p7_s144,leave_target_out,noisy_shot,128,3,target_crossfit_learned_mia,0,1000,1000,0.504891,0.026000000000000023,0.005,0.001,0.013,0.009,0.056,0.049
target,MNIST_QNN_zz_r1_d6_p7_s145,leave_target_out,noisy_shot,128,3,target_crossfit_learned_mia,0,1000,1000,0.549654,0.08699999999999997,0.007,0.001,0.02,0.01,0.083,0.05
cell,zz_r1_d6,leave_target_out,noisy_shot,128,4,target_crossfit_learned_mia,0,3000,3000,0.5037221111111112,0.020999999999999908,0.001,0.0006666666666666666,0.009666666666666667,0.009666666666666667,0.049,0.049666666666666665
target,MNIST_QNN_zz_r1_d6_p7_s143,leave_target_out,noisy_shot,128,4,target_crossfit_learned_mia,0,1000,1000,0.48897199999999996,0.02100000000000002,0.004,0.001,0.014,0.009,0.041,0.05
target,MNIST_QNN_zz_r1_d6_p7_s144,leave_target_out,noisy_shot,128,4,target_crossfit_learned_mia,0,1000,1000,0.513413,0.040999999999999925,0.0,0.0,0.009,0.009,0.053,0.046
target,MNIST_QNN_zz_r1_d6_p7_s145,leave_target_out,noisy_shot,128,4,target_crossfit_learned_mia,0,1000,1000,0.5098039999999999,0.038000000000000034,0.005,0.001,0.01,0.01,0.055,0.046
cell,zz_r1_d6,leave_target_out,noisy_shot,128,5,target_crossfit_learned_mia,0,3000,3000,0.5245773333333333,0.044333333333333336,0.0023333333333333335,0.0003333333333333333,0.015333333333333332,0.01,0.05633333333333333,0.049666666666666665
target,MNIST_QNN_zz_r1_d6_p7_s143,leave_target_out,noisy_shot,128,5,target_crossfit_learned_mia,0,1000,1000,0.521293,0.05299999999999999,0.002,0.0,0.011,0.01,0.055,0.049
target,MNIST_QNN_zz_r1_d6_p7_s144,leave_target_out,noisy_shot,128,5,target_crossfit_learned_mia,0,1000,1000,0.5045109999999999,0.02300000000000002,0.001,0.0,0.002,0.008,0.038,0.048
target,MNIST_QNN_zz_r1_d6_p7_s145,leave_target_out,noisy_shot,128,5,target_crossfit_learned_mia,0,1000,1000,0.543386,0.08900000000000002,0.005,0.001,0.014,0.01,0.076,0.048
cell,zz_r1_d6,leave_target_out,noisy_shot,128,6,target_crossfit_learned_mia,0,3000,3000,0.5288625555555555,0.05266666666666675,0.0,0.0,0.013333333333333334,0.01,0.05633333333333333,0.05
target,MNIST_QNN_zz_r1_d6_p7_s143,leave_target_out,noisy_shot,128,6,target_crossfit_learned_mia,0,1000,1000,0.538495,0.06799999999999995,0.0,0.0,0.021,0.01,0.068,0.05
target,MNIST_QNN_zz_r1_d6_p7_s144,leave_target_out,noisy_shot,128,6,target_crossfit_learned_mia,0,1000,1000,0.523547,0.06899999999999995,0.0,0.0,0.006,0.009,0.043,0.05
target,MNIST_QNN_zz_r1_d6_p7_s145,leave_target_out,noisy_shot,128,6,target_crossfit_learned_mia,0,1000,1000,0.524365,0.05799999999999994,0.003,0.001,0.013,0.008,0.062,0.05
cell,zz_r1_d6,leave_target_out,noisy_shot,128,7,target_crossfit_learned_mia,0,3000,3000,0.5331174444444444,0.06133333333333335,0.006333333333333333,0.001,0.019,0.009,0.06233333333333333,0.048666666666666664
target,MNIST_QNN_zz_r1_d6_p7_s143,leave_target_out,noisy_shot,128,7,target_crossfit_learned_mia,0,1000,1000,0.539763,0.06900000000000006,0.004,0.001,0.031,0.01,0.085,0.05
target,MNIST_QNN_zz_r1_d6_p7_s144,leave_target_out,noisy_shot,128,7,target_crossfit_learned_mia,0,1000,1000,0.528995,0.07599999999999996,0.002,0.0,0.012,0.01,0.041,0.05
target,MNIST_QNN_zz_r1_d6_p7_s145,leave_target_out,noisy_shot,128,7,target_crossfit_learned_mia,0,1000,1000,0.527323,0.05499999999999999,0.009,0.001,0.026,0.01,0.06,0.046
cell,zz_r1_d6,leave_target_out,noisy_shot,128,8,target_crossfit_learned_mia,0,3000,3000,0.5240165555555556,0.03966666666666674,0.002,0.0006666666666666666,0.014,0.009333333333333334,0.05733333333333333,0.05
target,MNIST_QNN_zz_r1_d6_p7_s143,leave_target_out,noisy_shot,128,8,target_crossfit_learned_mia,0,1000,1000,0.527327,0.05299999999999999,0.003,0.001,0.018,0.01,0.054,0.048
target,MNIST_QNN_zz_r1_d6_p7_s144,leave_target_out,noisy_shot,128,8,target_crossfit_learned_mia,0,1000,1000,0.526472,0.05500000000000005,0.006,0.001,0.015,0.008,0.052,0.05
target,MNIST_QNN_zz_r1_d6_p7_s145,leave_target_out,noisy_shot,128,8,target_crossfit_learned_mia,0,1000,1000,0.519341,0.04299999999999993,0.0,0.0,0.008,0.008,0.055,0.047
cell,zz_r1_d6,leave_target_out,noisy_shot,128,9,target_crossfit_learned_mia,0,3000,3000,0.5296179999999999,0.04700000000000004,0.0023333333333333335,0.001,0.017666666666666667,0.01,0.06566666666666666,0.05
target,MNIST_QNN_zz_r1_d6_p7_s143,leave_target_out,noisy_shot,128,9,target_crossfit_learned_mia,0,1000,1000,0.527276,0.05799999999999994,0.003,0.0,0.017,0.01,0.089,0.049
target,MNIST_QNN_zz_r1_d6_p7_s144,leave_target_out,noisy_shot,128,9,target_crossfit_learned_mia,0,1000,1000,0.538931,0.07900000000000001,0.001,0.001,0.01,0.01,0.052,0.048
target,MNIST_QNN_zz_r1_d6_p7_s145,leave_target_out,noisy_shot,128,9,target_crossfit_learned_mia,0,1000,1000,0.522548,0.04500000000000004,0.001,0.0,0.011,0.008,0.067,0.05
cell,zz_r1_d6,leave_target_out,noisy_shot,128,0,matched_reference_lira_online,16,3000,3000,0.5259146666666666,0.04833333333333334,0.001,0.001,0.009,0.01,0.06166666666666667,0.05
target,MNIST_QNN_zz_r1_d6_p7_s143,leave_target_out,noisy_shot,128,0,matched_reference_lira_online,16,1000,1000,0.5298160000000001,0.07099999999999995,0.002,0.001,0.007,0.009,0.056,0.049
target,MNIST_QNN_zz_r1_d6_p7_s144,leave_target_out,noisy_shot,128,0,matched_reference_lira_online,16,1000,1000,0.525088,0.046999999999999986,0.0,0.0,0.008,0.01,0.063,0.05
target,MNIST_QNN_zz_r1_d6_p7_s145,leave_target_out,noisy_shot,128,0,matched_reference_lira_online,16,1000,1000,0.522882,0.04800000000000004,0.005,0.001,0.013,0.01,0.053,0.048
cell,zz_r1_d6,leave_target_out,noisy_shot,128,1,matched_reference_lira_online,16,3000,3000,0.5117736666666667,0.030333333333333323,0.0003333333333333333,0.0006666666666666666,0.007666666666666666,0.009,0.05566666666666667,0.048
target,MNIST_QNN_zz_r1_d6_p7_s143,leave_target_out,noisy_shot,128,1,matched_reference_lira_online,16,1000,1000,0.525228,0.056999999999999995,0.001,0.0,0.01,0.01,0.064,0.05
target,MNIST_QNN_zz_r1_d6_p7_s144,leave_target_out,noisy_shot,128,1,matched_reference_lira_online,16,1000,1000,0.48877099999999996,0.015000000000000013,0.0,0.0,0.003,0.01,0.05,0.049
target,MNIST_QNN_zz_r1_d6_p7_s145,leave_target_out,noisy_shot,128,1,matched_reference_lira_online,16,1000,1000,0.520511,0.063,0.0,0.0,0.013,0.008,0.063,0.05
cell,zz_r1_d6,leave_target_out,noisy_shot,128,2,matched_reference_lira_online,16,3000,3000,0.5139172222222222,0.033333333333333326,0.0026666666666666666,0.0003333333333333333,0.013666666666666667,0.009333333333333334,0.05266666666666667,0.04933333333333333
target,MNIST_QNN_zz_r1_d6_p7_s143,leave_target_out,noisy_shot,128,2,matched_reference_lira_online,16,1000,1000,0.50337,0.020000000000000004,0.006,0.001,0.014,0.009,0.063,0.05
target,MNIST_QNN_zz_r1_d6_p7_s144,leave_target_out,noisy_shot,128,2,matched_reference_lira_online,16,1000,1000,0.506831,0.03300000000000003,0.003,0.0,0.017,0.006,0.056,0.05
target,MNIST_QNN_zz_r1_d6_p7_s145,leave_target_out,noisy_shot,128,2,matched_reference_lira_online,16,1000,1000,0.530722,0.08000000000000007,0.003,0.001,0.012,0.01,0.042,0.047
cell,zz_r1_d6,leave_target_out,noisy_shot,128,3,matched_reference_lira_online,16,3000,3000,0.5143551111111111,0.03733333333333333,0.0006666666666666666,0.001,0.01,0.009,0.054,0.05
target,MNIST_QNN_zz_r1_d6_p7_s143,leave_target_out,noisy_shot,128,3,matched_reference_lira_online,16,1000,1000,0.514069,0.04700000000000004,0.0,0.0,0.01,0.01,0.045,0.047
target,MNIST_QNN_zz_r1_d6_p7_s144,leave_target_out,noisy_shot,128,3,matched_reference_lira_online,16,1000,1000,0.517083,0.049000000000000044,0.001,0.001,0.009,0.01,0.054,0.048
target,MNIST_QNN_zz_r1_d6_p7_s145,leave_target_out,noisy_shot,128,3,matched_reference_lira_online,16,1000,1000,0.511618,0.039000000000000035,0.0,0.0,0.013,0.01,0.063,0.05
cell,zz_r1_d6,leave_target_out,noisy_shot,128,4,matched_reference_lira_online,16,3000,3000,0.5118575555555556,0.035,0.0006666666666666666,0.0006666666666666666,0.009333333333333334,0.01,0.06233333333333333,0.049666666666666665
target,MNIST_QNN_zz_r1_d6_p7_s143,leave_target_out,noisy_shot,128,4,matched_reference_lira_online,16,1000,1000,0.508497,0.041000000000000036,0.0,0.0,0.009,0.009,0.067,0.048
target,MNIST_QNN_zz_r1_d6_p7_s144,leave_target_out,noisy_shot,128,4,matched_reference_lira_online,16,1000,1000,0.525668,0.062,0.0,0.0,0.008,0.01,0.065,0.046
target,MNIST_QNN_zz_r1_d6_p7_s145,leave_target_out,noisy_shot,128,4,matched_reference_lira_online,16,1000,1000,0.501376,0.02100000000000002,0.002,0.0,0.012,0.01,0.051,0.05
cell,zz_r1_d6,leave_target_out,noisy_shot,128,5,matched_reference_lira_online,16,3000,3000,0.4972256666666667,0.013666666666666667,0.0023333333333333335,0.001,0.015,0.009666666666666667,0.060333333333333336,0.049666666666666665
target,MNIST_QNN_zz_r1_d6_p7_s143,leave_target_out,noisy_shot,128,5,matched_reference_lira_online,16,1000,1000,0.47700400000000004,0.017,0.002,0.001,0.008,0.007,0.062,0.047
target,MNIST_QNN_zz_r1_d6_p7_s144,leave_target_out,noisy_shot,128,5,matched_reference_lira_online,16,1000,1000,0.503037,0.030999999999999972,0.005,0.0,0.017,0.01,0.053,0.05
target,MNIST_QNN_zz_r1_d6_p7_s145,leave_target_out,noisy_shot,128,5,matched_reference_lira_online,16,1000,1000,0.510953,0.039000000000000035,0.0,0.0,0.014,0.009,0.064,0.047
cell,zz_r1_d6,leave_target_out,noisy_shot,128,6,matched_reference_lira_online,16,3000,3000,0.5110737777777777,0.025999999999999968,0.0006666666666666666,0.001,0.007,0.009666666666666667,0.059666666666666666,0.05
target,MNIST_QNN_zz_r1_d6_p7_s143,leave_target_out,noisy_shot,128,6,matched_reference_lira_online,16,1000,1000,0.50774,0.034999999999999976,0.001,0.0,0.008,0.008,0.058,0.05
target,MNIST_QNN_zz_r1_d6_p7_s144,leave_target_out,noisy_shot,128,6,matched_reference_lira_online,16,1000,1000,0.5041150000000001,0.03400000000000003,0.0,0.0,0.003,0.007,0.057,0.05
target,MNIST_QNN_zz_r1_d6_p7_s145,leave_target_out,noisy_shot,128,6,matched_reference_lira_online,16,1000,1000,0.520809,0.051000000000000045,0.002,0.0,0.006,0.01,0.066,0.05
cell,zz_r1_d6,leave_target_out,noisy_shot,128,7,matched_reference_lira_online,16,3000,3000,0.520369,0.033333333333333326,0.0003333333333333333,0.0,0.011333333333333334,0.01,0.06666666666666667,0.049666666666666665
target,MNIST_QNN_zz_r1_d6_p7_s143,leave_target_out,noisy_shot,128,7,matched_reference_lira_online,16,1000,1000,0.512753,0.039000000000000035,0.001,0.001,0.014,0.01,0.069,0.047
target,MNIST_QNN_zz_r1_d6_p7_s144,leave_target_out,noisy_shot,128,7,matched_reference_lira_online,16,1000,1000,0.5273829999999999,0.05599999999999994,0.0,0.0,0.009,0.01,0.052,0.047
target,MNIST_QNN_zz_r1_d6_p7_s145,leave_target_out,noisy_shot,128,7,matched_reference_lira_online,16,1000,1000,0.520891,0.041000000000000036,0.001,0.0,0.015,0.008,0.07,0.049
cell,zz_r1_d6,leave_target_out,noisy_shot,128,8,matched_reference_lira_online,16,3000,3000,0.5038097777777778,0.02300000000000002,0.0013333333333333333,0.001,0.008666666666666666,0.01,0.051333333333333335,0.05
target,MNIST_QNN_zz_r1_d6_p7_s143,leave_target_out,noisy_shot,128,8,matched_reference_lira_online,16,1000,1000,0.493638,0.016000000000000014,0.0,0.0,0.003,0.006,0.052,0.05
target,MNIST_QNN_zz_r1_d6_p7_s144,leave_target_out,noisy_shot,128,8,matched_reference_lira_online,16,1000,1000,0.511342,0.04799999999999993,0.005,0.0,0.021,0.01,0.053,0.049
target,MNIST_QNN_zz_r1_d6_p7_s145,leave_target_out,noisy_shot,128,8,matched_reference_lira_online,16,1000,1000,0.5062450000000001,0.03200000000000003,0.002,0.0,0.01,0.01,0.041,0.05
cell,zz_r1_d6,leave_target_out,noisy_shot,128,9,matched_reference_lira_online,16,3000,3000,0.5059216111111111,0.023666666666666614,0.001,0.0006666666666666666,0.007666666666666666,0.009,0.044,0.05
target,MNIST_QNN_zz_r1_d6_p7_s143,leave_target_out,noisy_shot,128,9,matched_reference_lira_online,16,1000,1000,0.488703,0.015000000000000013,0.002,0.0,0.01,0.009,0.032,0.049
target,MNIST_QNN_zz_r1_d6_p7_s144,leave_target_out,noisy_shot,128,9,matched_reference_lira_online,16,1000,1000,0.511435,0.039000000000000035,0.002,0.001,0.017,0.01,0.044,0.05
target,MNIST_QNN_zz_r1_d6_p7_s145,leave_target_out,noisy_shot,128,9,matched_reference_lira_online,16,1000,1000,0.5175949999999999,0.036000000000000004,0.0,0.0,0.008,0.01,0.063,0.049
cell,zz_r1_d6,leave_target_out,noisy_shot,128,0,matched_reference_lira_online_fixed_variance,16,3000,3000,0.5218614444444445,0.04200000000000004,0.0026666666666666666,0.0006666666666666666,0.008,0.009333333333333334,0.05333333333333334,0.04933333333333333
target,MNIST_QNN_zz_r1_d6_p7_s143,leave_target_out,noisy_shot,128,0,matched_reference_lira_online_fixed_variance,16,1000,1000,0.52381,0.04499999999999993,0.006,0.0,0.01,0.008,0.042,0.05
target,MNIST_QNN_zz_r1_d6_p7_s144,leave_target_out,noisy_shot,128,0,matched_reference_lira_online_fixed_variance,16,1000,1000,0.5213450000000001,0.04700000000000004,0.003,0.0,0.01,0.007,0.07,0.049
target,MNIST_QNN_zz_r1_d6_p7_s145,leave_target_out,noisy_shot,128,0,matched_reference_lira_online_fixed_variance,16,1000,1000,0.520578,0.04599999999999993,0.0,0.0,0.006,0.01,0.055,0.05
cell,zz_r1_d6,leave_target_out,noisy_shot,128,1,matched_reference_lira_online_fixed_variance,16,3000,3000,0.5280087777777778,0.049000000000000044,0.0033333333333333335,0.0003333333333333333,0.015,0.009666666666666667,0.06433333333333334,0.049666666666666665
target,MNIST_QNN_zz_r1_d6_p7_s143,leave_target_out,noisy_shot,128,1,matched_reference_lira_online_fixed_variance,16,1000,1000,0.5439010000000001,0.07,0.005,0.001,0.016,0.008,0.069,0.05
target,MNIST_QNN_zz_r1_d6_p7_s144,leave_target_out,noisy_shot,128,1,matched_reference_lira_online_fixed_variance,16,1000,1000,0.510494,0.03400000000000003,0.006,0.0,0.015,0.01,0.047,0.047
target,MNIST_QNN_zz_r1_d6_p7_s145,leave_target_out,noisy_shot,128,1,matched_reference_lira_online_fixed_variance,16,1000,1000,0.529561,0.063,0.004,0.001,0.014,0.01,0.072,0.05
cell,zz_r1_d6,leave_target_out,noisy_shot,128,2,matched_reference_lira_online_fixed_variance,16,3000,3000,0.5059014444444444,0.022333333333333316,0.002,0.001,0.015333333333333332,0.009333333333333334,0.052,0.04933333333333333
target,MNIST_QNN_zz_r1_d6_p7_s143,leave_target_out,noisy_shot,128,2,matched_reference_lira_online_fixed_variance,16,1000,1000,0.492556,0.019999999999999997,0.006,0.001,0.018,0.01,0.057,0.045
target,MNIST_QNN_zz_r1_d6_p7_s144,leave_target_out,noisy_shot,128,2,matched_reference_lira_online_fixed_variance,16,1000,1000,0.510646,0.03199999999999997,0.002,0.001,0.017,0.01,0.051,0.047
target,MNIST_QNN_zz_r1_d6_p7_s145,leave_target_out,noisy_shot,128,2,matched_reference_lira_online_fixed_variance,16,1000,1000,0.513688,0.04800000000000004,0.002,0.0,0.008,0.008,0.052,0.05
cell,zz_r1_d6,leave_target_out,noisy_shot,128,3,matched_reference_lira_online_fixed_variance,16,3000,3000,0.5192451111111112,0.04200000000000004,0.0023333333333333335,0.001,0.022,0.01,0.06966666666666667,0.05
target,MNIST_QNN_zz_r1_d6_p7_s143,leave_target_out,noisy_shot,128,3,matched_reference_lira_online_fixed_variance,16,1000,1000,0.508818,0.031000000000000028,0.001,0.0,0.022,0.009,0.061,0.05
target,MNIST_QNN_zz_r1_d6_p7_s144,leave_target_out,noisy_shot,128,3,matched_reference_lira_online_fixed_variance,16,1000,1000,0.530365,0.06399999999999995,0.005,0.001,0.015,0.009,0.067,0.05
target,MNIST_QNN_zz_r1_d6_p7_s145,leave_target_out,noisy_shot,128,3,matched_reference_lira_online_fixed_variance,16,1000,1000,0.519056,0.05599999999999994,0.002,0.001,0.03,0.008,0.08,0.049
cell,zz_r1_d6,leave_target_out,noisy_shot,128,4,matched_reference_lira_online_fixed_variance,16,3000,3000,0.5183847777777777,0.03200000000000003,0.0026666666666666666,0.001,0.013666666666666667,0.01,0.06,0.05
target,MNIST_QNN_zz_r1_d6_p7_s143,leave_target_out,noisy_shot,128,4,matched_reference_lira_online_fixed_variance,16,1000,1000,0.5132099999999999,0.03699999999999992,0.01,0.001,0.021,0.009,0.066,0.05
target,MNIST_QNN_zz_r1_d6_p7_s144,leave_target_out,noisy_shot,128,4,matched_reference_lira_online_fixed_variance,16,1000,1000,0.539671,0.07100000000000001,0.002,0.001,0.006,0.008,0.053,0.05
target,MNIST_QNN_zz_r1_d6_p7_s145,leave_target_out,noisy_shot,128,4,matched_reference_lira_online_fixed_variance,16,1000,1000,0.502007,0.018000000000000016,0.006,0.001,0.016,0.01,0.058,0.05
cell,zz_r1_d6,leave_target_out,noisy_shot,128,5,matched_reference_lira_online_fixed_variance,16,3000,3000,0.49976155555555557,0.020333333333333314,0.002,0.001,0.014,0.009666666666666667,0.04766666666666667,0.05
target,MNIST_QNN_zz_r1_d6_p7_s143,leave_target_out,noisy_shot,128,5,matched_reference_lira_online_fixed_variance,16,1000,1000,0.481191,0.010000000000000009,0.009,0.0,0.018,0.009,0.043,0.05
target,MNIST_QNN_zz_r1_d6_p7_s144,leave_target_out,noisy_shot,128,5,matched_reference_lira_online_fixed_variance,16,1000,1000,0.519595,0.06700000000000006,0.001,0.0,0.007,0.009,0.056,0.05
target,MNIST_QNN_zz_r1_d6_p7_s145,leave_target_out,noisy_shot,128,5,matched_reference_lira_online_fixed_variance,16,1000,1000,0.49832,0.015000000000000013,0.002,0.0,0.012,0.008,0.05,0.05
cell,zz_r1_d6,leave_target_out,noisy_shot,128,6,matched_reference_lira_online_fixed_variance,16,3000,3000,0.50516,0.015666666666666662,0.0023333333333333335,0.0006666666666666666,0.014333333333333333,0.009666666666666667,0.04833333333333333,0.049666666666666665
target,MNIST_QNN_zz_r1_d6_p7_s143,leave_target_out,noisy_shot,128,6,matched_reference_lira_online_fixed_variance,16,1000,1000,0.488844,0.009000000000000008,0.003,0.001,0.012,0.01,0.054,0.049
target,MNIST_QNN_zz_r1_d6_p7_s144,leave_target_out,noisy_shot,128,6,matched_reference_lira_online_fixed_variance,16,1000,1000,0.515266,0.033999999999999975,0.003,0.0,0.006,0.009,0.056,0.05
target,MNIST_QNN_zz_r1_d6_p7_s145,leave_target_out,noisy_shot,128,6,matched_reference_lira_online_fixed_variance,16,1000,1000,0.5105789999999999,0.03500000000000003,0.006,0.0,0.021,0.008,0.045,0.049
cell,zz_r1_d6,leave_target_out,noisy_shot,128,7,matched_reference_lira_online_fixed_variance,16,3000,3000,0.5228861111111112,0.04799999999999999,0.0033333333333333335,0.001,0.017,0.01,0.063,0.05
target,MNIST_QNN_zz_r1_d6_p7_s143,leave_target_out,noisy_shot,128,7,matched_reference_lira_online_fixed_variance,16,1000,1000,0.517343,0.04300000000000004,0.004,0.001,0.008,0.006,0.054,0.046
target,MNIST_QNN_zz_r1_d6_p7_s144,leave_target_out,noisy_shot,128,7,matched_reference_lira_online_fixed_variance,16,1000,1000,0.538956,0.07,0.003,0.001,0.02,0.009,0.072,0.05
target,MNIST_QNN_zz_r1_d6_p7_s145,leave_target_out,noisy_shot,128,7,matched_reference_lira_online_fixed_variance,16,1000,1000,0.512613,0.03500000000000003,0.004,0.001,0.022,0.01,0.074,0.049
cell,zz_r1_d6,leave_target_out,noisy_shot,128,8,matched_reference_lira_online_fixed_variance,16,3000,3000,0.5063684444444445,0.020000000000000018,0.0013333333333333333,0.001,0.013666666666666667,0.01,0.062,0.05
target,MNIST_QNN_zz_r1_d6_p7_s143,leave_target_out,noisy_shot,128,8,matched_reference_lira_online_fixed_variance,16,1000,1000,0.494726,0.016,0.002,0.001,0.016,0.009,0.064,0.048
target,MNIST_QNN_zz_r1_d6_p7_s144,leave_target_out,noisy_shot,128,8,matched_reference_lira_online_fixed_variance,16,1000,1000,0.510319,0.04800000000000004,0.007,0.001,0.013,0.01,0.058,0.048
target,MNIST_QNN_zz_r1_d6_p7_s145,leave_target_out,noisy_shot,128,8,matched_reference_lira_online_fixed_variance,16,1000,1000,0.51308,0.04099999999999998,0.002,0.001,0.012,0.007,0.053,0.048
cell,zz_r1_d6,leave_target_out,noisy_shot,128,9,matched_reference_lira_online_fixed_variance,16,3000,3000,0.5105525555555556,0.030333333333333323,0.0026666666666666666,0.0006666666666666666,0.011333333333333334,0.01,0.049,0.049666666666666665
target,MNIST_QNN_zz_r1_d6_p7_s143,leave_target_out,noisy_shot,128,9,matched_reference_lira_online_fixed_variance,16,1000,1000,0.49657,0.02400000000000002,0.002,0.001,0.005,0.006,0.049,0.05
target,MNIST_QNN_zz_r1_d6_p7_s144,leave_target_out,noisy_shot,128,9,matched_reference_lira_online_fixed_variance,16,1000,1000,0.518757,0.05199999999999999,0.005,0.001,0.015,0.01,0.035,0.048
target,MNIST_QNN_zz_r1_d6_p7_s145,leave_target_out,noisy_shot,128,9,matched_reference_lira_online_fixed_variance,16,1000,1000,0.5156240000000001,0.038000000000000034,0.003,0.001,0.015,0.01,0.066,0.05
cell,zz_r1_d6,leave_target_out,noisy_shot,128,0,matched_reference_lira_offline,16,3000,3000,0.4961422777777778,0.008000000000000007,0.0013333333333333333,0.001,0.008666666666666666,0.01,0.042333333333333334,0.05
target,MNIST_QNN_zz_r1_d6_p7_s143,leave_target_out,noisy_shot,128,0,matched_reference_lira_offline,16,1000,1000,0.51021,0.04700000000000004,0.003,0.001,0.007,0.01,0.054,0.049
target,MNIST_QNN_zz_r1_d6_p7_s144,leave_target_out,noisy_shot,128,0,matched_reference_lira_offline,16,1000,1000,0.49059749999999996,0.009000000000000008,0.0,0.0,0.007,0.01,0.043,0.05
target,MNIST_QNN_zz_r1_d6_p7_s145,leave_target_out,noisy_shot,128,0,matched_reference_lira_offline,16,1000,1000,0.48771299999999995,0.01200000000000001,0.005,0.001,0.013,0.005,0.041,0.049
cell,zz_r1_d6,leave_target_out,noisy_shot,128,1,matched_reference_lira_offline,16,3000,3000,0.5094040555555556,0.030333333333333323,0.0006666666666666666,0.0006666666666666666,0.009333333333333334,0.009666666666666667,0.050333333333333334,0.049666666666666665
target,MNIST_QNN_zz_r1_d6_p7_s143,leave_target_out,noisy_shot,128,1,matched_reference_lira_offline,16,1000,1000,0.517255,0.041000000000000036,0.001,0.0,0.011,0.008,0.057,0.05
target,MNIST_QNN_zz_r1_d6_p7_s144,leave_target_out,noisy_shot,128,1,matched_reference_lira_offline,16,1000,1000,0.48443400000000003,0.0030000000000000027,0.0,0.0,0.004,0.006,0.039,0.048
target,MNIST_QNN_zz_r1_d6_p7_s145,leave_target_out,noisy_shot,128,1,matched_reference_lira_offline,16,1000,1000,0.525867,0.05599999999999994,0.001,0.001,0.013,0.01,0.052,0.05
cell,zz_r1_d6,leave_target_out,noisy_shot,128,2,matched_reference_lira_offline,16,3000,3000,0.5019585555555556,0.01266666666666666,0.0023333333333333335,0.001,0.013,0.01,0.051333333333333335,0.05
target,MNIST_QNN_zz_r1_d6_p7_s143,leave_target_out,noisy_shot,128,2,matched_reference_lira_offline,16,1000,1000,0.507323,0.04100000000000001,0.004,0.001,0.017,0.008,0.07,0.05
target,MNIST_QNN_zz_r1_d6_p7_s144,leave_target_out,noisy_shot,128,2,matched_reference_lira_offline,16,1000,1000,0.498201,0.02100000000000002,0.003,0.0,0.018,0.01,0.051,0.05
target,MNIST_QNN_zz_r1_d6_p7_s145,leave_target_out,noisy_shot,128,2,matched_reference_lira_offline,16,1000,1000,0.499966,0.027000000000000024,0.002,0.001,0.012,0.009,0.036,0.048
cell,zz_r1_d6,leave_target_out,noisy_shot,128,3,matched_reference_lira_offline,16,3000,3000,0.49436011111111106,0.01766666666666672,0.0,0.0,0.010333333333333333,0.01,0.04933333333333333,0.049666666666666665
target,MNIST_QNN_zz_r1_d6_p7_s143,leave_target_out,noisy_shot,128,3,matched_reference_lira_offline,16,1000,1000,0.49405299999999996,0.02100000000000002,0.0,0.0,0.012,0.008,0.04,0.048
target,MNIST_QNN_zz_r1_d6_p7_s144,leave_target_out,noisy_shot,128,3,matched_reference_lira_offline,16,1000,1000,0.496347,0.025000000000000022,0.001,0.001,0.01,0.007,0.052,0.05
target,MNIST_QNN_zz_r1_d6_p7_s145,leave_target_out,noisy_shot,128,3,matched_reference_lira_offline,16,1000,1000,0.492765,0.03200000000000003,0.0,0.0,0.009,0.01,0.052,0.05
cell,zz_r1_d6,leave_target_out,noisy_shot,128,4,matched_reference_lira_offline,16,3000,3000,0.5057448888888889,0.018333333333333368,0.0006666666666666666,0.001,0.011333333333333334,0.009333333333333334,0.051333333333333335,0.05
target,MNIST_QNN_zz_r1_d6_p7_s143,leave_target_out,noisy_shot,128,4,matched_reference_lira_offline,16,1000,1000,0.500691,0.02300000000000002,0.0,0.0,0.011,0.01,0.062,0.05
target,MNIST_QNN_zz_r1_d6_p7_s144,leave_target_out,noisy_shot,128,4,matched_reference_lira_offline,16,1000,1000,0.518516,0.04999999999999993,0.0,0.0,0.01,0.009,0.049,0.048
target,MNIST_QNN_zz_r1_d6_p7_s145,leave_target_out,noisy_shot,128,4,matched_reference_lira_offline,16,1000,1000,0.497946,0.02400000000000002,0.004,0.0,0.015,0.01,0.044,0.05
cell,zz_r1_d6,leave_target_out,noisy_shot,128,5,matched_reference_lira_offline,16,3000,3000,0.4980768888888889,0.014666666666666675,0.0013333333333333333,0.001,0.011,0.01,0.05733333333333333,0.04933333333333333
target,MNIST_QNN_zz_r1_d6_p7_s143,leave_target_out,noisy_shot,128,5,matched_reference_lira_offline,16,1000,1000,0.496533,0.027000000000000024,0.001,0.0,0.01,0.01,0.056,0.05
target,MNIST_QNN_zz_r1_d6_p7_s144,leave_target_out,noisy_shot,128,5,matched_reference_lira_offline,16,1000,1000,0.4853930000000001,0.01100000000000001,0.004,0.001,0.016,0.01,0.054,0.05
target,MNIST_QNN_zz_r1_d6_p7_s145,leave_target_out,noisy_shot,128,5,matched_reference_lira_offline,16,1000,1000,0.512042,0.041000000000000036,0.0,0.0,0.009,0.01,0.062,0.048
cell,zz_r1_d6,leave_target_out,noisy_shot,128,6,matched_reference_lira_offline,16,3000,3000,0.5065591111111111,0.020333333333333314,0.0003333333333333333,0.001,0.009,0.01,0.050333333333333334,0.049666666666666665
target,MNIST_QNN_zz_r1_d6_p7_s143,leave_target_out,noisy_shot,128,6,matched_reference_lira_offline,16,1000,1000,0.507948,0.03600000000000003,0.001,0.0,0.012,0.01,0.053,0.05
target,MNIST_QNN_zz_r1_d6_p7_s144,leave_target_out,noisy_shot,128,6,matched_reference_lira_offline,16,1000,1000,0.49380999999999997,0.017000000000000015,0.0,0.0,0.004,0.009,0.044,0.05
target,MNIST_QNN_zz_r1_d6_p7_s145,leave_target_out,noisy_shot,128,6,matched_reference_lira_offline,16,1000,1000,0.5177670000000001,0.049000000000000044,0.001,0.0,0.015,0.01,0.059,0.05
cell,zz_r1_d6,leave_target_out,noisy_shot,128,7,matched_reference_lira_offline,16,3000,3000,0.5131008888888888,0.026666666666666727,0.0003333333333333333,0.0,0.011666666666666667,0.01,0.059333333333333335,0.05
target,MNIST_QNN_zz_r1_d6_p7_s143,leave_target_out,noisy_shot,128,7,matched_reference_lira_offline,16,1000,1000,0.5199670000000001,0.04899999999999999,0.004,0.001,0.015,0.01,0.071,0.05
target,MNIST_QNN_zz_r1_d6_p7_s144,leave_target_out,noisy_shot,128,7,matched_reference_lira_offline,16,1000,1000,0.497716,0.018000000000000002,0.0,0.0,0.008,0.009,0.05,0.05
target,MNIST_QNN_zz_r1_d6_p7_s145,leave_target_out,noisy_shot,128,7,matched_reference_lira_offline,16,1000,1000,0.5218160000000001,0.050000000000000044,0.001,0.0,0.017,0.01,0.048,0.05
cell,zz_r1_d6,leave_target_out,noisy_shot,128,8,matched_reference_lira_offline,16,3000,3000,0.4934692222222222,0.007000000000000006,0.0013333333333333333,0.001,0.008333333333333333,0.009666666666666667,0.042,0.05
target,MNIST_QNN_zz_r1_d6_p7_s143,leave_target_out,noisy_shot,128,8,matched_reference_lira_offline,16,1000,1000,0.495842,0.015000000000000013,0.0,0.0,0.004,0.007,0.056,0.05
target,MNIST_QNN_zz_r1_d6_p7_s144,leave_target_out,noisy_shot,128,8,matched_reference_lira_offline,16,1000,1000,0.47999499999999995,0.010000000000000009,0.004,0.0,0.009,0.01,0.038,0.05
target,MNIST_QNN_zz_r1_d6_p7_s145,leave_target_out,noisy_shot,128,8,matched_reference_lira_offline,16,1000,1000,0.503997,0.02100000000000002,0.002,0.0,0.008,0.009,0.038,0.049
cell,zz_r1_d6,leave_target_out,noisy_shot,128,9,matched_reference_lira_offline,16,3000,3000,0.49939533333333336,0.01733333333333331,0.001,0.001,0.009,0.009666666666666667,0.047,0.05
target,MNIST_QNN_zz_r1_d6_p7_s143,leave_target_out,noisy_shot,128,9,matched_reference_lira_offline,16,1000,1000,0.48687800000000003,0.016000000000000014,0.002,0.001,0.011,0.01,0.043,0.05
target,MNIST_QNN_zz_r1_d6_p7_s144,leave_target_out,noisy_shot,128,9,matched_reference_lira_offline,16,1000,1000,0.501111,0.02200000000000002,0.002,0.001,0.011,0.01,0.042,0.048
target,MNIST_QNN_zz_r1_d6_p7_s145,leave_target_out,noisy_shot,128,9,matched_reference_lira_offline,16,1000,1000,0.509814,0.030000000000000027,0.0,0.0,0.006,0.009,0.058,0.049
cell,zz_r1_d6,leave_target_out,noisy_shot,128,0,matched_reference_lira_offline_fixed_variance,16,3000,3000,0.49693411111111113,0.00666666666666671,0.002,0.0003333333333333333,0.007,0.01,0.051,0.05
target,MNIST_QNN_zz_r1_d6_p7_s143,leave_target_out,noisy_shot,128,0,matched_reference_lira_offline_fixed_variance,16,1000,1000,0.5177,0.049000000000000044,0.003,0.001,0.007,0.007,0.051,0.049
target,MNIST_QNN_zz_r1_d6_p7_s144,leave_target_out,noisy_shot,128,0,matched_reference_lira_offline_fixed_variance,16,1000,1000,0.489174,0.015999999999999986,0.004,0.001,0.005,0.002,0.05,0.05
target,MNIST_QNN_zz_r1_d6_p7_s145,leave_target_out,noisy_shot,128,0,matched_reference_lira_offline_fixed_variance,16,1000,1000,0.4845305,0.010999999999999982,0.001,0.0,0.003,0.007,0.038,0.049
cell,zz_r1_d6,leave_target_out,noisy_shot,128,1,matched_reference_lira_offline_fixed_variance,16,3000,3000,0.5100007777777777,0.027666666666666673,0.0026666666666666666,0.001,0.011333333333333334,0.009,0.04766666666666667,0.05
target,MNIST_QNN_zz_r1_d6_p7_s143,leave_target_out,noisy_shot,128,1,matched_reference_lira_offline_fixed_variance,16,1000,1000,0.5181295,0.05300000000000005,0.005,0.0,0.013,0.01,0.046,0.05
target,MNIST_QNN_zz_r1_d6_p7_s144,leave_target_out,noisy_shot,128,1,matched_reference_lira_offline_fixed_variance,16,1000,1000,0.482525,0.007000000000000006,0.001,0.0,0.012,0.009,0.041,0.049
target,MNIST_QNN_zz_r1_d6_p7_s145,leave_target_out,noisy_shot,128,1,matched_reference_lira_offline_fixed_variance,16,1000,1000,0.529243,0.05499999999999994,0.006,0.001,0.012,0.009,0.058,0.05
cell,zz_r1_d6,leave_target_out,noisy_shot,128,2,matched_reference_lira_offline_fixed_variance,16,3000,3000,0.49781338888888893,0.015666666666666718,0.0013333333333333333,0.0006666666666666666,0.009,0.01,0.057666666666666665,0.049666666666666665
target,MNIST_QNN_zz_r1_d6_p7_s143,leave_target_out,noisy_shot,128,2,matched_reference_lira_offline_fixed_variance,16,1000,1000,0.503481,0.033,0.003,0.001,0.024,0.01,0.065,0.048
target,MNIST_QNN_zz_r1_d6_p7_s144,leave_target_out,noisy_shot,128,2,matched_reference_lira_offline_fixed_variance,16,1000,1000,0.4991945,0.029999999999999916,0.003,0.001,0.011,0.007,0.053,0.045
target,MNIST_QNN_zz_r1_d6_p7_s145,leave_target_out,noisy_shot,128,2,matched_reference_lira_offline_fixed_variance,16,1000,1000,0.48961450000000006,0.01200000000000001,0.001,0.0,0.004,0.007,0.049,0.05
cell,zz_r1_d6,leave_target_out,noisy_shot,128,3,matched_reference_lira_offline_fixed_variance,16,3000,3000,0.4902506111111111,0.007000000000000006,0.001,0.001,0.013666666666666667,0.009333333333333334,0.05366666666666667,0.04933333333333333
target,MNIST_QNN_zz_r1_d6_p7_s143,leave_target_out,noisy_shot,128,3,matched_reference_lira_offline_fixed_variance,16,1000,1000,0.491767,0.02100000000000002,0.001,0.0,0.007,0.01,0.042,0.049
target,MNIST_QNN_zz_r1_d6_p7_s144,leave_target_out,noisy_shot,128,3,matched_reference_lira_offline_fixed_variance,16,1000,1000,0.4885475,0.009000000000000001,0.001,0.0,0.015,0.01,0.054,0.049
target,MNIST_QNN_zz_r1_d6_p7_s145,leave_target_out,noisy_shot,128,3,matched_reference_lira_offline_fixed_variance,16,1000,1000,0.49138200000000004,0.026999999999999996,0.001,0.001,0.02,0.01,0.069,0.046
cell,zz_r1_d6,leave_target_out,noisy_shot,128,4,matched_reference_lira_offline_fixed_variance,16,3000,3000,0.5079890555555555,0.02533333333333332,0.0013333333333333333,0.0006666666666666666,0.010666666666666666,0.01,0.051666666666666666,0.04933333333333333
target,MNIST_QNN_zz_r1_d6_p7_s143,leave_target_out,noisy_shot,128,4,matched_reference_lira_offline_fixed_variance,16,1000,1000,0.5058935,0.030000000000000027,0.002,0.0,0.017,0.01,0.06,0.049
target,MNIST_QNN_zz_r1_d6_p7_s144,leave_target_out,noisy_shot,128,4,matched_reference_lira_offline_fixed_variance,16,1000,1000,0.51501,0.04299999999999998,0.0,0.0,0.007,0.007,0.047,0.049
target,MNIST_QNN_zz_r1_d6_p7_s145,leave_target_out,noisy_shot,128,4,matched_reference_lira_offline_fixed_variance,16,1000,1000,0.50195,0.040999999999999925,0.002,0.0,0.01,0.009,0.06,0.05
cell,zz_r1_d6,leave_target_out,noisy_shot,128,5,matched_reference_lira_offline_fixed_variance,16,3000,3000,0.49218816666666665,0.00666666666666671,0.0013333333333333333,0.0006666666666666666,0.008666666666666666,0.01,0.051666666666666666,0.04933333333333333
target,MNIST_QNN_zz_r1_d6_p7_s143,leave_target_out,noisy_shot,128,5,matched_reference_lira_offline_fixed_variance,16,1000,1000,0.4821655,0.007000000000000003,0.003,0.001,0.013,0.009,0.042,0.05
target,MNIST_QNN_zz_r1_d6_p7_s144,leave_target_out,noisy_shot,128,5,matched_reference_lira_offline_fixed_variance,16,1000,1000,0.4871415,0.017,0.004,0.001,0.007,0.01,0.059,0.048
target,MNIST_QNN_zz_r1_d6_p7_s145,leave_target_out,noisy_shot,128,5,matched_reference_lira_offline_fixed_variance,16,1000,1000,0.50636,0.029000000000000026,0.002,0.001,0.009,0.01,0.043,0.05
cell,zz_r1_d6,leave_target_out,noisy_shot,128,6,matched_reference_lira_offline_fixed_variance,16,3000,3000,0.5091176666666666,0.029000000000000026,0.002,0.001,0.012666666666666666,0.009666666666666667,0.051,0.049666666666666665
target,MNIST_QNN_zz_r1_d6_p7_s143,leave_target_out,noisy_shot,128,6,matched_reference_lira_offline_fixed_variance,16,1000,1000,0.506776,0.04899999999999993,0.005,0.001,0.009,0.005,0.055,0.049
target,MNIST_QNN_zz_r1_d6_p7_s144,leave_target_out,noisy_shot,128,6,matched_reference_lira_offline_fixed_variance,16,1000,1000,0.5016769999999999,0.024999999999999994,0.002,0.001,0.008,0.009,0.047,0.048
target,MNIST_QNN_zz_r1_d6_p7_s145,leave_target_out,noisy_shot,128,6,matched_reference_lira_offline_fixed_variance,16,1000,1000,0.5188524999999999,0.04800000000000004,0.003,0.001,0.011,0.009,0.05,0.048
cell,zz_r1_d6,leave_target_out,noisy_shot,128,7,matched_reference_lira_offline_fixed_variance,16,3000,3000,0.5147279444444445,0.02833333333333332,0.0033333333333333335,0.0006666666666666666,0.014666666666666666,0.01,0.060333333333333336,0.05
target,MNIST_QNN_zz_r1_d6_p7_s143,leave_target_out,noisy_shot,128,7,matched_reference_lira_offline_fixed_variance,16,1000,1000,0.5204135,0.062,0.003,0.001,0.017,0.01,0.063,0.05
target,MNIST_QNN_zz_r1_d6_p7_s144,leave_target_out,noisy_shot,128,7,matched_reference_lira_offline_fixed_variance,16,1000,1000,0.5114179999999999,0.03600000000000003,0.006,0.001,0.017,0.01,0.05,0.049
target,MNIST_QNN_zz_r1_d6_p7_s145,leave_target_out,noisy_shot,128,7,matched_reference_lira_offline_fixed_variance,16,1000,1000,0.5126904999999999,0.03599999999999992,0.002,0.0,0.011,0.01,0.062,0.049
cell,zz_r1_d6,leave_target_out,noisy_shot,128,8,matched_reference_lira_offline_fixed_variance,16,3000,3000,0.49152283333333335,0.010333333333333306,0.0003333333333333333,0.001,0.009666666666666667,0.01,0.04733333333333333,0.04933333333333333
target,MNIST_QNN_zz_r1_d6_p7_s143,leave_target_out,noisy_shot,128,8,matched_reference_lira_offline_fixed_variance,16,1000,1000,0.493323,0.01899999999999996,0.001,0.001,0.013,0.01,0.057,0.05
target,MNIST_QNN_zz_r1_d6_p7_s144,leave_target_out,noisy_shot,128,8,matched_reference_lira_offline_fixed_variance,16,1000,1000,0.475157,0.0010000000000000009,0.001,0.001,0.005,0.009,0.041,0.048
target,MNIST_QNN_zz_r1_d6_p7_s145,leave_target_out,noisy_shot,128,8,matched_reference_lira_offline_fixed_variance,16,1000,1000,0.504351,0.026000000000000023,0.0,0.0,0.006,0.008,0.047,0.048
cell,zz_r1_d6,leave_target_out,noisy_shot,128,9,matched_reference_lira_offline_fixed_variance,16,3000,3000,0.5043606111111111,0.026000000000000023,0.002,0.001,0.012666666666666666,0.01,0.045,0.05
target,MNIST_QNN_zz_r1_d6_p7_s143,leave_target_out,noisy_shot,128,9,matched_reference_lira_offline_fixed_variance,16,1000,1000,0.49045,0.014000000000000012,0.003,0.0,0.007,0.009,0.035,0.048
target,MNIST_QNN_zz_r1_d6_p7_s144,leave_target_out,noisy_shot,128,9,matched_reference_lira_offline_fixed_variance,16,1000,1000,0.508559,0.04500000000000004,0.007,0.001,0.015,0.01,0.041,0.05
target,MNIST_QNN_zz_r1_d6_p7_s145,leave_target_out,noisy_shot,128,9,matched_reference_lira_offline_fixed_variance,16,1000,1000,0.5134585,0.04200000000000004,0.001,0.001,0.011,0.01,0.054,0.048
cell,zz_r5_d6,leave_target_out,noisy_shot,128,0,loss_mia,0,3000,3000,0.5582098888888889,0.09266666666666673,0.0016666666666666668,0.001,0.014,0.009,0.068,0.049666666666666665
target,MNIST_QNN_zz_r5_d6_p7_s143,leave_target_out,noisy_shot,128,0,loss_mia,0,1000,1000,0.56133,0.10700000000000004,0.002,0.001,0.027,0.009,0.084,0.049
target,MNIST_QNN_zz_r5_d6_p7_s144,leave_target_out,noisy_shot,128,0,loss_mia,0,1000,1000,0.5715969999999999,0.125,0.003,0.0,0.018,0.007,0.068,0.05
target,MNIST_QNN_zz_r5_d6_p7_s145,leave_target_out,noisy_shot,128,0,loss_mia,0,1000,1000,0.542031,0.07499999999999996,0.0,0.0,0.01,0.009,0.046,0.049
cell,zz_r5_d6,leave_target_out,noisy_shot,128,1,loss_mia,0,3000,3000,0.5534461111111111,0.08233333333333331,0.004,0.001,0.013333333333333334,0.009333333333333334,0.064,0.049666666666666665
target,MNIST_QNN_zz_r5_d6_p7_s143,leave_target_out,noisy_shot,128,1,loss_mia,0,1000,1000,0.5483100000000001,0.07400000000000007,0.005,0.001,0.021,0.008,0.077,0.05
target,MNIST_QNN_zz_r5_d6_p7_s144,leave_target_out,noisy_shot,128,1,loss_mia,0,1000,1000,0.568446,0.11100000000000004,0.009,0.001,0.021,0.009,0.067,0.05
target,MNIST_QNN_zz_r5_d6_p7_s145,leave_target_out,noisy_shot,128,1,loss_mia,0,1000,1000,0.543283,0.07400000000000001,0.001,0.001,0.006,0.01,0.057,0.05
cell,zz_r5_d6,leave_target_out,noisy_shot,128,2,loss_mia,0,3000,3000,0.5564174444444444,0.09766666666666668,0.0023333333333333335,0.001,0.012666666666666666,0.009333333333333334,0.06166666666666667,0.05
target,MNIST_QNN_zz_r5_d6_p7_s143,leave_target_out,noisy_shot,128,2,loss_mia,0,1000,1000,0.5568550000000001,0.10700000000000004,0.003,0.001,0.018,0.009,0.06,0.05
target,MNIST_QNN_zz_r5_d6_p7_s144,leave_target_out,noisy_shot,128,2,loss_mia,0,1000,1000,0.5640320000000001,0.121,0.007,0.0,0.018,0.008,0.071,0.05
target,MNIST_QNN_zz_r5_d6_p7_s145,leave_target_out,noisy_shot,128,2,loss_mia,0,1000,1000,0.54835,0.09199999999999997,0.001,0.001,0.005,0.006,0.062,0.05
cell,zz_r5_d6,leave_target_out,noisy_shot,128,3,loss_mia,0,3000,3000,0.5527975555555555,0.08466666666666661,0.0033333333333333335,0.001,0.014666666666666666,0.009666666666666667,0.064,0.05
target,MNIST_QNN_zz_r5_d6_p7_s143,leave_target_out,noisy_shot,128,3,loss_mia,0,1000,1000,0.561375,0.10899999999999999,0.001,0.0,0.012,0.01,0.068,0.049
target,MNIST_QNN_zz_r5_d6_p7_s144,leave_target_out,noisy_shot,128,3,loss_mia,0,1000,1000,0.557792,0.11399999999999999,0.007,0.001,0.019,0.009,0.055,0.05
target,MNIST_QNN_zz_r5_d6_p7_s145,leave_target_out,noisy_shot,128,3,loss_mia,0,1000,1000,0.540965,0.07300000000000001,0.001,0.0,0.013,0.01,0.064,0.05
cell,zz_r5_d6,leave_target_out,noisy_shot,128,4,loss_mia,0,3000,3000,0.5494473333333334,0.07800000000000001,0.004666666666666667,0.001,0.020666666666666667,0.009666666666666667,0.07466666666666667,0.04933333333333333
target,MNIST_QNN_zz_r5_d6_p7_s143,leave_target_out,noisy_shot,128,4,loss_mia,0,1000,1000,0.552743,0.08499999999999996,0.005,0.0,0.02,0.01,0.075,0.049
target,MNIST_QNN_zz_r5_d6_p7_s144,leave_target_out,noisy_shot,128,4,loss_mia,0,1000,1000,0.557334,0.10300000000000004,0.016,0.001,0.028,0.01,0.077,0.049
target,MNIST_QNN_zz_r5_d6_p7_s145,leave_target_out,noisy_shot,128,4,loss_mia,0,1000,1000,0.538905,0.066,0.0,0.0,0.012,0.01,0.06,0.049
cell,zz_r5_d6,leave_target_out,noisy_shot,128,5,loss_mia,0,3000,3000,0.5558574444444444,0.08899999999999997,0.0016666666666666668,0.001,0.014666666666666666,0.01,0.063,0.049666666666666665
target,MNIST_QNN_zz_r5_d6_p7_s143,leave_target_out,noisy_shot,128,5,loss_mia,0,1000,1000,0.550257,0.09399999999999997,0.001,0.0,0.016,0.007,0.07,0.05
target,MNIST_QNN_zz_r5_d6_p7_s144,leave_target_out,noisy_shot,128,5,loss_mia,0,1000,1000,0.562414,0.118,0.006,0.001,0.018,0.01,0.074,0.05
target,MNIST_QNN_zz_r5_d6_p7_s145,leave_target_out,noisy_shot,128,5,loss_mia,0,1000,1000,0.555772,0.09399999999999997,0.0,0.0,0.006,0.01,0.048,0.05
cell,zz_r5_d6,leave_target_out,noisy_shot,128,6,loss_mia,0,3000,3000,0.5435786666666667,0.07700000000000001,0.001,0.001,0.014666666666666666,0.01,0.060333333333333336,0.05
target,MNIST_QNN_zz_r5_d6_p7_s143,leave_target_out,noisy_shot,128,6,loss_mia,0,1000,1000,0.543954,0.06999999999999995,0.006,0.001,0.023,0.009,0.07,0.049
target,MNIST_QNN_zz_r5_d6_p7_s144,leave_target_out,noisy_shot,128,6,loss_mia,0,1000,1000,0.549654,0.10299999999999992,0.006,0.001,0.016,0.009,0.073,0.05
target,MNIST_QNN_zz_r5_d6_p7_s145,leave_target_out,noisy_shot,128,6,loss_mia,0,1000,1000,0.537092,0.07700000000000001,0.0,0.0,0.009,0.01,0.055,0.05
cell,zz_r5_d6,leave_target_out,noisy_shot,128,7,loss_mia,0,3000,3000,0.5579588888888889,0.09333333333333338,0.0023333333333333335,0.0006666666666666666,0.012333333333333333,0.008666666666666666,0.059666666666666666,0.05
target,MNIST_QNN_zz_r5_d6_p7_s143,leave_target_out,noisy_shot,128,7,loss_mia,0,1000,1000,0.557252,0.09800000000000003,0.001,0.0,0.01,0.01,0.064,0.05
target,MNIST_QNN_zz_r5_d6_p7_s144,leave_target_out,noisy_shot,128,7,loss_mia,0,1000,1000,0.565612,0.10800000000000004,0.006,0.001,0.023,0.009,0.065,0.05
target,MNIST_QNN_zz_r5_d6_p7_s145,leave_target_out,noisy_shot,128,7,loss_mia,0,1000,1000,0.551366,0.09800000000000009,0.001,0.0,0.012,0.01,0.047,0.048
cell,zz_r5_d6,leave_target_out,noisy_shot,128,8,loss_mia,0,3000,3000,0.5533889999999999,0.08900000000000008,0.0026666666666666666,0.001,0.016666666666666666,0.01,0.06366666666666666,0.04933333333333333
target,MNIST_QNN_zz_r5_d6_p7_s143,leave_target_out,noisy_shot,128,8,loss_mia,0,1000,1000,0.544737,0.08200000000000002,0.002,0.001,0.021,0.01,0.054,0.05
target,MNIST_QNN_zz_r5_d6_p7_s144,leave_target_out,noisy_shot,128,8,loss_mia,0,1000,1000,0.5748920000000001,0.132,0.006,0.001,0.022,0.01,0.087,0.05
target,MNIST_QNN_zz_r5_d6_p7_s145,leave_target_out,noisy_shot,128,8,loss_mia,0,1000,1000,0.540432,0.08899999999999997,0.001,0.0,0.013,0.007,0.061,0.046
cell,zz_r5_d6,leave_target_out,noisy_shot,128,9,loss_mia,0,3000,3000,0.544494,0.07266666666666666,0.001,0.001,0.012,0.01,0.065,0.05
target,MNIST_QNN_zz_r5_d6_p7_s143,leave_target_out,noisy_shot,128,9,loss_mia,0,1000,1000,0.544725,0.08099999999999996,0.0,0.0,0.013,0.01,0.072,0.048
target,MNIST_QNN_zz_r5_d6_p7_s144,leave_target_out,noisy_shot,128,9,loss_mia,0,1000,1000,0.550306,0.08900000000000002,0.016,0.001,0.018,0.009,0.068,0.049
target,MNIST_QNN_zz_r5_d6_p7_s145,leave_target_out,noisy_shot,128,9,loss_mia,0,1000,1000,0.538456,0.07599999999999996,0.003,0.001,0.008,0.007,0.063,0.05
cell,zz_r5_d6,leave_target_out,noisy_shot,128,0,latent_lira_mismatched,16,3000,3000,0.5365323333333333,0.07833333333333337,0.0006666666666666666,0.0003333333333333333,0.009,0.009666666666666667,0.052,0.05
target,MNIST_QNN_zz_r5_d6_p7_s143,leave_target_out,noisy_shot,128,0,latent_lira_mismatched,16,1000,1000,0.531309,0.07799999999999996,0.0,0.0,0.008,0.01,0.045,0.05
target,MNIST_QNN_zz_r5_d6_p7_s144,leave_target_out,noisy_shot,128,0,latent_lira_mismatched,16,1000,1000,0.543379,0.09699999999999998,0.001,0.0,0.009,0.008,0.048,0.05
target,MNIST_QNN_zz_r5_d6_p7_s145,leave_target_out,noisy_shot,128,0,latent_lira_mismatched,16,1000,1000,0.5349419999999999,0.07599999999999996,0.001,0.0,0.008,0.008,0.067,0.049
cell,zz_r5_d6,leave_target_out,noisy_shot,128,1,latent_lira_mismatched,16,3000,3000,0.5356202222222223,0.07066666666666666,0.0013333333333333333,0.0006666666666666666,0.010666666666666666,0.01,0.051333333333333335,0.05
target,MNIST_QNN_zz_r5_d6_p7_s143,leave_target_out,noisy_shot,128,1,latent_lira_mismatched,16,1000,1000,0.529066,0.07800000000000007,0.002,0.001,0.006,0.008,0.054,0.047
target,MNIST_QNN_zz_r5_d6_p7_s144,leave_target_out,noisy_shot,128,1,latent_lira_mismatched,16,1000,1000,0.537677,0.06299999999999994,0.002,0.001,0.013,0.01,0.049,0.05
target,MNIST_QNN_zz_r5_d6_p7_s145,leave_target_out,noisy_shot,128,1,latent_lira_mismatched,16,1000,1000,0.53984,0.08100000000000007,0.001,0.0,0.011,0.007,0.056,0.05
cell,zz_r5_d6,leave_target_out,noisy_shot,128,2,latent_lira_mismatched,16,3000,3000,0.5326003333333333,0.06999999999999995,0.003,0.001,0.009666666666666667,0.008666666666666666,0.049666666666666665,0.049666666666666665
target,MNIST_QNN_zz_r5_d6_p7_s143,leave_target_out,noisy_shot,128,2,latent_lira_mismatched,16,1000,1000,0.53179,0.08899999999999997,0.004,0.0,0.012,0.008,0.049,0.049
target,MNIST_QNN_zz_r5_d6_p7_s144,leave_target_out,noisy_shot,128,2,latent_lira_mismatched,16,1000,1000,0.5409740000000001,0.07999999999999996,0.001,0.0,0.009,0.009,0.061,0.05
target,MNIST_QNN_zz_r5_d6_p7_s145,leave_target_out,noisy_shot,128,2,latent_lira_mismatched,16,1000,1000,0.524595,0.06600000000000006,0.002,0.0,0.009,0.01,0.043,0.05
cell,zz_r5_d6,leave_target_out,noisy_shot,128,3,latent_lira_mismatched,16,3000,3000,0.5256944444444445,0.05400000000000005,0.003,0.001,0.008666666666666666,0.009,0.043333333333333335,0.05
target,MNIST_QNN_zz_r5_d6_p7_s143,leave_target_out,noisy_shot,128,3,latent_lira_mismatched,16,1000,1000,0.525198,0.06,0.003,0.001,0.008,0.008,0.036,0.047
target,MNIST_QNN_zz_r5_d6_p7_s144,leave_target_out,noisy_shot,128,3,latent_lira_mismatched,16,1000,1000,0.5268740000000001,0.052999999999999936,0.004,0.001,0.009,0.01,0.052,0.05
target,MNIST_QNN_zz_r5_d6_p7_s145,leave_target_out,noisy_shot,128,3,latent_lira_mismatched,16,1000,1000,0.525269,0.061999999999999944,0.004,0.001,0.013,0.01,0.043,0.049
cell,zz_r5_d6,leave_target_out,noisy_shot,128,4,latent_lira_mismatched,16,3000,3000,0.5301663333333333,0.07466666666666666,0.0006666666666666666,0.001,0.011666666666666667,0.01,0.051666666666666666,0.04933333333333333
target,MNIST_QNN_zz_r5_d6_p7_s143,leave_target_out,noisy_shot,128,4,latent_lira_mismatched,16,1000,1000,0.521156,0.07699999999999996,0.0,0.0,0.014,0.01,0.039,0.049
target,MNIST_QNN_zz_r5_d6_p7_s144,leave_target_out,noisy_shot,128,4,latent_lira_mismatched,16,1000,1000,0.5397860000000001,0.08500000000000008,0.0,0.0,0.009,0.01,0.064,0.05
target,MNIST_QNN_zz_r5_d6_p7_s145,leave_target_out,noisy_shot,128,4,latent_lira_mismatched,16,1000,1000,0.529274,0.07299999999999995,0.003,0.0,0.013,0.01,0.052,0.05
cell,zz_r5_d6,leave_target_out,noisy_shot,128,5,latent_lira_mismatched,16,3000,3000,0.541432,0.07866666666666666,0.0006666666666666666,0.001,0.008666666666666666,0.009666666666666667,0.050666666666666665,0.04933333333333333
target,MNIST_QNN_zz_r5_d6_p7_s143,leave_target_out,noisy_shot,128,5,latent_lira_mismatched,16,1000,1000,0.5480590000000001,0.08899999999999997,0.0,0.0,0.006,0.01,0.051,0.048
target,MNIST_QNN_zz_r5_d6_p7_s144,leave_target_out,noisy_shot,128,5,latent_lira_mismatched,16,1000,1000,0.5358480000000001,0.07599999999999996,0.001,0.001,0.007,0.01,0.052,0.05
target,MNIST_QNN_zz_r5_d6_p7_s145,leave_target_out,noisy_shot,128,5,latent_lira_mismatched,16,1000,1000,0.5400910000000001,0.08599999999999997,0.005,0.0,0.014,0.008,0.049,0.05
cell,zz_r5_d6,leave_target_out,noisy_shot,128,6,latent_lira_mismatched,16,3000,3000,0.5400121111111111,0.06966666666666665,0.0016666666666666668,0.001,0.010333333333333333,0.01,0.054,0.04833333333333333
target,MNIST_QNN_zz_r5_d6_p7_s143,leave_target_out,noisy_shot,128,6,latent_lira_mismatched,16,1000,1000,0.535953,0.07400000000000007,0.003,0.001,0.014,0.01,0.049,0.049
target,MNIST_QNN_zz_r5_d6_p7_s144,leave_target_out,noisy_shot,128,6,latent_lira_mismatched,16,1000,1000,0.555855,0.1080000000000001,0.001,0.0,0.012,0.01,0.057,0.046
target,MNIST_QNN_zz_r5_d6_p7_s145,leave_target_out,noisy_shot,128,6,latent_lira_mismatched,16,1000,1000,0.528125,0.05300000000000005,0.001,0.0,0.013,0.01,0.062,0.049
cell,zz_r5_d6,leave_target_out,noisy_shot,128,7,latent_lira_mismatched,16,3000,3000,0.5376521111111111,0.07366666666666666,0.0013333333333333333,0.001,0.010333333333333333,0.01,0.051333333333333335,0.05
target,MNIST_QNN_zz_r5_d6_p7_s143,leave_target_out,noisy_shot,128,7,latent_lira_mismatched,16,1000,1000,0.542092,0.07500000000000001,0.0,0.0,0.011,0.01,0.058,0.049
target,MNIST_QNN_zz_r5_d6_p7_s144,leave_target_out,noisy_shot,128,7,latent_lira_mismatched,16,1000,1000,0.53725,0.08699999999999997,0.002,0.0,0.006,0.008,0.054,0.049
target,MNIST_QNN_zz_r5_d6_p7_s145,leave_target_out,noisy_shot,128,7,latent_lira_mismatched,16,1000,1000,0.533848,0.08200000000000007,0.004,0.001,0.012,0.01,0.051,0.05
cell,zz_r5_d6,leave_target_out,noisy_shot,128,8,latent_lira_mismatched,16,3000,3000,0.5383288888888889,0.08199999999999996,0.0026666666666666666,0.001,0.010333333333333333,0.01,0.044,0.05
target,MNIST_QNN_zz_r5_d6_p7_s143,leave_target_out,noisy_shot,128,8,latent_lira_mismatched,16,1000,1000,0.530473,0.08100000000000007,0.002,0.001,0.013,0.009,0.047,0.05
target,MNIST_QNN_zz_r5_d6_p7_s144,leave_target_out,noisy_shot,128,8,latent_lira_mismatched,16,1000,1000,0.544017,0.09099999999999997,0.003,0.001,0.012,0.01,0.045,0.05
target,MNIST_QNN_zz_r5_d6_p7_s145,leave_target_out,noisy_shot,128,8,latent_lira_mismatched,16,1000,1000,0.5406190000000001,0.08100000000000007,0.004,0.001,0.005,0.002,0.04,0.05
cell,zz_r5_d6,leave_target_out,noisy_shot,128,9,latent_lira_mismatched,16,3000,3000,0.5302058888888889,0.06466666666666665,0.0003333333333333333,0.0003333333333333333,0.009333333333333334,0.009333333333333334,0.051666666666666666,0.049666666666666665
target,MNIST_QNN_zz_r5_d6_p7_s143,leave_target_out,noisy_shot,128,9,latent_lira_mismatched,16,1000,1000,0.536773,0.06899999999999995,0.002,0.001,0.008,0.006,0.057,0.05
target,MNIST_QNN_zz_r5_d6_p7_s144,leave_target_out,noisy_shot,128,9,latent_lira_mismatched,16,1000,1000,0.5302899999999999,0.08299999999999996,0.0,0.0,0.008,0.009,0.047,0.05
target,MNIST_QNN_zz_r5_d6_p7_s145,leave_target_out,noisy_shot,128,9,latent_lira_mismatched,16,1000,1000,0.523586,0.06400000000000006,0.003,0.001,0.015,0.01,0.048,0.047
cell,zz_r5_d6,leave_target_out,noisy_shot,128,0,deconvolved_lira,16,3000,3000,0.5184125555555555,0.03400000000000003,0.002,0.001,0.014666666666666666,0.009666666666666667,0.06366666666666666,0.049666666666666665
target,MNIST_QNN_zz_r5_d6_p7_s143,leave_target_out,noisy_shot,128,0,deconvolved_lira,16,1000,1000,0.526843,0.05199999999999999,0.0,0.0,0.014,0.01,0.068,0.05
target,MNIST_QNN_zz_r5_d6_p7_s144,leave_target_out,noisy_shot,128,0,deconvolved_lira,16,1000,1000,0.5289059999999999,0.05500000000000005,0.004,0.0,0.015,0.01,0.052,0.05
target,MNIST_QNN_zz_r5_d6_p7_s145,leave_target_out,noisy_shot,128,0,deconvolved_lira,16,1000,1000,0.500127,0.02500000000000001,0.003,0.001,0.021,0.01,0.072,0.05
cell,zz_r5_d6,leave_target_out,noisy_shot,128,1,deconvolved_lira,16,3000,3000,0.5085098888888889,0.026999999999999996,0.0013333333333333333,0.0,0.013333333333333334,0.01,0.06533333333333333,0.049666666666666665
target,MNIST_QNN_zz_r5_d6_p7_s143,leave_target_out,noisy_shot,128,1,deconvolved_lira,16,1000,1000,0.492302,0.028999999999999998,0.002,0.001,0.017,0.01,0.064,0.046
target,MNIST_QNN_zz_r5_d6_p7_s144,leave_target_out,noisy_shot,128,1,deconvolved_lira,16,1000,1000,0.5202469999999999,0.04899999999999999,0.002,0.001,0.013,0.01,0.073,0.05
target,MNIST_QNN_zz_r5_d6_p7_s145,leave_target_out,noisy_shot,128,1,deconvolved_lira,16,1000,1000,0.51247,0.03200000000000003,0.002,0.0,0.015,0.007,0.062,0.045
cell,zz_r5_d6,leave_target_out,noisy_shot,128,2,deconvolved_lira,16,3000,3000,0.513931,0.02733333333333332,0.002,0.001,0.013666666666666667,0.009666666666666667,0.06,0.049666666666666665
target,MNIST_QNN_zz_r5_d6_p7_s143,leave_target_out,noisy_shot,128,2,deconvolved_lira,16,1000,1000,0.522509,0.05800000000000005,0.005,0.0,0.016,0.01,0.05,0.05
target,MNIST_QNN_zz_r5_d6_p7_s144,leave_target_out,noisy_shot,128,2,deconvolved_lira,16,1000,1000,0.519295,0.04999999999999999,0.001,0.0,0.014,0.01,0.076,0.05
target,MNIST_QNN_zz_r5_d6_p7_s145,leave_target_out,noisy_shot,128,2,deconvolved_lira,16,1000,1000,0.499806,0.017000000000000015,0.003,0.001,0.012,0.01,0.055,0.046
cell,zz_r5_d6,leave_target_out,noisy_shot,128,3,deconvolved_lira,16,3000,3000,0.5102255555555556,0.025666666666666615,0.0033333333333333335,0.001,0.013666666666666667,0.01,0.063,0.05
target,MNIST_QNN_zz_r5_d6_p7_s143,leave_target_out,noisy_shot,128,3,deconvolved_lira,16,1000,1000,0.50903,0.03199999999999997,0.0,0.0,0.007,0.01,0.057,0.05
target,MNIST_QNN_zz_r5_d6_p7_s144,leave_target_out,noisy_shot,128,3,deconvolved_lira,16,1000,1000,0.5133179999999999,0.038000000000000006,0.0,0.0,0.012,0.01,0.064,0.05
target,MNIST_QNN_zz_r5_d6_p7_s145,leave_target_out,noisy_shot,128,3,deconvolved_lira,16,1000,1000,0.508763,0.032,0.016,0.0,0.032,0.01,0.069,0.05
cell,zz_r5_d6,leave_target_out,noisy_shot,128,4,deconvolved_lira,16,3000,3000,0.5161074444444445,0.030333333333333323,0.0006666666666666666,0.0,0.015333333333333332,0.009666666666666667,0.064,0.049666666666666665
target,MNIST_QNN_zz_r5_d6_p7_s143,leave_target_out,noisy_shot,128,4,deconvolved_lira,16,1000,1000,0.50212,0.030000000000000027,0.0,0.0,0.019,0.009,0.066,0.049
target,MNIST_QNN_zz_r5_d6_p7_s144,leave_target_out,noisy_shot,128,4,deconvolved_lira,16,1000,1000,0.529779,0.05700000000000002,0.001,0.0,0.012,0.01,0.067,0.05
target,MNIST_QNN_zz_r5_d6_p7_s145,leave_target_out,noisy_shot,128,4,deconvolved_lira,16,1000,1000,0.51571,0.039000000000000035,0.004,0.001,0.018,0.01,0.065,0.047
cell,zz_r5_d6,leave_target_out,noisy_shot,128,5,deconvolved_lira,16,3000,3000,0.533172,0.05900000000000005,0.0003333333333333333,0.0,0.011666666666666667,0.009666666666666667,0.06933333333333333,0.04933333333333333
target,MNIST_QNN_zz_r5_d6_p7_s143,leave_target_out,noisy_shot,128,5,deconvolved_lira,16,1000,1000,0.536476,0.06900000000000006,0.0,0.0,0.008,0.007,0.067,0.05
target,MNIST_QNN_zz_r5_d6_p7_s144,leave_target_out,noisy_shot,128,5,deconvolved_lira,16,1000,1000,0.535722,0.07100000000000001,0.002,0.001,0.013,0.01,0.075,0.049
target,MNIST_QNN_zz_r5_d6_p7_s145,leave_target_out,noisy_shot,128,5,deconvolved_lira,16,1000,1000,0.5275890000000001,0.06,0.0,0.0,0.017,0.01,0.066,0.048
cell,zz_r5_d6,leave_target_out,noisy_shot,128,6,deconvolved_lira,16,3000,3000,0.5225187777777778,0.04200000000000001,0.0023333333333333335,0.0006666666666666666,0.014333333333333333,0.009666666666666667,0.07066666666666667,0.05
target,MNIST_QNN_zz_r5_d6_p7_s143,leave_target_out,noisy_shot,128,6,deconvolved_lira,16,1000,1000,0.513457,0.03200000000000003,0.001,0.0,0.02,0.01,0.073,0.05
target,MNIST_QNN_zz_r5_d6_p7_s144,leave_target_out,noisy_shot,128,6,deconvolved_lira,16,1000,1000,0.534357,0.061,0.004,0.001,0.012,0.008,0.084,0.049
target,MNIST_QNN_zz_r5_d6_p7_s145,leave_target_out,noisy_shot,128,6,deconvolved_lira,16,1000,1000,0.519156,0.05100000000000002,0.002,0.0,0.016,0.009,0.059,0.05
cell,zz_r5_d6,leave_target_out,noisy_shot,128,7,deconvolved_lira,16,3000,3000,0.52933,0.049666666666666665,0.001,0.001,0.011666666666666667,0.009666666666666667,0.06066666666666667,0.049666666666666665
target,MNIST_QNN_zz_r5_d6_p7_s143,leave_target_out,noisy_shot,128,7,deconvolved_lira,16,1000,1000,0.539201,0.07700000000000001,0.0,0.0,0.011,0.01,0.075,0.05
target,MNIST_QNN_zz_r5_d6_p7_s144,leave_target_out,noisy_shot,128,7,deconvolved_lira,16,1000,1000,0.522853,0.04800000000000004,0.004,0.001,0.01,0.01,0.068,0.05
target,MNIST_QNN_zz_r5_d6_p7_s145,leave_target_out,noisy_shot,128,7,deconvolved_lira,16,1000,1000,0.526119,0.05499999999999994,0.004,0.001,0.017,0.01,0.055,0.049
cell,zz_r5_d6,leave_target_out,noisy_shot,128,8,deconvolved_lira,16,3000,3000,0.5189153333333333,0.03733333333333333,0.0023333333333333335,0.0006666666666666666,0.011,0.009666666666666667,0.065,0.05
target,MNIST_QNN_zz_r5_d6_p7_s143,leave_target_out,noisy_shot,128,8,deconvolved_lira,16,1000,1000,0.524443,0.05600000000000005,0.001,0.001,0.01,0.01,0.07,0.049
target,MNIST_QNN_zz_r5_d6_p7_s144,leave_target_out,noisy_shot,128,8,deconvolved_lira,16,1000,1000,0.512743,0.031000000000000028,0.002,0.0,0.011,0.009,0.064,0.05
target,MNIST_QNN_zz_r5_d6_p7_s145,leave_target_out,noisy_shot,128,8,deconvolved_lira,16,1000,1000,0.519709,0.04699999999999993,0.004,0.0,0.014,0.01,0.06,0.05
cell,zz_r5_d6,leave_target_out,noisy_shot,128,9,deconvolved_lira,16,3000,3000,0.5064026666666667,0.028333333333333433,0.002,0.001,0.012333333333333333,0.01,0.06666666666666667,0.05
target,MNIST_QNN_zz_r5_d6_p7_s143,leave_target_out,noisy_shot,128,9,deconvolved_lira,16,1000,1000,0.520188,0.051999999999999935,0.004,0.001,0.013,0.01,0.07,0.049
target,MNIST_QNN_zz_r5_d6_p7_s144,leave_target_out,noisy_shot,128,9,deconvolved_lira,16,1000,1000,0.491773,0.019000000000000017,0.0,0.0,0.009,0.009,0.054,0.05
target,MNIST_QNN_zz_r5_d6_p7_s145,leave_target_out,noisy_shot,128,9,deconvolved_lira,16,1000,1000,0.507379,0.04200000000000004,0.006,0.001,0.017,0.01,0.076,0.05
cell,zz_r5_d6,leave_target_out,noisy_shot,128,0,affine_channel_lira,16,3000,3000,0.5270042222222222,0.05133333333333334,0.0006666666666666666,0.0006666666666666666,0.012,0.009666666666666667,0.07333333333333333,0.05
target,MNIST_QNN_zz_r5_d6_p7_s143,leave_target_out,noisy_shot,128,0,affine_channel_lira,16,1000,1000,0.530746,0.062,0.0,0.0,0.016,0.01,0.058,0.05
target,MNIST_QNN_zz_r5_d6_p7_s144,leave_target_out,noisy_shot,128,0,affine_channel_lira,16,1000,1000,0.555016,0.09000000000000002,0.002,0.0,0.009,0.008,0.088,0.05
target,MNIST_QNN_zz_r5_d6_p7_s145,leave_target_out,noisy_shot,128,0,affine_channel_lira,16,1000,1000,0.493661,0.026999999999999996,0.004,0.001,0.009,0.01,0.068,0.049
cell,zz_r5_d6,leave_target_out,noisy_shot,128,1,affine_channel_lira,16,3000,3000,0.5130923333333334,0.036000000000000004,0.0016666666666666668,0.001,0.01,0.01,0.061,0.049666666666666665
target,MNIST_QNN_zz_r5_d6_p7_s143,leave_target_out,noisy_shot,128,1,affine_channel_lira,16,1000,1000,0.5032380000000001,0.04400000000000001,0.001,0.001,0.009,0.01,0.065,0.047
target,MNIST_QNN_zz_r5_d6_p7_s144,leave_target_out,noisy_shot,128,1,affine_channel_lira,16,1000,1000,0.527207,0.065,0.004,0.001,0.014,0.01,0.057,0.05
target,MNIST_QNN_zz_r5_d6_p7_s145,leave_target_out,noisy_shot,128,1,affine_channel_lira,16,1000,1000,0.508572,0.03600000000000002,0.002,0.001,0.01,0.006,0.057,0.048
cell,zz_r5_d6,leave_target_out,noisy_shot,128,2,affine_channel_lira,16,3000,3000,0.5216,0.041666666666666685,0.0003333333333333333,0.0003333333333333333,0.014333333333333333,0.009666666666666667,0.06133333333333333,0.04933333333333333
target,MNIST_QNN_zz_r5_d6_p7_s143,leave_target_out,noisy_shot,128,2,affine_channel_lira,16,1000,1000,0.528627,0.05399999999999999,0.001,0.0,0.025,0.01,0.069,0.05
target,MNIST_QNN_zz_r5_d6_p7_s144,leave_target_out,noisy_shot,128,2,affine_channel_lira,16,1000,1000,0.527361,0.07300000000000001,0.005,0.001,0.013,0.006,0.062,0.049
target,MNIST_QNN_zz_r5_d6_p7_s145,leave_target_out,noisy_shot,128,2,affine_channel_lira,16,1000,1000,0.5081070000000001,0.032,0.0,0.0,0.011,0.01,0.055,0.05
cell,zz_r5_d6,leave_target_out,noisy_shot,128,3,affine_channel_lira,16,3000,3000,0.5099704444444444,0.03233333333333338,0.0,0.0,0.007333333333333333,0.01,0.055,0.05
target,MNIST_QNN_zz_r5_d6_p7_s143,leave_target_out,noisy_shot,128,3,affine_channel_lira,16,1000,1000,0.5117029999999999,0.04700000000000004,0.0,0.0,0.007,0.01,0.051,0.05
target,MNIST_QNN_zz_r5_d6_p7_s144,leave_target_out,noisy_shot,128,3,affine_channel_lira,16,1000,1000,0.5082829999999999,0.03700000000000003,0.0,0.0,0.009,0.01,0.063,0.049
target,MNIST_QNN_zz_r5_d6_p7_s145,leave_target_out,noisy_shot,128,3,affine_channel_lira,16,1000,1000,0.5100990000000001,0.03400000000000003,0.003,0.001,0.01,0.01,0.06,0.049
cell,zz_r5_d6,leave_target_out,noisy_shot,128,4,affine_channel_lira,16,3000,3000,0.5165555555555557,0.03966666666666668,0.0016666666666666668,0.001,0.014666666666666666,0.01,0.06566666666666666,0.05
target,MNIST_QNN_zz_r5_d6_p7_s143,leave_target_out,noisy_shot,128,4,affine_channel_lira,16,1000,1000,0.500083,0.02099999999999999,0.008,0.001,0.015,0.009,0.068,0.05
target,MNIST_QNN_zz_r5_d6_p7_s144,leave_target_out,noisy_shot,128,4,affine_channel_lira,16,1000,1000,0.536741,0.067,0.0,0.0,0.017,0.009,0.071,0.05
target,MNIST_QNN_zz_r5_d6_p7_s145,leave_target_out,noisy_shot,128,4,affine_channel_lira,16,1000,1000,0.513193,0.044999999999999984,0.002,0.001,0.014,0.01,0.064,0.05
cell,zz_r5_d6,leave_target_out,noisy_shot,128,5,affine_channel_lira,16,3000,3000,0.530846,0.06133333333333335,0.0,0.0,0.012666666666666666,0.009666666666666667,0.06233333333333333,0.05
target,MNIST_QNN_zz_r5_d6_p7_s143,leave_target_out,noisy_shot,128,5,affine_channel_lira,16,1000,1000,0.5275810000000001,0.06,0.0,0.0,0.017,0.009,0.072,0.05
target,MNIST_QNN_zz_r5_d6_p7_s144,leave_target_out,noisy_shot,128,5,affine_channel_lira,16,1000,1000,0.5316719999999999,0.066,0.001,0.001,0.013,0.01,0.061,0.047
target,MNIST_QNN_zz_r5_d6_p7_s145,leave_target_out,noisy_shot,128,5,affine_channel_lira,16,1000,1000,0.5329599999999999,0.07700000000000001,0.0,0.0,0.013,0.009,0.061,0.05
cell,zz_r5_d6,leave_target_out,noisy_shot,128,6,affine_channel_lira,16,3000,3000,0.5177301111111111,0.034999999999999976,0.0006666666666666666,0.001,0.012,0.01,0.06833333333333333,0.049666666666666665
target,MNIST_QNN_zz_r5_d6_p7_s143,leave_target_out,noisy_shot,128,6,affine_channel_lira,16,1000,1000,0.508043,0.033000000000000015,0.001,0.001,0.016,0.01,0.073,0.048
target,MNIST_QNN_zz_r5_d6_p7_s144,leave_target_out,noisy_shot,128,6,affine_channel_lira,16,1000,1000,0.5196850000000001,0.045999999999999985,0.002,0.001,0.009,0.01,0.06,0.05
target,MNIST_QNN_zz_r5_d6_p7_s145,leave_target_out,noisy_shot,128,6,affine_channel_lira,16,1000,1000,0.526138,0.05399999999999999,0.0,0.0,0.011,0.01,0.067,0.046
cell,zz_r5_d6,leave_target_out,noisy_shot,128,7,affine_channel_lira,16,3000,3000,0.527928,0.046666666666666634,0.002,0.001,0.010333333333333333,0.01,0.059333333333333335,0.049666666666666665
target,MNIST_QNN_zz_r5_d6_p7_s143,leave_target_out,noisy_shot,128,7,affine_channel_lira,16,1000,1000,0.530455,0.061,0.002,0.001,0.016,0.01,0.06,0.049
target,MNIST_QNN_zz_r5_d6_p7_s144,leave_target_out,noisy_shot,128,7,affine_channel_lira,16,1000,1000,0.5256259999999999,0.05499999999999994,0.004,0.001,0.011,0.01,0.071,0.05
target,MNIST_QNN_zz_r5_d6_p7_s145,leave_target_out,noisy_shot,128,7,affine_channel_lira,16,1000,1000,0.527896,0.057999999999999996,0.0,0.0,0.006,0.01,0.05,0.049
cell,zz_r5_d6,leave_target_out,noisy_shot,128,8,affine_channel_lira,16,3000,3000,0.5213187777777777,0.03933333333333333,0.0003333333333333333,0.001,0.011,0.01,0.07166666666666667,0.049666666666666665
target,MNIST_QNN_zz_r5_d6_p7_s143,leave_target_out,noisy_shot,128,8,affine_channel_lira,16,1000,1000,0.519971,0.04099999999999998,0.001,0.001,0.007,0.009,0.073,0.05
target,MNIST_QNN_zz_r5_d6_p7_s144,leave_target_out,noisy_shot,128,8,affine_channel_lira,16,1000,1000,0.5190710000000001,0.04100000000000001,0.003,0.001,0.014,0.01,0.076,0.049
target,MNIST_QNN_zz_r5_d6_p7_s145,leave_target_out,noisy_shot,128,8,affine_channel_lira,16,1000,1000,0.524945,0.04899999999999999,0.0,0.0,0.015,0.009,0.074,0.049
cell,zz_r5_d6,leave_target_out,noisy_shot,128,9,affine_channel_lira,16,3000,3000,0.5077151111111111,0.023999999999999994,0.0013333333333333333,0.001,0.012666666666666666,0.008666666666666666,0.065,0.05
target,MNIST_QNN_zz_r5_d6_p7_s143,leave_target_out,noisy_shot,128,9,affine_channel_lira,16,1000,1000,0.521211,0.04200000000000004,0.0,0.0,0.01,0.01,0.082,0.05
target,MNIST_QNN_zz_r5_d6_p7_s144,leave_target_out,noisy_shot,128,9,affine_channel_lira,16,1000,1000,0.49361700000000003,0.038000000000000034,0.002,0.0,0.014,0.005,0.059,0.05
target,MNIST_QNN_zz_r5_d6_p7_s145,leave_target_out,noisy_shot,128,9,affine_channel_lira,16,1000,1000,0.5090410000000001,0.029000000000000026,0.001,0.0,0.013,0.008,0.065,0.05
cell,zz_r5_d6,leave_target_out,noisy_shot,128,0,empirical_channel_lira,16,3000,3000,0.5279773333333333,0.04666666666666669,0.0016666666666666668,0.0006666666666666666,0.011666666666666667,0.009333333333333334,0.059666666666666666,0.05
target,MNIST_QNN_zz_r5_d6_p7_s143,leave_target_out,noisy_shot,128,0,empirical_channel_lira,16,1000,1000,0.529857,0.05300000000000002,0.001,0.001,0.012,0.01,0.064,0.048
target,MNIST_QNN_zz_r5_d6_p7_s144,leave_target_out,noisy_shot,128,0,empirical_channel_lira,16,1000,1000,0.5501480000000001,0.08500000000000002,0.004,0.0,0.013,0.009,0.063,0.05
target,MNIST_QNN_zz_r5_d6_p7_s145,leave_target_out,noisy_shot,128,0,empirical_channel_lira,16,1000,1000,0.503036,0.030000000000000027,0.002,0.001,0.012,0.009,0.056,0.05
cell,zz_r5_d6,leave_target_out,noisy_shot,128,1,empirical_channel_lira,16,3000,3000,0.5143296666666667,0.03566666666666668,0.002,0.001,0.010333333333333333,0.009666666666666667,0.061,0.04933333333333333
target,MNIST_QNN_zz_r5_d6_p7_s143,leave_target_out,noisy_shot,128,1,empirical_channel_lira,16,1000,1000,0.502346,0.028999999999999998,0.003,0.001,0.006,0.008,0.071,0.05
target,MNIST_QNN_zz_r5_d6_p7_s144,leave_target_out,noisy_shot,128,1,empirical_channel_lira,16,1000,1000,0.527549,0.061,0.006,0.001,0.014,0.01,0.058,0.049
target,MNIST_QNN_zz_r5_d6_p7_s145,leave_target_out,noisy_shot,128,1,empirical_channel_lira,16,1000,1000,0.5127889999999999,0.034999999999999976,0.003,0.001,0.011,0.01,0.055,0.05
cell,zz_r5_d6,leave_target_out,noisy_shot,128,2,empirical_channel_lira,16,3000,3000,0.5279988888888889,0.054333333333333345,0.0016666666666666668,0.001,0.016,0.01,0.056666666666666664,0.049666666666666665
target,MNIST_QNN_zz_r5_d6_p7_s143,leave_target_out,noisy_shot,128,2,empirical_channel_lira,16,1000,1000,0.535681,0.063,0.003,0.001,0.025,0.01,0.061,0.05
target,MNIST_QNN_zz_r5_d6_p7_s144,leave_target_out,noisy_shot,128,2,empirical_channel_lira,16,1000,1000,0.5297339999999999,0.07099999999999995,0.002,0.001,0.014,0.009,0.061,0.049
target,MNIST_QNN_zz_r5_d6_p7_s145,leave_target_out,noisy_shot,128,2,empirical_channel_lira,16,1000,1000,0.51807,0.06,0.001,0.001,0.011,0.01,0.047,0.049
cell,zz_r5_d6,leave_target_out,noisy_shot,128,3,empirical_channel_lira,16,3000,3000,0.5134196666666666,0.043999999999999984,0.0,0.0,0.006666666666666667,0.009666666666666667,0.04833333333333333,0.05
target,MNIST_QNN_zz_r5_d6_p7_s143,leave_target_out,noisy_shot,128,3,empirical_channel_lira,16,1000,1000,0.5158499999999999,0.04500000000000004,0.0,0.0,0.006,0.008,0.049,0.049
target,MNIST_QNN_zz_r5_d6_p7_s144,leave_target_out,noisy_shot,128,3,empirical_channel_lira,16,1000,1000,0.505703,0.03600000000000003,0.0,0.0,0.01,0.009,0.047,0.049
target,MNIST_QNN_zz_r5_d6_p7_s145,leave_target_out,noisy_shot,128,3,empirical_channel_lira,16,1000,1000,0.519167,0.067,0.003,0.0,0.006,0.01,0.049,0.049
cell,zz_r5_d6,leave_target_out,noisy_shot,128,4,empirical_channel_lira,16,3000,3000,0.5191823333333333,0.04099999999999998,0.0003333333333333333,0.0006666666666666666,0.017333333333333333,0.008333333333333333,0.063,0.04933333333333333
target,MNIST_QNN_zz_r5_d6_p7_s143,leave_target_out,noisy_shot,128,4,empirical_channel_lira,16,1000,1000,0.502813,0.020000000000000018,0.005,0.001,0.018,0.006,0.058,0.05
target,MNIST_QNN_zz_r5_d6_p7_s144,leave_target_out,noisy_shot,128,4,empirical_channel_lira,16,1000,1000,0.539421,0.08000000000000002,0.0,0.0,0.02,0.01,0.069,0.049
target,MNIST_QNN_zz_r5_d6_p7_s145,leave_target_out,noisy_shot,128,4,empirical_channel_lira,16,1000,1000,0.515432,0.04800000000000004,0.002,0.001,0.017,0.01,0.065,0.046
cell,zz_r5_d6,leave_target_out,noisy_shot,128,5,empirical_channel_lira,16,3000,3000,0.5286027777777778,0.058666666666666645,0.0006666666666666666,0.001,0.011,0.01,0.059666666666666666,0.05
target,MNIST_QNN_zz_r5_d6_p7_s143,leave_target_out,noisy_shot,128,5,empirical_channel_lira,16,1000,1000,0.526973,0.05299999999999999,0.0,0.0,0.013,0.007,0.072,0.048
target,MNIST_QNN_zz_r5_d6_p7_s144,leave_target_out,noisy_shot,128,5,empirical_channel_lira,16,1000,1000,0.5297620000000001,0.07200000000000001,0.001,0.001,0.007,0.006,0.053,0.05
target,MNIST_QNN_zz_r5_d6_p7_s145,leave_target_out,noisy_shot,128,5,empirical_channel_lira,16,1000,1000,0.52916,0.069,0.001,0.001,0.013,0.01,0.051,0.05
cell,zz_r5_d6,leave_target_out,noisy_shot,128,6,empirical_channel_lira,16,3000,3000,0.5170094444444444,0.03633333333333333,0.0006666666666666666,0.001,0.013,0.009666666666666667,0.058666666666666666,0.05
target,MNIST_QNN_zz_r5_d6_p7_s143,leave_target_out,noisy_shot,128,6,empirical_channel_lira,16,1000,1000,0.507821,0.03,0.001,0.0,0.019,0.007,0.06,0.046
target,MNIST_QNN_zz_r5_d6_p7_s144,leave_target_out,noisy_shot,128,6,empirical_channel_lira,16,1000,1000,0.520568,0.04999999999999999,0.003,0.001,0.012,0.01,0.048,0.05
target,MNIST_QNN_zz_r5_d6_p7_s145,leave_target_out,noisy_shot,128,6,empirical_channel_lira,16,1000,1000,0.523536,0.04999999999999999,0.0,0.0,0.008,0.009,0.067,0.05
cell,zz_r5_d6,leave_target_out,noisy_shot,128,7,empirical_channel_lira,16,3000,3000,0.5229774444444445,0.04000000000000001,0.002,0.001,0.009666666666666667,0.009666666666666667,0.056,0.05
target,MNIST_QNN_zz_r5_d6_p7_s143,leave_target_out,noisy_shot,128,7,empirical_channel_lira,16,1000,1000,0.527552,0.05100000000000002,0.002,0.001,0.017,0.009,0.056,0.049
target,MNIST_QNN_zz_r5_d6_p7_s144,leave_target_out,noisy_shot,128,7,empirical_channel_lira,16,1000,1000,0.5201370000000001,0.05000000000000002,0.003,0.001,0.014,0.01,0.056,0.049
target,MNIST_QNN_zz_r5_d6_p7_s145,leave_target_out,noisy_shot,128,7,empirical_channel_lira,16,1000,1000,0.5214840000000001,0.05499999999999999,0.0,0.0,0.005,0.01,0.053,0.046
cell,zz_r5_d6,leave_target_out,noisy_shot,128,8,empirical_channel_lira,16,3000,3000,0.5236671111111111,0.03733333333333333,0.0,0.0,0.008,0.009666666666666667,0.06933333333333333,0.049666666666666665
target,MNIST_QNN_zz_r5_d6_p7_s143,leave_target_out,noisy_shot,128,8,empirical_channel_lira,16,1000,1000,0.524467,0.04999999999999999,0.0,0.0,0.006,0.01,0.056,0.047
target,MNIST_QNN_zz_r5_d6_p7_s144,leave_target_out,noisy_shot,128,8,empirical_channel_lira,16,1000,1000,0.523551,0.043999999999999984,0.003,0.001,0.013,0.01,0.079,0.049
target,MNIST_QNN_zz_r5_d6_p7_s145,leave_target_out,noisy_shot,128,8,empirical_channel_lira,16,1000,1000,0.523034,0.043999999999999984,0.0,0.0,0.009,0.01,0.074,0.05
cell,zz_r5_d6,leave_target_out,noisy_shot,128,9,empirical_channel_lira,16,3000,3000,0.5154762222222222,0.03300000000000003,0.0006666666666666666,0.001,0.010666666666666666,0.01,0.059,0.05
target,MNIST_QNN_zz_r5_d6_p7_s143,leave_target_out,noisy_shot,128,9,empirical_channel_lira,16,1000,1000,0.534523,0.063,0.0,0.0,0.01,0.008,0.066,0.05
target,MNIST_QNN_zz_r5_d6_p7_s144,leave_target_out,noisy_shot,128,9,empirical_channel_lira,16,1000,1000,0.490871,0.03399999999999992,0.004,0.001,0.013,0.009,0.05,0.05
target,MNIST_QNN_zz_r5_d6_p7_s145,leave_target_out,noisy_shot,128,9,empirical_channel_lira,16,1000,1000,0.521323,0.051000000000000045,0.001,0.0,0.009,0.01,0.066,0.05
cell,zz_r5_d6,leave_target_out,noisy_shot,128,0,noise_augmented_lira,16,3000,3000,0.5290147777777778,0.05099999999999999,0.0016666666666666668,0.001,0.010666666666666666,0.009333333333333334,0.065,0.05
target,MNIST_QNN_zz_r5_d6_p7_s143,leave_target_out,noisy_shot,128,0,noise_augmented_lira,16,1000,1000,0.5250349999999999,0.04400000000000004,0.003,0.0,0.013,0.01,0.072,0.049
target,MNIST_QNN_zz_r5_d6_p7_s144,leave_target_out,noisy_shot,128,0,noise_augmented_lira,16,1000,1000,0.5524789999999999,0.09700000000000003,0.001,0.001,0.012,0.008,0.065,0.05
target,MNIST_QNN_zz_r5_d6_p7_s145,leave_target_out,noisy_shot,128,0,noise_augmented_lira,16,1000,1000,0.508466,0.03700000000000003,0.001,0.001,0.012,0.01,0.057,0.049
cell,zz_r5_d6,leave_target_out,noisy_shot,128,1,noise_augmented_lira,16,3000,3000,0.5201607777777777,0.04400000000000001,0.0016666666666666668,0.001,0.009333333333333334,0.01,0.062,0.05
target,MNIST_QNN_zz_r5_d6_p7_s143,leave_target_out,noisy_shot,128,1,noise_augmented_lira,16,1000,1000,0.508425,0.034,0.002,0.001,0.003,0.005,0.076,0.05
target,MNIST_QNN_zz_r5_d6_p7_s144,leave_target_out,noisy_shot,128,1,noise_augmented_lira,16,1000,1000,0.5342469999999999,0.064,0.002,0.001,0.018,0.009,0.06,0.05
target,MNIST_QNN_zz_r5_d6_p7_s145,leave_target_out,noisy_shot,128,1,noise_augmented_lira,16,1000,1000,0.516827,0.05099999999999999,0.001,0.0,0.006,0.009,0.059,0.048
cell,zz_r5_d6,leave_target_out,noisy_shot,128,2,noise_augmented_lira,16,3000,3000,0.5276488888888888,0.04899999999999999,0.0016666666666666668,0.0006666666666666666,0.014,0.009666666666666667,0.05633333333333333,0.049
target,MNIST_QNN_zz_r5_d6_p7_s143,leave_target_out,noisy_shot,128,2,noise_augmented_lira,16,1000,1000,0.538813,0.06500000000000006,0.002,0.001,0.012,0.01,0.068,0.05
target,MNIST_QNN_zz_r5_d6_p7_s144,leave_target_out,noisy_shot,128,2,noise_augmented_lira,16,1000,1000,0.530423,0.06200000000000003,0.003,0.001,0.016,0.005,0.063,0.05
target,MNIST_QNN_zz_r5_d6_p7_s145,leave_target_out,noisy_shot,128,2,noise_augmented_lira,16,1000,1000,0.513429,0.038000000000000006,0.0,0.0,0.005,0.009,0.047,0.049
cell,zz_r5_d6,leave_target_out,noisy_shot,128,3,noise_augmented_lira,16,3000,3000,0.5132335555555556,0.032999999999999974,0.0,0.0,0.004,0.008,0.043666666666666666,0.05
target,MNIST_QNN_zz_r5_d6_p7_s143,leave_target_out,noisy_shot,128,3,noise_augmented_lira,16,1000,1000,0.519771,0.05300000000000005,0.0,0.0,0.004,0.006,0.043,0.049
target,MNIST_QNN_zz_r5_d6_p7_s144,leave_target_out,noisy_shot,128,3,noise_augmented_lira,16,1000,1000,0.503559,0.027999999999999997,0.0,0.0,0.005,0.009,0.042,0.048
target,MNIST_QNN_zz_r5_d6_p7_s145,leave_target_out,noisy_shot,128,3,noise_augmented_lira,16,1000,1000,0.517118,0.056999999999999995,0.001,0.0,0.004,0.008,0.049,0.05
cell,zz_r5_d6,leave_target_out,noisy_shot,128,4,noise_augmented_lira,16,3000,3000,0.5224176666666667,0.04566666666666663,0.0006666666666666666,0.0,0.01,0.009666666666666667,0.060333333333333336,0.05
target,MNIST_QNN_zz_r5_d6_p7_s143,leave_target_out,noisy_shot,128,4,noise_augmented_lira,16,1000,1000,0.512676,0.03699999999999992,0.005,0.001,0.012,0.01,0.044,0.05
target,MNIST_QNN_zz_r5_d6_p7_s144,leave_target_out,noisy_shot,128,4,noise_augmented_lira,16,1000,1000,0.541353,0.07700000000000001,0.001,0.0,0.011,0.01,0.072,0.05
target,MNIST_QNN_zz_r5_d6_p7_s145,leave_target_out,noisy_shot,128,4,noise_augmented_lira,16,1000,1000,0.5132410000000001,0.049000000000000044,0.001,0.001,0.009,0.01,0.063,0.05
cell,zz_r5_d6,leave_target_out,noisy_shot,128,5,noise_augmented_lira,16,3000,3000,0.5369273333333333,0.06366666666666665,0.0003333333333333333,0.0006666666666666666,0.009333333333333334,0.009,0.05533333333333333,0.049666666666666665
target,MNIST_QNN_zz_r5_d6_p7_s143,leave_target_out,noisy_shot,128,5,noise_augmented_lira,16,1000,1000,0.530041,0.05199999999999999,0.0,0.0,0.011,0.008,0.058,0.049
target,MNIST_QNN_zz_r5_d6_p7_s144,leave_target_out,noisy_shot,128,5,noise_augmented_lira,16,1000,1000,0.539604,0.07,0.001,0.001,0.007,0.009,0.061,0.048
target,MNIST_QNN_zz_r5_d6_p7_s145,leave_target_out,noisy_shot,128,5,noise_augmented_lira,16,1000,1000,0.541068,0.08100000000000002,0.002,0.001,0.009,0.008,0.048,0.048
cell,zz_r5_d6,leave_target_out,noisy_shot,128,6,noise_augmented_lira,16,3000,3000,0.5235796666666666,0.038000000000000034,0.001,0.001,0.011333333333333334,0.01,0.06433333333333334,0.05
target,MNIST_QNN_zz_r5_d6_p7_s143,leave_target_out,noisy_shot,128,6,noise_augmented_lira,16,1000,1000,0.5165930000000001,0.03500000000000003,0.002,0.001,0.014,0.01,0.069,0.05
target,MNIST_QNN_zz_r5_d6_p7_s144,leave_target_out,noisy_shot,128,6,noise_augmented_lira,16,1000,1000,0.527078,0.06999999999999995,0.003,0.001,0.012,0.009,0.044,0.05
target,MNIST_QNN_zz_r5_d6_p7_s145,leave_target_out,noisy_shot,128,6,noise_augmented_lira,16,1000,1000,0.52706,0.04699999999999993,0.0,0.0,0.003,0.008,0.072,0.05
cell,zz_r5_d6,leave_target_out,noisy_shot,128,7,noise_augmented_lira,16,3000,3000,0.5299873333333334,0.05199999999999999,0.0006666666666666666,0.0003333333333333333,0.007333333333333333,0.009333333333333334,0.053,0.049666666666666665
target,MNIST_QNN_zz_r5_d6_p7_s143,leave_target_out,noisy_shot,128,7,noise_augmented_lira,16,1000,1000,0.538138,0.08000000000000002,0.001,0.001,0.01,0.007,0.052,0.045
target,MNIST_QNN_zz_r5_d6_p7_s144,leave_target_out,noisy_shot,128,7,noise_augmented_lira,16,1000,1000,0.525428,0.04699999999999993,0.004,0.001,0.011,0.01,0.053,0.05
target,MNIST_QNN_zz_r5_d6_p7_s145,leave_target_out,noisy_shot,128,7,noise_augmented_lira,16,1000,1000,0.5262070000000001,0.05599999999999994,0.0,0.0,0.002,0.009,0.058,0.05
cell,zz_r5_d6,leave_target_out,noisy_shot,128,8,noise_augmented_lira,16,3000,3000,0.5280413333333334,0.04633333333333334,0.0003333333333333333,0.0003333333333333333,0.007,0.009666666666666667,0.062,0.049666666666666665
target,MNIST_QNN_zz_r5_d6_p7_s143,leave_target_out,noisy_shot,128,8,noise_augmented_lira,16,1000,1000,0.5278309999999999,0.05999999999999994,0.0,0.0,0.007,0.01,0.067,0.05
target,MNIST_QNN_zz_r5_d6_p7_s144,leave_target_out,noisy_shot,128,8,noise_augmented_lira,16,1000,1000,0.532822,0.055999999999999994,0.001,0.0,0.013,0.009,0.059,0.048
target,MNIST_QNN_zz_r5_d6_p7_s145,leave_target_out,noisy_shot,128,8,noise_augmented_lira,16,1000,1000,0.523454,0.04599999999999993,0.0,0.0,0.005,0.01,0.053,0.049
cell,zz_r5_d6,leave_target_out,noisy_shot,128,9,noise_augmented_lira,16,3000,3000,0.5166567777777779,0.02833333333333332,0.0003333333333333333,0.0003333333333333333,0.012,0.009333333333333334,0.051333333333333335,0.04933333333333333
target,MNIST_QNN_zz_r5_d6_p7_s143,leave_target_out,noisy_shot,128,9,noise_augmented_lira,16,1000,1000,0.532402,0.06799999999999995,0.0,0.0,0.012,0.008,0.052,0.05
target,MNIST_QNN_zz_r5_d6_p7_s144,leave_target_out,noisy_shot,128,9,noise_augmented_lira,16,1000,1000,0.498533,0.018000000000000016,0.007,0.001,0.019,0.009,0.053,0.05
target,MNIST_QNN_zz_r5_d6_p7_s145,leave_target_out,noisy_shot,128,9,noise_augmented_lira,16,1000,1000,0.519417,0.05000000000000002,0.0,0.0,0.011,0.008,0.055,0.05
cell,zz_r5_d6,leave_target_out,noisy_shot,128,0,target_crossfit_learned_mia,0,3000,3000,0.5529086666666667,0.09299999999999997,0.003,0.001,0.012333333333333333,0.009333333333333334,0.07333333333333333,0.05
target,MNIST_QNN_zz_r5_d6_p7_s143,leave_target_out,noisy_shot,128,0,target_crossfit_learned_mia,0,1000,1000,0.5558430000000001,0.10999999999999999,0.007,0.001,0.022,0.009,0.066,0.05
target,MNIST_QNN_zz_r5_d6_p7_s144,leave_target_out,noisy_shot,128,0,target_crossfit_learned_mia,0,1000,1000,0.564696,0.10500000000000004,0.002,0.0,0.007,0.006,0.072,0.05
target,MNIST_QNN_zz_r5_d6_p7_s145,leave_target_out,noisy_shot,128,0,target_crossfit_learned_mia,0,1000,1000,0.53704,0.08400000000000002,0.001,0.001,0.013,0.01,0.07,0.048
cell,zz_r5_d6,leave_target_out,noisy_shot,128,1,target_crossfit_learned_mia,0,3000,3000,0.5492157777777777,0.08433333333333337,0.0016666666666666668,0.001,0.017666666666666667,0.01,0.07566666666666666,0.05
target,MNIST_QNN_zz_r5_d6_p7_s143,leave_target_out,noisy_shot,128,1,target_crossfit_learned_mia,0,1000,1000,0.554932,0.08800000000000002,0.004,0.001,0.026,0.01,0.079,0.049
target,MNIST_QNN_zz_r5_d6_p7_s144,leave_target_out,noisy_shot,128,1,target_crossfit_learned_mia,0,1000,1000,0.558203,0.10199999999999998,0.002,0.001,0.028,0.01,0.072,0.049
target,MNIST_QNN_zz_r5_d6_p7_s145,leave_target_out,noisy_shot,128,1,target_crossfit_learned_mia,0,1000,1000,0.53093,0.08300000000000002,0.0,0.0,0.023,0.01,0.05,0.049
cell,zz_r5_d6,leave_target_out,noisy_shot,128,2,target_crossfit_learned_mia,0,3000,3000,0.5474181111111112,0.08333333333333326,0.002,0.0006666666666666666,0.014666666666666666,0.009666666666666667,0.067,0.049666666666666665
target,MNIST_QNN_zz_r5_d6_p7_s143,leave_target_out,noisy_shot,128,2,target_crossfit_learned_mia,0,1000,1000,0.544938,0.08199999999999996,0.002,0.001,0.007,0.007,0.062,0.05
target,MNIST_QNN_zz_r5_d6_p7_s144,leave_target_out,noisy_shot,128,2,target_crossfit_learned_mia,0,1000,1000,0.5527930000000001,0.10200000000000004,0.004,0.001,0.025,0.01,0.079,0.05
target,MNIST_QNN_zz_r5_d6_p7_s145,leave_target_out,noisy_shot,128,2,target_crossfit_learned_mia,0,1000,1000,0.542119,0.08700000000000002,0.002,0.0,0.01,0.009,0.05,0.047
cell,zz_r5_d6,leave_target_out,noisy_shot,128,3,target_crossfit_learned_mia,0,3000,3000,0.5440211111111111,0.07200000000000001,0.004,0.001,0.013666666666666667,0.01,0.073,0.049666666666666665
target,MNIST_QNN_zz_r5_d6_p7_s143,leave_target_out,noisy_shot,128,3,target_crossfit_learned_mia,0,1000,1000,0.555505,0.08700000000000008,0.009,0.001,0.014,0.01,0.071,0.05
target,MNIST_QNN_zz_r5_d6_p7_s144,leave_target_out,noisy_shot,128,3,target_crossfit_learned_mia,0,1000,1000,0.555018,0.09199999999999997,0.003,0.001,0.013,0.009,0.076,0.049
target,MNIST_QNN_zz_r5_d6_p7_s145,leave_target_out,noisy_shot,128,3,target_crossfit_learned_mia,0,1000,1000,0.5166489999999999,0.05399999999999999,0.004,0.001,0.009,0.005,0.063,0.05
cell,zz_r5_d6,leave_target_out,noisy_shot,128,4,target_crossfit_learned_mia,0,3000,3000,0.546532,0.07600000000000001,0.003,0.001,0.010666666666666666,0.009333333333333334,0.06766666666666667,0.05
target,MNIST_QNN_zz_r5_d6_p7_s143,leave_target_out,noisy_shot,128,4,target_crossfit_learned_mia,0,1000,1000,0.5527610000000001,0.09699999999999998,0.002,0.001,0.015,0.01,0.069,0.049
target,MNIST_QNN_zz_r5_d6_p7_s144,leave_target_out,noisy_shot,128,4,target_crossfit_learned_mia,0,1000,1000,0.551619,0.09500000000000003,0.001,0.001,0.011,0.009,0.073,0.048
target,MNIST_QNN_zz_r5_d6_p7_s145,leave_target_out,noisy_shot,128,4,target_crossfit_learned_mia,0,1000,1000,0.531243,0.07400000000000001,0.0,0.0,0.002,0.008,0.05,0.05
cell,zz_r5_d6,leave_target_out,noisy_shot,128,5,target_crossfit_learned_mia,0,3000,3000,0.5497386666666667,0.08666666666666667,0.0003333333333333333,0.0,0.011,0.008666666666666666,0.064,0.05
target,MNIST_QNN_zz_r5_d6_p7_s143,leave_target_out,noisy_shot,128,5,target_crossfit_learned_mia,0,1000,1000,0.546155,0.08699999999999997,0.0,0.0,0.016,0.009,0.057,0.05
target,MNIST_QNN_zz_r5_d6_p7_s144,leave_target_out,noisy_shot,128,5,target_crossfit_learned_mia,0,1000,1000,0.550557,0.09600000000000009,0.002,0.001,0.014,0.01,0.074,0.05
target,MNIST_QNN_zz_r5_d6_p7_s145,leave_target_out,noisy_shot,128,5,target_crossfit_learned_mia,0,1000,1000,0.551912,0.09000000000000002,0.001,0.0,0.007,0.01,0.06,0.048
cell,zz_r5_d6,leave_target_out,noisy_shot,128,6,target_crossfit_learned_mia,0,3000,3000,0.5412368888888889,0.08000000000000002,0.0013333333333333333,0.0006666666666666666,0.010666666666666666,0.01,0.072,0.05
target,MNIST_QNN_zz_r5_d6_p7_s143,leave_target_out,noisy_shot,128,6,target_crossfit_learned_mia,0,1000,1000,0.535911,0.08899999999999997,0.003,0.0,0.018,0.01,0.073,0.05
target,MNIST_QNN_zz_r5_d6_p7_s144,leave_target_out,noisy_shot,128,6,target_crossfit_learned_mia,0,1000,1000,0.550539,0.09600000000000003,0.002,0.001,0.006,0.01,0.07,0.05
target,MNIST_QNN_zz_r5_d6_p7_s145,leave_target_out,noisy_shot,128,6,target_crossfit_learned_mia,0,1000,1000,0.536748,0.08099999999999999,0.003,0.0,0.021,0.01,0.075,0.047
cell,zz_r5_d6,leave_target_out,noisy_shot,128,7,target_crossfit_learned_mia,0,3000,3000,0.5497052222222222,0.08266666666666667,0.001,0.001,0.011333333333333334,0.01,0.073,0.049666666666666665
target,MNIST_QNN_zz_r5_d6_p7_s143,leave_target_out,noisy_shot,128,7,target_crossfit_learned_mia,0,1000,1000,0.547292,0.08699999999999997,0.002,0.001,0.017,0.01,0.077,0.05
target,MNIST_QNN_zz_r5_d6_p7_s144,leave_target_out,noisy_shot,128,7,target_crossfit_learned_mia,0,1000,1000,0.556851,0.08400000000000007,0.0,0.0,0.01,0.009,0.088,0.05
target,MNIST_QNN_zz_r5_d6_p7_s145,leave_target_out,noisy_shot,128,7,target_crossfit_learned_mia,0,1000,1000,0.544596,0.09300000000000003,0.0,0.0,0.014,0.01,0.079,0.05
cell,zz_r5_d6,leave_target_out,noisy_shot,128,8,target_crossfit_learned_mia,0,3000,3000,0.552964888888889,0.09033333333333332,0.003,0.001,0.015333333333333332,0.009666666666666667,0.06466666666666666,0.05
target,MNIST_QNN_zz_r5_d6_p7_s143,leave_target_out,noisy_shot,128,8,target_crossfit_learned_mia,0,1000,1000,0.54026,0.07499999999999998,0.004,0.001,0.011,0.008,0.077,0.049
target,MNIST_QNN_zz_r5_d6_p7_s144,leave_target_out,noisy_shot,128,8,target_crossfit_learned_mia,0,1000,1000,0.570624,0.13599999999999995,0.003,0.0,0.021,0.01,0.069,0.047
target,MNIST_QNN_zz_r5_d6_p7_s145,leave_target_out,noisy_shot,128,8,target_crossfit_learned_mia,0,1000,1000,0.541104,0.08100000000000002,0.0,0.0,0.003,0.01,0.05,0.048
cell,zz_r5_d6,leave_target_out,noisy_shot,128,9,target_crossfit_learned_mia,0,3000,3000,0.5404651111111111,0.06666666666666665,0.001,0.001,0.018333333333333333,0.01,0.066,0.049
target,MNIST_QNN_zz_r5_d6_p7_s143,leave_target_out,noisy_shot,128,9,target_crossfit_learned_mia,0,1000,1000,0.542133,0.07300000000000001,0.001,0.001,0.018,0.01,0.082,0.05
target,MNIST_QNN_zz_r5_d6_p7_s144,leave_target_out,noisy_shot,128,9,target_crossfit_learned_mia,0,1000,1000,0.53686,0.064,0.002,0.0,0.015,0.01,0.056,0.05
target,MNIST_QNN_zz_r5_d6_p7_s145,leave_target_out,noisy_shot,128,9,target_crossfit_learned_mia,0,1000,1000,0.539751,0.07399999999999995,0.0,0.0,0.008,0.007,0.073,0.05
cell,zz_r5_d6,leave_target_out,noisy_shot,128,0,matched_reference_lira_online,16,3000,3000,0.5279045555555555,0.04933333333333334,0.0006666666666666666,0.001,0.01,0.009666666666666667,0.05333333333333334,0.04933333333333333
target,MNIST_QNN_zz_r5_d6_p7_s143,leave_target_out,noisy_shot,128,0,matched_reference_lira_online,16,1000,1000,0.529905,0.05599999999999994,0.008,0.001,0.017,0.01,0.067,0.047
target,MNIST_QNN_zz_r5_d6_p7_s144,leave_target_out,noisy_shot,128,0,matched_reference_lira_online,16,1000,1000,0.5356069999999999,0.06800000000000006,0.0,0.0,0.004,0.009,0.04,0.05
target,MNIST_QNN_zz_r5_d6_p7_s145,leave_target_out,noisy_shot,128,0,matched_reference_lira_online,16,1000,1000,0.518813,0.04600000000000004,0.0,0.0,0.013,0.008,0.055,0.049
cell,zz_r5_d6,leave_target_out,noisy_shot,128,1,matched_reference_lira_online,16,3000,3000,0.5108046666666667,0.02966666666666673,0.0,0.0,0.009666666666666667,0.01,0.05533333333333333,0.049666666666666665
target,MNIST_QNN_zz_r5_d6_p7_s143,leave_target_out,noisy_shot,128,1,matched_reference_lira_online,16,1000,1000,0.513519,0.040000000000000036,0.0,0.0,0.009,0.009,0.042,0.049
target,MNIST_QNN_zz_r5_d6_p7_s144,leave_target_out,noisy_shot,128,1,matched_reference_lira_online,16,1000,1000,0.5121260000000001,0.03700000000000003,0.0,0.0,0.007,0.007,0.067,0.05
target,MNIST_QNN_zz_r5_d6_p7_s145,leave_target_out,noisy_shot,128,1,matched_reference_lira_online,16,1000,1000,0.5065660000000001,0.028000000000000025,0.0,0.0,0.017,0.009,0.058,0.05
cell,zz_r5_d6,leave_target_out,noisy_shot,128,2,matched_reference_lira_online,16,3000,3000,0.5252287222222223,0.04466666666666663,0.0003333333333333333,0.0006666666666666666,0.010666666666666666,0.01,0.060333333333333336,0.049
target,MNIST_QNN_zz_r5_d6_p7_s143,leave_target_out,noisy_shot,128,2,matched_reference_lira_online,16,1000,1000,0.528575,0.061999999999999944,0.0,0.0,0.012,0.01,0.068,0.049
target,MNIST_QNN_zz_r5_d6_p7_s144,leave_target_out,noisy_shot,128,2,matched_reference_lira_online,16,1000,1000,0.532818,0.06400000000000006,0.0,0.0,0.012,0.009,0.053,0.05
target,MNIST_QNN_zz_r5_d6_p7_s145,leave_target_out,noisy_shot,128,2,matched_reference_lira_online,16,1000,1000,0.514883,0.040000000000000036,0.001,0.001,0.011,0.007,0.061,0.049
cell,zz_r5_d6,leave_target_out,noisy_shot,128,3,matched_reference_lira_online,16,3000,3000,0.5233376111111112,0.04366666666666663,0.001,0.001,0.007,0.009333333333333334,0.051666666666666666,0.05
target,MNIST_QNN_zz_r5_d6_p7_s143,leave_target_out,noisy_shot,128,3,matched_reference_lira_online,16,1000,1000,0.5148895,0.041999999999999926,0.0,0.0,0.004,0.009,0.056,0.05
target,MNIST_QNN_zz_r5_d6_p7_s144,leave_target_out,noisy_shot,128,3,matched_reference_lira_online,16,1000,1000,0.5308710000000001,0.07599999999999996,0.002,0.001,0.011,0.01,0.052,0.049
target,MNIST_QNN_zz_r5_d6_p7_s145,leave_target_out,noisy_shot,128,3,matched_reference_lira_online,16,1000,1000,0.5241439999999999,0.052000000000000046,0.004,0.001,0.01,0.007,0.051,0.05
cell,zz_r5_d6,leave_target_out,noisy_shot,128,4,matched_reference_lira_online,16,3000,3000,0.5216336666666667,0.04833333333333334,0.0,0.0,0.009333333333333334,0.01,0.052,0.049666666666666665
target,MNIST_QNN_zz_r5_d6_p7_s143,leave_target_out,noisy_shot,128,4,matched_reference_lira_online,16,1000,1000,0.530088,0.061999999999999944,0.002,0.001,0.013,0.008,0.054,0.048
target,MNIST_QNN_zz_r5_d6_p7_s144,leave_target_out,noisy_shot,128,4,matched_reference_lira_online,16,1000,1000,0.500343,0.026000000000000023,0.0,0.0,0.003,0.01,0.042,0.049
target,MNIST_QNN_zz_r5_d6_p7_s145,leave_target_out,noisy_shot,128,4,matched_reference_lira_online,16,1000,1000,0.534654,0.06700000000000006,0.0,0.0,0.019,0.009,0.059,0.05
cell,zz_r5_d6,leave_target_out,noisy_shot,128,5,matched_reference_lira_online,16,3000,3000,0.5259465555555555,0.052000000000000046,0.0013333333333333333,0.0006666666666666666,0.008333333333333333,0.009666666666666667,0.054,0.049666666666666665
target,MNIST_QNN_zz_r5_d6_p7_s143,leave_target_out,noisy_shot,128,5,matched_reference_lira_online,16,1000,1000,0.527849,0.06,0.001,0.001,0.005,0.01,0.056,0.05
target,MNIST_QNN_zz_r5_d6_p7_s144,leave_target_out,noisy_shot,128,5,matched_reference_lira_online,16,1000,1000,0.523952,0.04800000000000004,0.003,0.0,0.009,0.009,0.055,0.049
target,MNIST_QNN_zz_r5_d6_p7_s145,leave_target_out,noisy_shot,128,5,matched_reference_lira_online,16,1000,1000,0.526272,0.06600000000000006,0.001,0.0,0.011,0.01,0.057,0.049
cell,zz_r5_d6,leave_target_out,noisy_shot,128,6,matched_reference_lira_online,16,3000,3000,0.5216614444444444,0.044333333333333336,0.0003333333333333333,0.001,0.008666666666666666,0.01,0.059666666666666666,0.05
target,MNIST_QNN_zz_r5_d6_p7_s143,leave_target_out,noisy_shot,128,6,matched_reference_lira_online,16,1000,1000,0.509611,0.029999999999999916,0.002,0.001,0.007,0.01,0.048,0.049
target,MNIST_QNN_zz_r5_d6_p7_s144,leave_target_out,noisy_shot,128,6,matched_reference_lira_online,16,1000,1000,0.521232,0.04400000000000001,0.0,0.0,0.001,0.004,0.058,0.05
target,MNIST_QNN_zz_r5_d6_p7_s145,leave_target_out,noisy_shot,128,6,matched_reference_lira_online,16,1000,1000,0.533656,0.08299999999999996,0.0,0.0,0.013,0.01,0.061,0.049
cell,zz_r5_d6,leave_target_out,noisy_shot,128,7,matched_reference_lira_online,16,3000,3000,0.531305,0.059,0.0006666666666666666,0.0003333333333333333,0.01,0.009666666666666667,0.04833333333333333,0.05
target,MNIST_QNN_zz_r5_d6_p7_s143,leave_target_out,noisy_shot,128,7,matched_reference_lira_online,16,1000,1000,0.539874,0.09299999999999997,0.002,0.001,0.008,0.01,0.056,0.05
target,MNIST_QNN_zz_r5_d6_p7_s144,leave_target_out,noisy_shot,128,7,matched_reference_lira_online,16,1000,1000,0.5230110000000001,0.06800000000000006,0.001,0.001,0.012,0.01,0.061,0.05
target,MNIST_QNN_zz_r5_d6_p7_s145,leave_target_out,noisy_shot,128,7,matched_reference_lira_online,16,1000,1000,0.530578,0.07500000000000001,0.001,0.001,0.013,0.005,0.042,0.048
cell,zz_r5_d6,leave_target_out,noisy_shot,128,8,matched_reference_lira_online,16,3000,3000,0.5239988888888889,0.05733333333333335,0.0013333333333333333,0.001,0.007333333333333333,0.009666666666666667,0.047,0.048666666666666664
target,MNIST_QNN_zz_r5_d6_p7_s143,leave_target_out,noisy_shot,128,8,matched_reference_lira_online,16,1000,1000,0.536,0.07500000000000007,0.001,0.001,0.017,0.01,0.055,0.05
target,MNIST_QNN_zz_r5_d6_p7_s144,leave_target_out,noisy_shot,128,8,matched_reference_lira_online,16,1000,1000,0.538212,0.08099999999999996,0.0,0.0,0.004,0.01,0.05,0.05
target,MNIST_QNN_zz_r5_d6_p7_s145,leave_target_out,noisy_shot,128,8,matched_reference_lira_online,16,1000,1000,0.498189,0.03199999999999992,0.003,0.001,0.006,0.006,0.043,0.049
cell,zz_r5_d6,leave_target_out,noisy_shot,128,9,matched_reference_lira_online,16,3000,3000,0.5106235555555556,0.025333333333333374,0.0006666666666666666,0.0,0.009333333333333334,0.009666666666666667,0.04466666666666667,0.049666666666666665
target,MNIST_QNN_zz_r5_d6_p7_s143,leave_target_out,noisy_shot,128,9,matched_reference_lira_online,16,1000,1000,0.529408,0.05499999999999994,0.0,0.0,0.011,0.009,0.052,0.05
target,MNIST_QNN_zz_r5_d6_p7_s144,leave_target_out,noisy_shot,128,9,matched_reference_lira_online,16,1000,1000,0.501981,0.025000000000000022,0.001,0.0,0.006,0.01,0.037,0.049
target,MNIST_QNN_zz_r5_d6_p7_s145,leave_target_out,noisy_shot,128,9,matched_reference_lira_online,16,1000,1000,0.500076,0.020000000000000018,0.001,0.0,0.013,0.009,0.055,0.05
cell,zz_r5_d6,leave_target_out,noisy_shot,128,0,matched_reference_lira_online_fixed_variance,16,3000,3000,0.5341068888888889,0.06300000000000006,0.0006666666666666666,0.001,0.015,0.01,0.060333333333333336,0.048666666666666664
target,MNIST_QNN_zz_r5_d6_p7_s143,leave_target_out,noisy_shot,128,0,matched_reference_lira_online_fixed_variance,16,1000,1000,0.5302990000000001,0.05800000000000005,0.0,0.0,0.023,0.01,0.075,0.05
target,MNIST_QNN_zz_r5_d6_p7_s144,leave_target_out,noisy_shot,128,0,matched_reference_lira_online_fixed_variance,16,1000,1000,0.5425,0.07599999999999996,0.001,0.001,0.016,0.009,0.051,0.05
target,MNIST_QNN_zz_r5_d6_p7_s145,leave_target_out,noisy_shot,128,0,matched_reference_lira_online_fixed_variance,16,1000,1000,0.529992,0.06600000000000006,0.002,0.001,0.011,0.007,0.059,0.049
cell,zz_r5_d6,leave_target_out,noisy_shot,128,1,matched_reference_lira_online_fixed_variance,16,3000,3000,0.5238957777777777,0.04366666666666669,0.004,0.001,0.015333333333333332,0.01,0.068,0.049
target,MNIST_QNN_zz_r5_d6_p7_s143,leave_target_out,noisy_shot,128,1,matched_reference_lira_online_fixed_variance,16,1000,1000,0.530282,0.055999999999999994,0.005,0.001,0.016,0.008,0.071,0.05
target,MNIST_QNN_zz_r5_d6_p7_s144,leave_target_out,noisy_shot,128,1,matched_reference_lira_online_fixed_variance,16,1000,1000,0.533973,0.066,0.005,0.001,0.016,0.01,0.069,0.05
target,MNIST_QNN_zz_r5_d6_p7_s145,leave_target_out,noisy_shot,128,1,matched_reference_lira_online_fixed_variance,16,1000,1000,0.507484,0.03700000000000003,0.003,0.0,0.013,0.009,0.066,0.05
cell,zz_r5_d6,leave_target_out,noisy_shot,128,2,matched_reference_lira_online_fixed_variance,16,3000,3000,0.5367202222222223,0.06900000000000006,0.005,0.0006666666666666666,0.02266666666666667,0.01,0.07633333333333334,0.04933333333333333
target,MNIST_QNN_zz_r5_d6_p7_s143,leave_target_out,noisy_shot,128,2,matched_reference_lira_online_fixed_variance,16,1000,1000,0.530667,0.07299999999999995,0.013,0.001,0.041,0.009,0.089,0.05
target,MNIST_QNN_zz_r5_d6_p7_s144,leave_target_out,noisy_shot,128,2,matched_reference_lira_online_fixed_variance,16,1000,1000,0.547871,0.07400000000000001,0.013,0.001,0.027,0.01,0.078,0.05
target,MNIST_QNN_zz_r5_d6_p7_s145,leave_target_out,noisy_shot,128,2,matched_reference_lira_online_fixed_variance,16,1000,1000,0.530871,0.07099999999999995,0.005,0.001,0.013,0.01,0.062,0.05
cell,zz_r5_d6,leave_target_out,noisy_shot,128,3,matched_reference_lira_online_fixed_variance,16,3000,3000,0.5300031111111111,0.05700000000000005,0.0023333333333333335,0.001,0.016,0.009666666666666667,0.062,0.05
target,MNIST_QNN_zz_r5_d6_p7_s143,leave_target_out,noisy_shot,128,3,matched_reference_lira_online_fixed_variance,16,1000,1000,0.532084,0.07700000000000001,0.006,0.001,0.022,0.009,0.071,0.05
target,MNIST_QNN_zz_r5_d6_p7_s144,leave_target_out,noisy_shot,128,3,matched_reference_lira_online_fixed_variance,16,1000,1000,0.536039,0.07399999999999995,0.001,0.001,0.016,0.007,0.057,0.05
target,MNIST_QNN_zz_r5_d6_p7_s145,leave_target_out,noisy_shot,128,3,matched_reference_lira_online_fixed_variance,16,1000,1000,0.5223800000000001,0.04300000000000004,0.004,0.001,0.017,0.009,0.063,0.049
cell,zz_r5_d6,leave_target_out,noisy_shot,128,4,matched_reference_lira_online_fixed_variance,16,3000,3000,0.5247692222222222,0.05266666666666675,0.0036666666666666666,0.0006666666666666666,0.014333333333333333,0.01,0.07133333333333333,0.049
target,MNIST_QNN_zz_r5_d6_p7_s143,leave_target_out,noisy_shot,128,4,matched_reference_lira_online_fixed_variance,16,1000,1000,0.520132,0.05300000000000005,0.005,0.0,0.024,0.01,0.073,0.048
target,MNIST_QNN_zz_r5_d6_p7_s144,leave_target_out,noisy_shot,128,4,matched_reference_lira_online_fixed_variance,16,1000,1000,0.515026,0.04200000000000004,0.002,0.0,0.01,0.007,0.061,0.049
target,MNIST_QNN_zz_r5_d6_p7_s145,leave_target_out,noisy_shot,128,4,matched_reference_lira_online_fixed_variance,16,1000,1000,0.53878,0.08399999999999996,0.005,0.0,0.017,0.01,0.077,0.05
cell,zz_r5_d6,leave_target_out,noisy_shot,128,5,matched_reference_lira_online_fixed_variance,16,3000,3000,0.5329797777777778,0.06033333333333335,0.002,0.0006666666666666666,0.02,0.01,0.059666666666666666,0.05
target,MNIST_QNN_zz_r5_d6_p7_s143,leave_target_out,noisy_shot,128,5,matched_reference_lira_online_fixed_variance,16,1000,1000,0.536944,0.07500000000000007,0.002,0.0,0.02,0.01,0.076,0.049
target,MNIST_QNN_zz_r5_d6_p7_s144,leave_target_out,noisy_shot,128,5,matched_reference_lira_online_fixed_variance,16,1000,1000,0.52908,0.06500000000000006,0.013,0.001,0.025,0.01,0.041,0.047
target,MNIST_QNN_zz_r5_d6_p7_s145,leave_target_out,noisy_shot,128,5,matched_reference_lira_online_fixed_variance,16,1000,1000,0.53325,0.062000000000000055,0.005,0.001,0.02,0.01,0.065,0.048
cell,zz_r5_d6,leave_target_out,noisy_shot,128,6,matched_reference_lira_online_fixed_variance,16,3000,3000,0.5217061111111112,0.04133333333333333,0.0026666666666666666,0.001,0.014333333333333333,0.01,0.057666666666666665,0.049666666666666665
target,MNIST_QNN_zz_r5_d6_p7_s143,leave_target_out,noisy_shot,128,6,matched_reference_lira_online_fixed_variance,16,1000,1000,0.510656,0.029000000000000026,0.003,0.0,0.022,0.01,0.054,0.05
target,MNIST_QNN_zz_r5_d6_p7_s144,leave_target_out,noisy_shot,128,6,matched_reference_lira_online_fixed_variance,16,1000,1000,0.5195449999999999,0.04500000000000004,0.002,0.001,0.011,0.009,0.051,0.049
target,MNIST_QNN_zz_r5_d6_p7_s145,leave_target_out,noisy_shot,128,6,matched_reference_lira_online_fixed_variance,16,1000,1000,0.53466,0.07100000000000001,0.002,0.001,0.011,0.01,0.064,0.05
cell,zz_r5_d6,leave_target_out,noisy_shot,128,7,matched_reference_lira_online_fixed_variance,16,3000,3000,0.5340663333333333,0.05800000000000005,0.0026666666666666666,0.001,0.014666666666666666,0.009333333333333334,0.059,0.05
target,MNIST_QNN_zz_r5_d6_p7_s143,leave_target_out,noisy_shot,128,7,matched_reference_lira_online_fixed_variance,16,1000,1000,0.541798,0.07600000000000001,0.004,0.001,0.02,0.01,0.069,0.05
target,MNIST_QNN_zz_r5_d6_p7_s144,leave_target_out,noisy_shot,128,7,matched_reference_lira_online_fixed_variance,16,1000,1000,0.526937,0.06299999999999994,0.004,0.001,0.021,0.01,0.055,0.044
target,MNIST_QNN_zz_r5_d6_p7_s145,leave_target_out,noisy_shot,128,7,matched_reference_lira_online_fixed_variance,16,1000,1000,0.532819,0.06700000000000006,0.002,0.0,0.006,0.01,0.048,0.05
cell,zz_r5_d6,leave_target_out,noisy_shot,128,8,matched_reference_lira_online_fixed_variance,16,3000,3000,0.5372722222222222,0.0596666666666667,0.002,0.0006666666666666666,0.014666666666666666,0.01,0.06466666666666666,0.049
target,MNIST_QNN_zz_r5_d6_p7_s143,leave_target_out,noisy_shot,128,8,matched_reference_lira_online_fixed_variance,16,1000,1000,0.542791,0.07,0.004,0.0,0.01,0.01,0.068,0.05
target,MNIST_QNN_zz_r5_d6_p7_s144,leave_target_out,noisy_shot,128,8,matched_reference_lira_online_fixed_variance,16,1000,1000,0.5508689999999999,0.07899999999999996,0.009,0.001,0.017,0.007,0.088,0.05
target,MNIST_QNN_zz_r5_d6_p7_s145,leave_target_out,noisy_shot,128,8,matched_reference_lira_online_fixed_variance,16,1000,1000,0.5181899999999999,0.04700000000000004,0.0,0.0,0.015,0.01,0.056,0.049
cell,zz_r5_d6,leave_target_out,noisy_shot,128,9,matched_reference_lira_online_fixed_variance,16,3000,3000,0.520067,0.04366666666666674,0.0006666666666666666,0.001,0.010666666666666666,0.009666666666666667,0.050666666666666665,0.049666666666666665
target,MNIST_QNN_zz_r5_d6_p7_s143,leave_target_out,noisy_shot,128,9,matched_reference_lira_online_fixed_variance,16,1000,1000,0.5411779999999999,0.09199999999999997,0.0,0.0,0.01,0.01,0.071,0.05
target,MNIST_QNN_zz_r5_d6_p7_s144,leave_target_out,noisy_shot,128,9,matched_reference_lira_online_fixed_variance,16,1000,1000,0.5099060000000001,0.029000000000000026,0.002,0.001,0.011,0.009,0.052,0.049
target,MNIST_QNN_zz_r5_d6_p7_s145,leave_target_out,noisy_shot,128,9,matched_reference_lira_online_fixed_variance,16,1000,1000,0.509227,0.04800000000000004,0.001,0.001,0.012,0.01,0.041,0.05
cell,zz_r5_d6,leave_target_out,noisy_shot,128,0,matched_reference_lira_offline,16,3000,3000,0.5020560000000001,0.027000000000000024,0.0003333333333333333,0.0006666666666666666,0.009333333333333334,0.01,0.04466666666666667,0.05
target,MNIST_QNN_zz_r5_d6_p7_s143,leave_target_out,noisy_shot,128,0,matched_reference_lira_offline,16,1000,1000,0.522863,0.06,0.005,0.001,0.014,0.009,0.054,0.05
target,MNIST_QNN_zz_r5_d6_p7_s144,leave_target_out,noisy_shot,128,0,matched_reference_lira_offline,16,1000,1000,0.49681200000000003,0.02300000000000002,0.0,0.0,0.002,0.005,0.03,0.049
target,MNIST_QNN_zz_r5_d6_p7_s145,leave_target_out,noisy_shot,128,0,matched_reference_lira_offline,16,1000,1000,0.48746100000000003,0.02200000000000002,0.0,0.0,0.01,0.008,0.052,0.047
cell,zz_r5_d6,leave_target_out,noisy_shot,128,1,matched_reference_lira_offline,16,3000,3000,0.5021377222222223,0.01766666666666672,0.0,0.0,0.008,0.01,0.050333333333333334,0.05
target,MNIST_QNN_zz_r5_d6_p7_s143,leave_target_out,noisy_shot,128,1,matched_reference_lira_offline,16,1000,1000,0.507981,0.03400000000000003,0.0,0.0,0.009,0.009,0.053,0.05
target,MNIST_QNN_zz_r5_d6_p7_s144,leave_target_out,noisy_shot,128,1,matched_reference_lira_offline,16,1000,1000,0.513697,0.03700000000000003,0.0,0.0,0.008,0.01,0.057,0.048
target,MNIST_QNN_zz_r5_d6_p7_s145,leave_target_out,noisy_shot,128,1,matched_reference_lira_offline,16,1000,1000,0.484208,0.006000000000000005,0.0,0.0,0.008,0.009,0.04,0.049
cell,zz_r5_d6,leave_target_out,noisy_shot,128,2,matched_reference_lira_offline,16,3000,3000,0.5038936666666667,0.02366666666666667,0.0003333333333333333,0.0006666666666666666,0.007333333333333333,0.01,0.051666666666666666,0.05
target,MNIST_QNN_zz_r5_d6_p7_s143,leave_target_out,noisy_shot,128,2,matched_reference_lira_offline,16,1000,1000,0.5106850000000001,0.055999999999999994,0.0,0.0,0.013,0.01,0.063,0.05
target,MNIST_QNN_zz_r5_d6_p7_s144,leave_target_out,noisy_shot,128,2,matched_reference_lira_offline,16,1000,1000,0.501116,0.03199999999999997,0.001,0.001,0.006,0.008,0.048,0.05
target,MNIST_QNN_zz_r5_d6_p7_s145,leave_target_out,noisy_shot,128,2,matched_reference_lira_offline,16,1000,1000,0.499594,0.018999999999999906,0.001,0.001,0.01,0.01,0.05,0.05
cell,zz_r5_d6,leave_target_out,noisy_shot,128,3,matched_reference_lira_offline,16,3000,3000,0.5031262222222221,0.015666666666666662,0.0016666666666666668,0.0006666666666666666,0.008666666666666666,0.009333333333333334,0.057,0.05
target,MNIST_QNN_zz_r5_d6_p7_s143,leave_target_out,noisy_shot,128,3,matched_reference_lira_offline,16,1000,1000,0.49249,0.014000000000000012,0.001,0.0,0.006,0.005,0.063,0.05
target,MNIST_QNN_zz_r5_d6_p7_s144,leave_target_out,noisy_shot,128,3,matched_reference_lira_offline,16,1000,1000,0.499093,0.015000000000000013,0.002,0.0,0.006,0.01,0.045,0.049
target,MNIST_QNN_zz_r5_d6_p7_s145,leave_target_out,noisy_shot,128,3,matched_reference_lira_offline,16,1000,1000,0.518107,0.03999999999999998,0.003,0.001,0.019,0.01,0.072,0.05
cell,zz_r5_d6,leave_target_out,noisy_shot,128,4,matched_reference_lira_offline,16,3000,3000,0.5028522777777777,0.016333333333333366,0.0,0.0,0.007,0.01,0.04633333333333333,0.049666666666666665
target,MNIST_QNN_zz_r5_d6_p7_s143,leave_target_out,noisy_shot,128,4,matched_reference_lira_offline,16,1000,1000,0.49854699999999996,0.02300000000000002,0.002,0.001,0.014,0.01,0.051,0.047
target,MNIST_QNN_zz_r5_d6_p7_s144,leave_target_out,noisy_shot,128,4,matched_reference_lira_offline,16,1000,1000,0.508562,0.039000000000000035,0.0,0.0,0.002,0.008,0.041,0.05
target,MNIST_QNN_zz_r5_d6_p7_s145,leave_target_out,noisy_shot,128,4,matched_reference_lira_offline,16,1000,1000,0.5012920000000001,0.017000000000000015,0.0,0.0,0.011,0.009,0.045,0.05
cell,zz_r5_d6,leave_target_out,noisy_shot,128,5,matched_reference_lira_offline,16,3000,3000,0.49955777777777777,0.019000000000000017,0.0016666666666666668,0.0006666666666666666,0.006666666666666667,0.008666666666666666,0.039,0.049666666666666665
target,MNIST_QNN_zz_r5_d6_p7_s143,leave_target_out,noisy_shot,128,5,matched_reference_lira_offline,16,1000,1000,0.497829,0.02799999999999997,0.001,0.001,0.004,0.008,0.039,0.05
target,MNIST_QNN_zz_r5_d6_p7_s144,leave_target_out,noisy_shot,128,5,matched_reference_lira_offline,16,1000,1000,0.491848,0.025000000000000022,0.004,0.0,0.009,0.007,0.032,0.05
target,MNIST_QNN_zz_r5_d6_p7_s145,leave_target_out,noisy_shot,128,5,matched_reference_lira_offline,16,1000,1000,0.508859,0.03500000000000003,0.001,0.0,0.007,0.009,0.046,0.048
cell,zz_r5_d6,leave_target_out,noisy_shot,128,6,matched_reference_lira_offline,16,3000,3000,0.5104935,0.02466666666666667,0.0,0.0,0.005666666666666667,0.009666666666666667,0.04666666666666667,0.049
target,MNIST_QNN_zz_r5_d6_p7_s143,leave_target_out,noisy_shot,128,6,matched_reference_lira_offline,16,1000,1000,0.5033115,0.024000000000000007,0.0,0.0,0.009,0.009,0.054,0.05
target,MNIST_QNN_zz_r5_d6_p7_s144,leave_target_out,noisy_shot,128,6,matched_reference_lira_offline,16,1000,1000,0.5084150000000001,0.03200000000000003,0.0,0.0,0.004,0.01,0.042,0.049
target,MNIST_QNN_zz_r5_d6_p7_s145,leave_target_out,noisy_shot,128,6,matched_reference_lira_offline,16,1000,1000,0.519914,0.04400000000000004,0.0,0.0,0.008,0.01,0.056,0.049
cell,zz_r5_d6,leave_target_out,noisy_shot,128,7,matched_reference_lira_offline,16,3000,3000,0.49873988888888887,0.011666666666666659,0.001,0.001,0.009,0.009333333333333334,0.044333333333333336,0.05
target,MNIST_QNN_zz_r5_d6_p7_s143,leave_target_out,noisy_shot,128,7,matched_reference_lira_offline,16,1000,1000,0.515939,0.038000000000000034,0.002,0.001,0.007,0.009,0.04,0.05
target,MNIST_QNN_zz_r5_d6_p7_s144,leave_target_out,noisy_shot,128,7,matched_reference_lira_offline,16,1000,1000,0.48741,0.007000000000000006,0.0,0.0,0.009,0.007,0.043,0.05
target,MNIST_QNN_zz_r5_d6_p7_s145,leave_target_out,noisy_shot,128,7,matched_reference_lira_offline,16,1000,1000,0.49223700000000004,0.013000000000000012,0.002,0.001,0.011,0.007,0.049,0.05
cell,zz_r5_d6,leave_target_out,noisy_shot,128,8,matched_reference_lira_offline,16,3000,3000,0.5013716666666667,0.01666666666666672,0.0013333333333333333,0.001,0.007333333333333333,0.01,0.036,0.04933333333333333
target,MNIST_QNN_zz_r5_d6_p7_s143,leave_target_out,noisy_shot,128,8,matched_reference_lira_offline,16,1000,1000,0.512612,0.035999999999999976,0.001,0.001,0.011,0.008,0.054,0.049
target,MNIST_QNN_zz_r5_d6_p7_s144,leave_target_out,noisy_shot,128,8,matched_reference_lira_offline,16,1000,1000,0.500358,0.02300000000000002,0.0,0.0,0.004,0.009,0.034,0.05
target,MNIST_QNN_zz_r5_d6_p7_s145,leave_target_out,noisy_shot,128,8,matched_reference_lira_offline,16,1000,1000,0.49145300000000003,0.010000000000000009,0.003,0.001,0.009,0.007,0.031,0.05
cell,zz_r5_d6,leave_target_out,noisy_shot,128,9,matched_reference_lira_offline,16,3000,3000,0.48700738888888895,0.0040000000000000036,0.0006666666666666666,0.0,0.005666666666666667,0.01,0.044,0.05
target,MNIST_QNN_zz_r5_d6_p7_s143,leave_target_out,noisy_shot,128,9,matched_reference_lira_offline,16,1000,1000,0.497483,0.021999999999999964,0.001,0.001,0.005,0.009,0.045,0.047
target,MNIST_QNN_zz_r5_d6_p7_s144,leave_target_out,noisy_shot,128,9,matched_reference_lira_offline,16,1000,1000,0.4837015,0.01200000000000001,0.001,0.0,0.001,0.0,0.034,0.047
target,MNIST_QNN_zz_r5_d6_p7_s145,leave_target_out,noisy_shot,128,9,matched_reference_lira_offline,16,1000,1000,0.47974300000000003,0.005999999999999998,0.001,0.0,0.011,0.01,0.053,0.049
cell,zz_r5_d6,leave_target_out,noisy_shot,128,0,matched_reference_lira_offline_fixed_variance,16,3000,3000,0.4995683888888889,0.008666666666666711,0.0003333333333333333,0.001,0.008,0.009666666666666667,0.04566666666666667,0.049666666666666665
target,MNIST_QNN_zz_r5_d6_p7_s143,leave_target_out,noisy_shot,128,0,matched_reference_lira_offline_fixed_variance,16,1000,1000,0.519178,0.063,0.0,0.0,0.011,0.01,0.055,0.045
target,MNIST_QNN_zz_r5_d6_p7_s144,leave_target_out,noisy_shot,128,0,matched_reference_lira_offline_fixed_variance,16,1000,1000,0.49419399999999997,0.028000000000000025,0.001,0.0,0.006,0.01,0.041,0.049
target,MNIST_QNN_zz_r5_d6_p7_s145,leave_target_out,noisy_shot,128,0,matched_reference_lira_offline_fixed_variance,16,1000,1000,0.48728949999999993,0.015000000000000013,0.0,0.0,0.008,0.01,0.04,0.047
cell,zz_r5_d6,leave_target_out,noisy_shot,128,1,matched_reference_lira_offline_fixed_variance,16,3000,3000,0.5071901666666667,0.02233333333333337,0.0013333333333333333,0.0006666666666666666,0.008666666666666666,0.009333333333333334,0.04733333333333333,0.05
target,MNIST_QNN_zz_r5_d6_p7_s143,leave_target_out,noisy_shot,128,1,matched_reference_lira_offline_fixed_variance,16,1000,1000,0.5150035,0.056999999999999995,0.001,0.001,0.006,0.008,0.063,0.05
target,MNIST_QNN_zz_r5_d6_p7_s144,leave_target_out,noisy_shot,128,1,matched_reference_lira_offline_fixed_variance,16,1000,1000,0.5230665,0.050000000000000044,0.003,0.001,0.01,0.01,0.045,0.049
target,MNIST_QNN_zz_r5_d6_p7_s145,leave_target_out,noisy_shot,128,1,matched_reference_lira_offline_fixed_variance,16,1000,1000,0.48321100000000006,0.007999999999999993,0.001,0.001,0.01,0.008,0.041,0.045
cell,zz_r5_d6,leave_target_out,noisy_shot,128,2,matched_reference_lira_offline_fixed_variance,16,3000,3000,0.5009217222222222,0.029333333333333322,0.0023333333333333335,0.001,0.013666666666666667,0.01,0.058,0.05
target,MNIST_QNN_zz_r5_d6_p7_s143,leave_target_out,noisy_shot,128,2,matched_reference_lira_offline_fixed_variance,16,1000,1000,0.503482,0.04099999999999998,0.009,0.001,0.015,0.01,0.077,0.05
target,MNIST_QNN_zz_r5_d6_p7_s144,leave_target_out,noisy_shot,128,2,matched_reference_lira_offline_fixed_variance,16,1000,1000,0.509331,0.04800000000000004,0.0,0.0,0.017,0.01,0.053,0.05
target,MNIST_QNN_zz_r5_d6_p7_s145,leave_target_out,noisy_shot,128,2,matched_reference_lira_offline_fixed_variance,16,1000,1000,0.489717,0.01100000000000001,0.001,0.001,0.01,0.01,0.046,0.05
cell,zz_r5_d6,leave_target_out,noisy_shot,128,3,matched_reference_lira_offline_fixed_variance,16,3000,3000,0.5017998333333333,0.02400000000000002,0.0003333333333333333,0.0006666666666666666,0.009333333333333334,0.01,0.050333333333333334,0.049
target,MNIST_QNN_zz_r5_d6_p7_s143,leave_target_out,noisy_shot,128,3,matched_reference_lira_offline_fixed_variance,16,1000,1000,0.48475650000000003,0.0050000000000000044,0.0,0.0,0.008,0.009,0.048,0.046
target,MNIST_QNN_zz_r5_d6_p7_s144,leave_target_out,noisy_shot,128,3,matched_reference_lira_offline_fixed_variance,16,1000,1000,0.502807,0.029000000000000026,0.001,0.001,0.005,0.01,0.044,0.048
target,MNIST_QNN_zz_r5_d6_p7_s145,leave_target_out,noisy_shot,128,3,matched_reference_lira_offline_fixed_variance,16,1000,1000,0.518586,0.05299999999999999,0.005,0.001,0.012,0.01,0.065,0.05
cell,zz_r5_d6,leave_target_out,noisy_shot,128,4,matched_reference_lira_offline_fixed_variance,16,3000,3000,0.5020103888888889,0.013333333333333336,0.0003333333333333333,0.0006666666666666666,0.009333333333333334,0.008666666666666666,0.04766666666666667,0.05
target,MNIST_QNN_zz_r5_d6_p7_s143,leave_target_out,noisy_shot,128,4,matched_reference_lira_offline_fixed_variance,16,1000,1000,0.493769,0.019000000000000017,0.009,0.0,0.019,0.009,0.053,0.05
target,MNIST_QNN_zz_r5_d6_p7_s144,leave_target_out,noisy_shot,128,4,matched_reference_lira_offline_fixed_variance,16,1000,1000,0.5126755000000001,0.038000000000000034,0.002,0.001,0.008,0.007,0.047,0.048
target,MNIST_QNN_zz_r5_d6_p7_s145,leave_target_out,noisy_shot,128,4,matched_reference_lira_offline_fixed_variance,16,1000,1000,0.499746,0.02300000000000002,0.0,0.0,0.006,0.01,0.052,0.05
cell,zz_r5_d6,leave_target_out,noisy_shot,128,5,matched_reference_lira_offline_fixed_variance,16,3000,3000,0.4966658333333333,0.008333333333333415,0.0006666666666666666,0.0003333333333333333,0.009666666666666667,0.009666666666666667,0.05,0.05
target,MNIST_QNN_zz_r5_d6_p7_s143,leave_target_out,noisy_shot,128,5,matched_reference_lira_offline_fixed_variance,16,1000,1000,0.506928,0.03200000000000003,0.001,0.0,0.007,0.01,0.045,0.046
target,MNIST_QNN_zz_r5_d6_p7_s144,leave_target_out,noisy_shot,128,5,matched_reference_lira_offline_fixed_variance,16,1000,1000,0.47763700000000003,0.012,0.004,0.001,0.017,0.01,0.048,0.05
target,MNIST_QNN_zz_r5_d6_p7_s145,leave_target_out,noisy_shot,128,5,matched_reference_lira_offline_fixed_variance,16,1000,1000,0.5058604999999999,0.030000000000000027,0.0,0.0,0.008,0.01,0.057,0.048
cell,zz_r5_d6,leave_target_out,noisy_shot,128,6,matched_reference_lira_offline_fixed_variance,16,3000,3000,0.5084774444444444,0.022666666666666613,0.0013333333333333333,0.0003333333333333333,0.007666666666666666,0.01,0.053,0.05
target,MNIST_QNN_zz_r5_d6_p7_s143,leave_target_out,noisy_shot,128,6,matched_reference_lira_offline_fixed_variance,16,1000,1000,0.5061454999999999,0.02200000000000002,0.001,0.001,0.008,0.01,0.062,0.05
target,MNIST_QNN_zz_r5_d6_p7_s144,leave_target_out,noisy_shot,128,6,matched_reference_lira_offline_fixed_variance,16,1000,1000,0.5011945,0.01799999999999996,0.001,0.001,0.005,0.01,0.041,0.046
target,MNIST_QNN_zz_r5_d6_p7_s145,leave_target_out,noisy_shot,128,6,matched_reference_lira_offline_fixed_variance,16,1000,1000,0.5183384999999999,0.05399999999999994,0.004,0.001,0.015,0.01,0.048,0.049
cell,zz_r5_d6,leave_target_out,noisy_shot,128,7,matched_reference_lira_offline_fixed_variance,16,3000,3000,0.49357738888888886,0.01100000000000001,0.0016666666666666668,0.001,0.008,0.01,0.049,0.05
target,MNIST_QNN_zz_r5_d6_p7_s143,leave_target_out,noisy_shot,128,7,matched_reference_lira_offline_fixed_variance,16,1000,1000,0.511541,0.049000000000000044,0.001,0.0,0.006,0.01,0.06,0.05
target,MNIST_QNN_zz_r5_d6_p7_s144,leave_target_out,noisy_shot,128,7,matched_reference_lira_offline_fixed_variance,16,1000,1000,0.47766850000000005,0.008,0.002,0.0,0.009,0.009,0.048,0.049
target,MNIST_QNN_zz_r5_d6_p7_s145,leave_target_out,noisy_shot,128,7,matched_reference_lira_offline_fixed_variance,16,1000,1000,0.490949,0.018999999999999906,0.002,0.0,0.007,0.008,0.038,0.05
cell,zz_r5_d6,leave_target_out,noisy_shot,128,8,matched_reference_lira_offline_fixed_variance,16,3000,3000,0.5052728333333334,0.021333333333333315,0.0016666666666666668,0.0006666666666666666,0.008333333333333333,0.009666666666666667,0.05733333333333333,0.05
target,MNIST_QNN_zz_r5_d6_p7_s143,leave_target_out,noisy_shot,128,8,matched_reference_lira_offline_fixed_variance,16,1000,1000,0.512929,0.03300000000000003,0.004,0.001,0.011,0.008,0.056,0.05
target,MNIST_QNN_zz_r5_d6_p7_s144,leave_target_out,noisy_shot,128,8,matched_reference_lira_offline_fixed_variance,16,1000,1000,0.5057555,0.02499999999999991,0.001,0.001,0.006,0.01,0.053,0.048
target,MNIST_QNN_zz_r5_d6_p7_s145,leave_target_out,noisy_shot,128,8,matched_reference_lira_offline_fixed_variance,16,1000,1000,0.4973345,0.017000000000000015,0.001,0.001,0.01,0.01,0.059,0.047
cell,zz_r5_d6,leave_target_out,noisy_shot,128,9,matched_reference_lira_offline_fixed_variance,16,3000,3000,0.4824070555555555,0.0006666666666667043,0.0003333333333333333,0.0003333333333333333,0.006333333333333333,0.008666666666666666,0.042666666666666665,0.04933333333333333
target,MNIST_QNN_zz_r5_d6_p7_s143,leave_target_out,noisy_shot,128,9,matched_reference_lira_offline_fixed_variance,16,1000,1000,0.497835,0.029000000000000026,0.0,0.0,0.005,0.01,0.035,0.049
target,MNIST_QNN_zz_r5_d6_p7_s144,leave_target_out,noisy_shot,128,9,matched_reference_lira_offline_fixed_variance,16,1000,1000,0.47636100000000003,0.001,0.0,0.0,0.005,0.004,0.043,0.047
target,MNIST_QNN_zz_r5_d6_p7_s145,leave_target_out,noisy_shot,128,9,matched_reference_lira_offline_fixed_variance,16,1000,1000,0.473396,0.0020000000000000018,0.001,0.0,0.009,0.01,0.05,0.048
overall,all_cells,leave_target_out,noisy_shot,128,0,affine_channel_lira,16,12000,12000,0.5152473819444444,0.0245833333333334,0.0009166666666666666,0.0005833333333333334,0.010416666666666666,0.01,0.0565,0.05
overall,all_cells,leave_target_out,noisy_shot,128,0,deconvolved_lira,16,12000,12000,0.5135276597222223,0.030500000000000083,0.0010833333333333333,0.0008333333333333334,0.009166666666666667,0.009666666666666667,0.04975,0.05
overall,all_cells,leave_target_out,noisy_shot,128,0,empirical_channel_lira,16,12000,12000,0.5154821041666667,0.024083333333333345,0.00075,0.001,0.010833333333333334,0.009916666666666667,0.058666666666666666,0.05
overall,all_cells,leave_target_out,noisy_shot,128,0,latent_lira_mismatched,16,12000,12000,0.5178025208333333,0.046083333333333365,0.0015,0.0006666666666666666,0.008,0.008833333333333334,0.043416666666666666,0.04975
overall,all_cells,leave_target_out,noisy_shot,128,0,loss_mia,0,12000,12000,0.5335657777777778,0.0528333333333334,0.0023333333333333335,0.001,0.013916666666666667,0.01,0.059,0.049916666666666665
overall,all_cells,leave_target_out,noisy_shot,128,0,matched_reference_lira_offline,16,12000,12000,0.5012030069444444,0.012500000000000067,0.0016666666666666668,0.001,0.008583333333333333,0.009833333333333333,0.044,0.049916666666666665
overall,all_cells,leave_target_out,noisy_shot,128,0,matched_reference_lira_offline_fixed_variance,16,12000,12000,0.4997244270833333,0.007333333333333414,0.0008333333333333334,0.001,0.008083333333333333,0.01,0.04566666666666667,0.04975
overall,all_cells,leave_target_out,noisy_shot,128,0,matched_reference_lira_online,16,12000,12000,0.5142539305555556,0.026499999999999968,0.0015,0.001,0.010333333333333333,0.009666666666666667,0.053,0.049666666666666665
overall,all_cells,leave_target_out,noisy_shot,128,0,matched_reference_lira_online_fixed_variance,16,12000,12000,0.5166958125,0.03225,0.0013333333333333333,0.0008333333333333334,0.010333333333333333,0.01,0.05658333333333333,0.05
overall,all_cells,leave_target_out,noisy_shot,128,0,noise_augmented_lira,16,12000,12000,0.5140936111111111,0.022916666666666696,0.0008333333333333334,0.001,0.0095,0.01,0.05633333333333333,0.049916666666666665
overall,all_cells,leave_target_out,noisy_shot,128,0,target_crossfit_learned_mia,0,12000,12000,0.5314498055555555,0.04958333333333337,0.0023333333333333335,0.001,0.013083333333333334,0.01,0.06708333333333333,0.049916666666666665
overall,all_cells,leave_target_out,noisy_shot,128,1,affine_channel_lira,16,12000,12000,0.5084653194444444,0.014083333333333337,0.0019166666666666666,0.0009166666666666666,0.012916666666666667,0.009916666666666667,0.056416666666666664,0.049916666666666665
overall,all_cells,leave_target_out,noisy_shot,128,1,deconvolved_lira,16,12000,12000,0.5090098680555555,0.0192500000000001,0.0005833333333333334,0.00075,0.010333333333333333,0.01,0.049416666666666664,0.05
overall,all_cells,leave_target_out,noisy_shot,128,1,empirical_channel_lira,16,12000,12000,0.5114216388888888,0.017916666666666692,0.0015833333333333333,0.001,0.0125,0.009833333333333333,0.059166666666666666,0.05
overall,all_cells,leave_target_out,noisy_shot,128,1,latent_lira_mismatched,16,12000,12000,0.5142287916666667,0.03916666666666668,0.0004166666666666667,8.333333333333333e-05,0.009916666666666667,0.009916666666666667,0.04733333333333333,0.05
overall,all_cells,leave_target_out,noisy_shot,128,1,loss_mia,0,12000,12000,0.5279747986111112,0.05075000000000007,0.0020833333333333333,0.0009166666666666666,0.010083333333333333,0.01,0.057916666666666665,0.049833333333333334
overall,all_cells,leave_target_out,noisy_shot,128,1,matched_reference_lira_offline,16,12000,12000,0.5014295972222222,0.015249999999999986,0.00016666666666666666,0.0009166666666666666,0.008666666666666666,0.01,0.04666666666666667,0.049916666666666665
overall,all_cells,leave_target_out,noisy_shot,128,1,matched_reference_lira_offline_fixed_variance,16,12000,12000,0.5016248472222222,0.010916666666666686,0.001,0.0006666666666666666,0.00925,0.01,0.04525,0.05
overall,all_cells,leave_target_out,noisy_shot,128,1,matched_reference_lira_online,16,12000,12000,0.5046000173611112,0.014499999999999957,8.333333333333333e-05,0.001,0.010166666666666666,0.01,0.05375,0.049916666666666665
overall,all_cells,leave_target_out,noisy_shot,128,1,matched_reference_lira_online_fixed_variance,16,12000,12000,0.5137938333333333,0.02416666666666667,0.0016666666666666668,0.0009166666666666666,0.013666666666666667,0.01,0.05675,0.05
overall,all_cells,leave_target_out,noisy_shot,128,1,noise_augmented_lira,16,12000,12000,0.5132505486111112,0.02083333333333337,0.001,0.001,0.011833333333333333,0.009916666666666667,0.058,0.05
overall,all_cells,leave_target_out,noisy_shot,128,1,target_crossfit_learned_mia,0,12000,12000,0.5237855208333333,0.033833333333333326,0.0023333333333333335,0.0009166666666666666,0.013916666666666667,0.009916666666666667,0.06258333333333334,0.05
overall,all_cells,leave_target_out,noisy_shot,128,2,affine_channel_lira,16,12000,12000,0.5079236736111111,0.015833333333333366,0.0016666666666666668,0.001,0.011083333333333334,0.009833333333333333,0.05075,0.049833333333333334
overall,all_cells,leave_target_out,noisy_shot,128,2,deconvolved_lira,16,12000,12000,0.5064293055555555,0.02041666666666664,0.0011666666666666668,0.001,0.010416666666666666,0.01,0.044833333333333336,0.04975
overall,all_cells,leave_target_out,noisy_shot,128,2,empirical_channel_lira,16,12000,12000,0.5105834027777778,0.02316666666666667,0.0013333333333333333,0.0008333333333333334,0.010833333333333334,0.01,0.051666666666666666,0.05
overall,all_cells,leave_target_out,noisy_shot,128,2,latent_lira_mismatched,16,12000,12000,0.5134006944444445,0.03991666666666671,0.00075,0.0009166666666666666,0.0105,0.009833333333333333,0.04525,0.05
overall,all_cells,leave_target_out,noisy_shot,128,2,loss_mia,0,12000,12000,0.5324717083333333,0.05908333333333338,0.0015833333333333333,0.001,0.014666666666666666,0.01,0.06,0.049833333333333334
overall,all_cells,leave_target_out,noisy_shot,128,2,matched_reference_lira_offline,16,12000,12000,0.5021772638888888,0.009500000000000008,0.00075,0.0009166666666666666,0.00975,0.01,0.04525,0.05
overall,all_cells,leave_target_out,noisy_shot,128,2,matched_reference_lira_offline_fixed_variance,16,12000,12000,0.49929683680555553,0.00708333333333333,0.00075,0.0009166666666666666,0.009,0.01,0.051916666666666667,0.05
overall,all_cells,leave_target_out,noisy_shot,128,2,matched_reference_lira_online,16,12000,12000,0.51259075,0.023833333333333373,0.0008333333333333334,0.001,0.01075,0.009916666666666667,0.051166666666666666,0.05
overall,all_cells,leave_target_out,noisy_shot,128,2,matched_reference_lira_online_fixed_variance,16,12000,12000,0.5119681284722222,0.02458333333333329,0.003,0.0009166666666666666,0.015166666666666667,0.01,0.05558333333333333,0.049916666666666665
overall,all_cells,leave_target_out,noisy_shot,128,2,noise_augmented_lira,16,12000,12000,0.5091681736111111,0.013833333333333364,0.00125,0.0008333333333333334,0.009,0.01,0.05125,0.05
overall,all_cells,leave_target_out,noisy_shot,128,2,target_crossfit_learned_mia,0,12000,12000,0.5280495763888888,0.04466666666666674,0.0020833333333333333,0.001,0.01275,0.009833333333333333,0.059416666666666666,0.05
overall,all_cells,leave_target_out,noisy_shot,128,3,affine_channel_lira,16,12000,12000,0.5106002430555556,0.023249999999999993,0.0014166666666666668,0.001,0.013666666666666667,0.01,0.05675,0.05
overall,all_cells,leave_target_out,noisy_shot,128,3,deconvolved_lira,16,12000,12000,0.508319,0.019333333333333313,0.00125,0.0008333333333333334,0.012083333333333333,0.01,0.050083333333333334,0.05
overall,all_cells,leave_target_out,noisy_shot,128,3,empirical_channel_lira,16,12000,12000,0.5133126597222223,0.024249999999999994,0.0019166666666666666,0.001,0.013666666666666667,0.01,0.05466666666666667,0.05
overall,all_cells,leave_target_out,noisy_shot,128,3,latent_lira_mismatched,16,12000,12000,0.5112625347222222,0.031000000000000028,0.0011666666666666668,0.0009166666666666666,0.010666666666666666,0.00975,0.04825,0.05
overall,all_cells,leave_target_out,noisy_shot,128,3,loss_mia,0,12000,12000,0.5319851875,0.05025000000000002,0.0014166666666666668,0.0009166666666666666,0.0125,0.009833333333333333,0.06041666666666667,0.05
overall,all_cells,leave_target_out,noisy_shot,128,3,matched_reference_lira_offline,16,12000,12000,0.5043095763888888,0.012166666666666659,0.0008333333333333334,0.0009166666666666666,0.010166666666666666,0.009916666666666667,0.051333333333333335,0.05
overall,all_cells,leave_target_out,noisy_shot,128,3,matched_reference_lira_offline_fixed_variance,16,12000,12000,0.5015898090277777,0.010666666666666658,0.0008333333333333334,0.001,0.011833333333333333,0.00975,0.056666666666666664,0.05
overall,all_cells,leave_target_out,noisy_shot,128,3,matched_reference_lira_online,16,12000,12000,0.51642559375,0.02475000000000005,0.0008333333333333334,0.00075,0.00975,0.01,0.052333333333333336,0.05
overall,all_cells,leave_target_out,noisy_shot,128,3,matched_reference_lira_online_fixed_variance,16,12000,12000,0.5169671527777777,0.027583333333333404,0.0009166666666666666,0.001,0.019166666666666665,0.009666666666666667,0.062,0.04975
overall,all_cells,leave_target_out,noisy_shot,128,3,noise_augmented_lira,16,12000,12000,0.5116266944444444,0.021916666666666668,0.00125,0.001,0.013416666666666667,0.01,0.05333333333333334,0.05
overall,all_cells,leave_target_out,noisy_shot,128,3,target_crossfit_learned_mia,0,12000,12000,0.5292906458333333,0.044916666666666716,0.0015,0.001,0.01575,0.01,0.06475,0.049833333333333334
overall,all_cells,leave_target_out,noisy_shot,128,4,affine_channel_lira,16,12000,12000,0.5143487708333334,0.023833333333333317,0.00225,0.001,0.012166666666666666,0.01,0.059083333333333335,0.05
overall,all_cells,leave_target_out,noisy_shot,128,4,deconvolved_lira,16,12000,12000,0.5131840833333333,0.027666666666666728,0.0005833333333333334,0.00075,0.011,0.009833333333333333,0.05316666666666667,0.049916666666666665
overall,all_cells,leave_target_out,noisy_shot,128,4,empirical_channel_lira,16,12000,12000,0.5176376319444445,0.03233333333333338,0.0019166666666666666,0.001,0.013583333333333333,0.01,0.06175,0.05
overall,all_cells,leave_target_out,noisy_shot,128,4,latent_lira_mismatched,16,12000,12000,0.5177588125,0.04658333333333331,0.001,0.0008333333333333334,0.010833333333333334,0.00975,0.04791666666666667,0.05
overall,all_cells,leave_target_out,noisy_shot,128,4,loss_mia,0,12000,12000,0.5283473611111111,0.05049999999999999,0.0018333333333333333,0.001,0.01325,0.009833333333333333,0.06025,0.05
overall,all_cells,leave_target_out,noisy_shot,128,4,matched_reference_lira_offline,16,12000,12000,0.5032557118055556,0.009916666666666685,0.00075,0.0008333333333333334,0.00975,0.01,0.05,0.05
overall,all_cells,leave_target_out,noisy_shot,128,4,matched_reference_lira_offline_fixed_variance,16,12000,12000,0.5016678333333333,0.008333333333333331,0.0009166666666666666,0.001,0.009166666666666667,0.009916666666666667,0.04933333333333333,0.05
overall,all_cells,leave_target_out,noisy_shot,128,4,matched_reference_lira_online,16,12000,12000,0.5131601736111111,0.027833333333333266,0.0009166666666666666,0.0009166666666666666,0.011666666666666667,0.009833333333333333,0.05425,0.049916666666666665
overall,all_cells,leave_target_out,noisy_shot,128,4,matched_reference_lira_online_fixed_variance,16,12000,12000,0.5140894652777779,0.026083333333333347,0.0016666666666666668,0.0009166666666666666,0.013166666666666667,0.01,0.058,0.05
overall,all_cells,leave_target_out,noisy_shot,128,4,noise_augmented_lira,16,12000,12000,0.5167398472222222,0.029249999999999998,0.0018333333333333333,0.0009166666666666666,0.011916666666666667,0.009916666666666667,0.057166666666666664,0.049916666666666665
overall,all_cells,leave_target_out,noisy_shot,128,4,target_crossfit_learned_mia,0,12000,12000,0.5213298402777777,0.033666666666666734,0.00125,0.0009166666666666666,0.012583333333333334,0.009916666666666667,0.05675,0.049916666666666665
overall,all_cells,leave_target_out,noisy_shot,128,5,affine_channel_lira,16,12000,12000,0.5117712986111111,0.02341666666666664,0.0015833333333333333,0.0009166666666666666,0.009666666666666667,0.009916666666666667,0.05525,0.05
overall,all_cells,leave_target_out,noisy_shot,128,5,deconvolved_lira,16,12000,12000,0.516103611111111,0.029750000000000054,0.0006666666666666666,0.001,0.009583333333333333,0.009666666666666667,0.050583333333333334,0.049916666666666665
overall,all_cells,leave_target_out,noisy_shot,128,5,empirical_channel_lira,16,12000,12000,0.5119588333333334,0.025000000000000022,0.0013333333333333333,0.001,0.010166666666666666,0.01,0.05275,0.05
overall,all_cells,leave_target_out,noisy_shot,128,5,latent_lira_mismatched,16,12000,12000,0.5162188680555555,0.03700000000000003,0.00125,0.001,0.008333333333333333,0.009916666666666667,0.04766666666666667,0.04958333333333333
overall,all_cells,leave_target_out,noisy_shot,128,5,loss_mia,0,12000,12000,0.5330039861111111,0.0515000000000001,0.0016666666666666668,0.001,0.013916666666666667,0.01,0.057416666666666664,0.05
overall,all_cells,leave_target_out,noisy_shot,128,5,matched_reference_lira_offline,16,12000,12000,0.4992521944444444,0.008666666666666711,0.0014166666666666668,0.0009166666666666666,0.008,0.01,0.04533333333333334,0.05
overall,all_cells,leave_target_out,noisy_shot,128,5,matched_reference_lira_offline_fixed_variance,16,12000,12000,0.4971791006944445,0.004666666666666708,0.00075,0.0008333333333333334,0.008333333333333333,0.00975,0.048916666666666664,0.049916666666666665
overall,all_cells,leave_target_out,noisy_shot,128,5,matched_reference_lira_online,16,12000,12000,0.5078127083333333,0.018999999999999906,0.00125,0.0009166666666666666,0.0095,0.01,0.050416666666666665,0.05
overall,all_cells,leave_target_out,noisy_shot,128,5,matched_reference_lira_online_fixed_variance,16,12000,12000,0.5123307777777778,0.028666666666666618,0.0018333333333333333,0.0009166666666666666,0.013833333333333333,0.009916666666666667,0.052583333333333336,0.049916666666666665
overall,all_cells,leave_target_out,noisy_shot,128,5,noise_augmented_lira,16,12000,12000,0.51307325,0.02733333333333332,0.0016666666666666668,0.0008333333333333334,0.009833333333333333,0.01,0.0545,0.05
overall,all_cells,leave_target_out,noisy_shot,128,5,target_crossfit_learned_mia,0,12000,12000,0.5251246111111111,0.040000000000000036,0.0013333333333333333,0.001,0.010916666666666667,0.009833333333333333,0.0605,0.05
overall,all_cells,leave_target_out,noisy_shot,128,6,affine_channel_lira,16,12000,12000,0.5143745833333334,0.0254166666666667,0.0019166666666666666,0.001,0.014,0.009916666666666667,0.061,0.05
overall,all_cells,leave_target_out,noisy_shot,128,6,deconvolved_lira,16,12000,12000,0.5152203888888889,0.027750000000000052,0.0008333333333333334,0.001,0.011166666666666667,0.01,0.05725,0.05
overall,all_cells,leave_target_out,noisy_shot,128,6,empirical_channel_lira,16,12000,12000,0.5141234097222223,0.024916666666666643,0.0013333333333333333,0.0006666666666666666,0.015083333333333334,0.009916666666666667,0.058916666666666666,0.05
overall,all_cells,leave_target_out,noisy_shot,128,6,latent_lira_mismatched,16,12000,12000,0.5219790833333333,0.043333333333333335,0.0009166666666666666,0.0009166666666666666,0.009,0.0095,0.050833333333333335,0.05
overall,all_cells,leave_target_out,noisy_shot,128,6,loss_mia,0,12000,12000,0.5293758888888889,0.04966666666666675,0.00225,0.0009166666666666666,0.015666666666666666,0.01,0.064,0.05
overall,all_cells,leave_target_out,noisy_shot,128,6,matched_reference_lira_offline,16,12000,12000,0.5081465868055555,0.016833333333333367,0.0004166666666666667,0.001,0.00775,0.01,0.051666666666666666,0.049916666666666665
overall,all_cells,leave_target_out,noisy_shot,128,6,matched_reference_lira_offline_fixed_variance,16,12000,12000,0.5041100590277778,0.00966666666666667,0.001,0.00075,0.010166666666666666,0.01,0.05333333333333334,0.05
overall,all_cells,leave_target_out,noisy_shot,128,6,matched_reference_lira_online,16,12000,12000,0.511311829861111,0.022833333333333372,0.00075,0.001,0.009333333333333334,0.009833333333333333,0.05466666666666667,0.049916666666666665
overall,all_cells,leave_target_out,noisy_shot,128,6,matched_reference_lira_online_fixed_variance,16,12000,12000,0.5104841041666667,0.019916666666666694,0.00225,0.001,0.0135,0.01,0.050166666666666665,0.05
overall,all_cells,leave_target_out,noisy_shot,128,6,noise_augmented_lira,16,12000,12000,0.5157342638888889,0.02466666666666667,0.0013333333333333333,0.001,0.013416666666666667,0.01,0.06016666666666667,0.049833333333333334
overall,all_cells,leave_target_out,noisy_shot,128,6,target_crossfit_learned_mia,0,12000,12000,0.5222973888888889,0.03849999999999998,0.00125,0.001,0.01425,0.01,0.061,0.05
overall,all_cells,leave_target_out,noisy_shot,128,7,affine_channel_lira,16,12000,12000,0.5092279583333333,0.01883333333333337,0.002416666666666667,0.001,0.011666666666666667,0.00975,0.057166666666666664,0.05
overall,all_cells,leave_target_out,noisy_shot,128,7,deconvolved_lira,16,12000,12000,0.5091803333333333,0.022083333333333344,0.0011666666666666668,0.001,0.011,0.009916666666666667,0.050083333333333334,0.049916666666666665
overall,all_cells,leave_target_out,noisy_shot,128,7,empirical_channel_lira,16,12000,12000,0.5096526319444444,0.02183333333333337,0.0028333333333333335,0.0006666666666666666,0.012083333333333333,0.01,0.057166666666666664,0.05
overall,all_cells,leave_target_out,noisy_shot,128,7,latent_lira_mismatched,16,12000,12000,0.5155679652777778,0.03433333333333344,0.0009166666666666666,0.0008333333333333334,0.00975,0.01,0.052583333333333336,0.05
overall,all_cells,leave_target_out,noisy_shot,128,7,loss_mia,0,12000,12000,0.530512875,0.05174999999999996,0.0014166666666666668,0.001,0.01375,0.009916666666666667,0.059666666666666666,0.05
overall,all_cells,leave_target_out,noisy_shot,128,7,matched_reference_lira_offline,16,12000,12000,0.5024131875,0.009916666666666685,0.001,0.001,0.011166666666666667,0.01,0.04608333333333333,0.049916666666666665
overall,all_cells,leave_target_out,noisy_shot,128,7,matched_reference_lira_offline_fixed_variance,16,12000,12000,0.501601607638889,0.007250000000000034,0.0015,0.001,0.008,0.009833333333333333,0.04833333333333333,0.049833333333333334
overall,all_cells,leave_target_out,noisy_shot,128,7,matched_reference_lira_online,16,12000,12000,0.5121275173611111,0.021916666666666584,0.0008333333333333334,0.001,0.010833333333333334,0.01,0.052833333333333336,0.05
overall,all_cells,leave_target_out,noisy_shot,128,7,matched_reference_lira_online_fixed_variance,16,12000,12000,0.5151784652777778,0.026583333333333292,0.0016666666666666668,0.0009166666666666666,0.012,0.009833333333333333,0.05525,0.04975
overall,all_cells,leave_target_out,noisy_shot,128,7,noise_augmented_lira,16,12000,12000,0.5113412916666666,0.02233333333333337,0.0025833333333333333,0.0009166666666666666,0.011333333333333334,0.009666666666666667,0.05708333333333333,0.05
overall,all_cells,leave_target_out,noisy_shot,128,7,target_crossfit_learned_mia,0,12000,12000,0.5255575763888889,0.0355833333333333,0.00125,0.0006666666666666666,0.017416666666666667,0.01,0.06433333333333334,0.04975
overall,all_cells,leave_target_out,noisy_shot,128,8,affine_channel_lira,16,12000,12000,0.5111750486111111,0.017500000000000016,0.0014166666666666668,0.00075,0.010666666666666666,0.01,0.058,0.049916666666666665
overall,all_cells,leave_target_out,noisy_shot,128,8,deconvolved_lira,16,12000,12000,0.5123301250000001,0.025249999999999995,0.0013333333333333333,0.001,0.009583333333333333,0.009916666666666667,0.05125,0.05
overall,all_cells,leave_target_out,noisy_shot,128,8,empirical_channel_lira,16,12000,12000,0.5118922222222222,0.02024999999999999,0.00075,0.001,0.012,0.01,0.06025,0.05
overall,all_cells,leave_target_out,noisy_shot,128,8,latent_lira_mismatched,16,12000,12000,0.5168238958333333,0.03975000000000006,0.0008333333333333334,0.0005,0.009166666666666667,0.009916666666666667,0.04975,0.05
overall,all_cells,leave_target_out,noisy_shot,128,8,loss_mia,0,12000,12000,0.5295121875,0.05066666666666675,0.0015833333333333333,0.001,0.016083333333333335,0.01,0.057166666666666664,0.05
overall,all_cells,leave_target_out,noisy_shot,128,8,matched_reference_lira_offline,16,12000,12000,0.5027330416666667,0.01366666666666666,0.0006666666666666666,0.001,0.00775,0.01,0.0465,0.05
overall,all_cells,leave_target_out,noisy_shot,128,8,matched_reference_lira_offline_fixed_variance,16,12000,12000,0.5034179236111112,0.01308333333333328,0.0004166666666666667,0.0009166666666666666,0.007166666666666667,0.009833333333333333,0.05175,0.05
overall,all_cells,leave_target_out,noisy_shot,128,8,matched_reference_lira_online,16,12000,12000,0.5087587708333333,0.018416666666666748,0.0009166666666666666,0.0009166666666666666,0.008166666666666666,0.00975,0.051666666666666666,0.05
overall,all_cells,leave_target_out,noisy_shot,128,8,matched_reference_lira_online_fixed_variance,16,12000,12000,0.5163594583333333,0.026666666666666727,0.00175,0.001,0.01425,0.01,0.06391666666666666,0.04975
overall,all_cells,leave_target_out,noisy_shot,128,8,noise_augmented_lira,16,12000,12000,0.5139470138888889,0.024499999999999966,0.001,0.001,0.010083333333333333,0.009833333333333333,0.056416666666666664,0.049833333333333334
overall,all_cells,leave_target_out,noisy_shot,128,8,target_crossfit_learned_mia,0,12000,12000,0.5241663958333334,0.03308333333333335,0.0020833333333333333,0.001,0.011833333333333333,0.01,0.06258333333333334,0.049916666666666665
overall,all_cells,leave_target_out,noisy_shot,128,9,affine_channel_lira,16,12000,12000,0.5079749583333333,0.013500000000000068,0.0015833333333333333,0.001,0.0115,0.01,0.057166666666666664,0.05
overall,all_cells,leave_target_out,noisy_shot,128,9,deconvolved_lira,16,12000,12000,0.5066675902777777,0.023499999999999965,0.00075,0.001,0.008333333333333333,0.00975,0.05025,0.049916666666666665
overall,all_cells,leave_target_out,noisy_shot,128,9,empirical_channel_lira,16,12000,12000,0.51037825,0.020083333333333342,0.002,0.001,0.012083333333333333,0.009583333333333333,0.05308333333333334,0.049916666666666665
overall,all_cells,leave_target_out,noisy_shot,128,9,latent_lira_mismatched,16,12000,12000,0.517241375,0.042916666666666714,0.00125,0.0008333333333333334,0.00925,0.009833333333333333,0.04516666666666667,0.05
overall,all_cells,leave_target_out,noisy_shot,128,9,loss_mia,0,12000,12000,0.5310225902777778,0.054166666666666696,0.0019166666666666666,0.0008333333333333334,0.0125,0.01,0.056416666666666664,0.05
overall,all_cells,leave_target_out,noisy_shot,128,9,matched_reference_lira_offline,16,12000,12000,0.49523589930555556,0.0033333333333334103,0.0005,0.001,0.007333333333333333,0.009583333333333333,0.04425,0.05
overall,all_cells,leave_target_out,noisy_shot,128,9,matched_reference_lira_offline_fixed_variance,16,12000,12000,0.49430160763888886,0.0005833333333333333,0.0006666666666666666,0.001,0.00825,0.009833333333333333,0.0465,0.04975
overall,all_cells,leave_target_out,noisy_shot,128,9,matched_reference_lira_online,16,12000,12000,0.5056752708333333,0.018000000000000016,0.0005,0.0009166666666666666,0.008666666666666666,0.009833333333333333,0.04616666666666667,0.05
overall,all_cells,leave_target_out,noisy_shot,128,9,matched_reference_lira_online_fixed_variance,16,12000,12000,0.5096003611111111,0.01866666666666661,0.00075,0.0005,0.010166666666666666,0.01,0.05316666666666667,0.05
overall,all_cells,leave_target_out,noisy_shot,128,9,noise_augmented_lira,16,12000,12000,0.51128025,0.017916666666666692,0.0014166666666666668,0.001,0.01225,0.01,0.05333333333333334,0.049916666666666665
overall,all_cells,leave_target_out,noisy_shot,128,9,target_crossfit_learned_mia,0,12000,12000,0.5267864097222222,0.03858333333333336,0.00175,0.001,0.01375,0.009916666666666667,0.06258333333333334,0.049666666666666665
