scheme,heldout_scope,heldout_id,calibration_ids,mode,shots,fold,n_train_public_nonmember_pairs,n_test_heldout_nonmember_pairs,intercept,slope,scale,train_rmse,train_r_squared,train_residual_mean,train_residual_std,train_residual_skew,train_residual_excess_kurtosis,train_coverage_90pct,test_rmse,test_r_squared,test_residual_mean,test_residual_std,test_residual_skew,test_residual_excess_kurtosis,test_coverage_90pct
leave_target_out,target,MNIST_QNN_eff_su2_r1_d2_s43,MNIST_QNN_eff_su2_r1_d2_s44;MNIST_QNN_eff_su2_r1_d2_s45,noisy_shot,128,0,1600,200,-0.3181959361616884,0.8002009046542718,1.616303464580143,1.6152929590330531,0.4301987601373747,-3.1086244689504386e-17,1.6152929590330531,-0.21989368758273034,1.5443859162215707,0.898125,1.4760572131521166,0.2812581406387745,0.09255878070802974,1.4731523236285635,0.17473102236163965,1.0425753892221516,0.92
leave_target_out,target,MNIST_QNN_eff_su2_r1_d2_s43,MNIST_QNN_eff_su2_r1_d2_s44;MNIST_QNN_eff_su2_r1_d2_s45,noisy_shot,128,1,1640,180,-0.33244987475556687,0.8198478660969768,1.6064913122935844,1.605511445589251,0.45195601269377017,7.582010899879118e-17,1.605511445589251,-0.19080023714483152,1.7255190391144506,0.8981707317073171,1.4930904895303652,0.40234084357101063,0.1129077870700857,1.4888153147872176,-0.05165537579097108,-0.029672761208602072,0.9166666666666666
leave_target_out,target,MNIST_QNN_eff_su2_r1_d2_s43,MNIST_QNN_eff_su2_r1_d2_s44;MNIST_QNN_eff_su2_r1_d2_s45,noisy_shot,128,2,1680,160,-0.3264620408389716,0.8102715907497146,1.5846139391619787,1.583670435690917,0.4195438548246706,5.551115123125783e-17,1.583670435690917,-0.15217882418994774,1.4891498535841423,0.8970238095238096,1.4944953714703748,0.4230454207565998,0.06101559037245578,1.4932493137711045,0.08674094654194613,0.44338550538481636,0.9
leave_target_out,target,MNIST_QNN_eff_su2_r1_d2_s43,MNIST_QNN_eff_su2_r1_d2_s44;MNIST_QNN_eff_su2_r1_d2_s45,noisy_shot,128,3,1480,260,-0.3814766687685566,0.812432458717176,1.5415045626184043,1.540462653366133,0.4219716302144356,3.600723323108616e-18,1.540462653366133,-0.2588542588566601,1.7384147332939603,0.9013513513513514,1.5672232418203518,0.3612516894092358,0.09847267525111071,1.564126536419219,-0.15735325654497642,0.3527588758403053,0.8769230769230769
leave_target_out,target,MNIST_QNN_eff_su2_r1_d2_s43,MNIST_QNN_eff_su2_r1_d2_s44;MNIST_QNN_eff_su2_r1_d2_s45,noisy_shot,128,4,1600,200,-0.32878916161178195,0.7875245705597929,1.6595704109285656,1.6585328550841467,0.4034725010756184,-7.105427357601002e-17,1.6585328550841467,-0.21781099164106443,1.2400753498810273,0.8925,1.2783792368331295,0.5344136476802381,0.19134610645259842,1.2639779035693166,-0.42292815672276374,0.7394737453340268,0.965
leave_target_out,target,MNIST_QNN_eff_su2_r1_d2_s44,MNIST_QNN_eff_su2_r1_d2_s43;MNIST_QNN_eff_su2_r1_d2_s45,noisy_shot,128,0,1600,200,-0.3071968667586001,0.821969725317192,1.5397307029147302,1.5387680703086533,0.4224270806271174,-8.881784197001253e-17,1.5387680703086533,-0.24934768094178508,0.7463272035313655,0.89625,1.4990884907450417,0.44192419165007013,-0.21382375238357973,1.483760663314961,-0.6584187315411133,2.115161661388587,0.92
leave_target_out,target,MNIST_QNN_eff_su2_r1_d2_s44,MNIST_QNN_eff_su2_r1_d2_s43;MNIST_QNN_eff_su2_r1_d2_s45,noisy_shot,128,1,1640,180,-0.29039072302854296,0.8260060074048645,1.542025195158355,1.5410846490536756,0.4202056302291184,-2.599546594244269e-17,1.5410846490536756,-0.14301011003506428,0.8697193043089468,0.8975609756097561,1.6203302646505267,0.2774794913731946,-0.06521599844923377,1.6190173069145108,-0.3403386393423159,0.6771731760641515,0.8777777777777778
leave_target_out,target,MNIST_QNN_eff_su2_r1_d2_s44,MNIST_QNN_eff_su2_r1_d2_s43;MNIST_QNN_eff_su2_r1_d2_s45,noisy_shot,128,2,1680,160,-0.28756349095115363,0.83243302187277,1.5263952058725432,1.5254863667292284,0.4002314602620257,4.229421046191073e-18,1.5254863667292284,-0.20205094183300445,0.9278127661646232,0.8976190476190476,1.6909676478744637,0.4551234472433946,-0.03810710344728997,1.6905382086261624,-0.9464745979066521,3.4733627737128785,0.8875
leave_target_out,target,MNIST_QNN_eff_su2_r1_d2_s44,MNIST_QNN_eff_su2_r1_d2_s43;MNIST_QNN_eff_su2_r1_d2_s45,noisy_shot,128,3,1480,260,-0.31480845930454493,0.8452558401118412,1.491001066646892,1.489993292914554,0.41027081904360274,-5.281060873892637e-17,1.489993292914554,-0.12008039481265233,0.7842699482704023,0.8986486486486487,1.7606431227707577,0.4378356624702846,0.12510385362376147,1.7561928230033428,-0.020339090108913965,1.1856492290144525,0.8346153846153846
leave_target_out,target,MNIST_QNN_eff_su2_r1_d2_s44,MNIST_QNN_eff_su2_r1_d2_s43;MNIST_QNN_eff_su2_r1_d2_s45,noisy_shot,128,4,1600,200,-0.31351686135195,0.8050881616966319,1.5923090740034118,1.591313569639768,0.380447223263472,1.2434497875801754e-16,1.591313569639768,-0.09036209520012971,0.6441814392952803,0.888125,1.3562133935464737,0.538995850551,-0.06826551289408442,1.3544942187341187,0.5398460499025601,4.750818722709536,0.94
leave_target_out,target,MNIST_QNN_eff_su2_r1_d2_s45,MNIST_QNN_eff_su2_r1_d2_s43;MNIST_QNN_eff_su2_r1_d2_s44,noisy_shot,128,0,1600,200,-0.29284865709846714,0.8622437091382164,1.5432155072428413,1.5422506959530076,0.44070379394859294,1.1546319456101628e-16,1.5422506959530076,-0.20793841211507508,1.5370672814117627,0.895625,1.600102463530465,0.3544399331233755,-0.049531322093973,1.599335656429846,0.2182430132704455,0.8851114880495654,0.875
leave_target_out,target,MNIST_QNN_eff_su2_r1_d2_s45,MNIST_QNN_eff_su2_r1_d2_s43;MNIST_QNN_eff_su2_r1_d2_s44,noisy_shot,128,1,1640,180,-0.3106418294117877,0.850326961603189,1.5276763880897468,1.5267445939267594,0.44455125415631647,5.199093188488538e-17,1.5267445939267594,-0.2049930821124001,1.840079550660274,0.8987804878048781,1.5704243314134212,0.19059483258837406,-0.20275391415867006,1.5572807810374563,-0.42474271550311676,0.748432371648629,0.8833333333333333
leave_target_out,target,MNIST_QNN_eff_su2_r1_d2_s45,MNIST_QNN_eff_su2_r1_d2_s43;MNIST_QNN_eff_su2_r1_d2_s44,noisy_shot,128,2,1680,160,-0.3155111144090403,0.8628058320545975,1.5202342433411045,1.5193290725294821,0.42587018473318317,-5.075305255429287e-17,1.5193290725294821,-0.14635030730206422,1.3723907720137865,0.8964285714285715,1.7187826351073197,0.4385752747980083,-0.25998963553070203,1.699005337296818,-0.00919323406654442,0.10963255922861048,0.85
leave_target_out,target,MNIST_QNN_eff_su2_r1_d2_s45,MNIST_QNN_eff_su2_r1_d2_s43;MNIST_QNN_eff_su2_r1_d2_s44,noisy_shot,128,3,1480,260,-0.34195842918100794,0.8715263676068692,1.4825290053199385,1.481526957888577,0.4347986208381467,9.601928861622976e-17,1.481526957888577,-0.3141432411261892,1.8658486924255193,0.904054054054054,1.77527038361474,0.4070094073163856,-0.03005095290512282,1.775016021102097,-0.39510162417492517,0.8816554065865119,0.8384615384615385
leave_target_out,target,MNIST_QNN_eff_su2_r1_d2_s45,MNIST_QNN_eff_su2_r1_d2_s43;MNIST_QNN_eff_su2_r1_d2_s44,noisy_shot,128,4,1600,200,-0.3130204471999601,0.8455709602787699,1.5839751352837421,1.5829848412605387,0.3993330003419442,1.5765166949677222e-16,1.5829848412605387,-0.2366265699049505,1.3273575564407967,0.89125,1.3388289632895656,0.5059023251484857,0.07167852563449556,1.3369088158531524,-0.45688110663845094,2.060846045225116,0.955
leave_target_out,target,MNIST_QNN_eff_su2_r5_d2_s43,MNIST_QNN_eff_su2_r5_d2_s44;MNIST_QNN_eff_su2_r5_d2_s45,noisy_shot,128,0,1600,200,-0.42075649415032923,0.8554467598139542,1.7563924186674942,1.7552943301458617,0.5910081905653111,1.2212453270876723e-16,1.7552943301458617,-0.07255389170730667,0.2384148539532056,0.896875,1.7455591774238894,0.4200125449012223,-0.06297640618744042,1.7444227739147642,-0.456175714838803,0.11667655800364729,0.915
leave_target_out,target,MNIST_QNN_eff_su2_r5_d2_s43,MNIST_QNN_eff_su2_r5_d2_s44;MNIST_QNN_eff_su2_r5_d2_s45,noisy_shot,128,1,1640,180,-0.43371816272760033,0.8317821404847184,1.778679024392426,1.7775941331512715,0.5869684617319115,-1.0831444142684454e-16,1.7775941331512715,-0.17252360053965224,0.265582010169926,0.899390243902439,1.8660497274013923,0.3626156290760383,-0.24332807678146998,1.8501170320238236,-0.16067165168621292,0.7160149075115574,0.8944444444444445
leave_target_out,target,MNIST_QNN_eff_su2_r5_d2_s43,MNIST_QNN_eff_su2_r5_d2_s44;MNIST_QNN_eff_su2_r5_d2_s45,noisy_shot,128,2,1680,160,-0.43498360201282393,0.8553665327857176,1.7675861242540727,1.7665336763344768,0.5982669409857491,4.229421046191072e-17,1.7665336763344768,-0.10920168914463152,0.15127591194734125,0.9,1.9383675468142298,0.5015982505662766,0.018147949898222725,1.938282589938089,0.21610038569646223,0.1964567524132681,0.84375
leave_target_out,target,MNIST_QNN_eff_su2_r5_d2_s43,MNIST_QNN_eff_su2_r5_d2_s44;MNIST_QNN_eff_su2_r5_d2_s45,noisy_shot,128,3,1480,260,-0.4148703598802239,0.8334660328835783,1.7973954592232224,1.7961805922650769,0.5480178320539175,1.152231463394757e-16,1.7961805922650769,-0.1334745366404573,0.28984818857139016,0.8993243243243243,2.032642642971344,0.6295019027823827,-0.09071751329686843,2.030617257586166,-0.19135360447059246,0.15519945771633203,0.8615384615384616
leave_target_out,target,MNIST_QNN_eff_su2_r5_d2_s43,MNIST_QNN_eff_su2_r5_d2_s44;MNIST_QNN_eff_su2_r5_d2_s45,noisy_shot,128,4,1600,200,-0.46922183132324913,0.8538111389165702,1.7792528384906516,1.778140457738911,0.5959400211156045,-8.43769498715119e-17,1.778140457738911,-0.18551034748574266,0.3630247472528807,0.898125,1.689243037704209,0.3527258159579154,-0.1060280313692548,1.6859122447494423,-0.15830123513152192,0.32013816361942116,0.895
leave_target_out,target,MNIST_QNN_eff_su2_r5_d2_s44,MNIST_QNN_eff_su2_r5_d2_s43;MNIST_QNN_eff_su2_r5_d2_s45,noisy_shot,128,0,1600,200,-0.46509239047625894,0.8336313111106198,1.8628470731882258,1.8616824297025882,0.5538105879395652,3.1530333899354444e-16,1.8616824297025882,-0.0745724367953609,0.31691127450014855,0.8975,1.7483112979891404,0.5507509388916592,0.03329241507450633,1.7479942819628957,0.01129833492199145,-0.3864140338272217,0.915
leave_target_out,target,MNIST_QNN_eff_su2_r5_d2_s44,MNIST_QNN_eff_su2_r5_d2_s43;MNIST_QNN_eff_su2_r5_d2_s45,noisy_shot,128,1,1640,180,-0.43858635833886395,0.8086748991180633,1.8618171136687243,1.8606815130057879,0.5503806044361063,-2.38291771139058e-17,1.8606815130057879,-0.19591489338918158,0.3383380271270058,0.8951219512195122,1.7242308247887412,0.45478590997885904,0.12962396726158035,1.7193514952629763,-0.13262421892088097,0.4488425895870187,0.9166666666666666
leave_target_out,target,MNIST_QNN_eff_su2_r5_d2_s44,MNIST_QNN_eff_su2_r5_d2_s43;MNIST_QNN_eff_su2_r5_d2_s45,noisy_shot,128,2,1680,160,-0.4697984385473364,0.8182325384946715,1.8307902697500014,1.82970018911168,0.566211312670899,-1.9455336812478934e-16,1.82970018911168,-0.17210105507603712,0.31288945669320345,0.9005952380952381,1.551606480014908,0.6287116177536473,-0.056625960217090876,1.5505728520304185,0.07641134364743352,0.6403519952937033,0.95
leave_target_out,target,MNIST_QNN_eff_su2_r5_d2_s44,MNIST_QNN_eff_su2_r5_d2_s43;MNIST_QNN_eff_su2_r5_d2_s45,noisy_shot,128,3,1480,260,-0.4083407270324274,0.8011314922927046,1.8436304236330283,1.842384306272928,0.4895599652999859,-2.6405304369463184e-16,1.842384306272928,-0.16377475746524076,0.40596129330323416,0.8952702702702703,1.6877382832249577,0.649757088290775,0.17476416685249002,1.6786655410317692,-0.16287623253543906,0.29635830385973394,0.9346153846153846
leave_target_out,target,MNIST_QNN_eff_su2_r5_d2_s44,MNIST_QNN_eff_su2_r5_d2_s43;MNIST_QNN_eff_su2_r5_d2_s45,noisy_shot,128,4,1600,200,-0.5045683619852931,0.8384804476832394,1.8879611963038023,1.886780851583047,0.5662622144530156,-1.176836406102666e-16,1.886780851583047,-0.19384413812610352,0.3739440724029546,0.9,1.74261661416222,0.5706292645521587,0.09536610224356404,1.7400051639282765,0.023732105513169975,-0.20992012286509842,0.93
leave_target_out,target,MNIST_QNN_eff_su2_r5_d2_s45,MNIST_QNN_eff_su2_r5_d2_s43;MNIST_QNN_eff_su2_r5_d2_s44,noisy_shot,128,0,1600,200,-0.4322951022372532,0.8172842999755238,1.7908277606676852,1.789708143327443,0.5581442308287081,-4.529709940470639e-16,1.789708143327443,-0.07969768533558935,0.3820996787086228,0.89875,1.9399719154196284,0.5754176022853577,-0.1559395244887846,1.9336943650223304,-0.5700707978547669,0.5099040351982391,0.875
leave_target_out,target,MNIST_QNN_eff_su2_r5_d2_s45,MNIST_QNN_eff_su2_r5_d2_s43;MNIST_QNN_eff_su2_r5_d2_s44,noisy_shot,128,1,1640,180,-0.39891078292825,0.8052958516047132,1.77657452691345,1.775490919293933,0.5704491601964043,6.498866485610672e-17,1.775490919293933,-0.08651452226421569,0.2234995173480554,0.9,1.8225189436930418,0.6286677197660945,0.1529980631403116,1.8160855962193285,0.22677503665245338,0.05514692533600085,0.8944444444444445
leave_target_out,target,MNIST_QNN_eff_su2_r5_d2_s45,MNIST_QNN_eff_su2_r5_d2_s43;MNIST_QNN_eff_su2_r5_d2_s44,noisy_shot,128,2,1680,160,-0.3912305681250271,0.7935015229644993,1.7825914352126055,1.7815300529004587,0.5461947851502861,3.3835368369528583e-17,1.7815300529004587,-0.1580988714123576,0.24659485073211496,0.9005952380952381,2.0361068713502193,0.3596547996761147,0.05208110259138663,2.0354406771783955,-0.4735281314193334,0.5920534311321637,0.8375
leave_target_out,target,MNIST_QNN_eff_su2_r5_d2_s45,MNIST_QNN_eff_su2_r5_d2_s43;MNIST_QNN_eff_su2_r5_d2_s44,noisy_shot,128,3,1480,260,-0.38049203446838387,0.770147158290847,1.7451720579278915,1.7439924889807374,0.49986311035519115,-1.3442700406272166e-16,1.7439924889807374,-0.0397425934130697,0.25291167630311984,0.893918918918919,1.7673582032495483,0.6760564790421499,-0.07972617942475159,1.7655590488306543,-0.037497559006148186,0.16819719260279875,0.8769230769230769
leave_target_out,target,MNIST_QNN_eff_su2_r5_d2_s45,MNIST_QNN_eff_su2_r5_d2_s43;MNIST_QNN_eff_su2_r5_d2_s44,noisy_shot,128,4,1600,200,-0.403856283791845,0.8059804666435195,1.7971013121689028,1.7959777726329027,0.5582362926023243,7.549516567451065e-17,1.795977772632903,-0.11425293484246786,0.3425802282881616,0.900625,1.7764849133793565,0.4698979054766783,0.16532419710785554,1.7687754400474647,0.1189729724891248,-0.23806712422929133,0.915
leave_target_out,target,MNIST_QNN_z_r1_d6_s43,MNIST_QNN_z_r1_d6_s44;MNIST_QNN_z_r1_d6_s45,noisy_shot,128,0,1600,200,-0.07760721269032711,0.8164891888155782,1.1926013060769285,1.1918556971849927,0.7663632961892315,-1.2434497875801754e-16,1.191855697184993,-0.10970163897352833,0.42090403690899114,0.9,1.0639561348454862,0.8683289185627385,0.06148907165187623,1.0621778339537769,0.21701861041476872,-0.06919381657962864,0.93
leave_target_out,target,MNIST_QNN_z_r1_d6_s43,MNIST_QNN_z_r1_d6_s44;MNIST_QNN_z_r1_d6_s45,noisy_shot,128,1,1640,180,-0.11008466630548597,0.8291147288810203,1.1907443561235136,1.1900180709957886,0.792201028758025,-1.646379509688037e-16,1.1900180709957886,-0.1394193153041248,0.6017603474794013,0.900609756097561,1.0996032026245983,0.7640650753150804,-0.05662887633434792,1.0981440586677973,0.08850608349733162,-0.05240270369877864,0.9166666666666666
leave_target_out,target,MNIST_QNN_z_r1_d6_s43,MNIST_QNN_z_r1_d6_s44;MNIST_QNN_z_r1_d6_s45,noisy_shot,128,2,1680,160,-0.12925898324384621,0.8224133551371863,1.1742447731870593,1.1735456098186214,0.7742500384779519,4.0602442043434295e-16,1.1735456098186214,-0.10829496270343641,0.44995209001419845,0.9011904761904762,1.1179800911867874,0.8311968138624481,0.3119499577000278,1.0735765963269543,-0.22227854563584443,0.19153137004677,0.8875
leave_target_out,target,MNIST_QNN_z_r1_d6_s43,MNIST_QNN_z_r1_d6_s44;MNIST_QNN_z_r1_d6_s45,noisy_shot,128,3,1480,260,-0.14320296411467948,0.8416386145653588,1.1588879727045518,1.1581046755736915,0.7738709139028279,-1.8243664837083654e-16,1.1581046755736915,-0.15528319009118927,0.4915966457883192,0.8959459459459459,1.162729987671939,0.8052749129571359,0.0553991490881558,1.1614094706484428,-0.11857833801922049,0.7188680182550318,0.8884615384615384
leave_target_out,target,MNIST_QNN_z_r1_d6_s43,MNIST_QNN_z_r1_d6_s44;MNIST_QNN_z_r1_d6_s45,noisy_shot,128,4,1600,200,-0.1149647951975461,0.8200609476001876,1.1863528118382252,1.185611109476361,0.7742222492507969,-3.552713678800501e-17,1.185611109476361,-0.11537099154399197,0.38399222451932236,0.9025,0.95844965241352,0.8635329030144653,-0.05178606464573745,0.9570496014941465,0.23185683925252754,0.24958768026932265,0.95
leave_target_out,target,MNIST_QNN_z_r1_d6_s44,MNIST_QNN_z_r1_d6_s43;MNIST_QNN_z_r1_d6_s45,noisy_shot,128,0,1600,200,-0.1593689173979831,0.8248794629285136,1.1956135726891017,1.194866080541832,0.7792555083781371,-1.7763568394002505e-17,1.194866080541832,-0.13150570519006394,0.33027162617390715,0.898125,1.02962162541031,0.8097891729669905,0.025968623614095857,1.0292940892185083,0.15473125610427746,-0.1948658825292373,0.95
leave_target_out,target,MNIST_QNN_z_r1_d6_s44,MNIST_QNN_z_r1_d6_s43;MNIST_QNN_z_r1_d6_s45,noisy_shot,128,1,1640,180,-0.1719784573459533,0.8412612786155247,1.1901227120124362,1.1893968060516331,0.8079936065289524,-1.213121743980659e-16,1.1893968060516331,-0.16675956776074438,0.5599427188218842,0.8969512195121951,1.0466138203721287,0.6748630231722865,0.1267660866743921,1.0389084888782087,0.162240813068155,-0.18900663106263238,0.9388888888888889
leave_target_out,target,MNIST_QNN_z_r1_d6_s44,MNIST_QNN_z_r1_d6_s43;MNIST_QNN_z_r1_d6_s45,noisy_shot,128,2,1680,160,-0.19953205559775267,0.8380773025148684,1.184531290997631,1.1838260028785397,0.7923634420028773,-2.283887364943179e-16,1.1838260028785397,-0.11115706536669048,0.40597693218037634,0.9,1.1887632231249645,0.7852339698397842,0.45234121208272204,1.0993386323176257,-0.06891618379209766,0.46898974646178626,0.8875
leave_target_out,target,MNIST_QNN_z_r1_d6_s44,MNIST_QNN_z_r1_d6_s43;MNIST_QNN_z_r1_d6_s45,noisy_shot,128,3,1480,260,-0.20046768921065916,0.8556879595817231,1.1528291028398148,1.1520499009239302,0.8041629824270182,1.248250752010987e-16,1.1520499009239302,-0.12810808923617042,0.3744185598066845,0.8905405405405405,1.1091234152783234,0.8228158997446453,0.2431094447751504,1.0821518138319457,0.38567560357508573,-0.13366927451567445,0.926923076923077
leave_target_out,target,MNIST_QNN_z_r1_d6_s44,MNIST_QNN_z_r1_d6_s43;MNIST_QNN_z_r1_d6_s45,noisy_shot,128,4,1600,200,-0.18893241270371486,0.8382000817681354,1.1979015416903913,1.1971526191153474,0.7926763492827575,4.4408920985006264e-17,1.1971526191153474,-0.17950393025275202,0.38900777480798254,0.8975,1.0165295334736493,0.8287305163275521,0.11397769507440884,1.010119486719111,-0.26528862730129793,1.812301881810023,0.94
leave_target_out,target,MNIST_QNN_z_r1_d6_s45,MNIST_QNN_z_r1_d6_s43;MNIST_QNN_z_r1_d6_s44,noisy_shot,128,0,1600,200,-0.06301659657767589,0.8620254442059364,1.0757984385161208,1.0751258542437399,0.8184495097345308,-3.108624468950438e-16,1.07512585424374,0.03311003157574364,0.42041148515126103,0.895,1.2411632781838615,0.8081761641052987,-0.2517334645008054,1.2153668359645704,-0.3373087491183324,0.7831000334317766,0.85
leave_target_out,target,MNIST_QNN_z_r1_d6_s45,MNIST_QNN_z_r1_d6_s43;MNIST_QNN_z_r1_d6_s44,noisy_shot,128,1,1640,180,-0.10537549968115756,0.8802743341089896,1.0632801786038661,1.0626316392458137,0.8375009494533086,-3.292759019376074e-16,1.062631639245814,0.04178405053528325,0.4056900116996105,0.9030487804878049,1.2462091483065805,0.5709785339029303,-0.2936407937767023,1.2111202770795313,-0.10514949575402562,-0.48906215181538704,0.8277777777777777
leave_target_out,target,MNIST_QNN_z_r1_d6_s45,MNIST_QNN_z_r1_d6_s43;MNIST_QNN_z_r1_d6_s44,noisy_shot,128,2,1680,160,-0.11867658689195482,0.8578711603849807,1.0606320707034085,1.060000554082548,0.8238176047348469,-3.0451831532575723e-16,1.060000554082548,0.10168344538361929,0.3562152798562561,0.8964285714285715,1.280919753324614,0.7662831910604622,-0.2479083958605174,1.2567007765252056,-0.27897164162599425,0.6018439204232302,0.825
leave_target_out,target,MNIST_QNN_z_r1_d6_s45,MNIST_QNN_z_r1_d6_s43;MNIST_QNN_z_r1_d6_s44,noisy_shot,128,3,1480,260,-0.12473324936418151,0.8800282063779465,1.0448347532671824,1.0441285451748272,0.8273940058654979,6.721350203136083e-17,1.0441285451748272,0.02647289745713617,0.23370834014960584,0.8966216216216216,1.4190021931209753,0.713604475368389,-0.31875899721851886,1.3827363905583674,-0.12375165855944466,0.19926651503026038,0.8115384615384615
leave_target_out,target,MNIST_QNN_z_r1_d6_s45,MNIST_QNN_z_r1_d6_s43;MNIST_QNN_z_r1_d6_s44,noisy_shot,128,4,1600,200,-0.05722814387952968,0.860733579159165,1.0883694749348656,1.0876890313079068,0.818012291933373,2.1760371282653068e-16,1.0876890313079068,0.07265564483045518,0.16936768787570333,0.895625,1.2966162125521365,0.7415162690654147,-0.0953207908970412,1.2931077099282218,-0.08285413711937667,0.273522735232532,0.82
leave_target_out,target,MNIST_QNN_zz_r1_d6_s43,MNIST_QNN_zz_r1_d6_s44;MNIST_QNN_zz_r1_d6_s45,noisy_shot,128,0,1600,200,-0.2529473111687368,0.7309928127583462,1.2661866726699968,1.2653950585428089,0.7255985328899055,1.0658141036401502e-16,1.2653950585428089,-0.15856044785117734,0.19405380434304575,0.898125,1.482218308962392,0.7794915276360419,0.07075498562626178,1.4805285702857476,0.0877111200974457,-0.009193043183520988,0.825
leave_target_out,target,MNIST_QNN_zz_r1_d6_s43,MNIST_QNN_zz_r1_d6_s44;MNIST_QNN_zz_r1_d6_s45,noisy_shot,128,1,1640,180,-0.22197626613171173,0.7295440885046215,1.245031066873621,1.244271669994874,0.7696736928340857,-4.332577657073782e-17,1.244271669994874,-0.2023553406833481,0.222344080981967,0.901219512195122,1.3437742948547244,0.6858809592944142,0.07900042194912266,1.341450069456248,0.27689856657150513,0.034345607760011276,0.9
leave_target_out,target,MNIST_QNN_zz_r1_d6_s43,MNIST_QNN_zz_r1_d6_s44;MNIST_QNN_zz_r1_d6_s45,noisy_shot,128,2,1680,160,-0.23874583619387701,0.7318878853519339,1.2604879243462401,1.2597374104813421,0.7624858311610068,-6.767073673905717e-17,1.2597374104813421,-0.1570666175493715,0.20149920524890952,0.9011904761904762,1.4559196762694222,0.7120640797252815,-0.23532945669569222,1.4367749129768965,-0.0795060026107763,0.053186987810615705,0.85
leave_target_out,target,MNIST_QNN_zz_r1_d6_s43,MNIST_QNN_zz_r1_d6_s44;MNIST_QNN_zz_r1_d6_s45,noisy_shot,128,3,1480,260,-0.27169906735372584,0.7468523139268578,1.244366473391255,1.243525400991417,0.7803475264875006,2.880578658486893e-16,1.243525400991417,-0.16955283136717622,0.29487549643988453,0.902027027027027,1.4167091650940806,0.779525068797586,0.10981514658790632,1.4124466333428118,-0.1198489990113619,0.044682308655301206,0.8576923076923076
leave_target_out,target,MNIST_QNN_zz_r1_d6_s43,MNIST_QNN_zz_r1_d6_s44;MNIST_QNN_zz_r1_d6_s45,noisy_shot,128,4,1600,200,-0.29267115681226885,0.7350383252224167,1.271476929794183,1.2706820082223929,0.7569836087916012,1.2434497875801754e-16,1.2706820082223929,-0.1535261957955268,0.2239344664233176,0.901875,1.359331923422204,0.7563143465288538,0.07848690500094935,1.3570641413647628,-0.44007101992622116,0.2842066701736887,0.895
leave_target_out,target,MNIST_QNN_zz_r1_d6_s44,MNIST_QNN_zz_r1_d6_s43;MNIST_QNN_zz_r1_d6_s45,noisy_shot,128,0,1600,200,-0.30075752034142567,0.7433076426134861,1.3755906618317426,1.3747306488299964,0.7330890644930406,1.0658141036401502e-16,1.3747306488299964,-0.08856352372342241,0.09557973906221484,0.9075,1.1714223218757458,0.8432704646067962,0.1787013115434634,1.1577115778299052,-0.21848663160559087,0.5018438927667042,0.935
leave_target_out,target,MNIST_QNN_zz_r1_d6_s44,MNIST_QNN_zz_r1_d6_s43;MNIST_QNN_zz_r1_d6_s45,noisy_shot,128,1,1640,180,-0.28127586754152456,0.7341336212229715,1.3710346640416768,1.3701984122627218,0.7659646257589848,-3.6393652319419763e-16,1.3701984122627218,-0.1182599205491748,0.12875787546067397,0.9036585365853659,1.1345149446556426,0.7597713270463287,-0.029397142754630068,1.1341340166156997,-0.14460033859277313,0.49024779492780546,0.9555555555555556
leave_target_out,target,MNIST_QNN_zz_r1_d6_s44,MNIST_QNN_zz_r1_d6_s43;MNIST_QNN_zz_r1_d6_s45,noisy_shot,128,2,1680,160,-0.24958626047672405,0.7288890354319667,1.3791650211702164,1.378343845139587,0.7559363587714905,5.921189464667501e-17,1.378343845139587,-0.05890928749393501,0.1005722186092628,0.9047619047619048,1.1991344874247711,0.71584105736426,-0.05120541201045237,1.1980407024439148,-0.41473688304414197,0.38479571009384106,0.9375
leave_target_out,target,MNIST_QNN_zz_r1_d6_s44,MNIST_QNN_zz_r1_d6_s43;MNIST_QNN_zz_r1_d6_s45,noisy_shot,128,3,1480,260,-0.27347242841271036,0.7291067394842663,1.3747831334116705,1.3738539118567663,0.7617718032149585,-1.2722555741650443e-16,1.3738539118567663,-0.044859739906111105,0.15329203170399897,0.9054054054054054,1.2403685650316933,0.7219848983648547,0.1619434799720158,1.229751392116852,-0.2079603730293197,0.11452082439014388,0.9346153846153846
leave_target_out,target,MNIST_QNN_zz_r1_d6_s44,MNIST_QNN_zz_r1_d6_s43;MNIST_QNN_zz_r1_d6_s45,noisy_shot,128,4,1600,200,-0.3154078356876222,0.7410993223501067,1.3886555718773153,1.3877873907534544,0.7494041743415749,1.0658141036401502e-16,1.3877873907534544,-0.008347128003685764,0.09481577818944231,0.9025,1.0966477174490228,0.7422824771251206,0.2792243861753908,1.0605045772419506,-0.17283041798077686,-0.11465194060963357,0.96
leave_target_out,target,MNIST_QNN_zz_r1_d6_s45,MNIST_QNN_zz_r1_d6_s43;MNIST_QNN_zz_r1_d6_s44,noisy_shot,128,0,1600,200,-0.21498450666576585,0.7407317299109554,1.2880569503209693,1.287251662996039,0.7435105863828095,7.771561172376095e-17,1.287251662996039,-0.17545277594797773,0.2701753628146992,0.908125,1.283405711355821,0.8397025989595159,-0.15799247654776805,1.2736438267015797,-0.16078497780213222,0.24122847277737813,0.905
leave_target_out,target,MNIST_QNN_zz_r1_d6_s45,MNIST_QNN_zz_r1_d6_s43;MNIST_QNN_zz_r1_d6_s44,noisy_shot,128,1,1640,180,-0.15801327946580757,0.7209154969957668,1.3071429486305937,1.3063456670994917,0.7675838819693386,-2.38291771139058e-16,1.3063456670994917,-0.19142004777482932,0.28957124853194927,0.9042682926829269,1.4813669605883755,0.6613505033399576,-0.23169465030114247,1.4631355579523972,0.12184150821617909,-0.026211105111745958,0.8611111111111112
leave_target_out,target,MNIST_QNN_zz_r1_d6_s45,MNIST_QNN_zz_r1_d6_s43;MNIST_QNN_zz_r1_d6_s44,noisy_shot,128,2,1680,160,-0.13560821587015126,0.7244740357420476,1.2872548283009217,1.2864883770104043,0.7699181286698104,-1.3322676295501878e-16,1.2864883770104043,-0.11236293632064852,0.2835296700603567,0.9089285714285714,1.298249806375233,0.7563149551265318,-0.1583070060559056,1.2885617763952746,-0.054712735169184665,0.3245436667547765,0.90625
leave_target_out,target,MNIST_QNN_zz_r1_d6_s45,MNIST_QNN_zz_r1_d6_s43;MNIST_QNN_zz_r1_d6_s44,noisy_shot,128,3,1480,260,-0.1704144179247402,0.710036177781611,1.2824278142545904,1.2815610160384554,0.7629310972489516,-1.1042218190866422e-16,1.2815610160384554,-0.1195125562701872,0.35011502135409467,0.9060810810810811,1.3452250953351421,0.6321364029099534,-0.20263642177140312,1.3298755722589704,-0.13351440408947365,-0.07827700163517459,0.8884615384615384
leave_target_out,target,MNIST_QNN_zz_r1_d6_s45,MNIST_QNN_zz_r1_d6_s43;MNIST_QNN_zz_r1_d6_s44,noisy_shot,128,4,1600,200,-0.20434042600113433,0.7314558912529474,1.3144709713826597,1.3136491701323505,0.7623191981470553,3.552713678800501e-17,1.3136491701323505,-0.08031166495457452,0.2577713312292098,0.905625,1.3036672276633903,0.7857032624077469,0.022629561145378726,1.3034708065184726,-0.14043684668024847,0.15898175741381237,0.9
leave_target_out,target,MNIST_QNN_zz_r5_d6_s43,MNIST_QNN_zz_r5_d6_s44;MNIST_QNN_zz_r5_d6_s45,noisy_shot,128,0,1600,200,-0.37295237192448427,0.537106244043037,1.4697720986228706,1.4688532038168125,0.5191750930044448,8.881784197001253e-18,1.4688532038168125,-0.12665029973514078,0.18832293739507344,0.903125,1.429626325734199,0.5320222766045011,-0.08356358466814245,1.4271820341321833,-0.09201124955604825,0.7386264446502366,0.915
leave_target_out,target,MNIST_QNN_zz_r5_d6_s43,MNIST_QNN_zz_r5_d6_s44;MNIST_QNN_zz_r5_d6_s45,noisy_shot,128,1,1640,180,-0.3675177559049968,0.5451309683851977,1.4781390200706486,1.477237440834546,0.5494869512823193,-1.9496599456832016e-17,1.477237440834546,-0.14473881200566258,0.2559296417923762,0.900609756097561,1.4539877794292582,0.4575669609048293,-0.28020241190215145,1.4267330062397248,0.12879302073656476,0.04004428474404431,0.9333333333333333
leave_target_out,target,MNIST_QNN_zz_r5_d6_s43,MNIST_QNN_zz_r5_d6_s44;MNIST_QNN_zz_r5_d6_s45,noisy_shot,128,2,1680,160,-0.48426686199846025,0.5287974966685163,1.471430997004304,1.4705548843949225,0.5352555732708233,1.4802973661668754e-17,1.4705548843949225,-0.18447182665850298,0.2625375906555365,0.905952380952381,1.4041823621372767,0.3164565228984524,0.34256926796930903,1.3617541638564554,-0.04734294117341901,-0.3181228353225656,0.90625
leave_target_out,target,MNIST_QNN_zz_r5_d6_s43,MNIST_QNN_zz_r5_d6_s44;MNIST_QNN_zz_r5_d6_s45,noisy_shot,128,3,1480,260,-0.4527930457299686,0.5552250681016139,1.4913320821312663,1.4903240846642059,0.5430922731654432,3.600723323108616e-17,1.4903240846642059,-0.14009069373794572,0.29131535127785124,0.8952702702702703,1.4807090075417018,0.5754356877400686,0.04916671893741695,1.4798924956780004,0.1375843000516527,-0.22158474346102697,0.9038461538461539
leave_target_out,target,MNIST_QNN_zz_r5_d6_s43,MNIST_QNN_zz_r5_d6_s44;MNIST_QNN_zz_r5_d6_s45,noisy_shot,128,4,1600,200,-0.40260065485411095,0.5295710042442061,1.4766115205378034,1.4756883497563882,0.5327418626406379,-2.6645352591003756e-17,1.4756883497563882,-0.12761330928928022,0.20478764756723322,0.903125,1.6039092075849375,0.5614176189848346,-0.09330601689257936,1.6011929094857322,-0.10210662120449517,-0.31042634204629405,0.87
leave_target_out,target,MNIST_QNN_zz_r5_d6_s44,MNIST_QNN_zz_r5_d6_s43;MNIST_QNN_zz_r5_d6_s45,noisy_shot,128,0,1600,200,-0.42205337142114385,0.5622990132784623,1.5368712608287762,1.535910415932837,0.5355032561175428,5.329070518200751e-17,1.535910415932837,-0.01624592536748756,-0.03852659185126628,0.905625,1.4236610409934458,0.5640248968714651,-0.21262617051413224,1.4076934578433749,-0.09909459556113884,0.09676963099358371,0.905
leave_target_out,target,MNIST_QNN_zz_r5_d6_s44,MNIST_QNN_zz_r5_d6_s43;MNIST_QNN_zz_r5_d6_s45,noisy_shot,128,1,1640,180,-0.3603695915672509,0.558104740586482,1.5233422575970412,1.5224131070027613,0.5515021248593006,-4.5492065399274704e-17,1.5224131070027613,-0.061075954607469236,0.143425376359136,0.9048780487804878,1.2593099785464148,0.46263199685034706,-0.02530349843277183,1.2590557394466833,0.06854886055033392,0.061462485964220104,0.9555555555555556
leave_target_out,target,MNIST_QNN_zz_r5_d6_s44,MNIST_QNN_zz_r5_d6_s43;MNIST_QNN_zz_r5_d6_s45,noisy_shot,128,2,1680,160,-0.49153607011551176,0.5600384911904428,1.5322443682479545,1.5313320464235476,0.5488726722006227,6.449867095441386e-17,1.5313320464235476,-0.07750464131612804,0.15588379402503882,0.9053571428571429,1.3778641534550555,0.5383811257586744,0.4423540397576808,1.3049262541946487,-0.2261856290381507,0.32039695608613306,0.94375
leave_target_out,target,MNIST_QNN_zz_r5_d6_s44,MNIST_QNN_zz_r5_d6_s43;MNIST_QNN_zz_r5_d6_s45,noisy_shot,128,3,1480,260,-0.4484960811909705,0.5621179876701538,1.5308002316317895,1.5297655574807076,0.5237867137876593,7.921591310838955e-17,1.5297655574807076,-0.09191937439585378,0.15042047536823722,0.9027027027027027,1.297901654530464,0.3575321435641692,0.19443327942453084,1.2832553933980322,-0.2917773465189424,-0.45383723643621865,0.9615384615384616
leave_target_out,target,MNIST_QNN_zz_r5_d6_s44,MNIST_QNN_zz_r5_d6_s43;MNIST_QNN_zz_r5_d6_s45,noisy_shot,128,4,1600,200,-0.44013679527719674,0.5534970243715065,1.5279421027530387,1.5269868403259639,0.5365201261446915,-4.773959005888173e-17,1.5269868403259639,-0.028903464424719572,0.15750361319736506,0.905625,1.4639566093267602,0.5935891576662535,-0.1980532026108041,1.4504978052127855,-0.20070901134984162,0.5130611728447598,0.905
leave_target_out,target,MNIST_QNN_zz_r5_d6_s45,MNIST_QNN_zz_r5_d6_s43;MNIST_QNN_zz_r5_d6_s44,noisy_shot,128,0,1600,200,-0.3860944124194283,0.5810227396890566,1.4136553520768225,1.412771541204513,0.5328063497430696,-7.105427357601002e-17,1.412771541204513,-0.08427875884969643,-0.05222036407867847,0.905625,1.6017665630177131,0.5470117675649937,-0.11231196331349222,1.597824190985431,-0.33808889583921625,0.7020500293613852,0.855
leave_target_out,target,MNIST_QNN_zz_r5_d6_s45,MNIST_QNN_zz_r5_d6_s43;MNIST_QNN_zz_r5_d6_s44,noisy_shot,128,1,1640,180,-0.3932673665044749,0.6022021004429912,1.4249742651946413,1.4241051133814249,0.5583150610745308,-4.386734877787204e-17,1.4241051133814249,-0.11262706194959143,0.05622489457759006,0.9036585365853659,1.6830198247998642,0.3966313021725144,-0.4653793336574332,1.6173984686755236,-0.08178548588890988,-0.15341099516761192,0.8222222222222222
leave_target_out,target,MNIST_QNN_zz_r5_d6_s45,MNIST_QNN_zz_r5_d6_s43;MNIST_QNN_zz_r5_d6_s44,noisy_shot,128,2,1680,160,-0.47095895251443937,0.5872012685968385,1.421468514331738,1.420622150151712,0.5500695017806422,6.767073673905717e-17,1.420622150151712,-0.05607851059351701,0.06631371725600888,0.9017857142857143,1.6388755287247587,0.4975546710834803,0.37667314025596,1.5950016752538445,0.16780941450786152,-0.3067934912658403,0.8125
leave_target_out,target,MNIST_QNN_zz_r5_d6_s45,MNIST_QNN_zz_r5_d6_s43;MNIST_QNN_zz_r5_d6_s44,noisy_shot,128,3,1480,260,-0.43777679324294816,0.5981081928942384,1.4222590656309213,1.421297754898833,0.5506715259320107,5.0410126523520624e-17,1.421297754898833,-0.08249363594518962,0.15341593529983255,0.902027027027027,1.6020086128456446,0.5276449123447223,0.03155212170314417,1.6016978676540894,-0.016641466438419652,0.15565706544051494,0.8807692307692307
leave_target_out,target,MNIST_QNN_zz_r5_d6_s45,MNIST_QNN_zz_r5_d6_s43;MNIST_QNN_zz_r5_d6_s44,noisy_shot,128,4,1600,200,-0.3809412532516338,0.5735475702729291,1.3864492371193529,1.38558243538591,0.5281983478273586,-2.6645352591003756e-17,1.38558243538591,-0.05806513389815095,0.0036845623552119733,0.901875,1.4934302065094924,0.5023870820285576,0.05915471289944719,1.4922581886713737,-0.2017548257178629,0.26285763725343925,0.87
leave_cell_out,cell,eff_su2_r1_d2,eff_su2_r5_d2;z_r1_d6;zz_r1_d6;zz_r5_d6,noisy_shot,128,0,9600,600,-0.23491852678139635,0.746033003232329,1.4999869586824808,1.4998307019021535,0.662628117264332,1.273055734903513e-16,1.4998307019021535,-0.13613139048528478,0.589939878656593,0.9029166666666667,1.5305076645366988,0.3672615025913868,-0.04635765824569283,1.5298054381938755,0.02548275818464193,1.3289462083924386,0.8866666666666667
leave_cell_out,cell,eff_su2_r1_d2,eff_su2_r5_d2;z_r1_d6;zz_r1_d6;zz_r5_d6,noisy_shot,128,1,9840,540,-0.2211416440163474,0.7441808406647884,1.5002612653075755,1.500108791983811,0.6874710462817778,1.6752633607351957e-16,1.500108791983811,-0.2006025551057041,0.6612247758609469,0.9032520325203252,1.5608146047311664,0.30118718098538044,-0.09106468150005896,1.558155786218246,-0.2360980838947111,0.46617041839981965,0.8870370370370371
leave_cell_out,cell,eff_su2_r1_d2,eff_su2_r5_d2;z_r1_d6;zz_r1_d6;zz_r5_d6,noisy_shot,128,2,10080,480,-0.24657549490454533,0.7409528407955699,1.496238649568357,1.496090205830746,0.6802030642665556,-1.1278456123176193e-16,1.496090205830746,-0.17265253776046205,0.5925530153246497,0.9032738095238095,1.6369841499765851,0.44195239962641164,-0.0542894453503425,1.6360836663808225,-0.25389260797241603,1.4623583048738436,0.8708333333333333
leave_cell_out,cell,eff_su2_r1_d2,eff_su2_r5_d2;z_r1_d6;zz_r1_d6;zz_r5_d6,noisy_shot,128,3,8880,780,-0.23507011931452082,0.7420884534660998,1.487176074158832,1.4870085899447574,0.6748098208496427,-3.8407715446491904e-17,1.4870085899447574,-0.17273053116222153,0.6645434646045296,0.9023648648648649,1.7017777164324681,0.4090430200401167,0.056612692621825486,1.7008357943023815,-0.10606871472821575,0.9019686273153837,0.8423076923076923
leave_cell_out,cell,eff_su2_r1_d2,eff_su2_r5_d2;z_r1_d6;zz_r1_d6;zz_r5_d6,noisy_shot,128,4,9600,600,-0.23786215960936774,0.7435891192841665,1.510800147377014,1.510642764164193,0.6757448631982331,1.0658141036401502e-16,1.510642764164193,-0.18003611282016205,0.6653149406528232,0.9047916666666667,1.339085039975833,0.5192463370506647,0.017789783767786845,1.3389668658635934,-0.003948681120896254,2.3405141240433753,0.9383333333333334
leave_cell_out,cell,eff_su2_r5_d2,eff_su2_r1_d2;z_r1_d6;zz_r1_d6;zz_r5_d6,noisy_shot,128,0,9600,600,-0.2068896898126661,0.7354338398879171,1.4283400603535237,1.428191267180522,0.6546543711028312,1.3026616822268503e-16,1.428191267180522,-0.16016477407260288,0.7183007866083231,0.9013541666666667,1.8093753956084342,0.5308606726288161,-0.1321157471413086,1.804545580358244,-0.36627227093779247,0.22556595440992178,0.8133333333333334
leave_cell_out,cell,eff_su2_r5_d2,eff_su2_r1_d2;z_r1_d6;zz_r1_d6;zz_r5_d6,noisy_shot,128,1,9840,540,-0.19321711235237304,0.7382694586856567,1.4272264187920756,1.427081368085995,0.6829859304304614,9.242832335090734e-17,1.427081368085995,-0.16309370987476643,0.8817092641131543,0.9009146341463414,1.8203772871881065,0.5018199487470368,-0.08151265065971047,1.818551389291146,0.0009682601159169137,0.40930677422168404,0.8222222222222222
leave_cell_out,cell,eff_su2_r5_d2,eff_su2_r1_d2;z_r1_d6;zz_r1_d6;zz_r5_d6,noisy_shot,128,2,10080,480,-0.21898350423983648,0.7322805934943,1.4220525791942054,1.4219114955509002,0.6718901282866254,-1.0150610510858574e-16,1.4219114955509002,-0.1419209297738031,0.7459818070211499,0.9013888888888889,1.8691913819436687,0.49869046236191905,-0.06797235920431452,1.8679550799515179,-0.03662480061983545,0.6604633259386814,0.80625
leave_cell_out,cell,eff_su2_r5_d2,eff_su2_r1_d2;z_r1_d6;zz_r1_d6;zz_r5_d6,noisy_shot,128,3,8880,780,-0.22453997751304844,0.7407532400261317,1.404109220854617,1.4039510915426843,0.6793109919662685,2.304462926789514e-16,1.4039510915426843,-0.1713171139836826,0.8305993856085756,0.9004504504504505,1.8580166704279217,0.6422031601273865,-0.08624595153390274,1.8560138963467037,-0.12474164141452997,0.34046853007026723,0.8
leave_cell_out,cell,eff_su2_r5_d2,eff_su2_r1_d2;z_r1_d6;zz_r1_d6;zz_r5_d6,noisy_shot,128,4,9600,600,-0.20950274611370712,0.7316919769672716,1.4455926099192027,1.4454420195120106,0.6623970476339485,-2.3684757858670008e-17,1.4454420195120106,-0.15344790671815606,0.7105926154891935,0.9016666666666666,1.7325923338440996,0.4835925000391412,-0.08783651547581411,1.730364395682138,0.047486167608519425,-0.0980959769847467,0.8283333333333334
leave_cell_out,cell,z_r1_d6,eff_su2_r1_d2;eff_su2_r5_d2;zz_r1_d6;zz_r5_d6,noisy_shot,128,0,9600,600,-0.28718899233506057,0.722129540363653,1.5767344822532638,1.5765702305228062,0.5872429098689265,7.697546304067752e-17,1.5765702305228062,-0.08013177591960724,0.6658074679268959,0.9004166666666666,1.2331638307622204,0.7967744719763123,0.3393624244942031,1.18554889327331,-0.06515340846650339,0.48383971513036306,0.96
leave_cell_out,cell,z_r1_d6,eff_su2_r1_d2;eff_su2_r5_d2;zz_r1_d6;zz_r5_d6,noisy_shot,128,1,9840,540,-0.2701322236507003,0.7155849879304643,1.572978219695566,1.5728183560618691,0.6094612325266882,4.332577657073782e-17,1.5728183560618691,-0.11791466712986694,0.7517611967560129,0.9010162601626016,1.1635809281339549,0.6648408820719123,0.268211118664794,1.1322470455433549,-0.0456805923534596,-0.2451460432620194,0.9777777777777777
leave_cell_out,cell,z_r1_d6,eff_su2_r1_d2;eff_su2_r5_d2;zz_r1_d6;zz_r5_d6,noisy_shot,128,2,10080,480,-0.2897964234188821,0.7165140153951937,1.5708966286030022,1.5707407779524272,0.6056921881290496,7.330996480064526e-17,1.5707407779524272,-0.09754706579613798,0.6296824823188145,0.9003968253968254,1.3609897497182584,0.7375388413410127,0.5770862771869734,1.2325844910271457,-0.07096822263289286,0.28031154951447323,0.93125
leave_cell_out,cell,z_r1_d6,eff_su2_r1_d2;eff_su2_r5_d2;zz_r1_d6;zz_r5_d6,noisy_shot,128,3,8880,780,-0.2896976984106564,0.7140445737896256,1.5535228552774771,1.5533478991583032,0.60066528587358,5.601125169280069e-17,1.5533478991583032,-0.10443836079723103,0.7221243810465823,0.9006756756756756,1.3208081356875807,0.7520674297627898,0.43750250715439815,1.2462446339030384,-0.06590639162742756,0.39952801056201803,0.9474358974358974
leave_cell_out,cell,z_r1_d6,eff_su2_r1_d2;eff_su2_r5_d2;zz_r1_d6;zz_r5_d6,noisy_shot,128,4,9600,600,-0.2892897138017584,0.7168196680025252,1.5956107184401962,1.5954445003327145,0.5963069405808503,4.7369515717340015e-17,1.5954445003327145,-0.10615722087493348,0.6887198940274204,0.9015625,1.2127647183032162,0.7714273621121325,0.3604934058128106,1.1579476526711214,0.04470925586717728,0.5920473473920658,0.94
leave_cell_out,cell,zz_r1_d6,eff_su2_r1_d2;eff_su2_r5_d2;z_r1_d6;zz_r5_d6,noisy_shot,128,0,9600,600,-0.24189514448054372,0.7584057232133642,1.561140990525796,1.560978363202002,0.6008142307498059,-1.5987211554602254e-16,1.560978363202002,-0.14999049935845027,0.7615799979553373,0.8991666666666667,1.324894971459739,0.8190189046915085,-0.019669977574793506,1.324748948813136,-0.07399961030304981,0.2571538352775664,0.9416666666666667
leave_cell_out,cell,zz_r1_d6,eff_su2_r1_d2;eff_su2_r5_d2;z_r1_d6;zz_r5_d6,noisy_shot,128,1,9840,540,-0.2353265740690459,0.760145731576011,1.559633083812042,1.5594745764602622,0.6203974183640834,-8.953993824619149e-17,1.5594745764602622,-0.1877569189995218,0.8684777119253733,0.8991869918699187,1.3267751488365886,0.7023375044552875,-0.1014457390544376,1.3228911737546858,0.11200850013184913,0.24594508158499728,0.9518518518518518
leave_cell_out,cell,zz_r1_d6,eff_su2_r1_d2;eff_su2_r5_d2;z_r1_d6;zz_r5_d6,noisy_shot,128,2,10080,480,-0.26177848068356624,0.7538767187182764,1.5521108675017796,1.5519568806104338,0.60941419126935,-3.3835368369528583e-17,1.5519568806104338,-0.16128310619374905,0.7472441771020502,0.8975198412698413,1.3193113999799486,0.730711189448652,-0.15388610264828462,1.3103059327991968,-0.2025400726678364,0.25765670588028033,0.9416666666666667
leave_cell_out,cell,zz_r1_d6,eff_su2_r1_d2;eff_su2_r5_d2;z_r1_d6;zz_r5_d6,noisy_shot,128,3,8880,780,-0.25400140664448323,0.7587404527391797,1.5355833191887414,1.535410383401359,0.6012305461522693,7.681543089298381e-17,1.535410383401359,-0.18288798852545038,0.8484077141782356,0.8990990990990991,1.339242606074577,0.7265792847467596,-0.01990498172674413,1.3390946753788107,-0.14775778462106468,0.051140409532346,0.9461538461538461
leave_cell_out,cell,zz_r1_d6,eff_su2_r1_d2;eff_su2_r5_d2;z_r1_d6;zz_r5_d6,noisy_shot,128,4,9600,600,-0.24345686488457918,0.7545916066851559,1.579320436811259,1.5791559156965034,0.6029145456802989,5.329070518200751e-17,1.5791559156965034,-0.19312989557439844,0.7872229069628482,0.90125,1.2558554269212379,0.7660275315441702,0.0679104397962189,1.2540179526203796,-0.3383075783667515,0.32330729731827246,0.9666666666666667
leave_cell_out,cell,zz_r5_d6,eff_su2_r1_d2;eff_su2_r5_d2;z_r1_d6;zz_r1_d6,noisy_shot,128,0,9600,600,-0.27420827947220816,0.8022178823310285,1.491537343402471,1.4913819668362487,0.6488839710053683,-1.2138438402568377e-16,1.4913819668362487,-0.18874371794457426,0.9576865544037871,0.9026041666666667,1.651818825030165,0.45082778881007535,-0.1172327026547007,1.6476534599703636,-0.18246118001409084,0.7407052281422328,0.8716666666666667
leave_cell_out,cell,zz_r5_d6,eff_su2_r1_d2;eff_su2_r5_d2;z_r1_d6;zz_r1_d6,noisy_shot,128,1,9840,540,-0.2634276919580377,0.7966678271213676,1.4909219686218393,1.490770444461824,0.6716199306863966,-1.6174956586408786e-16,1.490770444461824,-0.22424989761654007,1.0126158984255813,0.9015243902439024,1.646904770953917,0.30482838468841933,-0.3003658135160597,1.6192824653721196,0.03437485762114726,-0.1584990496520189,0.8648148148148148
leave_cell_out,cell,zz_r5_d6,eff_su2_r1_d2;eff_su2_r5_d2;z_r1_d6;zz_r1_d6,noisy_shot,128,2,10080,480,-0.2645399040236681,0.7934473692578441,1.4792755296815996,1.479128768876667,0.6610331755292151,-1.0996494720096789e-16,1.479128768876667,-0.19409733003581092,0.9114326059175255,0.9020833333333333,1.5459588061219205,0.42712188323307076,0.07700449459661328,1.5440398110274987,-0.18429716003052618,0.4020082985195841,0.9020833333333333
leave_cell_out,cell,zz_r5_d6,eff_su2_r1_d2;eff_su2_r5_d2;z_r1_d6;zz_r1_d6,noisy_shot,128,3,8880,780,-0.27374834041201757,0.7929903778116123,1.4664590281523815,1.4662938770703609,0.6542310055619822,-1.0242057452397841e-16,1.4662938770703609,-0.20679675874602507,1.0095814799717777,0.9023648648648649,1.6550050641781453,0.3866382825945792,-0.2039197480697452,1.6423941362542909,0.006953163226174243,0.1459843389127915,0.8589743589743589
leave_cell_out,cell,zz_r5_d6,eff_su2_r1_d2;eff_su2_r5_d2;z_r1_d6;zz_r1_d6,noisy_shot,128,4,9600,600,-0.2850427834313508,0.7980683941438756,1.5141776210598625,1.5140198860085403,0.6538555445827627,-5.625129991434127e-17,1.5140198860085403,-0.2120645851732149,0.9406355300464488,0.9020833333333333,1.6211767640541812,0.5027231751852621,-0.17160583566493223,1.6120687136331773,0.01849230346525663,0.42020629062690507,0.8766666666666667
leave_target_out,target,MNIST_QNN_eff_su2_r1_d2_s43,MNIST_QNN_eff_su2_r1_d2_s44;MNIST_QNN_eff_su2_r1_d2_s45,noisy_shot,512,0,1600,200,-0.15216091690557643,0.8220704434493977,0.8325211866271323,0.8320006981819904,0.7502156844689988,8.43769498715119e-17,0.8320006981819904,-0.21514475236686117,1.0355514584503283,0.89375,0.7755360700856201,0.5563389118166987,0.08182808069503582,0.771207080629849,0.01504622783664825,-0.4537539097190173,0.94
leave_target_out,target,MNIST_QNN_eff_su2_r1_d2_s43,MNIST_QNN_eff_su2_r1_d2_s44;MNIST_QNN_eff_su2_r1_d2_s45,noisy_shot,512,1,1640,180,-0.14935005810037671,0.8303784122111391,0.8074192850920612,0.8069268060678396,0.7700660333220188,3.6826910085127146e-17,0.8069268060678396,-0.13281949045512198,1.0508138098799433,0.8945121951219512,0.8114729515095191,0.688274345186487,0.037276114470676185,0.8106163348474662,-0.007723475495323277,-0.06613975599568045,0.8666666666666667
leave_target_out,target,MNIST_QNN_eff_su2_r1_d2_s43,MNIST_QNN_eff_su2_r1_d2_s44;MNIST_QNN_eff_su2_r1_d2_s45,noisy_shot,512,2,1680,160,-0.16591945402548758,0.825276158603322,0.8273616570802811,0.8268690332455498,0.7333643089252615,-1.163090787702545e-17,0.8268690332455498,-0.16184584352427073,1.0681319012001236,0.8928571428571429,0.7736170588336205,0.7579164855223075,-0.09237670964135,0.7680819599718633,-0.08846382440860219,0.27558943384514967,0.9125
leave_target_out,target,MNIST_QNN_eff_su2_r1_d2_s43,MNIST_QNN_eff_su2_r1_d2_s44;MNIST_QNN_eff_su2_r1_d2_s45,noisy_shot,512,3,1480,260,-0.17573805388099267,0.8464452756070419,0.8114793936004234,0.8109309113521557,0.7408999084519752,-1.3622736572427595e-16,0.8109309113521557,-0.3311241646429844,1.3435523852488185,0.8905405405405405,0.8559444535098211,0.6834352813865332,0.17990193180231975,0.8368250727768736,-0.24971384652392803,-0.08696883060652683,0.8692307692307693
leave_target_out,target,MNIST_QNN_eff_su2_r1_d2_s43,MNIST_QNN_eff_su2_r1_d2_s44;MNIST_QNN_eff_su2_r1_d2_s45,noisy_shot,512,4,1600,200,-0.16065057489896517,0.8160310073725727,0.854301880208439,0.8537677745731064,0.7326594015194052,-7.549516567451065e-17,0.8537677745731064,-0.22996669732784367,0.8861340526728059,0.890625,0.7581362215150542,0.7407883465164453,0.06111976169709129,0.7556685153579009,0.008472934291288859,0.06268124686122967,0.92
leave_target_out,target,MNIST_QNN_eff_su2_r1_d2_s44,MNIST_QNN_eff_su2_r1_d2_s43;MNIST_QNN_eff_su2_r1_d2_s45,noisy_shot,512,0,1600,200,-0.15777572805656265,0.8518849374278885,0.8294112124826802,0.8288926683791754,0.7302657784587652,-8.43769498715119e-17,0.8288926683791754,-0.13668365649779154,0.475461942619015,0.88375,0.7879977960479205,0.7497587670913208,-0.10260222629487076,0.7812895172314269,-0.4119007265051931,1.5023333426893286,0.9
leave_target_out,target,MNIST_QNN_eff_su2_r1_d2_s44,MNIST_QNN_eff_su2_r1_d2_s43;MNIST_QNN_eff_su2_r1_d2_s45,noisy_shot,512,1,1640,180,-0.12730030659805203,0.8465933424166326,0.8089237013158395,0.8084303046848089,0.7345052550966941,-1.7330310628295126e-17,0.8084303046848089,-0.04230328757300911,0.42329437622693256,0.8914634146341464,0.8685806390289632,0.6339136315978957,-0.0025381550910235887,0.8685769305390836,-0.43583241720309285,1.704122076676179,0.8666666666666667
leave_target_out,target,MNIST_QNN_eff_su2_r1_d2_s44,MNIST_QNN_eff_su2_r1_d2_s43;MNIST_QNN_eff_su2_r1_d2_s45,noisy_shot,512,2,1680,160,-0.13447910906963878,0.8484798369925276,0.823647905326982,0.8231574927170692,0.7042311434398312,3.3835368369528583e-17,0.8231574927170692,-0.10315848277061589,0.40104581911312476,0.8886904761904761,0.7818112515776982,0.8083042949194981,0.00017782751153613274,0.7818112313537475,-0.7464589097544503,1.6218252430242694,0.90625
leave_target_out,target,MNIST_QNN_eff_su2_r1_d2_s44,MNIST_QNN_eff_su2_r1_d2_s43;MNIST_QNN_eff_su2_r1_d2_s45,noisy_shot,512,3,1480,260,-0.17689791052715914,0.8710381418676756,0.8124736783267728,0.811924524037383,0.7133041309150383,-7.201446646217232e-17,0.811924524037383,-0.16243558393955052,0.6182909169095523,0.8871621621621621,0.8985061611931455,0.7504721880513787,0.009093141762151789,0.8984601474049566,-0.11246902198577036,0.46867121887068786,0.8538461538461538
leave_target_out,target,MNIST_QNN_eff_su2_r1_d2_s44,MNIST_QNN_eff_su2_r1_d2_s43;MNIST_QNN_eff_su2_r1_d2_s45,noisy_shot,512,4,1600,200,-0.15139030936378295,0.8390267459016024,0.8397845224374145,0.8392594929878837,0.7056856495820547,-2.2204460492503132e-17,0.8392594929878837,-0.1613586695955459,0.343014574052928,0.88875,0.64670439262805,0.8256651417423415,-0.011937570352533839,0.6465942049372956,-0.5725738496192858,1.8751531588881223,0.955
leave_target_out,target,MNIST_QNN_eff_su2_r1_d2_s45,MNIST_QNN_eff_su2_r1_d2_s43;MNIST_QNN_eff_su2_r1_d2_s44,noisy_shot,512,0,1600,200,-0.14499603589319215,0.8743589532902273,0.8047052395990362,0.8042021415569874,0.7487383494005504,7.771561172376095e-17,0.8042021415569874,-0.2607865797647008,0.7025582466784979,0.891875,0.8208316393379347,0.6895371342103321,-0.02379709407529524,0.8204866107693487,-0.12828877797678254,0.9358076242979472,0.885
leave_target_out,target,MNIST_QNN_eff_su2_r1_d2_s45,MNIST_QNN_eff_su2_r1_d2_s43;MNIST_QNN_eff_su2_r1_d2_s44,noisy_shot,512,1,1640,180,-0.14384436738820228,0.8544686516171284,0.7930702133095364,0.7925864863884672,0.7499207332035667,2.816175477097958e-17,0.7925864863884672,-0.22936101581650636,0.5985695059405449,0.8945121951219512,0.9614268815374672,0.5025928769566121,-0.20535444392553856,0.9392396929979546,-0.44966924559070387,0.2628021099928839,0.8166666666666667
leave_target_out,target,MNIST_QNN_eff_su2_r1_d2_s45,MNIST_QNN_eff_su2_r1_d2_s43;MNIST_QNN_eff_su2_r1_d2_s44,noisy_shot,512,2,1680,160,-0.1347879375814302,0.8648408157121069,0.8049402991658937,0.8044610253519437,0.7266503782300482,-3.3835368369528583e-17,0.8044610253519437,-0.2154376037451658,0.6435491832328624,0.8922619047619048,0.8688368438341345,0.782900892908232,-0.034181210232093966,0.8681642160736238,-0.359214034338682,1.011668428200883,0.88125
leave_target_out,target,MNIST_QNN_eff_su2_r1_d2_s45,MNIST_QNN_eff_su2_r1_d2_s43;MNIST_QNN_eff_su2_r1_d2_s44,noisy_shot,512,3,1480,260,-0.17765452634940293,0.8761050601915569,0.7733402946637398,0.7728175907887699,0.7407272197060308,-1.200241107702872e-18,0.7728175907887699,-0.30624392458507194,0.8524835808160058,0.8912162162162162,0.8637967637540296,0.7457491871375975,-0.07296222741986337,0.8607098015253847,0.02328600100357625,0.466744462957577,0.8653846153846154
leave_target_out,target,MNIST_QNN_eff_su2_r1_d2_s45,MNIST_QNN_eff_su2_r1_d2_s43;MNIST_QNN_eff_su2_r1_d2_s44,noisy_shot,512,4,1600,200,-0.1550809028740633,0.8713211412662138,0.8233715297753027,0.8228567616538534,0.7231864063130553,4.440892098500626e-18,0.8228567616538534,-0.24869591573600425,0.6129260215442138,0.89125,0.7456228878162273,0.7775483554453664,0.05170611501971055,0.743827915922076,0.47977555237197117,1.2946799371799722,0.9
leave_target_out,target,MNIST_QNN_eff_su2_r5_d2_s43,MNIST_QNN_eff_su2_r5_d2_s44;MNIST_QNN_eff_su2_r5_d2_s45,noisy_shot,512,0,1600,200,-0.18168445025950386,0.8305573141345388,0.9370343417272908,0.9364485121347179,0.8271662403750598,-1.376676550535194e-16,0.9364485121347179,-0.007350931774175393,0.5479907221324392,0.89875,0.9514359824484532,0.770964946318378,-0.042942382621283276,0.9504664015484505,-0.6369696000158986,0.385517481405552,0.91
leave_target_out,target,MNIST_QNN_eff_su2_r5_d2_s43,MNIST_QNN_eff_su2_r5_d2_s44;MNIST_QNN_eff_su2_r5_d2_s45,noisy_shot,512,1,1640,180,-0.20886803015625732,0.819470316041623,0.9377781371446303,0.9372061467668374,0.8322765215689154,1.738446784900855e-16,0.9372061467668374,-0.04836864316513741,0.5355491298348247,0.901829268292683,1.0246354371495376,0.7048507633986207,-0.1915745758284063,1.006566918271602,0.0038205269317138067,0.5042595752659698,0.8722222222222222
leave_target_out,target,MNIST_QNN_eff_su2_r5_d2_s43,MNIST_QNN_eff_su2_r5_d2_s44;MNIST_QNN_eff_su2_r5_d2_s45,noisy_shot,512,2,1680,160,-0.2026842456876754,0.8352752476593593,0.943004070032124,0.9424425909290367,0.83303768226888,9.516197353929913e-17,0.9424425909290367,-0.07302133219957418,0.3788087174406938,0.8994047619047619,0.9624135690887679,0.7698976840511024,0.14033763685306697,0.9521266857139743,-0.10442382085480584,0.5625195160019532,0.875
leave_target_out,target,MNIST_QNN_eff_su2_r5_d2_s43,MNIST_QNN_eff_su2_r5_d2_s44;MNIST_QNN_eff_su2_r5_d2_s45,noisy_shot,512,3,1480,260,-0.1923791723491015,0.8343198401569737,0.9669128655246452,0.9662593251556052,0.8076300809084009,3.522707651107929e-16,0.9662593251556052,-0.012181777856037645,0.3452378665154687,0.9033783783783784,1.0244840787122151,0.8533571711828715,0.008217287985587636,1.0244511231449638,-0.13008156310648003,0.046327645603972734,0.8730769230769231
leave_target_out,target,MNIST_QNN_eff_su2_r5_d2_s43,MNIST_QNN_eff_su2_r5_d2_s44;MNIST_QNN_eff_su2_r5_d2_s45,noisy_shot,512,4,1600,200,-0.18922906666568595,0.8211228441764397,0.9430007409415181,0.9424111811833951,0.8292421263770748,2.55351295663786e-17,0.9424111811833951,-0.08109671141428454,0.5096126611043825,0.9,0.8969149097448582,0.753962158947717,-0.06316572216348,0.8946879047277845,-0.4087777972080609,0.3282848240080689,0.905
leave_target_out,target,MNIST_QNN_eff_su2_r5_d2_s44,MNIST_QNN_eff_su2_r5_d2_s43;MNIST_QNN_eff_su2_r5_d2_s45,noisy_shot,512,0,1600,200,-0.1655560536860028,0.8115770506674543,0.9660966091120996,0.9654926099226366,0.8139146789743708,2.0872192862952942e-16,0.9654926099226366,-0.04669355445429444,0.5596122988020458,0.895625,0.8807059538236781,0.84759831821838,0.025349985155228082,0.8803410449099281,0.042112570705987305,-0.04349549356179461,0.915
leave_target_out,target,MNIST_QNN_eff_su2_r5_d2_s44,MNIST_QNN_eff_su2_r5_d2_s43;MNIST_QNN_eff_su2_r5_d2_s45,noisy_shot,512,1,1640,180,-0.16302154101871213,0.8004661322914989,0.9681593910028874,0.9675688698189433,0.8160221443852979,-3.0328043599516474e-17,0.9675688698189433,-0.15227151185624738,0.5159949427328496,0.8975609756097561,0.997313682856649,0.7440010772689292,0.11826473392448504,0.9902767465324345,-0.20708558184020123,0.13907314503052648,0.8777777777777778
leave_target_out,target,MNIST_QNN_eff_su2_r5_d2_s44,MNIST_QNN_eff_su2_r5_d2_s43;MNIST_QNN_eff_su2_r5_d2_s45,noisy_shot,512,2,1680,160,-0.2060995305450739,0.8086304570452956,0.9672246215884212,0.9666487211970315,0.8203831047439796,-1.5437386818597414e-16,0.9666487211970315,-0.13498431318942963,0.4030351006880504,0.9017857142857143,0.8418389444798352,0.8506769540175219,-0.07958013142560091,0.8380690968680369,0.20580172207317826,0.3842870738806683,0.93125
leave_target_out,target,MNIST_QNN_eff_su2_r5_d2_s44,MNIST_QNN_eff_su2_r5_d2_s43;MNIST_QNN_eff_su2_r5_d2_s45,noisy_shot,512,3,1480,260,-0.17813042980527127,0.8082023375933003,0.9766836275796134,0.9760234831124517,0.7766876586728747,-3.240650990797754e-16,0.9760234831124517,-0.12834973689202853,0.4482572164829639,0.8986486486486487,0.8410644112034573,0.8611017620942985,0.0024527431814995145,0.8410608348056066,-0.33534216548170964,-0.00078095480958007,0.926923076923077
leave_target_out,target,MNIST_QNN_eff_su2_r5_d2_s44,MNIST_QNN_eff_su2_r5_d2_s43;MNIST_QNN_eff_su2_r5_d2_s45,noisy_shot,512,4,1600,200,-0.17264649510603225,0.8038120834872287,0.9923297360682094,0.9917093360475365,0.8128384560675979,2.2204460492503132e-17,0.9917093360475365,-0.11893669693072155,0.4833705551276366,0.896875,1.0168739004123633,0.8050132196873726,-0.010660165733029409,1.0168180221683705,0.09765525483349617,0.1290068367201127,0.89
leave_target_out,target,MNIST_QNN_eff_su2_r5_d2_s45,MNIST_QNN_eff_su2_r5_d2_s43;MNIST_QNN_eff_su2_r5_d2_s44,noisy_shot,512,0,1600,200,-0.18046393059020815,0.8050559726580414,0.9519176564847316,0.9513225219117195,0.8126607901466715,-3.808064974464287e-16,0.9513225219117195,-0.09554640547099463,0.26137782642837415,0.894375,1.0619293389602205,0.804620187171005,-0.14280828608790302,1.0522830961148844,-0.166308931075016,0.0004650189244386205,0.87
leave_target_out,target,MNIST_QNN_eff_su2_r5_d2_s45,MNIST_QNN_eff_su2_r5_d2_s43;MNIST_QNN_eff_su2_r5_d2_s44,noisy_shot,512,1,1640,180,-0.1601051916594327,0.7998933498860208,0.9286714876548328,0.9281050518060651,0.8274406178892837,1.0073243052696543e-16,0.9281050518060651,-0.13322916975298169,0.24747691557002494,0.8975609756097561,0.9751128751819061,0.8196490643054658,0.14732687509618664,0.9639190376893261,0.18211568322572427,0.06074202433982556,0.8611111111111112
leave_target_out,target,MNIST_QNN_eff_su2_r5_d2_s45,MNIST_QNN_eff_su2_r5_d2_s43;MNIST_QNN_eff_su2_r5_d2_s44,noisy_shot,512,2,1680,160,-0.1798024526630424,0.8042583254089347,0.9513023605098079,0.9507359404771502,0.8127867914174741,2.0301221021717148e-16,0.9507359404771502,-0.17008071205042552,0.22068035945664644,0.8976190476190476,1.049653541970843,0.6608320522260973,0.11461034894295119,1.043377700589346,-0.051474283894671256,1.0017231537773785,0.875
leave_target_out,target,MNIST_QNN_eff_su2_r5_d2_s45,MNIST_QNN_eff_su2_r5_d2_s43;MNIST_QNN_eff_su2_r5_d2_s44,noisy_shot,512,3,1480,260,-0.1963859140187515,0.8145444264214234,0.9485157684112927,0.9478746627155987,0.791000574981766,-2.352472571097629e-16,0.9478746627155986,-0.12967787978656484,0.31421230420904145,0.9,0.9150349364115379,0.8781036191928738,-0.03811056804667936,0.914240952625087,-0.09865873481175015,1.4007031090003181,0.9192307692307692
leave_target_out,target,MNIST_QNN_eff_su2_r5_d2_s45,MNIST_QNN_eff_su2_r5_d2_s43;MNIST_QNN_eff_su2_r5_d2_s44,noisy_shot,512,4,1600,200,-0.1551227799362409,0.7969532308629116,0.9405810386980102,0.939992991726683,0.8185189159033076,-7.771561172376097e-18,0.939992991726683,-0.13635854061751637,0.26073527517576567,0.895,0.9017017891797501,0.8030248548147801,0.041087058810193,0.900765213697937,0.21076846401023894,0.23634603995512293,0.91
leave_target_out,target,MNIST_QNN_z_r1_d6_s43,MNIST_QNN_z_r1_d6_s44;MNIST_QNN_z_r1_d6_s45,noisy_shot,512,0,1600,200,-0.03514585709956175,0.8317037436540645,0.7480700645881356,0.7476023745989451,0.896377326772661,1.5987211554602254e-16,0.747602374598945,0.1225499510308785,0.29050505606863863,0.8975,0.7552783597856115,0.9278011891109045,-0.08548832577698975,0.7504246443956187,0.4850956792844566,0.22763836950089633,0.905
leave_target_out,target,MNIST_QNN_z_r1_d6_s43,MNIST_QNN_z_r1_d6_s44;MNIST_QNN_z_r1_d6_s45,noisy_shot,512,1,1640,180,-0.05276743030161035,0.8381962851727858,0.7475280119568297,0.7470720631422498,0.9081419147382872,-3.1194559130931226e-16,0.7470720631422498,0.06756122923358578,0.22330589227242337,0.899390243902439,0.6672802373193476,0.9011297876855225,-0.03639050738261558,0.6662872099098109,-0.2530330184301977,-0.10129709664140218,0.9388888888888889
leave_target_out,target,MNIST_QNN_z_r1_d6_s43,MNIST_QNN_z_r1_d6_s44;MNIST_QNN_z_r1_d6_s45,noisy_shot,512,2,1680,160,-0.087405550572625,0.8354791283163807,0.7421386973818669,0.7416968166059353,0.8985922597672718,-3.3835368369528583e-17,0.7416968166059353,0.06618112544070413,0.1898504297320165,0.9017857142857143,0.8088349061000837,0.9080551436007038,0.2876215062989699,0.7559681041156715,-0.30439705334651695,0.4905877058057371,0.8625
leave_target_out,target,MNIST_QNN_z_r1_d6_s43,MNIST_QNN_z_r1_d6_s44;MNIST_QNN_z_r1_d6_s45,noisy_shot,512,3,1480,260,-0.09663521655898832,0.8482700952960437,0.738592040563792,0.7380928231761962,0.8953821775396369,-8.641735975460678e-17,0.7380928231761962,0.027862776306028996,0.20689074877640135,0.9013513513513514,0.7438359742115184,0.9154697973714826,0.07848095111068037,0.7396841872339583,0.1553622291538563,-0.03659878838139985,0.8846153846153846
leave_target_out,target,MNIST_QNN_z_r1_d6_s43,MNIST_QNN_z_r1_d6_s44;MNIST_QNN_z_r1_d6_s45,noisy_shot,512,4,1600,200,-0.05115459556248125,0.8273007377352518,0.7444017105099232,0.743936313958955,0.8986217362867772,-2.9309887850104134e-16,0.743936313958955,0.13840453009492557,0.25234214267102706,0.903125,0.6626498814027009,0.931942311087796,-0.0069057477350814534,0.6626138966028654,0.6071055116900915,0.47279827670056696,0.94
leave_target_out,target,MNIST_QNN_z_r1_d6_s44,MNIST_QNN_z_r1_d6_s43;MNIST_QNN_z_r1_d6_s45,noisy_shot,512,0,1600,200,-0.10597376227410416,0.847397480801571,0.7214170826917385,0.7209660560251498,0.910974573029389,8.881784197001253e-17,0.7209660560251498,0.0068655738979542845,0.19874710797109785,0.900625,0.6831721421283746,0.9064601826184724,-0.01809409940724701,0.6829324852040007,0.2966104460148713,-0.5546322685143812,0.935
leave_target_out,target,MNIST_QNN_z_r1_d6_s44,MNIST_QNN_z_r1_d6_s43;MNIST_QNN_z_r1_d6_s45,noisy_shot,512,1,1640,180,-0.12270817700262993,0.8547499141272734,0.7351665522493028,0.7347181432095675,0.9192550361083027,-3.9426456679371413e-16,0.7347181432095675,0.04369975285918582,0.25733090062551733,0.899390243902439,0.7498727392432466,0.8054246351131636,0.07075434263085616,0.746527258751511,0.48705027637600573,0.351240718624358,0.9055555555555556
leave_target_out,target,MNIST_QNN_z_r1_d6_s44,MNIST_QNN_z_r1_d6_s43;MNIST_QNN_z_r1_d6_s45,noisy_shot,512,2,1680,160,-0.14861490410532774,0.8519469698135917,0.7250234047849623,0.7245917147170475,0.913240221981295,-3.8064789415719653e-17,0.7245917147170475,0.03561372810962233,0.1885956173496055,0.9005952380952381,0.850794995889338,0.8719486585845405,0.4366563376624503,0.7301940617462971,0.2676919141080439,-0.19458442724921898,0.81875
leave_target_out,target,MNIST_QNN_z_r1_d6_s44,MNIST_QNN_z_r1_d6_s43;MNIST_QNN_z_r1_d6_s45,noisy_shot,512,3,1480,260,-0.15513319316800844,0.8644878196311717,0.719986061697631,0.7194994201674141,0.9148594435798727,-5.281060873892637e-17,0.7194994201674141,-0.06794309404008399,0.23612743504018718,0.9027027027027027,0.7903940860965329,0.9039956923111646,0.2181021656775461,0.7597066912059797,0.27850207465791643,0.10535287630637935,0.8730769230769231
leave_target_out,target,MNIST_QNN_z_r1_d6_s44,MNIST_QNN_z_r1_d6_s43;MNIST_QNN_z_r1_d6_s45,noisy_shot,512,4,1600,200,-0.13617187448547718,0.8502761323240496,0.7336763271710275,0.733217636080758,0.9129548765085609,1.1546319456101628e-16,0.733217636080758,-0.04202018491422518,0.1574530532940126,0.89875,0.730996315414133,0.9056001200636159,0.07225740800139903,0.7274163045587841,-0.22289113449443945,0.15215077429212887,0.89
leave_target_out,target,MNIST_QNN_z_r1_d6_s45,MNIST_QNN_z_r1_d6_s43;MNIST_QNN_z_r1_d6_s44,noisy_shot,512,0,1600,200,-0.025901797212161348,0.8751092366679392,0.7303257484861321,0.7298691521623597,0.909756157855368,-6.217248937900877e-17,0.7298691521623597,0.13813239901055513,0.15097947487799068,0.896875,0.7987524159297142,0.9080554851954251,-0.23429139758626225,0.7636183359313939,-0.31835607527597753,0.16918600762844438,0.86
leave_target_out,target,MNIST_QNN_z_r1_d6_s45,MNIST_QNN_z_r1_d6_s43;MNIST_QNN_z_r1_d6_s44,noisy_shot,512,1,1640,180,-0.07545521821691725,0.8885137875466581,0.7285086951540588,0.7280643470217432,0.9179347823216057,-1.429750626834348e-16,0.7280643470217432,0.1536270977869003,0.06524712033131763,0.8957317073170732,0.7394098068134467,0.806681224067099,-0.25844143676325526,0.6927733295787613,-0.33711066788064054,-0.3700823752656679,0.9055555555555556
leave_target_out,target,MNIST_QNN_z_r1_d6_s45,MNIST_QNN_z_r1_d6_s43;MNIST_QNN_z_r1_d6_s44,noisy_shot,512,2,1680,160,-0.09143124474753184,0.867901293624515,0.7195286443158067,0.719100225912647,0.9122742686107557,-1.691768418476429e-16,0.7191002259126471,0.21997085134275832,0.14179169054963214,0.9005952380952381,0.7040316302283801,0.9182802832946002,-0.17739869110288936,0.681315081850543,-0.3108004076695553,0.7498575591360455,0.90625
leave_target_out,target,MNIST_QNN_z_r1_d6_s45,MNIST_QNN_z_r1_d6_s43;MNIST_QNN_z_r1_d6_s44,noisy_shot,512,3,1480,260,-0.08822444757597192,0.8831674481803498,0.7191920478515169,0.7187059429985129,0.9106308787249509,-2.304462926789514e-16,0.7187059429985129,0.1255463575928815,0.07260280019987908,0.9027027027027027,0.7993221450888197,0.8951008118897567,-0.19860782011225137,0.7742550131705004,0.05047092652551235,0.2918342965333034,0.8730769230769231
leave_target_out,target,MNIST_QNN_z_r1_d6_s45,MNIST_QNN_z_r1_d6_s43;MNIST_QNN_z_r1_d6_s44,noisy_shot,512,4,1600,200,-0.0322902546940842,0.8685531442110619,0.7396038262299783,0.739141429294358,0.9083512903316917,1.8207657603852566e-16,0.739141429294358,0.18382003776664266,0.031548258867631684,0.903125,0.7608644020524802,0.9004431979154564,-0.08959570917515226,0.7555708088644504,-0.052880667132340714,0.11245556949833091,0.9
leave_target_out,target,MNIST_QNN_zz_r1_d6_s43,MNIST_QNN_zz_r1_d6_s44;MNIST_QNN_zz_r1_d6_s45,noisy_shot,512,0,1600,200,-0.16433609770566493,0.7388204400405333,0.7516410778714355,0.7511711553010431,0.8845987997118826,1.1546319456101628e-16,0.7511711553010431,-0.11626565337313427,0.3209345714318408,0.9,0.8951163604167033,0.9116719337499375,0.12610016860467543,0.8861896220129853,-0.0887189458700051,-0.5442627771424156,0.83
leave_target_out,target,MNIST_QNN_zz_r1_d6_s43,MNIST_QNN_zz_r1_d6_s44;MNIST_QNN_zz_r1_d6_s45,noisy_shot,512,1,1640,180,-0.1287578681341628,0.7409149734428494,0.7485804631002774,0.7481238723514242,0.9050702902526765,-6.93212425131805e-17,0.7481238723514242,-0.11523480828379726,0.32878642364940536,0.8969512195121951,0.8443959237631246,0.8445192291344691,0.061173387357090575,0.8421771148321711,-0.029894285297139778,-0.40841941676388105,0.8333333333333334
leave_target_out,target,MNIST_QNN_zz_r1_d6_s43,MNIST_QNN_zz_r1_d6_s44;MNIST_QNN_zz_r1_d6_s45,noisy_shot,512,2,1680,160,-0.171481802029406,0.7416469984136702,0.7561632946387546,0.7557130634022691,0.9015744651842744,5.075305255429287e-17,0.7557130634022691,-0.10920921842720678,0.22320487426826974,0.9029761904761905,0.7971778145735594,0.8886638314231036,-0.03980699566658089,0.7961833150376094,-0.3861594367761879,1.0295642052924308,0.89375
leave_target_out,target,MNIST_QNN_zz_r1_d6_s43,MNIST_QNN_zz_r1_d6_s44;MNIST_QNN_zz_r1_d6_s45,noisy_shot,512,3,1480,260,-0.1838688740029475,0.7598573360250315,0.7122119736747258,0.7117305866824682,0.9182070379251961,2.784559369870663e-16,0.7117305866824682,-0.11801963777716795,0.02868721105782157,0.904054054054054,0.8259889061084027,0.9074857810177264,0.02727174897063177,0.8255385664656972,0.11652734882349072,-0.07758963895400006,0.8384615384615385
leave_target_out,target,MNIST_QNN_zz_r1_d6_s43,MNIST_QNN_zz_r1_d6_s44;MNIST_QNN_zz_r1_d6_s45,noisy_shot,512,4,1600,200,-0.19581555499832914,0.7430836342770419,0.7656436056965855,0.7651649288097229,0.8977453257011251,2.1316282072803005e-16,0.765164928809723,-0.056217661989106986,0.1392950588729014,0.90125,0.7838171021491552,0.896784909149952,0.17600144953409674,0.7638015052246205,0.09080912286958548,-0.40215293625765147,0.895
leave_target_out,target,MNIST_QNN_zz_r1_d6_s44,MNIST_QNN_zz_r1_d6_s43;MNIST_QNN_zz_r1_d6_s45,noisy_shot,512,0,1600,200,-0.16614039680566917,0.7356304496656011,0.8095033582128948,0.8089972604089934,0.8859499483253468,-2.3980817331903383e-16,0.8089972604089934,-0.06777253770307984,0.02213915873028549,0.901875,0.7260884376095563,0.9368366842176508,0.1612541531496816,0.7079558724399887,-0.0643399867593233,0.3086325849995637,0.935
leave_target_out,target,MNIST_QNN_zz_r1_d6_s44,MNIST_QNN_zz_r1_d6_s43;MNIST_QNN_zz_r1_d6_s45,noisy_shot,512,1,1640,180,-0.14154435036349722,0.7319016589269695,0.8118309373776348,0.8113357675008998,0.9027035424493463,-1.1264701908391832e-16,0.8113357675008998,-0.05042065544658969,-0.038958024402704794,0.9036585365853659,0.7082055380441529,0.8852294944218654,-0.08337410424845268,0.7032807709991623,0.036666216080256914,-0.1791438653617754,0.9388888888888889
leave_target_out,target,MNIST_QNN_zz_r1_d6_s44,MNIST_QNN_zz_r1_d6_s43;MNIST_QNN_zz_r1_d6_s45,noisy_shot,512,2,1680,160,-0.15283460675158622,0.7316455170688367,0.8163810211243164,0.8158949353288406,0.8990562465576425,1.4380031557049647e-16,0.8158949353288406,-0.014934670804623061,-0.2031869484990576,0.9,0.6252304563754134,0.9182514167194542,0.08569871835055604,0.6193293576542935,0.04057833272973199,0.05411253107952163,0.9625
leave_target_out,target,MNIST_QNN_zz_r1_d6_s44,MNIST_QNN_zz_r1_d6_s43;MNIST_QNN_zz_r1_d6_s45,noisy_shot,512,3,1480,260,-0.13779609915650015,0.7332777107992912,0.7978625461627078,0.7973232675974365,0.9056854524432121,-2.784559369870663e-16,0.7973232675974365,-0.04809563647468906,-0.12879505286405113,0.9060810810810811,0.8001019714546428,0.8628721127777818,0.09271460720777035,0.7947120021340529,-0.07194482070633505,0.8399634080976748,0.9038461538461539
leave_target_out,target,MNIST_QNN_zz_r1_d6_s44,MNIST_QNN_zz_r1_d6_s43;MNIST_QNN_zz_r1_d6_s45,noisy_shot,512,4,1600,200,-0.1954318554076122,0.7401139876421251,0.8245765416070933,0.8240610201177483,0.894279441649884,2.575717417130363e-16,0.8240610201177481,-0.01726414304693483,-0.10783915280867618,0.895625,0.6015354262275586,0.907448159330734,0.23199465899191982,0.554998510994393,0.35570618505639046,0.1564077645151487,0.96
leave_target_out,target,MNIST_QNN_zz_r1_d6_s45,MNIST_QNN_zz_r1_d6_s43;MNIST_QNN_zz_r1_d6_s44,noisy_shot,512,0,1600,200,-0.08254157337111656,0.7364625689905898,0.7557424383664506,0.7552699516442006,0.8927471612055845,-1.4432899320127036e-17,0.7552699516442006,-0.03928238019770685,0.3338374279298226,0.90125,0.7621240194790372,0.9383825968189808,-0.16836944408615537,0.7432931799532422,0.11852191235834844,-0.5877751465003551,0.895
leave_target_out,target,MNIST_QNN_zz_r1_d6_s45,MNIST_QNN_zz_r1_d6_s43;MNIST_QNN_zz_r1_d6_s44,noisy_shot,512,1,1640,180,-0.033922221743997394,0.7266350178914727,0.7604216482008176,0.7599578350145124,0.9083768334338164,-2.77284970052722e-16,0.7599578350145124,-0.062280307806803666,0.34950379312375324,0.9054878048780488,0.8202590734377991,0.8700091536359476,-0.3187734284162002,0.7557833346223098,-0.050147428737499875,-0.3141424049932846,0.8666666666666667
leave_target_out,target,MNIST_QNN_zz_r1_d6_s45,MNIST_QNN_zz_r1_d6_s43;MNIST_QNN_zz_r1_d6_s44,noisy_shot,512,2,1680,160,-0.03442873926303647,0.7236545885478702,0.7728159750006347,0.7723558285025605,0.9025634838540502,-2.1226406875571446e-16,0.7723558285025605,-0.01418865615236648,0.07251326734508101,0.9041666666666667,0.7888630677966939,0.8820345704067493,-0.07450054974989215,0.7853372573745467,0.03871285203781723,-0.09391968097437697,0.86875
leave_target_out,target,MNIST_QNN_zz_r1_d6_s45,MNIST_QNN_zz_r1_d6_s43;MNIST_QNN_zz_r1_d6_s44,noisy_shot,512,3,1480,260,-0.036802713262722,0.7199135112375171,0.7443093868255027,0.7438063050601339,0.9075897209257718,2.4604942707908876e-17,0.7438063050601339,-0.056347666748577045,0.12292025833945663,0.902027027027027,0.877435433682022,0.7987688730901642,-0.2569232887372784,0.838977570609119,-0.05816972308102419,-0.032977223060856264,0.8153846153846154
leave_target_out,target,MNIST_QNN_zz_r1_d6_s45,MNIST_QNN_zz_r1_d6_s43;MNIST_QNN_zz_r1_d6_s44,noisy_shot,512,4,1600,200,-0.09453700390528086,0.7379272536495449,0.7873379320272212,0.7868456919465787,0.9009760947592836,-1.1102230246251566e-17,0.7868456919465787,-0.04862282331245206,0.18700771567872154,0.905625,0.746323317509274,0.9225097318708853,-0.020419395998929703,0.7460439280130142,-0.2729668589402818,0.33738369321740613,0.93
leave_target_out,target,MNIST_QNN_zz_r5_d6_s43,MNIST_QNN_zz_r5_d6_s44;MNIST_QNN_zz_r5_d6_s45,noisy_shot,512,0,1600,200,-0.23598544059654364,0.5499992774559396,0.942247038265273,0.9416579497186222,0.7336792196919786,-5.551115123125783e-17,0.9416579497186222,0.044374823708933545,-0.14013706872616138,0.906875,0.9108261417148371,0.7141836010538485,0.043590250066815855,0.9097824742927556,-0.06070063414572609,0.0815550298911143,0.915
leave_target_out,target,MNIST_QNN_zz_r5_d6_s43,MNIST_QNN_zz_r5_d6_s44;MNIST_QNN_zz_r5_d6_s45,noisy_shot,512,1,1640,180,-0.25921827159896127,0.5605147388161364,0.9489759532290206,0.9483971328316325,0.7577839655395655,0.0,0.9483971328316325,0.03333265819107396,-0.09046155370578468,0.9079268292682927,0.8771128456601837,0.6556711407461163,-0.27713925759985786,0.8321783318010059,0.0864679726998793,-0.4479137721799922,0.9
leave_target_out,target,MNIST_QNN_zz_r5_d6_s43,MNIST_QNN_zz_r5_d6_s44;MNIST_QNN_zz_r5_d6_s45,noisy_shot,512,2,1680,160,-0.33806567329448844,0.545206158204129,0.9224326805273938,0.9218834499454904,0.7570044749629098,-8.458842092382146e-18,0.9218834499454904,0.008231972157002162,0.005228927922706905,0.9041666666666667,0.8664300303638234,0.5610423404409911,0.32470675660810977,0.8032848310090871,-0.24448298869416513,-0.49821430889840235,0.9375
leave_target_out,target,MNIST_QNN_zz_r5_d6_s43,MNIST_QNN_zz_r5_d6_s44;MNIST_QNN_zz_r5_d6_s45,noisy_shot,512,3,1480,260,-0.31062521097594725,0.566865301501562,0.9199506188088429,0.9193288204148492,0.7650384345896772,-4.800964430811488e-18,0.9193288204148492,0.02653771541427603,-0.08697064642180186,0.9033783783783784,1.0339275682291924,0.699549937304498,0.046191907192819216,1.0328952144599284,0.15398308057260376,-0.4440647647700131,0.8807692307692307
leave_target_out,target,MNIST_QNN_zz_r5_d6_s43,MNIST_QNN_zz_r5_d6_s44;MNIST_QNN_zz_r5_d6_s45,noisy_shot,512,4,1600,200,-0.26857638148994006,0.5442094051939605,0.9432561636394385,0.9426664441922109,0.7468767242382245,2.3314683517128286e-17,0.9426664441922109,0.06538640012209593,-0.04815086874941432,0.91,0.9227964397260561,0.7865755239469449,-0.05140555278681031,0.9213635212627896,-0.0011565725562953056,-0.25869286201183783,0.905
leave_target_out,target,MNIST_QNN_zz_r5_d6_s44,MNIST_QNN_zz_r5_d6_s43;MNIST_QNN_zz_r5_d6_s45,noisy_shot,512,0,1600,200,-0.25898546905392555,0.5655154482730694,0.9455949584172021,0.9450037767661565,0.7549222871058937,-2.4424906541753444e-17,0.9450037767661565,0.05356007498230159,-0.0882507642854593,0.904375,0.9657765545020348,0.7424767335525757,-0.2786609668999671,0.9247012591925012,-0.05168572524298922,0.26128760944748386,0.915
leave_target_out,target,MNIST_QNN_zz_r5_d6_s44,MNIST_QNN_zz_r5_d6_s43;MNIST_QNN_zz_r5_d6_s45,noisy_shot,512,1,1640,180,-0.20366582061158223,0.5622822512734079,0.9368317102636525,0.9362602971514704,0.7674509020001195,-1.9496599456832016e-17,0.9362602971514704,0.026078525965728468,-0.047521488510191556,0.9073170731707317,0.8185937826856516,0.6577502969217208,-0.03569643078549073,0.8178151049477996,0.2304738596537013,-0.42995305511672344,0.9388888888888889
leave_target_out,target,MNIST_QNN_zz_r5_d6_s44,MNIST_QNN_zz_r5_d6_s43;MNIST_QNN_zz_r5_d6_s45,noisy_shot,512,2,1680,160,-0.3076169841013979,0.5609740150334249,0.9342807452849184,0.9337244601833318,0.7665404686003956,4.123685520036296e-17,0.9337244601833318,0.06569174628352525,-0.01049123803302221,0.9023809523809524,0.9976980164477287,0.6778727503817396,0.34808914863229595,0.9350054955069386,0.03069622660992839,-0.7079269515546818,0.9125
leave_target_out,target,MNIST_QNN_zz_r5_d6_s44,MNIST_QNN_zz_r5_d6_s43;MNIST_QNN_zz_r5_d6_s45,noisy_shot,512,3,1480,260,-0.27849005293328577,0.5667227520571761,0.8915157893795669,0.8909132102033347,0.7672380974813853,9.481904750852689e-17,0.8909132102033347,-0.005534749152662202,-0.12425077885904079,0.8952702702702703,0.907384284100314,0.5168656111106797,0.05956572719095743,0.9054270612128024,0.08163835990828652,-0.7802245804534849,0.8961538461538462
leave_target_out,target,MNIST_QNN_zz_r5_d6_s44,MNIST_QNN_zz_r5_d6_s43;MNIST_QNN_zz_r5_d6_s45,noisy_shot,512,4,1600,200,-0.26694348635576254,0.5539576407085455,0.9512660764778602,0.9506713492696938,0.749466944723906,-4.884981308350689e-17,0.9506713492696938,0.05971814036519516,-0.0644696416131465,0.903125,1.005342296482417,0.7442270086637519,-0.2490414539939218,0.9740079503213172,-0.014177523825526563,-0.45198681226240023,0.885
leave_target_out,target,MNIST_QNN_zz_r5_d6_s45,MNIST_QNN_zz_r5_d6_s43;MNIST_QNN_zz_r5_d6_s44,noisy_shot,512,0,1600,200,-0.266692684988001,0.5556571667482979,0.930402673297213,0.9298209897934667,0.7065673958378822,-6.994405055138486e-17,0.9298209897934667,0.04273229927106669,-0.42995894235536314,0.905625,0.8516950089527184,0.8256716803628426,-0.11751531246730983,0.843548777256349,-0.012315231501837403,-0.06006974381907737,0.925
leave_target_out,target,MNIST_QNN_zz_r5_d6_s45,MNIST_QNN_zz_r5_d6_s43;MNIST_QNN_zz_r5_d6_s44,noisy_shot,512,1,1640,180,-0.26391108020586507,0.5813447427478527,0.9482631853430228,0.9476847996927847,0.7267870875011255,-1.7330310628295126e-17,0.9476847996927847,-0.002725481968647406,-0.2993650952540219,0.9103658536585366,0.9418506268346165,0.727095453087317,-0.26359605363275557,0.9042122116947975,-0.04676238337370039,0.05401408604910074,0.9055555555555556
leave_target_out,target,MNIST_QNN_zz_r5_d6_s45,MNIST_QNN_zz_r5_d6_s43;MNIST_QNN_zz_r5_d6_s44,noisy_shot,512,2,1680,160,-0.3423911123402917,0.5632949883133075,0.9318509280661744,0.9312960897150697,0.7235958660914756,8.458842092382146e-18,0.9312960897150697,0.054789612977970394,-0.24727468051639034,0.9017857142857143,1.0179176213065613,0.7414026142775431,0.30863905334439273,0.9699990817094029,0.10493267945604376,-0.2740027402422651,0.8375
leave_target_out,target,MNIST_QNN_zz_r5_d6_s45,MNIST_QNN_zz_r5_d6_s43;MNIST_QNN_zz_r5_d6_s44,noisy_shot,512,3,1480,260,-0.2990035125320697,0.5807816826271573,0.9160095112685672,0.9153903766853143,0.7358561647481208,9.601928861622976e-17,0.9153903766853143,-0.010584218135039264,-0.23354225413008933,0.9033783783783784,1.0622554101113264,0.7479675452528523,0.101651037542699,1.057380547805413,0.007636809602436196,0.14690137218932176,0.8576923076923076
leave_target_out,target,MNIST_QNN_zz_r5_d6_s45,MNIST_QNN_zz_r5_d6_s43;MNIST_QNN_zz_r5_d6_s44,noisy_shot,512,4,1600,200,-0.255797215187919,0.5510086777723454,0.9249407575948455,0.9243624888558609,0.6989442847021108,-2.1371793224034264e-17,0.9243624888558609,0.03568408427787461,-0.2983063447265817,0.904375,0.7991205845957301,0.8057322787305888,0.08486183842433395,0.7946018985025544,0.056473309014201195,-0.11599596627873421,0.935
leave_cell_out,cell,eff_su2_r1_d2,eff_su2_r5_d2;z_r1_d6;zz_r1_d6;zz_r5_d6,noisy_shot,512,0,9600,600,-0.09064660540097103,0.744110167672469,0.9236789312945811,0.9235827097274368,0.8374751839221408,3.552713678800501e-17,0.9235827097274368,-0.031416323480068384,0.4202297169125244,0.9011458333333333,0.8073974018355732,0.6770249259603727,0.027410995682791216,0.8069319685119137,0.04079390605449482,0.7095787159754976,0.9316666666666666
leave_cell_out,cell,eff_su2_r1_d2,eff_su2_r5_d2;z_r1_d6;zz_r1_d6;zz_r5_d6,noisy_shot,512,1,9840,540,-0.08319684572324493,0.7456918349326845,0.9240541097732763,0.9239601970630613,0.8534133312513229,2.77284970052722e-16,0.9239601970630613,-0.06694370592210519,0.46648518714707654,0.9009146341463414,0.8936931673175668,0.608481003901804,-0.056736292191298776,0.8918903915047454,-0.23080584275890453,0.7301481023208587,0.8851851851851852
leave_cell_out,cell,eff_su2_r1_d2,eff_su2_r5_d2;z_r1_d6;zz_r1_d6;zz_r5_d6,noisy_shot,512,2,10080,480,-0.1126540105552849,0.7414285100758987,0.9248505208297785,0.9247587652344508,0.8478895886447634,-4.5113824492704774e-17,0.9247587652344508,-0.046522203160392295,0.34646131795708435,0.9007936507936508,0.8339906005442982,0.7726068839514111,0.02303445733921455,0.8336724390138653,-0.1826675216220466,0.6066429575387557,0.91875
leave_cell_out,cell,eff_su2_r1_d2,eff_su2_r5_d2;z_r1_d6;zz_r1_d6;zz_r5_d6,noisy_shot,512,3,8880,780,-0.09774885761079033,0.7479082924013892,0.9072479853364819,0.9071458120172394,0.8499337592688871,-1.2802571815497301e-17,0.9071458120172394,-0.03368985692763945,0.38147721344179475,0.9030405405405405,0.8727031713615742,0.7307819960791517,0.07699071192302165,0.8693004403439213,-0.04514193310288976,0.24213831097631422,0.908974358974359
leave_cell_out,cell,eff_su2_r1_d2,eff_su2_r5_d2;z_r1_d6;zz_r1_d6;zz_r5_d6,noisy_shot,512,4,9600,600,-0.09132393906676417,0.740967621765733,0.9333877036527223,0.9332904707024452,0.8442727580051161,1.7763568394002506e-16,0.9332904707024451,-0.057709867960704944,0.40071443021201203,0.899375,0.7500967075158346,0.7645620366483168,0.01640895571866111,0.7499172066290507,0.19408561941936228,1.193953368183517,0.9466666666666667
leave_cell_out,cell,eff_su2_r5_d2,eff_su2_r1_d2;z_r1_d6;zz_r1_d6;zz_r5_d6,noisy_shot,512,0,9600,600,-0.08445474979649559,0.7381689369219551,0.8916964312107806,0.891603541327596,0.830513504159964,9.177843670234627e-17,0.891603541327596,-0.05571171348006035,0.4679354305280081,0.8990625,0.977632340631983,0.8066129031301341,-0.01904522423748335,0.9774468133271056,-0.15798520324458584,0.1815533195014618,0.8683333333333333
leave_cell_out,cell,eff_su2_r5_d2,eff_su2_r1_d2;z_r1_d6;zz_r1_d6;zz_r5_d6,noisy_shot,512,1,9840,540,-0.07036651023113105,0.7415096426164076,0.8901259906985953,0.8900355261431812,0.848198017255653,-1.1553540418863418e-17,0.8900355261431812,-0.061615685239931536,0.5256730561871286,0.8997967479674797,1.0212317021804,0.7555061795036191,0.03268522582135306,1.0207085115503274,-0.0007353439106883497,0.1193696713427772,0.8351851851851851
leave_cell_out,cell,eff_su2_r5_d2,eff_su2_r1_d2;z_r1_d6;zz_r1_d6;zz_r5_d6,noisy_shot,512,2,10080,480,-0.0990070689459559,0.7334537329681271,0.8904824764468106,0.890394130548836,0.8397183731341847,-2.1429066634034768e-16,0.890394130548836,-0.04682101160993189,0.41894451796543875,0.9005952380952381,0.9669637071081627,0.7756555114902508,0.0929760022910389,0.9624833888760562,0.1245600253560042,0.7112935290212543,0.8770833333333333
leave_cell_out,cell,eff_su2_r5_d2,eff_su2_r1_d2;z_r1_d6;zz_r1_d6;zz_r5_d6,noisy_shot,512,3,8880,780,-0.09668619388792343,0.744083160656712,0.8667580959149004,0.8666604825246572,0.8486914535528561,1.9363889870939667e-16,0.8666604825246572,-0.052759368946320225,0.47652794823510103,0.8993243243243243,0.9412195764050921,0.8610188360639215,0.009479763482408702,0.9411718361130972,-0.09345128267459184,0.460974736843506,0.8666666666666667
leave_cell_out,cell,eff_su2_r5_d2,eff_su2_r1_d2;z_r1_d6;zz_r1_d6;zz_r5_d6,noisy_shot,512,4,9600,600,-0.08449502847226198,0.7347473196614749,0.9036576349361558,0.9035634990293493,0.8350675766022835,-1.5987211554602254e-16,0.9035634990293493,-0.07133130249767909,0.42319862784867857,0.8983333333333333,0.9640135826292353,0.7809271029510435,-0.01999011747803406,0.9638062993656287,0.06707116443687058,0.1678572430353249,0.88
leave_cell_out,cell,z_r1_d6,eff_su2_r1_d2;eff_su2_r5_d2;zz_r1_d6;zz_r5_d6,noisy_shot,512,0,9600,600,-0.11874053596293266,0.7191254190647394,0.923305555421376,0.9232093727495779,0.8044816183260798,1.7763568394002505e-17,0.9232093727495779,-0.02327170924412692,0.39313323111468934,0.8991666666666667,0.8656135513703921,0.8875873455555603,0.19539268193550852,0.8432725064663923,0.2283617331318554,-0.23994802911886293,0.925
leave_cell_out,cell,z_r1_d6,eff_su2_r1_d2;eff_su2_r5_d2;zz_r1_d6;zz_r5_d6,noisy_shot,512,1,9840,540,-0.10349657021213066,0.7176243483032435,0.9151672052199812,0.9150741956963688,0.8225876525042659,3.466062125659025e-17,0.9150741956963688,-0.05220160408716816,0.4463415314203312,0.899390243902439,0.7491471647803253,0.8352849696842387,0.1589001738768031,0.7321012288203876,0.026120867473319983,0.3299177873097019,0.9555555555555556
leave_cell_out,cell,z_r1_d6,eff_su2_r1_d2;eff_su2_r5_d2;zz_r1_d6;zz_r5_d6,noisy_shot,512,2,10080,480,-0.12768391656211564,0.7166780350066502,0.9262812100383633,0.9261893125025412,0.8154990686767566,4.5113824492704774e-17,0.9261893125025412,-0.03216412906548532,0.3385745425521871,0.899702380952381,0.9850724612610712,0.8464600370917206,0.4912627234731829,0.8538317694140078,0.21229137088272992,0.23768390601194334,0.86875
leave_cell_out,cell,z_r1_d6,eff_su2_r1_d2;eff_su2_r5_d2;zz_r1_d6;zz_r5_d6,noisy_shot,512,3,8880,780,-0.1214268063063364,0.7234171976622715,0.9046948376629096,0.9045929518764879,0.8199021679004128,3.5207072492617575e-17,0.9045929518764879,-0.03018146530292771,0.41222914577214453,0.8976351351351352,0.886461066782268,0.8776690408275293,0.3447401849470773,0.8166807379897064,0.21781781877871487,0.12119379155798082,0.9012820512820513
leave_cell_out,cell,z_r1_d6,eff_su2_r1_d2;eff_su2_r5_d2;zz_r1_d6;zz_r5_d6,noisy_shot,512,4,9600,600,-0.11436098638416337,0.7158582240758941,0.9351064334347,0.935009021440745,0.810938419855283,1.1842378929335004e-17,0.935009021440745,-0.04807501135431055,0.3579489011569108,0.8975,0.8694631633105453,0.8737020790048353,0.2518898703231286,0.8321764750235238,0.2570656846359107,0.11021684761982575,0.9266666666666666
leave_cell_out,cell,zz_r1_d6,eff_su2_r1_d2;eff_su2_r5_d2;z_r1_d6;zz_r5_d6,noisy_shot,512,0,9600,600,-0.08768581948338683,0.7594366162300545,0.9366782696637247,0.9365806939283006,0.8074057018382961,-1.1842378929335004e-17,0.9365806939283006,-0.06754221347639476,0.49256690373115664,0.8957291666666667,0.7978497078040373,0.9291931374477839,-0.0489870059715961,0.7963444163732967,-0.07997416090183104,-0.22183116944071912,0.9483333333333334
leave_cell_out,cell,zz_r1_d6,eff_su2_r1_d2;eff_su2_r5_d2;z_r1_d6;zz_r5_d6,noisy_shot,512,1,9840,540,-0.08352763829478327,0.7614711800676061,0.9320409402563776,0.9319462158351504,0.8211822554949599,-1.7330310628295126e-17,0.9319462158351504,-0.08704145748988834,0.5641104855634103,0.8981707317073171,0.7980135902224111,0.8662310094308865,-0.1830109345256251,0.7767449311219995,0.04514190048318062,-0.18567632975158244,0.9444444444444444
leave_cell_out,cell,zz_r1_d6,eff_su2_r1_d2;eff_su2_r5_d2;z_r1_d6;zz_r5_d6,noisy_shot,512,2,10080,480,-0.10874498839037461,0.7548867820328515,0.9352330808548743,0.935140295192574,0.8116365082490288,-3.3835368369528583e-17,0.935140295192574,-0.06951789468077846,0.45691794350756254,0.8981150793650794,0.7390978650717716,0.8964565995448243,-0.07230262843389137,0.735552842476461,-0.19655273739846255,0.6287598669411221,0.95625
leave_cell_out,cell,zz_r1_d6,eff_su2_r1_d2;eff_su2_r5_d2;z_r1_d6;zz_r5_d6,noisy_shot,512,3,8880,780,-0.10293426270047057,0.7649075073963796,0.9195489485612085,0.919445389920353,0.8103598372581093,4.960996578505204e-17,0.919445389920353,-0.06584422074563795,0.5083460833026012,0.8981981981981982,0.849448316620337,0.8644254200479453,-0.11488674883551513,0.8416433196735594,-0.01807110564469893,0.18225149476600988,0.9320512820512821
leave_cell_out,cell,zz_r1_d6,eff_su2_r1_d2;eff_su2_r5_d2;z_r1_d6;zz_r5_d6,noisy_shot,512,4,9600,600,-0.0808001536986157,0.7527779700744557,0.9453376411700855,0.9452391633698108,0.8083348870068242,2.960594732333751e-18,0.9452391633698108,-0.10008203560333694,0.47852982796489574,0.8978125,0.7014603661803718,0.9138181194974979,0.0279201801831015,0.7009044933943884,-0.0634153672418469,0.22563482555308845,0.9766666666666667
leave_cell_out,cell,zz_r5_d6,eff_su2_r1_d2;eff_su2_r5_d2;z_r1_d6;zz_r1_d6,noisy_shot,512,0,9600,600,-0.12409465808836972,0.8016356286045004,0.8412087549045444,0.84112112442825,0.8529753797105519,-3.256654205567126e-17,0.84112112442825,-0.05648789282827709,0.5445252875190634,0.8963541666666667,1.1577251040401881,0.6352168924735562,-0.10778854705530007,1.1526964238899033,-0.05818955805348298,0.44040737361222826,0.7766666666666666
leave_cell_out,cell,zz_r5_d6,eff_su2_r1_d2;eff_su2_r5_d2;z_r1_d6;zz_r1_d6,noisy_shot,512,1,9840,540,-0.11312605258325359,0.7978839528226102,0.8377767138371861,0.8376915696005887,0.8666165273689477,7.220962761789636e-17,0.8376915696005887,-0.07350570568762534,0.5193040007360112,0.8990853658536585,1.1598715611498267,0.46260052547636443,-0.25239817859166536,1.1320764982136788,0.26703560521538866,-0.20331285009595756,0.7777777777777778
leave_cell_out,cell,zz_r5_d6,eff_su2_r1_d2;eff_su2_r5_d2;z_r1_d6;zz_r1_d6,noisy_shot,512,2,10080,480,-0.12770324504914976,0.7952439024163264,0.8411653421481292,0.8410818890657127,0.8583270642581786,-1.74816069909231e-16,0.8410818890657126,-0.07410454128834608,0.46187597820301285,0.8991071428571429,1.076313190702352,0.6138827616265193,0.03306527961037938,1.0758051737020813,-0.2551232071596808,0.518335496509716,0.8083333333333333
leave_cell_out,cell,zz_r5_d6,eff_su2_r1_d2;eff_su2_r5_d2;z_r1_d6;zz_r1_d6,noisy_shot,512,3,8880,780,-0.13303314343102235,0.8015158824830666,0.8335429232535692,0.8334490505213322,0.8567946308871899,4.800964430811488e-17,0.8334490505213322,-0.07993929718538123,0.5719659091305176,0.8987612612612612,1.2928343971592,0.49990435784640963,-0.2243535096525346,1.273218866175247,0.104320041385991,0.11658875897424181,0.7141025641025641
leave_cell_out,cell,zz_r5_d6,eff_su2_r1_d2;eff_su2_r5_d2;z_r1_d6;zz_r1_d6,noisy_shot,512,4,9600,600,-0.12839317456914334,0.7964370151303721,0.8528568406666386,0.852767996784876,0.8556980811101196,-1.4802973661668754e-17,0.852767996784876,-0.0858118868422519,0.47998887396605694,0.8975,1.0739524767991149,0.6977339190572608,-0.18362316342461876,1.058138202824607,0.2069090705758674,0.33280617713563077,0.8183333333333334
leave_target_out,target,MNIST_QNN_eff_su2_r1_d2_s43,MNIST_QNN_eff_su2_r1_d2_s44;MNIST_QNN_eff_su2_r1_d2_s45,noisy_shot,1024,0,1600,200,-0.0848283468998029,0.8318927366597846,0.6316302909163297,0.6312353985420522,0.8423511183846297,1.8263168755083825e-16,0.6312353985420522,-0.2848174336424363,1.2757031686265519,0.894375,0.5963950022628878,0.6902059996863339,0.008642897766967438,0.5963323729618741,0.0738818237285928,-0.11245198350181118,0.935
leave_target_out,target,MNIST_QNN_eff_su2_r1_d2_s43,MNIST_QNN_eff_su2_r1_d2_s44;MNIST_QNN_eff_su2_r1_d2_s45,noisy_shot,1024,1,1640,180,-0.08522514748156007,0.8297668692463006,0.6221944369751061,0.6218149343859867,0.8492065641565063,3.466062125659025e-17,0.6218149343859867,-0.19423722967179372,1.1977922675404846,0.8920731707317073,0.5972102086563366,0.7861706266594406,0.035434255696998096,0.5961580720300151,0.04861522740545131,-0.47963948780524435,0.9111111111111111
leave_target_out,target,MNIST_QNN_eff_su2_r1_d2_s43,MNIST_QNN_eff_su2_r1_d2_s44;MNIST_QNN_eff_su2_r1_d2_s45,noisy_shot,1024,2,1680,160,-0.10704228790890058,0.8325485006859046,0.6275480588674714,0.627174407117246,0.8295087170082318,2.114710523095536e-17,0.627174407117246,-0.2623186772722599,1.2861955334306154,0.8928571428571429,0.5739355978393582,0.8343089066502378,-0.15083904143222437,0.5537595633910346,0.3871638478306354,0.7478949731787239,0.90625
leave_target_out,target,MNIST_QNN_eff_su2_r1_d2_s43,MNIST_QNN_eff_su2_r1_d2_s44;MNIST_QNN_eff_su2_r1_d2_s45,noisy_shot,1024,3,1480,260,-0.12339359021451213,0.8584235029679053,0.6102156401459382,0.6098031928935805,0.838735336627657,3.900783600034334e-17,0.6098031928935805,-0.44470993777721707,1.5538507515763786,0.8932432432432432,0.6205003681350573,0.7993196145523678,0.06895472452303585,0.6166570787899006,-0.006003622518946099,0.4635775043471848,0.9153846153846154
leave_target_out,target,MNIST_QNN_eff_su2_r1_d2_s43,MNIST_QNN_eff_su2_r1_d2_s44;MNIST_QNN_eff_su2_r1_d2_s45,noisy_shot,1024,4,1600,200,-0.10643806656982524,0.8229488726360265,0.6459230600183571,0.6455192318700883,0.8298054854417957,-3.3306690738754695e-17,0.6455192318700884,-0.23251230408676882,0.9168220013208703,0.893125,0.473956934869789,0.8699462706260586,0.0502744852402555,0.47128298531242646,0.08075929528059106,0.1756390686497067,0.97
leave_target_out,target,MNIST_QNN_eff_su2_r1_d2_s44,MNIST_QNN_eff_su2_r1_d2_s43;MNIST_QNN_eff_su2_r1_d2_s45,noisy_shot,1024,0,1600,200,-0.09746323382537381,0.8525133977603068,0.5947594587421592,0.5943876178438292,0.8405819403062935,1.6653345369377347e-17,0.5943876178438292,-0.008725916568627312,0.8308424381472408,0.905,0.6121199355074042,0.8268670541698948,-0.14309836601861237,0.595158527695262,-0.6032886099645802,0.6723137364519163,0.865
leave_target_out,target,MNIST_QNN_eff_su2_r1_d2_s44,MNIST_QNN_eff_su2_r1_d2_s43;MNIST_QNN_eff_su2_r1_d2_s45,noisy_shot,1024,1,1640,180,-0.07909467806204995,0.8429277804261185,0.5832940119897914,0.5829382364080549,0.8406336360328547,2.166288828536891e-17,0.5829382364080549,0.11059818475980306,0.7017680071779444,0.901829268292683,0.5842632909311107,0.7990034412816598,-0.004436346981198159,0.5842464479610588,-0.6295306978352092,1.4568306693949369,0.8555555555555555
leave_target_out,target,MNIST_QNN_eff_su2_r1_d2_s44,MNIST_QNN_eff_su2_r1_d2_s43;MNIST_QNN_eff_su2_r1_d2_s45,noisy_shot,1024,2,1680,160,-0.08200205245446002,0.8504425493795919,0.5970626739764096,0.5967071736924502,0.8198883962807164,-3.9122144677267424e-17,0.5967071736924502,-0.03591284649930271,0.8087600203837151,0.9041666666666667,0.6430253996355176,0.8559458291710226,0.00520443896394443,0.643004337770351,-0.6213999003897381,1.0556653529659021,0.875
leave_target_out,target,MNIST_QNN_eff_su2_r1_d2_s44,MNIST_QNN_eff_su2_r1_d2_s43;MNIST_QNN_eff_su2_r1_d2_s45,noisy_shot,1024,3,1480,260,-0.12743317976801688,0.8750544469612664,0.5918704404819916,0.591470392825281,0.825530766131774,9.901989138548694e-18,0.591470392825281,-0.12372051592996804,0.8197989938167418,0.8986486486486487,0.7553921509307796,0.8056661999166945,-0.04289353996436508,0.7541733526962852,-0.20762312775180752,0.20256887354901387,0.8038461538461539
leave_target_out,target,MNIST_QNN_eff_su2_r1_d2_s44,MNIST_QNN_eff_su2_r1_d2_s43;MNIST_QNN_eff_su2_r1_d2_s45,noisy_shot,1024,4,1600,200,-0.10724852434345566,0.8426494345860579,0.6179437120472817,0.6175573764596293,0.8170719519435132,-1.7208456881689926e-17,0.6175573764596293,-0.003390865532140115,0.6850027448338603,0.904375,0.5510345232094424,0.866718493483144,0.014652409281052802,0.5508396796445567,-0.9317348867398195,4.894506311938504,0.935
leave_target_out,target,MNIST_QNN_eff_su2_r1_d2_s45,MNIST_QNN_eff_su2_r1_d2_s43;MNIST_QNN_eff_su2_r1_d2_s44,noisy_shot,1024,0,1600,200,-0.10396119325779613,0.8519807527461482,0.6098136709320514,0.6094324182089879,0.8312743465072034,5.329070518200751e-17,0.6094324182089879,-0.2684736033893405,1.0093401862100837,0.896875,0.618602258255162,0.7975802728672916,-0.00958698283647792,0.6185279651547528,-0.04303768171323153,1.2594734336004905,0.875
leave_target_out,target,MNIST_QNN_eff_su2_r1_d2_s45,MNIST_QNN_eff_su2_r1_d2_s43;MNIST_QNN_eff_su2_r1_d2_s44,noisy_shot,1024,1,1640,180,-0.11302574666069476,0.8352633148201996,0.6125356695181107,0.6121620582180157,0.8276885234701661,3.6826910085127146e-17,0.6121620582180156,-0.2183140099331637,0.9397772738132324,0.8987804878048781,0.7133699222947898,0.7233083392305222,-0.12167952086699169,0.702915884182776,-0.3641402979976811,0.9398838075905536,0.8444444444444444
leave_target_out,target,MNIST_QNN_eff_su2_r1_d2_s45,MNIST_QNN_eff_su2_r1_d2_s43;MNIST_QNN_eff_su2_r1_d2_s44,noisy_shot,1024,2,1680,160,-0.1024303329808916,0.8481555276509298,0.6081355192508408,0.607773426024782,0.8174956625703801,8.458842092382146e-18,0.607773426024782,-0.27781921853251595,0.9442033683263129,0.8964285714285715,0.6179611880072653,0.8838936249896859,0.024653676689464544,0.6174692106567273,-0.0620580466670335,0.988844604500069,0.9
leave_target_out,target,MNIST_QNN_eff_su2_r1_d2_s45,MNIST_QNN_eff_su2_r1_d2_s43;MNIST_QNN_eff_su2_r1_d2_s44,noisy_shot,1024,3,1480,260,-0.12512296587476124,0.8554324157605718,0.578009255663891,0.577618576838814,0.8298059273952645,7.111428563139516e-17,0.577618576838814,-0.3456653365917264,1.0423230096819394,0.8905405405405405,0.6039400897980902,0.8571534843109299,0.04752796943682909,0.6020670429333739,0.3135960419359891,0.918894947199226,0.8961538461538462
leave_target_out,target,MNIST_QNN_eff_su2_r1_d2_s45,MNIST_QNN_eff_su2_r1_d2_s43;MNIST_QNN_eff_su2_r1_d2_s44,noisy_shot,1024,4,1600,200,-0.12603157527995845,0.8526815868404044,0.6297659914972622,0.6293722646744703,0.8104892435903961,1.2323475573339239e-16,0.6293722646744703,-0.20537161951691435,0.5265640159987255,0.8975,0.5412758094089767,0.8724715682216377,0.12931181655290938,0.5256024695063081,0.3246473216582694,0.7977681413576319,0.94
leave_target_out,target,MNIST_QNN_eff_su2_r5_d2_s43,MNIST_QNN_eff_su2_r5_d2_s44;MNIST_QNN_eff_su2_r5_d2_s45,noisy_shot,1024,0,1600,200,-0.1467189938863409,0.8416192147097746,0.7174331492209616,0.7169846132913906,0.8934253663466266,-1.1546319456101628e-16,0.7169846132913907,0.03379463126215684,0.1688412334722864,0.8975,0.7105170348603534,0.8626309705838615,-0.03668890924129024,0.7095691515035254,-0.2990477132624811,0.07890712159205471,0.89
leave_target_out,target,MNIST_QNN_eff_su2_r5_d2_s43,MNIST_QNN_eff_su2_r5_d2_s44;MNIST_QNN_eff_su2_r5_d2_s45,noisy_shot,1024,1,1640,180,-0.16493603030918247,0.8240148533107776,0.7210220723019379,0.7205822905761785,0.894598309672498,1.7546939511148816e-16,0.7205822905761784,0.01299909287058204,0.2592993723199992,0.9048780487804878,0.7710882071405887,0.7852077813117042,-0.23365779826502575,0.7348340333035943,-0.3794763755692732,-0.3034836220754209,0.8666666666666667
leave_target_out,target,MNIST_QNN_eff_su2_r5_d2_s43,MNIST_QNN_eff_su2_r5_d2_s44;MNIST_QNN_eff_su2_r5_d2_s45,noisy_shot,1024,2,1680,160,-0.1702792572155576,0.8411711649305106,0.703857668849501,0.7034385811857612,0.9008198430355223,-2.2548100952506154e-16,0.7034385811857613,-0.09733190727205472,0.39238749860785216,0.9017857142857143,0.748122312201168,0.8541263886548232,0.014863454967978371,0.7479746464417338,-0.4865060454123945,1.5329325952416442,0.8625
leave_target_out,target,MNIST_QNN_eff_su2_r5_d2_s43,MNIST_QNN_eff_su2_r5_d2_s44;MNIST_QNN_eff_su2_r5_d2_s45,noisy_shot,1024,3,1480,260,-0.15821668412942902,0.8431498530184086,0.7205563838863239,0.7200693568730019,0.88533072178552,1.5483110289367048e-16,0.7200693568730019,-0.06647225350922427,0.3724124221489191,0.902027027027027,0.8234832535742032,0.9035398517026846,-0.11201924327796252,0.8158286327731995,-0.021256656011382092,-0.17864157671340974,0.8423076923076923
leave_target_out,target,MNIST_QNN_eff_su2_r5_d2_s43,MNIST_QNN_eff_su2_r5_d2_s44;MNIST_QNN_eff_su2_r5_d2_s45,noisy_shot,1024,4,1600,200,-0.16785091931758256,0.833132046132075,0.7235445912869528,0.7230922345117031,0.8946471499516917,-1.7763568394002505e-17,0.7230922345117031,-0.05456256407011488,0.3111969532358785,0.905625,0.6307926525294353,0.8627401496416598,0.03970250702321444,0.6295419616047785,-0.6754480502634748,0.4667237690200028,0.935
leave_target_out,target,MNIST_QNN_eff_su2_r5_d2_s44,MNIST_QNN_eff_su2_r5_d2_s43;MNIST_QNN_eff_su2_r5_d2_s45,noisy_shot,1024,0,1600,200,-0.14546972638236433,0.82170618198495,0.7291896498612078,0.7287337638211091,0.8872663591894041,1.1990408665951691e-16,0.7287337638211091,-0.1795773477428228,0.29207785931898567,0.8975,0.6032953804248476,0.9219772516926764,0.013416213707212346,0.6031461856397039,0.33207858875930035,0.14977421073324182,0.955
leave_target_out,target,MNIST_QNN_eff_su2_r5_d2_s44,MNIST_QNN_eff_su2_r5_d2_s43;MNIST_QNN_eff_su2_r5_d2_s45,noisy_shot,1024,1,1640,180,-0.13846620568777324,0.8103169906723375,0.7398254622197662,0.7393742115146427,0.8861549546351427,1.787188283542935e-16,0.7393742115146427,-0.18693677621388163,0.3314414441223428,0.8981707317073171,0.775402849541532,0.8332859175246243,0.08337151369902315,0.77090775698566,-0.15278101760013466,0.5233209890752164,0.8833333333333333
leave_target_out,target,MNIST_QNN_eff_su2_r5_d2_s44,MNIST_QNN_eff_su2_r5_d2_s43;MNIST_QNN_eff_su2_r5_d2_s45,noisy_shot,1024,2,1680,160,-0.1756120660923428,0.8174773952598364,0.7238934027681745,0.7234623855208117,0.8928588021440713,-1.564885787090697e-16,0.7234623855208117,-0.2509016692359088,0.1905034372401171,0.8994047619047619,0.7392625069973895,0.8897317551431265,-0.06538163416383717,0.7363655995265745,0.33599138319208494,-0.25243979419876883,0.89375
leave_target_out,target,MNIST_QNN_eff_su2_r5_d2_s44,MNIST_QNN_eff_su2_r5_d2_s43;MNIST_QNN_eff_su2_r5_d2_s45,noisy_shot,1024,3,1480,260,-0.13722131931351944,0.81309120211643,0.7238456438135235,0.7233563935759344,0.8650283768135887,-3.4566943901842714e-16,0.7233563935759344,-0.29156611961786494,0.4417432672339743,0.897972972972973,0.6959886940877021,0.8996741244923929,-0.04341725723159936,0.6946331435170583,0.08416330211735312,0.25103631635369084,0.9230769230769231
leave_target_out,target,MNIST_QNN_eff_su2_r5_d2_s44,MNIST_QNN_eff_su2_r5_d2_s43;MNIST_QNN_eff_su2_r5_d2_s45,noisy_shot,1024,4,1600,200,-0.17320617274758465,0.8157339338623981,0.7534606272619785,0.7529895671176139,0.8858225763706724,3.552713678800501e-17,0.7529895671176139,-0.19529684612208642,0.2681529125428108,0.90125,0.7214457477563258,0.8891300328412769,0.034273310160051695,0.7206311866456772,0.17984272074084448,0.19975667175388923,0.925
leave_target_out,target,MNIST_QNN_eff_su2_r5_d2_s45,MNIST_QNN_eff_su2_r5_d2_s43;MNIST_QNN_eff_su2_r5_d2_s44,noisy_shot,1024,0,1600,200,-0.17481481725884962,0.8094540291887866,0.7369277157075758,0.7364669918640366,0.8797713467826015,-3.8413716652030416e-16,0.7364669918640366,-0.10030151329665626,0.24990040980010297,0.90375,0.7987246473028732,0.8791490047105399,-0.127482722168584,0.7884853947649169,-0.40702501836461447,0.2164625555119617,0.885
leave_target_out,target,MNIST_QNN_eff_su2_r5_d2_s45,MNIST_QNN_eff_su2_r5_d2_s43;MNIST_QNN_eff_su2_r5_d2_s44,noisy_shot,1024,1,1640,180,-0.1510003976892481,0.8076929805003374,0.7099741513021041,0.7095411081686152,0.8932194137972942,-2.924489918524803e-17,0.7095411081686152,-0.05138502713271567,0.26058055050224116,0.8932926829268293,0.6540922151498864,0.9170760455543846,0.16942506861226977,0.6317687646959234,-0.0916603913785913,-0.007752820747124467,0.9333333333333333
leave_target_out,target,MNIST_QNN_eff_su2_r5_d2_s45,MNIST_QNN_eff_su2_r5_d2_s43;MNIST_QNN_eff_su2_r5_d2_s44,noisy_shot,1024,2,1680,160,-0.15732194735604677,0.8053003515562628,0.7163081430310295,0.7158816421637856,0.8847552902799508,-1.7763568394002506e-16,0.7158816421637856,-0.09799840387746087,0.23806443171534042,0.8976190476190476,0.8231662564997103,0.7584902993873802,0.17960851160075295,0.8033327258367537,0.04233427395750611,0.025818043347520803,0.85
leave_target_out,target,MNIST_QNN_eff_su2_r5_d2_s45,MNIST_QNN_eff_su2_r5_d2_s43;MNIST_QNN_eff_su2_r5_d2_s44,noisy_shot,1024,3,1480,260,-0.1642143840796384,0.8176008618837057,0.7098108302403338,0.7093310661907654,0.8719440108104279,-2.568515970484146e-16,0.7093310661907654,-0.14269263291627793,0.36792162526299244,0.897972972972973,0.7152010565551192,0.9243569364853778,0.008084769312384187,0.7151553592071616,0.022670774532404972,0.11763071175890172,0.8961538461538462
leave_target_out,target,MNIST_QNN_eff_su2_r5_d2_s45,MNIST_QNN_eff_su2_r5_d2_s43;MNIST_QNN_eff_su2_r5_d2_s44,noisy_shot,1024,4,1600,200,-0.16900028877747952,0.8045760675933169,0.7312890136861515,0.7308318151333737,0.8837840081215438,-1.509903313490213e-16,0.7308318151333737,-0.0729303022176659,0.26872566866106595,0.901875,0.6816126263693633,0.8764287524553082,0.12598965256680508,0.669867434551223,0.0447352095269472,0.06362421838036525,0.905
leave_target_out,target,MNIST_QNN_z_r1_d6_s43,MNIST_QNN_z_r1_d6_s44;MNIST_QNN_z_r1_d6_s45,noisy_shot,1024,0,1600,200,-0.01270952192613839,0.8244681509418995,0.6231411256307151,0.6227515406438183,0.9245318621045254,-4.4408920985006264e-17,0.6227515406438183,0.24754146111380174,0.26728969815365344,0.899375,0.6919473088486561,0.937955887118963,-0.03953116860431608,0.6908171718563998,0.6256931029359322,-0.09447195557314769,0.87
leave_target_out,target,MNIST_QNN_z_r1_d6_s43,MNIST_QNN_z_r1_d6_s44;MNIST_QNN_z_r1_d6_s45,noisy_shot,1024,1,1640,180,-0.03542900397121573,0.8324614754113608,0.6294846448059279,0.6291006956120454,0.9322114108149554,-1.4730764034050858e-16,0.6291006956120454,0.22054978942449635,0.029146186503425042,0.8957317073170732,0.5464859205669013,0.9328266657172537,-0.12247971617670236,0.5325838718015482,0.0012468287164971454,-0.6805006804310647,0.9722222222222222
leave_target_out,target,MNIST_QNN_z_r1_d6_s43,MNIST_QNN_z_r1_d6_s44;MNIST_QNN_z_r1_d6_s45,noisy_shot,1024,2,1680,160,-0.05901947623882631,0.8257366394376146,0.6194233401187883,0.6190545259508606,0.925512436963429,-6.767073673905717e-17,0.6190545259508606,0.235649887749369,0.11193313734242327,0.8976190476190476,0.725257768800604,0.9219327657152524,0.2746277936404555,0.6712513733064579,-0.2222334418764417,-0.1944928403659305,0.85
leave_target_out,target,MNIST_QNN_z_r1_d6_s43,MNIST_QNN_z_r1_d6_s44;MNIST_QNN_z_r1_d6_s45,noisy_shot,1024,3,1480,260,-0.06892707857916092,0.8416753435562782,0.618941524288587,0.6185231791753711,0.9230691444415842,-1.152231463394757e-16,0.6185231791753711,0.2414375177635767,0.19210926851222432,0.9013513513513514,0.6552132897759371,0.9327094378045329,0.08793988391475087,0.6492850159337317,0.2488286544125195,-0.152260205878322,0.8769230769230769
leave_target_out,target,MNIST_QNN_z_r1_d6_s43,MNIST_QNN_z_r1_d6_s44;MNIST_QNN_z_r1_d6_s45,noisy_shot,1024,4,1600,200,-0.02034388354215988,0.8182515721559422,0.6146475776860498,0.6142633028265521,0.9271065774243854,-3.730349362740526e-16,0.6142633028265521,0.3609464153816057,0.15484111682684043,0.904375,0.6003177054243619,0.9437540071605627,0.02413059104433722,0.5998325283125466,0.5326518079017296,-0.021707375159316644,0.91
leave_target_out,target,MNIST_QNN_z_r1_d6_s44,MNIST_QNN_z_r1_d6_s43;MNIST_QNN_z_r1_d6_s45,noisy_shot,1024,0,1600,200,-0.08541814445010232,0.841660299923246,0.5959066847398835,0.5955341266010973,0.9366878557468674,-3.552713678800501e-17,0.5955341266010973,0.1717403602237669,0.08000422814176877,0.906875,0.6545986745751126,0.9108370963714459,-0.014585209444748691,0.6544361668038732,0.46392020170087855,-0.41210274513165146,0.85
leave_target_out,target,MNIST_QNN_z_r1_d6_s44,MNIST_QNN_z_r1_d6_s43;MNIST_QNN_z_r1_d6_s45,noisy_shot,1024,1,1640,180,-0.08684179436574957,0.8482164688410195,0.6144106577020712,0.6140359027677227,0.9413533980511526,0.0,0.6140359027677227,0.22027155542381807,0.005608249024254164,0.9024390243902439,0.6413919358095066,0.8413694263490701,0.06803521232231564,0.6377733337210985,0.6032464560087241,0.36191707360618697,0.9055555555555556
leave_target_out,target,MNIST_QNN_z_r1_d6_s44,MNIST_QNN_z_r1_d6_s43;MNIST_QNN_z_r1_d6_s45,noisy_shot,1024,2,1680,160,-0.12239985762652505,0.8466652897959068,0.5973170565496335,0.5969614048023839,0.9387123026697647,2.8337121009480184e-16,0.5969614048023839,0.22818370087454987,0.06476122715929966,0.906547619047619,0.7500486484679644,0.8980154602693261,0.416328023971273,0.6238941829547662,0.24847291940685298,-0.31778843000944423,0.83125
leave_target_out,target,MNIST_QNN_z_r1_d6_s44,MNIST_QNN_z_r1_d6_s43;MNIST_QNN_z_r1_d6_s45,noisy_shot,1024,3,1480,260,-0.13006332882428295,0.860562329695251,0.5915704532388788,0.5911706083447753,0.9403785300402918,-2.304462926789514e-16,0.5911706083447753,0.14137385908382005,0.022563092702044152,0.9087837837837838,0.6847789491550014,0.9259459700978304,0.1994539083849678,0.6550880457127796,0.15323444622210866,-0.49849204584477746,0.8076923076923077
leave_target_out,target,MNIST_QNN_z_r1_d6_s44,MNIST_QNN_z_r1_d6_s43;MNIST_QNN_z_r1_d6_s45,noisy_shot,1024,4,1600,200,-0.11173044240875174,0.8434954031449919,0.6025402564988401,0.6021635510812747,0.9386630051209417,-5.329070518200751e-17,0.6021635510812747,0.21063187580473866,-0.010269222871657657,0.9075,0.6740018688265494,0.9184929291632459,0.04001752609211796,0.6728128393447527,-0.09404079327068769,0.040734915185100196,0.84
leave_target_out,target,MNIST_QNN_z_r1_d6_s45,MNIST_QNN_z_r1_d6_s43;MNIST_QNN_z_r1_d6_s44,noisy_shot,1024,0,1600,200,-0.021497991806410433,0.8726320390054252,0.6377053171545878,0.6373066267016406,0.9293154028568933,-1.865174681370263e-16,0.6373066267016406,0.14451046812428234,-0.12237431405851451,0.896875,0.6024406944205519,0.9448994383853815,-0.20795537669813438,0.5654107812875996,-0.11050869481696558,-0.5076624694942131,0.925
leave_target_out,target,MNIST_QNN_z_r1_d6_s45,MNIST_QNN_z_r1_d6_s43;MNIST_QNN_z_r1_d6_s44,noisy_shot,1024,1,1640,180,-0.052963254627284684,0.8840891190848769,0.6494398661639704,0.6490437454402223,0.9330433405317182,2.1879517168222597e-16,0.6490437454402223,0.12883446535110757,-0.2796146136345521,0.8939024390243903,0.5656847639608572,0.869421108719713,-0.23172275419740926,0.5160463325754945,-0.35568367056514866,-0.0410144088512121,0.9333333333333333
leave_target_out,target,MNIST_QNN_z_r1_d6_s45,MNIST_QNN_z_r1_d6_s43;MNIST_QNN_z_r1_d6_s44,noisy_shot,1024,2,1680,160,-0.07815067627178429,0.8654442031166483,0.637898606927121,0.6375187923016485,0.9293593175375656,1.2688263138573217e-16,0.6375187923016485,0.273646058072029,-0.1403391636736364,0.8976190476190476,0.5483777286812366,0.9491858033608472,-0.15633148468858532,0.5256221078005133,0.05903684888557694,0.6958791706667924,0.9125
leave_target_out,target,MNIST_QNN_z_r1_d6_s45,MNIST_QNN_z_r1_d6_s43;MNIST_QNN_z_r1_d6_s44,noisy_shot,1024,3,1480,260,-0.07512284302410333,0.8787118959969431,0.6403870779439044,0.6399542376930707,0.9271260422303854,1.3442700406272166e-16,0.6399542376930707,0.19236138124958302,-0.16999822526651354,0.9006756756756756,0.6602367684353566,0.9225362312508919,-0.20667918632806415,0.6270536694197173,0.07160241942797124,-0.11739331302441869,0.8923076923076924
leave_target_out,target,MNIST_QNN_z_r1_d6_s45,MNIST_QNN_z_r1_d6_s43;MNIST_QNN_z_r1_d6_s44,noisy_shot,1024,4,1600,200,-0.0180198645731815,0.8635523447530115,0.651374278132568,0.6509670419076208,0.9266395918596744,-7.549516567451065e-17,0.6509670419076209,0.23632155470240765,-0.2974227364572868,0.90375,0.6174276675956308,0.931447591289468,-0.07542239557771874,0.6128037099740005,-0.08172161045664735,0.2739484764960327,0.92
leave_target_out,target,MNIST_QNN_zz_r1_d6_s43,MNIST_QNN_zz_r1_d6_s44;MNIST_QNN_zz_r1_d6_s45,noisy_shot,1024,0,1600,200,-0.16483717449952429,0.7410774367541241,0.6042082421511008,0.6038304939165204,0.922692131843342,7.549516567451065e-17,0.6038304939165205,-0.1323163831550268,0.317761543974898,0.900625,0.8504099318638667,0.9107179922877947,0.14981095978176637,0.8371103443047234,-0.4746589054649627,0.3562045998271217,0.785
leave_target_out,target,MNIST_QNN_zz_r1_d6_s43,MNIST_QNN_zz_r1_d6_s44;MNIST_QNN_zz_r1_d6_s45,noisy_shot,1024,1,1640,180,-0.1342858416292565,0.7457682101450005,0.6016136718315241,0.6012467223177681,0.9373245767161799,-1.8196826159709882e-16,0.6012467223177681,-0.1886699823633361,0.33009355971787313,0.9036585365853659,0.7319062692924097,0.8842287192953833,0.028403406132967653,0.7313549299413924,0.06994658005588297,-0.5192996364566014,0.8222222222222222
leave_target_out,target,MNIST_QNN_zz_r1_d6_s43,MNIST_QNN_zz_r1_d6_s44;MNIST_QNN_zz_r1_d6_s45,noisy_shot,1024,2,1680,160,-0.17095934535448265,0.7427263211110148,0.6181605104574325,0.6177924481976759,0.9321863518289325,2.8760063114099295e-16,0.617792448197676,-0.13394352846492227,0.19639575755784433,0.9017857142857143,0.6496867233956546,0.9253868717291527,0.0026648719124625353,0.6496812580137062,0.030240771238451102,-0.5543533879195399,0.89375
leave_target_out,target,MNIST_QNN_zz_r1_d6_s43,MNIST_QNN_zz_r1_d6_s44;MNIST_QNN_zz_r1_d6_s45,noisy_shot,1024,3,1480,260,-0.18669889335677903,0.7609369279817174,0.5696195175079154,0.5692345093412462,0.946235860008827,6.241253760054934e-17,0.5692345093412462,-0.279423822032855,0.18849997439038502,0.9013513513513514,0.7226728265197998,0.9293521232081859,0.12529513739844325,0.7117282787232934,-0.13908926294837415,-0.3108899266572527,0.7769230769230769
leave_target_out,target,MNIST_QNN_zz_r1_d6_s43,MNIST_QNN_zz_r1_d6_s44;MNIST_QNN_zz_r1_d6_s45,noisy_shot,1024,4,1600,200,-0.19488132449004603,0.7436814216469566,0.6216509242010618,0.6212622708812956,0.9302609265511178,1.8207657603852566e-16,0.6212622708812956,-0.14653766786727374,0.14712748030495604,0.90125,0.6786882133794523,0.9179593858513366,0.1785563913537961,0.6547788222651242,0.16800383555833107,-0.09152318702300377,0.9
leave_target_out,target,MNIST_QNN_zz_r1_d6_s44,MNIST_QNN_zz_r1_d6_s43;MNIST_QNN_zz_r1_d6_s45,noisy_shot,1024,0,1600,200,-0.15289775446388787,0.7426512883469368,0.6747478919285129,0.6743260426269289,0.9193230059600155,1.7763568394002506e-16,0.6743260426269289,-0.026642198909547225,-0.17656604612929527,0.9,0.5572275533974314,0.9624882725374118,0.06679222140549614,0.553210037350197,-0.23512604733144715,0.7164359650491594,0.96
leave_target_out,target,MNIST_QNN_zz_r1_d6_s44,MNIST_QNN_zz_r1_d6_s43;MNIST_QNN_zz_r1_d6_s45,noisy_shot,1024,1,1640,180,-0.09694594496559228,0.7300507403665359,0.6885660869479956,0.688146101494498,0.9277029998050983,1.1264701908391832e-16,0.688146101494498,-0.10339790415198769,-0.05903468909255949,0.8975609756097561,0.5735092880522085,0.9195196911965059,-0.1280061144250238,0.5590414458266567,0.07645004734962109,0.13594329171577346,0.9555555555555556
leave_target_out,target,MNIST_QNN_zz_r1_d6_s44,MNIST_QNN_zz_r1_d6_s43;MNIST_QNN_zz_r1_d6_s45,noisy_shot,1024,2,1680,160,-0.11687578001509924,0.7277984817189124,0.7037737412695669,0.703354703577597,0.9222334362509564,-2.283887364943179e-16,0.703354703577597,-0.0677321099862985,-0.12448604426824517,0.9005952380952381,0.4749812713591077,0.9503928290850723,0.028326963317951048,0.47413583632868106,-0.48777137882742816,1.0812879183593127,0.99375
leave_target_out,target,MNIST_QNN_zz_r1_d6_s44,MNIST_QNN_zz_r1_d6_s43;MNIST_QNN_zz_r1_d6_s45,noisy_shot,1024,3,1480,260,-0.10567975830529197,0.7279169033514978,0.675623376080259,0.6751667194710868,0.929562124212256,-2.1124243495570547e-16,0.6751667194710868,-0.04691260236854368,-0.055923482307365546,0.9027027027027027,0.6406717443482517,0.906763412315153,0.08081562404316606,0.6355541825184893,-0.026868979199286314,0.7041183826354338,0.9230769230769231
leave_target_out,target,MNIST_QNN_zz_r1_d6_s44,MNIST_QNN_zz_r1_d6_s43;MNIST_QNN_zz_r1_d6_s45,noisy_shot,1024,4,1600,200,-0.16078304380683583,0.7392238147033052,0.7103059492710883,0.709861869234388,0.9191727812079911,-6.217248937900877e-17,0.709861869234388,-0.09154608884870064,-0.1612033944419835,0.899375,0.5013437745390649,0.9356871805812712,0.16667212142211205,0.4728276474675835,0.2318818660015362,0.7019169480062919,0.975
leave_target_out,target,MNIST_QNN_zz_r1_d6_s45,MNIST_QNN_zz_r1_d6_s43;MNIST_QNN_zz_r1_d6_s44,noisy_shot,1024,0,1600,200,-0.07834490067728317,0.7403371726311332,0.6315585366255484,0.6311636891117258,0.9233408154386945,-1.4543921622589551e-16,0.6311636891117259,-0.0011228246572013312,0.13128730484711681,0.903125,0.6629847976975081,0.952364867545232,-0.11712993784701334,0.6525560662793355,-0.176309458874625,-0.5644164013101043,0.89
leave_target_out,target,MNIST_QNN_zz_r1_d6_s45,MNIST_QNN_zz_r1_d6_s43;MNIST_QNN_zz_r1_d6_s44,noisy_shot,1024,1,1640,180,-0.01729362396705958,0.7232126042207359,0.6420706747012135,0.6416790487576718,0.932319811469016,-3.8776570030810345e-16,0.6416790487576719,-0.12842405769988544,0.43788097802876313,0.9048780487804878,0.7107499398923577,0.8942483200025526,-0.32978597411554467,0.6296083610734942,-0.045223141121420334,-0.26010198947884877,0.8722222222222222
leave_target_out,target,MNIST_QNN_zz_r1_d6_s45,MNIST_QNN_zz_r1_d6_s43;MNIST_QNN_zz_r1_d6_s44,noisy_shot,1024,2,1680,160,-0.024496173780937713,0.7204918414588262,0.6585814759187227,0.6581893463954681,0.9267077382319552,-3.3412426264909473e-16,0.6581893463954681,-0.08141117735502025,0.2836316997182684,0.9017857142857143,0.5956692579047231,0.9323638990144594,-0.04607967142993806,0.5938842721386656,-0.03227982087070249,-0.059049027698709455,0.91875
leave_target_out,target,MNIST_QNN_zz_r1_d6_s45,MNIST_QNN_zz_r1_d6_s43;MNIST_QNN_zz_r1_d6_s44,noisy_shot,1024,3,1480,260,-0.04015530090574648,0.7150714301459095,0.6287802140606483,0.6283552189366882,0.9314006813337365,-8.401687753920104e-17,0.6283552189366882,-0.03964284748910769,0.27872891547377554,0.904054054054054,0.7295972829992832,0.8583438455240814,-0.23216326271977153,0.6916736331560185,0.005632887348921445,-0.2913659046164834,0.8307692307692308
leave_target_out,target,MNIST_QNN_zz_r1_d6_s45,MNIST_QNN_zz_r1_d6_s43;MNIST_QNN_zz_r1_d6_s44,noisy_shot,1024,4,1600,200,-0.08091722650352806,0.735861121988281,0.6653218003648802,0.6649058442127085,0.9268502424222658,1.7763568394002506e-16,0.6649058442127085,-0.11106305729070012,0.2668307394576561,0.901875,0.5555360629447721,0.9561282412812397,0.006696691116901323,0.555495698957483,0.0185615729696352,0.1522307359124797,0.935
leave_target_out,target,MNIST_QNN_zz_r5_d6_s43,MNIST_QNN_zz_r5_d6_s44;MNIST_QNN_zz_r5_d6_s45,noisy_shot,1024,0,1600,200,-0.2055463432248295,0.5509486497252781,0.8232690323752635,0.8227543283347208,0.7836031252138252,-5.10702591327572e-17,0.8227543283347208,-0.002742417549492364,-0.28717929958352206,0.89875,0.8138039189345232,0.7539658065663228,-0.049086088228750706,0.8123222109579347,0.08378440961153735,-0.41220920119812954,0.89
leave_target_out,target,MNIST_QNN_zz_r5_d6_s43,MNIST_QNN_zz_r5_d6_s44;MNIST_QNN_zz_r5_d6_s45,noisy_shot,1024,1,1640,180,-0.2163727197661121,0.5644041963774443,0.8278273469566343,0.8273224201960523,0.8065202625668225,-8.665155314147563e-18,0.8273224201960523,0.006607695902769844,-0.442247172958838,0.9103658536585366,0.7069228656472062,0.736155009691281,-0.2950947592511197,0.6423854147140808,0.014752361983887437,-0.5839844351317005,0.9611111111111111
leave_target_out,target,MNIST_QNN_zz_r5_d6_s43,MNIST_QNN_zz_r5_d6_s44;MNIST_QNN_zz_r5_d6_s45,noisy_shot,1024,2,1680,160,-0.29904427086729335,0.5446549581013184,0.7970873660139978,0.7966127679570281,0.8063402958611666,7.612957883143931e-17,0.7966127679570281,0.009362475171859314,-0.324677328688709,0.8982142857142857,0.7376206037874385,0.653353219162659,0.2740338040159529,0.6848281750835692,-0.17650476717397967,-0.21660192614574303,0.9375
leave_target_out,target,MNIST_QNN_zz_r5_d6_s43,MNIST_QNN_zz_r5_d6_s44;MNIST_QNN_zz_r5_d6_s45,noisy_shot,1024,3,1480,260,-0.27172683907381184,0.5653005719172373,0.8035810796070736,0.803037935861608,0.8092986878415103,4.800964430811488e-17,0.803037935861608,0.03137909797223612,-0.4899366076524645,0.9081081081081082,0.8690543296028227,0.7706270516480384,0.06835562585607752,0.8663618967932716,0.1461026126508883,-0.7802159110266906,0.8730769230769231
leave_target_out,target,MNIST_QNN_zz_r5_d6_s43,MNIST_QNN_zz_r5_d6_s44;MNIST_QNN_zz_r5_d6_s45,noisy_shot,1024,4,1600,200,-0.22947557448084313,0.5485259772911942,0.8164201605905258,0.8159097384333556,0.8000556347836127,4.440892098500626e-18,0.8159097384333556,0.10795477419418015,-0.33920891548018517,0.909375,0.70801465628076,0.861383263650285,-0.04540064396733211,0.706557524222702,0.12211300103152077,-0.3128304251823759,0.93
leave_target_out,target,MNIST_QNN_zz_r5_d6_s44,MNIST_QNN_zz_r5_d6_s43;MNIST_QNN_zz_r5_d6_s45,noisy_shot,1024,0,1600,200,-0.22519292568279414,0.5645982606031276,0.7788749623762392,0.778388013305586,0.8190198088513551,3.552713678800501e-17,0.778388013305586,0.0692575590339466,-0.0563267559735805,0.89625,0.8754312681316233,0.7826776428504852,-0.2447614314825524,0.8405187367817293,0.31690317913647725,-0.8644938406466833,0.92
leave_target_out,target,MNIST_QNN_zz_r5_d6_s44,MNIST_QNN_zz_r5_d6_s43;MNIST_QNN_zz_r5_d6_s45,noisy_shot,1024,1,1640,180,-0.17837424052221215,0.5647693104657647,0.776824153853754,0.7763503360885048,0.8288330320991808,2.38291771139058e-17,0.7763503360885048,0.0464562131575555,-0.1276122510080877,0.8981707317073171,0.7388111074816258,0.6950070225866953,-0.07091202553596074,0.7354001204600212,0.32837778033958714,-0.3721838170688798,0.9277777777777778
leave_target_out,target,MNIST_QNN_zz_r5_d6_s44,MNIST_QNN_zz_r5_d6_s43;MNIST_QNN_zz_r5_d6_s45,noisy_shot,1024,2,1680,160,-0.27634737654813024,0.5596854462006934,0.7626237195857832,0.7621696417130845,0.8306588513986287,9.516197353929913e-18,0.7621696417130845,0.0666189443010303,-0.09817554162045061,0.9023809523809524,0.8907133807125971,0.7356783991539652,0.35590968194446637,0.8165161510213086,-0.30227276928116814,-0.9027590692893268,0.84375
leave_target_out,target,MNIST_QNN_zz_r5_d6_s44,MNIST_QNN_zz_r5_d6_s43;MNIST_QNN_zz_r5_d6_s45,noisy_shot,1024,3,1480,260,-0.2547833240210926,0.5613526800853851,0.7404976727976924,0.7399971673854587,0.8241818191549206,-1.6803375507840208e-17,0.7399971673854587,0.05249973691575675,-0.15493358311396088,0.8986486486486487,0.8519011586906178,0.5564904440999143,0.09179884648847425,0.8469407039231275,0.08154037446749166,-0.8653718979735396,0.8423076923076923
leave_target_out,target,MNIST_QNN_zz_r5_d6_s44,MNIST_QNN_zz_r5_d6_s43;MNIST_QNN_zz_r5_d6_s45,noisy_shot,1024,4,1600,200,-0.24659903301468838,0.5574643018922075,0.7928479105538239,0.7923522256597614,0.8134699490285406,-3.3306690738754695e-18,0.7923522256597614,0.11389784719434981,-0.10106584078739012,0.895,0.928185279538981,0.7759074403723315,-0.2587559461651034,0.8913883965348991,0.010348885083169189,-0.9757135463365785,0.825
leave_target_out,target,MNIST_QNN_zz_r5_d6_s45,MNIST_QNN_zz_r5_d6_s43;MNIST_QNN_zz_r5_d6_s44,noisy_shot,1024,0,1600,200,-0.23696235205176214,0.5581024226902968,0.8077688910994527,0.8072638776764723,0.7631875943161834,-3.219646771412954e-17,0.8072638776764723,0.04547418374784679,-0.6338106816894995,0.90125,0.6643863971975981,0.888562318253078,-0.07842058761961165,0.6597419921595103,-0.026445626327564895,-0.7049183038714015,0.98
leave_target_out,target,MNIST_QNN_zz_r5_d6_s45,MNIST_QNN_zz_r5_d6_s43;MNIST_QNN_zz_r5_d6_s44,noisy_shot,1024,1,1640,180,-0.23534538944950062,0.5845312520234351,0.8328951336905285,0.8323871158734016,0.777085739022524,5.632350954195916e-17,0.8323871158734016,0.03784680835131787,-0.6875318332627915,0.9109756097560976,0.7816649564131082,0.7813108163762438,-0.24822120198924097,0.7412060030567229,-0.061502933524399,0.09034253648426205,0.9
leave_target_out,target,MNIST_QNN_zz_r5_d6_s45,MNIST_QNN_zz_r5_d6_s43;MNIST_QNN_zz_r5_d6_s44,noisy_shot,1024,2,1680,160,-0.3156834490415248,0.5639329802165355,0.813679929662979,0.8131954521388344,0.7748398555823282,-1.2688263138573217e-17,0.8131954521388344,0.14163560639279896,-0.5948528212362953,0.9005952380952381,0.9184186284980311,0.7857498834385185,0.3081963458725652,0.8651634467330451,0.1715857541949012,-0.348900701894308,0.825
leave_target_out,target,MNIST_QNN_zz_r5_d6_s45,MNIST_QNN_zz_r5_d6_s43;MNIST_QNN_zz_r5_d6_s44,noisy_shot,1024,3,1480,260,-0.28644465062702484,0.5802343997963366,0.795399608003262,0.7948619941479881,0.7866785566215594,-4.320867987730339e-17,0.7948619941479881,0.04718839222932253,-0.6037582800885084,0.9047297297297298,0.8488140713999146,0.8315057527816395,0.10253617705736763,0.8425981605729742,-0.038913506433581234,0.49259176956418216,0.8615384615384616
leave_target_out,target,MNIST_QNN_zz_r5_d6_s45,MNIST_QNN_zz_r5_d6_s43;MNIST_QNN_zz_r5_d6_s44,noisy_shot,1024,4,1600,200,-0.23172962395614624,0.5533521008493636,0.8128666906489108,0.8123584901049252,0.7519591811306291,-3.663735981263017e-17,0.8123584901049252,0.09527551666427744,-0.6946286965703141,0.910625,0.6587577604060525,0.8472220449330493,0.12073507981291011,0.6475992799546402,-0.26363476580362444,-0.1259901618207575,0.96
leave_cell_out,cell,eff_su2_r1_d2,eff_su2_r5_d2;z_r1_d6;zz_r1_d6;zz_r5_d6,noisy_shot,1024,0,9600,600,-0.07119041898564271,0.7453132636019896,0.781842284315515,0.7817608381686909,0.8782770959320892,-4.4408920985006264e-17,0.7817608381686908,-0.021625729933918692,0.4074308870716119,0.8971875,0.6228780465703865,0.778534502395545,0.024380636636149516,0.6224007113239481,0.13749636950533528,0.7894811572952651,0.9466666666666667
leave_cell_out,cell,eff_su2_r1_d2,eff_su2_r5_d2;z_r1_d6;zz_r1_d6;zz_r5_d6,noisy_shot,1024,1,9840,540,-0.05817739580313441,0.7459403518204596,0.7854314236255997,0.7853515993026511,0.8896693912355274,6.35444723037488e-17,0.7853515993026511,-0.040676429604467566,0.4654298990049397,0.8964430894308943,0.6606183715585614,0.7518694241762112,-0.012354303885937761,0.6605028417926597,-0.2745816835416662,0.8009643977360459,0.9462962962962963
leave_cell_out,cell,eff_su2_r1_d2,eff_su2_r5_d2;z_r1_d6;zz_r1_d6;zz_r5_d6,noisy_shot,1024,2,10080,480,-0.08752076320741953,0.7398437583343548,0.7832543948507962,0.7831766871870453,0.8855644555750936,-7.330996480064526e-17,0.7831766871870453,-0.009835010747496003,0.36932717578647223,0.898015873015873,0.6451921353964633,0.8478451033507856,0.04635440853762267,0.6435247939175112,0.1212725569124233,0.643537259637367,0.9416666666666667
leave_cell_out,cell,eff_su2_r1_d2,eff_su2_r5_d2;z_r1_d6;zz_r1_d6;zz_r5_d6,noisy_shot,1024,3,8880,780,-0.07367175572113416,0.745742697978256,0.7658068046136819,0.7657205602522831,0.8876794585224831,4.800964430811488e-17,0.7657205602522831,-0.04422110460998662,0.434852979080123,0.9001126126126127,0.6676766407032211,0.8201720625975408,0.08930942504784947,0.6616766001139536,-0.07664824653736384,0.3533119933033695,0.9307692307692308
leave_cell_out,cell,eff_su2_r1_d2,eff_su2_r5_d2;z_r1_d6;zz_r1_d6;zz_r5_d6,noisy_shot,1024,4,9600,600,-0.07399727149168378,0.7414467848424303,0.7932886906063711,0.7932060520634512,0.88256313161638,4.144832625267251e-17,0.7932060520634512,-0.023211132985400815,0.378995631316259,0.8990625,0.5640624387680409,0.8502046042315918,0.06976163398920124,0.5597318547770053,0.15594470899393045,2.020032049576467,0.9683333333333334
leave_cell_out,cell,eff_su2_r5_d2,eff_su2_r1_d2;z_r1_d6;zz_r1_d6;zz_r5_d6,noisy_shot,1024,0,9600,600,-0.05648944534690925,0.7368055734542067,0.7544180284465991,0.7543394391418964,0.8721308348352554,-5.625129991434127e-17,0.7543394391418964,-0.03619440130124706,0.5581812715903105,0.8958333333333334,0.7260958845830044,0.8839917672858422,-0.007547351019928487,0.7260566583269916,-0.04602562358051376,0.2382294453678795,0.915
leave_cell_out,cell,eff_su2_r5_d2,eff_su2_r1_d2;z_r1_d6;zz_r1_d6;zz_r5_d6,noisy_shot,1024,1,9840,540,-0.041257669718748,0.7394300994484446,0.7588855055680167,0.7588083791380632,0.884315226255944,2.3107080837726835e-17,0.7588083791380632,-0.045028895783165435,0.6229299862490927,0.8951219512195122,0.7693821590729147,0.8472942292320904,0.027840682755396896,0.7688782758560767,-0.17528484797813712,0.20911178262419572,0.9
leave_cell_out,cell,eff_su2_r5_d2,eff_su2_r1_d2;z_r1_d6;zz_r1_d6;zz_r5_d6,noisy_shot,1024,2,10080,480,-0.06960998705089316,0.7300495517673499,0.7581305296234498,0.7580553145302916,0.8774655645844833,0.0,0.7580553145302916,-0.016625730840382724,0.49289770442245784,0.8976190476190476,0.7975205600560206,0.8423086507036681,0.0892873221230546,0.7925066673663778,0.07586800956649155,0.10676348642140754,0.8875
leave_cell_out,cell,eff_su2_r5_d2,eff_su2_r1_d2;z_r1_d6;zz_r1_d6;zz_r5_d6,noisy_shot,1024,3,8880,780,-0.0693369232861556,0.7400086640801468,0.7380129249767183,0.7379298107329753,0.8844221276614498,1.6003214769371625e-16,0.7379298107329753,-0.04081527488235761,0.6216315394752576,0.8987612612612612,0.7695235761168365,0.904674017592644,-0.007860069364773075,0.7694834329010766,0.046042054941839806,0.2575535951184822,0.8807692307692307
leave_cell_out,cell,eff_su2_r5_d2,eff_su2_r1_d2;z_r1_d6;zz_r1_d6;zz_r5_d6,noisy_shot,1024,4,9600,600,-0.05869920654772631,0.7326746963133324,0.7678674169355988,0.7677874265799534,0.8745710503477174,-2.042810365310288e-16,0.7677874265799534,-0.026288129094107143,0.4784159687174929,0.8960416666666666,0.7117646217266023,0.8666948808487112,0.047715435409972466,0.7101634417267971,0.07735255843893424,0.16829529110945352,0.91
leave_cell_out,cell,z_r1_d6,eff_su2_r1_d2;eff_su2_r5_d2;zz_r1_d6;zz_r5_d6,noisy_shot,1024,0,9600,600,-0.08844270439052715,0.7216655445767333,0.7611456779570511,0.7610663878190208,0.8591038442827715,5.921189464667502e-18,0.7610663878190208,-0.06379298303358434,0.3837327341974053,0.8970833333333333,0.7706529963481552,0.907611477581423,0.19119880747937498,0.7465581402669551,0.5056605889388981,-0.10538196186791726,0.9
leave_cell_out,cell,z_r1_d6,eff_su2_r1_d2;eff_su2_r5_d2;zz_r1_d6;zz_r5_d6,noisy_shot,1024,1,9840,540,-0.07273695425658155,0.7189489961312492,0.7560387409423576,0.7559619038324542,0.8721044255673316,4.9102546780169523e-17,0.7559619038324542,-0.07886604556174022,0.44034299504537033,0.8949186991869919,0.6028740344167383,0.8852113734922565,0.12255310064557505,0.5902862347167432,0.2910991973548624,0.35091411688923424,0.9648148148148148
leave_cell_out,cell,z_r1_d6,eff_su2_r1_d2;eff_su2_r5_d2;zz_r1_d6;zz_r5_d6,noisy_shot,1024,2,10080,480,-0.0954930691217224,0.7162376122335691,0.7636454317099126,0.7635696694763109,0.8665814462848315,1.6917684184764292e-17,0.7635696694763109,-0.059841787647651475,0.33731902687082016,0.8972222222222223,0.8811991863697521,0.8725589498445884,0.46585370208051524,0.7479922020426361,0.3181733962335953,0.010786651200724418,0.8458333333333333
leave_cell_out,cell,z_r1_d6,eff_su2_r1_d2;eff_su2_r5_d2;zz_r1_d6;zz_r5_d6,noisy_shot,1024,3,8880,780,-0.08917794762467424,0.7219929267746081,0.7416009802777255,0.7415174619509473,0.8709422866956269,-8.641735975460678e-17,0.7415174619509473,-0.08434211220456377,0.42164520820168505,0.8962837837837838,0.7725248797915949,0.9030973121970043,0.3208954878118014,0.7027238261216452,0.43081461591004677,0.2839590497535358,0.8782051282051282
leave_cell_out,cell,z_r1_d6,eff_su2_r1_d2;eff_su2_r5_d2;zz_r1_d6;zz_r5_d6,noisy_shot,1024,4,9600,600,-0.09117522892609375,0.7180896680394093,0.7749811844033978,0.7749004529917091,0.8627104793589524,1.0658141036401502e-16,0.7749004529917091,-0.06091006536712977,0.29678884614351775,0.8983333333333333,0.788933934633423,0.8937815065438218,0.24127964230463636,0.7511330690533607,0.29928779039652337,-0.013375206798869499,0.895
leave_cell_out,cell,zz_r1_d6,eff_su2_r1_d2;eff_su2_r5_d2;z_r1_d6;zz_r5_d6,noisy_shot,1024,0,9600,600,-0.056103320741876406,0.7589284107462438,0.7792257485123603,0.7791445749355462,0.8581464617947826,-4.7369515717340015e-17,0.7791445749355462,-0.07806006090799922,0.5837786150457243,0.896875,0.7100303124342147,0.9412260143497827,-0.07328618581057512,0.7062380473641776,-0.41451105168866015,0.7370000413834008,0.93
leave_cell_out,cell,zz_r1_d6,eff_su2_r1_d2;eff_su2_r5_d2;z_r1_d6;zz_r5_d6,noisy_shot,1024,1,9840,540,-0.05205646465909941,0.7612584909951432,0.7791619476272126,0.7790827604785119,0.8678561556324257,-1.270889446074976e-16,0.7790827604785119,-0.06511921938404062,0.6597425642646897,0.896239837398374,0.6902105638326431,0.8953549114259799,-0.22668392261483383,0.6519240919417898,0.07497084007975767,-0.07814516115983716,0.9462962962962963
leave_cell_out,cell,zz_r1_d6,eff_su2_r1_d2;eff_su2_r5_d2;z_r1_d6;zz_r5_d6,noisy_shot,1024,2,10080,480,-0.07566766925402724,0.7536118974376387,0.7759884756682893,0.7759114888656128,0.8618349405144391,-4.5113824492704774e-17,0.7759114888656128,-0.04587894439972345,0.5669592927509299,0.8960317460317461,0.5744451695076519,0.936308970216962,-0.08653229049027471,0.5678903199326272,-0.1864816148293926,-0.044601990713215134,0.9729166666666667
leave_cell_out,cell,zz_r1_d6,eff_su2_r1_d2;eff_su2_r5_d2;z_r1_d6;zz_r5_d6,noisy_shot,1024,3,8880,780,-0.06831812118378244,0.7636335538350475,0.7615768728047253,0.7614911048138228,0.861284587545059,9.121832418541827e-17,0.7614911048138228,-0.08522555659243815,0.6600748035381918,0.8978603603603603,0.7163019453559623,0.9018107383059083,-0.10721411687918862,0.7082327372146473,-0.06672430544614379,-0.09087985660543074,0.9115384615384615
leave_cell_out,cell,zz_r1_d6,eff_su2_r1_d2;eff_su2_r5_d2;z_r1_d6;zz_r5_d6,noisy_shot,1024,4,9600,600,-0.05714605239161019,0.7534597003476335,0.787849232725621,0.787767160822411,0.8588181030017624,-7.105427357601002e-17,0.787767160822411,-0.059894775675029474,0.5340384448533237,0.8967708333333333,0.5701396770284579,0.9414540448749981,0.006422774657384316,0.5701034987507222,0.10310090274217004,0.3405234957905079,0.9683333333333334
leave_cell_out,cell,zz_r5_d6,eff_su2_r1_d2;eff_su2_r5_d2;z_r1_d6;zz_r1_d6,noisy_shot,1024,0,9600,600,-0.0981999258572388,0.8021929387096087,0.6707808936329159,0.6707110169835641,0.9013499802800635,-5.921189464667501e-17,0.6707110169835641,-0.017817727179639295,0.4186740436463636,0.8988541666666666,1.0617647503487915,0.6757760783881774,-0.10870357295766174,1.0561855510796716,0.00918368869745836,0.3242871667598086,0.715
leave_cell_out,cell,zz_r5_d6,eff_su2_r1_d2;eff_su2_r5_d2;z_r1_d6;zz_r1_d6,noisy_shot,1024,1,9840,540,-0.08346879600482904,0.7965690691588532,0.675627054092849,0.6755583893176228,0.9087353576477606,-1.906334169112464e-16,0.6755583893176228,-0.029353149251906623,0.5609730019356332,0.8981707317073171,1.0719226084809186,0.4718490101488447,-0.26375589434342556,1.0389662683512089,0.33364723621041503,-0.20954805894923378,0.6685185185185185
leave_cell_out,cell,zz_r5_d6,eff_su2_r1_d2;eff_su2_r5_d2;z_r1_d6;zz_r1_d6,noisy_shot,1024,2,10080,480,-0.09790693540851714,0.7931309035417201,0.6728932270829293,0.6728264684908624,0.9040056332476427,-1.804552979708191e-16,0.6728264684908624,-0.060079206383560964,0.5367154431190544,0.8993055555555556,0.9626117667176932,0.679475389092649,0.022039179172308857,0.9623594380504455,-0.5097010699218125,0.5980036663174255,0.7666666666666667
leave_cell_out,cell,zz_r5_d6,eff_su2_r1_d2;eff_su2_r5_d2;z_r1_d6;zz_r1_d6,noisy_shot,1024,3,8880,780,-0.10134213693239746,0.7988509463187454,0.6639355621859504,0.6638607904573293,0.903545744793864,-1.664334336014649e-16,0.6638607904573293,-0.06394011314340464,0.6791664873141379,0.9003378378378378,1.1598093113328267,0.5738544748626393,-0.21134720074435065,1.1403902838028097,0.24986918529124968,-0.07528275417629215,0.6653846153846154
leave_cell_out,cell,zz_r5_d6,eff_su2_r1_d2;eff_su2_r5_d2;z_r1_d6;zz_r1_d6,noisy_shot,1024,4,9600,600,-0.10637759986390538,0.7958812018048828,0.6857809634335887,0.685709524195577,0.9015600955762348,0.0,0.685709524195577,-0.04889716019016949,0.4871480575905798,0.9009375,0.9750305250764228,0.7291180507597785,-0.1677052346520957,0.9604995986990782,0.09101434404671858,0.3848309456031287,0.78
