scope,scope_id,scheme,mode,shots,attack,reference_count,n_replicates,auc_median,auc_q05,auc_q95,advantage_median,advantage_q05,advantage_q95,tpr_at_0_1pct_fpr_median,tpr_at_0_1pct_fpr_q05,tpr_at_0_1pct_fpr_q95,tpr_at_1pct_fpr_median,tpr_at_1pct_fpr_q05,tpr_at_1pct_fpr_q95,tpr_at_5pct_fpr_median,tpr_at_5pct_fpr_q05,tpr_at_5pct_fpr_q95
cell,eff_su2_r1_d2,leave_cell_out,noisy_shot,1024,affine_channel_lira,16,10,0.5354277777777778,0.5174688888888889,0.5692933333333333,0.09333333333333335,0.05783333333333335,0.1643333333333333,0.005,0.0,0.011833333333333331,0.013333333333333334,0.01,0.023666666666666662,0.06166666666666667,0.043000000000000003,0.08516666666666667
cell,eff_su2_r1_d2,leave_cell_out,noisy_shot,1024,deconvolved_lira,16,10,0.5382444444444445,0.5173894444444445,0.57613,0.09166666666666662,0.05416666666666672,0.12916666666666665,0.0016666666666666668,0.0,0.008499999999999997,0.008333333333333333,0.004833333333333334,0.022166666666666657,0.07,0.051166666666666666,0.0885
cell,eff_su2_r1_d2,leave_cell_out,noisy_shot,1024,empirical_channel_lira,16,10,0.5295666666666667,0.50387,0.5623711111111112,0.09,0.04600000000000001,0.14499999999999996,0.0033333333333333335,0.0,0.008499999999999997,0.016666666666666666,0.008166666666666668,0.02666666666666667,0.065,0.051500000000000004,0.09583333333333331
cell,eff_su2_r1_d2,leave_cell_out,noisy_shot,1024,latent_lira_mismatched,16,10,0.53855,0.5257000000000001,0.5717644444444444,0.08500000000000002,0.07333333333333336,0.13049999999999998,0.0033333333333333335,0.0,0.005166666666666663,0.01,0.0015,0.016666666666666666,0.058333333333333334,0.0415,0.07883333333333332
cell,eff_su2_r1_d2,leave_cell_out,noisy_shot,1024,loss_mia,0,10,0.5249611111111112,0.5112788888888888,0.5360683333333334,0.07500000000000001,0.06300000000000001,0.09516666666666664,0.006666666666666667,0.0,0.01549999999999999,0.016666666666666666,0.008166666666666668,0.02666666666666667,0.05333333333333334,0.036,0.06
cell,eff_su2_r1_d2,leave_cell_out,noisy_shot,1024,noise_augmented_lira,16,10,0.5322333333333333,0.49976666666666664,0.5586305555555555,0.09166666666666667,0.04316666666666668,0.14933333333333326,0.006666666666666667,0.0,0.011833333333333331,0.013333333333333334,0.008166666666666668,0.02183333333333333,0.07833333333333334,0.04633333333333334,0.09183333333333334
cell,eff_su2_r1_d2,leave_cell_out,noisy_shot,128,affine_channel_lira,16,10,0.5110666666666667,0.48790944444444445,0.5670094444444443,0.07833333333333334,0.03266666666666667,0.15266666666666662,0.0,0.0,0.006666666666666667,0.008333333333333333,0.0,0.020666666666666653,0.045,0.03116666666666667,0.07399999999999998
cell,eff_su2_r1_d2,leave_cell_out,noisy_shot,128,deconvolved_lira,16,10,0.5280611111111111,0.5118311111111111,0.5626933333333333,0.10166666666666668,0.05816666666666668,0.134,0.0,0.0,0.0,0.006666666666666667,0.0,0.016666666666666666,0.05333333333333334,0.016333333333333335,0.08799999999999997
cell,eff_su2_r1_d2,leave_cell_out,noisy_shot,128,empirical_channel_lira,16,10,0.5101111111111112,0.4926188888888889,0.5531533333333334,0.08999999999999997,0.04266666666666669,0.1303333333333333,0.0,0.0,0.0033333333333333335,0.006666666666666667,0.0,0.018499999999999996,0.055,0.043333333333333335,0.08033333333333333
cell,eff_su2_r1_d2,leave_cell_out,noisy_shot,128,latent_lira_mismatched,16,10,0.5221555555555556,0.5061155555555555,0.5500544444444444,0.07666666666666666,0.04633333333333335,0.12216666666666663,0.0,0.0,0.0018333333333333298,0.005,0.0,0.018499999999999996,0.043333333333333335,0.026333333333333334,0.06799999999999998
cell,eff_su2_r1_d2,leave_cell_out,noisy_shot,128,loss_mia,0,10,0.5295000000000001,0.5065,0.5448538888888889,0.08666666666666667,0.0511666666666667,0.11333333333333329,0.0,0.0,0.0033333333333333335,0.015,0.003,0.020333333333333328,0.05666666666666667,0.05,0.08033333333333333
cell,eff_su2_r1_d2,leave_cell_out,noisy_shot,128,noise_augmented_lira,16,10,0.5050611111111112,0.4853216666666667,0.5389283333333333,0.06166666666666665,0.03666666666666665,0.1088333333333333,0.0,0.0,0.008499999999999997,0.006666666666666667,0.0015,0.03649999999999997,0.06333333333333334,0.03933333333333333,0.09
cell,eff_su2_r1_d2,leave_cell_out,noisy_shot,512,affine_channel_lira,16,10,0.5229333333333334,0.48435833333333334,0.5666666666666667,0.07499999999999998,0.04416666666666671,0.1438333333333333,0.0033333333333333335,0.0,0.01366666666666666,0.013333333333333334,0.0015,0.02183333333333333,0.051666666666666666,0.04,0.08216666666666665
cell,eff_su2_r1_d2,leave_cell_out,noisy_shot,512,deconvolved_lira,16,10,0.5431444444444444,0.49252444444444443,0.5779955555555556,0.09166666666666667,0.053333333333333344,0.14433333333333334,0.0033333333333333335,0.0,0.01,0.013333333333333334,0.006666666666666667,0.025166666666666664,0.04666666666666667,0.023,0.077
cell,eff_su2_r1_d2,leave_cell_out,noisy_shot,512,empirical_channel_lira,16,10,0.5217055555555556,0.4795838888888889,0.551795,0.07,0.03450000000000003,0.12799999999999997,0.0033333333333333335,0.0,0.011833333333333331,0.016666666666666666,0.0033333333333333335,0.025499999999999988,0.06166666666666666,0.03966666666666667,0.08549999999999999
cell,eff_su2_r1_d2,leave_cell_out,noisy_shot,512,latent_lira_mismatched,16,10,0.5314611111111112,0.4937122222222222,0.5674855555555556,0.08333333333333334,0.05266666666666668,0.13966666666666663,0.0,0.0,0.005166666666666663,0.01,0.0015,0.018499999999999996,0.04,0.0245,0.06766666666666664
cell,eff_su2_r1_d2,leave_cell_out,noisy_shot,512,loss_mia,0,10,0.5260666666666667,0.5100155555555556,0.5451755555555555,0.08166666666666667,0.05816666666666665,0.10183333333333335,0.0033333333333333335,0.0,0.019499999999999976,0.016666666666666666,0.008166666666666668,0.028833333333333322,0.05333333333333334,0.028166666666666666,0.08683333333333329
cell,eff_su2_r1_d2,leave_cell_out,noisy_shot,512,noise_augmented_lira,16,10,0.5361777777777778,0.4934633333333333,0.5679094444444445,0.08333333333333334,0.03383333333333333,0.16933333333333328,0.0033333333333333335,0.0,0.011833333333333331,0.015,0.006333333333333333,0.025166666666666664,0.065,0.04633333333333334,0.08616666666666664
cell,eff_su2_r1_d2,leave_target_out,noisy_shot,1024,affine_channel_lira,16,10,0.5388611111111111,0.5224605555555555,0.5727861111111111,0.08833333333333332,0.06416666666666669,0.15016666666666664,0.006666666666666667,0.0015,0.011833333333333331,0.02,0.0115,0.030333333333333327,0.06166666666666667,0.04966666666666667,0.08549999999999999
cell,eff_su2_r1_d2,leave_target_out,noisy_shot,1024,deconvolved_lira,16,10,0.5403277777777777,0.5204266666666666,0.5807444444444444,0.08999999999999997,0.06333333333333335,0.1478333333333333,0.0033333333333333335,0.0,0.008499999999999997,0.013333333333333334,0.0033333333333333335,0.02183333333333333,0.065,0.06,0.0985
cell,eff_su2_r1_d2,leave_target_out,noisy_shot,1024,empirical_channel_lira,16,10,0.5337055555555555,0.510155,0.569153888888889,0.08166666666666664,0.053333333333333344,0.1383333333333333,0.005,0.0,0.008499999999999997,0.02,0.01,0.028499999999999998,0.06666666666666668,0.053,0.08916666666666664
cell,eff_su2_r1_d2,leave_target_out,noisy_shot,1024,latent_lira_mismatched,16,10,0.53855,0.5257000000000001,0.5717644444444444,0.08500000000000002,0.07333333333333336,0.13049999999999998,0.0033333333333333335,0.0,0.005166666666666663,0.01,0.0015,0.016666666666666666,0.058333333333333334,0.0415,0.07883333333333332
cell,eff_su2_r1_d2,leave_target_out,noisy_shot,1024,loss_mia,0,10,0.5249611111111112,0.5112788888888888,0.5360683333333334,0.07500000000000001,0.06300000000000001,0.09516666666666664,0.006666666666666667,0.0,0.01549999999999999,0.016666666666666666,0.008166666666666668,0.02666666666666667,0.05333333333333334,0.036,0.06
cell,eff_su2_r1_d2,leave_target_out,noisy_shot,1024,noise_augmented_lira,16,10,0.5439611111111111,0.51454,0.5685838888888889,0.09000000000000002,0.05633333333333334,0.15499999999999997,0.006666666666666667,0.0015,0.011833333333333331,0.013333333333333334,0.006666666666666667,0.02666666666666667,0.06833333333333333,0.050833333333333335,0.097
cell,eff_su2_r1_d2,leave_target_out,noisy_shot,128,affine_channel_lira,16,10,0.5113055555555556,0.488155,0.565225,0.07499999999999998,0.029666666666666692,0.14049999999999999,0.0,0.0,0.006666666666666667,0.008333333333333333,0.0015,0.0313333333333333,0.04666666666666667,0.034833333333333334,0.07733333333333332
cell,eff_su2_r1_d2,leave_target_out,noisy_shot,128,deconvolved_lira,16,10,0.5307722222222222,0.5098022222222222,0.5621733333333333,0.09500000000000003,0.04816666666666673,0.12216666666666666,0.0,0.0,0.0018333333333333298,0.008333333333333333,0.0015,0.020333333333333328,0.055,0.023,0.08399999999999998
cell,eff_su2_r1_d2,leave_target_out,noisy_shot,128,empirical_channel_lira,16,10,0.51075,0.4932566666666667,0.5521327777777777,0.08666666666666667,0.043333333333333335,0.12033333333333332,0.0,0.0,0.0033333333333333335,0.006666666666666667,0.0,0.018499999999999996,0.05666666666666667,0.04816666666666667,0.07666666666666666
cell,eff_su2_r1_d2,leave_target_out,noisy_shot,128,latent_lira_mismatched,16,10,0.5221555555555556,0.5061155555555555,0.5500544444444444,0.07666666666666666,0.04633333333333335,0.12216666666666663,0.0,0.0,0.0018333333333333298,0.005,0.0,0.018499999999999996,0.043333333333333335,0.026333333333333334,0.06799999999999998
cell,eff_su2_r1_d2,leave_target_out,noisy_shot,128,loss_mia,0,10,0.5295000000000001,0.5065,0.5448538888888889,0.08666666666666667,0.0511666666666667,0.11333333333333329,0.0,0.0,0.0033333333333333335,0.015,0.003,0.020333333333333328,0.05666666666666667,0.05,0.08033333333333333
cell,eff_su2_r1_d2,leave_target_out,noisy_shot,128,noise_augmented_lira,16,10,0.5197888888888889,0.4923327777777778,0.5529761111111111,0.07333333333333335,0.037500000000000026,0.13033333333333336,0.0,0.0,0.006999999999999993,0.006666666666666667,0.0,0.025833333333333316,0.051666666666666666,0.0315,0.06183333333333333
cell,eff_su2_r1_d2,leave_target_out,noisy_shot,512,affine_channel_lira,16,10,0.5232722222222222,0.487085,0.5739638888888888,0.06999999999999995,0.03966666666666664,0.1601666666666666,0.0033333333333333335,0.0,0.016666666666666666,0.018333333333333333,0.0115,0.025166666666666664,0.058333333333333334,0.0415,0.087
cell,eff_su2_r1_d2,leave_target_out,noisy_shot,512,deconvolved_lira,16,10,0.5464833333333333,0.49445333333333336,0.5840761111111111,0.08833333333333332,0.06149999999999998,0.1598333333333333,0.0033333333333333335,0.0,0.0033333333333333335,0.016666666666666666,0.006666666666666667,0.023333333333333334,0.05333333333333334,0.025666666666666667,0.0785
cell,eff_su2_r1_d2,leave_target_out,noisy_shot,512,empirical_channel_lira,16,10,0.520661111111111,0.48696277777777774,0.5572072222222223,0.0683333333333333,0.04266666666666662,0.1356666666666666,0.0033333333333333335,0.0,0.013333333333333334,0.02,0.006333333333333333,0.025166666666666664,0.06,0.04116666666666667,0.08616666666666664
cell,eff_su2_r1_d2,leave_target_out,noisy_shot,512,latent_lira_mismatched,16,10,0.5314611111111112,0.4937122222222222,0.5674855555555556,0.08333333333333334,0.05266666666666668,0.13966666666666663,0.0,0.0,0.005166666666666663,0.01,0.0015,0.018499999999999996,0.04,0.0245,0.06766666666666664
cell,eff_su2_r1_d2,leave_target_out,noisy_shot,512,loss_mia,0,10,0.5260666666666667,0.5100155555555556,0.5451755555555555,0.08166666666666667,0.05816666666666665,0.10183333333333335,0.0033333333333333335,0.0,0.019499999999999976,0.016666666666666666,0.008166666666666668,0.028833333333333322,0.05333333333333334,0.028166666666666666,0.08683333333333329
cell,eff_su2_r1_d2,leave_target_out,noisy_shot,512,noise_augmented_lira,16,10,0.5319555555555555,0.4962916666666667,0.5658433333333334,0.09666666666666668,0.04150000000000002,0.13499999999999998,0.0033333333333333335,0.0,0.008499999999999997,0.011666666666666667,0.004833333333333334,0.02183333333333333,0.05333333333333334,0.034833333333333334,0.08883333333333332
cell,eff_su2_r5_d2,leave_cell_out,noisy_shot,1024,affine_channel_lira,16,10,0.5418722222222223,0.5220111111111111,0.5638072222222222,0.10999999999999999,0.06200000000000002,0.12766666666666668,0.0,0.0,0.0033333333333333335,0.011666666666666667,0.0033333333333333335,0.025499999999999988,0.06333333333333334,0.056666666666666664,0.07666666666666666
cell,eff_su2_r5_d2,leave_cell_out,noisy_shot,1024,deconvolved_lira,16,10,0.5197555555555555,0.49950500000000003,0.5469477777777778,0.07833333333333331,0.05783333333333335,0.11399999999999999,0.0016666666666666668,0.0,0.006666666666666667,0.008333333333333333,0.0033333333333333335,0.016666666666666666,0.05,0.03666666666666667,0.05333333333333334
cell,eff_su2_r5_d2,leave_cell_out,noisy_shot,1024,empirical_channel_lira,16,10,0.5401333333333334,0.5226027777777777,0.5615116666666666,0.1133333333333334,0.06933333333333339,0.1391666666666667,0.006666666666666667,0.006666666666666667,0.011833333333333331,0.016666666666666666,0.0115,0.023666666666666662,0.065,0.0415,0.08033333333333333
cell,eff_su2_r5_d2,leave_cell_out,noisy_shot,1024,latent_lira_mismatched,16,10,0.5356000000000001,0.516935,0.5517761111111111,0.10499999999999998,0.07116666666666666,0.1318333333333333,0.0,0.0,0.0,0.0016666666666666668,0.0,0.015166666666666663,0.04666666666666667,0.03816666666666667,0.06033333333333333
cell,eff_su2_r5_d2,leave_cell_out,noisy_shot,1024,loss_mia,0,10,0.5529611111111111,0.5465644444444444,0.5673772222222222,0.12166666666666665,0.10933333333333338,0.13250000000000003,0.0033333333333333335,0.0033333333333333335,0.006666666666666667,0.011666666666666667,0.004833333333333334,0.015166666666666663,0.05,0.036,0.06883333333333333
cell,eff_su2_r5_d2,leave_cell_out,noisy_shot,1024,noise_augmented_lira,16,10,0.5510388888888889,0.5302222222222222,0.5710233333333333,0.11500000000000005,0.06683333333333336,0.13699999999999998,0.0033333333333333335,0.0015,0.0033333333333333335,0.01,0.006666666666666667,0.020333333333333328,0.065,0.051500000000000004,0.09
cell,eff_su2_r5_d2,leave_cell_out,noisy_shot,128,affine_channel_lira,16,10,0.5273444444444444,0.4924344444444444,0.5455311111111111,0.07333333333333336,0.034666666666666734,0.1036666666666666,0.0016666666666666668,0.0,0.006666666666666667,0.018333333333333333,0.004833333333333334,0.03366666666666666,0.06666666666666667,0.053,0.09183333333333334
cell,eff_su2_r5_d2,leave_cell_out,noisy_shot,128,deconvolved_lira,16,10,0.5138166666666666,0.48534555555555553,0.5330811111111111,0.0633333333333333,0.027500000000000042,0.0866666666666667,0.0016666666666666668,0.0,0.010333333333333326,0.006666666666666667,0.0,0.01366666666666666,0.03833333333333333,0.021500000000000002,0.06033333333333333
cell,eff_su2_r5_d2,leave_cell_out,noisy_shot,128,empirical_channel_lira,16,10,0.5281,0.49319722222222223,0.5549700000000001,0.09333333333333335,0.03950000000000001,0.12133333333333336,0.005,0.0,0.012166666666666655,0.021666666666666667,0.008166666666666668,0.035833333333333314,0.06666666666666667,0.046,0.08549999999999999
cell,eff_su2_r5_d2,leave_cell_out,noisy_shot,128,latent_lira_mismatched,16,10,0.5185555555555555,0.49121000000000004,0.5299977777777778,0.06833333333333336,0.027166666666666714,0.08399999999999999,0.0,0.0,0.0036666666666666597,0.0033333333333333335,0.0,0.013333333333333334,0.03833333333333333,0.024833333333333336,0.05466666666666664
cell,eff_su2_r5_d2,leave_cell_out,noisy_shot,128,loss_mia,0,10,0.5358222222222222,0.5101705555555556,0.58158,0.09833333333333333,0.05633333333333336,0.1391666666666667,0.0016666666666666668,0.0,0.0033333333333333335,0.008333333333333333,0.0015,0.020333333333333328,0.055,0.03233333333333334,0.08283333333333331
cell,eff_su2_r5_d2,leave_cell_out,noisy_shot,128,noise_augmented_lira,16,10,0.5314944444444445,0.4878927777777778,0.5617733333333333,0.08499999999999996,0.04383333333333333,0.12099999999999997,0.0033333333333333335,0.0,0.010333333333333326,0.02666666666666667,0.008166666666666668,0.05316666666666663,0.08,0.0545,0.087
cell,eff_su2_r5_d2,leave_cell_out,noisy_shot,512,affine_channel_lira,16,10,0.53565,0.5246405555555556,0.5626561111111111,0.09000000000000002,0.07,0.1385,0.0,0.0,0.005166666666666663,0.01,0.0,0.016999999999999994,0.07,0.051500000000000004,0.08333333333333333
cell,eff_su2_r5_d2,leave_cell_out,noisy_shot,512,deconvolved_lira,16,10,0.5163555555555555,0.49797,0.5438561111111111,0.07166666666666671,0.03450000000000003,0.1255,0.0,0.0,0.005166666666666663,0.006666666666666667,0.0033333333333333335,0.018499999999999996,0.05,0.0245,0.058499999999999996
cell,eff_su2_r5_d2,leave_cell_out,noisy_shot,512,empirical_channel_lira,16,10,0.5336444444444444,0.520395,0.5626,0.10166666666666663,0.07816666666666668,0.14,0.006666666666666667,0.004833333333333334,0.011833333333333331,0.013333333333333334,0.008166666666666668,0.022166666666666657,0.05,0.03333333333333333,0.0785
cell,eff_su2_r5_d2,leave_cell_out,noisy_shot,512,latent_lira_mismatched,16,10,0.5245,0.5110661111111111,0.5563522222222222,0.08666666666666667,0.060833333333333316,0.11949999999999994,0.0,0.0,0.0033333333333333335,0.0033333333333333335,0.0,0.011833333333333331,0.04666666666666667,0.03666666666666667,0.058499999999999996
cell,eff_su2_r5_d2,leave_cell_out,noisy_shot,512,loss_mia,0,10,0.5542444444444445,0.5371555555555556,0.56838,0.11166666666666672,0.09816666666666671,0.1543333333333333,0.0016666666666666668,0.0,0.008499999999999997,0.01,0.004833333333333334,0.016999999999999994,0.051666666666666666,0.029666666666666668,0.06766666666666664
cell,eff_su2_r5_d2,leave_cell_out,noisy_shot,512,noise_augmented_lira,16,10,0.5425500000000001,0.5283183333333332,0.5678205555555556,0.09833333333333338,0.07783333333333331,0.1318333333333333,0.0,0.0,0.0018333333333333298,0.013333333333333334,0.0033333333333333335,0.025499999999999988,0.06166666666666667,0.043333333333333335,0.08333333333333333
cell,eff_su2_r5_d2,leave_target_out,noisy_shot,1024,affine_channel_lira,16,10,0.5430388888888888,0.526315,0.5666622222222223,0.11500000000000005,0.07266666666666664,0.13733333333333336,0.0,0.0,0.0,0.013333333333333334,0.008166666666666668,0.02183333333333333,0.06666666666666667,0.05333333333333334,0.08183333333333333
cell,eff_su2_r5_d2,leave_target_out,noisy_shot,1024,deconvolved_lira,16,10,0.5233000000000001,0.5028244444444445,0.5504016666666667,0.08333333333333337,0.06233333333333335,0.11850000000000004,0.0,0.0,0.006999999999999993,0.008333333333333333,0.0,0.018499999999999996,0.06,0.04666666666666667,0.07333333333333333
cell,eff_su2_r5_d2,leave_target_out,noisy_shot,1024,empirical_channel_lira,16,10,0.5388666666666666,0.5265116666666666,0.5650894444444445,0.11166666666666669,0.07599999999999998,0.1355,0.006666666666666667,0.0033333333333333335,0.01,0.015,0.01,0.025166666666666664,0.06666666666666668,0.043333333333333335,0.0913333333333333
cell,eff_su2_r5_d2,leave_target_out,noisy_shot,1024,latent_lira_mismatched,16,10,0.5356000000000001,0.516935,0.5517761111111111,0.10499999999999998,0.07116666666666666,0.1318333333333333,0.0,0.0,0.0,0.0016666666666666668,0.0,0.015166666666666663,0.04666666666666667,0.03816666666666667,0.06033333333333333
cell,eff_su2_r5_d2,leave_target_out,noisy_shot,1024,loss_mia,0,10,0.5529611111111111,0.5465644444444444,0.5673772222222222,0.12166666666666665,0.10933333333333338,0.13250000000000003,0.0033333333333333335,0.0033333333333333335,0.006666666666666667,0.011666666666666667,0.004833333333333334,0.015166666666666663,0.05,0.036,0.06883333333333333
cell,eff_su2_r5_d2,leave_target_out,noisy_shot,1024,noise_augmented_lira,16,10,0.5486166666666666,0.530765,0.570475,0.1166666666666667,0.07533333333333334,0.147,0.0,0.0,0.0,0.01,0.004833333333333334,0.018499999999999996,0.065,0.043000000000000003,0.08666666666666667
cell,eff_su2_r5_d2,leave_target_out,noisy_shot,128,affine_channel_lira,16,10,0.5302444444444445,0.49705333333333335,0.5521738888888889,0.08166666666666667,0.04316666666666668,0.118,0.0016666666666666668,0.0,0.008499999999999997,0.02,0.006666666666666667,0.04516666666666667,0.07666666666666666,0.051500000000000004,0.11283333333333331
cell,eff_su2_r5_d2,leave_target_out,noisy_shot,128,deconvolved_lira,16,10,0.51115,0.48852166666666663,0.5392716666666667,0.06,0.03683333333333339,0.09700000000000003,0.0,0.0,0.006666666666666667,0.0033333333333333335,0.0,0.01366666666666666,0.043333333333333335,0.016,0.06183333333333333
cell,eff_su2_r5_d2,leave_target_out,noisy_shot,128,empirical_channel_lira,16,10,0.5340833333333332,0.49677,0.5643266666666666,0.09166666666666665,0.04500000000000001,0.1206666666666667,0.0033333333333333335,0.0,0.008833333333333323,0.025,0.008166666666666668,0.040666666666666657,0.075,0.05483333333333333,0.09549999999999999
cell,eff_su2_r5_d2,leave_target_out,noisy_shot,128,latent_lira_mismatched,16,10,0.5185555555555555,0.49121000000000004,0.5299977777777778,0.06833333333333336,0.027166666666666714,0.08399999999999999,0.0,0.0,0.0036666666666666597,0.0033333333333333335,0.0,0.013333333333333334,0.03833333333333333,0.024833333333333336,0.05466666666666664
cell,eff_su2_r5_d2,leave_target_out,noisy_shot,128,loss_mia,0,10,0.5358222222222222,0.5101705555555556,0.58158,0.09833333333333333,0.05633333333333336,0.1391666666666667,0.0016666666666666668,0.0,0.0033333333333333335,0.008333333333333333,0.0015,0.020333333333333328,0.055,0.03233333333333334,0.08283333333333331
cell,eff_su2_r5_d2,leave_target_out,noisy_shot,128,noise_augmented_lira,16,10,0.5235944444444445,0.4904122222222222,0.5672372222222223,0.07,0.03416666666666667,0.12333333333333335,0.005,0.0,0.01366666666666666,0.02,0.004833333333333334,0.03183333333333333,0.08,0.053,0.11433333333333331
cell,eff_su2_r5_d2,leave_target_out,noisy_shot,512,affine_channel_lira,16,10,0.5411722222222223,0.5269777777777778,0.5695888888888889,0.09666666666666673,0.07566666666666669,0.13583333333333328,0.0,0.0,0.0018333333333333298,0.013333333333333334,0.006666666666666667,0.02183333333333333,0.07166666666666667,0.04866666666666667,0.0885
cell,eff_su2_r5_d2,leave_target_out,noisy_shot,512,deconvolved_lira,16,10,0.5195166666666666,0.4980266666666667,0.5461194444444444,0.07500000000000001,0.043333333333333335,0.12399999999999996,0.0,0.0,0.005166666666666663,0.006666666666666667,0.0015,0.018499999999999996,0.05,0.03116666666666667,0.06033333333333333
cell,eff_su2_r5_d2,leave_target_out,noisy_shot,512,empirical_channel_lira,16,10,0.5395333333333333,0.5211733333333334,0.5683744444444445,0.10999999999999999,0.07116666666666666,0.1458333333333334,0.006666666666666667,0.0015,0.008499999999999997,0.015,0.008166666666666668,0.028499999999999998,0.06666666666666668,0.03666666666666667,0.09333333333333334
cell,eff_su2_r5_d2,leave_target_out,noisy_shot,512,latent_lira_mismatched,16,10,0.5245,0.5110661111111111,0.5563522222222222,0.08666666666666667,0.060833333333333316,0.11949999999999994,0.0,0.0,0.0033333333333333335,0.0033333333333333335,0.0,0.011833333333333331,0.04666666666666667,0.03666666666666667,0.058499999999999996
cell,eff_su2_r5_d2,leave_target_out,noisy_shot,512,loss_mia,0,10,0.5542444444444445,0.5371555555555556,0.56838,0.11166666666666672,0.09816666666666671,0.1543333333333333,0.0016666666666666668,0.0,0.008499999999999997,0.01,0.004833333333333334,0.016999999999999994,0.051666666666666666,0.029666666666666668,0.06766666666666664
cell,eff_su2_r5_d2,leave_target_out,noisy_shot,512,noise_augmented_lira,16,10,0.5441111111111111,0.5290311111111111,0.5699683333333333,0.11000000000000004,0.07266666666666675,0.14333333333333337,0.0,0.0,0.0033333333333333335,0.018333333333333333,0.003,0.03333333333333333,0.08166666666666667,0.052333333333333336,0.09366666666666666
cell,z_r1_d6,leave_cell_out,noisy_shot,1024,affine_channel_lira,16,10,0.5987777777777779,0.5851266666666667,0.61607,0.16333333333333333,0.1381666666666667,0.1913333333333333,0.011666666666666667,0.006666666666666667,0.015166666666666663,0.023333333333333334,0.013000000000000001,0.032166666666666656,0.09333333333333334,0.09,0.1
cell,z_r1_d6,leave_cell_out,noisy_shot,1024,deconvolved_lira,16,10,0.6015666666666666,0.5924455555555556,0.6174233333333333,0.19499999999999998,0.17816666666666667,0.2136666666666667,0.006666666666666667,0.0,0.01,0.03833333333333333,0.03666666666666667,0.05033333333333333,0.09666666666666666,0.08633333333333333,0.11366666666666667
cell,z_r1_d6,leave_cell_out,noisy_shot,1024,empirical_channel_lira,16,10,0.5910722222222222,0.573436111111111,0.6077272222222222,0.16000000000000003,0.14783333333333332,0.18850000000000006,0.006666666666666667,0.0,0.011833333333333331,0.023333333333333334,0.013000000000000001,0.03549999999999999,0.09833333333333333,0.08633333333333333,0.11
cell,z_r1_d6,leave_cell_out,noisy_shot,1024,latent_lira_mismatched,16,10,0.5786611111111111,0.5585716666666667,0.5857183333333333,0.14500000000000002,0.1211666666666667,0.15849999999999997,0.02,0.018166666666666668,0.023333333333333334,0.028333333333333335,0.023333333333333334,0.035166666666666666,0.06833333333333333,0.063,0.08549999999999999
cell,z_r1_d6,leave_cell_out,noisy_shot,1024,loss_mia,0,10,0.55575,0.550185,0.5619361111111111,0.19000000000000006,0.17816666666666672,0.20666666666666667,0.006666666666666667,0.0033333333333333335,0.01,0.015,0.01,0.023333333333333334,0.03666666666666667,0.024833333333333336,0.04516666666666667
cell,z_r1_d6,leave_cell_out,noisy_shot,1024,noise_augmented_lira,16,10,0.6004944444444444,0.5864061111111111,0.621935,0.17166666666666666,0.15333333333333338,0.19699999999999998,0.011666666666666667,0.008166666666666668,0.013333333333333334,0.025,0.014833333333333334,0.03549999999999999,0.09833333333333333,0.08816666666666667,0.11
cell,z_r1_d6,leave_cell_out,noisy_shot,128,affine_channel_lira,16,10,0.5650555555555555,0.5401983333333333,0.5987694444444445,0.13,0.0905,0.16249999999999998,0.013333333333333334,0.006666666666666667,0.015166666666666663,0.02,0.014833333333333334,0.03183333333333333,0.07666666666666666,0.056,0.09
cell,z_r1_d6,leave_cell_out,noisy_shot,128,deconvolved_lira,16,10,0.5679611111111111,0.536711111111111,0.59178,0.13666666666666663,0.09266666666666666,0.16366666666666665,0.006666666666666667,0.0,0.013333333333333334,0.03833333333333333,0.021500000000000002,0.05916666666666665,0.07666666666666666,0.06816666666666667,0.10183333333333333
cell,z_r1_d6,leave_cell_out,noisy_shot,128,empirical_channel_lira,16,10,0.5563166666666667,0.5304311111111111,0.5946583333333334,0.12666666666666665,0.09333333333333332,0.16983333333333336,0.011666666666666667,0.004833333333333334,0.020333333333333328,0.025,0.014833333333333334,0.045833333333333316,0.07999999999999999,0.056666666666666664,0.09333333333333334
cell,z_r1_d6,leave_cell_out,noisy_shot,128,latent_lira_mismatched,16,10,0.5587944444444445,0.5238283333333333,0.57164,0.11999999999999997,0.07150000000000005,0.1385,0.021666666666666667,0.006666666666666667,0.028499999999999998,0.02666666666666667,0.021500000000000002,0.03666666666666667,0.07333333333333333,0.07,0.07666666666666666
cell,z_r1_d6,leave_cell_out,noisy_shot,128,loss_mia,0,10,0.5506333333333333,0.5339711111111111,0.5600566666666666,0.15166666666666667,0.1345,0.18066666666666664,0.006666666666666667,0.0015,0.011833333333333331,0.016666666666666666,0.013333333333333334,0.026999999999999993,0.04833333333333334,0.0345,0.058499999999999996
cell,z_r1_d6,leave_cell_out,noisy_shot,128,noise_augmented_lira,16,10,0.5456388888888889,0.5231472222222222,0.5736422222222223,0.10666666666666663,0.08149999999999999,0.14016666666666672,0.016666666666666666,0.01,0.025166666666666664,0.025,0.021500000000000002,0.0485,0.07,0.06333333333333334,0.10216666666666666
cell,z_r1_d6,leave_cell_out,noisy_shot,512,affine_channel_lira,16,10,0.5961277777777778,0.57691,0.6190205555555556,0.16333333333333339,0.1363333333333334,0.19066666666666665,0.01,0.004833333333333334,0.016999999999999994,0.023333333333333334,0.013333333333333334,0.037333333333333316,0.08833333333333333,0.07266666666666667,0.09666666666666666
cell,z_r1_d6,leave_cell_out,noisy_shot,512,deconvolved_lira,16,10,0.5998000000000001,0.5781038888888889,0.6158255555555556,0.20333333333333337,0.14966666666666675,0.217,0.006666666666666667,0.0,0.016999999999999994,0.043333333333333335,0.03,0.05,0.09166666666666667,0.063,0.11583333333333332
cell,z_r1_d6,leave_cell_out,noisy_shot,512,empirical_channel_lira,16,10,0.5841444444444444,0.5633466666666667,0.6113822222222223,0.16666666666666669,0.13566666666666666,0.19516666666666674,0.006666666666666667,0.0015,0.018833333333333323,0.028333333333333335,0.018166666666666668,0.043999999999999984,0.08833333333333333,0.07150000000000001,0.0985
cell,z_r1_d6,leave_cell_out,noisy_shot,512,latent_lira_mismatched,16,10,0.5747277777777778,0.5508233333333333,0.5943033333333333,0.14666666666666672,0.10899999999999999,0.1685,0.02,0.018166666666666668,0.025166666666666664,0.02666666666666667,0.021500000000000002,0.035166666666666666,0.06666666666666667,0.0615,0.09333333333333334
cell,z_r1_d6,leave_cell_out,noisy_shot,512,loss_mia,0,10,0.5499333333333333,0.5456105555555556,0.5659577777777778,0.18333333333333335,0.16933333333333336,0.20183333333333336,0.0033333333333333335,0.0015,0.01,0.015,0.006666666666666667,0.018499999999999996,0.04166666666666667,0.03,0.053999999999999986
cell,z_r1_d6,leave_cell_out,noisy_shot,512,noise_augmented_lira,16,10,0.5828333333333333,0.5618088888888889,0.608806111111111,0.14500000000000007,0.1063333333333334,0.17883333333333334,0.008333333333333333,0.0033333333333333335,0.02183333333333333,0.025,0.02,0.030333333333333327,0.09,0.06483333333333334,0.10366666666666667
cell,z_r1_d6,leave_target_out,noisy_shot,1024,affine_channel_lira,16,10,0.5969055555555556,0.5815672222222222,0.6106955555555555,0.16666666666666669,0.13866666666666672,0.17850000000000005,0.018333333333333333,0.008166666666666668,0.02183333333333333,0.023333333333333334,0.02,0.03183333333333333,0.09166666666666667,0.08816666666666667,0.10033333333333333
cell,z_r1_d6,leave_target_out,noisy_shot,1024,deconvolved_lira,16,10,0.5975055555555555,0.5823633333333333,0.6157255555555555,0.17833333333333334,0.14833333333333332,0.19516666666666665,0.016666666666666666,0.008166666666666668,0.02183333333333333,0.03666666666666667,0.026333333333333334,0.04366666666666666,0.08833333333333333,0.083,0.1085
cell,z_r1_d6,leave_target_out,noisy_shot,1024,empirical_channel_lira,16,10,0.5889,0.5745083333333334,0.5984550000000001,0.15333333333333338,0.13966666666666663,0.17000000000000004,0.011666666666666667,0.004833333333333334,0.022166666666666657,0.021666666666666667,0.016666666666666666,0.03399999999999999,0.08499999999999999,0.0575,0.10516666666666667
cell,z_r1_d6,leave_target_out,noisy_shot,1024,latent_lira_mismatched,16,10,0.5786611111111111,0.5585716666666667,0.5857183333333333,0.14500000000000002,0.1211666666666667,0.15849999999999997,0.02,0.018166666666666668,0.023333333333333334,0.028333333333333335,0.023333333333333334,0.035166666666666666,0.06833333333333333,0.063,0.08549999999999999
cell,z_r1_d6,leave_target_out,noisy_shot,1024,loss_mia,0,10,0.55575,0.550185,0.5619361111111111,0.19000000000000006,0.17816666666666672,0.20666666666666667,0.006666666666666667,0.0033333333333333335,0.01,0.015,0.01,0.023333333333333334,0.03666666666666667,0.024833333333333336,0.04516666666666667
cell,z_r1_d6,leave_target_out,noisy_shot,1024,noise_augmented_lira,16,10,0.5937,0.5774733333333333,0.6074983333333334,0.16500000000000004,0.1448333333333333,0.18216666666666675,0.015,0.01,0.023333333333333334,0.02666666666666667,0.021500000000000002,0.03333333333333333,0.09666666666666666,0.08266666666666667,0.10183333333333333
cell,z_r1_d6,leave_target_out,noisy_shot,128,affine_channel_lira,16,10,0.5670166666666667,0.534305,0.5963322222222223,0.12333333333333335,0.09083333333333335,0.18849999999999997,0.011666666666666667,0.006333333333333333,0.018499999999999996,0.023333333333333334,0.014833333333333334,0.040666666666666657,0.07166666666666667,0.06116666666666667,0.09333333333333334
cell,z_r1_d6,leave_target_out,noisy_shot,128,deconvolved_lira,16,10,0.5636777777777777,0.5338677777777777,0.5859561111111111,0.12500000000000006,0.08616666666666666,0.15333333333333332,0.013333333333333334,0.0033333333333333335,0.028499999999999998,0.035,0.023,0.043333333333333335,0.08833333333333333,0.07150000000000001,0.10216666666666666
cell,z_r1_d6,leave_target_out,noisy_shot,128,empirical_channel_lira,16,10,0.5616166666666667,0.5278333333333333,0.5927216666666666,0.1233333333333333,0.09999999999999998,0.1711666666666666,0.011666666666666667,0.0015,0.023999999999999987,0.025,0.013333333333333334,0.041833333333333333,0.07333333333333333,0.056666666666666664,0.09583333333333331
cell,z_r1_d6,leave_target_out,noisy_shot,128,latent_lira_mismatched,16,10,0.5587944444444445,0.5238283333333333,0.57164,0.11999999999999997,0.07150000000000005,0.1385,0.021666666666666667,0.006666666666666667,0.028499999999999998,0.02666666666666667,0.021500000000000002,0.03666666666666667,0.07333333333333333,0.07,0.07666666666666666
cell,z_r1_d6,leave_target_out,noisy_shot,128,loss_mia,0,10,0.5506333333333333,0.5339711111111111,0.5600566666666666,0.15166666666666667,0.1345,0.18066666666666664,0.006666666666666667,0.0015,0.011833333333333331,0.016666666666666666,0.013333333333333334,0.026999999999999993,0.04833333333333334,0.0345,0.058499999999999996
cell,z_r1_d6,leave_target_out,noisy_shot,128,noise_augmented_lira,16,10,0.5607777777777778,0.5330594444444445,0.5934205555555555,0.11666666666666667,0.08666666666666667,0.1778333333333333,0.016666666666666666,0.0033333333333333335,0.023666666666666662,0.03,0.023333333333333334,0.04366666666666666,0.07333333333333333,0.051500000000000004,0.09433333333333331
cell,z_r1_d6,leave_target_out,noisy_shot,512,affine_channel_lira,16,10,0.5907722222222223,0.5743755555555556,0.614026111111111,0.14999999999999997,0.12633333333333338,0.177,0.015,0.008166666666666668,0.02183333333333333,0.02666666666666667,0.016666666666666666,0.041833333333333333,0.08833333333333333,0.07633333333333334,0.10033333333333333
cell,z_r1_d6,leave_target_out,noisy_shot,512,deconvolved_lira,16,10,0.5948388888888889,0.5733694444444445,0.6140222222222222,0.16500000000000004,0.1411666666666667,0.1958333333333333,0.021666666666666667,0.004833333333333334,0.03183333333333333,0.03333333333333333,0.02666666666666667,0.03666666666666667,0.08833333333333333,0.07666666666666666,0.1043333333333333
cell,z_r1_d6,leave_target_out,noisy_shot,512,empirical_channel_lira,16,10,0.5772166666666667,0.5648583333333334,0.6140483333333333,0.14833333333333337,0.12633333333333338,0.18333333333333338,0.008333333333333333,0.0033333333333333335,0.013333333333333334,0.023333333333333334,0.018166666666666668,0.03699999999999999,0.08499999999999999,0.0645,0.10666666666666667
cell,z_r1_d6,leave_target_out,noisy_shot,512,latent_lira_mismatched,16,10,0.5747277777777778,0.5508233333333333,0.5943033333333333,0.14666666666666672,0.10899999999999999,0.1685,0.02,0.018166666666666668,0.025166666666666664,0.02666666666666667,0.021500000000000002,0.035166666666666666,0.06666666666666667,0.0615,0.09333333333333334
cell,z_r1_d6,leave_target_out,noisy_shot,512,loss_mia,0,10,0.5499333333333333,0.5456105555555556,0.5659577777777778,0.18333333333333335,0.16933333333333336,0.20183333333333336,0.0033333333333333335,0.0015,0.01,0.015,0.006666666666666667,0.018499999999999996,0.04166666666666667,0.03,0.053999999999999986
cell,z_r1_d6,leave_target_out,noisy_shot,512,noise_augmented_lira,16,10,0.5792555555555556,0.5623633333333333,0.6025955555555556,0.16333333333333336,0.12266666666666669,0.18216666666666667,0.015,0.008166666666666668,0.02183333333333333,0.028333333333333335,0.021500000000000002,0.0385,0.08499999999999999,0.06749999999999999,0.09516666666666666
cell,zz_r1_d6,leave_cell_out,noisy_shot,1024,affine_channel_lira,16,10,0.6948166666666666,0.6876244444444445,0.7042566666666666,0.31500000000000006,0.2881666666666667,0.3266666666666667,0.01,0.0015,0.018499999999999996,0.06833333333333333,0.05,0.08183333333333333,0.19333333333333333,0.17450000000000002,0.21366666666666667
cell,zz_r1_d6,leave_cell_out,noisy_shot,1024,deconvolved_lira,16,10,0.670188888888889,0.6620422222222222,0.6792205555555555,0.25999999999999995,0.23783333333333337,0.27516666666666667,0.0,0.0,0.005499999999999989,0.056666666666666664,0.0415,0.08033333333333333,0.15999999999999998,0.13483333333333333,0.18516666666666667
cell,zz_r1_d6,leave_cell_out,noisy_shot,1024,empirical_channel_lira,16,10,0.6811611111111111,0.6750572222222222,0.6927644444444444,0.28,0.26149999999999995,0.29516666666666663,0.015,0.0033333333333333335,0.025166666666666664,0.051666666666666666,0.034833333333333334,0.07883333333333332,0.17666666666666667,0.153,0.20066666666666666
cell,zz_r1_d6,leave_cell_out,noisy_shot,1024,latent_lira_mismatched,16,10,0.6929833333333334,0.6863694444444445,0.7080316666666667,0.2816666666666667,0.273,0.3273333333333333,0.02,0.008166666666666668,0.028499999999999998,0.065,0.05,0.0885,0.17666666666666667,0.15633333333333332,0.21033333333333334
cell,zz_r1_d6,leave_cell_out,noisy_shot,1024,loss_mia,0,10,0.5862722222222222,0.5796572222222223,0.5902666666666667,0.20500000000000002,0.18750000000000003,0.21333333333333337,0.0033333333333333335,0.0,0.0033333333333333335,0.006666666666666667,0.0033333333333333335,0.01,0.03166666666666666,0.021500000000000002,0.041833333333333333
cell,zz_r1_d6,leave_cell_out,noisy_shot,1024,noise_augmented_lira,16,10,0.6998666666666666,0.6916777777777778,0.7088988888888889,0.31166666666666665,0.29633333333333334,0.3433333333333333,0.01,0.0015,0.013333333333333334,0.06,0.021500000000000002,0.09216666666666666,0.195,0.17816666666666667,0.22799999999999998
cell,zz_r1_d6,leave_cell_out,noisy_shot,128,affine_channel_lira,16,10,0.6478722222222222,0.6278416666666667,0.6773711111111111,0.24333333333333335,0.22116666666666665,0.2861666666666666,0.016666666666666666,0.008166666666666668,0.050999999999999976,0.056666666666666664,0.03266666666666667,0.10016666666666663,0.14,0.1115,0.17216666666666666
cell,zz_r1_d6,leave_cell_out,noisy_shot,128,deconvolved_lira,16,10,0.6064888888888889,0.5867583333333333,0.6333038888888889,0.2033333333333333,0.1481666666666667,0.22733333333333336,0.0016666666666666668,0.0,0.010333333333333326,0.03333333333333333,0.013000000000000001,0.05033333333333333,0.08333333333333333,0.07,0.10949999999999997
cell,zz_r1_d6,leave_cell_out,noisy_shot,128,empirical_channel_lira,16,10,0.6463944444444445,0.6250666666666667,0.6741477777777778,0.23166666666666666,0.19966666666666671,0.2691666666666666,0.021666666666666667,0.0115,0.04766666666666664,0.04833333333333334,0.02383333333333333,0.0898333333333333,0.14833333333333332,0.1115,0.18616666666666665
cell,zz_r1_d6,leave_cell_out,noisy_shot,128,latent_lira_mismatched,16,10,0.6428055555555555,0.6118105555555555,0.6505822222222222,0.22500000000000003,0.1963333333333334,0.2421666666666667,0.011666666666666667,0.0,0.03366666666666666,0.03166666666666667,0.013333333333333334,0.05366666666666666,0.09833333333333333,0.08333333333333333,0.16333333333333333
cell,zz_r1_d6,leave_cell_out,noisy_shot,128,loss_mia,0,10,0.5775722222222222,0.5527502777777777,0.5885516666666667,0.1766666666666667,0.13750000000000004,0.21433333333333335,0.0033333333333333335,0.0,0.005166666666666663,0.0033333333333333335,0.0015,0.017666666666666647,0.04166666666666667,0.023,0.06433333333333331
cell,zz_r1_d6,leave_cell_out,noisy_shot,128,noise_augmented_lira,16,10,0.6441944444444445,0.6262688888888889,0.6733983333333333,0.21833333333333338,0.203,0.26366666666666666,0.016666666666666666,0.006666666666666667,0.053999999999999986,0.043333333333333335,0.02266666666666667,0.08099999999999997,0.14,0.09083333333333334,0.16
cell,zz_r1_d6,leave_cell_out,noisy_shot,512,affine_channel_lira,16,10,0.6826611111111112,0.6660722222222222,0.6981055555555555,0.30833333333333335,0.2648333333333333,0.32000000000000006,0.01,0.0015,0.03399999999999999,0.06333333333333334,0.05,0.08883333333333332,0.16499999999999998,0.15483333333333332,0.18333333333333332
cell,zz_r1_d6,leave_cell_out,noisy_shot,512,deconvolved_lira,16,10,0.6579333333333333,0.6368605555555557,0.677275,0.25,0.21116666666666667,0.2866666666666667,0.0,0.0,0.01,0.04,0.021166666666666667,0.07066666666666666,0.13166666666666665,0.10416666666666666,0.16033333333333333
cell,zz_r1_d6,leave_cell_out,noisy_shot,512,empirical_channel_lira,16,10,0.6753055555555556,0.6564016666666667,0.6901222222222222,0.2666666666666667,0.22633333333333336,0.2903333333333334,0.015,0.008166666666666668,0.028499999999999998,0.051666666666666666,0.043000000000000003,0.0728333333333333,0.15833333333333333,0.1345,0.19183333333333333
cell,zz_r1_d6,leave_cell_out,noisy_shot,512,latent_lira_mismatched,16,10,0.6830722222222222,0.6692205555555555,0.6949016666666666,0.28,0.25966666666666666,0.30766666666666664,0.018333333333333333,0.01,0.028833333333333322,0.04666666666666667,0.028166666666666666,0.07733333333333332,0.15333333333333332,0.12816666666666668,0.18516666666666667
cell,zz_r1_d6,leave_cell_out,noisy_shot,512,loss_mia,0,10,0.58155,0.5723994444444443,0.5904744444444444,0.19666666666666666,0.1745,0.21183333333333337,0.0033333333333333335,0.0,0.0033333333333333335,0.0033333333333333335,0.0033333333333333335,0.01,0.03333333333333333,0.021500000000000002,0.04549999999999999
cell,zz_r1_d6,leave_cell_out,noisy_shot,512,noise_augmented_lira,16,10,0.6793222222222222,0.6639644444444445,0.6938650000000001,0.2666666666666667,0.23933333333333331,0.28883333333333333,0.011666666666666667,0.004833333333333334,0.03766666666666665,0.07166666666666666,0.039,0.08916666666666664,0.17333333333333334,0.13466666666666668,0.19733333333333333
cell,zz_r1_d6,leave_target_out,noisy_shot,1024,affine_channel_lira,16,10,0.6868444444444444,0.6767399999999999,0.6948294444444444,0.29666666666666663,0.26899999999999996,0.3136666666666667,0.006666666666666667,0.0015,0.011833333333333331,0.06166666666666667,0.05333333333333334,0.08516666666666667,0.19666666666666666,0.17450000000000002,0.21766666666666665
cell,zz_r1_d6,leave_target_out,noisy_shot,1024,deconvolved_lira,16,10,0.6607055555555555,0.6513644444444445,0.6685261111111112,0.2516666666666667,0.2281666666666667,0.26516666666666666,0.0,0.0,0.0018333333333333298,0.056666666666666664,0.03266666666666667,0.08033333333333333,0.155,0.12666666666666668,0.1755
cell,zz_r1_d6,leave_target_out,noisy_shot,1024,empirical_channel_lira,16,10,0.671038888888889,0.6607027777777777,0.6813227777777778,0.2533333333333333,0.22599999999999998,0.2791666666666666,0.01,0.004833333333333334,0.016999999999999994,0.05,0.03666666666666667,0.07916666666666665,0.18,0.16116666666666668,0.194
cell,zz_r1_d6,leave_target_out,noisy_shot,1024,latent_lira_mismatched,16,10,0.6929833333333334,0.6863694444444445,0.7080316666666667,0.2816666666666667,0.273,0.3273333333333333,0.02,0.008166666666666668,0.028499999999999998,0.065,0.05,0.0885,0.17666666666666667,0.15633333333333332,0.21033333333333334
cell,zz_r1_d6,leave_target_out,noisy_shot,1024,loss_mia,0,10,0.5862722222222222,0.5796572222222223,0.5902666666666667,0.20500000000000002,0.18750000000000003,0.21333333333333337,0.0033333333333333335,0.0,0.0033333333333333335,0.006666666666666667,0.0033333333333333335,0.01,0.03166666666666666,0.021500000000000002,0.041833333333333333
cell,zz_r1_d6,leave_target_out,noisy_shot,1024,noise_augmented_lira,16,10,0.6830166666666667,0.6740400000000001,0.6914738888888888,0.2833333333333334,0.2545,0.297,0.006666666666666667,0.0,0.013333333333333334,0.065,0.046,0.08183333333333333,0.17,0.146,0.18183333333333332
cell,zz_r1_d6,leave_target_out,noisy_shot,128,affine_channel_lira,16,10,0.6435444444444445,0.6235594444444444,0.6751211111111111,0.24333333333333335,0.20483333333333334,0.2871666666666666,0.016666666666666666,0.006666666666666667,0.047333333333333324,0.05333333333333333,0.029666666666666668,0.0898333333333333,0.13666666666666666,0.10666666666666667,0.157
cell,zz_r1_d6,leave_target_out,noisy_shot,128,deconvolved_lira,16,10,0.6021277777777778,0.5842955555555556,0.629696111111111,0.19000000000000003,0.14449999999999996,0.21766666666666662,0.0016666666666666668,0.0,0.010333333333333326,0.03333333333333333,0.013000000000000001,0.048833333333333326,0.08499999999999999,0.06966666666666667,0.11683333333333329
cell,zz_r1_d6,leave_target_out,noisy_shot,128,empirical_channel_lira,16,10,0.64055,0.6202827777777777,0.6731055555555555,0.22166666666666668,0.18783333333333335,0.26033333333333336,0.021666666666666667,0.0033333333333333335,0.045833333333333316,0.055,0.029,0.09099999999999998,0.13833333333333334,0.10966666666666666,0.17216666666666666
cell,zz_r1_d6,leave_target_out,noisy_shot,128,latent_lira_mismatched,16,10,0.6428055555555555,0.6118105555555555,0.6505822222222222,0.22500000000000003,0.1963333333333334,0.2421666666666667,0.011666666666666667,0.0,0.03366666666666666,0.03166666666666667,0.013333333333333334,0.05366666666666666,0.09833333333333333,0.08333333333333333,0.16333333333333333
cell,zz_r1_d6,leave_target_out,noisy_shot,128,loss_mia,0,10,0.5775722222222222,0.5527502777777777,0.5885516666666667,0.1766666666666667,0.13750000000000004,0.21433333333333335,0.0033333333333333335,0.0,0.005166666666666663,0.0033333333333333335,0.0015,0.017666666666666647,0.04166666666666667,0.023,0.06433333333333331
cell,zz_r1_d6,leave_target_out,noisy_shot,128,noise_augmented_lira,16,10,0.6439999999999999,0.6186394444444444,0.6705533333333334,0.21833333333333332,0.19333333333333333,0.27016666666666667,0.013333333333333334,0.008166666666666668,0.04916666666666665,0.05333333333333333,0.030833333333333334,0.08949999999999997,0.14,0.11750000000000001,0.18633333333333327
cell,zz_r1_d6,leave_target_out,noisy_shot,512,affine_channel_lira,16,10,0.6752222222222222,0.6574477777777779,0.6898255555555556,0.2833333333333333,0.23816666666666667,0.30216666666666664,0.0033333333333333335,0.0015,0.025499999999999988,0.06,0.034166666666666665,0.09066666666666665,0.16666666666666666,0.14966666666666667,0.19583333333333333
cell,zz_r1_d6,leave_target_out,noisy_shot,512,deconvolved_lira,16,10,0.648938888888889,0.6290244444444445,0.6679911111111111,0.2366666666666667,0.20150000000000004,0.27183333333333337,0.0,0.0,0.01,0.03833333333333333,0.026333333333333334,0.06333333333333334,0.12666666666666668,0.10266666666666667,0.15283333333333332
cell,zz_r1_d6,leave_target_out,noisy_shot,512,empirical_channel_lira,16,10,0.6665833333333333,0.6436738888888889,0.6790455555555556,0.24333333333333335,0.20750000000000002,0.26366666666666666,0.01,0.004833333333333334,0.023333333333333334,0.05666666666666667,0.04816666666666667,0.08099999999999997,0.15166666666666667,0.13483333333333333,0.18333333333333332
cell,zz_r1_d6,leave_target_out,noisy_shot,512,latent_lira_mismatched,16,10,0.6830722222222222,0.6692205555555555,0.6949016666666666,0.28,0.25966666666666666,0.30766666666666664,0.018333333333333333,0.01,0.028833333333333322,0.04666666666666667,0.028166666666666666,0.07733333333333332,0.15333333333333332,0.12816666666666668,0.18516666666666667
cell,zz_r1_d6,leave_target_out,noisy_shot,512,loss_mia,0,10,0.58155,0.5723994444444443,0.5904744444444444,0.19666666666666666,0.1745,0.21183333333333337,0.0033333333333333335,0.0,0.0033333333333333335,0.0033333333333333335,0.0033333333333333335,0.01,0.03333333333333333,0.021500000000000002,0.04549999999999999
cell,zz_r1_d6,leave_target_out,noisy_shot,512,noise_augmented_lira,16,10,0.67585,0.6581622222222222,0.6905244444444444,0.275,0.24150000000000002,0.297,0.01,0.0033333333333333335,0.025499999999999988,0.05666666666666667,0.034833333333333334,0.08183333333333333,0.15166666666666667,0.12716666666666668,0.17333333333333334
cell,zz_r5_d6,leave_cell_out,noisy_shot,1024,affine_channel_lira,16,10,0.6315111111111111,0.6198672222222222,0.6371805555555555,0.2016666666666667,0.18783333333333332,0.22699999999999998,0.0,0.0,0.008499999999999997,0.013333333333333334,0.01,0.016666666666666666,0.11333333333333334,0.0905,0.14033333333333334
cell,zz_r5_d6,leave_cell_out,noisy_shot,1024,deconvolved_lira,16,10,0.6314777777777778,0.6192816666666666,0.6358422222222222,0.20500000000000002,0.18300000000000002,0.2236666666666667,0.0,0.0,0.0,0.006666666666666667,0.0015,0.018499999999999996,0.09833333333333333,0.07266666666666667,0.127
cell,zz_r5_d6,leave_cell_out,noisy_shot,1024,empirical_channel_lira,16,10,0.6485555555555556,0.6322366666666667,0.6523600000000002,0.2366666666666667,0.22483333333333336,0.2666666666666667,0.006666666666666667,0.0033333333333333335,0.011833333333333331,0.023333333333333334,0.016666666666666666,0.03,0.08833333333333333,0.056666666666666664,0.11666666666666667
cell,zz_r5_d6,leave_cell_out,noisy_shot,1024,latent_lira_mismatched,16,10,0.6344777777777778,0.6247077777777778,0.6407855555555555,0.21833333333333338,0.2011666666666667,0.23033333333333333,0.0,0.0,0.006999999999999993,0.01,0.006666666666666667,0.013333333333333334,0.09166666666666667,0.06266666666666666,0.11799999999999997
cell,zz_r5_d6,leave_cell_out,noisy_shot,1024,loss_mia,0,10,0.6589277777777778,0.6479699999999999,0.6643033333333332,0.27,0.24300000000000002,0.28216666666666673,0.0,0.0,0.005166666666666663,0.01,0.004833333333333334,0.018499999999999996,0.07833333333333334,0.053,0.10649999999999997
cell,zz_r5_d6,leave_cell_out,noisy_shot,1024,noise_augmented_lira,16,10,0.6454333333333333,0.6323616666666666,0.6475799999999999,0.22666666666666666,0.21150000000000005,0.24366666666666667,0.0,0.0,0.0018333333333333298,0.013333333333333334,0.01,0.018499999999999996,0.12166666666666667,0.08116666666666666,0.14066666666666666
cell,zz_r5_d6,leave_cell_out,noisy_shot,128,affine_channel_lira,16,10,0.6035111111111111,0.5855311111111111,0.6196716666666666,0.17000000000000004,0.14350000000000002,0.19033333333333333,0.0033333333333333335,0.0015,0.01,0.023333333333333334,0.011166666666666667,0.03399999999999999,0.09833333333333333,0.06966666666666667,0.12516666666666668
cell,zz_r5_d6,leave_cell_out,noisy_shot,128,deconvolved_lira,16,10,0.5992888888888889,0.5770205555555555,0.6185483333333333,0.1716666666666667,0.13749999999999998,0.19883333333333336,0.0,0.0,0.0033333333333333335,0.0033333333333333335,0.0,0.015833333333333317,0.08666666666666667,0.05,0.107
cell,zz_r5_d6,leave_cell_out,noisy_shot,128,empirical_channel_lira,16,10,0.6106333333333334,0.5942972222222223,0.6306094444444444,0.18000000000000005,0.15966666666666668,0.2143333333333333,0.01,0.0033333333333333335,0.015166666666666663,0.02,0.009666666666666667,0.03549999999999999,0.09333333333333334,0.06683333333333333,0.11666666666666667
cell,zz_r5_d6,leave_cell_out,noisy_shot,128,latent_lira_mismatched,16,10,0.6077666666666667,0.5901527777777779,0.6190661111111111,0.185,0.14933333333333332,0.2088333333333333,0.0,0.0,0.0033333333333333335,0.006666666666666667,0.0015,0.015166666666666663,0.07833333333333334,0.06,0.12066666666666666
cell,zz_r5_d6,leave_cell_out,noisy_shot,128,loss_mia,0,10,0.6169,0.6010411111111111,0.6553527777777778,0.20500000000000004,0.16816666666666671,0.25699999999999995,0.0033333333333333335,0.0,0.008499999999999997,0.015,0.006666666666666667,0.02916666666666665,0.07333333333333333,0.04416666666666667,0.1255
cell,zz_r5_d6,leave_cell_out,noisy_shot,128,noise_augmented_lira,16,10,0.6063888888888889,0.5869077777777778,0.6239427777777778,0.18000000000000002,0.15783333333333333,0.20550000000000002,0.006666666666666667,0.0033333333333333335,0.01366666666666666,0.023333333333333334,0.011166666666666667,0.032166666666666656,0.09666666666666666,0.060833333333333336,0.11366666666666667
cell,zz_r5_d6,leave_cell_out,noisy_shot,512,affine_channel_lira,16,10,0.6227166666666666,0.6037055555555555,0.6396744444444444,0.19666666666666666,0.16666666666666666,0.22183333333333335,0.0016666666666666668,0.0,0.006666666666666667,0.013333333333333334,0.01,0.02,0.10500000000000001,0.08416666666666667,0.13533333333333328
cell,zz_r5_d6,leave_cell_out,noisy_shot,512,deconvolved_lira,16,10,0.6200111111111112,0.6053916666666668,0.6395666666666666,0.19000000000000003,0.16816666666666666,0.2221666666666667,0.0,0.0,0.0,0.006666666666666667,0.0033333333333333335,0.01733333333333332,0.10833333333333334,0.0945,0.13466666666666663
cell,zz_r5_d6,leave_cell_out,noisy_shot,512,empirical_channel_lira,16,10,0.6400222222222223,0.620605,0.6578227777777778,0.22833333333333333,0.1941666666666667,0.24849999999999997,0.01,0.006666666666666667,0.013333333333333334,0.02666666666666667,0.016666666666666666,0.03183333333333333,0.09833333333333333,0.07816666666666666,0.11549999999999999
cell,zz_r5_d6,leave_cell_out,noisy_shot,512,latent_lira_mismatched,16,10,0.6298888888888889,0.6116133333333333,0.6426627777777777,0.20333333333333337,0.17300000000000004,0.23983333333333334,0.0,0.0,0.0,0.01,0.006666666666666667,0.013333333333333334,0.09,0.06783333333333334,0.11216666666666666
cell,zz_r5_d6,leave_cell_out,noisy_shot,512,loss_mia,0,10,0.6513444444444445,0.6383944444444444,0.6660211111111112,0.2533333333333333,0.22600000000000006,0.2833333333333333,0.0,0.0,0.006999999999999993,0.013333333333333334,0.0033333333333333335,0.018499999999999996,0.07500000000000001,0.059666666666666666,0.1043333333333333
cell,zz_r5_d6,leave_cell_out,noisy_shot,512,noise_augmented_lira,16,10,0.6348222222222222,0.6152672222222222,0.6507322222222223,0.20499999999999996,0.18266666666666664,0.2355,0.0033333333333333335,0.0,0.006666666666666667,0.016666666666666666,0.009666666666666667,0.025166666666666664,0.10666666666666666,0.0845,0.13066666666666665
cell,zz_r5_d6,leave_target_out,noisy_shot,1024,affine_channel_lira,16,10,0.6214833333333333,0.6090066666666667,0.6269244444444444,0.1883333333333334,0.17116666666666666,0.20516666666666666,0.0,0.0,0.007333333333333319,0.02,0.0115,0.03183333333333333,0.13,0.10083333333333333,0.14366666666666666
cell,zz_r5_d6,leave_target_out,noisy_shot,1024,deconvolved_lira,16,10,0.6090888888888889,0.5979144444444444,0.612975,0.16833333333333336,0.15150000000000002,0.19666666666666666,0.0,0.0,0.0018333333333333298,0.006666666666666667,0.0033333333333333335,0.023999999999999987,0.10666666666666667,0.06783333333333334,0.1185
cell,zz_r5_d6,leave_target_out,noisy_shot,1024,empirical_channel_lira,16,10,0.6338111111111111,0.6153983333333334,0.642253888888889,0.21333333333333337,0.19749999999999998,0.24033333333333332,0.011666666666666667,0.006666666666666667,0.020333333333333328,0.03,0.02666666666666667,0.0385,0.10833333333333334,0.0845,0.11516666666666667
cell,zz_r5_d6,leave_target_out,noisy_shot,1024,latent_lira_mismatched,16,10,0.6344777777777778,0.6247077777777778,0.6407855555555555,0.21833333333333338,0.2011666666666667,0.23033333333333333,0.0,0.0,0.006999999999999993,0.01,0.006666666666666667,0.013333333333333334,0.09166666666666667,0.06266666666666666,0.11799999999999997
cell,zz_r5_d6,leave_target_out,noisy_shot,1024,loss_mia,0,10,0.6589277777777778,0.6479699999999999,0.6643033333333332,0.27,0.24300000000000002,0.28216666666666673,0.0,0.0,0.005166666666666663,0.01,0.004833333333333334,0.018499999999999996,0.07833333333333334,0.053,0.10649999999999997
cell,zz_r5_d6,leave_target_out,noisy_shot,1024,noise_augmented_lira,16,10,0.6305888888888889,0.6203561111111112,0.6372211111111111,0.21166666666666673,0.18633333333333335,0.23699999999999996,0.0033333333333333335,0.0,0.013333333333333334,0.023333333333333334,0.016666666666666666,0.03549999999999999,0.12666666666666668,0.09816666666666667,0.14516666666666667
cell,zz_r5_d6,leave_target_out,noisy_shot,128,affine_channel_lira,16,10,0.6037722222222222,0.5867377777777777,0.6232166666666666,0.15833333333333338,0.1381666666666667,0.19516666666666665,0.01,0.0033333333333333335,0.026166666666666644,0.028333333333333335,0.019666666666666666,0.051833333333333335,0.09,0.07816666666666666,0.1428333333333333
cell,zz_r5_d6,leave_target_out,noisy_shot,128,deconvolved_lira,16,10,0.5797555555555556,0.5608005555555555,0.6077344444444444,0.14833333333333332,0.1293333333333333,0.18466666666666667,0.0,0.0,0.0033333333333333335,0.005,0.0,0.016999999999999994,0.09,0.06116666666666667,0.13616666666666666
cell,zz_r5_d6,leave_target_out,noisy_shot,128,empirical_channel_lira,16,10,0.6152888888888889,0.5966911111111112,0.6314744444444444,0.18999999999999997,0.1581666666666667,0.20916666666666667,0.011666666666666667,0.0015,0.016666666666666666,0.028333333333333335,0.0115,0.046499999999999965,0.08833333333333333,0.07816666666666666,0.13466666666666663
cell,zz_r5_d6,leave_target_out,noisy_shot,128,latent_lira_mismatched,16,10,0.6077666666666667,0.5901527777777779,0.6190661111111111,0.185,0.14933333333333332,0.2088333333333333,0.0,0.0,0.0033333333333333335,0.006666666666666667,0.0015,0.015166666666666663,0.07833333333333334,0.06,0.12066666666666666
cell,zz_r5_d6,leave_target_out,noisy_shot,128,loss_mia,0,10,0.6169,0.6010411111111111,0.6553527777777778,0.20500000000000004,0.16816666666666671,0.25699999999999995,0.0033333333333333335,0.0,0.008499999999999997,0.015,0.006666666666666667,0.02916666666666665,0.07333333333333333,0.04416666666666667,0.1255
cell,zz_r5_d6,leave_target_out,noisy_shot,128,noise_augmented_lira,16,10,0.6089333333333333,0.5852011111111111,0.6338488888888889,0.18833333333333335,0.1471666666666667,0.21216666666666667,0.01,0.0015,0.03283333333333331,0.028333333333333335,0.0145,0.05066666666666665,0.08499999999999999,0.06483333333333334,0.14799999999999996
cell,zz_r5_d6,leave_target_out,noisy_shot,512,affine_channel_lira,16,10,0.6193388888888889,0.5974483333333334,0.6355688888888888,0.18000000000000005,0.156,0.23683333333333328,0.0033333333333333335,0.0,0.008499999999999997,0.023333333333333334,0.014833333333333334,0.0385,0.11833333333333333,0.09533333333333333,0.13883333333333334
cell,zz_r5_d6,leave_target_out,noisy_shot,512,deconvolved_lira,16,10,0.609288888888889,0.5828272222222223,0.6173416666666667,0.17333333333333337,0.1320000000000001,0.19950000000000004,0.0,0.0,0.0018333333333333298,0.01,0.0033333333333333335,0.02733333333333332,0.10333333333333333,0.07116666666666667,0.12666666666666668
cell,zz_r5_d6,leave_target_out,noisy_shot,512,empirical_channel_lira,16,10,0.6321888888888889,0.6114277777777778,0.6482283333333334,0.21000000000000002,0.18816666666666668,0.2406666666666667,0.01,0.004833333333333334,0.016666666666666666,0.03,0.021166666666666667,0.043333333333333335,0.10333333333333333,0.06749999999999999,0.12399999999999999
cell,zz_r5_d6,leave_target_out,noisy_shot,512,latent_lira_mismatched,16,10,0.6298888888888889,0.6116133333333333,0.6426627777777777,0.20333333333333337,0.17300000000000004,0.23983333333333334,0.0,0.0,0.0,0.01,0.006666666666666667,0.013333333333333334,0.09,0.06783333333333334,0.11216666666666666
cell,zz_r5_d6,leave_target_out,noisy_shot,512,loss_mia,0,10,0.6513444444444445,0.6383944444444444,0.6660211111111112,0.2533333333333333,0.22600000000000006,0.2833333333333333,0.0,0.0,0.006999999999999993,0.013333333333333334,0.0033333333333333335,0.018499999999999996,0.07500000000000001,0.059666666666666666,0.1043333333333333
cell,zz_r5_d6,leave_target_out,noisy_shot,512,noise_augmented_lira,16,10,0.6352666666666666,0.6133427777777778,0.6514161111111111,0.20166666666666672,0.18483333333333332,0.2451666666666667,0.0033333333333333335,0.0,0.008499999999999997,0.028333333333333335,0.017833333333333333,0.041833333333333333,0.10500000000000001,0.08633333333333333,0.15466666666666665
overall,all_cells,leave_cell_out,noisy_shot,1024,affine_channel_lira,16,10,0.6028926666666667,0.5980027777777779,0.6093090222222222,0.14733333333333337,0.14053333333333334,0.16006666666666666,0.003333333333333333,0.002,0.005333333333333333,0.024333333333333332,0.0172,0.029699999999999997,0.096,0.0943,0.10383333333333333
overall,all_cells,leave_cell_out,noisy_shot,1024,deconvolved_lira,16,10,0.5938944444444445,0.5844909555555555,0.6024202888888889,0.1443333333333333,0.13296666666666668,0.1536,0.002,0.0,0.005599999999999994,0.018,0.014,0.020066666666666667,0.08033333333333334,0.07066666666666667,0.08813333333333333
overall,all_cells,leave_cell_out,noisy_shot,1024,empirical_channel_lira,16,10,0.6004735555555556,0.5956775333333334,0.6068674222222222,0.14666666666666672,0.14030000000000006,0.1551,0.005666666666666667,0.0036333333333333335,0.011033333333333332,0.021666666666666667,0.018966666666666666,0.024366666666666665,0.10033333333333333,0.0895,0.1057
overall,all_cells,leave_cell_out,noisy_shot,1024,latent_lira_mismatched,16,10,0.596576,0.5884366,0.6038381555555555,0.14633333333333337,0.13756666666666673,0.16493333333333327,0.004666666666666667,0.0033333333333333335,0.006799999999999997,0.014666666666666666,0.012233333333333334,0.021599999999999994,0.07266666666666666,0.06496666666666666,0.08336666666666666
overall,all_cells,leave_cell_out,noisy_shot,1024,loss_mia,0,10,0.57747,0.5737925111111111,0.5805814888888888,0.15433333333333332,0.14490000000000003,0.16050000000000003,0.002,0.0009666666666666667,0.0026666666666666666,0.008,0.006233333333333333,0.009033333333333332,0.04033333333333333,0.035500000000000004,0.04669999999999999
overall,all_cells,leave_cell_out,noisy_shot,1024,noise_augmented_lira,16,10,0.6069439999999999,0.602581511111111,0.6141271333333332,0.15766666666666668,0.14433333333333337,0.17,0.004666666666666667,0.0033333333333333335,0.005333333333333333,0.024,0.018966666666666666,0.028,0.09366666666666666,0.0906,0.10946666666666666
overall,all_cells,leave_cell_out,noisy_shot,128,affine_channel_lira,16,10,0.5748953333333333,0.5628942222222222,0.5864368222222222,0.11166666666666664,0.10133333333333336,0.12540000000000004,0.006,0.0018666666666666666,0.007333333333333333,0.022333333333333334,0.018233333333333334,0.028066666666666667,0.08633333333333333,0.06973333333333333,0.09606666666666666
overall,all_cells,leave_cell_out,noisy_shot,128,deconvolved_lira,16,10,0.5606982222222222,0.5493941777777778,0.573838,0.10666666666666669,0.0935,0.1297333333333334,0.0003333333333333333,0.0,0.0016999999999999993,0.009333333333333334,0.0046,0.018566666666666662,0.060333333333333336,0.051500000000000004,0.0697
overall,all_cells,leave_cell_out,noisy_shot,128,empirical_channel_lira,16,10,0.5741695555555556,0.5643577333333334,0.5877496222222223,0.10966666666666669,0.10060000000000002,0.1321,0.006,0.004666666666666667,0.007699999999999999,0.02266666666666667,0.0192,0.027333333333333334,0.08466666666666667,0.0699,0.09263333333333333
overall,all_cells,leave_cell_out,noisy_shot,128,latent_lira_mismatched,16,10,0.5680675555555555,0.5574923777777777,0.5702852888888889,0.11233333333333331,0.09736666666666668,0.12206666666666667,0.0,0.0,0.0013999999999999985,0.01,0.005566666666666667,0.016199999999999996,0.059,0.05223333333333333,0.06473333333333332
overall,all_cells,leave_cell_out,noisy_shot,128,loss_mia,0,10,0.5650198888888889,0.5492942777777777,0.5750170666666666,0.12766666666666665,0.10733333333333339,0.1404,0.0016666666666666666,0.0003,0.002,0.009666666666666667,0.005266666666666667,0.014666666666666666,0.047,0.036566666666666664,0.060266666666666656
overall,all_cells,leave_cell_out,noisy_shot,128,noise_augmented_lira,16,10,0.571151111111111,0.5591185777777777,0.5852184,0.10500000000000004,0.08960000000000005,0.12810000000000002,0.005666666666666667,0.0033333333333333335,0.009399999999999999,0.024666666666666667,0.020966666666666665,0.03106666666666666,0.08733333333333333,0.07123333333333333,0.0928
overall,all_cells,leave_cell_out,noisy_shot,512,affine_channel_lira,16,10,0.5956611111111111,0.5864090888888889,0.602215311111111,0.13800000000000004,0.1219,0.14299999999999996,0.0033333333333333335,0.0016333333333333334,0.005333333333333333,0.024666666666666667,0.018766666666666668,0.028933333333333325,0.094,0.08553333333333334,0.10266666666666667
overall,all_cells,leave_cell_out,noisy_shot,512,deconvolved_lira,16,10,0.5875,0.5743328222222222,0.5943606222222222,0.14,0.12126666666666662,0.15089999999999998,0.001,0.0,0.0026666666666666666,0.01633333333333333,0.010233333333333334,0.019033333333333333,0.073,0.053266666666666664,0.08243333333333333
overall,all_cells,leave_cell_out,noisy_shot,512,empirical_channel_lira,16,10,0.5943780000000001,0.586685688888889,0.5995109777777778,0.13566666666666674,0.12289999999999998,0.14190000000000005,0.006,0.004666666666666667,0.010066666666666665,0.023333333333333334,0.019866666666666668,0.030466666666666656,0.09366666666666668,0.08196666666666666,0.10026666666666666
overall,all_cells,leave_cell_out,noisy_shot,512,latent_lira_mismatched,16,10,0.588883111111111,0.5783946666666666,0.5977099777777778,0.13866666666666666,0.1220666666666667,0.1536666666666667,0.0033333333333333335,0.0016333333333333334,0.0061999999999999954,0.014333333333333333,0.0086,0.017699999999999997,0.07233333333333333,0.0543,0.07606666666666666
overall,all_cells,leave_cell_out,noisy_shot,512,loss_mia,0,10,0.5756915555555555,0.5700864888888889,0.5771338222222222,0.15066666666666667,0.13730000000000003,0.1634666666666667,0.0006666666666666666,0.0006666666666666666,0.002366666666666666,0.007333333333333333,0.004966666666666667,0.010066666666666665,0.043,0.0375,0.05026666666666666
overall,all_cells,leave_cell_out,noisy_shot,512,noise_augmented_lira,16,10,0.5971444444444444,0.5884148666666666,0.6028249555555556,0.13933333333333336,0.12033333333333335,0.15590000000000004,0.003666666666666667,0.0023,0.005699999999999999,0.02266666666666667,0.01763333333333333,0.027833333333333328,0.09633333333333333,0.08416666666666667,0.10583333333333333
overall,all_cells,leave_target_out,noisy_shot,1024,affine_channel_lira,16,10,0.6013235555555556,0.5942244444444444,0.6064551777777778,0.1436666666666666,0.1353333333333333,0.15440000000000004,0.004333333333333333,0.0026666666666666666,0.006366666666666666,0.03033333333333333,0.025933333333333333,0.038066666666666665,0.10066666666666667,0.09506666666666666,0.11073333333333334
overall,all_cells,leave_target_out,noisy_shot,1024,deconvolved_lira,16,10,0.5895595555555555,0.5786290222222222,0.5973094888888889,0.135,0.12756666666666672,0.15070000000000003,0.002333333333333333,0.0013333333333333333,0.004366666666666666,0.021333333333333333,0.016,0.025766666666666667,0.08133333333333334,0.07496666666666667,0.096
overall,all_cells,leave_target_out,noisy_shot,1024,empirical_channel_lira,16,10,0.5953733333333333,0.5902696,0.6015179333333333,0.13866666666666672,0.134,0.146,0.006,0.0036333333333333335,0.01196666666666666,0.027,0.021933333333333332,0.032,0.09966666666666667,0.0859,0.11116666666666666
overall,all_cells,leave_target_out,noisy_shot,1024,latent_lira_mismatched,16,10,0.596576,0.5884366,0.6038381555555555,0.14633333333333337,0.13756666666666673,0.16493333333333327,0.004666666666666667,0.0033333333333333335,0.006799999999999997,0.014666666666666666,0.012233333333333334,0.021599999999999994,0.07266666666666666,0.06496666666666666,0.08336666666666666
overall,all_cells,leave_target_out,noisy_shot,1024,loss_mia,0,10,0.57747,0.5737925111111111,0.5805814888888888,0.15433333333333332,0.14490000000000003,0.16050000000000003,0.002,0.0009666666666666667,0.0026666666666666666,0.008,0.006233333333333333,0.009033333333333332,0.04033333333333333,0.035500000000000004,0.04669999999999999
overall,all_cells,leave_target_out,noisy_shot,1024,noise_augmented_lira,16,10,0.6017562222222222,0.5955572888888889,0.6067663111111111,0.14666666666666667,0.13063333333333338,0.15413333333333337,0.004,0.0023,0.007333333333333333,0.028666666666666667,0.0252,0.0351,0.10600000000000001,0.08966666666666667,0.1134
overall,all_cells,leave_target_out,noisy_shot,128,affine_channel_lira,16,10,0.5744202222222221,0.5639085111111111,0.5896355333333333,0.10899999999999999,0.09350000000000001,0.13226666666666667,0.005333333333333333,0.002966666666666667,0.008799999999999997,0.025,0.0183,0.030366666666666663,0.08666666666666667,0.0679,0.10153333333333332
overall,all_cells,leave_target_out,noisy_shot,128,deconvolved_lira,16,10,0.5584597777777778,0.5480343111111111,0.5706186444444444,0.10400000000000001,0.08803333333333338,0.12303333333333336,0.0003333333333333333,0.0,0.0024333333333333316,0.009333333333333332,0.005633333333333333,0.0157,0.06233333333333334,0.0526,0.06910000000000001
overall,all_cells,leave_target_out,noisy_shot,128,empirical_channel_lira,16,10,0.5736633333333333,0.5655964222222222,0.5921198888888889,0.10600000000000002,0.09883333333333334,0.1409,0.005,0.0033333333333333335,0.011599999999999994,0.025,0.0212,0.03236666666666666,0.09066666666666667,0.0704,0.09703333333333333
overall,all_cells,leave_target_out,noisy_shot,128,latent_lira_mismatched,16,10,0.5680675555555555,0.5574923777777777,0.5702852888888889,0.11233333333333331,0.09736666666666668,0.12206666666666667,0.0,0.0,0.0013999999999999985,0.01,0.005566666666666667,0.016199999999999996,0.059,0.05223333333333333,0.06473333333333332
overall,all_cells,leave_target_out,noisy_shot,128,loss_mia,0,10,0.5650198888888889,0.5492942777777777,0.5750170666666666,0.12766666666666665,0.10733333333333339,0.1404,0.0016666666666666666,0.0003,0.002,0.009666666666666667,0.005266666666666667,0.014666666666666666,0.047,0.036566666666666664,0.060266666666666656
overall,all_cells,leave_target_out,noisy_shot,128,noise_augmented_lira,16,10,0.5771964444444444,0.5620796222222222,0.5916811555555556,0.11633333333333334,0.09053333333333334,0.1413666666666667,0.006333333333333333,0.0025333333333333336,0.012066666666666665,0.025,0.0223,0.03056666666666666,0.09166666666666667,0.07143333333333333,0.1017
overall,all_cells,leave_target_out,noisy_shot,512,affine_channel_lira,16,10,0.5936071111111112,0.5846292000000001,0.6032917777777778,0.13500000000000004,0.11733333333333339,0.14730000000000001,0.004333333333333333,0.0026666666666666666,0.007033333333333332,0.029666666666666668,0.022233333333333334,0.03523333333333333,0.09666666666666666,0.0858,0.1045
overall,all_cells,leave_target_out,noisy_shot,512,deconvolved_lira,16,10,0.5824020000000001,0.5683557333333333,0.5940079111111111,0.12899999999999998,0.11246666666666669,0.14436666666666667,0.002,0.0003,0.003466666666666664,0.018,0.011633333333333334,0.023833333333333328,0.07233333333333333,0.06096666666666667,0.08746666666666666
overall,all_cells,leave_target_out,noisy_shot,512,empirical_channel_lira,16,10,0.590451111111111,0.582956688888889,0.6014256,0.12833333333333335,0.12083333333333333,0.1500666666666667,0.005666666666666667,0.004,0.007399999999999999,0.027000000000000003,0.023566666666666666,0.03103333333333333,0.096,0.08543333333333333,0.10049999999999999
overall,all_cells,leave_target_out,noisy_shot,512,latent_lira_mismatched,16,10,0.588883111111111,0.5783946666666666,0.5977099777777778,0.13866666666666666,0.1220666666666667,0.1536666666666667,0.0033333333333333335,0.0016333333333333334,0.0061999999999999954,0.014333333333333333,0.0086,0.017699999999999997,0.07233333333333333,0.0543,0.07606666666666666
overall,all_cells,leave_target_out,noisy_shot,512,loss_mia,0,10,0.5756915555555555,0.5700864888888889,0.5771338222222222,0.15066666666666667,0.13730000000000003,0.1634666666666667,0.0006666666666666666,0.0006666666666666666,0.002366666666666666,0.007333333333333333,0.004966666666666667,0.010066666666666665,0.043,0.0375,0.05026666666666666
overall,all_cells,leave_target_out,noisy_shot,512,noise_augmented_lira,16,10,0.5955993333333334,0.5874900888888889,0.6028409777777778,0.1393333333333334,0.12346666666666667,0.14723333333333335,0.005333333333333333,0.003266666666666667,0.008733333333333333,0.026333333333333334,0.02076666666666667,0.03736666666666666,0.09266666666666666,0.08616666666666667,0.1011
target,MNIST_QNN_eff_su2_r1_d2_s43,leave_cell_out,noisy_shot,1024,affine_channel_lira,16,10,0.54215,0.475515,0.5606300000000001,0.125,0.04350000000000004,0.1855,0.02,0.0,0.04,0.035,0.01,0.06,0.065,0.0345,0.12099999999999998
target,MNIST_QNN_eff_su2_r1_d2_s43,leave_cell_out,noisy_shot,1024,deconvolved_lira,16,10,0.5701,0.49319,0.598705,0.135,0.059000000000000004,0.19650000000000004,0.0,0.0,0.01549999999999999,0.02,0.01,0.056499999999999974,0.105,0.058,0.1455
target,MNIST_QNN_eff_su2_r1_d2_s43,leave_cell_out,noisy_shot,1024,empirical_channel_lira,16,10,0.5181,0.46352,0.547125,0.105,0.03450000000000002,0.14000000000000004,0.015,0.0,0.03,0.025,0.01,0.05,0.08,0.0345,0.12749999999999995
target,MNIST_QNN_eff_su2_r1_d2_s43,leave_cell_out,noisy_shot,1024,latent_lira_mismatched,16,10,0.55545,0.48705999999999994,0.576075,0.12500000000000003,0.060000000000000026,0.20199999999999996,0.0,0.0,0.01549999999999999,0.0,0.0,0.02,0.055,0.04,0.12299999999999993
target,MNIST_QNN_eff_su2_r1_d2_s43,leave_cell_out,noisy_shot,1024,loss_mia,0,10,0.5194000000000001,0.50138,0.54306,0.1,0.07450000000000007,0.12099999999999995,0.01,0.0,0.03,0.015,0.0045000000000000005,0.04099999999999998,0.06,0.05,0.11549999999999999
target,MNIST_QNN_eff_su2_r1_d2_s43,leave_cell_out,noisy_shot,1024,noise_augmented_lira,16,10,0.525,0.460725,0.54619,0.11500000000000002,0.037000000000000005,0.1455,0.02,0.0,0.03,0.03,0.01,0.04549999999999999,0.065,0.0345,0.10649999999999997
target,MNIST_QNN_eff_su2_r1_d2_s43,leave_cell_out,noisy_shot,128,affine_channel_lira,16,10,0.491,0.44556,0.567635,0.08000000000000002,0.020000000000000018,0.16000000000000003,0.005,0.0,0.025499999999999988,0.01,0.0,0.03549999999999999,0.05,0.02,0.09099999999999998
target,MNIST_QNN_eff_su2_r1_d2_s43,leave_cell_out,noisy_shot,128,deconvolved_lira,16,10,0.5364500000000001,0.50548,0.5621349999999999,0.10999999999999999,0.06250000000000003,0.16000000000000003,0.0,0.0,0.01,0.02,0.0,0.04099999999999998,0.07500000000000001,0.009000000000000001,0.11649999999999998
target,MNIST_QNN_eff_su2_r1_d2_s43,leave_cell_out,noisy_shot,128,empirical_channel_lira,16,10,0.47800000000000004,0.43443000000000004,0.56945,0.06,0.02450000000000001,0.17749999999999996,0.01,0.0,0.02,0.02,0.0045000000000000005,0.050999999999999976,0.07,0.0245,0.15199999999999997
target,MNIST_QNN_eff_su2_r1_d2_s43,leave_cell_out,noisy_shot,128,latent_lira_mismatched,16,10,0.5204,0.479585,0.5788399999999999,0.09000000000000008,0.0445,0.18849999999999992,0.0,0.0,0.01,0.02,0.0,0.04549999999999999,0.07500000000000001,0.04,0.10199999999999995
target,MNIST_QNN_eff_su2_r1_d2_s43,leave_cell_out,noisy_shot,128,loss_mia,0,10,0.48960000000000004,0.471015,0.547735,0.06,0.03450000000000003,0.13200000000000003,0.0,0.0,0.03549999999999999,0.02,0.01,0.03549999999999999,0.055,0.02,0.13099999999999998
target,MNIST_QNN_eff_su2_r1_d2_s43,leave_cell_out,noisy_shot,128,noise_augmented_lira,16,10,0.47040000000000004,0.4426800000000001,0.555055,0.045000000000000026,0.03,0.16499999999999992,0.01,0.0,0.04,0.02,0.0,0.09199999999999996,0.055,0.04,0.1055
target,MNIST_QNN_eff_su2_r1_d2_s43,leave_cell_out,noisy_shot,512,affine_channel_lira,16,10,0.52285,0.447015,0.57358,0.135,0.024500000000000008,0.181,0.015,0.0,0.03,0.03,0.0045000000000000005,0.050999999999999976,0.055,0.03,0.10099999999999998
target,MNIST_QNN_eff_su2_r1_d2_s43,leave_cell_out,noisy_shot,512,deconvolved_lira,16,10,0.5402499999999999,0.478385,0.60806,0.12,0.053500000000000006,0.21100000000000002,0.0,0.0,0.025499999999999988,0.02,0.0,0.05549999999999999,0.07,0.0135,0.11099999999999997
target,MNIST_QNN_eff_su2_r1_d2_s43,leave_cell_out,noisy_shot,512,empirical_channel_lira,16,10,0.5237,0.432115,0.550005,0.10500000000000007,0.02,0.151,0.015,0.0,0.025499999999999988,0.02,0.0145,0.04099999999999998,0.06,0.0345,0.10099999999999998
target,MNIST_QNN_eff_su2_r1_d2_s43,leave_cell_out,noisy_shot,512,latent_lira_mismatched,16,10,0.5339,0.47995499999999996,0.57873,0.10999999999999999,0.048999999999999974,0.16549999999999998,0.0,0.0,0.01549999999999999,0.01,0.0,0.04099999999999998,0.06,0.009000000000000001,0.09
target,MNIST_QNN_eff_su2_r1_d2_s43,leave_cell_out,noisy_shot,512,loss_mia,0,10,0.51105,0.48358500000000004,0.557385,0.09000000000000008,0.05000000000000003,0.14100000000000001,0.01,0.0,0.01,0.01,0.0045000000000000005,0.03649999999999997,0.07,0.04,0.1055
target,MNIST_QNN_eff_su2_r1_d2_s43,leave_cell_out,noisy_shot,512,noise_augmented_lira,16,10,0.5343,0.451075,0.5699649999999999,0.10999999999999999,0.038,0.1855,0.01,0.0,0.02,0.025,0.0145,0.03549999999999999,0.06,0.0345,0.11
target,MNIST_QNN_eff_su2_r1_d2_s43,leave_target_out,noisy_shot,1024,affine_channel_lira,16,10,0.5418499999999999,0.475935,0.5682349999999999,0.12,0.05000000000000003,0.1755,0.02,0.0,0.04,0.025,0.0045000000000000005,0.06549999999999999,0.07,0.05,0.11199999999999996
target,MNIST_QNN_eff_su2_r1_d2_s43,leave_target_out,noisy_shot,1024,deconvolved_lira,16,10,0.5650999999999999,0.4906849999999999,0.5969049999999999,0.135,0.04450000000000004,0.19099999999999998,0.0,0.0,0.020999999999999977,0.025,0.01,0.04549999999999999,0.09,0.069,0.13
target,MNIST_QNN_eff_su2_r1_d2_s43,leave_target_out,noisy_shot,1024,empirical_channel_lira,16,10,0.52705,0.465235,0.553925,0.10999999999999999,0.04999999999999996,0.14649999999999996,0.015,0.0,0.04549999999999999,0.03,0.02,0.05549999999999999,0.065,0.044500000000000005,0.11549999999999999
target,MNIST_QNN_eff_su2_r1_d2_s43,leave_target_out,noisy_shot,1024,latent_lira_mismatched,16,10,0.55545,0.48705999999999994,0.576075,0.12500000000000003,0.060000000000000026,0.20199999999999996,0.0,0.0,0.01549999999999999,0.0,0.0,0.02,0.055,0.04,0.12299999999999993
target,MNIST_QNN_eff_su2_r1_d2_s43,leave_target_out,noisy_shot,1024,loss_mia,0,10,0.5194000000000001,0.50138,0.54306,0.1,0.07450000000000007,0.12099999999999995,0.01,0.0,0.03,0.015,0.0045000000000000005,0.04099999999999998,0.06,0.05,0.11549999999999999
target,MNIST_QNN_eff_su2_r1_d2_s43,leave_target_out,noisy_shot,1024,noise_augmented_lira,16,10,0.5211,0.46542500000000003,0.549195,0.10500000000000002,0.04449999999999999,0.141,0.02,0.0,0.03,0.03,0.0045000000000000005,0.04549999999999999,0.07,0.0435,0.10649999999999997
target,MNIST_QNN_eff_su2_r1_d2_s43,leave_target_out,noisy_shot,128,affine_channel_lira,16,10,0.4938,0.444095,0.56762,0.07000000000000003,0.020000000000000018,0.16099999999999998,0.01,0.0,0.03099999999999998,0.01,0.0045000000000000005,0.03549999999999999,0.055,0.02,0.10649999999999997
target,MNIST_QNN_eff_su2_r1_d2_s43,leave_target_out,noisy_shot,128,deconvolved_lira,16,10,0.53625,0.50275,0.56174,0.11500000000000003,0.06350000000000003,0.16549999999999992,0.0,0.0,0.02,0.02,0.0,0.04099999999999998,0.07500000000000001,0.0245,0.1
target,MNIST_QNN_eff_su2_r1_d2_s43,leave_target_out,noisy_shot,128,empirical_channel_lira,16,10,0.48149999999999993,0.43488499999999997,0.566585,0.06,0.020000000000000007,0.18399999999999989,0.01,0.0,0.02,0.02,0.0045000000000000005,0.05549999999999999,0.07,0.029,0.15649999999999997
target,MNIST_QNN_eff_su2_r1_d2_s43,leave_target_out,noisy_shot,128,latent_lira_mismatched,16,10,0.5204,0.479585,0.5788399999999999,0.09000000000000008,0.0445,0.18849999999999992,0.0,0.0,0.01,0.02,0.0,0.04549999999999999,0.07500000000000001,0.04,0.10199999999999995
target,MNIST_QNN_eff_su2_r1_d2_s43,leave_target_out,noisy_shot,128,loss_mia,0,10,0.48960000000000004,0.471015,0.547735,0.06,0.03450000000000003,0.13200000000000003,0.0,0.0,0.03549999999999999,0.02,0.01,0.03549999999999999,0.055,0.02,0.13099999999999998
target,MNIST_QNN_eff_su2_r1_d2_s43,leave_target_out,noisy_shot,128,noise_augmented_lira,16,10,0.515,0.45435,0.579385,0.105,0.03699999999999999,0.21199999999999997,0.01,0.0,0.04549999999999999,0.02,0.0045000000000000005,0.056499999999999974,0.060000000000000005,0.029,0.09
target,MNIST_QNN_eff_su2_r1_d2_s43,leave_target_out,noisy_shot,512,affine_channel_lira,16,10,0.5325,0.44857500000000006,0.57974,0.13,0.024500000000000008,0.18000000000000002,0.02,0.0,0.04,0.03,0.01,0.06,0.06,0.039,0.11549999999999999
target,MNIST_QNN_eff_su2_r1_d2_s43,leave_target_out,noisy_shot,512,deconvolved_lira,16,10,0.5470999999999999,0.47323,0.60242,0.125,0.0435,0.20099999999999998,0.0,0.0,0.041999999999999954,0.02,0.0,0.046499999999999965,0.065,0.018000000000000002,0.11099999999999997
target,MNIST_QNN_eff_su2_r1_d2_s43,leave_target_out,noisy_shot,512,empirical_channel_lira,16,10,0.5275,0.437445,0.54962,0.11000000000000001,0.020000000000000007,0.15649999999999997,0.02,0.0,0.02,0.03,0.02,0.04549999999999999,0.065,0.03,0.11549999999999999
target,MNIST_QNN_eff_su2_r1_d2_s43,leave_target_out,noisy_shot,512,latent_lira_mismatched,16,10,0.5339,0.47995499999999996,0.57873,0.10999999999999999,0.048999999999999974,0.16549999999999998,0.0,0.0,0.01549999999999999,0.01,0.0,0.04099999999999998,0.06,0.009000000000000001,0.09
target,MNIST_QNN_eff_su2_r1_d2_s43,leave_target_out,noisy_shot,512,loss_mia,0,10,0.51105,0.48358500000000004,0.557385,0.09000000000000008,0.05000000000000003,0.14100000000000001,0.01,0.0,0.01,0.01,0.0045000000000000005,0.03649999999999997,0.07,0.04,0.1055
target,MNIST_QNN_eff_su2_r1_d2_s43,leave_target_out,noisy_shot,512,noise_augmented_lira,16,10,0.54015,0.452545,0.58065,0.13,0.0245,0.161,0.02,0.0,0.03,0.025,0.01,0.04549999999999999,0.08499999999999999,0.04,0.1055
target,MNIST_QNN_eff_su2_r1_d2_s44,leave_cell_out,noisy_shot,1024,affine_channel_lira,16,10,0.56125,0.531745,0.581655,0.15000000000000002,0.10449999999999998,0.19999999999999998,0.01,0.0,0.01549999999999999,0.02,0.0045000000000000005,0.06849999999999992,0.08,0.049,0.1055
target,MNIST_QNN_eff_su2_r1_d2_s44,leave_cell_out,noisy_shot,1024,deconvolved_lira,16,10,0.5598000000000001,0.5419149999999999,0.5986049999999999,0.165,0.1245,0.20550000000000004,0.01,0.0,0.01549999999999999,0.01,0.0045000000000000005,0.025499999999999988,0.07,0.0335,0.11
target,MNIST_QNN_eff_su2_r1_d2_s44,leave_cell_out,noisy_shot,1024,empirical_channel_lira,16,10,0.5732999999999999,0.529665,0.6020500000000001,0.17,0.10250000000000004,0.2365,0.0,0.0,0.01549999999999999,0.02,0.0,0.04549999999999999,0.1,0.08,0.15649999999999997
target,MNIST_QNN_eff_su2_r1_d2_s44,leave_cell_out,noisy_shot,1024,latent_lira_mismatched,16,10,0.56165,0.5075000000000001,0.60348,0.15000000000000002,0.08450000000000002,0.23550000000000004,0.0,0.0,0.020999999999999977,0.02,0.0045000000000000005,0.03,0.045,0.03,0.08549999999999999
target,MNIST_QNN_eff_su2_r1_d2_s44,leave_cell_out,noisy_shot,1024,loss_mia,0,10,0.5476,0.5300349999999999,0.5603600000000001,0.14,0.08899999999999997,0.15550000000000003,0.01,0.0045000000000000005,0.025499999999999988,0.025,0.01,0.04099999999999998,0.065,0.0345,0.08
target,MNIST_QNN_eff_su2_r1_d2_s44,leave_cell_out,noisy_shot,1024,noise_augmented_lira,16,10,0.5592,0.51512,0.58595,0.14,0.079,0.20550000000000002,0.01,0.0,0.01549999999999999,0.025,0.0045000000000000005,0.07099999999999998,0.1,0.09,0.151
target,MNIST_QNN_eff_su2_r1_d2_s44,leave_cell_out,noisy_shot,128,affine_channel_lira,16,10,0.53485,0.477635,0.581585,0.12999999999999998,0.05700000000000005,0.19649999999999995,0.0,0.0,0.01549999999999999,0.01,0.0,0.03549999999999999,0.065,0.0345,0.08
target,MNIST_QNN_eff_su2_r1_d2_s44,leave_cell_out,noisy_shot,128,deconvolved_lira,16,10,0.54915,0.49298000000000003,0.57115,0.14500000000000002,0.04349999999999999,0.18,0.0,0.0,0.01549999999999999,0.005,0.0,0.02,0.05,0.01,0.08
target,MNIST_QNN_eff_su2_r1_d2_s44,leave_cell_out,noisy_shot,128,empirical_channel_lira,16,10,0.5455,0.48779500000000003,0.587515,0.145,0.0815,0.22099999999999997,0.0,0.0,0.0,0.005,0.0,0.02,0.065,0.044500000000000005,0.08099999999999997
target,MNIST_QNN_eff_su2_r1_d2_s44,leave_cell_out,noisy_shot,128,latent_lira_mismatched,16,10,0.52155,0.48541500000000004,0.5619999999999998,0.09999999999999998,0.03350000000000003,0.17299999999999996,0.0,0.0,0.01549999999999999,0.0,0.0,0.025499999999999988,0.03,0.009000000000000001,0.0755
target,MNIST_QNN_eff_su2_r1_d2_s44,leave_cell_out,noisy_shot,128,loss_mia,0,10,0.5421,0.51091,0.5799399999999999,0.13999999999999999,0.09250000000000003,0.19299999999999995,0.0,0.0,0.02,0.015,0.0,0.03099999999999998,0.065,0.0345,0.1055
target,MNIST_QNN_eff_su2_r1_d2_s44,leave_cell_out,noisy_shot,128,noise_augmented_lira,16,10,0.51925,0.477485,0.56404,0.13,0.06350000000000001,0.161,0.005,0.0,0.025499999999999988,0.01,0.0,0.03,0.07,0.02,0.09549999999999999
target,MNIST_QNN_eff_su2_r1_d2_s44,leave_cell_out,noisy_shot,512,affine_channel_lira,16,10,0.5338499999999999,0.51016,0.58552,0.11499999999999999,0.07000000000000003,0.21299999999999994,0.0,0.0,0.03099999999999998,0.01,0.0,0.056499999999999974,0.07,0.02,0.09549999999999999
target,MNIST_QNN_eff_su2_r1_d2_s44,leave_cell_out,noisy_shot,512,deconvolved_lira,16,10,0.5512999999999999,0.5101249999999999,0.598915,0.11500000000000005,0.08800000000000002,0.21849999999999992,0.0,0.0,0.01,0.01,0.0,0.03549999999999999,0.04,0.02,0.11749999999999995
target,MNIST_QNN_eff_su2_r1_d2_s44,leave_cell_out,noisy_shot,512,empirical_channel_lira,16,10,0.54055,0.513745,0.585195,0.12,0.08000000000000002,0.2255,0.0,0.0,0.01549999999999999,0.01,0.0045000000000000005,0.05749999999999995,0.07500000000000001,0.044500000000000005,0.12
target,MNIST_QNN_eff_su2_r1_d2_s44,leave_cell_out,noisy_shot,512,latent_lira_mismatched,16,10,0.5365,0.494045,0.5990599999999999,0.13,0.06900000000000003,0.21299999999999994,0.0,0.0,0.01,0.0,0.0,0.04,0.045,0.0245,0.09549999999999999
target,MNIST_QNN_eff_su2_r1_d2_s44,leave_cell_out,noisy_shot,512,loss_mia,0,10,0.53865,0.523015,0.56484,0.13,0.10450000000000001,0.17549999999999996,0.01,0.0,0.04099999999999998,0.02,0.0,0.046499999999999965,0.07,0.019,0.10199999999999995
target,MNIST_QNN_eff_su2_r1_d2_s44,leave_cell_out,noisy_shot,512,noise_augmented_lira,16,10,0.54565,0.53154,0.607385,0.135,0.09450000000000001,0.25299999999999995,0.0,0.0,0.01,0.02,0.01,0.04549999999999999,0.09,0.0545,0.12099999999999998
target,MNIST_QNN_eff_su2_r1_d2_s44,leave_target_out,noisy_shot,1024,affine_channel_lira,16,10,0.5629,0.5294650000000001,0.595805,0.15000000000000002,0.0935,0.22649999999999995,0.01,0.01,0.02,0.02,0.01,0.05749999999999995,0.08,0.044500000000000005,0.11549999999999999
target,MNIST_QNN_eff_su2_r1_d2_s44,leave_target_out,noisy_shot,1024,deconvolved_lira,16,10,0.57335,0.5307449999999999,0.606415,0.16000000000000003,0.11450000000000002,0.2355,0.01,0.0,0.02,0.015,0.0045000000000000005,0.025499999999999988,0.065,0.0345,0.11549999999999999
target,MNIST_QNN_eff_su2_r1_d2_s44,leave_target_out,noisy_shot,1024,empirical_channel_lira,16,10,0.59285,0.540935,0.61818,0.18500000000000003,0.10900000000000001,0.22549999999999998,0.005,0.0,0.01549999999999999,0.02,0.0045000000000000005,0.04549999999999999,0.08,0.059000000000000004,0.1355
target,MNIST_QNN_eff_su2_r1_d2_s44,leave_target_out,noisy_shot,1024,latent_lira_mismatched,16,10,0.56165,0.5075000000000001,0.60348,0.15000000000000002,0.08450000000000002,0.23550000000000004,0.0,0.0,0.020999999999999977,0.02,0.0045000000000000005,0.03,0.045,0.03,0.08549999999999999
target,MNIST_QNN_eff_su2_r1_d2_s44,leave_target_out,noisy_shot,1024,loss_mia,0,10,0.5476,0.5300349999999999,0.5603600000000001,0.14,0.08899999999999997,0.15550000000000003,0.01,0.0045000000000000005,0.025499999999999988,0.025,0.01,0.04099999999999998,0.065,0.0345,0.08
target,MNIST_QNN_eff_su2_r1_d2_s44,leave_target_out,noisy_shot,1024,noise_augmented_lira,16,10,0.5838,0.52967,0.61527,0.18,0.10800000000000001,0.21099999999999997,0.01,0.01,0.025499999999999988,0.02,0.02,0.050999999999999976,0.09,0.049,0.1355
target,MNIST_QNN_eff_su2_r1_d2_s44,leave_target_out,noisy_shot,128,affine_channel_lira,16,10,0.5317000000000001,0.475345,0.57773,0.13,0.06250000000000003,0.18099999999999997,0.0,0.0,0.020999999999999977,0.01,0.0,0.03,0.06,0.0335,0.08549999999999999
target,MNIST_QNN_eff_su2_r1_d2_s44,leave_target_out,noisy_shot,128,deconvolved_lira,16,10,0.54855,0.48744499999999996,0.5673,0.13499999999999998,0.0445,0.16550000000000004,0.0,0.0,0.01549999999999999,0.005,0.0,0.025499999999999988,0.035,0.01,0.10099999999999998
target,MNIST_QNN_eff_su2_r1_d2_s44,leave_target_out,noisy_shot,128,empirical_channel_lira,16,10,0.54245,0.48693000000000003,0.5861649999999999,0.12500000000000003,0.07250000000000001,0.20550000000000002,0.0,0.0,0.0,0.005,0.0,0.02,0.07,0.0345,0.08549999999999999
target,MNIST_QNN_eff_su2_r1_d2_s44,leave_target_out,noisy_shot,128,latent_lira_mismatched,16,10,0.52155,0.48541500000000004,0.5619999999999998,0.09999999999999998,0.03350000000000003,0.17299999999999996,0.0,0.0,0.01549999999999999,0.0,0.0,0.025499999999999988,0.03,0.009000000000000001,0.0755
target,MNIST_QNN_eff_su2_r1_d2_s44,leave_target_out,noisy_shot,128,loss_mia,0,10,0.5421,0.51091,0.5799399999999999,0.13999999999999999,0.09250000000000003,0.19299999999999995,0.0,0.0,0.02,0.015,0.0,0.03099999999999998,0.065,0.0345,0.1055
target,MNIST_QNN_eff_su2_r1_d2_s44,leave_target_out,noisy_shot,128,noise_augmented_lira,16,10,0.5367999999999999,0.460425,0.581855,0.13,0.04600000000000002,0.172,0.0,0.0,0.0,0.0,0.0,0.025499999999999988,0.045,0.02,0.0755
target,MNIST_QNN_eff_su2_r1_d2_s44,leave_target_out,noisy_shot,512,affine_channel_lira,16,10,0.5437,0.50533,0.59538,0.14,0.05799999999999997,0.22049999999999986,0.01,0.0,0.025499999999999988,0.02,0.01,0.05,0.05,0.02,0.08549999999999999
target,MNIST_QNN_eff_su2_r1_d2_s44,leave_target_out,noisy_shot,512,deconvolved_lira,16,10,0.5492,0.50713,0.612355,0.135,0.08350000000000002,0.2504999999999999,0.0,0.0,0.005499999999999989,0.01,0.0,0.04,0.045,0.02,0.12649999999999997
target,MNIST_QNN_eff_su2_r1_d2_s44,leave_target_out,noisy_shot,512,empirical_channel_lira,16,10,0.5568,0.512495,0.5927,0.15500000000000003,0.08900000000000002,0.22649999999999998,0.0,0.0,0.01549999999999999,0.02,0.0,0.06,0.08,0.0345,0.12649999999999997
target,MNIST_QNN_eff_su2_r1_d2_s44,leave_target_out,noisy_shot,512,latent_lira_mismatched,16,10,0.5365,0.494045,0.5990599999999999,0.13,0.06900000000000003,0.21299999999999994,0.0,0.0,0.01,0.0,0.0,0.04,0.045,0.0245,0.09549999999999999
target,MNIST_QNN_eff_su2_r1_d2_s44,leave_target_out,noisy_shot,512,loss_mia,0,10,0.53865,0.523015,0.56484,0.13,0.10450000000000001,0.17549999999999996,0.01,0.0,0.04099999999999998,0.02,0.0,0.046499999999999965,0.07,0.019,0.10199999999999995
target,MNIST_QNN_eff_su2_r1_d2_s44,leave_target_out,noisy_shot,512,noise_augmented_lira,16,10,0.5584,0.5172399999999999,0.596435,0.165,0.09450000000000003,0.2539999999999999,0.005,0.0,0.02,0.015,0.0045000000000000005,0.03549999999999999,0.060000000000000005,0.02,0.11549999999999999
target,MNIST_QNN_eff_su2_r1_d2_s45,leave_cell_out,noisy_shot,1024,affine_channel_lira,16,10,0.52485,0.487185,0.5748500000000001,0.115,0.04449999999999999,0.17550000000000002,0.0,0.0,0.02,0.015,0.0,0.02,0.07500000000000001,0.0245,0.09549999999999999
target,MNIST_QNN_eff_su2_r1_d2_s45,leave_cell_out,noisy_shot,1024,deconvolved_lira,16,10,0.5175,0.468305,0.570195,0.10499999999999998,0.030000000000000027,0.15649999999999997,0.005,0.0,0.02,0.015,0.0,0.04,0.06,0.0335,0.09549999999999999
target,MNIST_QNN_eff_su2_r1_d2_s45,leave_cell_out,noisy_shot,1024,empirical_channel_lira,16,10,0.5043,0.457875,0.55892,0.08500000000000002,0.04449999999999993,0.16099999999999998,0.01,0.0,0.01549999999999999,0.02,0.0,0.03549999999999999,0.060000000000000005,0.0245,0.08
target,MNIST_QNN_eff_su2_r1_d2_s45,leave_cell_out,noisy_shot,1024,latent_lira_mismatched,16,10,0.52815,0.45443,0.5817999999999999,0.08999999999999997,0.049000000000000044,0.18199999999999994,0.01,0.0,0.025499999999999988,0.02,0.0045000000000000005,0.04099999999999998,0.06,0.0345,0.1055
target,MNIST_QNN_eff_su2_r1_d2_s45,leave_cell_out,noisy_shot,1024,loss_mia,0,10,0.5106999999999999,0.485345,0.529205,0.07000000000000006,0.04450000000000004,0.1255,0.01,0.0045000000000000005,0.025499999999999988,0.025,0.0045000000000000005,0.03549999999999999,0.05,0.019,0.08
target,MNIST_QNN_eff_su2_r1_d2_s45,leave_cell_out,noisy_shot,1024,noise_augmented_lira,16,10,0.524,0.482995,0.5665600000000001,0.11000000000000006,0.03900000000000002,0.18199999999999997,0.0,0.0,0.01549999999999999,0.01,0.0,0.02,0.07500000000000001,0.03,0.11199999999999996
target,MNIST_QNN_eff_su2_r1_d2_s45,leave_cell_out,noisy_shot,128,affine_channel_lira,16,10,0.53285,0.47820500000000005,0.5980899999999999,0.10999999999999999,0.03900000000000002,0.22799999999999981,0.0,0.0,0.026499999999999968,0.0,0.0,0.03099999999999998,0.055,0.0245,0.13299999999999995
target,MNIST_QNN_eff_su2_r1_d2_s45,leave_cell_out,noisy_shot,128,deconvolved_lira,16,10,0.5243,0.47954,0.5859099999999999,0.12,0.04250000000000004,0.19099999999999998,0.0,0.0,0.01,0.01,0.0,0.03649999999999997,0.05,0.02,0.11099999999999997
target,MNIST_QNN_eff_su2_r1_d2_s45,leave_cell_out,noisy_shot,128,empirical_channel_lira,16,10,0.5115000000000001,0.485975,0.58022,0.1,0.06449999999999997,0.2094999999999999,0.0,0.0,0.025499999999999988,0.01,0.0,0.025499999999999988,0.05,0.0145,0.1055
target,MNIST_QNN_eff_su2_r1_d2_s45,leave_cell_out,noisy_shot,128,latent_lira_mismatched,16,10,0.5225,0.471985,0.582565,0.125,0.04250000000000001,0.19,0.0,0.0,0.01549999999999999,0.015,0.0,0.04099999999999998,0.04,0.01,0.09
target,MNIST_QNN_eff_su2_r1_d2_s45,leave_cell_out,noisy_shot,128,loss_mia,0,10,0.5368999999999999,0.492785,0.571045,0.11500000000000002,0.0525,0.19099999999999992,0.0,0.0,0.02,0.01,0.0,0.03,0.060000000000000005,0.03,0.08549999999999999
target,MNIST_QNN_eff_su2_r1_d2_s45,leave_cell_out,noisy_shot,128,noise_augmented_lira,16,10,0.52845,0.47246499999999997,0.58629,0.10000000000000002,0.0645,0.18100000000000002,0.0,0.0,0.01549999999999999,0.015,0.0,0.03099999999999998,0.075,0.029,0.12099999999999998
target,MNIST_QNN_eff_su2_r1_d2_s45,leave_cell_out,noisy_shot,512,affine_channel_lira,16,10,0.50325,0.45209,0.578455,0.09500000000000003,0.03900000000000001,0.16199999999999998,0.005,0.0,0.01549999999999999,0.01,0.0,0.03099999999999998,0.06,0.03,0.08
target,MNIST_QNN_eff_su2_r1_d2_s45,leave_cell_out,noisy_shot,512,deconvolved_lira,16,10,0.52375,0.44554,0.56729,0.115,0.028999999999999977,0.17000000000000004,0.015,0.0,0.03549999999999999,0.025,0.0,0.04,0.05,0.0235,0.09649999999999997
target,MNIST_QNN_eff_su2_r1_d2_s45,leave_cell_out,noisy_shot,512,empirical_channel_lira,16,10,0.49960000000000004,0.43586,0.5521349999999999,0.08499999999999996,0.029000000000000026,0.141,0.005,0.0,0.020999999999999977,0.015,0.01,0.025499999999999988,0.06,0.029,0.0755
target,MNIST_QNN_eff_su2_r1_d2_s45,leave_cell_out,noisy_shot,512,latent_lira_mismatched,16,10,0.51065,0.46176,0.57846,0.095,0.014500000000000013,0.17649999999999993,0.0,0.0,0.03,0.01,0.0,0.04,0.05,0.019,0.09
target,MNIST_QNN_eff_su2_r1_d2_s45,leave_cell_out,noisy_shot,512,loss_mia,0,10,0.5212000000000001,0.490415,0.562775,0.09999999999999999,0.06350000000000001,0.16549999999999995,0.01,0.0,0.020999999999999977,0.015,0.01,0.04549999999999999,0.045,0.0345,0.08549999999999999
target,MNIST_QNN_eff_su2_r1_d2_s45,leave_cell_out,noisy_shot,512,noise_augmented_lira,16,10,0.5184,0.45893999999999996,0.587625,0.09000000000000002,0.029,0.2165,0.005,0.0,0.01549999999999999,0.015,0.0045000000000000005,0.03,0.05,0.04,0.08099999999999997
target,MNIST_QNN_eff_su2_r1_d2_s45,leave_target_out,noisy_shot,1024,affine_channel_lira,16,10,0.52795,0.47936,0.58721,0.10500000000000001,0.04999999999999998,0.171,0.01,0.0,0.02,0.015,0.0,0.050999999999999976,0.060000000000000005,0.0345,0.12749999999999995
target,MNIST_QNN_eff_su2_r1_d2_s45,leave_target_out,noisy_shot,1024,deconvolved_lira,16,10,0.5238499999999999,0.45594,0.58734,0.08999999999999998,0.030000000000000016,0.1819999999999999,0.01,0.0,0.03,0.02,0.0,0.05,0.07500000000000001,0.0335,0.11749999999999995
target,MNIST_QNN_eff_su2_r1_d2_s45,leave_target_out,noisy_shot,1024,empirical_channel_lira,16,10,0.5039499999999999,0.45037499999999997,0.566395,0.08499999999999999,0.04449999999999993,0.14549999999999993,0.01,0.0,0.03649999999999997,0.02,0.01,0.05,0.07,0.03,0.11549999999999999
target,MNIST_QNN_eff_su2_r1_d2_s45,leave_target_out,noisy_shot,1024,latent_lira_mismatched,16,10,0.52815,0.45443,0.5817999999999999,0.08999999999999997,0.049000000000000044,0.18199999999999994,0.01,0.0,0.025499999999999988,0.02,0.0045000000000000005,0.04099999999999998,0.06,0.0345,0.1055
target,MNIST_QNN_eff_su2_r1_d2_s45,leave_target_out,noisy_shot,1024,loss_mia,0,10,0.5106999999999999,0.485345,0.529205,0.07000000000000006,0.04450000000000004,0.1255,0.01,0.0045000000000000005,0.025499999999999988,0.025,0.0045000000000000005,0.03549999999999999,0.05,0.019,0.08
target,MNIST_QNN_eff_su2_r1_d2_s45,leave_target_out,noisy_shot,1024,noise_augmented_lira,16,10,0.5159,0.47374499999999997,0.57667,0.09000000000000002,0.04450000000000002,0.18649999999999997,0.01,0.0,0.025499999999999988,0.02,0.0,0.06749999999999995,0.065,0.03,0.11749999999999995
target,MNIST_QNN_eff_su2_r1_d2_s45,leave_target_out,noisy_shot,128,affine_channel_lira,16,10,0.53285,0.47770999999999997,0.5946649999999999,0.12,0.03799999999999999,0.20599999999999982,0.0,0.0,0.026499999999999968,0.01,0.0,0.03099999999999998,0.045,0.03,0.11299999999999995
target,MNIST_QNN_eff_su2_r1_d2_s45,leave_target_out,noisy_shot,128,deconvolved_lira,16,10,0.5214000000000001,0.46999,0.59157,0.11499999999999999,0.03249999999999998,0.21000000000000002,0.0,0.0,0.01549999999999999,0.01,0.0,0.03549999999999999,0.05,0.0145,0.1055
target,MNIST_QNN_eff_su2_r1_d2_s45,leave_target_out,noisy_shot,128,empirical_channel_lira,16,10,0.5145500000000001,0.481995,0.575835,0.10500000000000001,0.0435,0.17749999999999996,0.0,0.0,0.020999999999999977,0.0,0.0,0.03099999999999998,0.05,0.0145,0.09549999999999999
target,MNIST_QNN_eff_su2_r1_d2_s45,leave_target_out,noisy_shot,128,latent_lira_mismatched,16,10,0.5225,0.471985,0.582565,0.125,0.04250000000000001,0.19,0.0,0.0,0.01549999999999999,0.015,0.0,0.04099999999999998,0.04,0.01,0.09
target,MNIST_QNN_eff_su2_r1_d2_s45,leave_target_out,noisy_shot,128,loss_mia,0,10,0.5368999999999999,0.492785,0.571045,0.11500000000000002,0.0525,0.19099999999999992,0.0,0.0,0.02,0.01,0.0,0.03,0.060000000000000005,0.03,0.08549999999999999
target,MNIST_QNN_eff_su2_r1_d2_s45,leave_target_out,noisy_shot,128,noise_augmented_lira,16,10,0.512,0.48369,0.5690299999999999,0.08000000000000004,0.04449999999999998,0.16000000000000003,0.0,0.0,0.01549999999999999,0.01,0.0,0.03,0.06,0.0235,0.10099999999999998
target,MNIST_QNN_eff_su2_r1_d2_s45,leave_target_out,noisy_shot,512,affine_channel_lira,16,10,0.50055,0.45192,0.5871,0.09,0.03450000000000003,0.18100000000000002,0.01,0.0,0.02,0.01,0.0,0.03099999999999998,0.065,0.0345,0.09749999999999995
target,MNIST_QNN_eff_su2_r1_d2_s45,leave_target_out,noisy_shot,512,deconvolved_lira,16,10,0.51665,0.45112500000000005,0.5820099999999999,0.08999999999999997,0.02450000000000001,0.18649999999999992,0.01,0.0,0.03,0.025,0.0,0.050999999999999976,0.05,0.0145,0.09549999999999999
target,MNIST_QNN_eff_su2_r1_d2_s45,leave_target_out,noisy_shot,512,empirical_channel_lira,16,10,0.50065,0.4353,0.566,0.09999999999999998,0.04000000000000001,0.1555,0.01,0.0045000000000000005,0.03,0.02,0.0145,0.03549999999999999,0.065,0.04,0.09549999999999999
target,MNIST_QNN_eff_su2_r1_d2_s45,leave_target_out,noisy_shot,512,latent_lira_mismatched,16,10,0.51065,0.46176,0.57846,0.095,0.014500000000000013,0.17649999999999993,0.0,0.0,0.03,0.01,0.0,0.04,0.05,0.019,0.09
target,MNIST_QNN_eff_su2_r1_d2_s45,leave_target_out,noisy_shot,512,loss_mia,0,10,0.5212000000000001,0.490415,0.562775,0.09999999999999999,0.06350000000000001,0.16549999999999995,0.01,0.0,0.020999999999999977,0.015,0.01,0.04549999999999999,0.045,0.0345,0.08549999999999999
target,MNIST_QNN_eff_su2_r1_d2_s45,leave_target_out,noisy_shot,512,noise_augmented_lira,16,10,0.5056,0.449885,0.5686549999999999,0.12,0.040000000000000036,0.15649999999999997,0.005,0.0,0.01549999999999999,0.015,0.0,0.03,0.045,0.03,0.08099999999999997
target,MNIST_QNN_eff_su2_r5_d2_s43,leave_cell_out,noisy_shot,1024,affine_channel_lira,16,10,0.52525,0.48006,0.54315,0.10000000000000003,0.05450000000000002,0.11550000000000006,0.0,0.0,0.0,0.01,0.0,0.025499999999999988,0.06,0.044500000000000005,0.08549999999999999
target,MNIST_QNN_eff_su2_r5_d2_s43,leave_cell_out,noisy_shot,1024,deconvolved_lira,16,10,0.50525,0.464545,0.5257,0.07,0.048999999999999995,0.09549999999999996,0.0,0.0,0.005499999999999989,0.0,0.0,0.01,0.06,0.029,0.07
target,MNIST_QNN_eff_su2_r5_d2_s43,leave_cell_out,noisy_shot,1024,empirical_channel_lira,16,10,0.5341,0.48417,0.551705,0.09500000000000003,0.05899999999999994,0.16199999999999998,0.0,0.0,0.01,0.015,0.0,0.046499999999999965,0.07500000000000001,0.05,0.11
target,MNIST_QNN_eff_su2_r5_d2_s43,leave_cell_out,noisy_shot,1024,latent_lira_mismatched,16,10,0.5172,0.481815,0.530085,0.07499999999999996,0.05449999999999994,0.11000000000000004,0.0,0.0,0.0,0.0,0.0,0.016499999999999966,0.05,0.029,0.0755
target,MNIST_QNN_eff_su2_r5_d2_s43,leave_cell_out,noisy_shot,1024,loss_mia,0,10,0.5296000000000001,0.5182849999999999,0.5425549999999999,0.10500000000000004,0.09,0.14549999999999993,0.01,0.0,0.050999999999999976,0.02,0.0045000000000000005,0.05549999999999999,0.065,0.039,0.08549999999999999
target,MNIST_QNN_eff_su2_r5_d2_s43,leave_cell_out,noisy_shot,1024,noise_augmented_lira,16,10,0.5254,0.48326,0.551215,0.10500000000000004,0.0345,0.13,0.0,0.0,0.005499999999999989,0.015,0.0,0.04549999999999999,0.07,0.0545,0.08
target,MNIST_QNN_eff_su2_r5_d2_s43,leave_cell_out,noisy_shot,128,affine_channel_lira,16,10,0.5147999999999999,0.481185,0.5357000000000001,0.08499999999999999,0.05450000000000001,0.1409999999999999,0.0,0.0,0.01549999999999999,0.015,0.0,0.046499999999999965,0.08,0.049,0.1
target,MNIST_QNN_eff_su2_r5_d2_s43,leave_cell_out,noisy_shot,128,deconvolved_lira,16,10,0.5062,0.46538,0.5346449999999999,0.07500000000000007,0.040000000000000036,0.11549999999999998,0.0,0.0,0.016499999999999966,0.0,0.0,0.025499999999999988,0.04,0.01,0.09199999999999996
target,MNIST_QNN_eff_su2_r5_d2_s43,leave_cell_out,noisy_shot,128,empirical_channel_lira,16,10,0.5174000000000001,0.47886,0.54391,0.10000000000000003,0.04450000000000001,0.1255,0.0,0.0,0.025499999999999988,0.01,0.0,0.060999999999999985,0.07,0.049,0.11549999999999999
target,MNIST_QNN_eff_su2_r5_d2_s43,leave_cell_out,noisy_shot,128,latent_lira_mismatched,16,10,0.4963000000000001,0.468835,0.534445,0.07500000000000002,0.049000000000000044,0.13,0.0,0.0,0.005499999999999989,0.0,0.0,0.01549999999999999,0.02,0.0045000000000000005,0.06649999999999998
target,MNIST_QNN_eff_su2_r5_d2_s43,leave_cell_out,noisy_shot,128,loss_mia,0,10,0.5222,0.480275,0.58266,0.12,0.04450000000000004,0.17,0.0,0.0,0.03549999999999999,0.015,0.0,0.04,0.055,0.0145,0.09649999999999997
target,MNIST_QNN_eff_su2_r5_d2_s43,leave_cell_out,noisy_shot,128,noise_augmented_lira,16,10,0.52275,0.47906,0.5578700000000001,0.10500000000000007,0.04450000000000001,0.16000000000000003,0.0,0.0,0.03099999999999998,0.03,0.0,0.07,0.09,0.06,0.11549999999999999
target,MNIST_QNN_eff_su2_r5_d2_s43,leave_cell_out,noisy_shot,512,affine_channel_lira,16,10,0.5050000000000001,0.48497999999999997,0.5505099999999999,0.08500000000000005,0.048999999999999995,0.141,0.0,0.0,0.0,0.005,0.0,0.01549999999999999,0.055,0.03,0.08099999999999997
target,MNIST_QNN_eff_su2_r5_d2_s43,leave_cell_out,noisy_shot,512,deconvolved_lira,16,10,0.4962,0.472945,0.534755,0.07500000000000001,0.044500000000000005,0.11549999999999998,0.0,0.0,0.01,0.01,0.0,0.01549999999999999,0.035,0.01,0.05
target,MNIST_QNN_eff_su2_r5_d2_s43,leave_cell_out,noisy_shot,512,empirical_channel_lira,16,10,0.5125,0.48689499999999997,0.54896,0.10000000000000009,0.04900000000000002,0.13,0.0,0.0,0.02,0.015,0.0,0.03099999999999998,0.06,0.0245,0.09549999999999999
target,MNIST_QNN_eff_su2_r5_d2_s43,leave_cell_out,noisy_shot,512,latent_lira_mismatched,16,10,0.50185,0.47678000000000004,0.551855,0.07000000000000006,0.05449999999999994,0.131,0.0,0.0,0.0,0.0,0.0,0.01549999999999999,0.04,0.03,0.05549999999999999
target,MNIST_QNN_eff_su2_r5_d2_s43,leave_cell_out,noisy_shot,512,loss_mia,0,10,0.52315,0.49932499999999996,0.55274,0.10000000000000009,0.07999999999999996,0.16000000000000003,0.01,0.0,0.025499999999999988,0.015,0.0,0.04549999999999999,0.065,0.03,0.09549999999999999
target,MNIST_QNN_eff_su2_r5_d2_s43,leave_cell_out,noisy_shot,512,noise_augmented_lira,16,10,0.51505,0.4998,0.5596049999999999,0.08500000000000002,0.07,0.141,0.0,0.0,0.01,0.01,0.0,0.03,0.045,0.03,0.08549999999999999
target,MNIST_QNN_eff_su2_r5_d2_s43,leave_target_out,noisy_shot,1024,affine_channel_lira,16,10,0.52665,0.4896250000000001,0.545905,0.105,0.050000000000000044,0.13549999999999998,0.0,0.0,0.0,0.015,0.0045000000000000005,0.03099999999999998,0.07,0.044500000000000005,0.1
target,MNIST_QNN_eff_su2_r5_d2_s43,leave_target_out,noisy_shot,1024,deconvolved_lira,16,10,0.5075,0.474145,0.528775,0.07500000000000001,0.047999999999999994,0.09,0.0,0.0,0.0,0.0,0.0,0.01,0.05,0.04,0.0755
target,MNIST_QNN_eff_su2_r5_d2_s43,leave_target_out,noisy_shot,1024,empirical_channel_lira,16,10,0.53125,0.49011,0.55005,0.10000000000000003,0.06449999999999995,0.1255,0.0,0.0,0.0,0.01,0.0,0.050999999999999976,0.065,0.0545,0.12749999999999995
target,MNIST_QNN_eff_su2_r5_d2_s43,leave_target_out,noisy_shot,1024,latent_lira_mismatched,16,10,0.5172,0.481815,0.530085,0.07499999999999996,0.05449999999999994,0.11000000000000004,0.0,0.0,0.0,0.0,0.0,0.016499999999999966,0.05,0.029,0.0755
target,MNIST_QNN_eff_su2_r5_d2_s43,leave_target_out,noisy_shot,1024,loss_mia,0,10,0.5296000000000001,0.5182849999999999,0.5425549999999999,0.10500000000000004,0.09,0.14549999999999993,0.01,0.0,0.050999999999999976,0.02,0.0045000000000000005,0.05549999999999999,0.065,0.039,0.08549999999999999
target,MNIST_QNN_eff_su2_r5_d2_s43,leave_target_out,noisy_shot,1024,noise_augmented_lira,16,10,0.5283,0.49293,0.55254,0.09500000000000003,0.050000000000000044,0.12,0.0,0.0,0.0,0.01,0.0,0.03099999999999998,0.065,0.0345,0.08549999999999999
target,MNIST_QNN_eff_su2_r5_d2_s43,leave_target_out,noisy_shot,128,affine_channel_lira,16,10,0.5230999999999999,0.478615,0.543035,0.09500000000000003,0.0645,0.15550000000000003,0.0,0.0,0.01549999999999999,0.015,0.0,0.046499999999999965,0.07500000000000001,0.06,0.11649999999999998
target,MNIST_QNN_eff_su2_r5_d2_s43,leave_target_out,noisy_shot,128,deconvolved_lira,16,10,0.504,0.46342500000000003,0.541485,0.07500000000000004,0.029000000000000026,0.131,0.0,0.0,0.016499999999999966,0.0,0.0,0.025499999999999988,0.03,0.009000000000000001,0.09649999999999997
target,MNIST_QNN_eff_su2_r5_d2_s43,leave_target_out,noisy_shot,128,empirical_channel_lira,16,10,0.52555,0.47774,0.5520499999999999,0.10000000000000003,0.049000000000000016,0.151,0.0,0.0,0.02,0.015,0.0,0.05549999999999999,0.08,0.049,0.11099999999999997
target,MNIST_QNN_eff_su2_r5_d2_s43,leave_target_out,noisy_shot,128,latent_lira_mismatched,16,10,0.4963000000000001,0.468835,0.534445,0.07500000000000002,0.049000000000000044,0.13,0.0,0.0,0.005499999999999989,0.0,0.0,0.01549999999999999,0.02,0.0045000000000000005,0.06649999999999998
target,MNIST_QNN_eff_su2_r5_d2_s43,leave_target_out,noisy_shot,128,loss_mia,0,10,0.5222,0.480275,0.58266,0.12,0.04450000000000004,0.17,0.0,0.0,0.03549999999999999,0.015,0.0,0.04,0.055,0.0145,0.09649999999999997
target,MNIST_QNN_eff_su2_r5_d2_s43,leave_target_out,noisy_shot,128,noise_augmented_lira,16,10,0.5212,0.498175,0.568275,0.09000000000000002,0.049000000000000044,0.17399999999999993,0.0,0.0,0.05199999999999996,0.03,0.0045000000000000005,0.06649999999999998,0.09,0.0545,0.1255
target,MNIST_QNN_eff_su2_r5_d2_s43,leave_target_out,noisy_shot,512,affine_channel_lira,16,10,0.50905,0.489455,0.554385,0.08000000000000002,0.05000000000000002,0.1455,0.0,0.0,0.0,0.01,0.0,0.02,0.05500000000000001,0.0245,0.09
target,MNIST_QNN_eff_su2_r5_d2_s43,leave_target_out,noisy_shot,512,deconvolved_lira,16,10,0.49470000000000003,0.474535,0.538035,0.07499999999999996,0.034500000000000024,0.1255,0.0,0.0,0.01,0.0,0.0,0.01549999999999999,0.03,0.01,0.06199999999999996
target,MNIST_QNN_eff_su2_r5_d2_s43,leave_target_out,noisy_shot,512,empirical_channel_lira,16,10,0.5071000000000001,0.48691500000000004,0.5500750000000001,0.10000000000000003,0.060000000000000026,0.1355,0.0,0.0,0.01,0.01,0.0,0.025499999999999988,0.07500000000000001,0.0245,0.11549999999999999
target,MNIST_QNN_eff_su2_r5_d2_s43,leave_target_out,noisy_shot,512,latent_lira_mismatched,16,10,0.50185,0.47678000000000004,0.551855,0.07000000000000006,0.05449999999999994,0.131,0.0,0.0,0.0,0.0,0.0,0.01549999999999999,0.04,0.03,0.05549999999999999
target,MNIST_QNN_eff_su2_r5_d2_s43,leave_target_out,noisy_shot,512,loss_mia,0,10,0.52315,0.49932499999999996,0.55274,0.10000000000000009,0.07999999999999996,0.16000000000000003,0.01,0.0,0.025499999999999988,0.015,0.0,0.04549999999999999,0.065,0.03,0.09549999999999999
target,MNIST_QNN_eff_su2_r5_d2_s43,leave_target_out,noisy_shot,512,noise_augmented_lira,16,10,0.52225,0.493755,0.56741,0.09000000000000005,0.07450000000000004,0.1655,0.0,0.0,0.0,0.015,0.0,0.03,0.06,0.044500000000000005,0.10649999999999997
target,MNIST_QNN_eff_su2_r5_d2_s44,leave_cell_out,noisy_shot,1024,affine_channel_lira,16,10,0.55925,0.545335,0.5949249999999999,0.16000000000000003,0.1245,0.18000000000000002,0.0,0.0,0.01549999999999999,0.02,0.0,0.03549999999999999,0.07,0.0545,0.11549999999999999
target,MNIST_QNN_eff_su2_r5_d2_s44,leave_cell_out,noisy_shot,1024,deconvolved_lira,16,10,0.53555,0.51332,0.5669399999999999,0.12,0.07900000000000007,0.16000000000000003,0.01,0.0,0.04549999999999999,0.03,0.0,0.05,0.055,0.044500000000000005,0.1055
target,MNIST_QNN_eff_su2_r5_d2_s44,leave_cell_out,noisy_shot,1024,empirical_channel_lira,16,10,0.55575,0.534915,0.5863849999999999,0.16499999999999998,0.129,0.19550000000000006,0.02,0.01,0.02,0.02,0.01,0.04549999999999999,0.07,0.03,0.08549999999999999
target,MNIST_QNN_eff_su2_r5_d2_s44,leave_cell_out,noisy_shot,1024,latent_lira_mismatched,16,10,0.54855,0.52091,0.5985,0.17500000000000004,0.09449999999999997,0.22999999999999998,0.0,0.0,0.025499999999999988,0.015,0.0,0.04549999999999999,0.05,0.03,0.08549999999999999
target,MNIST_QNN_eff_su2_r5_d2_s44,leave_cell_out,noisy_shot,1024,loss_mia,0,10,0.5781000000000001,0.565245,0.580305,0.16000000000000003,0.14,0.18,0.0,0.0,0.01,0.01,0.0,0.02,0.045,0.04,0.08549999999999999
target,MNIST_QNN_eff_su2_r5_d2_s44,leave_cell_out,noisy_shot,1024,noise_augmented_lira,16,10,0.55865,0.540945,0.589675,0.14,0.11900000000000002,0.18549999999999994,0.0,0.0,0.01549999999999999,0.02,0.01,0.03,0.06,0.039,0.11849999999999992
target,MNIST_QNN_eff_su2_r5_d2_s44,leave_cell_out,noisy_shot,128,affine_channel_lira,16,10,0.5402,0.48186,0.568225,0.125,0.044500000000000026,0.17199999999999993,0.015,0.0,0.03549999999999999,0.025,0.01,0.05549999999999999,0.07,0.05,0.08549999999999999
target,MNIST_QNN_eff_su2_r5_d2_s44,leave_cell_out,noisy_shot,128,deconvolved_lira,16,10,0.5247,0.487505,0.54774,0.10500000000000004,0.05449999999999999,0.13,0.005,0.0,0.03199999999999996,0.015,0.0,0.046499999999999965,0.060000000000000005,0.04,0.0755
target,MNIST_QNN_eff_su2_r5_d2_s44,leave_cell_out,noisy_shot,128,empirical_channel_lira,16,10,0.54935,0.47963000000000006,0.56152,0.13500000000000004,0.049000000000000044,0.16000000000000003,0.02,0.01,0.04099999999999998,0.03,0.0145,0.04549999999999999,0.07,0.0545,0.10099999999999998
target,MNIST_QNN_eff_su2_r5_d2_s44,leave_cell_out,noisy_shot,128,latent_lira_mismatched,16,10,0.5295000000000001,0.494945,0.5556800000000001,0.11000000000000004,0.05449999999999998,0.16549999999999995,0.0,0.0,0.026499999999999968,0.005,0.0,0.03649999999999997,0.06,0.029,0.08
target,MNIST_QNN_eff_su2_r5_d2_s44,leave_cell_out,noisy_shot,128,loss_mia,0,10,0.5611,0.51547,0.6021249999999999,0.14,0.08799999999999997,0.22000000000000003,0.01,0.0,0.03,0.015,0.0045000000000000005,0.050999999999999976,0.07500000000000001,0.029,0.1055
target,MNIST_QNN_eff_su2_r5_d2_s44,leave_cell_out,noisy_shot,128,noise_augmented_lira,16,10,0.5418499999999999,0.46926,0.57134,0.11000000000000001,0.038000000000000034,0.16,0.025,0.0045000000000000005,0.04,0.03,0.0145,0.05,0.065,0.04,0.08099999999999997
target,MNIST_QNN_eff_su2_r5_d2_s44,leave_cell_out,noisy_shot,512,affine_channel_lira,16,10,0.5546,0.514765,0.5951949999999999,0.15,0.08350000000000005,0.21399999999999994,0.0,0.0,0.02,0.02,0.0,0.02,0.055,0.04,0.11099999999999997
target,MNIST_QNN_eff_su2_r5_d2_s44,leave_cell_out,noisy_shot,512,deconvolved_lira,16,10,0.5248999999999999,0.48963999999999996,0.5668799999999999,0.12,0.059000000000000004,0.16000000000000003,0.01,0.0,0.02,0.025,0.0045000000000000005,0.050999999999999976,0.065,0.03,0.09549999999999999
target,MNIST_QNN_eff_su2_r5_d2_s44,leave_cell_out,noisy_shot,512,empirical_channel_lira,16,10,0.5502,0.513565,0.5887899999999999,0.14499999999999996,0.08450000000000008,0.18550000000000003,0.02,0.01,0.025499999999999988,0.02,0.01,0.04549999999999999,0.045,0.02,0.07
target,MNIST_QNN_eff_su2_r5_d2_s44,leave_cell_out,noisy_shot,512,latent_lira_mismatched,16,10,0.5428,0.511505,0.587895,0.125,0.08900000000000005,0.20649999999999996,0.005,0.0,0.01549999999999999,0.01,0.0,0.02,0.055,0.03,0.08549999999999999
target,MNIST_QNN_eff_su2_r5_d2_s44,leave_cell_out,noisy_shot,512,loss_mia,0,10,0.5700000000000001,0.551935,0.584405,0.15000000000000002,0.119,0.1855,0.0,0.0,0.01549999999999999,0.01,0.0,0.03649999999999997,0.05,0.0245,0.08
target,MNIST_QNN_eff_su2_r5_d2_s44,leave_cell_out,noisy_shot,512,noise_augmented_lira,16,10,0.5448,0.51556,0.5921649999999999,0.12999999999999998,0.10000000000000003,0.18749999999999997,0.005,0.0,0.02,0.02,0.01,0.04099999999999998,0.06,0.0245,0.08
target,MNIST_QNN_eff_su2_r5_d2_s44,leave_target_out,noisy_shot,1024,affine_channel_lira,16,10,0.5661,0.546055,0.609235,0.15499999999999997,0.14,0.2165,0.005,0.0,0.01549999999999999,0.02,0.0,0.04549999999999999,0.07,0.05,0.1055
target,MNIST_QNN_eff_su2_r5_d2_s44,leave_target_out,noisy_shot,1024,deconvolved_lira,16,10,0.5428,0.516205,0.57885,0.135,0.10000000000000003,0.181,0.005,0.0,0.03649999999999997,0.03,0.0045000000000000005,0.05549999999999999,0.05,0.04,0.08
target,MNIST_QNN_eff_su2_r5_d2_s44,leave_target_out,noisy_shot,1024,empirical_channel_lira,16,10,0.5643,0.53887,0.59473,0.16499999999999998,0.14,0.21000000000000005,0.02,0.01,0.03549999999999999,0.025,0.0145,0.05,0.065,0.0345,0.1
target,MNIST_QNN_eff_su2_r5_d2_s44,leave_target_out,noisy_shot,1024,latent_lira_mismatched,16,10,0.54855,0.52091,0.5985,0.17500000000000004,0.09449999999999997,0.22999999999999998,0.0,0.0,0.025499999999999988,0.015,0.0,0.04549999999999999,0.05,0.03,0.08549999999999999
target,MNIST_QNN_eff_su2_r5_d2_s44,leave_target_out,noisy_shot,1024,loss_mia,0,10,0.5781000000000001,0.565245,0.580305,0.16000000000000003,0.14,0.18,0.0,0.0,0.01,0.01,0.0,0.02,0.045,0.04,0.08549999999999999
target,MNIST_QNN_eff_su2_r5_d2_s44,leave_target_out,noisy_shot,1024,noise_augmented_lira,16,10,0.5570999999999999,0.54262,0.596455,0.15000000000000002,0.12000000000000002,0.22399999999999995,0.005,0.0,0.01,0.01,0.0045000000000000005,0.03,0.06,0.039,0.1
target,MNIST_QNN_eff_su2_r5_d2_s44,leave_target_out,noisy_shot,128,affine_channel_lira,16,10,0.5488,0.488785,0.570935,0.13500000000000004,0.05450000000000002,0.18099999999999997,0.015,0.0,0.05,0.025,0.01,0.05549999999999999,0.065,0.044500000000000005,0.09549999999999999
target,MNIST_QNN_eff_su2_r5_d2_s44,leave_target_out,noisy_shot,128,deconvolved_lira,16,10,0.5281,0.48915000000000003,0.54934,0.11500000000000002,0.05000000000000002,0.14550000000000002,0.0,0.0,0.03199999999999996,0.01,0.0,0.06,0.060000000000000005,0.029,0.09
target,MNIST_QNN_eff_su2_r5_d2_s44,leave_target_out,noisy_shot,128,empirical_channel_lira,16,10,0.5510999999999999,0.48373499999999997,0.56991,0.14,0.053499999999999985,0.1919999999999999,0.025,0.0045000000000000005,0.04549999999999999,0.03,0.0145,0.07199999999999995,0.07500000000000001,0.0545,0.1
target,MNIST_QNN_eff_su2_r5_d2_s44,leave_target_out,noisy_shot,128,latent_lira_mismatched,16,10,0.5295000000000001,0.494945,0.5556800000000001,0.11000000000000004,0.05449999999999998,0.16549999999999995,0.0,0.0,0.026499999999999968,0.005,0.0,0.03649999999999997,0.06,0.029,0.08
target,MNIST_QNN_eff_su2_r5_d2_s44,leave_target_out,noisy_shot,128,loss_mia,0,10,0.5611,0.51547,0.6021249999999999,0.14,0.08799999999999997,0.22000000000000003,0.01,0.0,0.03,0.015,0.0045000000000000005,0.050999999999999976,0.07500000000000001,0.029,0.1055
target,MNIST_QNN_eff_su2_r5_d2_s44,leave_target_out,noisy_shot,128,noise_augmented_lira,16,10,0.5354000000000001,0.469765,0.570325,0.10999999999999999,0.053499999999999985,0.151,0.02,0.0045000000000000005,0.03,0.03,0.0145,0.05,0.08499999999999999,0.07,0.13099999999999998
target,MNIST_QNN_eff_su2_r5_d2_s44,leave_target_out,noisy_shot,512,affine_channel_lira,16,10,0.55805,0.52254,0.601595,0.15499999999999997,0.10900000000000001,0.2074999999999999,0.005,0.0,0.02,0.01,0.01,0.02,0.065,0.044500000000000005,0.1
target,MNIST_QNN_eff_su2_r5_d2_s44,leave_target_out,noisy_shot,512,deconvolved_lira,16,10,0.5307499999999999,0.494615,0.5731649999999999,0.12499999999999997,0.068,0.19000000000000006,0.01,0.0,0.02,0.02,0.0,0.03549999999999999,0.06,0.03,0.09099999999999998
target,MNIST_QNN_eff_su2_r5_d2_s44,leave_target_out,noisy_shot,512,empirical_channel_lira,16,10,0.5551999999999999,0.5204500000000001,0.5939099999999999,0.14,0.07900000000000001,0.18650000000000003,0.015,0.01,0.025499999999999988,0.03,0.01,0.04549999999999999,0.055,0.0245,0.08099999999999997
target,MNIST_QNN_eff_su2_r5_d2_s44,leave_target_out,noisy_shot,512,latent_lira_mismatched,16,10,0.5428,0.511505,0.587895,0.125,0.08900000000000005,0.20649999999999996,0.005,0.0,0.01549999999999999,0.01,0.0,0.02,0.055,0.03,0.08549999999999999
target,MNIST_QNN_eff_su2_r5_d2_s44,leave_target_out,noisy_shot,512,loss_mia,0,10,0.5700000000000001,0.551935,0.584405,0.15000000000000002,0.119,0.1855,0.0,0.0,0.01549999999999999,0.01,0.0,0.03649999999999997,0.05,0.0245,0.08
target,MNIST_QNN_eff_su2_r5_d2_s44,leave_target_out,noisy_shot,512,noise_augmented_lira,16,10,0.5545,0.515305,0.59582,0.135,0.07900000000000007,0.2165,0.0,0.0,0.025499999999999988,0.02,0.01,0.03,0.065,0.0345,0.09549999999999999
target,MNIST_QNN_eff_su2_r5_d2_s45,leave_cell_out,noisy_shot,1024,affine_channel_lira,16,10,0.55865,0.512985,0.57896,0.14,0.08800000000000005,0.19549999999999998,0.01,0.0,0.01,0.03,0.0245,0.07649999999999997,0.08,0.049,0.13199999999999995
target,MNIST_QNN_eff_su2_r5_d2_s45,leave_cell_out,noisy_shot,1024,deconvolved_lira,16,10,0.5379499999999999,0.48607,0.569465,0.1050000000000001,0.06900000000000003,0.20550000000000004,0.005,0.0,0.02,0.01,0.0045000000000000005,0.025499999999999988,0.055,0.0245,0.09099999999999998
target,MNIST_QNN_eff_su2_r5_d2_s45,leave_cell_out,noisy_shot,1024,empirical_channel_lira,16,10,0.55135,0.5088999999999999,0.56746,0.15000000000000002,0.08000000000000002,0.19099999999999998,0.01,0.01,0.02,0.02,0.01,0.03549999999999999,0.045,0.0245,0.11099999999999997
target,MNIST_QNN_eff_su2_r5_d2_s45,leave_cell_out,noisy_shot,1024,latent_lira_mismatched,16,10,0.53575,0.494305,0.58313,0.13499999999999995,0.09450000000000003,0.2065,0.0,0.0,0.01,0.01,0.0,0.03,0.06,0.0345,0.08549999999999999
target,MNIST_QNN_eff_su2_r5_d2_s45,leave_cell_out,noisy_shot,1024,loss_mia,0,10,0.5527,0.54217,0.58214,0.15499999999999997,0.13449999999999995,0.17550000000000004,0.01,0.0045000000000000005,0.02,0.02,0.01,0.02,0.045,0.02,0.07099999999999998
target,MNIST_QNN_eff_su2_r5_d2_s45,leave_cell_out,noisy_shot,1024,noise_augmented_lira,16,10,0.5752999999999999,0.5317350000000001,0.599625,0.16999999999999998,0.10349999999999998,0.2255,0.01,0.0045000000000000005,0.01,0.02,0.01,0.04549999999999999,0.08499999999999999,0.049,0.1355
target,MNIST_QNN_eff_su2_r5_d2_s45,leave_cell_out,noisy_shot,128,affine_channel_lira,16,10,0.52325,0.46375999999999995,0.59191,0.09,0.040000000000000036,0.2055,0.0,0.0,0.03549999999999999,0.03,0.0,0.06549999999999999,0.09,0.04,0.13199999999999995
target,MNIST_QNN_eff_su2_r5_d2_s45,leave_cell_out,noisy_shot,128,deconvolved_lira,16,10,0.5086999999999999,0.47197,0.55234,0.1,0.05350000000000002,0.16549999999999995,0.0,0.0,0.01,0.005,0.0,0.02,0.04,0.0045000000000000005,0.05
target,MNIST_QNN_eff_su2_r5_d2_s45,leave_cell_out,noisy_shot,128,empirical_channel_lira,16,10,0.532,0.46504500000000004,0.58905,0.12,0.06350000000000001,0.19199999999999995,0.0,0.0,0.046499999999999965,0.02,0.0045000000000000005,0.060999999999999985,0.060000000000000005,0.0235,0.11099999999999997
target,MNIST_QNN_eff_su2_r5_d2_s45,leave_cell_out,noisy_shot,128,latent_lira_mismatched,16,10,0.5104500000000001,0.482915,0.57283,0.09999999999999998,0.048999999999999995,0.17749999999999994,0.0,0.0,0.010999999999999979,0.01,0.0,0.025499999999999988,0.04,0.01,0.06549999999999999
target,MNIST_QNN_eff_su2_r5_d2_s45,leave_cell_out,noisy_shot,128,loss_mia,0,10,0.54355,0.501955,0.595205,0.135,0.07900000000000001,0.18649999999999997,0.0,0.0,0.020999999999999977,0.01,0.0,0.056499999999999974,0.05500000000000001,0.019,0.10649999999999997
target,MNIST_QNN_eff_su2_r5_d2_s45,leave_cell_out,noisy_shot,128,noise_augmented_lira,16,10,0.5313,0.45648500000000003,0.592225,0.105,0.03350000000000002,0.19100000000000003,0.0,0.0,0.04099999999999998,0.025,0.0,0.08099999999999997,0.08499999999999999,0.029,0.12649999999999997
target,MNIST_QNN_eff_su2_r5_d2_s45,leave_cell_out,noisy_shot,512,affine_channel_lira,16,10,0.56195,0.50668,0.584435,0.145,0.08349999999999996,0.17550000000000004,0.01,0.0,0.03,0.045,0.0145,0.06,0.1,0.058,0.11
target,MNIST_QNN_eff_su2_r5_d2_s45,leave_cell_out,noisy_shot,512,deconvolved_lira,16,10,0.5329999999999999,0.4817099999999999,0.56773,0.12000000000000005,0.0645,0.18099999999999997,0.005,0.0,0.02,0.01,0.0,0.03,0.06,0.03,0.09099999999999998
target,MNIST_QNN_eff_su2_r5_d2_s45,leave_cell_out,noisy_shot,512,empirical_channel_lira,16,10,0.5476000000000001,0.5054850000000001,0.586485,0.15500000000000003,0.07900000000000007,0.19649999999999992,0.02,0.0,0.025499999999999988,0.02,0.0045000000000000005,0.06,0.07,0.029,0.10099999999999998
target,MNIST_QNN_eff_su2_r5_d2_s45,leave_cell_out,noisy_shot,512,latent_lira_mismatched,16,10,0.54205,0.47625,0.5788,0.13,0.06000000000000005,0.19199999999999998,0.0,0.0,0.01549999999999999,0.01,0.0,0.03,0.06,0.02,0.08099999999999997
target,MNIST_QNN_eff_su2_r5_d2_s45,leave_cell_out,noisy_shot,512,loss_mia,0,10,0.5669500000000001,0.5388200000000001,0.588985,0.15000000000000002,0.13999999999999996,0.17549999999999996,0.01,0.0,0.02,0.015,0.01,0.02,0.055,0.0245,0.08649999999999998
target,MNIST_QNN_eff_su2_r5_d2_s45,leave_cell_out,noisy_shot,512,noise_augmented_lira,16,10,0.5771999999999999,0.516995,0.601035,0.16000000000000003,0.09250000000000003,0.19549999999999998,0.0,0.0,0.025499999999999988,0.03,0.0145,0.05549999999999999,0.095,0.039,0.13649999999999995
target,MNIST_QNN_eff_su2_r5_d2_s45,leave_target_out,noisy_shot,1024,affine_channel_lira,16,10,0.55835,0.50934,0.57727,0.135,0.08800000000000005,0.18,0.01,0.0,0.01549999999999999,0.035,0.0145,0.060999999999999985,0.08,0.0545,0.13199999999999995
target,MNIST_QNN_eff_su2_r5_d2_s45,leave_target_out,noisy_shot,1024,deconvolved_lira,16,10,0.5378000000000001,0.483525,0.5668949999999999,0.13,0.07900000000000001,0.17999999999999997,0.005,0.0,0.02,0.01,0.0045000000000000005,0.025499999999999988,0.06,0.038,0.11099999999999997
target,MNIST_QNN_eff_su2_r5_d2_s45,leave_target_out,noisy_shot,1024,empirical_channel_lira,16,10,0.5559499999999999,0.510795,0.56722,0.15000000000000002,0.08449999999999996,0.19099999999999995,0.02,0.01,0.03,0.02,0.01,0.04549999999999999,0.055,0.0245,0.09549999999999999
target,MNIST_QNN_eff_su2_r5_d2_s45,leave_target_out,noisy_shot,1024,latent_lira_mismatched,16,10,0.53575,0.494305,0.58313,0.13499999999999995,0.09450000000000003,0.2065,0.0,0.0,0.01,0.01,0.0,0.03,0.06,0.0345,0.08549999999999999
target,MNIST_QNN_eff_su2_r5_d2_s45,leave_target_out,noisy_shot,1024,loss_mia,0,10,0.5527,0.54217,0.58214,0.15499999999999997,0.13449999999999995,0.17550000000000004,0.01,0.0045000000000000005,0.02,0.02,0.01,0.02,0.045,0.02,0.07099999999999998
target,MNIST_QNN_eff_su2_r5_d2_s45,leave_target_out,noisy_shot,1024,noise_augmented_lira,16,10,0.5741499999999999,0.5305099999999999,0.58997,0.17500000000000004,0.09249999999999997,0.22999999999999995,0.0,0.0,0.01,0.03,0.01,0.03549999999999999,0.09,0.05,0.16
target,MNIST_QNN_eff_su2_r5_d2_s45,leave_target_out,noisy_shot,128,affine_channel_lira,16,10,0.5262,0.467055,0.59594,0.11499999999999999,0.04999999999999996,0.20549999999999996,0.005,0.0,0.05,0.045,0.0045000000000000005,0.05549999999999999,0.1,0.05,0.1355
target,MNIST_QNN_eff_su2_r5_d2_s45,leave_target_out,noisy_shot,128,deconvolved_lira,16,10,0.5099,0.46987999999999996,0.552005,0.095,0.06450000000000003,0.15000000000000002,0.0,0.0,0.01,0.005,0.0,0.02,0.035,0.0045000000000000005,0.08099999999999997
target,MNIST_QNN_eff_su2_r5_d2_s45,leave_target_out,noisy_shot,128,empirical_channel_lira,16,10,0.53475,0.47007499999999997,0.5959749999999999,0.11000000000000004,0.07349999999999995,0.19100000000000003,0.0,0.0,0.05549999999999999,0.025,0.0045000000000000005,0.05549999999999999,0.08499999999999999,0.0245,0.1355
target,MNIST_QNN_eff_su2_r5_d2_s45,leave_target_out,noisy_shot,128,latent_lira_mismatched,16,10,0.5104500000000001,0.482915,0.57283,0.09999999999999998,0.048999999999999995,0.17749999999999994,0.0,0.0,0.010999999999999979,0.01,0.0,0.025499999999999988,0.04,0.01,0.06549999999999999
target,MNIST_QNN_eff_su2_r5_d2_s45,leave_target_out,noisy_shot,128,loss_mia,0,10,0.54355,0.501955,0.595205,0.135,0.07900000000000001,0.18649999999999997,0.0,0.0,0.020999999999999977,0.01,0.0,0.056499999999999974,0.05500000000000001,0.019,0.10649999999999997
target,MNIST_QNN_eff_su2_r5_d2_s45,leave_target_out,noisy_shot,128,noise_augmented_lira,16,10,0.528,0.464525,0.58927,0.10500000000000004,0.0335,0.20199999999999999,0.01,0.0,0.03549999999999999,0.015,0.0,0.04549999999999999,0.08499999999999999,0.028000000000000004,0.12099999999999998
target,MNIST_QNN_eff_su2_r5_d2_s45,leave_target_out,noisy_shot,512,affine_channel_lira,16,10,0.567,0.51068,0.59009,0.15000000000000002,0.08250000000000002,0.18550000000000003,0.01,0.0,0.03,0.04,0.0145,0.06,0.1,0.068,0.11549999999999999
target,MNIST_QNN_eff_su2_r5_d2_s45,leave_target_out,noisy_shot,512,deconvolved_lira,16,10,0.53285,0.481085,0.570115,0.12999999999999995,0.05999999999999999,0.17550000000000004,0.0,0.0,0.020999999999999977,0.01,0.0,0.03,0.07500000000000001,0.03,0.08549999999999999
target,MNIST_QNN_eff_su2_r5_d2_s45,leave_target_out,noisy_shot,512,empirical_channel_lira,16,10,0.55425,0.5097950000000001,0.594565,0.14500000000000002,0.0935,0.2,0.02,0.0,0.03,0.035,0.0045000000000000005,0.06,0.08,0.038,0.1055
target,MNIST_QNN_eff_su2_r5_d2_s45,leave_target_out,noisy_shot,512,latent_lira_mismatched,16,10,0.54205,0.47625,0.5788,0.13,0.06000000000000005,0.19199999999999998,0.0,0.0,0.01549999999999999,0.01,0.0,0.03,0.06,0.02,0.08099999999999997
target,MNIST_QNN_eff_su2_r5_d2_s45,leave_target_out,noisy_shot,512,loss_mia,0,10,0.5669500000000001,0.5388200000000001,0.588985,0.15000000000000002,0.13999999999999996,0.17549999999999996,0.01,0.0,0.02,0.015,0.01,0.02,0.055,0.0245,0.08649999999999998
target,MNIST_QNN_eff_su2_r5_d2_s45,leave_target_out,noisy_shot,512,noise_augmented_lira,16,10,0.56555,0.5152349999999999,0.59617,0.16500000000000004,0.09999999999999998,0.2055,0.01,0.0,0.04099999999999998,0.04,0.019,0.060999999999999985,0.10500000000000001,0.048,0.13
target,MNIST_QNN_z_r1_d6_s43,leave_cell_out,noisy_shot,1024,affine_channel_lira,16,10,0.6074499999999999,0.59222,0.627875,0.19500000000000006,0.17450000000000004,0.252,0.02,0.01,0.03,0.02,0.0145,0.03549999999999999,0.1,0.0835,0.11549999999999999
target,MNIST_QNN_z_r1_d6_s43,leave_cell_out,noisy_shot,1024,deconvolved_lira,16,10,0.63255,0.61964,0.6427350000000001,0.27999999999999997,0.25,0.3055,0.045,0.04,0.06549999999999999,0.055,0.04,0.07,0.10500000000000001,0.08,0.151
target,MNIST_QNN_z_r1_d6_s43,leave_cell_out,noisy_shot,1024,empirical_channel_lira,16,10,0.6047,0.593185,0.6235999999999999,0.22000000000000003,0.199,0.2555,0.02,0.0045000000000000005,0.03549999999999999,0.025,0.01,0.03549999999999999,0.10500000000000001,0.08,0.12649999999999997
target,MNIST_QNN_z_r1_d6_s43,leave_cell_out,noisy_shot,1024,latent_lira_mismatched,16,10,0.5766,0.5576500000000001,0.60061,0.16999999999999998,0.15000000000000002,0.21100000000000002,0.02,0.02,0.025499999999999988,0.035,0.0245,0.05549999999999999,0.07,0.06,0.1
target,MNIST_QNN_z_r1_d6_s43,leave_cell_out,noisy_shot,1024,loss_mia,0,10,0.54575,0.539825,0.5529149999999999,0.21999999999999997,0.19999999999999996,0.2555,0.015,0.0045000000000000005,0.02,0.02,0.01,0.03549999999999999,0.06,0.0545,0.07
target,MNIST_QNN_z_r1_d6_s43,leave_cell_out,noisy_shot,1024,noise_augmented_lira,16,10,0.6172500000000001,0.6036549999999999,0.63329,0.23,0.20900000000000002,0.261,0.02,0.0145,0.04099999999999998,0.02,0.0145,0.04549999999999999,0.08499999999999999,0.0635,0.10099999999999998
target,MNIST_QNN_z_r1_d6_s43,leave_cell_out,noisy_shot,128,affine_channel_lira,16,10,0.57005,0.536365,0.596295,0.15000000000000005,0.11799999999999997,0.19099999999999992,0.02,0.01,0.02,0.02,0.02,0.04549999999999999,0.07,0.0345,0.12199999999999997
target,MNIST_QNN_z_r1_d6_s43,leave_cell_out,noisy_shot,128,deconvolved_lira,16,10,0.59135,0.539295,0.612535,0.18000000000000002,0.11349999999999999,0.2555,0.035,0.0045000000000000005,0.05549999999999999,0.055,0.0345,0.09099999999999998,0.09,0.08,0.1255
target,MNIST_QNN_z_r1_d6_s43,leave_cell_out,noisy_shot,128,empirical_channel_lira,16,10,0.5671999999999999,0.5298900000000001,0.595405,0.15500000000000003,0.1135,0.192,0.02,0.01,0.03,0.03,0.02,0.05549999999999999,0.08499999999999999,0.044500000000000005,0.13649999999999995
target,MNIST_QNN_z_r1_d6_s43,leave_cell_out,noisy_shot,128,latent_lira_mismatched,16,10,0.55775,0.546695,0.5894499999999999,0.14500000000000002,0.12,0.20299999999999999,0.03,0.009000000000000001,0.050999999999999976,0.04,0.02,0.07099999999999998,0.08,0.0645,0.1055
target,MNIST_QNN_z_r1_d6_s43,leave_cell_out,noisy_shot,128,loss_mia,0,10,0.53365,0.5141749999999999,0.56531,0.16999999999999993,0.14349999999999996,0.211,0.02,0.0045000000000000005,0.04549999999999999,0.04,0.01,0.05549999999999999,0.07,0.039,0.09
target,MNIST_QNN_z_r1_d6_s43,leave_cell_out,noisy_shot,128,noise_augmented_lira,16,10,0.547,0.51681,0.581375,0.13000000000000003,0.10000000000000005,0.17099999999999999,0.02,0.0145,0.03549999999999999,0.025,0.0145,0.050999999999999976,0.08,0.05,0.12649999999999997
target,MNIST_QNN_z_r1_d6_s43,leave_cell_out,noisy_shot,512,affine_channel_lira,16,10,0.5982000000000001,0.58063,0.637205,0.2,0.15999999999999998,0.251,0.02,0.01,0.03,0.02,0.02,0.05549999999999999,0.08,0.0645,0.10099999999999998
target,MNIST_QNN_z_r1_d6_s43,leave_cell_out,noisy_shot,512,deconvolved_lira,16,10,0.6185,0.60112,0.6371549999999999,0.26999999999999996,0.20350000000000001,0.301,0.035,0.0145,0.05549999999999999,0.06,0.03,0.07,0.08499999999999999,0.06,0.11099999999999997
target,MNIST_QNN_z_r1_d6_s43,leave_cell_out,noisy_shot,512,empirical_channel_lira,16,10,0.59025,0.57904,0.6345599999999999,0.21500000000000002,0.15900000000000003,0.27199999999999996,0.02,0.01,0.05,0.03,0.0145,0.05,0.08,0.049,0.1
target,MNIST_QNN_z_r1_d6_s43,leave_cell_out,noisy_shot,512,latent_lira_mismatched,16,10,0.575,0.55384,0.612785,0.16000000000000003,0.1345,0.20550000000000007,0.02,0.02,0.03549999999999999,0.04,0.0245,0.05,0.07,0.05,0.1055
target,MNIST_QNN_z_r1_d6_s43,leave_cell_out,noisy_shot,512,loss_mia,0,10,0.5465,0.532075,0.553015,0.21500000000000002,0.18449999999999994,0.23000000000000004,0.01,0.0045000000000000005,0.025499999999999988,0.025,0.01,0.04,0.065,0.0545,0.09
target,MNIST_QNN_z_r1_d6_s43,leave_cell_out,noisy_shot,512,noise_augmented_lira,16,10,0.5919,0.5826349999999999,0.6301599999999999,0.19000000000000006,0.15450000000000003,0.26749999999999996,0.02,0.01,0.03549999999999999,0.025,0.0145,0.056499999999999974,0.08,0.0545,0.10099999999999998
target,MNIST_QNN_z_r1_d6_s43,leave_target_out,noisy_shot,1024,affine_channel_lira,16,10,0.6006,0.592375,0.627935,0.19000000000000006,0.1845,0.23099999999999996,0.025,0.01,0.03,0.03,0.02,0.03549999999999999,0.095,0.079,0.11549999999999999
target,MNIST_QNN_z_r1_d6_s43,leave_target_out,noisy_shot,1024,deconvolved_lira,16,10,0.62405,0.608275,0.6392249999999999,0.245,0.1945,0.2555,0.04,0.0245,0.05,0.05,0.04,0.06,0.10500000000000001,0.09,0.1255
target,MNIST_QNN_z_r1_d6_s43,leave_target_out,noisy_shot,1024,empirical_channel_lira,16,10,0.60605,0.58536,0.61646,0.21000000000000008,0.19999999999999996,0.22000000000000008,0.02,0.01,0.04099999999999998,0.02,0.01,0.04549999999999999,0.10500000000000001,0.044500000000000005,0.15649999999999997
target,MNIST_QNN_z_r1_d6_s43,leave_target_out,noisy_shot,1024,latent_lira_mismatched,16,10,0.5766,0.5576500000000001,0.60061,0.16999999999999998,0.15000000000000002,0.21100000000000002,0.02,0.02,0.025499999999999988,0.035,0.0245,0.05549999999999999,0.07,0.06,0.1
target,MNIST_QNN_z_r1_d6_s43,leave_target_out,noisy_shot,1024,loss_mia,0,10,0.54575,0.539825,0.5529149999999999,0.21999999999999997,0.19999999999999996,0.2555,0.015,0.0045000000000000005,0.02,0.02,0.01,0.03549999999999999,0.06,0.0545,0.07
target,MNIST_QNN_z_r1_d6_s43,leave_target_out,noisy_shot,1024,noise_augmented_lira,16,10,0.59585,0.591505,0.62016,0.20500000000000002,0.18000000000000005,0.23649999999999996,0.03,0.02,0.03,0.03,0.02,0.04099999999999998,0.095,0.059000000000000004,0.12
target,MNIST_QNN_z_r1_d6_s43,leave_target_out,noisy_shot,128,affine_channel_lira,16,10,0.573,0.53551,0.592,0.14,0.11000000000000001,0.19649999999999995,0.02,0.0045000000000000005,0.04099999999999998,0.025,0.02,0.060999999999999985,0.07500000000000001,0.0345,0.12749999999999995
target,MNIST_QNN_z_r1_d6_s43,leave_target_out,noisy_shot,128,deconvolved_lira,16,10,0.58735,0.54263,0.60179,0.17999999999999994,0.10449999999999998,0.2255,0.04,0.0135,0.06549999999999999,0.06,0.0135,0.0755,0.09,0.08,0.11549999999999999
target,MNIST_QNN_z_r1_d6_s43,leave_target_out,noisy_shot,128,empirical_channel_lira,16,10,0.5692499999999999,0.530945,0.5988549999999999,0.135,0.12449999999999999,0.1865,0.02,0.0045000000000000005,0.05,0.04,0.0145,0.06,0.08,0.044500000000000005,0.13099999999999998
target,MNIST_QNN_z_r1_d6_s43,leave_target_out,noisy_shot,128,latent_lira_mismatched,16,10,0.55775,0.546695,0.5894499999999999,0.14500000000000002,0.12,0.20299999999999999,0.03,0.009000000000000001,0.050999999999999976,0.04,0.02,0.07099999999999998,0.08,0.0645,0.1055
target,MNIST_QNN_z_r1_d6_s43,leave_target_out,noisy_shot,128,loss_mia,0,10,0.53365,0.5141749999999999,0.56531,0.16999999999999993,0.14349999999999996,0.211,0.02,0.0045000000000000005,0.04549999999999999,0.04,0.01,0.05549999999999999,0.07,0.039,0.09
target,MNIST_QNN_z_r1_d6_s43,leave_target_out,noisy_shot,128,noise_augmented_lira,16,10,0.5589500000000001,0.544575,0.5882149999999999,0.15000000000000002,0.1245,0.17000000000000004,0.03,0.0045000000000000005,0.04549999999999999,0.04,0.0245,0.060999999999999985,0.07500000000000001,0.0345,0.12299999999999993
target,MNIST_QNN_z_r1_d6_s43,leave_target_out,noisy_shot,512,affine_channel_lira,16,10,0.58885,0.5707800000000001,0.638105,0.17500000000000004,0.14,0.24200000000000002,0.02,0.01,0.03099999999999998,0.03,0.0145,0.05549999999999999,0.09,0.07450000000000001,0.1055
target,MNIST_QNN_z_r1_d6_s43,leave_target_out,noisy_shot,512,deconvolved_lira,16,10,0.6059,0.59042,0.6509,0.205,0.18000000000000005,0.2829999999999999,0.035,0.02,0.05,0.04,0.03,0.05,0.09,0.044500000000000005,0.11549999999999999
target,MNIST_QNN_z_r1_d6_s43,leave_target_out,noisy_shot,512,empirical_channel_lira,16,10,0.58975,0.56722,0.6376299999999999,0.195,0.16450000000000004,0.24749999999999991,0.02,0.01,0.046499999999999965,0.025,0.01,0.06,0.09,0.053500000000000006,0.1255
target,MNIST_QNN_z_r1_d6_s43,leave_target_out,noisy_shot,512,latent_lira_mismatched,16,10,0.575,0.55384,0.612785,0.16000000000000003,0.1345,0.20550000000000007,0.02,0.02,0.03549999999999999,0.04,0.0245,0.05,0.07,0.05,0.1055
target,MNIST_QNN_z_r1_d6_s43,leave_target_out,noisy_shot,512,loss_mia,0,10,0.5465,0.532075,0.553015,0.21500000000000002,0.18449999999999994,0.23000000000000004,0.01,0.0045000000000000005,0.025499999999999988,0.025,0.01,0.04,0.065,0.0545,0.09
target,MNIST_QNN_z_r1_d6_s43,leave_target_out,noisy_shot,512,noise_augmented_lira,16,10,0.58005,0.556395,0.6244099999999999,0.17500000000000004,0.15450000000000003,0.231,0.03,0.02,0.04,0.03,0.0245,0.05549999999999999,0.09,0.0545,0.1055
target,MNIST_QNN_z_r1_d6_s44,leave_cell_out,noisy_shot,1024,affine_channel_lira,16,10,0.5730999999999999,0.559305,0.59512,0.14500000000000002,0.12,0.18,0.01,0.01,0.025499999999999988,0.025,0.0145,0.03549999999999999,0.07500000000000001,0.0545,0.1
target,MNIST_QNN_z_r1_d6_s44,leave_cell_out,noisy_shot,1024,deconvolved_lira,16,10,0.57395,0.558075,0.58506,0.16000000000000003,0.14,0.21999999999999997,0.02,0.02,0.03099999999999998,0.035,0.02,0.05,0.09,0.08,0.1055
target,MNIST_QNN_z_r1_d6_s44,leave_cell_out,noisy_shot,1024,empirical_channel_lira,16,10,0.55075,0.536635,0.578805,0.13999999999999999,0.11449999999999999,0.16550000000000004,0.02,0.01,0.02,0.02,0.02,0.03549999999999999,0.08,0.0645,0.09549999999999999
target,MNIST_QNN_z_r1_d6_s44,leave_cell_out,noisy_shot,1024,latent_lira_mismatched,16,10,0.56315,0.5499449999999999,0.58783,0.16000000000000003,0.139,0.19550000000000006,0.02,0.02,0.02,0.03,0.02,0.04549999999999999,0.07,0.0545,0.08
target,MNIST_QNN_z_r1_d6_s44,leave_cell_out,noisy_shot,1024,loss_mia,0,10,0.5501,0.544,0.55922,0.18500000000000005,0.16450000000000004,0.20550000000000007,0.0,0.0,0.0,0.0,0.0,0.005499999999999989,0.01,0.0,0.025499999999999988
target,MNIST_QNN_z_r1_d6_s44,leave_cell_out,noisy_shot,1024,noise_augmented_lira,16,10,0.5690500000000001,0.553955,0.5934050000000001,0.145,0.11449999999999999,0.18000000000000005,0.01,0.01,0.025499999999999988,0.015,0.01,0.03,0.08,0.059000000000000004,0.10099999999999998
target,MNIST_QNN_z_r1_d6_s44,leave_cell_out,noisy_shot,128,affine_channel_lira,16,10,0.55765,0.48933499999999996,0.5884149999999999,0.13000000000000003,0.07450000000000004,0.18099999999999997,0.015,0.01,0.025499999999999988,0.02,0.0145,0.05,0.060000000000000005,0.0345,0.1055
target,MNIST_QNN_z_r1_d6_s44,leave_cell_out,noisy_shot,128,deconvolved_lira,16,10,0.5488999999999999,0.47643,0.58151,0.13999999999999999,0.04900000000000002,0.18099999999999994,0.01,0.01,0.04549999999999999,0.035,0.02,0.05,0.08,0.044500000000000005,0.09
target,MNIST_QNN_z_r1_d6_s44,leave_cell_out,noisy_shot,128,empirical_channel_lira,16,10,0.5298,0.473405,0.582125,0.11000000000000001,0.06250000000000003,0.172,0.01,0.01,0.02,0.02,0.01,0.04,0.055,0.0345,0.11099999999999997
target,MNIST_QNN_z_r1_d6_s44,leave_cell_out,noisy_shot,128,latent_lira_mismatched,16,10,0.5298499999999999,0.51055,0.589415,0.125,0.09000000000000008,0.20199999999999996,0.02,0.02,0.03,0.025,0.02,0.04549999999999999,0.06,0.044500000000000005,0.09099999999999998
target,MNIST_QNN_z_r1_d6_s44,leave_cell_out,noisy_shot,128,loss_mia,0,10,0.5403,0.5340050000000001,0.562175,0.14,0.13,0.19099999999999998,0.0,0.0,0.01549999999999999,0.01,0.0,0.01549999999999999,0.045,0.0145,0.06
target,MNIST_QNN_z_r1_d6_s44,leave_cell_out,noisy_shot,128,noise_augmented_lira,16,10,0.5263,0.46601500000000007,0.562215,0.09000000000000002,0.049000000000000044,0.15199999999999997,0.02,0.01,0.03,0.03,0.02,0.03549999999999999,0.065,0.04,0.12749999999999995
target,MNIST_QNN_z_r1_d6_s44,leave_cell_out,noisy_shot,512,affine_channel_lira,16,10,0.571,0.538235,0.61003,0.14500000000000002,0.11450000000000005,0.191,0.015,0.01,0.02,0.03,0.0145,0.050999999999999976,0.07,0.06,0.12
target,MNIST_QNN_z_r1_d6_s44,leave_cell_out,noisy_shot,512,deconvolved_lira,16,10,0.57115,0.5359299999999999,0.59661,0.19000000000000006,0.0935,0.22649999999999995,0.02,0.01,0.04099999999999998,0.04,0.0245,0.05,0.08499999999999999,0.059000000000000004,0.12
target,MNIST_QNN_z_r1_d6_s44,leave_cell_out,noisy_shot,512,empirical_channel_lira,16,10,0.54855,0.515995,0.591815,0.135,0.09999999999999998,0.16550000000000004,0.02,0.01,0.03549999999999999,0.02,0.02,0.03549999999999999,0.07,0.0545,0.13099999999999998
target,MNIST_QNN_z_r1_d6_s44,leave_cell_out,noisy_shot,512,latent_lira_mismatched,16,10,0.5670999999999999,0.5206200000000001,0.598695,0.16999999999999998,0.1345,0.2155,0.02,0.02,0.02,0.03,0.02,0.050999999999999976,0.08,0.0545,0.1
target,MNIST_QNN_z_r1_d6_s44,leave_cell_out,noisy_shot,512,loss_mia,0,10,0.5521,0.54169,0.5599550000000001,0.17500000000000004,0.14449999999999996,0.19650000000000004,0.0,0.0,0.010999999999999979,0.0,0.0,0.01549999999999999,0.015,0.0,0.03549999999999999
target,MNIST_QNN_z_r1_d6_s44,leave_cell_out,noisy_shot,512,noise_augmented_lira,16,10,0.5465,0.50326,0.58446,0.12,0.07999999999999996,0.15999999999999998,0.02,0.01,0.025499999999999988,0.02,0.02,0.03,0.07500000000000001,0.0545,0.12
target,MNIST_QNN_z_r1_d6_s44,leave_target_out,noisy_shot,1024,affine_channel_lira,16,10,0.5795999999999999,0.5628899999999999,0.603365,0.18,0.14,0.22749999999999998,0.02,0.02,0.02,0.025,0.02,0.04549999999999999,0.07500000000000001,0.07,0.09549999999999999
target,MNIST_QNN_z_r1_d6_s44,leave_target_out,noisy_shot,1024,deconvolved_lira,16,10,0.5778000000000001,0.5634,0.6000949999999999,0.16000000000000003,0.13449999999999995,0.20999999999999996,0.02,0.02,0.03,0.03,0.02,0.04099999999999998,0.1,0.07450000000000001,0.1055
target,MNIST_QNN_z_r1_d6_s44,leave_target_out,noisy_shot,1024,empirical_channel_lira,16,10,0.56405,0.536,0.590795,0.16500000000000004,0.09799999999999998,0.21550000000000002,0.02,0.02,0.02,0.02,0.02,0.04549999999999999,0.07,0.05,0.09
target,MNIST_QNN_z_r1_d6_s44,leave_target_out,noisy_shot,1024,latent_lira_mismatched,16,10,0.56315,0.5499449999999999,0.58783,0.16000000000000003,0.139,0.19550000000000006,0.02,0.02,0.02,0.03,0.02,0.04549999999999999,0.07,0.0545,0.08
target,MNIST_QNN_z_r1_d6_s44,leave_target_out,noisy_shot,1024,loss_mia,0,10,0.5501,0.544,0.55922,0.18500000000000005,0.16450000000000004,0.20550000000000007,0.0,0.0,0.0,0.0,0.0,0.005499999999999989,0.01,0.0,0.025499999999999988
target,MNIST_QNN_z_r1_d6_s44,leave_target_out,noisy_shot,1024,noise_augmented_lira,16,10,0.56525,0.54961,0.5915849999999999,0.15499999999999997,0.12350000000000005,0.20650000000000002,0.02,0.02,0.02,0.02,0.02,0.03549999999999999,0.09,0.07,0.11
target,MNIST_QNN_z_r1_d6_s44,leave_target_out,noisy_shot,128,affine_channel_lira,16,10,0.5423,0.50876,0.5959599999999999,0.11500000000000002,0.07,0.19549999999999998,0.01,0.01,0.025499999999999988,0.025,0.02,0.05549999999999999,0.06,0.039,0.11199999999999996
target,MNIST_QNN_z_r1_d6_s44,leave_target_out,noisy_shot,128,deconvolved_lira,16,10,0.5382,0.496795,0.58561,0.11499999999999999,0.05900000000000005,0.16199999999999995,0.025,0.0145,0.04,0.025,0.02,0.04549999999999999,0.09,0.05,0.12
target,MNIST_QNN_z_r1_d6_s44,leave_target_out,noisy_shot,128,empirical_channel_lira,16,10,0.52125,0.491595,0.5846,0.12000000000000002,0.069,0.18099999999999997,0.02,0.01,0.02,0.025,0.01,0.05549999999999999,0.065,0.03,0.11549999999999999
target,MNIST_QNN_z_r1_d6_s44,leave_target_out,noisy_shot,128,latent_lira_mismatched,16,10,0.5298499999999999,0.51055,0.589415,0.125,0.09000000000000008,0.20199999999999996,0.02,0.02,0.03,0.025,0.02,0.04549999999999999,0.06,0.044500000000000005,0.09099999999999998
target,MNIST_QNN_z_r1_d6_s44,leave_target_out,noisy_shot,128,loss_mia,0,10,0.5403,0.5340050000000001,0.562175,0.14,0.13,0.19099999999999998,0.0,0.0,0.01549999999999999,0.01,0.0,0.01549999999999999,0.045,0.0145,0.06
target,MNIST_QNN_z_r1_d6_s44,leave_target_out,noisy_shot,128,noise_augmented_lira,16,10,0.54415,0.50025,0.6118399999999999,0.13,0.06800000000000003,0.2275,0.01,0.01,0.02,0.02,0.01,0.05,0.055,0.03,0.11099999999999997
target,MNIST_QNN_z_r1_d6_s44,leave_target_out,noisy_shot,512,affine_channel_lira,16,10,0.5851500000000001,0.53066,0.60009,0.16000000000000003,0.10699999999999998,0.18549999999999997,0.02,0.01,0.02,0.03,0.0145,0.06199999999999996,0.08,0.06,0.10099999999999998
target,MNIST_QNN_z_r1_d6_s44,leave_target_out,noisy_shot,512,deconvolved_lira,16,10,0.5847,0.52428,0.604515,0.17,0.11349999999999999,0.21550000000000005,0.02,0.02,0.03,0.03,0.02,0.04549999999999999,0.08,0.0645,0.12
target,MNIST_QNN_z_r1_d6_s44,leave_target_out,noisy_shot,512,empirical_channel_lira,16,10,0.5707,0.523315,0.594375,0.15000000000000002,0.09449999999999997,0.19100000000000003,0.02,0.0145,0.025499999999999988,0.02,0.02,0.050999999999999976,0.07500000000000001,0.05,0.10649999999999997
target,MNIST_QNN_z_r1_d6_s44,leave_target_out,noisy_shot,512,latent_lira_mismatched,16,10,0.5670999999999999,0.5206200000000001,0.598695,0.16999999999999998,0.1345,0.2155,0.02,0.02,0.02,0.03,0.02,0.050999999999999976,0.08,0.0545,0.1
target,MNIST_QNN_z_r1_d6_s44,leave_target_out,noisy_shot,512,loss_mia,0,10,0.5521,0.54169,0.5599550000000001,0.17500000000000004,0.14449999999999996,0.19650000000000004,0.0,0.0,0.010999999999999979,0.0,0.0,0.01549999999999999,0.015,0.0,0.03549999999999999
target,MNIST_QNN_z_r1_d6_s44,leave_target_out,noisy_shot,512,noise_augmented_lira,16,10,0.5624,0.51193,0.58383,0.14499999999999996,0.09900000000000003,0.171,0.01,0.01,0.02,0.025,0.01,0.05199999999999996,0.09,0.0645,0.12749999999999995
target,MNIST_QNN_z_r1_d6_s45,leave_cell_out,noisy_shot,1024,affine_channel_lira,16,10,0.6244000000000001,0.5715950000000001,0.643615,0.21,0.15000000000000002,0.24099999999999996,0.01,0.01,0.01549999999999999,0.09,0.053500000000000006,0.1055,0.12,0.11,0.14
target,MNIST_QNN_z_r1_d6_s45,leave_cell_out,noisy_shot,1024,deconvolved_lira,16,10,0.60495,0.5628449999999999,0.635375,0.21,0.14900000000000002,0.2355,0.01,0.0,0.01,0.04,0.0345,0.050999999999999976,0.10500000000000001,0.0845,0.1355
target,MNIST_QNN_z_r1_d6_s45,leave_cell_out,noisy_shot,1024,empirical_channel_lira,16,10,0.61455,0.565565,0.635775,0.19,0.129,0.242,0.01,0.0,0.01549999999999999,0.05,0.019,0.09549999999999999,0.11499999999999999,0.099,0.14
target,MNIST_QNN_z_r1_d6_s45,leave_cell_out,noisy_shot,1024,latent_lira_mismatched,16,10,0.5738000000000001,0.5491199999999999,0.61693,0.14500000000000002,0.1245,0.21199999999999997,0.02,0.02,0.03549999999999999,0.04,0.03,0.04549999999999999,0.07500000000000001,0.06,0.08549999999999999
target,MNIST_QNN_z_r1_d6_s45,leave_cell_out,noisy_shot,1024,loss_mia,0,10,0.5725,0.55596,0.589665,0.21999999999999997,0.1945,0.2255000000000001,0.01,0.01,0.02,0.02,0.01,0.02,0.05,0.0245,0.06
target,MNIST_QNN_z_r1_d6_s45,leave_cell_out,noisy_shot,1024,noise_augmented_lira,16,10,0.62175,0.577185,0.653725,0.20500000000000002,0.14450000000000002,0.27199999999999996,0.01,0.01,0.01,0.08,0.053500000000000006,0.09549999999999999,0.14,0.109,0.16
target,MNIST_QNN_z_r1_d6_s45,leave_cell_out,noisy_shot,128,affine_channel_lira,16,10,0.59375,0.55055,0.6330250000000001,0.18000000000000002,0.13449999999999998,0.24000000000000007,0.01,0.0,0.04099999999999998,0.03,0.01,0.06,0.095,0.0645,0.1255
target,MNIST_QNN_z_r1_d6_s45,leave_cell_out,noisy_shot,128,deconvolved_lira,16,10,0.567,0.5361,0.6256150000000001,0.1499999999999999,0.11249999999999999,0.2365,0.005,0.0,0.02,0.03,0.0045000000000000005,0.06,0.08,0.049,0.10099999999999998
target,MNIST_QNN_z_r1_d6_s45,leave_cell_out,noisy_shot,128,empirical_channel_lira,16,10,0.5848,0.54354,0.6229399999999999,0.195,0.11450000000000005,0.22550000000000006,0.01,0.0,0.03549999999999999,0.045,0.009000000000000001,0.07,0.1,0.069,0.12649999999999997
target,MNIST_QNN_z_r1_d6_s45,leave_cell_out,noisy_shot,128,latent_lira_mismatched,16,10,0.56555,0.5012300000000001,0.6144100000000001,0.14500000000000002,0.07450000000000007,0.22999999999999998,0.02,0.0,0.046499999999999965,0.03,0.02,0.050999999999999976,0.08,0.07,0.1055
target,MNIST_QNN_z_r1_d6_s45,leave_cell_out,noisy_shot,128,loss_mia,0,10,0.57715,0.53421,0.593885,0.185,0.15899999999999992,0.24099999999999996,0.01,0.0,0.02,0.02,0.01,0.03549999999999999,0.05,0.0245,0.08
target,MNIST_QNN_z_r1_d6_s45,leave_cell_out,noisy_shot,128,noise_augmented_lira,16,10,0.56955,0.54604,0.5997699999999999,0.15500000000000003,0.10000000000000003,0.1965,0.02,0.0045000000000000005,0.0755,0.05,0.0145,0.08,0.095,0.0545,0.11549999999999999
target,MNIST_QNN_z_r1_d6_s45,leave_cell_out,noisy_shot,512,affine_channel_lira,16,10,0.6156,0.5730299999999999,0.64643,0.21999999999999997,0.16349999999999992,0.2555,0.01,0.0,0.025499999999999988,0.065,0.028000000000000004,0.1,0.11,0.0845,0.1255
target,MNIST_QNN_z_r1_d6_s45,leave_cell_out,noisy_shot,512,deconvolved_lira,16,10,0.60735,0.55053,0.6430950000000001,0.21999999999999997,0.11350000000000005,0.282,0.01,0.0,0.02,0.04,0.0145,0.06549999999999999,0.11,0.0545,0.1255
target,MNIST_QNN_z_r1_d6_s45,leave_cell_out,noisy_shot,512,empirical_channel_lira,16,10,0.60615,0.56135,0.6322399999999999,0.19000000000000003,0.15799999999999997,0.2300000000000001,0.01,0.0,0.020999999999999977,0.05,0.0145,0.10099999999999998,0.10500000000000001,0.0845,0.12
target,MNIST_QNN_z_r1_d6_s45,leave_cell_out,noisy_shot,512,latent_lira_mismatched,16,10,0.5749,0.54011,0.609545,0.16499999999999998,0.11799999999999997,0.19549999999999998,0.025,0.02,0.04549999999999999,0.035,0.02,0.05,0.09,0.0545,0.1
target,MNIST_QNN_z_r1_d6_s45,leave_cell_out,noisy_shot,512,loss_mia,0,10,0.55945,0.541685,0.5975,0.21000000000000002,0.19999999999999996,0.2565,0.01,0.0,0.02,0.02,0.0045000000000000005,0.025499999999999988,0.05,0.0345,0.07649999999999997
target,MNIST_QNN_z_r1_d6_s45,leave_cell_out,noisy_shot,512,noise_augmented_lira,16,10,0.60615,0.55878,0.635825,0.21,0.138,0.24549999999999997,0.01,0.0,0.025499999999999988,0.055,0.029,0.09549999999999999,0.12,0.0945,0.15649999999999997
target,MNIST_QNN_z_r1_d6_s45,leave_target_out,noisy_shot,1024,affine_channel_lira,16,10,0.6037999999999999,0.56977,0.6428499999999999,0.195,0.13249999999999998,0.27749999999999997,0.02,0.01,0.025499999999999988,0.065,0.044500000000000005,0.08549999999999999,0.11,0.09,0.11549999999999999
target,MNIST_QNN_z_r1_d6_s45,leave_target_out,noisy_shot,1024,deconvolved_lira,16,10,0.5850500000000001,0.55615,0.6358199999999999,0.18,0.129,0.26199999999999996,0.02,0.01,0.025499999999999988,0.045,0.0345,0.0755,0.08,0.07,0.11
target,MNIST_QNN_z_r1_d6_s45,leave_target_out,noisy_shot,1024,empirical_channel_lira,16,10,0.59065,0.560445,0.624685,0.17000000000000004,0.1245,0.22099999999999995,0.01,0.0045000000000000005,0.025499999999999988,0.02,0.0145,0.04099999999999998,0.11,0.07,0.13099999999999998
target,MNIST_QNN_z_r1_d6_s45,leave_target_out,noisy_shot,1024,latent_lira_mismatched,16,10,0.5738000000000001,0.5491199999999999,0.61693,0.14500000000000002,0.1245,0.21199999999999997,0.02,0.02,0.03549999999999999,0.04,0.03,0.04549999999999999,0.07500000000000001,0.06,0.08549999999999999
target,MNIST_QNN_z_r1_d6_s45,leave_target_out,noisy_shot,1024,loss_mia,0,10,0.5725,0.55596,0.589665,0.21999999999999997,0.1945,0.2255000000000001,0.01,0.01,0.02,0.02,0.01,0.02,0.05,0.0245,0.06
target,MNIST_QNN_z_r1_d6_s45,leave_target_out,noisy_shot,1024,noise_augmented_lira,16,10,0.6091,0.5720649999999999,0.64197,0.21,0.1345,0.23000000000000007,0.02,0.01,0.03,0.06,0.05,0.08549999999999999,0.12,0.11,0.1355
target,MNIST_QNN_z_r1_d6_s45,leave_target_out,noisy_shot,128,affine_channel_lira,16,10,0.5938,0.535015,0.6290449999999999,0.16500000000000004,0.11449999999999999,0.24749999999999997,0.015,0.0045000000000000005,0.05,0.025,0.0045000000000000005,0.05549999999999999,0.09,0.069,0.11549999999999999
target,MNIST_QNN_z_r1_d6_s45,leave_target_out,noisy_shot,128,deconvolved_lira,16,10,0.5740500000000001,0.51376,0.6177599999999999,0.16499999999999998,0.0935,0.24199999999999994,0.015,0.0,0.03649999999999997,0.03,0.02,0.060999999999999985,0.08499999999999999,0.059000000000000004,0.11549999999999999
target,MNIST_QNN_z_r1_d6_s45,leave_target_out,noisy_shot,128,empirical_channel_lira,16,10,0.58675,0.5308200000000001,0.6204850000000001,0.15500000000000005,0.11449999999999999,0.2555,0.015,0.0,0.04549999999999999,0.025,0.0045000000000000005,0.056499999999999974,0.095,0.07,0.13199999999999995
target,MNIST_QNN_z_r1_d6_s45,leave_target_out,noisy_shot,128,latent_lira_mismatched,16,10,0.56555,0.5012300000000001,0.6144100000000001,0.14500000000000002,0.07450000000000007,0.22999999999999998,0.02,0.0,0.046499999999999965,0.03,0.02,0.050999999999999976,0.08,0.07,0.1055
target,MNIST_QNN_z_r1_d6_s45,leave_target_out,noisy_shot,128,loss_mia,0,10,0.57715,0.53421,0.593885,0.185,0.15899999999999992,0.24099999999999996,0.01,0.0,0.02,0.02,0.01,0.03549999999999999,0.05,0.0245,0.08
target,MNIST_QNN_z_r1_d6_s45,leave_target_out,noisy_shot,128,noise_augmented_lira,16,10,0.57915,0.525415,0.6165299999999999,0.15000000000000002,0.10999999999999999,0.2065,0.015,0.0,0.05549999999999999,0.03,0.0045000000000000005,0.08,0.1,0.069,0.1255
target,MNIST_QNN_z_r1_d6_s45,leave_target_out,noisy_shot,512,affine_channel_lira,16,10,0.6058,0.5659649999999999,0.6316149999999999,0.18,0.1545,0.22999999999999998,0.02,0.01,0.04,0.055,0.02,0.08,0.1,0.08,0.11
target,MNIST_QNN_z_r1_d6_s45,leave_target_out,noisy_shot,512,deconvolved_lira,16,10,0.5905499999999999,0.54567,0.6215949999999999,0.19000000000000003,0.1325,0.24,0.02,0.0045000000000000005,0.04,0.045,0.03,0.06549999999999999,0.08499999999999999,0.0645,0.11
target,MNIST_QNN_z_r1_d6_s45,leave_target_out,noisy_shot,512,empirical_channel_lira,16,10,0.5831999999999999,0.55695,0.62162,0.17000000000000004,0.1345,0.22649999999999998,0.01,0.0,0.02,0.03,0.0145,0.04,0.1,0.0735,0.12
target,MNIST_QNN_z_r1_d6_s45,leave_target_out,noisy_shot,512,latent_lira_mismatched,16,10,0.5749,0.54011,0.609545,0.16499999999999998,0.11799999999999997,0.19549999999999998,0.025,0.02,0.04549999999999999,0.035,0.02,0.05,0.09,0.0545,0.1
target,MNIST_QNN_z_r1_d6_s45,leave_target_out,noisy_shot,512,loss_mia,0,10,0.55945,0.541685,0.5975,0.21000000000000002,0.19999999999999996,0.2565,0.01,0.0,0.02,0.02,0.0045000000000000005,0.025499999999999988,0.05,0.0345,0.07649999999999997
target,MNIST_QNN_z_r1_d6_s45,leave_target_out,noisy_shot,512,noise_augmented_lira,16,10,0.6032500000000001,0.55781,0.627785,0.2,0.14900000000000002,0.25549999999999995,0.02,0.01,0.03549999999999999,0.05,0.0245,0.08549999999999999,0.1,0.0845,0.11
target,MNIST_QNN_zz_r1_d6_s43,leave_cell_out,noisy_shot,1024,affine_channel_lira,16,10,0.6949,0.67253,0.7105049999999999,0.32999999999999996,0.289,0.3765,0.055,0.0135,0.1394999999999999,0.14,0.0945,0.20199999999999996,0.245,0.21350000000000002,0.3055
target,MNIST_QNN_zz_r1_d6_s43,leave_cell_out,noisy_shot,1024,deconvolved_lira,16,10,0.67695,0.65187,0.6961750000000001,0.285,0.23800000000000002,0.3355,0.035,0.0045000000000000005,0.060999999999999985,0.11499999999999999,0.0735,0.16299999999999995,0.195,0.169,0.2355
target,MNIST_QNN_zz_r1_d6_s43,leave_cell_out,noisy_shot,1024,empirical_channel_lira,16,10,0.6811,0.659455,0.692585,0.29,0.26,0.33649999999999997,0.01,0.0,0.02,0.055,0.0145,0.09099999999999998,0.215,0.169,0.2684999999999999
target,MNIST_QNN_zz_r1_d6_s43,leave_cell_out,noisy_shot,1024,latent_lira_mismatched,16,10,0.7251500000000001,0.70609,0.7486449999999999,0.33000000000000007,0.31999999999999995,0.38,0.14,0.059000000000000004,0.16099999999999998,0.16999999999999998,0.13,0.22199999999999995,0.27,0.1925,0.32
target,MNIST_QNN_zz_r1_d6_s43,leave_cell_out,noisy_shot,1024,loss_mia,0,10,0.5677000000000001,0.554485,0.5823799999999999,0.21,0.15899999999999997,0.23099999999999996,0.0,0.0,0.0,0.0,0.0,0.01,0.02,0.0045000000000000005,0.04
target,MNIST_QNN_zz_r1_d6_s43,leave_cell_out,noisy_shot,1024,noise_augmented_lira,16,10,0.6972,0.6753899999999999,0.71059,0.33,0.28350000000000003,0.381,0.045,0.0045000000000000005,0.09099999999999998,0.12,0.09,0.18199999999999997,0.25,0.22,0.32649999999999996
target,MNIST_QNN_zz_r1_d6_s43,leave_cell_out,noisy_shot,128,affine_channel_lira,16,10,0.6453,0.6011550000000001,0.693255,0.24999999999999997,0.2045,0.3265,0.04,0.03,0.08549999999999999,0.065,0.04,0.1055,0.14500000000000002,0.0945,0.19099999999999998
target,MNIST_QNN_zz_r1_d6_s43,leave_cell_out,noisy_shot,128,deconvolved_lira,16,10,0.6179,0.585285,0.658195,0.22,0.15799999999999997,0.2855,0.02,0.0,0.0755,0.04,0.0145,0.08,0.095,0.059000000000000004,0.13649999999999995
target,MNIST_QNN_zz_r1_d6_s43,leave_cell_out,noisy_shot,128,empirical_channel_lira,16,10,0.6472,0.603525,0.6819449999999999,0.25,0.17900000000000002,0.33,0.035,0.0045000000000000005,0.07099999999999998,0.06,0.044500000000000005,0.09099999999999998,0.14500000000000002,0.11,0.1955
target,MNIST_QNN_zz_r1_d6_s43,leave_cell_out,noisy_shot,128,latent_lira_mismatched,16,10,0.65185,0.62185,0.69643,0.265,0.22900000000000004,0.33649999999999997,0.045,0.0,0.0755,0.065,0.0045000000000000005,0.12649999999999997,0.14500000000000002,0.07450000000000001,0.20199999999999996
target,MNIST_QNN_zz_r1_d6_s43,leave_cell_out,noisy_shot,128,loss_mia,0,10,0.56735,0.530165,0.5967600000000001,0.175,0.14450000000000002,0.252,0.0,0.0,0.01,0.005,0.0,0.02,0.04,0.0045000000000000005,0.06549999999999999
target,MNIST_QNN_zz_r1_d6_s43,leave_cell_out,noisy_shot,128,noise_augmented_lira,16,10,0.6503,0.6108250000000001,0.690165,0.265,0.218,0.33199999999999996,0.03,0.01,0.07649999999999997,0.045,0.0245,0.09099999999999998,0.135,0.0945,0.17
target,MNIST_QNN_zz_r1_d6_s43,leave_cell_out,noisy_shot,512,affine_channel_lira,16,10,0.6832499999999999,0.659085,0.69631,0.30500000000000005,0.2635,0.3255,0.06,0.0045000000000000005,0.12749999999999995,0.08499999999999999,0.049,0.15199999999999997,0.225,0.17900000000000002,0.27
target,MNIST_QNN_zz_r1_d6_s43,leave_cell_out,noisy_shot,512,deconvolved_lira,16,10,0.66945,0.64418,0.6911499999999999,0.28500000000000003,0.2135,0.3255,0.015,0.0,0.06549999999999999,0.085,0.009000000000000001,0.13749999999999996,0.2,0.14450000000000002,0.24199999999999997
target,MNIST_QNN_zz_r1_d6_s43,leave_cell_out,noisy_shot,512,empirical_channel_lira,16,10,0.67135,0.6558999999999999,0.68758,0.275,0.26,0.3265,0.015,0.0045000000000000005,0.05849999999999993,0.05,0.0145,0.11199999999999996,0.195,0.12350000000000001,0.24749999999999994
target,MNIST_QNN_zz_r1_d6_s43,leave_cell_out,noisy_shot,512,latent_lira_mismatched,16,10,0.7102499999999999,0.694645,0.73081,0.335,0.28450000000000003,0.38100000000000006,0.09,0.0045000000000000005,0.13649999999999995,0.14500000000000002,0.07450000000000001,0.2055,0.225,0.1945,0.292
target,MNIST_QNN_zz_r1_d6_s43,leave_cell_out,noisy_shot,512,loss_mia,0,10,0.5668500000000001,0.540395,0.58683,0.195,0.15350000000000003,0.211,0.0,0.0,0.0,0.0,0.0,0.01,0.02,0.01,0.03
target,MNIST_QNN_zz_r1_d6_s43,leave_cell_out,noisy_shot,512,noise_augmented_lira,16,10,0.68205,0.66613,0.697245,0.28500000000000003,0.269,0.31550000000000006,0.05,0.0045000000000000005,0.11549999999999999,0.09,0.04,0.1255,0.225,0.169,0.2965
target,MNIST_QNN_zz_r1_d6_s43,leave_target_out,noisy_shot,1024,affine_channel_lira,16,10,0.6812,0.65922,0.700045,0.31,0.26350000000000007,0.3555,0.04,0.009000000000000001,0.11849999999999992,0.14,0.08900000000000001,0.19099999999999998,0.24,0.1945,0.3139999999999999
target,MNIST_QNN_zz_r1_d6_s43,leave_target_out,noisy_shot,1024,deconvolved_lira,16,10,0.6619999999999999,0.63645,0.681565,0.255,0.218,0.3155,0.02,0.0,0.060999999999999985,0.1,0.0735,0.15199999999999997,0.19,0.1525,0.2155
target,MNIST_QNN_zz_r1_d6_s43,leave_target_out,noisy_shot,1024,empirical_channel_lira,16,10,0.6592,0.639595,0.6798249999999999,0.26,0.21900000000000003,0.3055,0.005,0.0,0.02,0.045,0.0145,0.0755,0.19,0.14900000000000002,0.2655
target,MNIST_QNN_zz_r1_d6_s43,leave_target_out,noisy_shot,1024,latent_lira_mismatched,16,10,0.7251500000000001,0.70609,0.7486449999999999,0.33000000000000007,0.31999999999999995,0.38,0.14,0.059000000000000004,0.16099999999999998,0.16999999999999998,0.13,0.22199999999999995,0.27,0.1925,0.32
target,MNIST_QNN_zz_r1_d6_s43,leave_target_out,noisy_shot,1024,loss_mia,0,10,0.5677000000000001,0.554485,0.5823799999999999,0.21,0.15899999999999997,0.23099999999999996,0.0,0.0,0.0,0.0,0.0,0.01,0.02,0.0045000000000000005,0.04
target,MNIST_QNN_zz_r1_d6_s43,leave_target_out,noisy_shot,1024,noise_augmented_lira,16,10,0.68275,0.65944,0.6995750000000001,0.29000000000000004,0.25450000000000006,0.3565,0.03,0.009000000000000001,0.08,0.125,0.0735,0.17,0.235,0.1525,0.26
target,MNIST_QNN_zz_r1_d6_s43,leave_target_out,noisy_shot,128,affine_channel_lira,16,10,0.6412,0.595105,0.6858650000000001,0.24,0.1945,0.321,0.045,0.0245,0.09,0.065,0.0345,0.10649999999999997,0.135,0.0845,0.1755
target,MNIST_QNN_zz_r1_d6_s43,leave_target_out,noisy_shot,128,deconvolved_lira,16,10,0.61335,0.5765899999999999,0.6509,0.21000000000000005,0.13350000000000004,0.28,0.015,0.0,0.08,0.04,0.0145,0.08,0.09,0.05,0.1255
target,MNIST_QNN_zz_r1_d6_s43,leave_target_out,noisy_shot,128,empirical_channel_lira,16,10,0.6390499999999999,0.5979949999999999,0.6747049999999999,0.235,0.179,0.3155,0.03,0.0045000000000000005,0.07099999999999998,0.05,0.04,0.09649999999999997,0.14500000000000002,0.1145,0.181
target,MNIST_QNN_zz_r1_d6_s43,leave_target_out,noisy_shot,128,latent_lira_mismatched,16,10,0.65185,0.62185,0.69643,0.265,0.22900000000000004,0.33649999999999997,0.045,0.0,0.0755,0.065,0.0045000000000000005,0.12649999999999997,0.14500000000000002,0.07450000000000001,0.20199999999999996
target,MNIST_QNN_zz_r1_d6_s43,leave_target_out,noisy_shot,128,loss_mia,0,10,0.56735,0.530165,0.5967600000000001,0.175,0.14450000000000002,0.252,0.0,0.0,0.01,0.005,0.0,0.02,0.04,0.0045000000000000005,0.06549999999999999
target,MNIST_QNN_zz_r1_d6_s43,leave_target_out,noisy_shot,128,noise_augmented_lira,16,10,0.636,0.60072,0.66943,0.225,0.18450000000000003,0.29100000000000004,0.045,0.0145,0.0755,0.06,0.04,0.09,0.14,0.11,0.22199999999999995
target,MNIST_QNN_zz_r1_d6_s43,leave_target_out,noisy_shot,512,affine_channel_lira,16,10,0.67235,0.64671,0.6856749999999999,0.29000000000000004,0.24350000000000002,0.3055,0.035,0.0,0.11549999999999999,0.11,0.044500000000000005,0.19199999999999995,0.23,0.168,0.26
target,MNIST_QNN_zz_r1_d6_s43,leave_target_out,noisy_shot,512,deconvolved_lira,16,10,0.6594,0.630575,0.677955,0.265,0.2045,0.301,0.015,0.0,0.06549999999999999,0.07,0.009000000000000001,0.12649999999999997,0.18,0.1345,0.241
target,MNIST_QNN_zz_r1_d6_s43,leave_target_out,noisy_shot,512,empirical_channel_lira,16,10,0.65725,0.639405,0.6787749999999999,0.25,0.23,0.29550000000000004,0.01,0.0,0.05849999999999993,0.05,0.01,0.1,0.185,0.1345,0.25649999999999995
target,MNIST_QNN_zz_r1_d6_s43,leave_target_out,noisy_shot,512,latent_lira_mismatched,16,10,0.7102499999999999,0.694645,0.73081,0.335,0.28450000000000003,0.38100000000000006,0.09,0.0045000000000000005,0.13649999999999995,0.14500000000000002,0.07450000000000001,0.2055,0.225,0.1945,0.292
target,MNIST_QNN_zz_r1_d6_s43,leave_target_out,noisy_shot,512,loss_mia,0,10,0.5668500000000001,0.540395,0.58683,0.195,0.15350000000000003,0.211,0.0,0.0,0.0,0.0,0.0,0.01,0.02,0.01,0.03
target,MNIST_QNN_zz_r1_d6_s43,leave_target_out,noisy_shot,512,noise_augmented_lira,16,10,0.6747,0.651135,0.68853,0.28,0.23450000000000001,0.32199999999999995,0.03,0.0,0.07,0.07500000000000001,0.049,0.16199999999999995,0.18,0.139,0.2655
target,MNIST_QNN_zz_r1_d6_s44,leave_cell_out,noisy_shot,1024,affine_channel_lira,16,10,0.6637500000000001,0.6546599999999999,0.678825,0.28,0.27,0.3,0.08,0.0325,0.09,0.09,0.069,0.1,0.13,0.109,0.16649999999999995
target,MNIST_QNN_zz_r1_d6_s44,leave_cell_out,noisy_shot,1024,deconvolved_lira,16,10,0.6347,0.617385,0.64678,0.24,0.21,0.26,0.04,0.019,0.06,0.065,0.039,0.09099999999999998,0.12,0.0945,0.15649999999999997
target,MNIST_QNN_zz_r1_d6_s44,leave_cell_out,noisy_shot,1024,empirical_channel_lira,16,10,0.6570499999999999,0.64338,0.6730100000000001,0.26,0.2345,0.30199999999999994,0.08,0.02,0.11549999999999999,0.095,0.07,0.11549999999999999,0.16,0.1345,0.17
target,MNIST_QNN_zz_r1_d6_s44,leave_cell_out,noisy_shot,1024,latent_lira_mismatched,16,10,0.6708500000000001,0.656685,0.69021,0.29499999999999993,0.25449999999999995,0.3555,0.055,0.02,0.08099999999999997,0.07,0.05,0.09,0.135,0.0845,0.181
target,MNIST_QNN_zz_r1_d6_s44,leave_cell_out,noisy_shot,1024,loss_mia,0,10,0.5802,0.5767749999999999,0.594175,0.22999999999999998,0.21000000000000008,0.24550000000000002,0.0,0.0,0.0,0.01,0.0,0.02,0.05,0.0245,0.06
target,MNIST_QNN_zz_r1_d6_s44,leave_cell_out,noisy_shot,1024,noise_augmented_lira,16,10,0.671,0.652285,0.68257,0.275,0.24900000000000003,0.3155,0.09,0.04150000000000001,0.1055,0.095,0.09,0.11,0.14,0.1145,0.17
target,MNIST_QNN_zz_r1_d6_s44,leave_cell_out,noisy_shot,128,affine_channel_lira,16,10,0.6292,0.5923700000000001,0.665295,0.21999999999999997,0.19000000000000003,0.292,0.045,0.02,0.07749999999999996,0.07,0.03,0.1055,0.125,0.0945,0.17099999999999999
target,MNIST_QNN_zz_r1_d6_s44,leave_cell_out,noisy_shot,128,deconvolved_lira,16,10,0.60225,0.564365,0.619335,0.20499999999999996,0.15900000000000003,0.29100000000000004,0.005,0.0,0.03649999999999997,0.03,0.01,0.060999999999999985,0.08,0.0435,0.13649999999999995
target,MNIST_QNN_zz_r1_d6_s44,leave_cell_out,noisy_shot,128,empirical_channel_lira,16,10,0.6259000000000001,0.59299,0.6681699999999999,0.22499999999999998,0.17800000000000002,0.2929999999999999,0.05,0.0145,0.0755,0.06,0.03,0.08,0.14500000000000002,0.0945,0.19749999999999995
target,MNIST_QNN_zz_r1_d6_s44,leave_cell_out,noisy_shot,128,latent_lira_mismatched,16,10,0.62615,0.569965,0.6599800000000001,0.22000000000000003,0.17799999999999994,0.2755,0.015,0.01,0.046499999999999965,0.025,0.01,0.06549999999999999,0.095,0.053500000000000006,0.16099999999999998
target,MNIST_QNN_zz_r1_d6_s44,leave_cell_out,noisy_shot,128,loss_mia,0,10,0.5593,0.528075,0.600015,0.19499999999999995,0.14450000000000002,0.251,0.0,0.0,0.020999999999999977,0.01,0.0,0.03,0.060000000000000005,0.02,0.09099999999999998
target,MNIST_QNN_zz_r1_d6_s44,leave_cell_out,noisy_shot,128,noise_augmented_lira,16,10,0.6269,0.581565,0.6731199999999999,0.22,0.14900000000000002,0.27549999999999997,0.045,0.009000000000000001,0.05549999999999999,0.06,0.0245,0.08,0.14500000000000002,0.0935,0.19199999999999995
target,MNIST_QNN_zz_r1_d6_s44,leave_cell_out,noisy_shot,512,affine_channel_lira,16,10,0.6547000000000001,0.6287400000000001,0.6759549999999999,0.28500000000000003,0.23900000000000002,0.31100000000000005,0.065,0.039,0.08549999999999999,0.07,0.0545,0.11099999999999997,0.14,0.11,0.17199999999999996
target,MNIST_QNN_zz_r1_d6_s44,leave_cell_out,noisy_shot,512,deconvolved_lira,16,10,0.6314,0.59783,0.6493749999999999,0.235,0.18900000000000003,0.27,0.04,0.0145,0.06649999999999998,0.055,0.03,0.09099999999999998,0.10500000000000001,0.0845,0.15849999999999992
target,MNIST_QNN_zz_r1_d6_s44,leave_cell_out,noisy_shot,512,empirical_channel_lira,16,10,0.65495,0.6286149999999999,0.67109,0.25000000000000006,0.2045,0.3065,0.065,0.0345,0.09,0.08499999999999999,0.0545,0.09549999999999999,0.155,0.109,0.19
target,MNIST_QNN_zz_r1_d6_s44,leave_cell_out,noisy_shot,512,latent_lira_mismatched,16,10,0.6536,0.63891,0.68118,0.2899999999999999,0.2535,0.33099999999999996,0.045,0.0245,0.06549999999999999,0.07,0.044500000000000005,0.07,0.095,0.08,0.151
target,MNIST_QNN_zz_r1_d6_s44,leave_cell_out,noisy_shot,512,loss_mia,0,10,0.5739000000000001,0.56408,0.580725,0.22000000000000003,0.19450000000000006,0.24000000000000005,0.0,0.0,0.0,0.01,0.0,0.04,0.055,0.0245,0.07
target,MNIST_QNN_zz_r1_d6_s44,leave_cell_out,noisy_shot,512,noise_augmented_lira,16,10,0.6576500000000001,0.636605,0.679245,0.26,0.21999999999999997,0.28,0.07,0.0435,0.09549999999999999,0.09,0.052500000000000005,0.13099999999999998,0.15000000000000002,0.1145,0.18
target,MNIST_QNN_zz_r1_d6_s44,leave_target_out,noisy_shot,1024,affine_channel_lira,16,10,0.65025,0.6356200000000001,0.6651,0.26,0.2445,0.281,0.08,0.028000000000000004,0.09,0.09,0.07,0.1055,0.14,0.12,0.16099999999999998
target,MNIST_QNN_zz_r1_d6_s44,leave_target_out,noisy_shot,1024,deconvolved_lira,16,10,0.62025,0.60232,0.6329750000000001,0.22,0.19999999999999998,0.2555,0.04,0.0135,0.05549999999999999,0.05,0.03,0.08099999999999997,0.12,0.09,0.14
target,MNIST_QNN_zz_r1_d6_s44,leave_target_out,noisy_shot,1024,empirical_channel_lira,16,10,0.6435500000000001,0.629595,0.66196,0.23,0.20449999999999996,0.26,0.07,0.02,0.11099999999999997,0.09,0.06,0.11549999999999999,0.16,0.12350000000000001,0.1755
target,MNIST_QNN_zz_r1_d6_s44,leave_target_out,noisy_shot,1024,latent_lira_mismatched,16,10,0.6708500000000001,0.656685,0.69021,0.29499999999999993,0.25449999999999995,0.3555,0.055,0.02,0.08099999999999997,0.07,0.05,0.09,0.135,0.0845,0.181
target,MNIST_QNN_zz_r1_d6_s44,leave_target_out,noisy_shot,1024,loss_mia,0,10,0.5802,0.5767749999999999,0.594175,0.22999999999999998,0.21000000000000008,0.24550000000000002,0.0,0.0,0.0,0.01,0.0,0.02,0.05,0.0245,0.06
target,MNIST_QNN_zz_r1_d6_s44,leave_target_out,noisy_shot,1024,noise_augmented_lira,16,10,0.661,0.64292,0.671605,0.265,0.23450000000000001,0.3,0.07,0.0325,0.09099999999999998,0.09,0.07450000000000001,0.1,0.135,0.1145,0.151
target,MNIST_QNN_zz_r1_d6_s44,leave_target_out,noisy_shot,128,affine_channel_lira,16,10,0.6247,0.589655,0.66184,0.22500000000000003,0.17900000000000005,0.28099999999999997,0.05,0.02,0.07099999999999998,0.07,0.03,0.1055,0.11,0.1,0.15649999999999997
target,MNIST_QNN_zz_r1_d6_s44,leave_target_out,noisy_shot,128,deconvolved_lira,16,10,0.5963,0.56032,0.61354,0.18500000000000003,0.15900000000000003,0.25999999999999995,0.005,0.0,0.03649999999999997,0.03,0.01,0.06549999999999999,0.07500000000000001,0.044500000000000005,0.14649999999999996
target,MNIST_QNN_zz_r1_d6_s44,leave_target_out,noisy_shot,128,empirical_channel_lira,16,10,0.61995,0.5921099999999999,0.66209,0.22499999999999998,0.189,0.2875,0.05,0.0145,0.0755,0.07,0.03,0.0755,0.135,0.099,0.20749999999999996
target,MNIST_QNN_zz_r1_d6_s44,leave_target_out,noisy_shot,128,latent_lira_mismatched,16,10,0.62615,0.569965,0.6599800000000001,0.22000000000000003,0.17799999999999994,0.2755,0.015,0.01,0.046499999999999965,0.025,0.01,0.06549999999999999,0.095,0.053500000000000006,0.16099999999999998
target,MNIST_QNN_zz_r1_d6_s44,leave_target_out,noisy_shot,128,loss_mia,0,10,0.5593,0.528075,0.600015,0.19499999999999995,0.14450000000000002,0.251,0.0,0.0,0.020999999999999977,0.01,0.0,0.03,0.060000000000000005,0.02,0.09099999999999998
target,MNIST_QNN_zz_r1_d6_s44,leave_target_out,noisy_shot,128,noise_augmented_lira,16,10,0.6364000000000001,0.599565,0.6887599999999998,0.23500000000000001,0.22,0.3255,0.04,0.0145,0.07,0.065,0.039,0.09549999999999999,0.155,0.1,0.22849999999999993
target,MNIST_QNN_zz_r1_d6_s44,leave_target_out,noisy_shot,512,affine_channel_lira,16,10,0.6446500000000001,0.621715,0.66237,0.265,0.21450000000000002,0.301,0.06,0.0335,0.09099999999999998,0.07500000000000001,0.0545,0.11,0.12,0.10450000000000001,0.1455
target,MNIST_QNN_zz_r1_d6_s44,leave_target_out,noisy_shot,512,deconvolved_lira,16,10,0.6161,0.59059,0.6340100000000001,0.21500000000000005,0.19,0.281,0.035,0.01,0.06649999999999998,0.05,0.03,0.08549999999999999,0.1,0.08,0.14649999999999996
target,MNIST_QNN_zz_r1_d6_s44,leave_target_out,noisy_shot,512,empirical_channel_lira,16,10,0.6474500000000001,0.6189549999999999,0.658035,0.24,0.19999999999999998,0.26,0.06,0.0345,0.09099999999999998,0.09,0.044500000000000005,0.11099999999999997,0.135,0.11,0.181
target,MNIST_QNN_zz_r1_d6_s44,leave_target_out,noisy_shot,512,latent_lira_mismatched,16,10,0.6536,0.63891,0.68118,0.2899999999999999,0.2535,0.33099999999999996,0.045,0.0245,0.06549999999999999,0.07,0.044500000000000005,0.07,0.095,0.08,0.151
target,MNIST_QNN_zz_r1_d6_s44,leave_target_out,noisy_shot,512,loss_mia,0,10,0.5739000000000001,0.56408,0.580725,0.22000000000000003,0.19450000000000006,0.24000000000000005,0.0,0.0,0.0,0.01,0.0,0.04,0.055,0.0245,0.07
target,MNIST_QNN_zz_r1_d6_s44,leave_target_out,noisy_shot,512,noise_augmented_lira,16,10,0.6507499999999999,0.6264749999999999,0.6724,0.26,0.22450000000000003,0.32000000000000006,0.055,0.0345,0.08549999999999999,0.08,0.0435,0.09549999999999999,0.13,0.0835,0.16
target,MNIST_QNN_zz_r1_d6_s45,leave_cell_out,noisy_shot,1024,affine_channel_lira,16,10,0.7235,0.709605,0.7381549999999999,0.36,0.329,0.4,0.02,0.0045000000000000005,0.03,0.03,0.0145,0.04549999999999999,0.22,0.1515,0.2555
target,MNIST_QNN_zz_r1_d6_s45,leave_cell_out,noisy_shot,1024,deconvolved_lira,16,10,0.69635,0.6800750000000001,0.71716,0.31500000000000006,0.3,0.38199999999999995,0.0,0.0,0.005499999999999989,0.06,0.044500000000000005,0.08,0.155,0.11,0.1955
target,MNIST_QNN_zz_r1_d6_s45,leave_cell_out,noisy_shot,1024,empirical_channel_lira,16,10,0.71095,0.6905600000000001,0.7280649999999999,0.32999999999999996,0.28450000000000003,0.36000000000000004,0.035,0.0045000000000000005,0.06,0.07500000000000001,0.05,0.10099999999999998,0.215,0.17900000000000002,0.25649999999999995
target,MNIST_QNN_zz_r1_d6_s45,leave_cell_out,noisy_shot,1024,latent_lira_mismatched,16,10,0.68375,0.6724399999999999,0.705475,0.30000000000000004,0.2745,0.33649999999999997,0.03,0.01,0.04,0.04,0.0245,0.04,0.195,0.15,0.23199999999999996
target,MNIST_QNN_zz_r1_d6_s45,leave_cell_out,noisy_shot,1024,loss_mia,0,10,0.6087,0.59417,0.6278549999999999,0.25,0.2345,0.29550000000000004,0.01,0.0,0.01,0.015,0.01,0.02,0.03,0.02,0.04549999999999999
target,MNIST_QNN_zz_r1_d6_s45,leave_cell_out,noisy_shot,1024,noise_augmented_lira,16,10,0.73525,0.7188349999999999,0.745255,0.38,0.339,0.39,0.015,0.0045000000000000005,0.03,0.04,0.0245,0.056499999999999974,0.235,0.1845,0.27
target,MNIST_QNN_zz_r1_d6_s45,leave_cell_out,noisy_shot,128,affine_channel_lira,16,10,0.6699999999999999,0.6420699999999999,0.7226649999999999,0.28500000000000003,0.2535,0.38849999999999996,0.02,0.01,0.11049999999999988,0.05,0.03,0.12399999999999992,0.18,0.1115,0.22199999999999995
target,MNIST_QNN_zz_r1_d6_s45,leave_cell_out,noisy_shot,128,deconvolved_lira,16,10,0.6129,0.55849,0.6650149999999999,0.21999999999999997,0.1245,0.31,0.0,0.0,0.02,0.035,0.02,0.060999999999999985,0.1,0.048,0.15749999999999995
target,MNIST_QNN_zz_r1_d6_s45,leave_cell_out,noisy_shot,128,empirical_channel_lira,16,10,0.66255,0.634205,0.72122,0.275,0.22350000000000003,0.37849999999999995,0.03,0.0145,0.11399999999999991,0.05,0.0145,0.12299999999999993,0.185,0.159,0.24649999999999997
target,MNIST_QNN_zz_r1_d6_s45,leave_cell_out,noisy_shot,128,latent_lira_mismatched,16,10,0.63225,0.59738,0.66465,0.23,0.18349999999999994,0.2655,0.02,0.0,0.03649999999999997,0.035,0.0145,0.06549999999999999,0.11,0.069,0.14
target,MNIST_QNN_zz_r1_d6_s45,leave_cell_out,noisy_shot,128,loss_mia,0,10,0.5865499999999999,0.56453,0.6293,0.19000000000000006,0.15349999999999997,0.27999999999999997,0.005,0.0,0.01549999999999999,0.01,0.0,0.01549999999999999,0.045,0.0245,0.0755
target,MNIST_QNN_zz_r1_d6_s45,leave_cell_out,noisy_shot,128,noise_augmented_lira,16,10,0.6568499999999999,0.626115,0.71132,0.28,0.20700000000000002,0.36849999999999994,0.03,0.01,0.1049999999999999,0.04,0.019,0.12749999999999995,0.16,0.099,0.18
target,MNIST_QNN_zz_r1_d6_s45,leave_cell_out,noisy_shot,512,affine_channel_lira,16,10,0.70105,0.6880850000000001,0.7404399999999999,0.36,0.3,0.39649999999999996,0.02,0.0045000000000000005,0.04549999999999999,0.05,0.019,0.06549999999999999,0.20500000000000002,0.17450000000000002,0.23
target,MNIST_QNN_zz_r1_d6_s45,leave_cell_out,noisy_shot,512,deconvolved_lira,16,10,0.6690499999999999,0.6294799999999999,0.722765,0.28500000000000003,0.20800000000000005,0.38549999999999995,0.0,0.0,0.02,0.055,0.0245,0.08099999999999997,0.17,0.109,0.22649999999999995
target,MNIST_QNN_zz_r1_d6_s45,leave_cell_out,noisy_shot,512,empirical_channel_lira,16,10,0.6838,0.6655599999999999,0.732445,0.28,0.25,0.3755,0.035,0.01,0.06,0.07,0.039,0.09549999999999999,0.21,0.19,0.271
target,MNIST_QNN_zz_r1_d6_s45,leave_cell_out,noisy_shot,512,latent_lira_mismatched,16,10,0.6779999999999999,0.6514800000000001,0.71076,0.29000000000000004,0.25,0.33649999999999997,0.025,0.0,0.04099999999999998,0.045,0.03,0.060999999999999985,0.185,0.14450000000000002,0.22
target,MNIST_QNN_zz_r1_d6_s45,leave_cell_out,noisy_shot,512,loss_mia,0,10,0.6053999999999999,0.590225,0.62954,0.22999999999999995,0.1945,0.261,0.01,0.0,0.01,0.01,0.01,0.02,0.04,0.0145,0.06549999999999999
target,MNIST_QNN_zz_r1_d6_s45,leave_cell_out,noisy_shot,512,noise_augmented_lira,16,10,0.68485,0.67014,0.72456,0.30000000000000004,0.26899999999999996,0.36000000000000004,0.02,0.0045000000000000005,0.04549999999999999,0.045,0.019,0.06,0.225,0.17900000000000002,0.2455
target,MNIST_QNN_zz_r1_d6_s45,leave_target_out,noisy_shot,1024,affine_channel_lira,16,10,0.7202,0.70747,0.7368149999999999,0.36,0.31450000000000006,0.39549999999999996,0.015,0.0045000000000000005,0.025499999999999988,0.04,0.0145,0.050999999999999976,0.215,0.14800000000000002,0.2729999999999999
target,MNIST_QNN_zz_r1_d6_s45,leave_target_out,noisy_shot,1024,deconvolved_lira,16,10,0.6949000000000001,0.679815,0.71572,0.32,0.29,0.38199999999999995,0.0,0.0,0.005499999999999989,0.07,0.0345,0.08,0.15000000000000002,0.08900000000000001,0.1855
target,MNIST_QNN_zz_r1_d6_s45,leave_target_out,noisy_shot,1024,empirical_channel_lira,16,10,0.7080500000000001,0.684085,0.72795,0.315,0.2635,0.3555,0.035,0.0045000000000000005,0.060999999999999985,0.08,0.044500000000000005,0.1055,0.21,0.17450000000000002,0.2355
target,MNIST_QNN_zz_r1_d6_s45,leave_target_out,noisy_shot,1024,latent_lira_mismatched,16,10,0.68375,0.6724399999999999,0.705475,0.30000000000000004,0.2745,0.33649999999999997,0.03,0.01,0.04,0.04,0.0245,0.04,0.195,0.15,0.23199999999999996
target,MNIST_QNN_zz_r1_d6_s45,leave_target_out,noisy_shot,1024,loss_mia,0,10,0.6087,0.59417,0.6278549999999999,0.25,0.2345,0.29550000000000004,0.01,0.0,0.01,0.015,0.01,0.02,0.03,0.02,0.04549999999999999
target,MNIST_QNN_zz_r1_d6_s45,leave_target_out,noisy_shot,1024,noise_augmented_lira,16,10,0.70385,0.6904599999999999,0.7245849999999999,0.32000000000000006,0.3045,0.3555,0.01,0.0,0.025499999999999988,0.04,0.0145,0.04549999999999999,0.175,0.13,0.241
target,MNIST_QNN_zz_r1_d6_s45,leave_target_out,noisy_shot,128,affine_channel_lira,16,10,0.6669,0.639945,0.72256,0.28500000000000003,0.22800000000000004,0.3894999999999999,0.02,0.01,0.09399999999999992,0.045,0.03,0.10399999999999993,0.17,0.11699999999999999,0.20649999999999996
target,MNIST_QNN_zz_r1_d6_s45,leave_target_out,noisy_shot,128,deconvolved_lira,16,10,0.61415,0.55674,0.6651199999999999,0.235,0.12000000000000002,0.31549999999999995,0.0,0.0,0.02,0.035,0.02,0.07,0.095,0.048,0.151
target,MNIST_QNN_zz_r1_d6_s45,leave_target_out,noisy_shot,128,empirical_channel_lira,16,10,0.6582,0.63162,0.72381,0.26,0.21350000000000002,0.3739999999999999,0.035,0.0045000000000000005,0.11849999999999992,0.05,0.03,0.12299999999999993,0.18,0.129,0.24
target,MNIST_QNN_zz_r1_d6_s45,leave_target_out,noisy_shot,128,latent_lira_mismatched,16,10,0.63225,0.59738,0.66465,0.23,0.18349999999999994,0.2655,0.02,0.0,0.03649999999999997,0.035,0.0145,0.06549999999999999,0.11,0.069,0.14
target,MNIST_QNN_zz_r1_d6_s45,leave_target_out,noisy_shot,128,loss_mia,0,10,0.5865499999999999,0.56453,0.6293,0.19000000000000006,0.15349999999999997,0.27999999999999997,0.005,0.0,0.01549999999999999,0.01,0.0,0.01549999999999999,0.045,0.0245,0.0755
target,MNIST_QNN_zz_r1_d6_s45,leave_target_out,noisy_shot,128,noise_augmented_lira,16,10,0.6449,0.614425,0.706,0.275,0.199,0.3694999999999999,0.025,0.01,0.10749999999999996,0.05,0.0345,0.11849999999999992,0.155,0.1245,0.23849999999999993
target,MNIST_QNN_zz_r1_d6_s45,leave_target_out,noisy_shot,512,affine_channel_lira,16,10,0.6998,0.680735,0.739255,0.3350000000000001,0.2745000000000001,0.39549999999999996,0.01,0.0045000000000000005,0.04,0.05,0.019,0.06549999999999999,0.19,0.16,0.251
target,MNIST_QNN_zz_r1_d6_s45,leave_target_out,noisy_shot,512,deconvolved_lira,16,10,0.6692,0.6270749999999999,0.7203749999999999,0.29000000000000004,0.21700000000000005,0.372,0.0,0.0,0.02,0.06,0.0245,0.08099999999999997,0.15,0.1035,0.2
target,MNIST_QNN_zz_r1_d6_s45,leave_target_out,noisy_shot,512,empirical_channel_lira,16,10,0.68175,0.65727,0.730135,0.29,0.23450000000000001,0.371,0.035,0.01,0.06549999999999999,0.065,0.04,0.1055,0.195,0.17450000000000002,0.251
target,MNIST_QNN_zz_r1_d6_s45,leave_target_out,noisy_shot,512,latent_lira_mismatched,16,10,0.6779999999999999,0.6514800000000001,0.71076,0.29000000000000004,0.25,0.33649999999999997,0.025,0.0,0.04099999999999998,0.045,0.03,0.060999999999999985,0.185,0.14450000000000002,0.22
target,MNIST_QNN_zz_r1_d6_s45,leave_target_out,noisy_shot,512,loss_mia,0,10,0.6053999999999999,0.590225,0.62954,0.22999999999999995,0.1945,0.261,0.01,0.0,0.01,0.01,0.01,0.02,0.04,0.0145,0.06549999999999999
target,MNIST_QNN_zz_r1_d6_s45,leave_target_out,noisy_shot,512,noise_augmented_lira,16,10,0.698,0.6721100000000001,0.730515,0.31000000000000005,0.2745,0.38,0.02,0.0045000000000000005,0.04549999999999999,0.05,0.019,0.07099999999999998,0.185,0.14900000000000002,0.23749999999999993
target,MNIST_QNN_zz_r5_d6_s43,leave_cell_out,noisy_shot,1024,affine_channel_lira,16,10,0.58255,0.546895,0.6063899999999999,0.15000000000000002,0.1345,0.19649999999999998,0.0,0.0,0.01,0.01,0.01,0.01,0.07,0.049,0.10099999999999998
target,MNIST_QNN_zz_r5_d6_s43,leave_cell_out,noisy_shot,1024,deconvolved_lira,16,10,0.5867,0.55376,0.611775,0.165,0.13999999999999996,0.20099999999999996,0.0,0.0,0.0,0.0,0.0,0.005499999999999989,0.065,0.039,0.12649999999999997
target,MNIST_QNN_zz_r5_d6_s43,leave_cell_out,noisy_shot,1024,empirical_channel_lira,16,10,0.60765,0.55731,0.62583,0.19500000000000003,0.14900000000000002,0.23550000000000007,0.01,0.01,0.02,0.025,0.02,0.03549999999999999,0.08,0.05,0.11099999999999997
target,MNIST_QNN_zz_r5_d6_s43,leave_cell_out,noisy_shot,1024,latent_lira_mismatched,16,10,0.594,0.565595,0.6213650000000001,0.19000000000000006,0.14349999999999996,0.22000000000000003,0.0,0.0,0.01,0.005,0.0,0.01,0.06,0.029,0.11649999999999998
target,MNIST_QNN_zz_r5_d6_s43,leave_cell_out,noisy_shot,1024,loss_mia,0,10,0.6181,0.59944,0.63214,0.245,0.20249999999999996,0.28550000000000003,0.0,0.0,0.01,0.0,0.0,0.01549999999999999,0.07500000000000001,0.039,0.14649999999999996
target,MNIST_QNN_zz_r5_d6_s43,leave_cell_out,noisy_shot,1024,noise_augmented_lira,16,10,0.5923499999999999,0.562335,0.61993,0.175,0.15450000000000003,0.21000000000000008,0.0,0.0,0.0,0.01,0.01,0.01,0.05,0.029,0.07099999999999998
target,MNIST_QNN_zz_r5_d6_s43,leave_cell_out,noisy_shot,128,affine_channel_lira,16,10,0.5488999999999999,0.49525,0.6042799999999999,0.13,0.0635,0.20550000000000007,0.01,0.0,0.01549999999999999,0.015,0.01,0.04,0.065,0.044500000000000005,0.09099999999999998
target,MNIST_QNN_zz_r5_d6_s43,leave_cell_out,noisy_shot,128,deconvolved_lira,16,10,0.55865,0.508845,0.6139,0.145,0.08699999999999995,0.23650000000000002,0.0,0.0,0.005499999999999989,0.0,0.0,0.01,0.045,0.02,0.09749999999999995
target,MNIST_QNN_zz_r5_d6_s43,leave_cell_out,noisy_shot,128,empirical_channel_lira,16,10,0.55365,0.509825,0.6230749999999999,0.14,0.08900000000000002,0.251,0.01,0.0045000000000000005,0.02,0.01,0.0045000000000000005,0.03,0.07,0.0345,0.10099999999999998
target,MNIST_QNN_zz_r5_d6_s43,leave_cell_out,noisy_shot,128,latent_lira_mismatched,16,10,0.56505,0.50963,0.6177699999999999,0.155,0.08999999999999998,0.24199999999999994,0.0,0.0,0.01,0.0,0.0,0.01549999999999999,0.055,0.0245,0.08099999999999997
target,MNIST_QNN_zz_r5_d6_s43,leave_cell_out,noisy_shot,128,loss_mia,0,10,0.581,0.5463399999999999,0.62991,0.195,0.14350000000000004,0.261,0.0,0.0,0.01,0.005,0.0,0.03099999999999998,0.055,0.044500000000000005,0.08649999999999998
target,MNIST_QNN_zz_r5_d6_s43,leave_cell_out,noisy_shot,128,noise_augmented_lira,16,10,0.55165,0.50027,0.609625,0.12499999999999999,0.09349999999999997,0.21099999999999997,0.01,0.0,0.02,0.01,0.01,0.03549999999999999,0.060000000000000005,0.0345,0.09649999999999997
target,MNIST_QNN_zz_r5_d6_s43,leave_cell_out,noisy_shot,512,affine_channel_lira,16,10,0.5652,0.5322100000000001,0.615495,0.14499999999999996,0.09800000000000003,0.20650000000000004,0.0,0.0,0.01,0.01,0.01,0.01549999999999999,0.08,0.04,0.1
target,MNIST_QNN_zz_r5_d6_s43,leave_cell_out,noisy_shot,512,deconvolved_lira,16,10,0.57525,0.538335,0.6207750000000001,0.15500000000000003,0.11349999999999999,0.20000000000000004,0.0,0.0,0.0,0.0,0.0,0.016499999999999966,0.065,0.029,0.10649999999999997
target,MNIST_QNN_zz_r5_d6_s43,leave_cell_out,noisy_shot,512,empirical_channel_lira,16,10,0.5844,0.5455599999999999,0.628105,0.19,0.139,0.23849999999999996,0.01,0.01,0.02,0.02,0.01,0.046499999999999965,0.095,0.0645,0.16
target,MNIST_QNN_zz_r5_d6_s43,leave_cell_out,noisy_shot,512,latent_lira_mismatched,16,10,0.5744,0.545095,0.62317,0.17000000000000004,0.10699999999999998,0.211,0.0,0.0,0.0,0.005,0.0,0.020999999999999977,0.08,0.06,0.1
target,MNIST_QNN_zz_r5_d6_s43,leave_cell_out,noisy_shot,512,loss_mia,0,10,0.6072,0.585925,0.640315,0.2300000000000001,0.1935,0.27649999999999997,0.0,0.0,0.01549999999999999,0.01,0.0,0.02,0.07,0.0245,0.11
target,MNIST_QNN_zz_r5_d6_s43,leave_cell_out,noisy_shot,512,noise_augmented_lira,16,10,0.5722,0.5443,0.62832,0.16500000000000004,0.11449999999999999,0.21100000000000005,0.01,0.0,0.01,0.01,0.01,0.01549999999999999,0.055,0.04,0.08549999999999999
target,MNIST_QNN_zz_r5_d6_s43,leave_target_out,noisy_shot,1024,affine_channel_lira,16,10,0.5630999999999999,0.5371750000000001,0.5978049999999999,0.16000000000000003,0.13,0.18550000000000005,0.0,0.0,0.010999999999999979,0.01,0.01,0.02,0.09,0.0545,0.1055
target,MNIST_QNN_zz_r5_d6_s43,leave_target_out,noisy_shot,1024,deconvolved_lira,16,10,0.5598000000000001,0.52465,0.5910949999999999,0.14,0.11449999999999999,0.19749999999999995,0.0,0.0,0.0,0.0,0.0,0.0,0.06,0.03,0.09549999999999999
target,MNIST_QNN_zz_r5_d6_s43,leave_target_out,noisy_shot,1024,empirical_channel_lira,16,10,0.5902499999999999,0.5508350000000001,0.61714,0.18,0.129,0.2055,0.01,0.01,0.025499999999999988,0.02,0.0145,0.04,0.095,0.07,0.11099999999999997
target,MNIST_QNN_zz_r5_d6_s43,leave_target_out,noisy_shot,1024,latent_lira_mismatched,16,10,0.594,0.565595,0.6213650000000001,0.19000000000000006,0.14349999999999996,0.22000000000000003,0.0,0.0,0.01,0.005,0.0,0.01,0.06,0.029,0.11649999999999998
target,MNIST_QNN_zz_r5_d6_s43,leave_target_out,noisy_shot,1024,loss_mia,0,10,0.6181,0.59944,0.63214,0.245,0.20249999999999996,0.28550000000000003,0.0,0.0,0.01,0.0,0.0,0.01549999999999999,0.07500000000000001,0.039,0.14649999999999996
target,MNIST_QNN_zz_r5_d6_s43,leave_target_out,noisy_shot,1024,noise_augmented_lira,16,10,0.57395,0.54456,0.60778,0.175,0.129,0.21550000000000008,0.01,0.0,0.01,0.01,0.01,0.02,0.09,0.044500000000000005,0.12099999999999998
target,MNIST_QNN_zz_r5_d6_s43,leave_target_out,noisy_shot,128,affine_channel_lira,16,10,0.55365,0.49831000000000003,0.60182,0.11500000000000005,0.07450000000000001,0.19,0.01,0.0,0.03099999999999998,0.025,0.01,0.04549999999999999,0.07500000000000001,0.04,0.09549999999999999
target,MNIST_QNN_zz_r5_d6_s43,leave_target_out,noisy_shot,128,deconvolved_lira,16,10,0.53455,0.49330499999999994,0.592785,0.12000000000000001,0.07349999999999995,0.191,0.0,0.0,0.0,0.0,0.0,0.01,0.06,0.03,0.12949999999999992
target,MNIST_QNN_zz_r5_d6_s43,leave_target_out,noisy_shot,128,empirical_channel_lira,16,10,0.5625,0.514255,0.6207199999999999,0.155,0.09999999999999998,0.22,0.01,0.0,0.025499999999999988,0.015,0.0045000000000000005,0.05,0.06,0.049,0.11099999999999997
target,MNIST_QNN_zz_r5_d6_s43,leave_target_out,noisy_shot,128,latent_lira_mismatched,16,10,0.56505,0.50963,0.6177699999999999,0.155,0.08999999999999998,0.24199999999999994,0.0,0.0,0.01,0.0,0.0,0.01549999999999999,0.055,0.0245,0.08099999999999997
target,MNIST_QNN_zz_r5_d6_s43,leave_target_out,noisy_shot,128,loss_mia,0,10,0.581,0.5463399999999999,0.62991,0.195,0.14350000000000004,0.261,0.0,0.0,0.01,0.005,0.0,0.03099999999999998,0.055,0.044500000000000005,0.08649999999999998
target,MNIST_QNN_zz_r5_d6_s43,leave_target_out,noisy_shot,128,noise_augmented_lira,16,10,0.5646,0.5119199999999999,0.61242,0.14,0.12,0.22999999999999998,0.015,0.0045000000000000005,0.04,0.03,0.01,0.04549999999999999,0.07,0.05,0.1
target,MNIST_QNN_zz_r5_d6_s43,leave_target_out,noisy_shot,512,affine_channel_lira,16,10,0.5735,0.52791,0.61689,0.15500000000000003,0.10450000000000004,0.22549999999999998,0.01,0.0,0.01549999999999999,0.015,0.01,0.03,0.07500000000000001,0.05,0.10099999999999998
target,MNIST_QNN_zz_r5_d6_s43,leave_target_out,noisy_shot,512,deconvolved_lira,16,10,0.56945,0.5136449999999999,0.6096750000000001,0.14500000000000002,0.10900000000000004,0.21000000000000005,0.0,0.0,0.0,0.0,0.0,0.010999999999999979,0.07500000000000001,0.0245,0.11099999999999997
target,MNIST_QNN_zz_r5_d6_s43,leave_target_out,noisy_shot,512,empirical_channel_lira,16,10,0.5847,0.55084,0.63075,0.18,0.12449999999999994,0.221,0.01,0.01,0.02,0.02,0.01,0.03,0.08,0.049,0.11099999999999997
target,MNIST_QNN_zz_r5_d6_s43,leave_target_out,noisy_shot,512,latent_lira_mismatched,16,10,0.5744,0.545095,0.62317,0.17000000000000004,0.10699999999999998,0.211,0.0,0.0,0.0,0.005,0.0,0.020999999999999977,0.08,0.06,0.1
target,MNIST_QNN_zz_r5_d6_s43,leave_target_out,noisy_shot,512,loss_mia,0,10,0.6072,0.585925,0.640315,0.2300000000000001,0.1935,0.27649999999999997,0.0,0.0,0.01549999999999999,0.01,0.0,0.02,0.07,0.0245,0.11
target,MNIST_QNN_zz_r5_d6_s43,leave_target_out,noisy_shot,512,noise_augmented_lira,16,10,0.5689,0.536285,0.630455,0.165,0.12,0.22199999999999998,0.0,0.0,0.005499999999999989,0.015,0.01,0.05549999999999999,0.08,0.05,0.1
target,MNIST_QNN_zz_r5_d6_s44,leave_cell_out,noisy_shot,1024,affine_channel_lira,16,10,0.6396999999999999,0.618835,0.65438,0.23000000000000004,0.18900000000000003,0.2555,0.01,0.01,0.01,0.01,0.01,0.02,0.15,0.13,0.17649999999999996
target,MNIST_QNN_zz_r5_d6_s44,leave_cell_out,noisy_shot,1024,deconvolved_lira,16,10,0.6312,0.60944,0.647265,0.21999999999999997,0.17900000000000002,0.26,0.005,0.0,0.01,0.01,0.0045000000000000005,0.020999999999999977,0.135,0.12,0.15
target,MNIST_QNN_zz_r5_d6_s44,leave_cell_out,noisy_shot,1024,empirical_channel_lira,16,10,0.6661,0.634775,0.6786199999999999,0.31,0.2445,0.32549999999999996,0.01,0.01,0.02,0.015,0.01,0.025499999999999988,0.11,0.0435,0.151
target,MNIST_QNN_zz_r5_d6_s44,leave_cell_out,noisy_shot,1024,latent_lira_mismatched,16,10,0.6396,0.62597,0.661085,0.25,0.219,0.26549999999999996,0.01,0.01,0.01,0.01,0.01,0.01549999999999999,0.135,0.10450000000000001,0.15
target,MNIST_QNN_zz_r5_d6_s44,leave_cell_out,noisy_shot,1024,loss_mia,0,10,0.6732,0.667515,0.688225,0.295,0.26,0.33,0.0,0.0,0.0,0.01,0.0,0.03,0.11499999999999999,0.09,0.16
target,MNIST_QNN_zz_r5_d6_s44,leave_cell_out,noisy_shot,1024,noise_augmented_lira,16,10,0.6527999999999999,0.6342599999999999,0.67043,0.26,0.22350000000000003,0.2984999999999999,0.01,0.01,0.01,0.01,0.01,0.04099999999999998,0.15,0.1245,0.2155
target,MNIST_QNN_zz_r5_d6_s44,leave_cell_out,noisy_shot,128,affine_channel_lira,16,10,0.6192500000000001,0.58416,0.6584949999999999,0.21000000000000002,0.16999999999999996,0.261,0.01,0.0,0.04099999999999998,0.025,0.0045000000000000005,0.05549999999999999,0.12,0.08900000000000001,0.16
target,MNIST_QNN_zz_r5_d6_s44,leave_cell_out,noisy_shot,128,deconvolved_lira,16,10,0.6128499999999999,0.564265,0.64791,0.195,0.129,0.2555,0.0,0.0,0.005499999999999989,0.015,0.0,0.060999999999999985,0.1,0.07450000000000001,0.16299999999999995
target,MNIST_QNN_zz_r5_d6_s44,leave_cell_out,noisy_shot,128,empirical_channel_lira,16,10,0.6320000000000001,0.595545,0.671465,0.22500000000000006,0.16449999999999998,0.292,0.02,0.0,0.03549999999999999,0.025,0.0045000000000000005,0.04549999999999999,0.125,0.0735,0.1655
target,MNIST_QNN_zz_r5_d6_s44,leave_cell_out,noisy_shot,128,latent_lira_mismatched,16,10,0.6255999999999999,0.5852799999999999,0.6517550000000001,0.235,0.17350000000000002,0.27,0.0,0.0,0.01,0.01,0.0,0.020999999999999977,0.10500000000000001,0.0645,0.17099999999999999
target,MNIST_QNN_zz_r5_d6_s44,leave_cell_out,noisy_shot,128,loss_mia,0,10,0.6456500000000001,0.61644,0.66962,0.265,0.198,0.31999999999999995,0.0,0.0,0.01549999999999999,0.015,0.0,0.0794999999999999,0.10500000000000001,0.04,0.1739999999999999
target,MNIST_QNN_zz_r5_d6_s44,leave_cell_out,noisy_shot,128,noise_augmented_lira,16,10,0.6255999999999999,0.5854050000000001,0.66072,0.22499999999999998,0.16250000000000003,0.2765,0.01,0.0,0.03,0.02,0.0045000000000000005,0.04,0.10500000000000001,0.079,0.13099999999999998
target,MNIST_QNN_zz_r5_d6_s44,leave_cell_out,noisy_shot,512,affine_channel_lira,16,10,0.6387,0.61755,0.654525,0.23000000000000004,0.2045,0.2555,0.01,0.01,0.02,0.01,0.01,0.02,0.16999999999999998,0.11800000000000001,0.22099999999999997
target,MNIST_QNN_zz_r5_d6_s44,leave_cell_out,noisy_shot,512,deconvolved_lira,16,10,0.62395,0.605395,0.645155,0.21500000000000002,0.1745,0.23550000000000004,0.01,0.0,0.01,0.01,0.0,0.02,0.17,0.11,0.18
target,MNIST_QNN_zz_r5_d6_s44,leave_cell_out,noisy_shot,512,empirical_channel_lira,16,10,0.6623,0.63895,0.6852149999999999,0.28,0.22800000000000004,0.31,0.01,0.01,0.025499999999999988,0.02,0.01,0.03,0.125,0.0735,0.181
target,MNIST_QNN_zz_r5_d6_s44,leave_cell_out,noisy_shot,512,latent_lira_mismatched,16,10,0.6419,0.61293,0.65242,0.24,0.19350000000000003,0.27,0.01,0.01,0.01,0.01,0.01,0.01549999999999999,0.15,0.108,0.181
target,MNIST_QNN_zz_r5_d6_s44,leave_cell_out,noisy_shot,512,loss_mia,0,10,0.6719999999999999,0.6552250000000001,0.6985899999999999,0.27499999999999997,0.25450000000000006,0.36100000000000004,0.0,0.0,0.01,0.01,0.0045000000000000005,0.04549999999999999,0.10500000000000001,0.07450000000000001,0.1555
target,MNIST_QNN_zz_r5_d6_s44,leave_cell_out,noisy_shot,512,noise_augmented_lira,16,10,0.6509499999999999,0.632335,0.6654,0.24999999999999997,0.22,0.2655,0.01,0.01,0.02,0.015,0.01,0.025499999999999988,0.21000000000000002,0.1245,0.24
target,MNIST_QNN_zz_r5_d6_s44,leave_target_out,noisy_shot,1024,affine_channel_lira,16,10,0.6296499999999999,0.6000099999999999,0.64179,0.19999999999999998,0.16449999999999998,0.261,0.01,0.01,0.02,0.02,0.01,0.04549999999999999,0.14,0.12,0.1655
target,MNIST_QNN_zz_r5_d6_s44,leave_target_out,noisy_shot,1024,deconvolved_lira,16,10,0.6112,0.575555,0.6255,0.195,0.15,0.2255,0.0,0.0,0.01,0.015,0.0,0.046499999999999965,0.12,0.08,0.151
target,MNIST_QNN_zz_r5_d6_s44,leave_target_out,noisy_shot,1024,empirical_channel_lira,16,10,0.6456500000000001,0.62029,0.6581600000000001,0.25,0.20350000000000004,0.30100000000000005,0.02,0.02,0.03,0.03,0.02,0.06649999999999998,0.125,0.0835,0.1455
target,MNIST_QNN_zz_r5_d6_s44,leave_target_out,noisy_shot,1024,latent_lira_mismatched,16,10,0.6396,0.62597,0.661085,0.25,0.219,0.26549999999999996,0.01,0.01,0.01,0.01,0.01,0.01549999999999999,0.135,0.10450000000000001,0.15
target,MNIST_QNN_zz_r5_d6_s44,leave_target_out,noisy_shot,1024,loss_mia,0,10,0.6732,0.667515,0.688225,0.295,0.26,0.33,0.0,0.0,0.0,0.01,0.0,0.03,0.11499999999999999,0.09,0.16
target,MNIST_QNN_zz_r5_d6_s44,leave_target_out,noisy_shot,1024,noise_augmented_lira,16,10,0.6374500000000001,0.6112700000000001,0.650515,0.23000000000000004,0.19799999999999995,0.31649999999999995,0.01,0.01,0.02,0.025,0.0145,0.08649999999999998,0.14,0.12,0.1655
target,MNIST_QNN_zz_r5_d6_s44,leave_target_out,noisy_shot,128,affine_channel_lira,16,10,0.6212,0.588425,0.658435,0.21999999999999997,0.1525,0.27549999999999997,0.02,0.0,0.06199999999999996,0.035,0.02,0.06649999999999998,0.15,0.1,0.17099999999999999
target,MNIST_QNN_zz_r5_d6_s44,leave_target_out,noisy_shot,128,deconvolved_lira,16,10,0.6053999999999999,0.55431,0.62301,0.18999999999999997,0.12450000000000004,0.22549999999999998,0.0,0.0,0.020999999999999977,0.03,0.0,0.09099999999999998,0.13,0.0845,0.1755
target,MNIST_QNN_zz_r5_d6_s44,leave_target_out,noisy_shot,128,empirical_channel_lira,16,10,0.6354500000000001,0.602005,0.671355,0.23000000000000004,0.18999999999999997,0.27999999999999997,0.02,0.0,0.06649999999999998,0.03,0.0145,0.06649999999999998,0.14,0.098,0.15
target,MNIST_QNN_zz_r5_d6_s44,leave_target_out,noisy_shot,128,latent_lira_mismatched,16,10,0.6255999999999999,0.5852799999999999,0.6517550000000001,0.235,0.17350000000000002,0.27,0.0,0.0,0.01,0.01,0.0,0.020999999999999977,0.10500000000000001,0.0645,0.17099999999999999
target,MNIST_QNN_zz_r5_d6_s44,leave_target_out,noisy_shot,128,loss_mia,0,10,0.6456500000000001,0.61644,0.66962,0.265,0.198,0.31999999999999995,0.0,0.0,0.01549999999999999,0.015,0.0,0.0794999999999999,0.10500000000000001,0.04,0.1739999999999999
target,MNIST_QNN_zz_r5_d6_s44,leave_target_out,noisy_shot,128,noise_augmented_lira,16,10,0.62625,0.57771,0.65652,0.23000000000000004,0.1335,0.27549999999999997,0.01,0.0,0.04549999999999999,0.03,0.0045000000000000005,0.060999999999999985,0.125,0.10450000000000001,0.15
target,MNIST_QNN_zz_r5_d6_s44,leave_target_out,noisy_shot,512,affine_channel_lira,16,10,0.6286499999999999,0.610645,0.647815,0.21999999999999997,0.1945,0.251,0.02,0.01,0.04099999999999998,0.02,0.0145,0.06649999999999998,0.15,0.0935,0.1755
target,MNIST_QNN_zz_r5_d6_s44,leave_target_out,noisy_shot,512,deconvolved_lira,16,10,0.60035,0.5783,0.622995,0.18999999999999995,0.13450000000000004,0.211,0.0,0.0,0.01549999999999999,0.015,0.0,0.06749999999999995,0.14,0.10450000000000001,0.17099999999999999
target,MNIST_QNN_zz_r5_d6_s44,leave_target_out,noisy_shot,512,empirical_channel_lira,16,10,0.6456999999999999,0.633705,0.6737650000000001,0.245,0.23,0.281,0.03,0.0145,0.04,0.04,0.0245,0.07749999999999996,0.13,0.0925,0.17
target,MNIST_QNN_zz_r5_d6_s44,leave_target_out,noisy_shot,512,latent_lira_mismatched,16,10,0.6419,0.61293,0.65242,0.24,0.19350000000000003,0.27,0.01,0.01,0.01,0.01,0.01,0.01549999999999999,0.15,0.108,0.181
target,MNIST_QNN_zz_r5_d6_s44,leave_target_out,noisy_shot,512,loss_mia,0,10,0.6719999999999999,0.6552250000000001,0.6985899999999999,0.27499999999999997,0.25450000000000006,0.36100000000000004,0.0,0.0,0.01,0.01,0.0045000000000000005,0.04549999999999999,0.10500000000000001,0.07450000000000001,0.1555
target,MNIST_QNN_zz_r5_d6_s44,leave_target_out,noisy_shot,512,noise_augmented_lira,16,10,0.6499,0.64086,0.676035,0.265,0.23900000000000005,0.28,0.02,0.01,0.04,0.03,0.02,0.08649999999999998,0.15,0.11900000000000001,0.20299999999999996
target,MNIST_QNN_zz_r5_d6_s45,leave_cell_out,noisy_shot,1024,affine_channel_lira,16,10,0.6771999999999999,0.6607299999999999,0.6967,0.29500000000000004,0.2545,0.3465,0.02,0.01,0.03099999999999998,0.035,0.02,0.04549999999999999,0.16499999999999998,0.1,0.20099999999999998
target,MNIST_QNN_zz_r5_d6_s45,leave_cell_out,noisy_shot,1024,deconvolved_lira,16,10,0.6715,0.65804,0.69828,0.27999999999999997,0.2445,0.35000000000000003,0.01,0.0,0.025499999999999988,0.03,0.02,0.04549999999999999,0.11499999999999999,0.10450000000000001,0.1955
target,MNIST_QNN_zz_r5_d6_s45,leave_cell_out,noisy_shot,1024,empirical_channel_lira,16,10,0.6763,0.645895,0.7081999999999999,0.29000000000000004,0.2525,0.3555,0.01,0.0,0.04,0.04,0.0045000000000000005,0.05,0.13,0.087,0.16649999999999995
target,MNIST_QNN_zz_r5_d6_s45,leave_cell_out,noisy_shot,1024,latent_lira_mismatched,16,10,0.6646000000000001,0.657645,0.686445,0.275,0.259,0.31649999999999995,0.01,0.0045000000000000005,0.01549999999999999,0.02,0.02,0.05549999999999999,0.13,0.08800000000000001,0.1955
target,MNIST_QNN_zz_r5_d6_s45,leave_cell_out,noisy_shot,1024,loss_mia,0,10,0.67695,0.6622250000000001,0.6902550000000001,0.31,0.2899999999999999,0.36100000000000004,0.0,0.0,0.01549999999999999,0.015,0.0045000000000000005,0.025499999999999988,0.12,0.07450000000000001,0.14649999999999996
target,MNIST_QNN_zz_r5_d6_s45,leave_cell_out,noisy_shot,1024,noise_augmented_lira,16,10,0.6857,0.66658,0.71012,0.31999999999999995,0.25250000000000006,0.3665,0.02,0.01,0.04099999999999998,0.045,0.03,0.06,0.155,0.11900000000000001,0.2055
target,MNIST_QNN_zz_r5_d6_s45,leave_cell_out,noisy_shot,128,affine_channel_lira,16,10,0.62825,0.600885,0.6740099999999999,0.255,0.1945,0.2855,0.03,0.0,0.09199999999999996,0.05,0.0245,0.12099999999999998,0.12,0.0845,0.2349999999999999
target,MNIST_QNN_zz_r5_d6_s45,leave_cell_out,noisy_shot,128,deconvolved_lira,16,10,0.61965,0.60264,0.64855,0.225,0.19350000000000003,0.24550000000000002,0.01,0.0,0.03549999999999999,0.035,0.01,0.10849999999999993,0.10500000000000001,0.04,0.141
target,MNIST_QNN_zz_r5_d6_s45,leave_cell_out,noisy_shot,128,empirical_channel_lira,16,10,0.6297000000000001,0.603735,0.666295,0.23999999999999996,0.21999999999999997,0.28,0.02,0.0045000000000000005,0.06299999999999993,0.045,0.0345,0.09649999999999997,0.11499999999999999,0.069,0.18199999999999997
target,MNIST_QNN_zz_r5_d6_s45,leave_cell_out,noisy_shot,128,latent_lira_mismatched,16,10,0.631,0.59259,0.673025,0.23000000000000004,0.16799999999999995,0.30199999999999994,0.005,0.0,0.03099999999999998,0.035,0.01,0.12299999999999993,0.1,0.0335,0.19649999999999995
target,MNIST_QNN_zz_r5_d6_s45,leave_cell_out,noisy_shot,128,loss_mia,0,10,0.633,0.60119,0.69332,0.23000000000000004,0.189,0.3239999999999999,0.025,0.0,0.05,0.045,0.0145,0.08549999999999999,0.1,0.052500000000000005,0.1455
target,MNIST_QNN_zz_r5_d6_s45,leave_cell_out,noisy_shot,128,noise_augmented_lira,16,10,0.63375,0.5986100000000001,0.674675,0.245,0.19450000000000003,0.28,0.03,0.0,0.08549999999999999,0.055,0.03,0.11099999999999997,0.11499999999999999,0.0635,0.2094999999999999
target,MNIST_QNN_zz_r5_d6_s45,leave_cell_out,noisy_shot,512,affine_channel_lira,16,10,0.66875,0.64435,0.67712,0.285,0.23450000000000001,0.30000000000000004,0.015,0.01,0.03,0.03,0.01,0.12199999999999997,0.13,0.079,0.19199999999999995
target,MNIST_QNN_zz_r5_d6_s45,leave_cell_out,noisy_shot,512,deconvolved_lira,16,10,0.667,0.642775,0.6770599999999999,0.285,0.23900000000000002,0.31,0.01,0.0045000000000000005,0.03099999999999998,0.025,0.01,0.06649999999999998,0.13,0.077,0.17099999999999999
target,MNIST_QNN_zz_r5_d6_s45,leave_cell_out,noisy_shot,512,empirical_channel_lira,16,10,0.66245,0.6542749999999999,0.69121,0.29000000000000004,0.2745,0.32649999999999996,0.03,0.01,0.05549999999999999,0.035,0.03,0.08749999999999994,0.135,0.08900000000000001,0.181
target,MNIST_QNN_zz_r5_d6_s45,leave_cell_out,noisy_shot,512,latent_lira_mismatched,16,10,0.66095,0.6359,0.6824,0.28,0.23450000000000001,0.31649999999999995,0.01,0.0,0.02,0.015,0.0045000000000000005,0.0755,0.11499999999999999,0.056999999999999995,0.15
target,MNIST_QNN_zz_r5_d6_s45,leave_cell_out,noisy_shot,512,loss_mia,0,10,0.6695,0.651355,0.6818299999999999,0.31500000000000006,0.28900000000000003,0.3455,0.0,0.0,0.020999999999999977,0.02,0.0045000000000000005,0.04,0.11499999999999999,0.0945,0.15649999999999997
target,MNIST_QNN_zz_r5_d6_s45,leave_cell_out,noisy_shot,512,noise_augmented_lira,16,10,0.6721000000000001,0.64857,0.681265,0.295,0.269,0.30000000000000004,0.02,0.0,0.03549999999999999,0.06,0.0345,0.11099999999999997,0.13,0.0945,0.16649999999999995
target,MNIST_QNN_zz_r5_d6_s45,leave_target_out,noisy_shot,1024,affine_channel_lira,16,10,0.66795,0.650315,0.6890350000000001,0.27,0.23900000000000005,0.3455,0.025,0.01,0.07099999999999998,0.045,0.0345,0.09199999999999996,0.16999999999999998,0.1345,0.2355
target,MNIST_QNN_zz_r5_d6_s45,leave_target_out,noisy_shot,1024,deconvolved_lira,16,10,0.6565000000000001,0.644125,0.682285,0.245,0.21999999999999997,0.3055,0.02,0.0145,0.060999999999999985,0.06,0.02,0.09,0.135,0.11,0.211
target,MNIST_QNN_zz_r5_d6_s45,leave_target_out,noisy_shot,1024,empirical_channel_lira,16,10,0.6693,0.646595,0.687555,0.275,0.24350000000000005,0.34,0.02,0.0,0.04,0.045,0.03,0.07099999999999998,0.13,0.08900000000000001,0.1555
target,MNIST_QNN_zz_r5_d6_s45,leave_target_out,noisy_shot,1024,latent_lira_mismatched,16,10,0.6646000000000001,0.657645,0.686445,0.275,0.259,0.31649999999999995,0.01,0.0045000000000000005,0.01549999999999999,0.02,0.02,0.05549999999999999,0.13,0.08800000000000001,0.1955
target,MNIST_QNN_zz_r5_d6_s45,leave_target_out,noisy_shot,1024,loss_mia,0,10,0.67695,0.6622250000000001,0.6902550000000001,0.31,0.2899999999999999,0.36100000000000004,0.0,0.0,0.01549999999999999,0.015,0.0045000000000000005,0.025499999999999988,0.12,0.07450000000000001,0.14649999999999996
target,MNIST_QNN_zz_r5_d6_s45,leave_target_out,noisy_shot,1024,noise_augmented_lira,16,10,0.6833,0.661555,0.7027749999999999,0.28,0.2635,0.33649999999999997,0.06,0.0345,0.08549999999999999,0.07,0.0545,0.11199999999999996,0.165,0.14450000000000002,0.261
target,MNIST_QNN_zz_r5_d6_s45,leave_target_out,noisy_shot,128,affine_channel_lira,16,10,0.6327,0.60249,0.6658449999999999,0.23500000000000004,0.1835,0.2755,0.035,0.0045000000000000005,0.09549999999999999,0.055,0.0245,0.11549999999999999,0.125,0.0845,0.23749999999999993
target,MNIST_QNN_zz_r5_d6_s45,leave_target_out,noisy_shot,128,deconvolved_lira,16,10,0.6125,0.5885900000000001,0.6239699999999999,0.21,0.19449999999999998,0.2555,0.01,0.0,0.06199999999999996,0.03,0.0045000000000000005,0.09649999999999997,0.10500000000000001,0.07,0.18749999999999994
target,MNIST_QNN_zz_r5_d6_s45,leave_target_out,noisy_shot,128,empirical_channel_lira,16,10,0.63655,0.604675,0.666935,0.245,0.22449999999999998,0.2755,0.025,0.0045000000000000005,0.06849999999999992,0.035,0.0245,0.11749999999999995,0.12,0.0645,0.21049999999999988
target,MNIST_QNN_zz_r5_d6_s45,leave_target_out,noisy_shot,128,latent_lira_mismatched,16,10,0.631,0.59259,0.673025,0.23000000000000004,0.16799999999999995,0.30199999999999994,0.005,0.0,0.03099999999999998,0.035,0.01,0.12299999999999993,0.1,0.0335,0.19649999999999995
target,MNIST_QNN_zz_r5_d6_s45,leave_target_out,noisy_shot,128,loss_mia,0,10,0.633,0.60119,0.69332,0.23000000000000004,0.189,0.3239999999999999,0.025,0.0,0.05,0.045,0.0145,0.08549999999999999,0.1,0.052500000000000005,0.1455
target,MNIST_QNN_zz_r5_d6_s45,leave_target_out,noisy_shot,128,noise_augmented_lira,16,10,0.63265,0.6003299999999999,0.680905,0.245,0.179,0.322,0.03,0.0045000000000000005,0.0755,0.05,0.029,0.11299999999999995,0.1,0.0545,0.2204999999999999
target,MNIST_QNN_zz_r5_d6_s45,leave_target_out,noisy_shot,512,affine_channel_lira,16,10,0.66185,0.63956,0.67517,0.27,0.21449999999999997,0.30550000000000005,0.025,0.02,0.09199999999999996,0.060000000000000005,0.03,0.12749999999999995,0.15,0.11900000000000001,0.22649999999999995
target,MNIST_QNN_zz_r5_d6_s45,leave_target_out,noisy_shot,512,deconvolved_lira,16,10,0.6487,0.63252,0.668385,0.255,0.21449999999999997,0.311,0.04,0.01,0.05549999999999999,0.05,0.0345,0.10649999999999997,0.135,0.10450000000000001,0.1555
target,MNIST_QNN_zz_r5_d6_s45,leave_target_out,noisy_shot,512,empirical_channel_lira,16,10,0.66395,0.6402,0.676835,0.29000000000000004,0.2335,0.32000000000000006,0.03,0.0145,0.04549999999999999,0.04,0.0245,0.1,0.12,0.07450000000000001,0.20099999999999998
target,MNIST_QNN_zz_r5_d6_s45,leave_target_out,noisy_shot,512,latent_lira_mismatched,16,10,0.66095,0.6359,0.6824,0.28,0.23450000000000001,0.31649999999999995,0.01,0.0,0.02,0.015,0.0045000000000000005,0.0755,0.11499999999999999,0.056999999999999995,0.15
target,MNIST_QNN_zz_r5_d6_s45,leave_target_out,noisy_shot,512,loss_mia,0,10,0.6695,0.651355,0.6818299999999999,0.31500000000000006,0.28900000000000003,0.3455,0.0,0.0,0.020999999999999977,0.02,0.0045000000000000005,0.04,0.11499999999999999,0.0945,0.15649999999999997
target,MNIST_QNN_zz_r5_d6_s45,leave_target_out,noisy_shot,512,noise_augmented_lira,16,10,0.6708500000000001,0.6442200000000001,0.69085,0.28500000000000003,0.24900000000000003,0.3255,0.03,0.01,0.08649999999999998,0.060000000000000005,0.03,0.09649999999999997,0.135,0.10450000000000001,0.21199999999999997
