target_id,mode,shots,simulator_seed,transpiler_seed,backend_name,noise_model_loaded,quantum_execution_scope,metric_scope,metric_name,value
MNIST_QNN_eff_su2_r5_d2_s44,exact,0,-1,2026,none,False,exact_full_model,train,target_accuracy,0.8600000143051147
MNIST_QNN_eff_su2_r5_d2_s44,exact,0,-1,2026,none,False,exact_full_model,train,target_loss,0.3480253517627716
MNIST_QNN_eff_su2_r5_d2_s44,exact,0,-1,2026,none,False,exact_full_model,train,n_records,100.0
MNIST_QNN_eff_su2_r5_d2_s44,exact,0,-1,2026,none,False,exact_full_model,test,target_accuracy,0.7900000214576721
MNIST_QNN_eff_su2_r5_d2_s44,exact,0,-1,2026,none,False,exact_full_model,test,target_loss,0.6353986263275146
MNIST_QNN_eff_su2_r5_d2_s44,exact,0,-1,2026,none,False,exact_full_model,test,n_records,100.0
MNIST_QNN_eff_su2_r5_d2_s44,exact,0,-1,2026,none,False,exact_full_model,membership,loss_auc,0.569
MNIST_QNN_eff_su2_r5_d2_s44,exact,0,-1,2026,none,False,exact_full_model,membership,entropy_auc,0.5238999999999999
MNIST_QNN_eff_su2_r5_d2_s44,exact,0,-1,2026,none,False,exact_full_model,membership,confidence_auc,0.5185
MNIST_QNN_eff_su2_r5_d2_s44,exact,0,-1,2026,none,False,exact_full_model,membership,margin_auc,0.5149
MNIST_QNN_eff_su2_r5_d2_s44,exact,0,-1,2026,none,False,exact_full_model,membership,correctness_auc,0.5349999999999999
MNIST_QNN_eff_su2_r5_d2_s44,exact,0,-1,2026,none,False,exact_full_model,membership,max_probability_auc,0.5185
MNIST_QNN_eff_su2_r5_d2_s44,exact,0,-1,2026,none,False,exact_full_model,target,generalization_gap_accuracy,0.06999999284744263
MNIST_QNN_eff_su2_r5_d2_s44,ideal_shot,128,0,2026,ibm_kingston,False,full_main_quantum_stack,train,target_accuracy,0.7099999785423279
MNIST_QNN_eff_su2_r5_d2_s44,ideal_shot,128,0,2026,ibm_kingston,False,full_main_quantum_stack,train,target_loss,0.5711516737937927
MNIST_QNN_eff_su2_r5_d2_s44,ideal_shot,128,0,2026,ibm_kingston,False,full_main_quantum_stack,train,n_records,100.0
MNIST_QNN_eff_su2_r5_d2_s44,ideal_shot,128,0,2026,ibm_kingston,False,full_main_quantum_stack,test,target_accuracy,0.699999988079071
MNIST_QNN_eff_su2_r5_d2_s44,ideal_shot,128,0,2026,ibm_kingston,False,full_main_quantum_stack,test,target_loss,0.8138076663017273
MNIST_QNN_eff_su2_r5_d2_s44,ideal_shot,128,0,2026,ibm_kingston,False,full_main_quantum_stack,test,n_records,100.0
MNIST_QNN_eff_su2_r5_d2_s44,ideal_shot,128,0,2026,ibm_kingston,False,full_main_quantum_stack,membership,loss_auc,0.5419
MNIST_QNN_eff_su2_r5_d2_s44,ideal_shot,128,0,2026,ibm_kingston,False,full_main_quantum_stack,membership,entropy_auc,0.5261
MNIST_QNN_eff_su2_r5_d2_s44,ideal_shot,128,0,2026,ibm_kingston,False,full_main_quantum_stack,membership,confidence_auc,0.5169999999999999
MNIST_QNN_eff_su2_r5_d2_s44,ideal_shot,128,0,2026,ibm_kingston,False,full_main_quantum_stack,membership,margin_auc,0.5117999999999999
MNIST_QNN_eff_su2_r5_d2_s44,ideal_shot,128,0,2026,ibm_kingston,False,full_main_quantum_stack,membership,correctness_auc,0.505
MNIST_QNN_eff_su2_r5_d2_s44,ideal_shot,128,0,2026,ibm_kingston,False,full_main_quantum_stack,membership,max_probability_auc,0.5169999999999999
MNIST_QNN_eff_su2_r5_d2_s44,ideal_shot,128,0,2026,ibm_kingston,False,full_main_quantum_stack,target,generalization_gap_accuracy,0.009999990463256836
MNIST_QNN_eff_su2_r5_d2_s44,ideal_shot,128,1,2026,ibm_kingston,False,full_main_quantum_stack,train,target_accuracy,0.7400000095367432
MNIST_QNN_eff_su2_r5_d2_s44,ideal_shot,128,1,2026,ibm_kingston,False,full_main_quantum_stack,train,target_loss,0.5991469621658325
MNIST_QNN_eff_su2_r5_d2_s44,ideal_shot,128,1,2026,ibm_kingston,False,full_main_quantum_stack,train,n_records,100.0
MNIST_QNN_eff_su2_r5_d2_s44,ideal_shot,128,1,2026,ibm_kingston,False,full_main_quantum_stack,test,target_accuracy,0.6700000166893005
MNIST_QNN_eff_su2_r5_d2_s44,ideal_shot,128,1,2026,ibm_kingston,False,full_main_quantum_stack,test,target_loss,0.803477942943573
MNIST_QNN_eff_su2_r5_d2_s44,ideal_shot,128,1,2026,ibm_kingston,False,full_main_quantum_stack,test,n_records,100.0
MNIST_QNN_eff_su2_r5_d2_s44,ideal_shot,128,1,2026,ibm_kingston,False,full_main_quantum_stack,membership,loss_auc,0.5629000000000001
MNIST_QNN_eff_su2_r5_d2_s44,ideal_shot,128,1,2026,ibm_kingston,False,full_main_quantum_stack,membership,entropy_auc,0.5480999999999999
MNIST_QNN_eff_su2_r5_d2_s44,ideal_shot,128,1,2026,ibm_kingston,False,full_main_quantum_stack,membership,confidence_auc,0.5337999999999999
MNIST_QNN_eff_su2_r5_d2_s44,ideal_shot,128,1,2026,ibm_kingston,False,full_main_quantum_stack,membership,margin_auc,0.5317999999999999
MNIST_QNN_eff_su2_r5_d2_s44,ideal_shot,128,1,2026,ibm_kingston,False,full_main_quantum_stack,membership,correctness_auc,0.5349999999999999
MNIST_QNN_eff_su2_r5_d2_s44,ideal_shot,128,1,2026,ibm_kingston,False,full_main_quantum_stack,membership,max_probability_auc,0.5337999999999999
MNIST_QNN_eff_su2_r5_d2_s44,ideal_shot,128,1,2026,ibm_kingston,False,full_main_quantum_stack,target,generalization_gap_accuracy,0.06999999284744263
MNIST_QNN_eff_su2_r5_d2_s44,ideal_shot,128,2,2026,ibm_kingston,False,full_main_quantum_stack,train,target_accuracy,0.75
MNIST_QNN_eff_su2_r5_d2_s44,ideal_shot,128,2,2026,ibm_kingston,False,full_main_quantum_stack,train,target_loss,0.5483635067939758
MNIST_QNN_eff_su2_r5_d2_s44,ideal_shot,128,2,2026,ibm_kingston,False,full_main_quantum_stack,train,n_records,100.0
MNIST_QNN_eff_su2_r5_d2_s44,ideal_shot,128,2,2026,ibm_kingston,False,full_main_quantum_stack,test,target_accuracy,0.6899999976158142
MNIST_QNN_eff_su2_r5_d2_s44,ideal_shot,128,2,2026,ibm_kingston,False,full_main_quantum_stack,test,target_loss,0.8417775630950928
MNIST_QNN_eff_su2_r5_d2_s44,ideal_shot,128,2,2026,ibm_kingston,False,full_main_quantum_stack,test,n_records,100.0
MNIST_QNN_eff_su2_r5_d2_s44,ideal_shot,128,2,2026,ibm_kingston,False,full_main_quantum_stack,membership,loss_auc,0.5425
MNIST_QNN_eff_su2_r5_d2_s44,ideal_shot,128,2,2026,ibm_kingston,False,full_main_quantum_stack,membership,entropy_auc,0.49809999999999993
MNIST_QNN_eff_su2_r5_d2_s44,ideal_shot,128,2,2026,ibm_kingston,False,full_main_quantum_stack,membership,confidence_auc,0.49219999999999997
MNIST_QNN_eff_su2_r5_d2_s44,ideal_shot,128,2,2026,ibm_kingston,False,full_main_quantum_stack,membership,margin_auc,0.48629999999999995
MNIST_QNN_eff_su2_r5_d2_s44,ideal_shot,128,2,2026,ibm_kingston,False,full_main_quantum_stack,membership,correctness_auc,0.53
MNIST_QNN_eff_su2_r5_d2_s44,ideal_shot,128,2,2026,ibm_kingston,False,full_main_quantum_stack,membership,max_probability_auc,0.49219999999999997
MNIST_QNN_eff_su2_r5_d2_s44,ideal_shot,128,2,2026,ibm_kingston,False,full_main_quantum_stack,target,generalization_gap_accuracy,0.06000000238418579
MNIST_QNN_eff_su2_r5_d2_s44,ideal_shot,128,3,2026,ibm_kingston,False,full_main_quantum_stack,train,target_accuracy,0.7599999904632568
MNIST_QNN_eff_su2_r5_d2_s44,ideal_shot,128,3,2026,ibm_kingston,False,full_main_quantum_stack,train,target_loss,0.6530320048332214
MNIST_QNN_eff_su2_r5_d2_s44,ideal_shot,128,3,2026,ibm_kingston,False,full_main_quantum_stack,train,n_records,100.0
MNIST_QNN_eff_su2_r5_d2_s44,ideal_shot,128,3,2026,ibm_kingston,False,full_main_quantum_stack,test,target_accuracy,0.6700000166893005
MNIST_QNN_eff_su2_r5_d2_s44,ideal_shot,128,3,2026,ibm_kingston,False,full_main_quantum_stack,test,target_loss,0.9370525479316711
MNIST_QNN_eff_su2_r5_d2_s44,ideal_shot,128,3,2026,ibm_kingston,False,full_main_quantum_stack,test,n_records,100.0
MNIST_QNN_eff_su2_r5_d2_s44,ideal_shot,128,3,2026,ibm_kingston,False,full_main_quantum_stack,membership,loss_auc,0.5446
MNIST_QNN_eff_su2_r5_d2_s44,ideal_shot,128,3,2026,ibm_kingston,False,full_main_quantum_stack,membership,entropy_auc,0.5029
MNIST_QNN_eff_su2_r5_d2_s44,ideal_shot,128,3,2026,ibm_kingston,False,full_main_quantum_stack,membership,confidence_auc,0.5025999999999999
MNIST_QNN_eff_su2_r5_d2_s44,ideal_shot,128,3,2026,ibm_kingston,False,full_main_quantum_stack,membership,margin_auc,0.5033000000000001
MNIST_QNN_eff_su2_r5_d2_s44,ideal_shot,128,3,2026,ibm_kingston,False,full_main_quantum_stack,membership,correctness_auc,0.5449999999999999
MNIST_QNN_eff_su2_r5_d2_s44,ideal_shot,128,3,2026,ibm_kingston,False,full_main_quantum_stack,membership,max_probability_auc,0.5025999999999999
MNIST_QNN_eff_su2_r5_d2_s44,ideal_shot,128,3,2026,ibm_kingston,False,full_main_quantum_stack,target,generalization_gap_accuracy,0.0899999737739563
MNIST_QNN_eff_su2_r5_d2_s44,ideal_shot,128,4,2026,ibm_kingston,False,full_main_quantum_stack,train,target_accuracy,0.7300000190734863
MNIST_QNN_eff_su2_r5_d2_s44,ideal_shot,128,4,2026,ibm_kingston,False,full_main_quantum_stack,train,target_loss,0.6438117027282715
MNIST_QNN_eff_su2_r5_d2_s44,ideal_shot,128,4,2026,ibm_kingston,False,full_main_quantum_stack,train,n_records,100.0
MNIST_QNN_eff_su2_r5_d2_s44,ideal_shot,128,4,2026,ibm_kingston,False,full_main_quantum_stack,test,target_accuracy,0.7099999785423279
MNIST_QNN_eff_su2_r5_d2_s44,ideal_shot,128,4,2026,ibm_kingston,False,full_main_quantum_stack,test,target_loss,0.8618611693382263
MNIST_QNN_eff_su2_r5_d2_s44,ideal_shot,128,4,2026,ibm_kingston,False,full_main_quantum_stack,test,n_records,100.0
MNIST_QNN_eff_su2_r5_d2_s44,ideal_shot,128,4,2026,ibm_kingston,False,full_main_quantum_stack,membership,loss_auc,0.5219
MNIST_QNN_eff_su2_r5_d2_s44,ideal_shot,128,4,2026,ibm_kingston,False,full_main_quantum_stack,membership,entropy_auc,0.4566
MNIST_QNN_eff_su2_r5_d2_s44,ideal_shot,128,4,2026,ibm_kingston,False,full_main_quantum_stack,membership,confidence_auc,0.4574
MNIST_QNN_eff_su2_r5_d2_s44,ideal_shot,128,4,2026,ibm_kingston,False,full_main_quantum_stack,membership,margin_auc,0.45699999999999996
MNIST_QNN_eff_su2_r5_d2_s44,ideal_shot,128,4,2026,ibm_kingston,False,full_main_quantum_stack,membership,correctness_auc,0.51
MNIST_QNN_eff_su2_r5_d2_s44,ideal_shot,128,4,2026,ibm_kingston,False,full_main_quantum_stack,membership,max_probability_auc,0.4574
MNIST_QNN_eff_su2_r5_d2_s44,ideal_shot,128,4,2026,ibm_kingston,False,full_main_quantum_stack,target,generalization_gap_accuracy,0.020000040531158447
MNIST_QNN_eff_su2_r5_d2_s44,ideal_shot,128,5,2026,ibm_kingston,False,full_main_quantum_stack,train,target_accuracy,0.800000011920929
MNIST_QNN_eff_su2_r5_d2_s44,ideal_shot,128,5,2026,ibm_kingston,False,full_main_quantum_stack,train,target_loss,0.5748671889305115
MNIST_QNN_eff_su2_r5_d2_s44,ideal_shot,128,5,2026,ibm_kingston,False,full_main_quantum_stack,train,n_records,100.0
MNIST_QNN_eff_su2_r5_d2_s44,ideal_shot,128,5,2026,ibm_kingston,False,full_main_quantum_stack,test,target_accuracy,0.6600000262260437
MNIST_QNN_eff_su2_r5_d2_s44,ideal_shot,128,5,2026,ibm_kingston,False,full_main_quantum_stack,test,target_loss,0.9251403212547302
MNIST_QNN_eff_su2_r5_d2_s44,ideal_shot,128,5,2026,ibm_kingston,False,full_main_quantum_stack,test,n_records,100.0
MNIST_QNN_eff_su2_r5_d2_s44,ideal_shot,128,5,2026,ibm_kingston,False,full_main_quantum_stack,membership,loss_auc,0.5826
MNIST_QNN_eff_su2_r5_d2_s44,ideal_shot,128,5,2026,ibm_kingston,False,full_main_quantum_stack,membership,entropy_auc,0.5424000000000001
MNIST_QNN_eff_su2_r5_d2_s44,ideal_shot,128,5,2026,ibm_kingston,False,full_main_quantum_stack,membership,confidence_auc,0.5402
MNIST_QNN_eff_su2_r5_d2_s44,ideal_shot,128,5,2026,ibm_kingston,False,full_main_quantum_stack,membership,margin_auc,0.5377000000000001
MNIST_QNN_eff_su2_r5_d2_s44,ideal_shot,128,5,2026,ibm_kingston,False,full_main_quantum_stack,membership,correctness_auc,0.5700000000000001
MNIST_QNN_eff_su2_r5_d2_s44,ideal_shot,128,5,2026,ibm_kingston,False,full_main_quantum_stack,membership,max_probability_auc,0.5402
MNIST_QNN_eff_su2_r5_d2_s44,ideal_shot,128,5,2026,ibm_kingston,False,full_main_quantum_stack,target,generalization_gap_accuracy,0.13999998569488525
MNIST_QNN_eff_su2_r5_d2_s44,ideal_shot,128,6,2026,ibm_kingston,False,full_main_quantum_stack,train,target_accuracy,0.75
MNIST_QNN_eff_su2_r5_d2_s44,ideal_shot,128,6,2026,ibm_kingston,False,full_main_quantum_stack,train,target_loss,0.5411284565925598
MNIST_QNN_eff_su2_r5_d2_s44,ideal_shot,128,6,2026,ibm_kingston,False,full_main_quantum_stack,train,n_records,100.0
MNIST_QNN_eff_su2_r5_d2_s44,ideal_shot,128,6,2026,ibm_kingston,False,full_main_quantum_stack,test,target_accuracy,0.6700000166893005
MNIST_QNN_eff_su2_r5_d2_s44,ideal_shot,128,6,2026,ibm_kingston,False,full_main_quantum_stack,test,target_loss,0.7999763488769531
MNIST_QNN_eff_su2_r5_d2_s44,ideal_shot,128,6,2026,ibm_kingston,False,full_main_quantum_stack,test,n_records,100.0
MNIST_QNN_eff_su2_r5_d2_s44,ideal_shot,128,6,2026,ibm_kingston,False,full_main_quantum_stack,membership,loss_auc,0.5357
MNIST_QNN_eff_su2_r5_d2_s44,ideal_shot,128,6,2026,ibm_kingston,False,full_main_quantum_stack,membership,entropy_auc,0.474
MNIST_QNN_eff_su2_r5_d2_s44,ideal_shot,128,6,2026,ibm_kingston,False,full_main_quantum_stack,membership,confidence_auc,0.4792
MNIST_QNN_eff_su2_r5_d2_s44,ideal_shot,128,6,2026,ibm_kingston,False,full_main_quantum_stack,membership,margin_auc,0.47869999999999996
MNIST_QNN_eff_su2_r5_d2_s44,ideal_shot,128,6,2026,ibm_kingston,False,full_main_quantum_stack,membership,correctness_auc,0.54
MNIST_QNN_eff_su2_r5_d2_s44,ideal_shot,128,6,2026,ibm_kingston,False,full_main_quantum_stack,membership,max_probability_auc,0.4792
MNIST_QNN_eff_su2_r5_d2_s44,ideal_shot,128,6,2026,ibm_kingston,False,full_main_quantum_stack,target,generalization_gap_accuracy,0.07999998331069946
MNIST_QNN_eff_su2_r5_d2_s44,ideal_shot,128,7,2026,ibm_kingston,False,full_main_quantum_stack,train,target_accuracy,0.7699999809265137
MNIST_QNN_eff_su2_r5_d2_s44,ideal_shot,128,7,2026,ibm_kingston,False,full_main_quantum_stack,train,target_loss,0.5900572538375854
MNIST_QNN_eff_su2_r5_d2_s44,ideal_shot,128,7,2026,ibm_kingston,False,full_main_quantum_stack,train,n_records,100.0
MNIST_QNN_eff_su2_r5_d2_s44,ideal_shot,128,7,2026,ibm_kingston,False,full_main_quantum_stack,test,target_accuracy,0.7200000286102295
MNIST_QNN_eff_su2_r5_d2_s44,ideal_shot,128,7,2026,ibm_kingston,False,full_main_quantum_stack,test,target_loss,0.823845386505127
MNIST_QNN_eff_su2_r5_d2_s44,ideal_shot,128,7,2026,ibm_kingston,False,full_main_quantum_stack,test,n_records,100.0
MNIST_QNN_eff_su2_r5_d2_s44,ideal_shot,128,7,2026,ibm_kingston,False,full_main_quantum_stack,membership,loss_auc,0.5165
MNIST_QNN_eff_su2_r5_d2_s44,ideal_shot,128,7,2026,ibm_kingston,False,full_main_quantum_stack,membership,entropy_auc,0.466
MNIST_QNN_eff_su2_r5_d2_s44,ideal_shot,128,7,2026,ibm_kingston,False,full_main_quantum_stack,membership,confidence_auc,0.4767
MNIST_QNN_eff_su2_r5_d2_s44,ideal_shot,128,7,2026,ibm_kingston,False,full_main_quantum_stack,membership,margin_auc,0.4798
MNIST_QNN_eff_su2_r5_d2_s44,ideal_shot,128,7,2026,ibm_kingston,False,full_main_quantum_stack,membership,correctness_auc,0.525
MNIST_QNN_eff_su2_r5_d2_s44,ideal_shot,128,7,2026,ibm_kingston,False,full_main_quantum_stack,membership,max_probability_auc,0.4767
MNIST_QNN_eff_su2_r5_d2_s44,ideal_shot,128,7,2026,ibm_kingston,False,full_main_quantum_stack,target,generalization_gap_accuracy,0.04999995231628418
MNIST_QNN_eff_su2_r5_d2_s44,ideal_shot,128,8,2026,ibm_kingston,False,full_main_quantum_stack,train,target_accuracy,0.8299999833106995
MNIST_QNN_eff_su2_r5_d2_s44,ideal_shot,128,8,2026,ibm_kingston,False,full_main_quantum_stack,train,target_loss,0.4722774028778076
MNIST_QNN_eff_su2_r5_d2_s44,ideal_shot,128,8,2026,ibm_kingston,False,full_main_quantum_stack,train,n_records,100.0
MNIST_QNN_eff_su2_r5_d2_s44,ideal_shot,128,8,2026,ibm_kingston,False,full_main_quantum_stack,test,target_accuracy,0.699999988079071
MNIST_QNN_eff_su2_r5_d2_s44,ideal_shot,128,8,2026,ibm_kingston,False,full_main_quantum_stack,test,target_loss,0.7582637071609497
MNIST_QNN_eff_su2_r5_d2_s44,ideal_shot,128,8,2026,ibm_kingston,False,full_main_quantum_stack,test,n_records,100.0
MNIST_QNN_eff_su2_r5_d2_s44,ideal_shot,128,8,2026,ibm_kingston,False,full_main_quantum_stack,membership,loss_auc,0.5564
MNIST_QNN_eff_su2_r5_d2_s44,ideal_shot,128,8,2026,ibm_kingston,False,full_main_quantum_stack,membership,entropy_auc,0.5302
MNIST_QNN_eff_su2_r5_d2_s44,ideal_shot,128,8,2026,ibm_kingston,False,full_main_quantum_stack,membership,confidence_auc,0.5271
MNIST_QNN_eff_su2_r5_d2_s44,ideal_shot,128,8,2026,ibm_kingston,False,full_main_quantum_stack,membership,margin_auc,0.5257
MNIST_QNN_eff_su2_r5_d2_s44,ideal_shot,128,8,2026,ibm_kingston,False,full_main_quantum_stack,membership,correctness_auc,0.5650000000000001
MNIST_QNN_eff_su2_r5_d2_s44,ideal_shot,128,8,2026,ibm_kingston,False,full_main_quantum_stack,membership,max_probability_auc,0.5271
MNIST_QNN_eff_su2_r5_d2_s44,ideal_shot,128,8,2026,ibm_kingston,False,full_main_quantum_stack,target,generalization_gap_accuracy,0.12999999523162842
MNIST_QNN_eff_su2_r5_d2_s44,ideal_shot,128,9,2026,ibm_kingston,False,full_main_quantum_stack,train,target_accuracy,0.6899999976158142
MNIST_QNN_eff_su2_r5_d2_s44,ideal_shot,128,9,2026,ibm_kingston,False,full_main_quantum_stack,train,target_loss,0.7801212072372437
MNIST_QNN_eff_su2_r5_d2_s44,ideal_shot,128,9,2026,ibm_kingston,False,full_main_quantum_stack,train,n_records,100.0
MNIST_QNN_eff_su2_r5_d2_s44,ideal_shot,128,9,2026,ibm_kingston,False,full_main_quantum_stack,test,target_accuracy,0.699999988079071
MNIST_QNN_eff_su2_r5_d2_s44,ideal_shot,128,9,2026,ibm_kingston,False,full_main_quantum_stack,test,target_loss,0.8750518560409546
MNIST_QNN_eff_su2_r5_d2_s44,ideal_shot,128,9,2026,ibm_kingston,False,full_main_quantum_stack,test,n_records,100.0
MNIST_QNN_eff_su2_r5_d2_s44,ideal_shot,128,9,2026,ibm_kingston,False,full_main_quantum_stack,membership,loss_auc,0.5238
MNIST_QNN_eff_su2_r5_d2_s44,ideal_shot,128,9,2026,ibm_kingston,False,full_main_quantum_stack,membership,entropy_auc,0.5054
MNIST_QNN_eff_su2_r5_d2_s44,ideal_shot,128,9,2026,ibm_kingston,False,full_main_quantum_stack,membership,confidence_auc,0.5058
MNIST_QNN_eff_su2_r5_d2_s44,ideal_shot,128,9,2026,ibm_kingston,False,full_main_quantum_stack,membership,margin_auc,0.5150999999999999
MNIST_QNN_eff_su2_r5_d2_s44,ideal_shot,128,9,2026,ibm_kingston,False,full_main_quantum_stack,membership,correctness_auc,0.495
MNIST_QNN_eff_su2_r5_d2_s44,ideal_shot,128,9,2026,ibm_kingston,False,full_main_quantum_stack,membership,max_probability_auc,0.5058
MNIST_QNN_eff_su2_r5_d2_s44,ideal_shot,128,9,2026,ibm_kingston,False,full_main_quantum_stack,target,generalization_gap_accuracy,-0.009999990463256836
MNIST_QNN_eff_su2_r5_d2_s44,ideal_shot,512,0,2026,ibm_kingston,False,full_main_quantum_stack,train,target_accuracy,0.7799999713897705
MNIST_QNN_eff_su2_r5_d2_s44,ideal_shot,512,0,2026,ibm_kingston,False,full_main_quantum_stack,train,target_loss,0.4254169762134552
MNIST_QNN_eff_su2_r5_d2_s44,ideal_shot,512,0,2026,ibm_kingston,False,full_main_quantum_stack,train,n_records,100.0
MNIST_QNN_eff_su2_r5_d2_s44,ideal_shot,512,0,2026,ibm_kingston,False,full_main_quantum_stack,test,target_accuracy,0.7400000095367432
MNIST_QNN_eff_su2_r5_d2_s44,ideal_shot,512,0,2026,ibm_kingston,False,full_main_quantum_stack,test,target_loss,0.6812583208084106
MNIST_QNN_eff_su2_r5_d2_s44,ideal_shot,512,0,2026,ibm_kingston,False,full_main_quantum_stack,test,n_records,100.0
MNIST_QNN_eff_su2_r5_d2_s44,ideal_shot,512,0,2026,ibm_kingston,False,full_main_quantum_stack,membership,loss_auc,0.543
MNIST_QNN_eff_su2_r5_d2_s44,ideal_shot,512,0,2026,ibm_kingston,False,full_main_quantum_stack,membership,entropy_auc,0.5059
MNIST_QNN_eff_su2_r5_d2_s44,ideal_shot,512,0,2026,ibm_kingston,False,full_main_quantum_stack,membership,confidence_auc,0.4957
MNIST_QNN_eff_su2_r5_d2_s44,ideal_shot,512,0,2026,ibm_kingston,False,full_main_quantum_stack,membership,margin_auc,0.4928
MNIST_QNN_eff_su2_r5_d2_s44,ideal_shot,512,0,2026,ibm_kingston,False,full_main_quantum_stack,membership,correctness_auc,0.52
MNIST_QNN_eff_su2_r5_d2_s44,ideal_shot,512,0,2026,ibm_kingston,False,full_main_quantum_stack,membership,max_probability_auc,0.4957
MNIST_QNN_eff_su2_r5_d2_s44,ideal_shot,512,0,2026,ibm_kingston,False,full_main_quantum_stack,target,generalization_gap_accuracy,0.039999961853027344
MNIST_QNN_eff_su2_r5_d2_s44,ideal_shot,512,1,2026,ibm_kingston,False,full_main_quantum_stack,train,target_accuracy,0.8299999833106995
MNIST_QNN_eff_su2_r5_d2_s44,ideal_shot,512,1,2026,ibm_kingston,False,full_main_quantum_stack,train,target_loss,0.39241066575050354
MNIST_QNN_eff_su2_r5_d2_s44,ideal_shot,512,1,2026,ibm_kingston,False,full_main_quantum_stack,train,n_records,100.0
MNIST_QNN_eff_su2_r5_d2_s44,ideal_shot,512,1,2026,ibm_kingston,False,full_main_quantum_stack,test,target_accuracy,0.75
MNIST_QNN_eff_su2_r5_d2_s44,ideal_shot,512,1,2026,ibm_kingston,False,full_main_quantum_stack,test,target_loss,0.6497443914413452
MNIST_QNN_eff_su2_r5_d2_s44,ideal_shot,512,1,2026,ibm_kingston,False,full_main_quantum_stack,test,n_records,100.0
MNIST_QNN_eff_su2_r5_d2_s44,ideal_shot,512,1,2026,ibm_kingston,False,full_main_quantum_stack,membership,loss_auc,0.5680000000000001
MNIST_QNN_eff_su2_r5_d2_s44,ideal_shot,512,1,2026,ibm_kingston,False,full_main_quantum_stack,membership,entropy_auc,0.5427000000000001
MNIST_QNN_eff_su2_r5_d2_s44,ideal_shot,512,1,2026,ibm_kingston,False,full_main_quantum_stack,membership,confidence_auc,0.5392999999999999
MNIST_QNN_eff_su2_r5_d2_s44,ideal_shot,512,1,2026,ibm_kingston,False,full_main_quantum_stack,membership,margin_auc,0.5379
MNIST_QNN_eff_su2_r5_d2_s44,ideal_shot,512,1,2026,ibm_kingston,False,full_main_quantum_stack,membership,correctness_auc,0.54
MNIST_QNN_eff_su2_r5_d2_s44,ideal_shot,512,1,2026,ibm_kingston,False,full_main_quantum_stack,membership,max_probability_auc,0.5392999999999999
MNIST_QNN_eff_su2_r5_d2_s44,ideal_shot,512,1,2026,ibm_kingston,False,full_main_quantum_stack,target,generalization_gap_accuracy,0.07999998331069946
MNIST_QNN_eff_su2_r5_d2_s44,ideal_shot,512,2,2026,ibm_kingston,False,full_main_quantum_stack,train,target_accuracy,0.8299999833106995
MNIST_QNN_eff_su2_r5_d2_s44,ideal_shot,512,2,2026,ibm_kingston,False,full_main_quantum_stack,train,target_loss,0.43461212515830994
MNIST_QNN_eff_su2_r5_d2_s44,ideal_shot,512,2,2026,ibm_kingston,False,full_main_quantum_stack,train,n_records,100.0
MNIST_QNN_eff_su2_r5_d2_s44,ideal_shot,512,2,2026,ibm_kingston,False,full_main_quantum_stack,test,target_accuracy,0.7400000095367432
MNIST_QNN_eff_su2_r5_d2_s44,ideal_shot,512,2,2026,ibm_kingston,False,full_main_quantum_stack,test,target_loss,0.6953948736190796
MNIST_QNN_eff_su2_r5_d2_s44,ideal_shot,512,2,2026,ibm_kingston,False,full_main_quantum_stack,test,n_records,100.0
MNIST_QNN_eff_su2_r5_d2_s44,ideal_shot,512,2,2026,ibm_kingston,False,full_main_quantum_stack,membership,loss_auc,0.5695
MNIST_QNN_eff_su2_r5_d2_s44,ideal_shot,512,2,2026,ibm_kingston,False,full_main_quantum_stack,membership,entropy_auc,0.5336000000000001
MNIST_QNN_eff_su2_r5_d2_s44,ideal_shot,512,2,2026,ibm_kingston,False,full_main_quantum_stack,membership,confidence_auc,0.5326
MNIST_QNN_eff_su2_r5_d2_s44,ideal_shot,512,2,2026,ibm_kingston,False,full_main_quantum_stack,membership,margin_auc,0.5307999999999999
MNIST_QNN_eff_su2_r5_d2_s44,ideal_shot,512,2,2026,ibm_kingston,False,full_main_quantum_stack,membership,correctness_auc,0.545
MNIST_QNN_eff_su2_r5_d2_s44,ideal_shot,512,2,2026,ibm_kingston,False,full_main_quantum_stack,membership,max_probability_auc,0.5326
MNIST_QNN_eff_su2_r5_d2_s44,ideal_shot,512,2,2026,ibm_kingston,False,full_main_quantum_stack,target,generalization_gap_accuracy,0.0899999737739563
MNIST_QNN_eff_su2_r5_d2_s44,ideal_shot,512,3,2026,ibm_kingston,False,full_main_quantum_stack,train,target_accuracy,0.8399999737739563
MNIST_QNN_eff_su2_r5_d2_s44,ideal_shot,512,3,2026,ibm_kingston,False,full_main_quantum_stack,train,target_loss,0.42831581830978394
MNIST_QNN_eff_su2_r5_d2_s44,ideal_shot,512,3,2026,ibm_kingston,False,full_main_quantum_stack,train,n_records,100.0
MNIST_QNN_eff_su2_r5_d2_s44,ideal_shot,512,3,2026,ibm_kingston,False,full_main_quantum_stack,test,target_accuracy,0.7699999809265137
MNIST_QNN_eff_su2_r5_d2_s44,ideal_shot,512,3,2026,ibm_kingston,False,full_main_quantum_stack,test,target_loss,0.6565135717391968
MNIST_QNN_eff_su2_r5_d2_s44,ideal_shot,512,3,2026,ibm_kingston,False,full_main_quantum_stack,test,n_records,100.0
MNIST_QNN_eff_su2_r5_d2_s44,ideal_shot,512,3,2026,ibm_kingston,False,full_main_quantum_stack,membership,loss_auc,0.5513
MNIST_QNN_eff_su2_r5_d2_s44,ideal_shot,512,3,2026,ibm_kingston,False,full_main_quantum_stack,membership,entropy_auc,0.5335
MNIST_QNN_eff_su2_r5_d2_s44,ideal_shot,512,3,2026,ibm_kingston,False,full_main_quantum_stack,membership,confidence_auc,0.5275
MNIST_QNN_eff_su2_r5_d2_s44,ideal_shot,512,3,2026,ibm_kingston,False,full_main_quantum_stack,membership,margin_auc,0.5289
MNIST_QNN_eff_su2_r5_d2_s44,ideal_shot,512,3,2026,ibm_kingston,False,full_main_quantum_stack,membership,correctness_auc,0.5349999999999999
MNIST_QNN_eff_su2_r5_d2_s44,ideal_shot,512,3,2026,ibm_kingston,False,full_main_quantum_stack,membership,max_probability_auc,0.5275
MNIST_QNN_eff_su2_r5_d2_s44,ideal_shot,512,3,2026,ibm_kingston,False,full_main_quantum_stack,target,generalization_gap_accuracy,0.06999999284744263
MNIST_QNN_eff_su2_r5_d2_s44,ideal_shot,512,4,2026,ibm_kingston,False,full_main_quantum_stack,train,target_accuracy,0.8199999928474426
MNIST_QNN_eff_su2_r5_d2_s44,ideal_shot,512,4,2026,ibm_kingston,False,full_main_quantum_stack,train,target_loss,0.4556642770767212
MNIST_QNN_eff_su2_r5_d2_s44,ideal_shot,512,4,2026,ibm_kingston,False,full_main_quantum_stack,train,n_records,100.0
MNIST_QNN_eff_su2_r5_d2_s44,ideal_shot,512,4,2026,ibm_kingston,False,full_main_quantum_stack,test,target_accuracy,0.7400000095367432
MNIST_QNN_eff_su2_r5_d2_s44,ideal_shot,512,4,2026,ibm_kingston,False,full_main_quantum_stack,test,target_loss,0.6842010021209717
MNIST_QNN_eff_su2_r5_d2_s44,ideal_shot,512,4,2026,ibm_kingston,False,full_main_quantum_stack,test,n_records,100.0
MNIST_QNN_eff_su2_r5_d2_s44,ideal_shot,512,4,2026,ibm_kingston,False,full_main_quantum_stack,membership,loss_auc,0.5417
MNIST_QNN_eff_su2_r5_d2_s44,ideal_shot,512,4,2026,ibm_kingston,False,full_main_quantum_stack,membership,entropy_auc,0.48600000000000004
MNIST_QNN_eff_su2_r5_d2_s44,ideal_shot,512,4,2026,ibm_kingston,False,full_main_quantum_stack,membership,confidence_auc,0.481
MNIST_QNN_eff_su2_r5_d2_s44,ideal_shot,512,4,2026,ibm_kingston,False,full_main_quantum_stack,membership,margin_auc,0.4791
MNIST_QNN_eff_su2_r5_d2_s44,ideal_shot,512,4,2026,ibm_kingston,False,full_main_quantum_stack,membership,correctness_auc,0.54
MNIST_QNN_eff_su2_r5_d2_s44,ideal_shot,512,4,2026,ibm_kingston,False,full_main_quantum_stack,membership,max_probability_auc,0.481
MNIST_QNN_eff_su2_r5_d2_s44,ideal_shot,512,4,2026,ibm_kingston,False,full_main_quantum_stack,target,generalization_gap_accuracy,0.07999998331069946
MNIST_QNN_eff_su2_r5_d2_s44,ideal_shot,512,5,2026,ibm_kingston,False,full_main_quantum_stack,train,target_accuracy,0.8199999928474426
MNIST_QNN_eff_su2_r5_d2_s44,ideal_shot,512,5,2026,ibm_kingston,False,full_main_quantum_stack,train,target_loss,0.44048649072647095
MNIST_QNN_eff_su2_r5_d2_s44,ideal_shot,512,5,2026,ibm_kingston,False,full_main_quantum_stack,train,n_records,100.0
MNIST_QNN_eff_su2_r5_d2_s44,ideal_shot,512,5,2026,ibm_kingston,False,full_main_quantum_stack,test,target_accuracy,0.7599999904632568
MNIST_QNN_eff_su2_r5_d2_s44,ideal_shot,512,5,2026,ibm_kingston,False,full_main_quantum_stack,test,target_loss,0.745292603969574
MNIST_QNN_eff_su2_r5_d2_s44,ideal_shot,512,5,2026,ibm_kingston,False,full_main_quantum_stack,test,n_records,100.0
MNIST_QNN_eff_su2_r5_d2_s44,ideal_shot,512,5,2026,ibm_kingston,False,full_main_quantum_stack,membership,loss_auc,0.5621
MNIST_QNN_eff_su2_r5_d2_s44,ideal_shot,512,5,2026,ibm_kingston,False,full_main_quantum_stack,membership,entropy_auc,0.517
MNIST_QNN_eff_su2_r5_d2_s44,ideal_shot,512,5,2026,ibm_kingston,False,full_main_quantum_stack,membership,confidence_auc,0.5209999999999999
MNIST_QNN_eff_su2_r5_d2_s44,ideal_shot,512,5,2026,ibm_kingston,False,full_main_quantum_stack,membership,margin_auc,0.5226999999999999
MNIST_QNN_eff_su2_r5_d2_s44,ideal_shot,512,5,2026,ibm_kingston,False,full_main_quantum_stack,membership,correctness_auc,0.53
MNIST_QNN_eff_su2_r5_d2_s44,ideal_shot,512,5,2026,ibm_kingston,False,full_main_quantum_stack,membership,max_probability_auc,0.5209999999999999
MNIST_QNN_eff_su2_r5_d2_s44,ideal_shot,512,5,2026,ibm_kingston,False,full_main_quantum_stack,target,generalization_gap_accuracy,0.06000000238418579
MNIST_QNN_eff_su2_r5_d2_s44,ideal_shot,512,6,2026,ibm_kingston,False,full_main_quantum_stack,train,target_accuracy,0.8100000023841858
MNIST_QNN_eff_su2_r5_d2_s44,ideal_shot,512,6,2026,ibm_kingston,False,full_main_quantum_stack,train,target_loss,0.40569180250167847
MNIST_QNN_eff_su2_r5_d2_s44,ideal_shot,512,6,2026,ibm_kingston,False,full_main_quantum_stack,train,n_records,100.0
MNIST_QNN_eff_su2_r5_d2_s44,ideal_shot,512,6,2026,ibm_kingston,False,full_main_quantum_stack,test,target_accuracy,0.75
MNIST_QNN_eff_su2_r5_d2_s44,ideal_shot,512,6,2026,ibm_kingston,False,full_main_quantum_stack,test,target_loss,0.6817523837089539
MNIST_QNN_eff_su2_r5_d2_s44,ideal_shot,512,6,2026,ibm_kingston,False,full_main_quantum_stack,test,n_records,100.0
MNIST_QNN_eff_su2_r5_d2_s44,ideal_shot,512,6,2026,ibm_kingston,False,full_main_quantum_stack,membership,loss_auc,0.5649
MNIST_QNN_eff_su2_r5_d2_s44,ideal_shot,512,6,2026,ibm_kingston,False,full_main_quantum_stack,membership,entropy_auc,0.5152
MNIST_QNN_eff_su2_r5_d2_s44,ideal_shot,512,6,2026,ibm_kingston,False,full_main_quantum_stack,membership,confidence_auc,0.5083
MNIST_QNN_eff_su2_r5_d2_s44,ideal_shot,512,6,2026,ibm_kingston,False,full_main_quantum_stack,membership,margin_auc,0.5089
MNIST_QNN_eff_su2_r5_d2_s44,ideal_shot,512,6,2026,ibm_kingston,False,full_main_quantum_stack,membership,correctness_auc,0.53
MNIST_QNN_eff_su2_r5_d2_s44,ideal_shot,512,6,2026,ibm_kingston,False,full_main_quantum_stack,membership,max_probability_auc,0.5083
MNIST_QNN_eff_su2_r5_d2_s44,ideal_shot,512,6,2026,ibm_kingston,False,full_main_quantum_stack,target,generalization_gap_accuracy,0.06000000238418579
MNIST_QNN_eff_su2_r5_d2_s44,ideal_shot,512,7,2026,ibm_kingston,False,full_main_quantum_stack,train,target_accuracy,0.8700000047683716
MNIST_QNN_eff_su2_r5_d2_s44,ideal_shot,512,7,2026,ibm_kingston,False,full_main_quantum_stack,train,target_loss,0.38143372535705566
MNIST_QNN_eff_su2_r5_d2_s44,ideal_shot,512,7,2026,ibm_kingston,False,full_main_quantum_stack,train,n_records,100.0
MNIST_QNN_eff_su2_r5_d2_s44,ideal_shot,512,7,2026,ibm_kingston,False,full_main_quantum_stack,test,target_accuracy,0.7300000190734863
MNIST_QNN_eff_su2_r5_d2_s44,ideal_shot,512,7,2026,ibm_kingston,False,full_main_quantum_stack,test,target_loss,0.7012172937393188
MNIST_QNN_eff_su2_r5_d2_s44,ideal_shot,512,7,2026,ibm_kingston,False,full_main_quantum_stack,test,n_records,100.0
MNIST_QNN_eff_su2_r5_d2_s44,ideal_shot,512,7,2026,ibm_kingston,False,full_main_quantum_stack,membership,loss_auc,0.5659
MNIST_QNN_eff_su2_r5_d2_s44,ideal_shot,512,7,2026,ibm_kingston,False,full_main_quantum_stack,membership,entropy_auc,0.5222
MNIST_QNN_eff_su2_r5_d2_s44,ideal_shot,512,7,2026,ibm_kingston,False,full_main_quantum_stack,membership,confidence_auc,0.5191
MNIST_QNN_eff_su2_r5_d2_s44,ideal_shot,512,7,2026,ibm_kingston,False,full_main_quantum_stack,membership,margin_auc,0.5168999999999999
MNIST_QNN_eff_su2_r5_d2_s44,ideal_shot,512,7,2026,ibm_kingston,False,full_main_quantum_stack,membership,correctness_auc,0.5700000000000001
MNIST_QNN_eff_su2_r5_d2_s44,ideal_shot,512,7,2026,ibm_kingston,False,full_main_quantum_stack,membership,max_probability_auc,0.5191
MNIST_QNN_eff_su2_r5_d2_s44,ideal_shot,512,7,2026,ibm_kingston,False,full_main_quantum_stack,target,generalization_gap_accuracy,0.13999998569488525
MNIST_QNN_eff_su2_r5_d2_s44,ideal_shot,512,8,2026,ibm_kingston,False,full_main_quantum_stack,train,target_accuracy,0.8299999833106995
MNIST_QNN_eff_su2_r5_d2_s44,ideal_shot,512,8,2026,ibm_kingston,False,full_main_quantum_stack,train,target_loss,0.4250495135784149
MNIST_QNN_eff_su2_r5_d2_s44,ideal_shot,512,8,2026,ibm_kingston,False,full_main_quantum_stack,train,n_records,100.0
MNIST_QNN_eff_su2_r5_d2_s44,ideal_shot,512,8,2026,ibm_kingston,False,full_main_quantum_stack,test,target_accuracy,0.7300000190734863
MNIST_QNN_eff_su2_r5_d2_s44,ideal_shot,512,8,2026,ibm_kingston,False,full_main_quantum_stack,test,target_loss,0.6532502174377441
MNIST_QNN_eff_su2_r5_d2_s44,ideal_shot,512,8,2026,ibm_kingston,False,full_main_quantum_stack,test,n_records,100.0
MNIST_QNN_eff_su2_r5_d2_s44,ideal_shot,512,8,2026,ibm_kingston,False,full_main_quantum_stack,membership,loss_auc,0.5677000000000001
MNIST_QNN_eff_su2_r5_d2_s44,ideal_shot,512,8,2026,ibm_kingston,False,full_main_quantum_stack,membership,entropy_auc,0.5483
MNIST_QNN_eff_su2_r5_d2_s44,ideal_shot,512,8,2026,ibm_kingston,False,full_main_quantum_stack,membership,confidence_auc,0.5467
MNIST_QNN_eff_su2_r5_d2_s44,ideal_shot,512,8,2026,ibm_kingston,False,full_main_quantum_stack,membership,margin_auc,0.541
MNIST_QNN_eff_su2_r5_d2_s44,ideal_shot,512,8,2026,ibm_kingston,False,full_main_quantum_stack,membership,correctness_auc,0.55
MNIST_QNN_eff_su2_r5_d2_s44,ideal_shot,512,8,2026,ibm_kingston,False,full_main_quantum_stack,membership,max_probability_auc,0.5467
MNIST_QNN_eff_su2_r5_d2_s44,ideal_shot,512,8,2026,ibm_kingston,False,full_main_quantum_stack,target,generalization_gap_accuracy,0.09999996423721313
MNIST_QNN_eff_su2_r5_d2_s44,ideal_shot,512,9,2026,ibm_kingston,False,full_main_quantum_stack,train,target_accuracy,0.8100000023841858
MNIST_QNN_eff_su2_r5_d2_s44,ideal_shot,512,9,2026,ibm_kingston,False,full_main_quantum_stack,train,target_loss,0.4484905004501343
MNIST_QNN_eff_su2_r5_d2_s44,ideal_shot,512,9,2026,ibm_kingston,False,full_main_quantum_stack,train,n_records,100.0
MNIST_QNN_eff_su2_r5_d2_s44,ideal_shot,512,9,2026,ibm_kingston,False,full_main_quantum_stack,test,target_accuracy,0.7300000190734863
MNIST_QNN_eff_su2_r5_d2_s44,ideal_shot,512,9,2026,ibm_kingston,False,full_main_quantum_stack,test,target_loss,0.6645897030830383
MNIST_QNN_eff_su2_r5_d2_s44,ideal_shot,512,9,2026,ibm_kingston,False,full_main_quantum_stack,test,n_records,100.0
MNIST_QNN_eff_su2_r5_d2_s44,ideal_shot,512,9,2026,ibm_kingston,False,full_main_quantum_stack,membership,loss_auc,0.5546
MNIST_QNN_eff_su2_r5_d2_s44,ideal_shot,512,9,2026,ibm_kingston,False,full_main_quantum_stack,membership,entropy_auc,0.531
MNIST_QNN_eff_su2_r5_d2_s44,ideal_shot,512,9,2026,ibm_kingston,False,full_main_quantum_stack,membership,confidence_auc,0.5296
MNIST_QNN_eff_su2_r5_d2_s44,ideal_shot,512,9,2026,ibm_kingston,False,full_main_quantum_stack,membership,margin_auc,0.5311000000000001
MNIST_QNN_eff_su2_r5_d2_s44,ideal_shot,512,9,2026,ibm_kingston,False,full_main_quantum_stack,membership,correctness_auc,0.54
MNIST_QNN_eff_su2_r5_d2_s44,ideal_shot,512,9,2026,ibm_kingston,False,full_main_quantum_stack,membership,max_probability_auc,0.5296
MNIST_QNN_eff_su2_r5_d2_s44,ideal_shot,512,9,2026,ibm_kingston,False,full_main_quantum_stack,target,generalization_gap_accuracy,0.07999998331069946
MNIST_QNN_eff_su2_r5_d2_s44,ideal_shot,1024,0,2026,ibm_kingston,False,full_main_quantum_stack,train,target_accuracy,0.8100000023841858
MNIST_QNN_eff_su2_r5_d2_s44,ideal_shot,1024,0,2026,ibm_kingston,False,full_main_quantum_stack,train,target_loss,0.37233731150627136
MNIST_QNN_eff_su2_r5_d2_s44,ideal_shot,1024,0,2026,ibm_kingston,False,full_main_quantum_stack,train,n_records,100.0
MNIST_QNN_eff_su2_r5_d2_s44,ideal_shot,1024,0,2026,ibm_kingston,False,full_main_quantum_stack,test,target_accuracy,0.7799999713897705
MNIST_QNN_eff_su2_r5_d2_s44,ideal_shot,1024,0,2026,ibm_kingston,False,full_main_quantum_stack,test,target_loss,0.6637580394744873
MNIST_QNN_eff_su2_r5_d2_s44,ideal_shot,1024,0,2026,ibm_kingston,False,full_main_quantum_stack,test,n_records,100.0
MNIST_QNN_eff_su2_r5_d2_s44,ideal_shot,1024,0,2026,ibm_kingston,False,full_main_quantum_stack,membership,loss_auc,0.5525
MNIST_QNN_eff_su2_r5_d2_s44,ideal_shot,1024,0,2026,ibm_kingston,False,full_main_quantum_stack,membership,entropy_auc,0.5181
MNIST_QNN_eff_su2_r5_d2_s44,ideal_shot,1024,0,2026,ibm_kingston,False,full_main_quantum_stack,membership,confidence_auc,0.5028
MNIST_QNN_eff_su2_r5_d2_s44,ideal_shot,1024,0,2026,ibm_kingston,False,full_main_quantum_stack,membership,margin_auc,0.5028
MNIST_QNN_eff_su2_r5_d2_s44,ideal_shot,1024,0,2026,ibm_kingston,False,full_main_quantum_stack,membership,correctness_auc,0.515
MNIST_QNN_eff_su2_r5_d2_s44,ideal_shot,1024,0,2026,ibm_kingston,False,full_main_quantum_stack,membership,max_probability_auc,0.5028
MNIST_QNN_eff_su2_r5_d2_s44,ideal_shot,1024,0,2026,ibm_kingston,False,full_main_quantum_stack,target,generalization_gap_accuracy,0.030000030994415283
MNIST_QNN_eff_su2_r5_d2_s44,ideal_shot,1024,1,2026,ibm_kingston,False,full_main_quantum_stack,train,target_accuracy,0.8600000143051147
MNIST_QNN_eff_su2_r5_d2_s44,ideal_shot,1024,1,2026,ibm_kingston,False,full_main_quantum_stack,train,target_loss,0.3680708408355713
MNIST_QNN_eff_su2_r5_d2_s44,ideal_shot,1024,1,2026,ibm_kingston,False,full_main_quantum_stack,train,n_records,100.0
MNIST_QNN_eff_su2_r5_d2_s44,ideal_shot,1024,1,2026,ibm_kingston,False,full_main_quantum_stack,test,target_accuracy,0.7599999904632568
MNIST_QNN_eff_su2_r5_d2_s44,ideal_shot,1024,1,2026,ibm_kingston,False,full_main_quantum_stack,test,target_loss,0.6541215777397156
MNIST_QNN_eff_su2_r5_d2_s44,ideal_shot,1024,1,2026,ibm_kingston,False,full_main_quantum_stack,test,n_records,100.0
MNIST_QNN_eff_su2_r5_d2_s44,ideal_shot,1024,1,2026,ibm_kingston,False,full_main_quantum_stack,membership,loss_auc,0.5761999999999999
MNIST_QNN_eff_su2_r5_d2_s44,ideal_shot,1024,1,2026,ibm_kingston,False,full_main_quantum_stack,membership,entropy_auc,0.544
MNIST_QNN_eff_su2_r5_d2_s44,ideal_shot,1024,1,2026,ibm_kingston,False,full_main_quantum_stack,membership,confidence_auc,0.5407
MNIST_QNN_eff_su2_r5_d2_s44,ideal_shot,1024,1,2026,ibm_kingston,False,full_main_quantum_stack,membership,margin_auc,0.5382000000000001
MNIST_QNN_eff_su2_r5_d2_s44,ideal_shot,1024,1,2026,ibm_kingston,False,full_main_quantum_stack,membership,correctness_auc,0.5499999999999999
MNIST_QNN_eff_su2_r5_d2_s44,ideal_shot,1024,1,2026,ibm_kingston,False,full_main_quantum_stack,membership,max_probability_auc,0.5407
MNIST_QNN_eff_su2_r5_d2_s44,ideal_shot,1024,1,2026,ibm_kingston,False,full_main_quantum_stack,target,generalization_gap_accuracy,0.10000002384185791
MNIST_QNN_eff_su2_r5_d2_s44,ideal_shot,1024,2,2026,ibm_kingston,False,full_main_quantum_stack,train,target_accuracy,0.8500000238418579
MNIST_QNN_eff_su2_r5_d2_s44,ideal_shot,1024,2,2026,ibm_kingston,False,full_main_quantum_stack,train,target_loss,0.3693203330039978
MNIST_QNN_eff_su2_r5_d2_s44,ideal_shot,1024,2,2026,ibm_kingston,False,full_main_quantum_stack,train,n_records,100.0
MNIST_QNN_eff_su2_r5_d2_s44,ideal_shot,1024,2,2026,ibm_kingston,False,full_main_quantum_stack,test,target_accuracy,0.7400000095367432
MNIST_QNN_eff_su2_r5_d2_s44,ideal_shot,1024,2,2026,ibm_kingston,False,full_main_quantum_stack,test,target_loss,0.6895253658294678
MNIST_QNN_eff_su2_r5_d2_s44,ideal_shot,1024,2,2026,ibm_kingston,False,full_main_quantum_stack,test,n_records,100.0
MNIST_QNN_eff_su2_r5_d2_s44,ideal_shot,1024,2,2026,ibm_kingston,False,full_main_quantum_stack,membership,loss_auc,0.5723
MNIST_QNN_eff_su2_r5_d2_s44,ideal_shot,1024,2,2026,ibm_kingston,False,full_main_quantum_stack,membership,entropy_auc,0.5221
MNIST_QNN_eff_su2_r5_d2_s44,ideal_shot,1024,2,2026,ibm_kingston,False,full_main_quantum_stack,membership,confidence_auc,0.52
MNIST_QNN_eff_su2_r5_d2_s44,ideal_shot,1024,2,2026,ibm_kingston,False,full_main_quantum_stack,membership,margin_auc,0.5167999999999999
MNIST_QNN_eff_su2_r5_d2_s44,ideal_shot,1024,2,2026,ibm_kingston,False,full_main_quantum_stack,membership,correctness_auc,0.555
MNIST_QNN_eff_su2_r5_d2_s44,ideal_shot,1024,2,2026,ibm_kingston,False,full_main_quantum_stack,membership,max_probability_auc,0.52
MNIST_QNN_eff_su2_r5_d2_s44,ideal_shot,1024,2,2026,ibm_kingston,False,full_main_quantum_stack,target,generalization_gap_accuracy,0.11000001430511475
MNIST_QNN_eff_su2_r5_d2_s44,ideal_shot,1024,3,2026,ibm_kingston,False,full_main_quantum_stack,train,target_accuracy,0.8899999856948853
MNIST_QNN_eff_su2_r5_d2_s44,ideal_shot,1024,3,2026,ibm_kingston,False,full_main_quantum_stack,train,target_loss,0.3615264892578125
MNIST_QNN_eff_su2_r5_d2_s44,ideal_shot,1024,3,2026,ibm_kingston,False,full_main_quantum_stack,train,n_records,100.0
MNIST_QNN_eff_su2_r5_d2_s44,ideal_shot,1024,3,2026,ibm_kingston,False,full_main_quantum_stack,test,target_accuracy,0.7799999713897705
MNIST_QNN_eff_su2_r5_d2_s44,ideal_shot,1024,3,2026,ibm_kingston,False,full_main_quantum_stack,test,target_loss,0.6540910601615906
MNIST_QNN_eff_su2_r5_d2_s44,ideal_shot,1024,3,2026,ibm_kingston,False,full_main_quantum_stack,test,n_records,100.0
MNIST_QNN_eff_su2_r5_d2_s44,ideal_shot,1024,3,2026,ibm_kingston,False,full_main_quantum_stack,membership,loss_auc,0.5733999999999999
MNIST_QNN_eff_su2_r5_d2_s44,ideal_shot,1024,3,2026,ibm_kingston,False,full_main_quantum_stack,membership,entropy_auc,0.54
MNIST_QNN_eff_su2_r5_d2_s44,ideal_shot,1024,3,2026,ibm_kingston,False,full_main_quantum_stack,membership,confidence_auc,0.5366
MNIST_QNN_eff_su2_r5_d2_s44,ideal_shot,1024,3,2026,ibm_kingston,False,full_main_quantum_stack,membership,margin_auc,0.5335000000000001
MNIST_QNN_eff_su2_r5_d2_s44,ideal_shot,1024,3,2026,ibm_kingston,False,full_main_quantum_stack,membership,correctness_auc,0.555
MNIST_QNN_eff_su2_r5_d2_s44,ideal_shot,1024,3,2026,ibm_kingston,False,full_main_quantum_stack,membership,max_probability_auc,0.5366
MNIST_QNN_eff_su2_r5_d2_s44,ideal_shot,1024,3,2026,ibm_kingston,False,full_main_quantum_stack,target,generalization_gap_accuracy,0.11000001430511475
MNIST_QNN_eff_su2_r5_d2_s44,ideal_shot,1024,4,2026,ibm_kingston,False,full_main_quantum_stack,train,target_accuracy,0.8199999928474426
MNIST_QNN_eff_su2_r5_d2_s44,ideal_shot,1024,4,2026,ibm_kingston,False,full_main_quantum_stack,train,target_loss,0.40027934312820435
MNIST_QNN_eff_su2_r5_d2_s44,ideal_shot,1024,4,2026,ibm_kingston,False,full_main_quantum_stack,train,n_records,100.0
MNIST_QNN_eff_su2_r5_d2_s44,ideal_shot,1024,4,2026,ibm_kingston,False,full_main_quantum_stack,test,target_accuracy,0.7699999809265137
MNIST_QNN_eff_su2_r5_d2_s44,ideal_shot,1024,4,2026,ibm_kingston,False,full_main_quantum_stack,test,target_loss,0.6823844313621521
MNIST_QNN_eff_su2_r5_d2_s44,ideal_shot,1024,4,2026,ibm_kingston,False,full_main_quantum_stack,test,n_records,100.0
MNIST_QNN_eff_su2_r5_d2_s44,ideal_shot,1024,4,2026,ibm_kingston,False,full_main_quantum_stack,membership,loss_auc,0.5667
MNIST_QNN_eff_su2_r5_d2_s44,ideal_shot,1024,4,2026,ibm_kingston,False,full_main_quantum_stack,membership,entropy_auc,0.5279
MNIST_QNN_eff_su2_r5_d2_s44,ideal_shot,1024,4,2026,ibm_kingston,False,full_main_quantum_stack,membership,confidence_auc,0.5152000000000001
MNIST_QNN_eff_su2_r5_d2_s44,ideal_shot,1024,4,2026,ibm_kingston,False,full_main_quantum_stack,membership,margin_auc,0.5100999999999999
MNIST_QNN_eff_su2_r5_d2_s44,ideal_shot,1024,4,2026,ibm_kingston,False,full_main_quantum_stack,membership,correctness_auc,0.5249999999999999
MNIST_QNN_eff_su2_r5_d2_s44,ideal_shot,1024,4,2026,ibm_kingston,False,full_main_quantum_stack,membership,max_probability_auc,0.5152000000000001
MNIST_QNN_eff_su2_r5_d2_s44,ideal_shot,1024,4,2026,ibm_kingston,False,full_main_quantum_stack,target,generalization_gap_accuracy,0.050000011920928955
MNIST_QNN_eff_su2_r5_d2_s44,ideal_shot,1024,5,2026,ibm_kingston,False,full_main_quantum_stack,train,target_accuracy,0.8199999928474426
MNIST_QNN_eff_su2_r5_d2_s44,ideal_shot,1024,5,2026,ibm_kingston,False,full_main_quantum_stack,train,target_loss,0.39937251806259155
MNIST_QNN_eff_su2_r5_d2_s44,ideal_shot,1024,5,2026,ibm_kingston,False,full_main_quantum_stack,train,n_records,100.0
MNIST_QNN_eff_su2_r5_d2_s44,ideal_shot,1024,5,2026,ibm_kingston,False,full_main_quantum_stack,test,target_accuracy,0.75
MNIST_QNN_eff_su2_r5_d2_s44,ideal_shot,1024,5,2026,ibm_kingston,False,full_main_quantum_stack,test,target_loss,0.6914368271827698
MNIST_QNN_eff_su2_r5_d2_s44,ideal_shot,1024,5,2026,ibm_kingston,False,full_main_quantum_stack,test,n_records,100.0
MNIST_QNN_eff_su2_r5_d2_s44,ideal_shot,1024,5,2026,ibm_kingston,False,full_main_quantum_stack,membership,loss_auc,0.5535
MNIST_QNN_eff_su2_r5_d2_s44,ideal_shot,1024,5,2026,ibm_kingston,False,full_main_quantum_stack,membership,entropy_auc,0.5113
MNIST_QNN_eff_su2_r5_d2_s44,ideal_shot,1024,5,2026,ibm_kingston,False,full_main_quantum_stack,membership,confidence_auc,0.5044
MNIST_QNN_eff_su2_r5_d2_s44,ideal_shot,1024,5,2026,ibm_kingston,False,full_main_quantum_stack,membership,margin_auc,0.4999
MNIST_QNN_eff_su2_r5_d2_s44,ideal_shot,1024,5,2026,ibm_kingston,False,full_main_quantum_stack,membership,correctness_auc,0.5349999999999999
MNIST_QNN_eff_su2_r5_d2_s44,ideal_shot,1024,5,2026,ibm_kingston,False,full_main_quantum_stack,membership,max_probability_auc,0.5044
MNIST_QNN_eff_su2_r5_d2_s44,ideal_shot,1024,5,2026,ibm_kingston,False,full_main_quantum_stack,target,generalization_gap_accuracy,0.06999999284744263
MNIST_QNN_eff_su2_r5_d2_s44,ideal_shot,1024,6,2026,ibm_kingston,False,full_main_quantum_stack,train,target_accuracy,0.8600000143051147
MNIST_QNN_eff_su2_r5_d2_s44,ideal_shot,1024,6,2026,ibm_kingston,False,full_main_quantum_stack,train,target_loss,0.367730975151062
MNIST_QNN_eff_su2_r5_d2_s44,ideal_shot,1024,6,2026,ibm_kingston,False,full_main_quantum_stack,train,n_records,100.0
MNIST_QNN_eff_su2_r5_d2_s44,ideal_shot,1024,6,2026,ibm_kingston,False,full_main_quantum_stack,test,target_accuracy,0.7599999904632568
MNIST_QNN_eff_su2_r5_d2_s44,ideal_shot,1024,6,2026,ibm_kingston,False,full_main_quantum_stack,test,target_loss,0.6754200458526611
MNIST_QNN_eff_su2_r5_d2_s44,ideal_shot,1024,6,2026,ibm_kingston,False,full_main_quantum_stack,test,n_records,100.0
MNIST_QNN_eff_su2_r5_d2_s44,ideal_shot,1024,6,2026,ibm_kingston,False,full_main_quantum_stack,membership,loss_auc,0.5709
MNIST_QNN_eff_su2_r5_d2_s44,ideal_shot,1024,6,2026,ibm_kingston,False,full_main_quantum_stack,membership,entropy_auc,0.5213
MNIST_QNN_eff_su2_r5_d2_s44,ideal_shot,1024,6,2026,ibm_kingston,False,full_main_quantum_stack,membership,confidence_auc,0.5165
MNIST_QNN_eff_su2_r5_d2_s44,ideal_shot,1024,6,2026,ibm_kingston,False,full_main_quantum_stack,membership,margin_auc,0.5125
MNIST_QNN_eff_su2_r5_d2_s44,ideal_shot,1024,6,2026,ibm_kingston,False,full_main_quantum_stack,membership,correctness_auc,0.5499999999999999
MNIST_QNN_eff_su2_r5_d2_s44,ideal_shot,1024,6,2026,ibm_kingston,False,full_main_quantum_stack,membership,max_probability_auc,0.5165
MNIST_QNN_eff_su2_r5_d2_s44,ideal_shot,1024,6,2026,ibm_kingston,False,full_main_quantum_stack,target,generalization_gap_accuracy,0.10000002384185791
MNIST_QNN_eff_su2_r5_d2_s44,ideal_shot,1024,7,2026,ibm_kingston,False,full_main_quantum_stack,train,target_accuracy,0.8600000143051147
MNIST_QNN_eff_su2_r5_d2_s44,ideal_shot,1024,7,2026,ibm_kingston,False,full_main_quantum_stack,train,target_loss,0.35306915640830994
MNIST_QNN_eff_su2_r5_d2_s44,ideal_shot,1024,7,2026,ibm_kingston,False,full_main_quantum_stack,train,n_records,100.0
MNIST_QNN_eff_su2_r5_d2_s44,ideal_shot,1024,7,2026,ibm_kingston,False,full_main_quantum_stack,test,target_accuracy,0.7699999809265137
MNIST_QNN_eff_su2_r5_d2_s44,ideal_shot,1024,7,2026,ibm_kingston,False,full_main_quantum_stack,test,target_loss,0.6582981944084167
MNIST_QNN_eff_su2_r5_d2_s44,ideal_shot,1024,7,2026,ibm_kingston,False,full_main_quantum_stack,test,n_records,100.0
MNIST_QNN_eff_su2_r5_d2_s44,ideal_shot,1024,7,2026,ibm_kingston,False,full_main_quantum_stack,membership,loss_auc,0.5849
MNIST_QNN_eff_su2_r5_d2_s44,ideal_shot,1024,7,2026,ibm_kingston,False,full_main_quantum_stack,membership,entropy_auc,0.5445
MNIST_QNN_eff_su2_r5_d2_s44,ideal_shot,1024,7,2026,ibm_kingston,False,full_main_quantum_stack,membership,confidence_auc,0.5437
MNIST_QNN_eff_su2_r5_d2_s44,ideal_shot,1024,7,2026,ibm_kingston,False,full_main_quantum_stack,membership,margin_auc,0.5435000000000001
MNIST_QNN_eff_su2_r5_d2_s44,ideal_shot,1024,7,2026,ibm_kingston,False,full_main_quantum_stack,membership,correctness_auc,0.5449999999999999
MNIST_QNN_eff_su2_r5_d2_s44,ideal_shot,1024,7,2026,ibm_kingston,False,full_main_quantum_stack,membership,max_probability_auc,0.5437
MNIST_QNN_eff_su2_r5_d2_s44,ideal_shot,1024,7,2026,ibm_kingston,False,full_main_quantum_stack,target,generalization_gap_accuracy,0.09000003337860107
MNIST_QNN_eff_su2_r5_d2_s44,ideal_shot,1024,8,2026,ibm_kingston,False,full_main_quantum_stack,train,target_accuracy,0.8399999737739563
MNIST_QNN_eff_su2_r5_d2_s44,ideal_shot,1024,8,2026,ibm_kingston,False,full_main_quantum_stack,train,target_loss,0.3760656714439392
MNIST_QNN_eff_su2_r5_d2_s44,ideal_shot,1024,8,2026,ibm_kingston,False,full_main_quantum_stack,train,n_records,100.0
MNIST_QNN_eff_su2_r5_d2_s44,ideal_shot,1024,8,2026,ibm_kingston,False,full_main_quantum_stack,test,target_accuracy,0.7599999904632568
MNIST_QNN_eff_su2_r5_d2_s44,ideal_shot,1024,8,2026,ibm_kingston,False,full_main_quantum_stack,test,target_loss,0.6531732082366943
MNIST_QNN_eff_su2_r5_d2_s44,ideal_shot,1024,8,2026,ibm_kingston,False,full_main_quantum_stack,test,n_records,100.0
MNIST_QNN_eff_su2_r5_d2_s44,ideal_shot,1024,8,2026,ibm_kingston,False,full_main_quantum_stack,membership,loss_auc,0.5750000000000001
MNIST_QNN_eff_su2_r5_d2_s44,ideal_shot,1024,8,2026,ibm_kingston,False,full_main_quantum_stack,membership,entropy_auc,0.5499
MNIST_QNN_eff_su2_r5_d2_s44,ideal_shot,1024,8,2026,ibm_kingston,False,full_main_quantum_stack,membership,confidence_auc,0.5466000000000001
MNIST_QNN_eff_su2_r5_d2_s44,ideal_shot,1024,8,2026,ibm_kingston,False,full_main_quantum_stack,membership,margin_auc,0.5475
MNIST_QNN_eff_su2_r5_d2_s44,ideal_shot,1024,8,2026,ibm_kingston,False,full_main_quantum_stack,membership,correctness_auc,0.5399999999999999
MNIST_QNN_eff_su2_r5_d2_s44,ideal_shot,1024,8,2026,ibm_kingston,False,full_main_quantum_stack,membership,max_probability_auc,0.5466000000000001
MNIST_QNN_eff_su2_r5_d2_s44,ideal_shot,1024,8,2026,ibm_kingston,False,full_main_quantum_stack,target,generalization_gap_accuracy,0.07999998331069946
MNIST_QNN_eff_su2_r5_d2_s44,ideal_shot,1024,9,2026,ibm_kingston,False,full_main_quantum_stack,train,target_accuracy,0.8299999833106995
MNIST_QNN_eff_su2_r5_d2_s44,ideal_shot,1024,9,2026,ibm_kingston,False,full_main_quantum_stack,train,target_loss,0.39417359232902527
MNIST_QNN_eff_su2_r5_d2_s44,ideal_shot,1024,9,2026,ibm_kingston,False,full_main_quantum_stack,train,n_records,100.0
MNIST_QNN_eff_su2_r5_d2_s44,ideal_shot,1024,9,2026,ibm_kingston,False,full_main_quantum_stack,test,target_accuracy,0.7300000190734863
MNIST_QNN_eff_su2_r5_d2_s44,ideal_shot,1024,9,2026,ibm_kingston,False,full_main_quantum_stack,test,target_loss,0.6738336086273193
MNIST_QNN_eff_su2_r5_d2_s44,ideal_shot,1024,9,2026,ibm_kingston,False,full_main_quantum_stack,test,n_records,100.0
MNIST_QNN_eff_su2_r5_d2_s44,ideal_shot,1024,9,2026,ibm_kingston,False,full_main_quantum_stack,membership,loss_auc,0.57315
MNIST_QNN_eff_su2_r5_d2_s44,ideal_shot,1024,9,2026,ibm_kingston,False,full_main_quantum_stack,membership,entropy_auc,0.5361
MNIST_QNN_eff_su2_r5_d2_s44,ideal_shot,1024,9,2026,ibm_kingston,False,full_main_quantum_stack,membership,confidence_auc,0.54155
MNIST_QNN_eff_su2_r5_d2_s44,ideal_shot,1024,9,2026,ibm_kingston,False,full_main_quantum_stack,membership,margin_auc,0.5448
MNIST_QNN_eff_su2_r5_d2_s44,ideal_shot,1024,9,2026,ibm_kingston,False,full_main_quantum_stack,membership,correctness_auc,0.55
MNIST_QNN_eff_su2_r5_d2_s44,ideal_shot,1024,9,2026,ibm_kingston,False,full_main_quantum_stack,membership,max_probability_auc,0.54155
MNIST_QNN_eff_su2_r5_d2_s44,ideal_shot,1024,9,2026,ibm_kingston,False,full_main_quantum_stack,target,generalization_gap_accuracy,0.09999996423721313
MNIST_QNN_eff_su2_r5_d2_s44,noisy_shot,128,0,2026,ibm_kingston,True,full_main_quantum_stack,train,target_accuracy,0.7599999904632568
MNIST_QNN_eff_su2_r5_d2_s44,noisy_shot,128,0,2026,ibm_kingston,True,full_main_quantum_stack,train,target_loss,0.5635794997215271
MNIST_QNN_eff_su2_r5_d2_s44,noisy_shot,128,0,2026,ibm_kingston,True,full_main_quantum_stack,train,n_records,100.0
MNIST_QNN_eff_su2_r5_d2_s44,noisy_shot,128,0,2026,ibm_kingston,True,full_main_quantum_stack,test,target_accuracy,0.6800000071525574
MNIST_QNN_eff_su2_r5_d2_s44,noisy_shot,128,0,2026,ibm_kingston,True,full_main_quantum_stack,test,target_loss,0.9477604031562805
MNIST_QNN_eff_su2_r5_d2_s44,noisy_shot,128,0,2026,ibm_kingston,True,full_main_quantum_stack,test,n_records,100.0
MNIST_QNN_eff_su2_r5_d2_s44,noisy_shot,128,0,2026,ibm_kingston,True,full_main_quantum_stack,membership,loss_auc,0.5809000000000001
MNIST_QNN_eff_su2_r5_d2_s44,noisy_shot,128,0,2026,ibm_kingston,True,full_main_quantum_stack,membership,entropy_auc,0.5201
MNIST_QNN_eff_su2_r5_d2_s44,noisy_shot,128,0,2026,ibm_kingston,True,full_main_quantum_stack,membership,confidence_auc,0.5121
MNIST_QNN_eff_su2_r5_d2_s44,noisy_shot,128,0,2026,ibm_kingston,True,full_main_quantum_stack,membership,margin_auc,0.5065
MNIST_QNN_eff_su2_r5_d2_s44,noisy_shot,128,0,2026,ibm_kingston,True,full_main_quantum_stack,membership,correctness_auc,0.54
MNIST_QNN_eff_su2_r5_d2_s44,noisy_shot,128,0,2026,ibm_kingston,True,full_main_quantum_stack,membership,max_probability_auc,0.5121
MNIST_QNN_eff_su2_r5_d2_s44,noisy_shot,128,0,2026,ibm_kingston,True,full_main_quantum_stack,target,generalization_gap_accuracy,0.07999998331069946
MNIST_QNN_eff_su2_r5_d2_s44,noisy_shot,128,1,2026,ibm_kingston,True,full_main_quantum_stack,train,target_accuracy,0.7300000190734863
MNIST_QNN_eff_su2_r5_d2_s44,noisy_shot,128,1,2026,ibm_kingston,True,full_main_quantum_stack,train,target_loss,0.616926372051239
MNIST_QNN_eff_su2_r5_d2_s44,noisy_shot,128,1,2026,ibm_kingston,True,full_main_quantum_stack,train,n_records,100.0
MNIST_QNN_eff_su2_r5_d2_s44,noisy_shot,128,1,2026,ibm_kingston,True,full_main_quantum_stack,test,target_accuracy,0.6499999761581421
MNIST_QNN_eff_su2_r5_d2_s44,noisy_shot,128,1,2026,ibm_kingston,True,full_main_quantum_stack,test,target_loss,0.9201756119728088
MNIST_QNN_eff_su2_r5_d2_s44,noisy_shot,128,1,2026,ibm_kingston,True,full_main_quantum_stack,test,n_records,100.0
MNIST_QNN_eff_su2_r5_d2_s44,noisy_shot,128,1,2026,ibm_kingston,True,full_main_quantum_stack,membership,loss_auc,0.6002
MNIST_QNN_eff_su2_r5_d2_s44,noisy_shot,128,1,2026,ibm_kingston,True,full_main_quantum_stack,membership,entropy_auc,0.5917
MNIST_QNN_eff_su2_r5_d2_s44,noisy_shot,128,1,2026,ibm_kingston,True,full_main_quantum_stack,membership,confidence_auc,0.5849
MNIST_QNN_eff_su2_r5_d2_s44,noisy_shot,128,1,2026,ibm_kingston,True,full_main_quantum_stack,membership,margin_auc,0.5811
MNIST_QNN_eff_su2_r5_d2_s44,noisy_shot,128,1,2026,ibm_kingston,True,full_main_quantum_stack,membership,correctness_auc,0.5399999999999999
MNIST_QNN_eff_su2_r5_d2_s44,noisy_shot,128,1,2026,ibm_kingston,True,full_main_quantum_stack,membership,max_probability_auc,0.5849
MNIST_QNN_eff_su2_r5_d2_s44,noisy_shot,128,1,2026,ibm_kingston,True,full_main_quantum_stack,target,generalization_gap_accuracy,0.08000004291534424
MNIST_QNN_eff_su2_r5_d2_s44,noisy_shot,128,2,2026,ibm_kingston,True,full_main_quantum_stack,train,target_accuracy,0.75
MNIST_QNN_eff_su2_r5_d2_s44,noisy_shot,128,2,2026,ibm_kingston,True,full_main_quantum_stack,train,target_loss,0.5940976142883301
MNIST_QNN_eff_su2_r5_d2_s44,noisy_shot,128,2,2026,ibm_kingston,True,full_main_quantum_stack,train,n_records,100.0
MNIST_QNN_eff_su2_r5_d2_s44,noisy_shot,128,2,2026,ibm_kingston,True,full_main_quantum_stack,test,target_accuracy,0.699999988079071
MNIST_QNN_eff_su2_r5_d2_s44,noisy_shot,128,2,2026,ibm_kingston,True,full_main_quantum_stack,test,target_loss,0.8442299365997314
MNIST_QNN_eff_su2_r5_d2_s44,noisy_shot,128,2,2026,ibm_kingston,True,full_main_quantum_stack,test,n_records,100.0
MNIST_QNN_eff_su2_r5_d2_s44,noisy_shot,128,2,2026,ibm_kingston,True,full_main_quantum_stack,membership,loss_auc,0.556
MNIST_QNN_eff_su2_r5_d2_s44,noisy_shot,128,2,2026,ibm_kingston,True,full_main_quantum_stack,membership,entropy_auc,0.512
MNIST_QNN_eff_su2_r5_d2_s44,noisy_shot,128,2,2026,ibm_kingston,True,full_main_quantum_stack,membership,confidence_auc,0.5083
MNIST_QNN_eff_su2_r5_d2_s44,noisy_shot,128,2,2026,ibm_kingston,True,full_main_quantum_stack,membership,margin_auc,0.5081
MNIST_QNN_eff_su2_r5_d2_s44,noisy_shot,128,2,2026,ibm_kingston,True,full_main_quantum_stack,membership,correctness_auc,0.525
MNIST_QNN_eff_su2_r5_d2_s44,noisy_shot,128,2,2026,ibm_kingston,True,full_main_quantum_stack,membership,max_probability_auc,0.5083
MNIST_QNN_eff_su2_r5_d2_s44,noisy_shot,128,2,2026,ibm_kingston,True,full_main_quantum_stack,target,generalization_gap_accuracy,0.050000011920928955
MNIST_QNN_eff_su2_r5_d2_s44,noisy_shot,128,3,2026,ibm_kingston,True,full_main_quantum_stack,train,target_accuracy,0.6899999976158142
MNIST_QNN_eff_su2_r5_d2_s44,noisy_shot,128,3,2026,ibm_kingston,True,full_main_quantum_stack,train,target_loss,0.6751114130020142
MNIST_QNN_eff_su2_r5_d2_s44,noisy_shot,128,3,2026,ibm_kingston,True,full_main_quantum_stack,train,n_records,100.0
MNIST_QNN_eff_su2_r5_d2_s44,noisy_shot,128,3,2026,ibm_kingston,True,full_main_quantum_stack,test,target_accuracy,0.699999988079071
MNIST_QNN_eff_su2_r5_d2_s44,noisy_shot,128,3,2026,ibm_kingston,True,full_main_quantum_stack,test,target_loss,0.9139243364334106
MNIST_QNN_eff_su2_r5_d2_s44,noisy_shot,128,3,2026,ibm_kingston,True,full_main_quantum_stack,test,n_records,100.0
MNIST_QNN_eff_su2_r5_d2_s44,noisy_shot,128,3,2026,ibm_kingston,True,full_main_quantum_stack,membership,loss_auc,0.518
MNIST_QNN_eff_su2_r5_d2_s44,noisy_shot,128,3,2026,ibm_kingston,True,full_main_quantum_stack,membership,entropy_auc,0.47080000000000005
MNIST_QNN_eff_su2_r5_d2_s44,noisy_shot,128,3,2026,ibm_kingston,True,full_main_quantum_stack,membership,confidence_auc,0.46780000000000005
MNIST_QNN_eff_su2_r5_d2_s44,noisy_shot,128,3,2026,ibm_kingston,True,full_main_quantum_stack,membership,margin_auc,0.4691000000000001
MNIST_QNN_eff_su2_r5_d2_s44,noisy_shot,128,3,2026,ibm_kingston,True,full_main_quantum_stack,membership,correctness_auc,0.495
MNIST_QNN_eff_su2_r5_d2_s44,noisy_shot,128,3,2026,ibm_kingston,True,full_main_quantum_stack,membership,max_probability_auc,0.46780000000000005
MNIST_QNN_eff_su2_r5_d2_s44,noisy_shot,128,3,2026,ibm_kingston,True,full_main_quantum_stack,target,generalization_gap_accuracy,-0.009999990463256836
MNIST_QNN_eff_su2_r5_d2_s44,noisy_shot,128,4,2026,ibm_kingston,True,full_main_quantum_stack,train,target_accuracy,0.7200000286102295
MNIST_QNN_eff_su2_r5_d2_s44,noisy_shot,128,4,2026,ibm_kingston,True,full_main_quantum_stack,train,target_loss,0.7116300463676453
MNIST_QNN_eff_su2_r5_d2_s44,noisy_shot,128,4,2026,ibm_kingston,True,full_main_quantum_stack,train,n_records,100.0
MNIST_QNN_eff_su2_r5_d2_s44,noisy_shot,128,4,2026,ibm_kingston,True,full_main_quantum_stack,test,target_accuracy,0.6399999856948853
MNIST_QNN_eff_su2_r5_d2_s44,noisy_shot,128,4,2026,ibm_kingston,True,full_main_quantum_stack,test,target_loss,0.939013659954071
MNIST_QNN_eff_su2_r5_d2_s44,noisy_shot,128,4,2026,ibm_kingston,True,full_main_quantum_stack,test,n_records,100.0
MNIST_QNN_eff_su2_r5_d2_s44,noisy_shot,128,4,2026,ibm_kingston,True,full_main_quantum_stack,membership,loss_auc,0.5378999999999999
MNIST_QNN_eff_su2_r5_d2_s44,noisy_shot,128,4,2026,ibm_kingston,True,full_main_quantum_stack,membership,entropy_auc,0.4831999999999999
MNIST_QNN_eff_su2_r5_d2_s44,noisy_shot,128,4,2026,ibm_kingston,True,full_main_quantum_stack,membership,confidence_auc,0.4836
MNIST_QNN_eff_su2_r5_d2_s44,noisy_shot,128,4,2026,ibm_kingston,True,full_main_quantum_stack,membership,margin_auc,0.48880000000000007
MNIST_QNN_eff_su2_r5_d2_s44,noisy_shot,128,4,2026,ibm_kingston,True,full_main_quantum_stack,membership,correctness_auc,0.54
MNIST_QNN_eff_su2_r5_d2_s44,noisy_shot,128,4,2026,ibm_kingston,True,full_main_quantum_stack,membership,max_probability_auc,0.4836
MNIST_QNN_eff_su2_r5_d2_s44,noisy_shot,128,4,2026,ibm_kingston,True,full_main_quantum_stack,target,generalization_gap_accuracy,0.08000004291534424
MNIST_QNN_eff_su2_r5_d2_s44,noisy_shot,128,5,2026,ibm_kingston,True,full_main_quantum_stack,train,target_accuracy,0.7599999904632568
MNIST_QNN_eff_su2_r5_d2_s44,noisy_shot,128,5,2026,ibm_kingston,True,full_main_quantum_stack,train,target_loss,0.542916476726532
MNIST_QNN_eff_su2_r5_d2_s44,noisy_shot,128,5,2026,ibm_kingston,True,full_main_quantum_stack,train,n_records,100.0
MNIST_QNN_eff_su2_r5_d2_s44,noisy_shot,128,5,2026,ibm_kingston,True,full_main_quantum_stack,test,target_accuracy,0.6399999856948853
MNIST_QNN_eff_su2_r5_d2_s44,noisy_shot,128,5,2026,ibm_kingston,True,full_main_quantum_stack,test,target_loss,1.0256643295288086
MNIST_QNN_eff_su2_r5_d2_s44,noisy_shot,128,5,2026,ibm_kingston,True,full_main_quantum_stack,test,n_records,100.0
MNIST_QNN_eff_su2_r5_d2_s44,noisy_shot,128,5,2026,ibm_kingston,True,full_main_quantum_stack,membership,loss_auc,0.6037
MNIST_QNN_eff_su2_r5_d2_s44,noisy_shot,128,5,2026,ibm_kingston,True,full_main_quantum_stack,membership,entropy_auc,0.5321
MNIST_QNN_eff_su2_r5_d2_s44,noisy_shot,128,5,2026,ibm_kingston,True,full_main_quantum_stack,membership,confidence_auc,0.5331
MNIST_QNN_eff_su2_r5_d2_s44,noisy_shot,128,5,2026,ibm_kingston,True,full_main_quantum_stack,membership,margin_auc,0.5298999999999999
MNIST_QNN_eff_su2_r5_d2_s44,noisy_shot,128,5,2026,ibm_kingston,True,full_main_quantum_stack,membership,correctness_auc,0.5599999999999999
MNIST_QNN_eff_su2_r5_d2_s44,noisy_shot,128,5,2026,ibm_kingston,True,full_main_quantum_stack,membership,max_probability_auc,0.5331
MNIST_QNN_eff_su2_r5_d2_s44,noisy_shot,128,5,2026,ibm_kingston,True,full_main_quantum_stack,target,generalization_gap_accuracy,0.12000000476837158
MNIST_QNN_eff_su2_r5_d2_s44,noisy_shot,128,6,2026,ibm_kingston,True,full_main_quantum_stack,train,target_accuracy,0.7300000190734863
MNIST_QNN_eff_su2_r5_d2_s44,noisy_shot,128,6,2026,ibm_kingston,True,full_main_quantum_stack,train,target_loss,0.6599826216697693
MNIST_QNN_eff_su2_r5_d2_s44,noisy_shot,128,6,2026,ibm_kingston,True,full_main_quantum_stack,train,n_records,100.0
MNIST_QNN_eff_su2_r5_d2_s44,noisy_shot,128,6,2026,ibm_kingston,True,full_main_quantum_stack,test,target_accuracy,0.6399999856948853
MNIST_QNN_eff_su2_r5_d2_s44,noisy_shot,128,6,2026,ibm_kingston,True,full_main_quantum_stack,test,target_loss,0.9143714308738708
MNIST_QNN_eff_su2_r5_d2_s44,noisy_shot,128,6,2026,ibm_kingston,True,full_main_quantum_stack,test,n_records,100.0
MNIST_QNN_eff_su2_r5_d2_s44,noisy_shot,128,6,2026,ibm_kingston,True,full_main_quantum_stack,membership,loss_auc,0.5456
MNIST_QNN_eff_su2_r5_d2_s44,noisy_shot,128,6,2026,ibm_kingston,True,full_main_quantum_stack,membership,entropy_auc,0.5084
MNIST_QNN_eff_su2_r5_d2_s44,noisy_shot,128,6,2026,ibm_kingston,True,full_main_quantum_stack,membership,confidence_auc,0.5064
MNIST_QNN_eff_su2_r5_d2_s44,noisy_shot,128,6,2026,ibm_kingston,True,full_main_quantum_stack,membership,margin_auc,0.5065
MNIST_QNN_eff_su2_r5_d2_s44,noisy_shot,128,6,2026,ibm_kingston,True,full_main_quantum_stack,membership,correctness_auc,0.545
MNIST_QNN_eff_su2_r5_d2_s44,noisy_shot,128,6,2026,ibm_kingston,True,full_main_quantum_stack,membership,max_probability_auc,0.5064
MNIST_QNN_eff_su2_r5_d2_s44,noisy_shot,128,6,2026,ibm_kingston,True,full_main_quantum_stack,target,generalization_gap_accuracy,0.09000003337860107
MNIST_QNN_eff_su2_r5_d2_s44,noisy_shot,128,7,2026,ibm_kingston,True,full_main_quantum_stack,train,target_accuracy,0.7099999785423279
MNIST_QNN_eff_su2_r5_d2_s44,noisy_shot,128,7,2026,ibm_kingston,True,full_main_quantum_stack,train,target_loss,0.7016336917877197
MNIST_QNN_eff_su2_r5_d2_s44,noisy_shot,128,7,2026,ibm_kingston,True,full_main_quantum_stack,train,n_records,100.0
MNIST_QNN_eff_su2_r5_d2_s44,noisy_shot,128,7,2026,ibm_kingston,True,full_main_quantum_stack,test,target_accuracy,0.699999988079071
MNIST_QNN_eff_su2_r5_d2_s44,noisy_shot,128,7,2026,ibm_kingston,True,full_main_quantum_stack,test,target_loss,0.8535189628601074
MNIST_QNN_eff_su2_r5_d2_s44,noisy_shot,128,7,2026,ibm_kingston,True,full_main_quantum_stack,test,n_records,100.0
MNIST_QNN_eff_su2_r5_d2_s44,noisy_shot,128,7,2026,ibm_kingston,True,full_main_quantum_stack,membership,loss_auc,0.5134000000000001
MNIST_QNN_eff_su2_r5_d2_s44,noisy_shot,128,7,2026,ibm_kingston,True,full_main_quantum_stack,membership,entropy_auc,0.4818
MNIST_QNN_eff_su2_r5_d2_s44,noisy_shot,128,7,2026,ibm_kingston,True,full_main_quantum_stack,membership,confidence_auc,0.4819
MNIST_QNN_eff_su2_r5_d2_s44,noisy_shot,128,7,2026,ibm_kingston,True,full_main_quantum_stack,membership,margin_auc,0.48439999999999994
MNIST_QNN_eff_su2_r5_d2_s44,noisy_shot,128,7,2026,ibm_kingston,True,full_main_quantum_stack,membership,correctness_auc,0.505
MNIST_QNN_eff_su2_r5_d2_s44,noisy_shot,128,7,2026,ibm_kingston,True,full_main_quantum_stack,membership,max_probability_auc,0.4819
MNIST_QNN_eff_su2_r5_d2_s44,noisy_shot,128,7,2026,ibm_kingston,True,full_main_quantum_stack,target,generalization_gap_accuracy,0.009999990463256836
MNIST_QNN_eff_su2_r5_d2_s44,noisy_shot,128,8,2026,ibm_kingston,True,full_main_quantum_stack,train,target_accuracy,0.75
MNIST_QNN_eff_su2_r5_d2_s44,noisy_shot,128,8,2026,ibm_kingston,True,full_main_quantum_stack,train,target_loss,0.561453104019165
MNIST_QNN_eff_su2_r5_d2_s44,noisy_shot,128,8,2026,ibm_kingston,True,full_main_quantum_stack,train,n_records,100.0
MNIST_QNN_eff_su2_r5_d2_s44,noisy_shot,128,8,2026,ibm_kingston,True,full_main_quantum_stack,test,target_accuracy,0.6499999761581421
MNIST_QNN_eff_su2_r5_d2_s44,noisy_shot,128,8,2026,ibm_kingston,True,full_main_quantum_stack,test,target_loss,0.8578858375549316
MNIST_QNN_eff_su2_r5_d2_s44,noisy_shot,128,8,2026,ibm_kingston,True,full_main_quantum_stack,test,n_records,100.0
MNIST_QNN_eff_su2_r5_d2_s44,noisy_shot,128,8,2026,ibm_kingston,True,full_main_quantum_stack,membership,loss_auc,0.5682
MNIST_QNN_eff_su2_r5_d2_s44,noisy_shot,128,8,2026,ibm_kingston,True,full_main_quantum_stack,membership,entropy_auc,0.5549
MNIST_QNN_eff_su2_r5_d2_s44,noisy_shot,128,8,2026,ibm_kingston,True,full_main_quantum_stack,membership,confidence_auc,0.5519
MNIST_QNN_eff_su2_r5_d2_s44,noisy_shot,128,8,2026,ibm_kingston,True,full_main_quantum_stack,membership,margin_auc,0.548
MNIST_QNN_eff_su2_r5_d2_s44,noisy_shot,128,8,2026,ibm_kingston,True,full_main_quantum_stack,membership,correctness_auc,0.55
MNIST_QNN_eff_su2_r5_d2_s44,noisy_shot,128,8,2026,ibm_kingston,True,full_main_quantum_stack,membership,max_probability_auc,0.5519
MNIST_QNN_eff_su2_r5_d2_s44,noisy_shot,128,8,2026,ibm_kingston,True,full_main_quantum_stack,target,generalization_gap_accuracy,0.10000002384185791
MNIST_QNN_eff_su2_r5_d2_s44,noisy_shot,128,9,2026,ibm_kingston,True,full_main_quantum_stack,train,target_accuracy,0.6800000071525574
MNIST_QNN_eff_su2_r5_d2_s44,noisy_shot,128,9,2026,ibm_kingston,True,full_main_quantum_stack,train,target_loss,0.8134897351264954
MNIST_QNN_eff_su2_r5_d2_s44,noisy_shot,128,9,2026,ibm_kingston,True,full_main_quantum_stack,train,n_records,100.0
MNIST_QNN_eff_su2_r5_d2_s44,noisy_shot,128,9,2026,ibm_kingston,True,full_main_quantum_stack,test,target_accuracy,0.6000000238418579
MNIST_QNN_eff_su2_r5_d2_s44,noisy_shot,128,9,2026,ibm_kingston,True,full_main_quantum_stack,test,target_loss,0.9885728359222412
MNIST_QNN_eff_su2_r5_d2_s44,noisy_shot,128,9,2026,ibm_kingston,True,full_main_quantum_stack,test,n_records,100.0
MNIST_QNN_eff_su2_r5_d2_s44,noisy_shot,128,9,2026,ibm_kingston,True,full_main_quantum_stack,membership,loss_auc,0.5661999999999999
MNIST_QNN_eff_su2_r5_d2_s44,noisy_shot,128,9,2026,ibm_kingston,True,full_main_quantum_stack,membership,entropy_auc,0.5676
MNIST_QNN_eff_su2_r5_d2_s44,noisy_shot,128,9,2026,ibm_kingston,True,full_main_quantum_stack,membership,confidence_auc,0.5756000000000001
MNIST_QNN_eff_su2_r5_d2_s44,noisy_shot,128,9,2026,ibm_kingston,True,full_main_quantum_stack,membership,margin_auc,0.5774
MNIST_QNN_eff_su2_r5_d2_s44,noisy_shot,128,9,2026,ibm_kingston,True,full_main_quantum_stack,membership,correctness_auc,0.54
MNIST_QNN_eff_su2_r5_d2_s44,noisy_shot,128,9,2026,ibm_kingston,True,full_main_quantum_stack,membership,max_probability_auc,0.5756000000000001
MNIST_QNN_eff_su2_r5_d2_s44,noisy_shot,128,9,2026,ibm_kingston,True,full_main_quantum_stack,target,generalization_gap_accuracy,0.07999998331069946
MNIST_QNN_eff_su2_r5_d2_s44,noisy_shot,512,0,2026,ibm_kingston,True,full_main_quantum_stack,train,target_accuracy,0.8199999928474426
MNIST_QNN_eff_su2_r5_d2_s44,noisy_shot,512,0,2026,ibm_kingston,True,full_main_quantum_stack,train,target_loss,0.45734450221061707
MNIST_QNN_eff_su2_r5_d2_s44,noisy_shot,512,0,2026,ibm_kingston,True,full_main_quantum_stack,train,n_records,100.0
MNIST_QNN_eff_su2_r5_d2_s44,noisy_shot,512,0,2026,ibm_kingston,True,full_main_quantum_stack,test,target_accuracy,0.7300000190734863
MNIST_QNN_eff_su2_r5_d2_s44,noisy_shot,512,0,2026,ibm_kingston,True,full_main_quantum_stack,test,target_loss,0.7326651215553284
MNIST_QNN_eff_su2_r5_d2_s44,noisy_shot,512,0,2026,ibm_kingston,True,full_main_quantum_stack,test,n_records,100.0
MNIST_QNN_eff_su2_r5_d2_s44,noisy_shot,512,0,2026,ibm_kingston,True,full_main_quantum_stack,membership,loss_auc,0.5697999999999999
MNIST_QNN_eff_su2_r5_d2_s44,noisy_shot,512,0,2026,ibm_kingston,True,full_main_quantum_stack,membership,entropy_auc,0.5263
MNIST_QNN_eff_su2_r5_d2_s44,noisy_shot,512,0,2026,ibm_kingston,True,full_main_quantum_stack,membership,confidence_auc,0.5281
MNIST_QNN_eff_su2_r5_d2_s44,noisy_shot,512,0,2026,ibm_kingston,True,full_main_quantum_stack,membership,margin_auc,0.5269
MNIST_QNN_eff_su2_r5_d2_s44,noisy_shot,512,0,2026,ibm_kingston,True,full_main_quantum_stack,membership,correctness_auc,0.5449999999999999
MNIST_QNN_eff_su2_r5_d2_s44,noisy_shot,512,0,2026,ibm_kingston,True,full_main_quantum_stack,membership,max_probability_auc,0.5281
MNIST_QNN_eff_su2_r5_d2_s44,noisy_shot,512,0,2026,ibm_kingston,True,full_main_quantum_stack,target,generalization_gap_accuracy,0.0899999737739563
MNIST_QNN_eff_su2_r5_d2_s44,noisy_shot,512,1,2026,ibm_kingston,True,full_main_quantum_stack,train,target_accuracy,0.8500000238418579
MNIST_QNN_eff_su2_r5_d2_s44,noisy_shot,512,1,2026,ibm_kingston,True,full_main_quantum_stack,train,target_loss,0.45837393403053284
MNIST_QNN_eff_su2_r5_d2_s44,noisy_shot,512,1,2026,ibm_kingston,True,full_main_quantum_stack,train,n_records,100.0
MNIST_QNN_eff_su2_r5_d2_s44,noisy_shot,512,1,2026,ibm_kingston,True,full_main_quantum_stack,test,target_accuracy,0.7400000095367432
MNIST_QNN_eff_su2_r5_d2_s44,noisy_shot,512,1,2026,ibm_kingston,True,full_main_quantum_stack,test,target_loss,0.6856837272644043
MNIST_QNN_eff_su2_r5_d2_s44,noisy_shot,512,1,2026,ibm_kingston,True,full_main_quantum_stack,test,n_records,100.0
MNIST_QNN_eff_su2_r5_d2_s44,noisy_shot,512,1,2026,ibm_kingston,True,full_main_quantum_stack,membership,loss_auc,0.5849
MNIST_QNN_eff_su2_r5_d2_s44,noisy_shot,512,1,2026,ibm_kingston,True,full_main_quantum_stack,membership,entropy_auc,0.558
MNIST_QNN_eff_su2_r5_d2_s44,noisy_shot,512,1,2026,ibm_kingston,True,full_main_quantum_stack,membership,confidence_auc,0.556
MNIST_QNN_eff_su2_r5_d2_s44,noisy_shot,512,1,2026,ibm_kingston,True,full_main_quantum_stack,membership,margin_auc,0.5539
MNIST_QNN_eff_su2_r5_d2_s44,noisy_shot,512,1,2026,ibm_kingston,True,full_main_quantum_stack,membership,correctness_auc,0.555
MNIST_QNN_eff_su2_r5_d2_s44,noisy_shot,512,1,2026,ibm_kingston,True,full_main_quantum_stack,membership,max_probability_auc,0.556
MNIST_QNN_eff_su2_r5_d2_s44,noisy_shot,512,1,2026,ibm_kingston,True,full_main_quantum_stack,target,generalization_gap_accuracy,0.11000001430511475
MNIST_QNN_eff_su2_r5_d2_s44,noisy_shot,512,2,2026,ibm_kingston,True,full_main_quantum_stack,train,target_accuracy,0.7900000214576721
MNIST_QNN_eff_su2_r5_d2_s44,noisy_shot,512,2,2026,ibm_kingston,True,full_main_quantum_stack,train,target_loss,0.47917231917381287
MNIST_QNN_eff_su2_r5_d2_s44,noisy_shot,512,2,2026,ibm_kingston,True,full_main_quantum_stack,train,n_records,100.0
MNIST_QNN_eff_su2_r5_d2_s44,noisy_shot,512,2,2026,ibm_kingston,True,full_main_quantum_stack,test,target_accuracy,0.7300000190734863
MNIST_QNN_eff_su2_r5_d2_s44,noisy_shot,512,2,2026,ibm_kingston,True,full_main_quantum_stack,test,target_loss,0.6917820572853088
MNIST_QNN_eff_su2_r5_d2_s44,noisy_shot,512,2,2026,ibm_kingston,True,full_main_quantum_stack,test,n_records,100.0
MNIST_QNN_eff_su2_r5_d2_s44,noisy_shot,512,2,2026,ibm_kingston,True,full_main_quantum_stack,membership,loss_auc,0.5532
MNIST_QNN_eff_su2_r5_d2_s44,noisy_shot,512,2,2026,ibm_kingston,True,full_main_quantum_stack,membership,entropy_auc,0.5053
MNIST_QNN_eff_su2_r5_d2_s44,noisy_shot,512,2,2026,ibm_kingston,True,full_main_quantum_stack,membership,confidence_auc,0.5043
MNIST_QNN_eff_su2_r5_d2_s44,noisy_shot,512,2,2026,ibm_kingston,True,full_main_quantum_stack,membership,margin_auc,0.5035999999999999
MNIST_QNN_eff_su2_r5_d2_s44,noisy_shot,512,2,2026,ibm_kingston,True,full_main_quantum_stack,membership,correctness_auc,0.53
MNIST_QNN_eff_su2_r5_d2_s44,noisy_shot,512,2,2026,ibm_kingston,True,full_main_quantum_stack,membership,max_probability_auc,0.5043
MNIST_QNN_eff_su2_r5_d2_s44,noisy_shot,512,2,2026,ibm_kingston,True,full_main_quantum_stack,target,generalization_gap_accuracy,0.06000000238418579
MNIST_QNN_eff_su2_r5_d2_s44,noisy_shot,512,3,2026,ibm_kingston,True,full_main_quantum_stack,train,target_accuracy,0.8399999737739563
MNIST_QNN_eff_su2_r5_d2_s44,noisy_shot,512,3,2026,ibm_kingston,True,full_main_quantum_stack,train,target_loss,0.48437604308128357
MNIST_QNN_eff_su2_r5_d2_s44,noisy_shot,512,3,2026,ibm_kingston,True,full_main_quantum_stack,train,n_records,100.0
MNIST_QNN_eff_su2_r5_d2_s44,noisy_shot,512,3,2026,ibm_kingston,True,full_main_quantum_stack,test,target_accuracy,0.7400000095367432
MNIST_QNN_eff_su2_r5_d2_s44,noisy_shot,512,3,2026,ibm_kingston,True,full_main_quantum_stack,test,target_loss,0.6908261775970459
MNIST_QNN_eff_su2_r5_d2_s44,noisy_shot,512,3,2026,ibm_kingston,True,full_main_quantum_stack,test,n_records,100.0
MNIST_QNN_eff_su2_r5_d2_s44,noisy_shot,512,3,2026,ibm_kingston,True,full_main_quantum_stack,membership,loss_auc,0.5637
MNIST_QNN_eff_su2_r5_d2_s44,noisy_shot,512,3,2026,ibm_kingston,True,full_main_quantum_stack,membership,entropy_auc,0.5357000000000001
MNIST_QNN_eff_su2_r5_d2_s44,noisy_shot,512,3,2026,ibm_kingston,True,full_main_quantum_stack,membership,confidence_auc,0.5351
MNIST_QNN_eff_su2_r5_d2_s44,noisy_shot,512,3,2026,ibm_kingston,True,full_main_quantum_stack,membership,margin_auc,0.5319
MNIST_QNN_eff_su2_r5_d2_s44,noisy_shot,512,3,2026,ibm_kingston,True,full_main_quantum_stack,membership,correctness_auc,0.5499999999999999
MNIST_QNN_eff_su2_r5_d2_s44,noisy_shot,512,3,2026,ibm_kingston,True,full_main_quantum_stack,membership,max_probability_auc,0.5351
MNIST_QNN_eff_su2_r5_d2_s44,noisy_shot,512,3,2026,ibm_kingston,True,full_main_quantum_stack,target,generalization_gap_accuracy,0.09999996423721313
MNIST_QNN_eff_su2_r5_d2_s44,noisy_shot,512,4,2026,ibm_kingston,True,full_main_quantum_stack,train,target_accuracy,0.7400000095367432
MNIST_QNN_eff_su2_r5_d2_s44,noisy_shot,512,4,2026,ibm_kingston,True,full_main_quantum_stack,train,target_loss,0.5114272832870483
MNIST_QNN_eff_su2_r5_d2_s44,noisy_shot,512,4,2026,ibm_kingston,True,full_main_quantum_stack,train,n_records,100.0
MNIST_QNN_eff_su2_r5_d2_s44,noisy_shot,512,4,2026,ibm_kingston,True,full_main_quantum_stack,test,target_accuracy,0.699999988079071
MNIST_QNN_eff_su2_r5_d2_s44,noisy_shot,512,4,2026,ibm_kingston,True,full_main_quantum_stack,test,target_loss,0.7159196734428406
MNIST_QNN_eff_su2_r5_d2_s44,noisy_shot,512,4,2026,ibm_kingston,True,full_main_quantum_stack,test,n_records,100.0
MNIST_QNN_eff_su2_r5_d2_s44,noisy_shot,512,4,2026,ibm_kingston,True,full_main_quantum_stack,membership,loss_auc,0.5509
MNIST_QNN_eff_su2_r5_d2_s44,noisy_shot,512,4,2026,ibm_kingston,True,full_main_quantum_stack,membership,entropy_auc,0.518
MNIST_QNN_eff_su2_r5_d2_s44,noisy_shot,512,4,2026,ibm_kingston,True,full_main_quantum_stack,membership,confidence_auc,0.5145
MNIST_QNN_eff_su2_r5_d2_s44,noisy_shot,512,4,2026,ibm_kingston,True,full_main_quantum_stack,membership,margin_auc,0.5166000000000001
MNIST_QNN_eff_su2_r5_d2_s44,noisy_shot,512,4,2026,ibm_kingston,True,full_main_quantum_stack,membership,correctness_auc,0.52
MNIST_QNN_eff_su2_r5_d2_s44,noisy_shot,512,4,2026,ibm_kingston,True,full_main_quantum_stack,membership,max_probability_auc,0.5145
MNIST_QNN_eff_su2_r5_d2_s44,noisy_shot,512,4,2026,ibm_kingston,True,full_main_quantum_stack,target,generalization_gap_accuracy,0.04000002145767212
MNIST_QNN_eff_su2_r5_d2_s44,noisy_shot,512,5,2026,ibm_kingston,True,full_main_quantum_stack,train,target_accuracy,0.800000011920929
MNIST_QNN_eff_su2_r5_d2_s44,noisy_shot,512,5,2026,ibm_kingston,True,full_main_quantum_stack,train,target_loss,0.4507879614830017
MNIST_QNN_eff_su2_r5_d2_s44,noisy_shot,512,5,2026,ibm_kingston,True,full_main_quantum_stack,train,n_records,100.0
MNIST_QNN_eff_su2_r5_d2_s44,noisy_shot,512,5,2026,ibm_kingston,True,full_main_quantum_stack,test,target_accuracy,0.699999988079071
MNIST_QNN_eff_su2_r5_d2_s44,noisy_shot,512,5,2026,ibm_kingston,True,full_main_quantum_stack,test,target_loss,0.7548425197601318
MNIST_QNN_eff_su2_r5_d2_s44,noisy_shot,512,5,2026,ibm_kingston,True,full_main_quantum_stack,test,n_records,100.0
MNIST_QNN_eff_su2_r5_d2_s44,noisy_shot,512,5,2026,ibm_kingston,True,full_main_quantum_stack,membership,loss_auc,0.5838
MNIST_QNN_eff_su2_r5_d2_s44,noisy_shot,512,5,2026,ibm_kingston,True,full_main_quantum_stack,membership,entropy_auc,0.5381
MNIST_QNN_eff_su2_r5_d2_s44,noisy_shot,512,5,2026,ibm_kingston,True,full_main_quantum_stack,membership,confidence_auc,0.5398000000000001
MNIST_QNN_eff_su2_r5_d2_s44,noisy_shot,512,5,2026,ibm_kingston,True,full_main_quantum_stack,membership,margin_auc,0.5376000000000001
MNIST_QNN_eff_su2_r5_d2_s44,noisy_shot,512,5,2026,ibm_kingston,True,full_main_quantum_stack,membership,correctness_auc,0.55
MNIST_QNN_eff_su2_r5_d2_s44,noisy_shot,512,5,2026,ibm_kingston,True,full_main_quantum_stack,membership,max_probability_auc,0.5398000000000001
MNIST_QNN_eff_su2_r5_d2_s44,noisy_shot,512,5,2026,ibm_kingston,True,full_main_quantum_stack,target,generalization_gap_accuracy,0.10000002384185791
MNIST_QNN_eff_su2_r5_d2_s44,noisy_shot,512,6,2026,ibm_kingston,True,full_main_quantum_stack,train,target_accuracy,0.7900000214576721
MNIST_QNN_eff_su2_r5_d2_s44,noisy_shot,512,6,2026,ibm_kingston,True,full_main_quantum_stack,train,target_loss,0.46917763352394104
MNIST_QNN_eff_su2_r5_d2_s44,noisy_shot,512,6,2026,ibm_kingston,True,full_main_quantum_stack,train,n_records,100.0
MNIST_QNN_eff_su2_r5_d2_s44,noisy_shot,512,6,2026,ibm_kingston,True,full_main_quantum_stack,test,target_accuracy,0.7099999785423279
MNIST_QNN_eff_su2_r5_d2_s44,noisy_shot,512,6,2026,ibm_kingston,True,full_main_quantum_stack,test,target_loss,0.7418935298919678
MNIST_QNN_eff_su2_r5_d2_s44,noisy_shot,512,6,2026,ibm_kingston,True,full_main_quantum_stack,test,n_records,100.0
MNIST_QNN_eff_su2_r5_d2_s44,noisy_shot,512,6,2026,ibm_kingston,True,full_main_quantum_stack,membership,loss_auc,0.5754
MNIST_QNN_eff_su2_r5_d2_s44,noisy_shot,512,6,2026,ibm_kingston,True,full_main_quantum_stack,membership,entropy_auc,0.5199
MNIST_QNN_eff_su2_r5_d2_s44,noisy_shot,512,6,2026,ibm_kingston,True,full_main_quantum_stack,membership,confidence_auc,0.5218
MNIST_QNN_eff_su2_r5_d2_s44,noisy_shot,512,6,2026,ibm_kingston,True,full_main_quantum_stack,membership,margin_auc,0.5237
MNIST_QNN_eff_su2_r5_d2_s44,noisy_shot,512,6,2026,ibm_kingston,True,full_main_quantum_stack,membership,correctness_auc,0.54
MNIST_QNN_eff_su2_r5_d2_s44,noisy_shot,512,6,2026,ibm_kingston,True,full_main_quantum_stack,membership,max_probability_auc,0.5218
MNIST_QNN_eff_su2_r5_d2_s44,noisy_shot,512,6,2026,ibm_kingston,True,full_main_quantum_stack,target,generalization_gap_accuracy,0.08000004291534424
MNIST_QNN_eff_su2_r5_d2_s44,noisy_shot,512,7,2026,ibm_kingston,True,full_main_quantum_stack,train,target_accuracy,0.8600000143051147
MNIST_QNN_eff_su2_r5_d2_s44,noisy_shot,512,7,2026,ibm_kingston,True,full_main_quantum_stack,train,target_loss,0.44010409712791443
MNIST_QNN_eff_su2_r5_d2_s44,noisy_shot,512,7,2026,ibm_kingston,True,full_main_quantum_stack,train,n_records,100.0
MNIST_QNN_eff_su2_r5_d2_s44,noisy_shot,512,7,2026,ibm_kingston,True,full_main_quantum_stack,test,target_accuracy,0.699999988079071
MNIST_QNN_eff_su2_r5_d2_s44,noisy_shot,512,7,2026,ibm_kingston,True,full_main_quantum_stack,test,target_loss,0.72343909740448
MNIST_QNN_eff_su2_r5_d2_s44,noisy_shot,512,7,2026,ibm_kingston,True,full_main_quantum_stack,test,n_records,100.0
MNIST_QNN_eff_su2_r5_d2_s44,noisy_shot,512,7,2026,ibm_kingston,True,full_main_quantum_stack,membership,loss_auc,0.5702
MNIST_QNN_eff_su2_r5_d2_s44,noisy_shot,512,7,2026,ibm_kingston,True,full_main_quantum_stack,membership,entropy_auc,0.5226999999999999
MNIST_QNN_eff_su2_r5_d2_s44,noisy_shot,512,7,2026,ibm_kingston,True,full_main_quantum_stack,membership,confidence_auc,0.506
MNIST_QNN_eff_su2_r5_d2_s44,noisy_shot,512,7,2026,ibm_kingston,True,full_main_quantum_stack,membership,margin_auc,0.4962
MNIST_QNN_eff_su2_r5_d2_s44,noisy_shot,512,7,2026,ibm_kingston,True,full_main_quantum_stack,membership,correctness_auc,0.5800000000000001
MNIST_QNN_eff_su2_r5_d2_s44,noisy_shot,512,7,2026,ibm_kingston,True,full_main_quantum_stack,membership,max_probability_auc,0.506
MNIST_QNN_eff_su2_r5_d2_s44,noisy_shot,512,7,2026,ibm_kingston,True,full_main_quantum_stack,target,generalization_gap_accuracy,0.1600000262260437
MNIST_QNN_eff_su2_r5_d2_s44,noisy_shot,512,8,2026,ibm_kingston,True,full_main_quantum_stack,train,target_accuracy,0.800000011920929
MNIST_QNN_eff_su2_r5_d2_s44,noisy_shot,512,8,2026,ibm_kingston,True,full_main_quantum_stack,train,target_loss,0.4865349531173706
MNIST_QNN_eff_su2_r5_d2_s44,noisy_shot,512,8,2026,ibm_kingston,True,full_main_quantum_stack,train,n_records,100.0
MNIST_QNN_eff_su2_r5_d2_s44,noisy_shot,512,8,2026,ibm_kingston,True,full_main_quantum_stack,test,target_accuracy,0.7099999785423279
MNIST_QNN_eff_su2_r5_d2_s44,noisy_shot,512,8,2026,ibm_kingston,True,full_main_quantum_stack,test,target_loss,0.7077361941337585
MNIST_QNN_eff_su2_r5_d2_s44,noisy_shot,512,8,2026,ibm_kingston,True,full_main_quantum_stack,test,n_records,100.0
MNIST_QNN_eff_su2_r5_d2_s44,noisy_shot,512,8,2026,ibm_kingston,True,full_main_quantum_stack,membership,loss_auc,0.5562
MNIST_QNN_eff_su2_r5_d2_s44,noisy_shot,512,8,2026,ibm_kingston,True,full_main_quantum_stack,membership,entropy_auc,0.5315
MNIST_QNN_eff_su2_r5_d2_s44,noisy_shot,512,8,2026,ibm_kingston,True,full_main_quantum_stack,membership,confidence_auc,0.5317000000000001
MNIST_QNN_eff_su2_r5_d2_s44,noisy_shot,512,8,2026,ibm_kingston,True,full_main_quantum_stack,membership,margin_auc,0.5312
MNIST_QNN_eff_su2_r5_d2_s44,noisy_shot,512,8,2026,ibm_kingston,True,full_main_quantum_stack,membership,correctness_auc,0.545
MNIST_QNN_eff_su2_r5_d2_s44,noisy_shot,512,8,2026,ibm_kingston,True,full_main_quantum_stack,membership,max_probability_auc,0.5317000000000001
MNIST_QNN_eff_su2_r5_d2_s44,noisy_shot,512,8,2026,ibm_kingston,True,full_main_quantum_stack,target,generalization_gap_accuracy,0.09000003337860107
MNIST_QNN_eff_su2_r5_d2_s44,noisy_shot,512,9,2026,ibm_kingston,True,full_main_quantum_stack,train,target_accuracy,0.800000011920929
MNIST_QNN_eff_su2_r5_d2_s44,noisy_shot,512,9,2026,ibm_kingston,True,full_main_quantum_stack,train,target_loss,0.4655216634273529
MNIST_QNN_eff_su2_r5_d2_s44,noisy_shot,512,9,2026,ibm_kingston,True,full_main_quantum_stack,train,n_records,100.0
MNIST_QNN_eff_su2_r5_d2_s44,noisy_shot,512,9,2026,ibm_kingston,True,full_main_quantum_stack,test,target_accuracy,0.75
MNIST_QNN_eff_su2_r5_d2_s44,noisy_shot,512,9,2026,ibm_kingston,True,full_main_quantum_stack,test,target_loss,0.6881245970726013
MNIST_QNN_eff_su2_r5_d2_s44,noisy_shot,512,9,2026,ibm_kingston,True,full_main_quantum_stack,test,n_records,100.0
MNIST_QNN_eff_su2_r5_d2_s44,noisy_shot,512,9,2026,ibm_kingston,True,full_main_quantum_stack,membership,loss_auc,0.5704000000000001
MNIST_QNN_eff_su2_r5_d2_s44,noisy_shot,512,9,2026,ibm_kingston,True,full_main_quantum_stack,membership,entropy_auc,0.5466
MNIST_QNN_eff_su2_r5_d2_s44,noisy_shot,512,9,2026,ibm_kingston,True,full_main_quantum_stack,membership,confidence_auc,0.5522
MNIST_QNN_eff_su2_r5_d2_s44,noisy_shot,512,9,2026,ibm_kingston,True,full_main_quantum_stack,membership,margin_auc,0.5539000000000001
MNIST_QNN_eff_su2_r5_d2_s44,noisy_shot,512,9,2026,ibm_kingston,True,full_main_quantum_stack,membership,correctness_auc,0.525
MNIST_QNN_eff_su2_r5_d2_s44,noisy_shot,512,9,2026,ibm_kingston,True,full_main_quantum_stack,membership,max_probability_auc,0.5522
MNIST_QNN_eff_su2_r5_d2_s44,noisy_shot,512,9,2026,ibm_kingston,True,full_main_quantum_stack,target,generalization_gap_accuracy,0.050000011920928955
MNIST_QNN_eff_su2_r5_d2_s44,noisy_shot,1024,0,2026,ibm_kingston,True,full_main_quantum_stack,train,target_accuracy,0.7799999713897705
MNIST_QNN_eff_su2_r5_d2_s44,noisy_shot,1024,0,2026,ibm_kingston,True,full_main_quantum_stack,train,target_loss,0.40992817282676697
MNIST_QNN_eff_su2_r5_d2_s44,noisy_shot,1024,0,2026,ibm_kingston,True,full_main_quantum_stack,train,n_records,100.0
MNIST_QNN_eff_su2_r5_d2_s44,noisy_shot,1024,0,2026,ibm_kingston,True,full_main_quantum_stack,test,target_accuracy,0.7300000190734863
MNIST_QNN_eff_su2_r5_d2_s44,noisy_shot,1024,0,2026,ibm_kingston,True,full_main_quantum_stack,test,target_loss,0.6911032795906067
MNIST_QNN_eff_su2_r5_d2_s44,noisy_shot,1024,0,2026,ibm_kingston,True,full_main_quantum_stack,test,n_records,100.0
MNIST_QNN_eff_su2_r5_d2_s44,noisy_shot,1024,0,2026,ibm_kingston,True,full_main_quantum_stack,membership,loss_auc,0.5695
MNIST_QNN_eff_su2_r5_d2_s44,noisy_shot,1024,0,2026,ibm_kingston,True,full_main_quantum_stack,membership,entropy_auc,0.5322
MNIST_QNN_eff_su2_r5_d2_s44,noisy_shot,1024,0,2026,ibm_kingston,True,full_main_quantum_stack,membership,confidence_auc,0.5213
MNIST_QNN_eff_su2_r5_d2_s44,noisy_shot,1024,0,2026,ibm_kingston,True,full_main_quantum_stack,membership,margin_auc,0.5174
MNIST_QNN_eff_su2_r5_d2_s44,noisy_shot,1024,0,2026,ibm_kingston,True,full_main_quantum_stack,membership,correctness_auc,0.525
MNIST_QNN_eff_su2_r5_d2_s44,noisy_shot,1024,0,2026,ibm_kingston,True,full_main_quantum_stack,membership,max_probability_auc,0.5213
MNIST_QNN_eff_su2_r5_d2_s44,noisy_shot,1024,0,2026,ibm_kingston,True,full_main_quantum_stack,target,generalization_gap_accuracy,0.04999995231628418
MNIST_QNN_eff_su2_r5_d2_s44,noisy_shot,1024,1,2026,ibm_kingston,True,full_main_quantum_stack,train,target_accuracy,0.8600000143051147
MNIST_QNN_eff_su2_r5_d2_s44,noisy_shot,1024,1,2026,ibm_kingston,True,full_main_quantum_stack,train,target_loss,0.4397885203361511
MNIST_QNN_eff_su2_r5_d2_s44,noisy_shot,1024,1,2026,ibm_kingston,True,full_main_quantum_stack,train,n_records,100.0
MNIST_QNN_eff_su2_r5_d2_s44,noisy_shot,1024,1,2026,ibm_kingston,True,full_main_quantum_stack,test,target_accuracy,0.7200000286102295
MNIST_QNN_eff_su2_r5_d2_s44,noisy_shot,1024,1,2026,ibm_kingston,True,full_main_quantum_stack,test,target_loss,0.6882783770561218
MNIST_QNN_eff_su2_r5_d2_s44,noisy_shot,1024,1,2026,ibm_kingston,True,full_main_quantum_stack,test,n_records,100.0
MNIST_QNN_eff_su2_r5_d2_s44,noisy_shot,1024,1,2026,ibm_kingston,True,full_main_quantum_stack,membership,loss_auc,0.5683
MNIST_QNN_eff_su2_r5_d2_s44,noisy_shot,1024,1,2026,ibm_kingston,True,full_main_quantum_stack,membership,entropy_auc,0.5349999999999999
MNIST_QNN_eff_su2_r5_d2_s44,noisy_shot,1024,1,2026,ibm_kingston,True,full_main_quantum_stack,membership,confidence_auc,0.5295000000000001
MNIST_QNN_eff_su2_r5_d2_s44,noisy_shot,1024,1,2026,ibm_kingston,True,full_main_quantum_stack,membership,margin_auc,0.5304
MNIST_QNN_eff_su2_r5_d2_s44,noisy_shot,1024,1,2026,ibm_kingston,True,full_main_quantum_stack,membership,correctness_auc,0.5700000000000001
MNIST_QNN_eff_su2_r5_d2_s44,noisy_shot,1024,1,2026,ibm_kingston,True,full_main_quantum_stack,membership,max_probability_auc,0.5295000000000001
MNIST_QNN_eff_su2_r5_d2_s44,noisy_shot,1024,1,2026,ibm_kingston,True,full_main_quantum_stack,target,generalization_gap_accuracy,0.13999998569488525
MNIST_QNN_eff_su2_r5_d2_s44,noisy_shot,1024,2,2026,ibm_kingston,True,full_main_quantum_stack,train,target_accuracy,0.8299999833106995
MNIST_QNN_eff_su2_r5_d2_s44,noisy_shot,1024,2,2026,ibm_kingston,True,full_main_quantum_stack,train,target_loss,0.41528064012527466
MNIST_QNN_eff_su2_r5_d2_s44,noisy_shot,1024,2,2026,ibm_kingston,True,full_main_quantum_stack,train,n_records,100.0
MNIST_QNN_eff_su2_r5_d2_s44,noisy_shot,1024,2,2026,ibm_kingston,True,full_main_quantum_stack,test,target_accuracy,0.7099999785423279
MNIST_QNN_eff_su2_r5_d2_s44,noisy_shot,1024,2,2026,ibm_kingston,True,full_main_quantum_stack,test,target_loss,0.6925343871116638
MNIST_QNN_eff_su2_r5_d2_s44,noisy_shot,1024,2,2026,ibm_kingston,True,full_main_quantum_stack,test,n_records,100.0
MNIST_QNN_eff_su2_r5_d2_s44,noisy_shot,1024,2,2026,ibm_kingston,True,full_main_quantum_stack,membership,loss_auc,0.5794999999999999
MNIST_QNN_eff_su2_r5_d2_s44,noisy_shot,1024,2,2026,ibm_kingston,True,full_main_quantum_stack,membership,entropy_auc,0.53
MNIST_QNN_eff_su2_r5_d2_s44,noisy_shot,1024,2,2026,ibm_kingston,True,full_main_quantum_stack,membership,confidence_auc,0.5272
MNIST_QNN_eff_su2_r5_d2_s44,noisy_shot,1024,2,2026,ibm_kingston,True,full_main_quantum_stack,membership,margin_auc,0.5326000000000001
MNIST_QNN_eff_su2_r5_d2_s44,noisy_shot,1024,2,2026,ibm_kingston,True,full_main_quantum_stack,membership,correctness_auc,0.56
MNIST_QNN_eff_su2_r5_d2_s44,noisy_shot,1024,2,2026,ibm_kingston,True,full_main_quantum_stack,membership,max_probability_auc,0.5272
MNIST_QNN_eff_su2_r5_d2_s44,noisy_shot,1024,2,2026,ibm_kingston,True,full_main_quantum_stack,target,generalization_gap_accuracy,0.12000000476837158
MNIST_QNN_eff_su2_r5_d2_s44,noisy_shot,1024,3,2026,ibm_kingston,True,full_main_quantum_stack,train,target_accuracy,0.8399999737739563
MNIST_QNN_eff_su2_r5_d2_s44,noisy_shot,1024,3,2026,ibm_kingston,True,full_main_quantum_stack,train,target_loss,0.41438519954681396
MNIST_QNN_eff_su2_r5_d2_s44,noisy_shot,1024,3,2026,ibm_kingston,True,full_main_quantum_stack,train,n_records,100.0
MNIST_QNN_eff_su2_r5_d2_s44,noisy_shot,1024,3,2026,ibm_kingston,True,full_main_quantum_stack,test,target_accuracy,0.7599999904632568
MNIST_QNN_eff_su2_r5_d2_s44,noisy_shot,1024,3,2026,ibm_kingston,True,full_main_quantum_stack,test,target_loss,0.6414030194282532
MNIST_QNN_eff_su2_r5_d2_s44,noisy_shot,1024,3,2026,ibm_kingston,True,full_main_quantum_stack,test,n_records,100.0
MNIST_QNN_eff_su2_r5_d2_s44,noisy_shot,1024,3,2026,ibm_kingston,True,full_main_quantum_stack,membership,loss_auc,0.5795
MNIST_QNN_eff_su2_r5_d2_s44,noisy_shot,1024,3,2026,ibm_kingston,True,full_main_quantum_stack,membership,entropy_auc,0.5478
MNIST_QNN_eff_su2_r5_d2_s44,noisy_shot,1024,3,2026,ibm_kingston,True,full_main_quantum_stack,membership,confidence_auc,0.5449
MNIST_QNN_eff_su2_r5_d2_s44,noisy_shot,1024,3,2026,ibm_kingston,True,full_main_quantum_stack,membership,margin_auc,0.5438000000000001
MNIST_QNN_eff_su2_r5_d2_s44,noisy_shot,1024,3,2026,ibm_kingston,True,full_main_quantum_stack,membership,correctness_auc,0.5399999999999999
MNIST_QNN_eff_su2_r5_d2_s44,noisy_shot,1024,3,2026,ibm_kingston,True,full_main_quantum_stack,membership,max_probability_auc,0.5449
MNIST_QNN_eff_su2_r5_d2_s44,noisy_shot,1024,3,2026,ibm_kingston,True,full_main_quantum_stack,target,generalization_gap_accuracy,0.07999998331069946
MNIST_QNN_eff_su2_r5_d2_s44,noisy_shot,1024,4,2026,ibm_kingston,True,full_main_quantum_stack,train,target_accuracy,0.8199999928474426
MNIST_QNN_eff_su2_r5_d2_s44,noisy_shot,1024,4,2026,ibm_kingston,True,full_main_quantum_stack,train,target_loss,0.44459474086761475
MNIST_QNN_eff_su2_r5_d2_s44,noisy_shot,1024,4,2026,ibm_kingston,True,full_main_quantum_stack,train,n_records,100.0
MNIST_QNN_eff_su2_r5_d2_s44,noisy_shot,1024,4,2026,ibm_kingston,True,full_main_quantum_stack,test,target_accuracy,0.7400000095367432
MNIST_QNN_eff_su2_r5_d2_s44,noisy_shot,1024,4,2026,ibm_kingston,True,full_main_quantum_stack,test,target_loss,0.6896526217460632
MNIST_QNN_eff_su2_r5_d2_s44,noisy_shot,1024,4,2026,ibm_kingston,True,full_main_quantum_stack,test,n_records,100.0
MNIST_QNN_eff_su2_r5_d2_s44,noisy_shot,1024,4,2026,ibm_kingston,True,full_main_quantum_stack,membership,loss_auc,0.5653
MNIST_QNN_eff_su2_r5_d2_s44,noisy_shot,1024,4,2026,ibm_kingston,True,full_main_quantum_stack,membership,entropy_auc,0.5378999999999999
MNIST_QNN_eff_su2_r5_d2_s44,noisy_shot,1024,4,2026,ibm_kingston,True,full_main_quantum_stack,membership,confidence_auc,0.5261
MNIST_QNN_eff_su2_r5_d2_s44,noisy_shot,1024,4,2026,ibm_kingston,True,full_main_quantum_stack,membership,margin_auc,0.5209
MNIST_QNN_eff_su2_r5_d2_s44,noisy_shot,1024,4,2026,ibm_kingston,True,full_main_quantum_stack,membership,correctness_auc,0.54
MNIST_QNN_eff_su2_r5_d2_s44,noisy_shot,1024,4,2026,ibm_kingston,True,full_main_quantum_stack,membership,max_probability_auc,0.5261
MNIST_QNN_eff_su2_r5_d2_s44,noisy_shot,1024,4,2026,ibm_kingston,True,full_main_quantum_stack,target,generalization_gap_accuracy,0.07999998331069946
MNIST_QNN_eff_su2_r5_d2_s44,noisy_shot,1024,5,2026,ibm_kingston,True,full_main_quantum_stack,train,target_accuracy,0.7799999713897705
MNIST_QNN_eff_su2_r5_d2_s44,noisy_shot,1024,5,2026,ibm_kingston,True,full_main_quantum_stack,train,target_loss,0.4339580833911896
MNIST_QNN_eff_su2_r5_d2_s44,noisy_shot,1024,5,2026,ibm_kingston,True,full_main_quantum_stack,train,n_records,100.0
MNIST_QNN_eff_su2_r5_d2_s44,noisy_shot,1024,5,2026,ibm_kingston,True,full_main_quantum_stack,test,target_accuracy,0.7099999785423279
MNIST_QNN_eff_su2_r5_d2_s44,noisy_shot,1024,5,2026,ibm_kingston,True,full_main_quantum_stack,test,target_loss,0.735924243927002
MNIST_QNN_eff_su2_r5_d2_s44,noisy_shot,1024,5,2026,ibm_kingston,True,full_main_quantum_stack,test,n_records,100.0
MNIST_QNN_eff_su2_r5_d2_s44,noisy_shot,1024,5,2026,ibm_kingston,True,full_main_quantum_stack,membership,loss_auc,0.5797
MNIST_QNN_eff_su2_r5_d2_s44,noisy_shot,1024,5,2026,ibm_kingston,True,full_main_quantum_stack,membership,entropy_auc,0.5382
MNIST_QNN_eff_su2_r5_d2_s44,noisy_shot,1024,5,2026,ibm_kingston,True,full_main_quantum_stack,membership,confidence_auc,0.5252
MNIST_QNN_eff_su2_r5_d2_s44,noisy_shot,1024,5,2026,ibm_kingston,True,full_main_quantum_stack,membership,margin_auc,0.5222
MNIST_QNN_eff_su2_r5_d2_s44,noisy_shot,1024,5,2026,ibm_kingston,True,full_main_quantum_stack,membership,correctness_auc,0.535
MNIST_QNN_eff_su2_r5_d2_s44,noisy_shot,1024,5,2026,ibm_kingston,True,full_main_quantum_stack,membership,max_probability_auc,0.5252
MNIST_QNN_eff_su2_r5_d2_s44,noisy_shot,1024,5,2026,ibm_kingston,True,full_main_quantum_stack,target,generalization_gap_accuracy,0.06999999284744263
MNIST_QNN_eff_su2_r5_d2_s44,noisy_shot,1024,6,2026,ibm_kingston,True,full_main_quantum_stack,train,target_accuracy,0.8299999833106995
MNIST_QNN_eff_su2_r5_d2_s44,noisy_shot,1024,6,2026,ibm_kingston,True,full_main_quantum_stack,train,target_loss,0.4190087914466858
MNIST_QNN_eff_su2_r5_d2_s44,noisy_shot,1024,6,2026,ibm_kingston,True,full_main_quantum_stack,train,n_records,100.0
MNIST_QNN_eff_su2_r5_d2_s44,noisy_shot,1024,6,2026,ibm_kingston,True,full_main_quantum_stack,test,target_accuracy,0.7699999809265137
MNIST_QNN_eff_su2_r5_d2_s44,noisy_shot,1024,6,2026,ibm_kingston,True,full_main_quantum_stack,test,target_loss,0.6947692036628723
MNIST_QNN_eff_su2_r5_d2_s44,noisy_shot,1024,6,2026,ibm_kingston,True,full_main_quantum_stack,test,n_records,100.0
MNIST_QNN_eff_su2_r5_d2_s44,noisy_shot,1024,6,2026,ibm_kingston,True,full_main_quantum_stack,membership,loss_auc,0.5776
MNIST_QNN_eff_su2_r5_d2_s44,noisy_shot,1024,6,2026,ibm_kingston,True,full_main_quantum_stack,membership,entropy_auc,0.5306
MNIST_QNN_eff_su2_r5_d2_s44,noisy_shot,1024,6,2026,ibm_kingston,True,full_main_quantum_stack,membership,confidence_auc,0.5318
MNIST_QNN_eff_su2_r5_d2_s44,noisy_shot,1024,6,2026,ibm_kingston,True,full_main_quantum_stack,membership,margin_auc,0.5375
MNIST_QNN_eff_su2_r5_d2_s44,noisy_shot,1024,6,2026,ibm_kingston,True,full_main_quantum_stack,membership,correctness_auc,0.53
MNIST_QNN_eff_su2_r5_d2_s44,noisy_shot,1024,6,2026,ibm_kingston,True,full_main_quantum_stack,membership,max_probability_auc,0.5318
MNIST_QNN_eff_su2_r5_d2_s44,noisy_shot,1024,6,2026,ibm_kingston,True,full_main_quantum_stack,target,generalization_gap_accuracy,0.06000000238418579
MNIST_QNN_eff_su2_r5_d2_s44,noisy_shot,1024,7,2026,ibm_kingston,True,full_main_quantum_stack,train,target_accuracy,0.8199999928474426
MNIST_QNN_eff_su2_r5_d2_s44,noisy_shot,1024,7,2026,ibm_kingston,True,full_main_quantum_stack,train,target_loss,0.4224100112915039
MNIST_QNN_eff_su2_r5_d2_s44,noisy_shot,1024,7,2026,ibm_kingston,True,full_main_quantum_stack,train,n_records,100.0
MNIST_QNN_eff_su2_r5_d2_s44,noisy_shot,1024,7,2026,ibm_kingston,True,full_main_quantum_stack,test,target_accuracy,0.7400000095367432
MNIST_QNN_eff_su2_r5_d2_s44,noisy_shot,1024,7,2026,ibm_kingston,True,full_main_quantum_stack,test,target_loss,0.6845301985740662
MNIST_QNN_eff_su2_r5_d2_s44,noisy_shot,1024,7,2026,ibm_kingston,True,full_main_quantum_stack,test,n_records,100.0
MNIST_QNN_eff_su2_r5_d2_s44,noisy_shot,1024,7,2026,ibm_kingston,True,full_main_quantum_stack,membership,loss_auc,0.5786
MNIST_QNN_eff_su2_r5_d2_s44,noisy_shot,1024,7,2026,ibm_kingston,True,full_main_quantum_stack,membership,entropy_auc,0.5428999999999999
MNIST_QNN_eff_su2_r5_d2_s44,noisy_shot,1024,7,2026,ibm_kingston,True,full_main_quantum_stack,membership,confidence_auc,0.5392
MNIST_QNN_eff_su2_r5_d2_s44,noisy_shot,1024,7,2026,ibm_kingston,True,full_main_quantum_stack,membership,margin_auc,0.5338
MNIST_QNN_eff_su2_r5_d2_s44,noisy_shot,1024,7,2026,ibm_kingston,True,full_main_quantum_stack,membership,correctness_auc,0.54
MNIST_QNN_eff_su2_r5_d2_s44,noisy_shot,1024,7,2026,ibm_kingston,True,full_main_quantum_stack,membership,max_probability_auc,0.5392
MNIST_QNN_eff_su2_r5_d2_s44,noisy_shot,1024,7,2026,ibm_kingston,True,full_main_quantum_stack,target,generalization_gap_accuracy,0.07999998331069946
MNIST_QNN_eff_su2_r5_d2_s44,noisy_shot,1024,8,2026,ibm_kingston,True,full_main_quantum_stack,train,target_accuracy,0.8500000238418579
MNIST_QNN_eff_su2_r5_d2_s44,noisy_shot,1024,8,2026,ibm_kingston,True,full_main_quantum_stack,train,target_loss,0.42221537232398987
MNIST_QNN_eff_su2_r5_d2_s44,noisy_shot,1024,8,2026,ibm_kingston,True,full_main_quantum_stack,train,n_records,100.0
MNIST_QNN_eff_su2_r5_d2_s44,noisy_shot,1024,8,2026,ibm_kingston,True,full_main_quantum_stack,test,target_accuracy,0.7200000286102295
MNIST_QNN_eff_su2_r5_d2_s44,noisy_shot,1024,8,2026,ibm_kingston,True,full_main_quantum_stack,test,target_loss,0.6879699230194092
MNIST_QNN_eff_su2_r5_d2_s44,noisy_shot,1024,8,2026,ibm_kingston,True,full_main_quantum_stack,test,n_records,100.0
MNIST_QNN_eff_su2_r5_d2_s44,noisy_shot,1024,8,2026,ibm_kingston,True,full_main_quantum_stack,membership,loss_auc,0.5808
MNIST_QNN_eff_su2_r5_d2_s44,noisy_shot,1024,8,2026,ibm_kingston,True,full_main_quantum_stack,membership,entropy_auc,0.5455999999999999
MNIST_QNN_eff_su2_r5_d2_s44,noisy_shot,1024,8,2026,ibm_kingston,True,full_main_quantum_stack,membership,confidence_auc,0.544
MNIST_QNN_eff_su2_r5_d2_s44,noisy_shot,1024,8,2026,ibm_kingston,True,full_main_quantum_stack,membership,margin_auc,0.5451
MNIST_QNN_eff_su2_r5_d2_s44,noisy_shot,1024,8,2026,ibm_kingston,True,full_main_quantum_stack,membership,correctness_auc,0.5650000000000001
MNIST_QNN_eff_su2_r5_d2_s44,noisy_shot,1024,8,2026,ibm_kingston,True,full_main_quantum_stack,membership,max_probability_auc,0.544
MNIST_QNN_eff_su2_r5_d2_s44,noisy_shot,1024,8,2026,ibm_kingston,True,full_main_quantum_stack,target,generalization_gap_accuracy,0.12999999523162842
MNIST_QNN_eff_su2_r5_d2_s44,noisy_shot,1024,9,2026,ibm_kingston,True,full_main_quantum_stack,train,target_accuracy,0.8299999833106995
MNIST_QNN_eff_su2_r5_d2_s44,noisy_shot,1024,9,2026,ibm_kingston,True,full_main_quantum_stack,train,target_loss,0.43086764216423035
MNIST_QNN_eff_su2_r5_d2_s44,noisy_shot,1024,9,2026,ibm_kingston,True,full_main_quantum_stack,train,n_records,100.0
MNIST_QNN_eff_su2_r5_d2_s44,noisy_shot,1024,9,2026,ibm_kingston,True,full_main_quantum_stack,test,target_accuracy,0.7300000190734863
MNIST_QNN_eff_su2_r5_d2_s44,noisy_shot,1024,9,2026,ibm_kingston,True,full_main_quantum_stack,test,target_loss,0.6696704030036926
MNIST_QNN_eff_su2_r5_d2_s44,noisy_shot,1024,9,2026,ibm_kingston,True,full_main_quantum_stack,test,n_records,100.0
MNIST_QNN_eff_su2_r5_d2_s44,noisy_shot,1024,9,2026,ibm_kingston,True,full_main_quantum_stack,membership,loss_auc,0.5651999999999999
MNIST_QNN_eff_su2_r5_d2_s44,noisy_shot,1024,9,2026,ibm_kingston,True,full_main_quantum_stack,membership,entropy_auc,0.526
MNIST_QNN_eff_su2_r5_d2_s44,noisy_shot,1024,9,2026,ibm_kingston,True,full_main_quantum_stack,membership,confidence_auc,0.5363
MNIST_QNN_eff_su2_r5_d2_s44,noisy_shot,1024,9,2026,ibm_kingston,True,full_main_quantum_stack,membership,margin_auc,0.5458999999999999
MNIST_QNN_eff_su2_r5_d2_s44,noisy_shot,1024,9,2026,ibm_kingston,True,full_main_quantum_stack,membership,correctness_auc,0.55
MNIST_QNN_eff_su2_r5_d2_s44,noisy_shot,1024,9,2026,ibm_kingston,True,full_main_quantum_stack,membership,max_probability_auc,0.5363
MNIST_QNN_eff_su2_r5_d2_s44,noisy_shot,1024,9,2026,ibm_kingston,True,full_main_quantum_stack,target,generalization_gap_accuracy,0.09999996423721313
