scope,scope_id,mode,shots,attack,reference_count,nominal_fpr,n_replicates,actual_fpr_median,actual_fpr_q05,actual_fpr_q95,calibrated_tpr_median,calibrated_tpr_q05,calibrated_tpr_q95
cell,eff_su2_r1_d2,ideal_shot,1024,affine_channel_lira,16,0.01,10,0.013333333333333334,0.006666666666666667,0.016999999999999994,0.013333333333333334,0.006333333333333333,0.018499999999999996
cell,eff_su2_r1_d2,ideal_shot,1024,affine_channel_lira,16,0.05,10,0.051666666666666666,0.036333333333333336,0.06666666666666667,0.043333333333333335,0.034833333333333334,0.051833333333333335
cell,eff_su2_r1_d2,ideal_shot,1024,affine_channel_lira,4,0.01,10,0.01,0.003,0.018833333333333323,0.006666666666666667,0.0015,0.013333333333333334
cell,eff_su2_r1_d2,ideal_shot,1024,affine_channel_lira,4,0.05,10,0.05,0.043000000000000003,0.06516666666666666,0.03333333333333333,0.02266666666666667,0.043333333333333335
cell,eff_su2_r1_d2,ideal_shot,1024,affine_channel_lira,8,0.01,10,0.01,0.006666666666666667,0.016666666666666666,0.015,0.003,0.02183333333333333
cell,eff_su2_r1_d2,ideal_shot,1024,affine_channel_lira,8,0.05,10,0.05333333333333334,0.042666666666666665,0.06516666666666666,0.05333333333333334,0.04816666666666667,0.07
cell,eff_su2_r1_d2,ideal_shot,1024,deconvolved_lira,16,0.01,10,0.01,0.0033333333333333335,0.016666666666666666,0.006666666666666667,0.004833333333333334,0.013333333333333334
cell,eff_su2_r1_d2,ideal_shot,1024,deconvolved_lira,16,0.05,10,0.055,0.036333333333333336,0.06366666666666666,0.043333333333333335,0.026333333333333334,0.051833333333333335
cell,eff_su2_r1_d2,ideal_shot,1024,deconvolved_lira,4,0.01,10,0.011666666666666667,0.004833333333333334,0.016666666666666666,0.008333333333333333,0.0015,0.016999999999999994
cell,eff_su2_r1_d2,ideal_shot,1024,deconvolved_lira,4,0.05,10,0.051666666666666666,0.036333333333333336,0.06183333333333333,0.035,0.024833333333333336,0.048833333333333326
cell,eff_su2_r1_d2,ideal_shot,1024,deconvolved_lira,8,0.01,10,0.01,0.006666666666666667,0.020666666666666653,0.008333333333333333,0.0033333333333333335,0.018499999999999996
cell,eff_su2_r1_d2,ideal_shot,1024,deconvolved_lira,8,0.05,10,0.04833333333333334,0.0415,0.06516666666666666,0.055,0.03966666666666667,0.07033333333333333
cell,eff_su2_r1_d2,ideal_shot,1024,empirical_channel_lira,16,0.01,10,0.013333333333333334,0.0033333333333333335,0.016666666666666666,0.013333333333333334,0.0033333333333333335,0.02
cell,eff_su2_r1_d2,ideal_shot,1024,empirical_channel_lira,16,0.05,10,0.04833333333333334,0.043333333333333335,0.06516666666666666,0.055,0.0415,0.06366666666666666
cell,eff_su2_r1_d2,ideal_shot,1024,empirical_channel_lira,4,0.01,10,0.01,0.0,0.02183333333333333,0.008333333333333333,0.0033333333333333335,0.01366666666666666
cell,eff_su2_r1_d2,ideal_shot,1024,empirical_channel_lira,4,0.05,10,0.05,0.03933333333333333,0.06399999999999999,0.03666666666666667,0.03,0.0485
cell,eff_su2_r1_d2,ideal_shot,1024,empirical_channel_lira,8,0.01,10,0.013333333333333334,0.006666666666666667,0.020333333333333328,0.011666666666666667,0.0015,0.022166666666666657
cell,eff_su2_r1_d2,ideal_shot,1024,empirical_channel_lira,8,0.05,10,0.051666666666666666,0.044833333333333336,0.05516666666666666,0.05333333333333333,0.036333333333333336,0.06183333333333333
cell,eff_su2_r1_d2,ideal_shot,1024,latent_lira_mismatched,16,0.01,10,0.01,0.004833333333333334,0.016666666666666666,0.006666666666666667,0.0033333333333333335,0.011833333333333331
cell,eff_su2_r1_d2,ideal_shot,1024,latent_lira_mismatched,16,0.05,10,0.055,0.03783333333333334,0.06333333333333334,0.045,0.03116666666666667,0.051833333333333335
cell,eff_su2_r1_d2,ideal_shot,1024,latent_lira_mismatched,4,0.01,10,0.011666666666666667,0.004833333333333334,0.015166666666666663,0.008333333333333333,0.0015,0.016999999999999994
cell,eff_su2_r1_d2,ideal_shot,1024,latent_lira_mismatched,4,0.05,10,0.051666666666666666,0.03783333333333334,0.06183333333333333,0.03333333333333333,0.024833333333333336,0.04699999999999999
cell,eff_su2_r1_d2,ideal_shot,1024,latent_lira_mismatched,8,0.01,10,0.01,0.006666666666666667,0.020666666666666653,0.01,0.0033333333333333335,0.018499999999999996
cell,eff_su2_r1_d2,ideal_shot,1024,latent_lira_mismatched,8,0.05,10,0.04833333333333334,0.0415,0.0685,0.055,0.043333333333333335,0.07366666666666666
cell,eff_su2_r1_d2,ideal_shot,1024,loss_mia,0,0.01,10,0.011666666666666667,0.004833333333333334,0.013333333333333334,0.016666666666666666,0.01,0.023666666666666662
cell,eff_su2_r1_d2,ideal_shot,1024,loss_mia,0,0.05,10,0.05,0.04633333333333334,0.06,0.043333333333333335,0.03666666666666667,0.056999999999999995
cell,eff_su2_r1_d2,ideal_shot,1024,noise_augmented_lira,16,0.01,10,0.01,0.0033333333333333335,0.016666666666666666,0.013333333333333334,0.0,0.016666666666666666
cell,eff_su2_r1_d2,ideal_shot,1024,noise_augmented_lira,16,0.05,10,0.04166666666666667,0.026333333333333334,0.056999999999999995,0.058333333333333334,0.03933333333333333,0.06516666666666666
cell,eff_su2_r1_d2,ideal_shot,1024,noise_augmented_lira,4,0.01,10,0.01,0.003,0.018833333333333323,0.006666666666666667,0.0015,0.01
cell,eff_su2_r1_d2,ideal_shot,1024,noise_augmented_lira,4,0.05,10,0.05333333333333334,0.043333333333333335,0.07033333333333333,0.04166666666666667,0.03116666666666667,0.051833333333333335
cell,eff_su2_r1_d2,ideal_shot,1024,noise_augmented_lira,8,0.01,10,0.013333333333333334,0.006666666666666667,0.018499999999999996,0.005,0.0015,0.011833333333333331
cell,eff_su2_r1_d2,ideal_shot,1024,noise_augmented_lira,8,0.05,10,0.051666666666666666,0.0415,0.06333333333333334,0.058333333333333334,0.042666666666666665,0.07516666666666666
cell,eff_su2_r1_d2,ideal_shot,128,affine_channel_lira,16,0.01,10,0.01,0.0015,0.016999999999999994,0.006666666666666667,0.0033333333333333335,0.016999999999999994
cell,eff_su2_r1_d2,ideal_shot,128,affine_channel_lira,16,0.05,10,0.056666666666666664,0.0315,0.07066666666666666,0.04,0.036333333333333336,0.058499999999999996
cell,eff_su2_r1_d2,ideal_shot,128,affine_channel_lira,4,0.01,10,0.013333333333333334,0.004833333333333334,0.018499999999999996,0.0033333333333333335,0.0,0.008499999999999997
cell,eff_su2_r1_d2,ideal_shot,128,affine_channel_lira,4,0.05,10,0.055,0.03966666666666667,0.06516666666666666,0.043333333333333335,0.029666666666666668,0.056999999999999995
cell,eff_su2_r1_d2,ideal_shot,128,affine_channel_lira,8,0.01,10,0.01,0.0015,0.018499999999999996,0.01,0.004833333333333334,0.016999999999999994
cell,eff_su2_r1_d2,ideal_shot,128,affine_channel_lira,8,0.05,10,0.05,0.034833333333333334,0.07033333333333333,0.04833333333333334,0.04,0.07366666666666666
cell,eff_su2_r1_d2,ideal_shot,128,deconvolved_lira,16,0.01,10,0.01,0.0033333333333333335,0.016999999999999994,0.0033333333333333335,0.0015,0.006666666666666667
cell,eff_su2_r1_d2,ideal_shot,128,deconvolved_lira,16,0.05,10,0.05,0.043333333333333335,0.06183333333333333,0.04166666666666667,0.029666666666666668,0.05883333333333333
cell,eff_su2_r1_d2,ideal_shot,128,deconvolved_lira,4,0.01,10,0.011666666666666667,0.003,0.018499999999999996,0.0033333333333333335,0.0015,0.008499999999999997
cell,eff_su2_r1_d2,ideal_shot,128,deconvolved_lira,4,0.05,10,0.051666666666666666,0.03783333333333334,0.058499999999999996,0.04166666666666667,0.034833333333333334,0.051833333333333335
cell,eff_su2_r1_d2,ideal_shot,128,deconvolved_lira,8,0.01,10,0.01,0.004833333333333334,0.016666666666666666,0.0016666666666666668,0.0,0.006666666666666667
cell,eff_su2_r1_d2,ideal_shot,128,deconvolved_lira,8,0.05,10,0.051666666666666666,0.0415,0.06033333333333333,0.05333333333333334,0.0345,0.06733333333333331
cell,eff_su2_r1_d2,ideal_shot,128,empirical_channel_lira,16,0.01,10,0.01,0.003,0.020333333333333328,0.006666666666666667,0.0015,0.01916666666666665
cell,eff_su2_r1_d2,ideal_shot,128,empirical_channel_lira,16,0.05,10,0.05,0.036333333333333336,0.07183333333333333,0.043333333333333335,0.036333333333333336,0.062166666666666655
cell,eff_su2_r1_d2,ideal_shot,128,empirical_channel_lira,4,0.01,10,0.013333333333333334,0.004833333333333334,0.018499999999999996,0.0033333333333333335,0.0,0.01
cell,eff_su2_r1_d2,ideal_shot,128,empirical_channel_lira,4,0.05,10,0.055,0.03816666666666667,0.06366666666666666,0.04,0.026333333333333334,0.051833333333333335
cell,eff_su2_r1_d2,ideal_shot,128,empirical_channel_lira,8,0.01,10,0.008333333333333333,0.0015,0.018499999999999996,0.01,0.0033333333333333335,0.016999999999999994
cell,eff_su2_r1_d2,ideal_shot,128,empirical_channel_lira,8,0.05,10,0.051666666666666666,0.03233333333333334,0.06583333333333331,0.045,0.033,0.07033333333333333
cell,eff_su2_r1_d2,ideal_shot,128,latent_lira_mismatched,16,0.01,10,0.01,0.006666666666666667,0.018499999999999996,0.0033333333333333335,0.0,0.008499999999999997
cell,eff_su2_r1_d2,ideal_shot,128,latent_lira_mismatched,16,0.05,10,0.051666666666666666,0.04,0.06366666666666666,0.04,0.034833333333333334,0.05366666666666666
cell,eff_su2_r1_d2,ideal_shot,128,latent_lira_mismatched,4,0.01,10,0.01,0.0015,0.016999999999999994,0.005,0.0015,0.008499999999999997
cell,eff_su2_r1_d2,ideal_shot,128,latent_lira_mismatched,4,0.05,10,0.05333333333333334,0.036,0.05516666666666666,0.04,0.0315,0.043333333333333335
cell,eff_su2_r1_d2,ideal_shot,128,latent_lira_mismatched,8,0.01,10,0.01,0.004833333333333334,0.02183333333333333,0.0,0.0,0.006666666666666667
cell,eff_su2_r1_d2,ideal_shot,128,latent_lira_mismatched,8,0.05,10,0.051666666666666666,0.0415,0.056666666666666664,0.05333333333333334,0.03816666666666667,0.06549999999999999
cell,eff_su2_r1_d2,ideal_shot,128,loss_mia,0,0.01,10,0.01,0.004833333333333334,0.018499999999999996,0.0033333333333333335,0.0,0.011833333333333331
cell,eff_su2_r1_d2,ideal_shot,128,loss_mia,0,0.05,10,0.05,0.03783333333333334,0.058499999999999996,0.043333333333333335,0.03116666666666667,0.06666666666666667
cell,eff_su2_r1_d2,ideal_shot,128,noise_augmented_lira,16,0.01,10,0.008333333333333333,0.0033333333333333335,0.020333333333333328,0.006666666666666667,0.0,0.011833333333333331
cell,eff_su2_r1_d2,ideal_shot,128,noise_augmented_lira,16,0.05,10,0.051666666666666666,0.03666666666666667,0.06549999999999999,0.05,0.0415,0.07066666666666666
cell,eff_su2_r1_d2,ideal_shot,128,noise_augmented_lira,4,0.01,10,0.015,0.004833333333333334,0.030333333333333327,0.006666666666666667,0.0,0.013333333333333334
cell,eff_su2_r1_d2,ideal_shot,128,noise_augmented_lira,4,0.05,10,0.051666666666666666,0.03966666666666667,0.06183333333333333,0.04666666666666667,0.03266666666666667,0.06516666666666666
cell,eff_su2_r1_d2,ideal_shot,128,noise_augmented_lira,8,0.01,10,0.0033333333333333335,0.0015,0.011833333333333331,0.016666666666666666,0.006666666666666667,0.020333333333333328
cell,eff_su2_r1_d2,ideal_shot,128,noise_augmented_lira,8,0.05,10,0.043333333333333335,0.036333333333333336,0.06366666666666666,0.05,0.034833333333333334,0.06183333333333333
cell,eff_su2_r1_d2,ideal_shot,512,affine_channel_lira,16,0.01,10,0.01,0.004833333333333334,0.018499999999999996,0.008333333333333333,0.003,0.016666666666666666
cell,eff_su2_r1_d2,ideal_shot,512,affine_channel_lira,16,0.05,10,0.056666666666666664,0.027833333333333335,0.07216666666666666,0.03666666666666667,0.028166666666666666,0.051833333333333335
cell,eff_su2_r1_d2,ideal_shot,512,affine_channel_lira,4,0.01,10,0.011666666666666667,0.004833333333333334,0.018499999999999996,0.005,0.0,0.012166666666666655
cell,eff_su2_r1_d2,ideal_shot,512,affine_channel_lira,4,0.05,10,0.055,0.04,0.07033333333333333,0.03,0.019666666666666666,0.040333333333333325
cell,eff_su2_r1_d2,ideal_shot,512,affine_channel_lira,8,0.01,10,0.01,0.0033333333333333335,0.020333333333333328,0.015,0.006666666666666667,0.018499999999999996
cell,eff_su2_r1_d2,ideal_shot,512,affine_channel_lira,8,0.05,10,0.05500000000000001,0.029666666666666668,0.07,0.051666666666666666,0.03933333333333333,0.06366666666666666
cell,eff_su2_r1_d2,ideal_shot,512,deconvolved_lira,16,0.01,10,0.01,0.0015,0.016666666666666666,0.0033333333333333335,0.0,0.006666666666666667
cell,eff_su2_r1_d2,ideal_shot,512,deconvolved_lira,16,0.05,10,0.051666666666666666,0.03666666666666667,0.07366666666666666,0.04,0.027833333333333335,0.062499999999999986
cell,eff_su2_r1_d2,ideal_shot,512,deconvolved_lira,4,0.01,10,0.006666666666666667,0.004833333333333334,0.016666666666666666,0.006666666666666667,0.0,0.01
cell,eff_su2_r1_d2,ideal_shot,512,deconvolved_lira,4,0.05,10,0.051666666666666666,0.036333333333333336,0.06516666666666666,0.028333333333333335,0.023333333333333334,0.035166666666666666
cell,eff_su2_r1_d2,ideal_shot,512,deconvolved_lira,8,0.01,10,0.013333333333333334,0.006666666666666667,0.020333333333333328,0.006666666666666667,0.0,0.008499999999999997
cell,eff_su2_r1_d2,ideal_shot,512,deconvolved_lira,8,0.05,10,0.051666666666666666,0.03666666666666667,0.06733333333333331,0.043333333333333335,0.03116666666666667,0.062166666666666655
cell,eff_su2_r1_d2,ideal_shot,512,empirical_channel_lira,16,0.01,10,0.01,0.0033333333333333335,0.022166666666666657,0.01,0.004833333333333334,0.016666666666666666
cell,eff_su2_r1_d2,ideal_shot,512,empirical_channel_lira,16,0.05,10,0.05333333333333333,0.034833333333333334,0.0685,0.03666666666666667,0.029666666666666668,0.04549999999999999
cell,eff_su2_r1_d2,ideal_shot,512,empirical_channel_lira,4,0.01,10,0.011666666666666667,0.006666666666666667,0.023666666666666662,0.006666666666666667,0.0015,0.011833333333333331
cell,eff_su2_r1_d2,ideal_shot,512,empirical_channel_lira,4,0.05,10,0.05,0.044833333333333336,0.06666666666666667,0.03833333333333333,0.023333333333333334,0.043333333333333335
cell,eff_su2_r1_d2,ideal_shot,512,empirical_channel_lira,8,0.01,10,0.006666666666666667,0.004833333333333334,0.02,0.013333333333333334,0.004833333333333334,0.016666666666666666
cell,eff_su2_r1_d2,ideal_shot,512,empirical_channel_lira,8,0.05,10,0.04666666666666667,0.034833333333333334,0.067,0.04666666666666667,0.030833333333333334,0.056666666666666664
cell,eff_su2_r1_d2,ideal_shot,512,latent_lira_mismatched,16,0.01,10,0.008333333333333333,0.004833333333333334,0.018499999999999996,0.0033333333333333335,0.0,0.006666666666666667
cell,eff_su2_r1_d2,ideal_shot,512,latent_lira_mismatched,16,0.05,10,0.05,0.03666666666666667,0.07033333333333333,0.03333333333333333,0.023,0.05949999999999998
cell,eff_su2_r1_d2,ideal_shot,512,latent_lira_mismatched,4,0.01,10,0.006666666666666667,0.004833333333333334,0.016666666666666666,0.006666666666666667,0.0,0.01
cell,eff_su2_r1_d2,ideal_shot,512,latent_lira_mismatched,4,0.05,10,0.051666666666666666,0.0345,0.058499999999999996,0.028333333333333335,0.02,0.04
cell,eff_su2_r1_d2,ideal_shot,512,latent_lira_mismatched,8,0.01,10,0.011666666666666667,0.004833333333333334,0.020333333333333328,0.006666666666666667,0.0,0.008499999999999997
cell,eff_su2_r1_d2,ideal_shot,512,latent_lira_mismatched,8,0.05,10,0.05333333333333334,0.04,0.06549999999999999,0.04,0.03333333333333333,0.06033333333333333
cell,eff_su2_r1_d2,ideal_shot,512,loss_mia,0,0.01,10,0.01,0.004833333333333334,0.020333333333333328,0.01,0.006666666666666667,0.016666666666666666
cell,eff_su2_r1_d2,ideal_shot,512,loss_mia,0,0.05,10,0.051666666666666666,0.043333333333333335,0.058499999999999996,0.04666666666666667,0.03333333333333333,0.05333333333333334
cell,eff_su2_r1_d2,ideal_shot,512,noise_augmented_lira,16,0.01,10,0.006666666666666667,0.0033333333333333335,0.018833333333333323,0.011666666666666667,0.003,0.016666666666666666
cell,eff_su2_r1_d2,ideal_shot,512,noise_augmented_lira,16,0.05,10,0.051666666666666666,0.0415,0.07183333333333333,0.04666666666666667,0.0275,0.067
cell,eff_su2_r1_d2,ideal_shot,512,noise_augmented_lira,4,0.01,10,0.008333333333333333,0.004833333333333334,0.018499999999999996,0.0033333333333333335,0.0015,0.01
cell,eff_su2_r1_d2,ideal_shot,512,noise_augmented_lira,4,0.05,10,0.056666666666666664,0.04633333333333334,0.0755,0.04166666666666667,0.034833333333333334,0.05549999999999999
cell,eff_su2_r1_d2,ideal_shot,512,noise_augmented_lira,8,0.01,10,0.01,0.003,0.018499999999999996,0.01,0.0033333333333333335,0.016666666666666666
cell,eff_su2_r1_d2,ideal_shot,512,noise_augmented_lira,8,0.05,10,0.04666666666666667,0.03666666666666667,0.067,0.04833333333333334,0.03783333333333334,0.06183333333333333
cell,eff_su2_r1_d2,noisy_shot,1024,affine_channel_lira,16,0.01,10,0.01,0.006666666666666667,0.015166666666666663,0.013333333333333334,0.01,0.018499999999999996
cell,eff_su2_r1_d2,noisy_shot,1024,affine_channel_lira,16,0.05,10,0.05,0.03666666666666667,0.06,0.07,0.04816666666666667,0.07333333333333333
cell,eff_su2_r1_d2,noisy_shot,1024,affine_channel_lira,4,0.01,10,0.008333333333333333,0.0015,0.020333333333333328,0.01,0.0033333333333333335,0.018499999999999996
cell,eff_su2_r1_d2,noisy_shot,1024,affine_channel_lira,4,0.05,10,0.05,0.043333333333333335,0.06666666666666667,0.045,0.036333333333333336,0.05366666666666666
cell,eff_su2_r1_d2,noisy_shot,1024,affine_channel_lira,8,0.01,10,0.013333333333333334,0.004833333333333334,0.016666666666666666,0.018333333333333333,0.01,0.025166666666666664
cell,eff_su2_r1_d2,noisy_shot,1024,affine_channel_lira,8,0.05,10,0.05333333333333333,0.043333333333333335,0.06333333333333334,0.08166666666666667,0.063,0.08666666666666667
cell,eff_su2_r1_d2,noisy_shot,1024,deconvolved_lira,16,0.01,10,0.011666666666666667,0.0033333333333333335,0.018499999999999996,0.011666666666666667,0.006666666666666667,0.016999999999999994
cell,eff_su2_r1_d2,noisy_shot,1024,deconvolved_lira,16,0.05,10,0.05333333333333334,0.0415,0.06366666666666666,0.07,0.05483333333333333,0.08066666666666665
cell,eff_su2_r1_d2,noisy_shot,1024,deconvolved_lira,4,0.01,10,0.011666666666666667,0.0033333333333333335,0.018499999999999996,0.01,0.003,0.016666666666666666
cell,eff_su2_r1_d2,noisy_shot,1024,deconvolved_lira,4,0.05,10,0.05333333333333334,0.0415,0.06183333333333333,0.04,0.024833333333333336,0.05
cell,eff_su2_r1_d2,noisy_shot,1024,deconvolved_lira,8,0.01,10,0.011666666666666667,0.006666666666666667,0.016666666666666666,0.0033333333333333335,0.0,0.013333333333333334
cell,eff_su2_r1_d2,noisy_shot,1024,deconvolved_lira,8,0.05,10,0.056666666666666664,0.043333333333333335,0.06666666666666667,0.065,0.04966666666666667,0.08066666666666665
cell,eff_su2_r1_d2,noisy_shot,1024,empirical_channel_lira,16,0.01,10,0.013333333333333334,0.01,0.018499999999999996,0.015,0.01,0.02183333333333333
cell,eff_su2_r1_d2,noisy_shot,1024,empirical_channel_lira,16,0.05,10,0.05,0.04,0.06366666666666666,0.065,0.04783333333333334,0.06666666666666667
cell,eff_su2_r1_d2,noisy_shot,1024,empirical_channel_lira,4,0.01,10,0.006666666666666667,0.0015,0.022166666666666657,0.01,0.004833333333333334,0.020333333333333328
cell,eff_su2_r1_d2,noisy_shot,1024,empirical_channel_lira,4,0.05,10,0.05,0.0415,0.06516666666666666,0.051666666666666666,0.0415,0.06516666666666666
cell,eff_su2_r1_d2,noisy_shot,1024,empirical_channel_lira,8,0.01,10,0.013333333333333334,0.01,0.015166666666666663,0.013333333333333334,0.008166666666666668,0.023333333333333334
cell,eff_su2_r1_d2,noisy_shot,1024,empirical_channel_lira,8,0.05,10,0.051666666666666666,0.03783333333333334,0.06183333333333333,0.07333333333333333,0.0615,0.08666666666666667
cell,eff_su2_r1_d2,noisy_shot,1024,latent_lira_mismatched,16,0.01,10,0.01,0.004833333333333334,0.018499999999999996,0.01,0.004833333333333334,0.013333333333333334
cell,eff_su2_r1_d2,noisy_shot,1024,latent_lira_mismatched,16,0.05,10,0.05333333333333334,0.036333333333333336,0.06583333333333331,0.05333333333333334,0.0415,0.06399999999999999
cell,eff_su2_r1_d2,noisy_shot,1024,latent_lira_mismatched,4,0.01,10,0.011666666666666667,0.004833333333333334,0.015166666666666663,0.01,0.003,0.015166666666666663
cell,eff_su2_r1_d2,noisy_shot,1024,latent_lira_mismatched,4,0.05,10,0.051666666666666666,0.044833333333333336,0.06333333333333334,0.028333333333333335,0.023333333333333334,0.0485
cell,eff_su2_r1_d2,noisy_shot,1024,latent_lira_mismatched,8,0.01,10,0.011666666666666667,0.006333333333333333,0.02183333333333333,0.0033333333333333335,0.0,0.011833333333333331
cell,eff_su2_r1_d2,noisy_shot,1024,latent_lira_mismatched,8,0.05,10,0.05333333333333334,0.044833333333333336,0.06183333333333333,0.06,0.04116666666666667,0.0755
cell,eff_su2_r1_d2,noisy_shot,1024,loss_mia,0,0.01,10,0.01,0.006666666666666667,0.016666666666666666,0.013333333333333334,0.008166666666666668,0.025166666666666664
cell,eff_su2_r1_d2,noisy_shot,1024,loss_mia,0,0.05,10,0.055,0.043000000000000003,0.06183333333333333,0.04833333333333334,0.03266666666666667,0.06033333333333333
cell,eff_su2_r1_d2,noisy_shot,1024,noise_augmented_lira,16,0.01,10,0.011666666666666667,0.006666666666666667,0.018833333333333323,0.013333333333333334,0.008166666666666668,0.02183333333333333
cell,eff_su2_r1_d2,noisy_shot,1024,noise_augmented_lira,16,0.05,10,0.051666666666666666,0.043333333333333335,0.06516666666666666,0.075,0.0575,0.08
cell,eff_su2_r1_d2,noisy_shot,1024,noise_augmented_lira,4,0.01,10,0.015,0.004833333333333334,0.025166666666666664,0.008333333333333333,0.006666666666666667,0.018833333333333323
cell,eff_su2_r1_d2,noisy_shot,1024,noise_augmented_lira,4,0.05,10,0.05,0.044833333333333336,0.06366666666666666,0.04666666666666667,0.0315,0.05
cell,eff_su2_r1_d2,noisy_shot,1024,noise_augmented_lira,8,0.01,10,0.013333333333333334,0.008166666666666668,0.020333333333333328,0.006666666666666667,0.0015,0.02
cell,eff_su2_r1_d2,noisy_shot,1024,noise_augmented_lira,8,0.05,10,0.04666666666666667,0.03816666666666667,0.06,0.07333333333333333,0.06116666666666667,0.09516666666666666
cell,eff_su2_r1_d2,noisy_shot,128,affine_channel_lira,16,0.01,10,0.008333333333333333,0.0033333333333333335,0.022166666666666657,0.01,0.004833333333333334,0.020666666666666653
cell,eff_su2_r1_d2,noisy_shot,128,affine_channel_lira,16,0.05,10,0.05,0.0415,0.06,0.04833333333333334,0.03816666666666667,0.06883333333333333
cell,eff_su2_r1_d2,noisy_shot,128,affine_channel_lira,4,0.01,10,0.008333333333333333,0.006666666666666667,0.02,0.01,0.004833333333333334,0.016999999999999994
cell,eff_su2_r1_d2,noisy_shot,128,affine_channel_lira,4,0.05,10,0.05333333333333334,0.03966666666666667,0.06583333333333331,0.04666666666666667,0.03783333333333334,0.06
cell,eff_su2_r1_d2,noisy_shot,128,affine_channel_lira,8,0.01,10,0.008333333333333333,0.0033333333333333335,0.02,0.018333333333333333,0.0115,0.026999999999999993
cell,eff_su2_r1_d2,noisy_shot,128,affine_channel_lira,8,0.05,10,0.05,0.03966666666666667,0.06366666666666666,0.06,0.043000000000000003,0.07183333333333333
cell,eff_su2_r1_d2,noisy_shot,128,deconvolved_lira,16,0.01,10,0.008333333333333333,0.004833333333333334,0.018499999999999996,0.006666666666666667,0.0,0.008499999999999997
cell,eff_su2_r1_d2,noisy_shot,128,deconvolved_lira,16,0.05,10,0.04833333333333334,0.03333333333333333,0.0685,0.04833333333333334,0.03816666666666667,0.07366666666666666
cell,eff_su2_r1_d2,noisy_shot,128,deconvolved_lira,4,0.01,10,0.01,0.003,0.016666666666666666,0.01,0.0033333333333333335,0.01733333333333332
cell,eff_su2_r1_d2,noisy_shot,128,deconvolved_lira,4,0.05,10,0.051666666666666666,0.03816666666666667,0.06549999999999999,0.04666666666666667,0.033,0.06033333333333333
cell,eff_su2_r1_d2,noisy_shot,128,deconvolved_lira,8,0.01,10,0.011666666666666667,0.003,0.022166666666666657,0.0033333333333333335,0.0,0.008499999999999997
cell,eff_su2_r1_d2,noisy_shot,128,deconvolved_lira,8,0.05,10,0.05333333333333334,0.03816666666666667,0.06,0.056666666666666664,0.04083333333333333,0.08066666666666665
cell,eff_su2_r1_d2,noisy_shot,128,empirical_channel_lira,16,0.01,10,0.011666666666666667,0.006666666666666667,0.018499999999999996,0.006666666666666667,0.0015,0.01
cell,eff_su2_r1_d2,noisy_shot,128,empirical_channel_lira,16,0.05,10,0.05,0.036333333333333336,0.06333333333333334,0.051666666666666666,0.0415,0.062166666666666655
cell,eff_su2_r1_d2,noisy_shot,128,empirical_channel_lira,4,0.01,10,0.011666666666666667,0.006666666666666667,0.018499999999999996,0.013333333333333334,0.0033333333333333335,0.023999999999999987
cell,eff_su2_r1_d2,noisy_shot,128,empirical_channel_lira,4,0.05,10,0.055,0.03783333333333334,0.06549999999999999,0.05333333333333333,0.036333333333333336,0.06
cell,eff_su2_r1_d2,noisy_shot,128,empirical_channel_lira,8,0.01,10,0.008333333333333333,0.006666666666666667,0.018499999999999996,0.013333333333333334,0.006666666666666667,0.023333333333333334
cell,eff_su2_r1_d2,noisy_shot,128,empirical_channel_lira,8,0.05,10,0.04833333333333334,0.03783333333333334,0.06516666666666666,0.056666666666666664,0.04816666666666667,0.07183333333333333
cell,eff_su2_r1_d2,noisy_shot,128,latent_lira_mismatched,16,0.01,10,0.01,0.0033333333333333335,0.020333333333333328,0.0033333333333333335,0.0,0.011833333333333331
cell,eff_su2_r1_d2,noisy_shot,128,latent_lira_mismatched,16,0.05,10,0.04833333333333334,0.03383333333333333,0.07033333333333333,0.04,0.028166666666666666,0.056999999999999995
cell,eff_su2_r1_d2,noisy_shot,128,latent_lira_mismatched,4,0.01,10,0.01,0.006666666666666667,0.018833333333333323,0.01,0.0033333333333333335,0.01549999999999999
cell,eff_su2_r1_d2,noisy_shot,128,latent_lira_mismatched,4,0.05,10,0.051666666666666666,0.033,0.06366666666666666,0.03333333333333333,0.03,0.052499999999999984
cell,eff_su2_r1_d2,noisy_shot,128,latent_lira_mismatched,8,0.01,10,0.011666666666666667,0.004833333333333334,0.020333333333333328,0.0016666666666666668,0.0,0.012166666666666655
cell,eff_su2_r1_d2,noisy_shot,128,latent_lira_mismatched,8,0.05,10,0.04833333333333334,0.04,0.06399999999999999,0.04833333333333334,0.034833333333333334,0.06666666666666667
cell,eff_su2_r1_d2,noisy_shot,128,loss_mia,0,0.01,10,0.01,0.006666666666666667,0.015166666666666663,0.006666666666666667,0.0033333333333333335,0.018833333333333323
cell,eff_su2_r1_d2,noisy_shot,128,loss_mia,0,0.05,10,0.05333333333333334,0.034833333333333334,0.06333333333333334,0.056666666666666664,0.044500000000000005,0.07183333333333333
cell,eff_su2_r1_d2,noisy_shot,128,noise_augmented_lira,16,0.01,10,0.011666666666666667,0.008166666666666668,0.02183333333333333,0.006666666666666667,0.0015,0.015166666666666663
cell,eff_su2_r1_d2,noisy_shot,128,noise_augmented_lira,16,0.05,10,0.05,0.043000000000000003,0.06516666666666666,0.04833333333333334,0.026333333333333334,0.05916666666666665
cell,eff_su2_r1_d2,noisy_shot,128,noise_augmented_lira,4,0.01,10,0.008333333333333333,0.0033333333333333335,0.013333333333333334,0.0033333333333333335,0.0,0.01
cell,eff_su2_r1_d2,noisy_shot,128,noise_augmented_lira,4,0.05,10,0.04166666666666667,0.033,0.056999999999999995,0.04166666666666667,0.021500000000000002,0.051833333333333335
cell,eff_su2_r1_d2,noisy_shot,128,noise_augmented_lira,8,0.01,10,0.015,0.0015,0.02183333333333333,0.018333333333333333,0.009666666666666667,0.023333333333333334
cell,eff_su2_r1_d2,noisy_shot,128,noise_augmented_lira,8,0.05,10,0.065,0.05266666666666667,0.07733333333333332,0.06,0.05483333333333333,0.0685
cell,eff_su2_r1_d2,noisy_shot,512,affine_channel_lira,16,0.01,10,0.013333333333333334,0.006666666666666667,0.018833333333333323,0.016666666666666666,0.006333333333333333,0.02
cell,eff_su2_r1_d2,noisy_shot,512,affine_channel_lira,16,0.05,10,0.05,0.029666666666666668,0.07033333333333333,0.058333333333333334,0.04,0.08399999999999998
cell,eff_su2_r1_d2,noisy_shot,512,affine_channel_lira,4,0.01,10,0.01,0.0033333333333333335,0.02,0.01,0.006666666666666667,0.016666666666666666
cell,eff_su2_r1_d2,noisy_shot,512,affine_channel_lira,4,0.05,10,0.05,0.03816666666666667,0.07216666666666666,0.043333333333333335,0.0315,0.062499999999999986
cell,eff_su2_r1_d2,noisy_shot,512,affine_channel_lira,8,0.01,10,0.01,0.0015,0.02183333333333333,0.02,0.008166666666666668,0.026999999999999993
cell,eff_su2_r1_d2,noisy_shot,512,affine_channel_lira,8,0.05,10,0.055,0.0315,0.06666666666666667,0.07,0.053,0.08666666666666667
cell,eff_su2_r1_d2,noisy_shot,512,deconvolved_lira,16,0.01,10,0.01,0.004833333333333334,0.022166666666666657,0.013333333333333334,0.004833333333333334,0.02
cell,eff_su2_r1_d2,noisy_shot,512,deconvolved_lira,16,0.05,10,0.055,0.044833333333333336,0.06,0.055,0.025666666666666667,0.067
cell,eff_su2_r1_d2,noisy_shot,512,deconvolved_lira,4,0.01,10,0.011666666666666667,0.0033333333333333335,0.023999999999999987,0.01,0.006666666666666667,0.013333333333333334
cell,eff_su2_r1_d2,noisy_shot,512,deconvolved_lira,4,0.05,10,0.05,0.03783333333333334,0.06333333333333334,0.04,0.03333333333333333,0.051833333333333335
cell,eff_su2_r1_d2,noisy_shot,512,deconvolved_lira,8,0.01,10,0.013333333333333334,0.008166666666666668,0.02,0.01,0.0015,0.016999999999999994
cell,eff_su2_r1_d2,noisy_shot,512,deconvolved_lira,8,0.05,10,0.055,0.043333333333333335,0.06516666666666666,0.06666666666666667,0.044500000000000005,0.08616666666666664
cell,eff_su2_r1_d2,noisy_shot,512,empirical_channel_lira,16,0.01,10,0.01,0.006666666666666667,0.02,0.011666666666666667,0.006666666666666667,0.020333333333333328
cell,eff_su2_r1_d2,noisy_shot,512,empirical_channel_lira,16,0.05,10,0.05,0.03333333333333333,0.07366666666666666,0.055,0.04816666666666667,0.0885
cell,eff_su2_r1_d2,noisy_shot,512,empirical_channel_lira,4,0.01,10,0.01,0.006666666666666667,0.02183333333333333,0.01,0.008166666666666668,0.02
cell,eff_su2_r1_d2,noisy_shot,512,empirical_channel_lira,4,0.05,10,0.05,0.03666666666666667,0.07033333333333333,0.051666666666666666,0.036,0.07066666666666666
cell,eff_su2_r1_d2,noisy_shot,512,empirical_channel_lira,8,0.01,10,0.01,0.0033333333333333335,0.02183333333333333,0.013333333333333334,0.006666666666666667,0.02183333333333333
cell,eff_su2_r1_d2,noisy_shot,512,empirical_channel_lira,8,0.05,10,0.05333333333333333,0.03116666666666667,0.06183333333333333,0.06333333333333334,0.04966666666666667,0.0785
cell,eff_su2_r1_d2,noisy_shot,512,latent_lira_mismatched,16,0.01,10,0.01,0.004833333333333334,0.018499999999999996,0.006666666666666667,0.0,0.011833333333333331
cell,eff_su2_r1_d2,noisy_shot,512,latent_lira_mismatched,16,0.05,10,0.05,0.03966666666666667,0.056999999999999995,0.04166666666666667,0.0245,0.056999999999999995
cell,eff_su2_r1_d2,noisy_shot,512,latent_lira_mismatched,4,0.01,10,0.01,0.003,0.02183333333333333,0.006666666666666667,0.0015,0.01
cell,eff_su2_r1_d2,noisy_shot,512,latent_lira_mismatched,4,0.05,10,0.05333333333333334,0.0415,0.06,0.03333333333333333,0.026333333333333334,0.04549999999999999
cell,eff_su2_r1_d2,noisy_shot,512,latent_lira_mismatched,8,0.01,10,0.011666666666666667,0.004833333333333334,0.02,0.005,0.0015,0.013333333333333334
cell,eff_su2_r1_d2,noisy_shot,512,latent_lira_mismatched,8,0.05,10,0.04833333333333334,0.03666666666666667,0.07216666666666666,0.05,0.033,0.06616666666666664
cell,eff_su2_r1_d2,noisy_shot,512,loss_mia,0,0.01,10,0.01,0.008166666666666668,0.015166666666666663,0.013333333333333334,0.006666666666666667,0.028499999999999998
cell,eff_su2_r1_d2,noisy_shot,512,loss_mia,0,0.05,10,0.05333333333333334,0.04,0.06,0.05,0.036333333333333336,0.0685
cell,eff_su2_r1_d2,noisy_shot,512,noise_augmented_lira,16,0.01,10,0.013333333333333334,0.006666666666666667,0.020333333333333328,0.013333333333333334,0.006666666666666667,0.02
cell,eff_su2_r1_d2,noisy_shot,512,noise_augmented_lira,16,0.05,10,0.05333333333333334,0.0345,0.07249999999999998,0.06166666666666667,0.044833333333333336,0.08066666666666665
cell,eff_su2_r1_d2,noisy_shot,512,noise_augmented_lira,4,0.01,10,0.006666666666666667,0.0015,0.015166666666666663,0.006666666666666667,0.0015,0.01366666666666666
cell,eff_su2_r1_d2,noisy_shot,512,noise_augmented_lira,4,0.05,10,0.05,0.03333333333333333,0.062166666666666655,0.04,0.0315,0.06033333333333333
cell,eff_su2_r1_d2,noisy_shot,512,noise_augmented_lira,8,0.01,10,0.01,0.006333333333333333,0.018833333333333323,0.006666666666666667,0.0033333333333333335,0.01366666666666666
cell,eff_su2_r1_d2,noisy_shot,512,noise_augmented_lira,8,0.05,10,0.055,0.034833333333333334,0.06666666666666667,0.06166666666666667,0.04666666666666667,0.08033333333333333
cell,eff_su2_r5_d2,ideal_shot,1024,affine_channel_lira,16,0.01,10,0.011666666666666667,0.006333333333333333,0.016666666666666666,0.008333333333333333,0.004833333333333334,0.016666666666666666
cell,eff_su2_r5_d2,ideal_shot,1024,affine_channel_lira,16,0.05,10,0.05,0.044833333333333336,0.056666666666666664,0.06666666666666667,0.051500000000000004,0.07516666666666666
cell,eff_su2_r5_d2,ideal_shot,1024,affine_channel_lira,4,0.01,10,0.011666666666666667,0.01,0.015166666666666663,0.018333333333333333,0.014833333333333334,0.02183333333333333
cell,eff_su2_r5_d2,ideal_shot,1024,affine_channel_lira,4,0.05,10,0.055,0.051500000000000004,0.06366666666666666,0.07666666666666666,0.0645,0.09183333333333334
cell,eff_su2_r5_d2,ideal_shot,1024,affine_channel_lira,8,0.01,10,0.011666666666666667,0.004833333333333334,0.013333333333333334,0.015,0.006666666666666667,0.018499999999999996
cell,eff_su2_r5_d2,ideal_shot,1024,affine_channel_lira,8,0.05,10,0.055,0.043000000000000003,0.06183333333333333,0.07833333333333334,0.07333333333333333,0.09366666666666666
cell,eff_su2_r5_d2,ideal_shot,1024,deconvolved_lira,16,0.01,10,0.011666666666666667,0.004833333333333334,0.013333333333333334,0.0033333333333333335,0.0,0.006666666666666667
cell,eff_su2_r5_d2,ideal_shot,1024,deconvolved_lira,16,0.05,10,0.05333333333333334,0.04,0.058499999999999996,0.06,0.053,0.07366666666666666
cell,eff_su2_r5_d2,ideal_shot,1024,deconvolved_lira,4,0.01,10,0.013333333333333334,0.008166666666666668,0.018499999999999996,0.02666666666666667,0.023333333333333334,0.03
cell,eff_su2_r5_d2,ideal_shot,1024,deconvolved_lira,4,0.05,10,0.04666666666666667,0.0415,0.06183333333333333,0.07,0.05483333333333333,0.077
cell,eff_su2_r5_d2,ideal_shot,1024,deconvolved_lira,8,0.01,10,0.013333333333333334,0.006666666666666667,0.013333333333333334,0.011666666666666667,0.008166666666666668,0.020333333333333328
cell,eff_su2_r5_d2,ideal_shot,1024,deconvolved_lira,8,0.05,10,0.056666666666666664,0.03933333333333333,0.06516666666666666,0.08,0.06,0.08516666666666667
cell,eff_su2_r5_d2,ideal_shot,1024,empirical_channel_lira,16,0.01,10,0.011666666666666667,0.006666666666666667,0.013333333333333334,0.016666666666666666,0.013333333333333334,0.023666666666666662
cell,eff_su2_r5_d2,ideal_shot,1024,empirical_channel_lira,16,0.05,10,0.051666666666666666,0.03783333333333334,0.056666666666666664,0.05333333333333334,0.0415,0.0685
cell,eff_su2_r5_d2,ideal_shot,1024,empirical_channel_lira,4,0.01,10,0.01,0.01,0.015166666666666663,0.02,0.014833333333333334,0.023333333333333334
cell,eff_su2_r5_d2,ideal_shot,1024,empirical_channel_lira,4,0.05,10,0.051666666666666666,0.043333333333333335,0.06,0.07833333333333334,0.06816666666666667,0.09183333333333334
cell,eff_su2_r5_d2,ideal_shot,1024,empirical_channel_lira,8,0.01,10,0.01,0.004833333333333334,0.02183333333333333,0.023333333333333334,0.014833333333333334,0.028499999999999998
cell,eff_su2_r5_d2,ideal_shot,1024,empirical_channel_lira,8,0.05,10,0.051666666666666666,0.044500000000000005,0.058499999999999996,0.09,0.07333333333333333,0.09666666666666666
cell,eff_su2_r5_d2,ideal_shot,1024,latent_lira_mismatched,16,0.01,10,0.01,0.004833333333333334,0.013333333333333334,0.0033333333333333335,0.0,0.006666666666666667
cell,eff_su2_r5_d2,ideal_shot,1024,latent_lira_mismatched,16,0.05,10,0.051666666666666666,0.0415,0.06183333333333333,0.058333333333333334,0.051500000000000004,0.07516666666666666
cell,eff_su2_r5_d2,ideal_shot,1024,latent_lira_mismatched,4,0.01,10,0.013333333333333334,0.008166666666666668,0.016999999999999994,0.028333333333333335,0.023333333333333334,0.03
cell,eff_su2_r5_d2,ideal_shot,1024,latent_lira_mismatched,4,0.05,10,0.04666666666666667,0.043333333333333335,0.06366666666666666,0.06666666666666667,0.056666666666666664,0.07366666666666666
cell,eff_su2_r5_d2,ideal_shot,1024,latent_lira_mismatched,8,0.01,10,0.013333333333333334,0.006666666666666667,0.013333333333333334,0.011666666666666667,0.008166666666666668,0.02183333333333333
cell,eff_su2_r5_d2,ideal_shot,1024,latent_lira_mismatched,8,0.05,10,0.056666666666666664,0.03933333333333333,0.067,0.08,0.06333333333333334,0.08516666666666667
cell,eff_su2_r5_d2,ideal_shot,1024,loss_mia,0,0.01,10,0.011666666666666667,0.004833333333333334,0.015166666666666663,0.016666666666666666,0.013333333333333334,0.016666666666666666
cell,eff_su2_r5_d2,ideal_shot,1024,loss_mia,0,0.05,10,0.05,0.043000000000000003,0.058499999999999996,0.05333333333333334,0.043000000000000003,0.06333333333333334
cell,eff_su2_r5_d2,ideal_shot,1024,noise_augmented_lira,16,0.01,10,0.013333333333333334,0.01,0.015166666666666663,0.01,0.006666666666666667,0.016999999999999994
cell,eff_su2_r5_d2,ideal_shot,1024,noise_augmented_lira,16,0.05,10,0.055,0.044500000000000005,0.06,0.06333333333333334,0.04966666666666667,0.07516666666666666
cell,eff_su2_r5_d2,ideal_shot,1024,noise_augmented_lira,4,0.01,10,0.01,0.01,0.01,0.016666666666666666,0.013333333333333334,0.02
cell,eff_su2_r5_d2,ideal_shot,1024,noise_augmented_lira,4,0.05,10,0.051666666666666666,0.043333333333333335,0.06033333333333333,0.07666666666666666,0.06966666666666667,0.0885
cell,eff_su2_r5_d2,ideal_shot,1024,noise_augmented_lira,8,0.01,10,0.006666666666666667,0.0033333333333333335,0.011833333333333331,0.01,0.008166666666666668,0.018499999999999996
cell,eff_su2_r5_d2,ideal_shot,1024,noise_augmented_lira,8,0.05,10,0.045,0.03266666666666667,0.058499999999999996,0.08,0.07,0.09516666666666666
cell,eff_su2_r5_d2,ideal_shot,128,affine_channel_lira,16,0.01,10,0.01,0.0033333333333333335,0.016666666666666666,0.015,0.008166666666666668,0.023333333333333334
cell,eff_su2_r5_d2,ideal_shot,128,affine_channel_lira,16,0.05,10,0.04666666666666667,0.0345,0.0685,0.07333333333333333,0.056666666666666664,0.09066666666666665
cell,eff_su2_r5_d2,ideal_shot,128,affine_channel_lira,4,0.01,10,0.01,0.006666666666666667,0.02183333333333333,0.02,0.0115,0.028499999999999998
cell,eff_su2_r5_d2,ideal_shot,128,affine_channel_lira,4,0.05,10,0.05333333333333334,0.03816666666666667,0.06183333333333333,0.09666666666666668,0.06749999999999999,0.10333333333333333
cell,eff_su2_r5_d2,ideal_shot,128,affine_channel_lira,8,0.01,10,0.01,0.0,0.016666666666666666,0.025,0.017833333333333333,0.035166666666666666
cell,eff_su2_r5_d2,ideal_shot,128,affine_channel_lira,8,0.05,10,0.05,0.0415,0.062166666666666655,0.07833333333333334,0.056,0.0985
cell,eff_su2_r5_d2,ideal_shot,128,deconvolved_lira,16,0.01,10,0.013333333333333334,0.0015,0.018499999999999996,0.006666666666666667,0.0,0.01
cell,eff_su2_r5_d2,ideal_shot,128,deconvolved_lira,16,0.05,10,0.05333333333333334,0.03966666666666667,0.058499999999999996,0.03333333333333333,0.023,0.04549999999999999
cell,eff_su2_r5_d2,ideal_shot,128,deconvolved_lira,4,0.01,10,0.01,0.004833333333333334,0.015166666666666663,0.02,0.013333333333333334,0.03366666666666666
cell,eff_su2_r5_d2,ideal_shot,128,deconvolved_lira,4,0.05,10,0.05333333333333334,0.03783333333333334,0.06183333333333333,0.06,0.04816666666666667,0.07366666666666666
cell,eff_su2_r5_d2,ideal_shot,128,deconvolved_lira,8,0.01,10,0.015,0.004833333333333334,0.020333333333333328,0.013333333333333334,0.01,0.02183333333333333
cell,eff_su2_r5_d2,ideal_shot,128,deconvolved_lira,8,0.05,10,0.051666666666666666,0.036,0.06516666666666666,0.06666666666666668,0.053,0.08516666666666667
cell,eff_su2_r5_d2,ideal_shot,128,empirical_channel_lira,16,0.01,10,0.01,0.004833333333333334,0.015166666666666663,0.02,0.01,0.026999999999999993
cell,eff_su2_r5_d2,ideal_shot,128,empirical_channel_lira,16,0.05,10,0.05,0.03816666666666667,0.06183333333333333,0.07999999999999999,0.058166666666666665,0.08666666666666667
cell,eff_su2_r5_d2,ideal_shot,128,empirical_channel_lira,4,0.01,10,0.01,0.006666666666666667,0.016666666666666666,0.025,0.014833333333333334,0.03
cell,eff_su2_r5_d2,ideal_shot,128,empirical_channel_lira,4,0.05,10,0.051666666666666666,0.034833333333333334,0.056666666666666664,0.09,0.05533333333333334,0.10033333333333333
cell,eff_su2_r5_d2,ideal_shot,128,empirical_channel_lira,8,0.01,10,0.013333333333333334,0.0015,0.015166666666666663,0.028333333333333335,0.014833333333333334,0.0385
cell,eff_su2_r5_d2,ideal_shot,128,empirical_channel_lira,8,0.05,10,0.04666666666666667,0.0415,0.06666666666666667,0.08666666666666667,0.06566666666666666,0.10516666666666667
cell,eff_su2_r5_d2,ideal_shot,128,latent_lira_mismatched,16,0.01,10,0.013333333333333334,0.0015,0.02,0.006666666666666667,0.0,0.01
cell,eff_su2_r5_d2,ideal_shot,128,latent_lira_mismatched,16,0.05,10,0.051666666666666666,0.036333333333333336,0.06333333333333334,0.03666666666666667,0.023,0.04666666666666667
cell,eff_su2_r5_d2,ideal_shot,128,latent_lira_mismatched,4,0.01,10,0.01,0.0033333333333333335,0.016999999999999994,0.02,0.016333333333333335,0.032166666666666656
cell,eff_su2_r5_d2,ideal_shot,128,latent_lira_mismatched,4,0.05,10,0.05,0.03966666666666667,0.06,0.058333333333333334,0.04666666666666667,0.07033333333333333
cell,eff_su2_r5_d2,ideal_shot,128,latent_lira_mismatched,8,0.01,10,0.011666666666666667,0.004833333333333334,0.015166666666666663,0.015,0.008166666666666668,0.023666666666666662
cell,eff_su2_r5_d2,ideal_shot,128,latent_lira_mismatched,8,0.05,10,0.04833333333333334,0.03816666666666667,0.06033333333333333,0.065,0.05483333333333333,0.08549999999999999
cell,eff_su2_r5_d2,ideal_shot,128,loss_mia,0,0.01,10,0.01,0.0033333333333333335,0.020666666666666653,0.015,0.0033333333333333335,0.018499999999999996
cell,eff_su2_r5_d2,ideal_shot,128,loss_mia,0,0.05,10,0.05,0.034833333333333334,0.07216666666666666,0.058333333333333334,0.042666666666666665,0.07
cell,eff_su2_r5_d2,ideal_shot,128,noise_augmented_lira,16,0.01,10,0.006666666666666667,0.0033333333333333335,0.011833333333333331,0.018333333333333333,0.01,0.02666666666666667
cell,eff_su2_r5_d2,ideal_shot,128,noise_augmented_lira,16,0.05,10,0.04833333333333334,0.030833333333333334,0.062499999999999986,0.07166666666666667,0.05483333333333333,0.08366666666666667
cell,eff_su2_r5_d2,ideal_shot,128,noise_augmented_lira,4,0.01,10,0.013333333333333334,0.01,0.02183333333333333,0.021666666666666667,0.014833333333333334,0.03183333333333333
cell,eff_su2_r5_d2,ideal_shot,128,noise_augmented_lira,4,0.05,10,0.05666666666666667,0.043000000000000003,0.0685,0.08333333333333333,0.059333333333333335,0.0985
cell,eff_su2_r5_d2,ideal_shot,128,noise_augmented_lira,8,0.01,10,0.006666666666666667,0.0,0.015166666666666663,0.021666666666666667,0.014833333333333334,0.03916666666666665
cell,eff_su2_r5_d2,ideal_shot,128,noise_augmented_lira,8,0.05,10,0.05,0.027166666666666665,0.060666666666666653,0.07833333333333334,0.05716666666666667,0.09883333333333333
cell,eff_su2_r5_d2,ideal_shot,512,affine_channel_lira,16,0.01,10,0.01,0.0033333333333333335,0.025166666666666664,0.015,0.01,0.026999999999999993
cell,eff_su2_r5_d2,ideal_shot,512,affine_channel_lira,16,0.05,10,0.056666666666666664,0.04,0.06366666666666666,0.056666666666666664,0.04816666666666667,0.077
cell,eff_su2_r5_d2,ideal_shot,512,affine_channel_lira,4,0.01,10,0.01,0.008166666666666668,0.015166666666666663,0.018333333333333333,0.013000000000000001,0.026999999999999993
cell,eff_su2_r5_d2,ideal_shot,512,affine_channel_lira,4,0.05,10,0.051666666666666666,0.04,0.06549999999999999,0.08,0.06483333333333334,0.087
cell,eff_su2_r5_d2,ideal_shot,512,affine_channel_lira,8,0.01,10,0.01,0.004833333333333334,0.018499999999999996,0.023333333333333334,0.013333333333333334,0.03666666666666667
cell,eff_su2_r5_d2,ideal_shot,512,affine_channel_lira,8,0.05,10,0.055,0.0415,0.06666666666666667,0.07666666666666666,0.06483333333333334,0.09
cell,eff_su2_r5_d2,ideal_shot,512,deconvolved_lira,16,0.01,10,0.013333333333333334,0.006333333333333333,0.020333333333333328,0.0033333333333333335,0.0,0.006666666666666667
cell,eff_su2_r5_d2,ideal_shot,512,deconvolved_lira,16,0.05,10,0.04833333333333334,0.034833333333333334,0.06033333333333333,0.05333333333333334,0.04,0.06733333333333331
cell,eff_su2_r5_d2,ideal_shot,512,deconvolved_lira,4,0.01,10,0.008333333333333333,0.006666666666666667,0.020333333333333328,0.02666666666666667,0.018166666666666668,0.035166666666666666
cell,eff_su2_r5_d2,ideal_shot,512,deconvolved_lira,4,0.05,10,0.05,0.043333333333333335,0.06183333333333333,0.06666666666666667,0.059666666666666666,0.07516666666666666
cell,eff_su2_r5_d2,ideal_shot,512,deconvolved_lira,8,0.01,10,0.01,0.006666666666666667,0.015166666666666663,0.015,0.006666666666666667,0.025499999999999988
cell,eff_su2_r5_d2,ideal_shot,512,deconvolved_lira,8,0.05,10,0.055,0.0415,0.07066666666666666,0.06833333333333333,0.05483333333333333,0.07883333333333332
cell,eff_su2_r5_d2,ideal_shot,512,empirical_channel_lira,16,0.01,10,0.013333333333333334,0.0033333333333333335,0.016666666666666666,0.018333333333333333,0.014833333333333334,0.023333333333333334
cell,eff_su2_r5_d2,ideal_shot,512,empirical_channel_lira,16,0.05,10,0.051666666666666666,0.0345,0.06366666666666666,0.06166666666666667,0.04966666666666667,0.07766666666666665
cell,eff_su2_r5_d2,ideal_shot,512,empirical_channel_lira,4,0.01,10,0.01,0.01,0.016666666666666666,0.021666666666666667,0.014833333333333334,0.02666666666666667
cell,eff_su2_r5_d2,ideal_shot,512,empirical_channel_lira,4,0.05,10,0.05,0.04,0.06,0.07833333333333334,0.063,0.09183333333333334
cell,eff_su2_r5_d2,ideal_shot,512,empirical_channel_lira,8,0.01,10,0.008333333333333333,0.006666666666666667,0.015166666666666663,0.023333333333333334,0.014833333333333334,0.032166666666666656
cell,eff_su2_r5_d2,ideal_shot,512,empirical_channel_lira,8,0.05,10,0.04833333333333334,0.043333333333333335,0.06549999999999999,0.09,0.073,0.10216666666666666
cell,eff_su2_r5_d2,ideal_shot,512,latent_lira_mismatched,16,0.01,10,0.013333333333333334,0.008166666666666668,0.02,0.0033333333333333335,0.0,0.006666666666666667
cell,eff_su2_r5_d2,ideal_shot,512,latent_lira_mismatched,16,0.05,10,0.05,0.034833333333333334,0.06183333333333333,0.051666666666666666,0.03816666666666667,0.06549999999999999
cell,eff_su2_r5_d2,ideal_shot,512,latent_lira_mismatched,4,0.01,10,0.008333333333333333,0.006666666666666667,0.020333333333333328,0.02666666666666667,0.018166666666666668,0.035166666666666666
cell,eff_su2_r5_d2,ideal_shot,512,latent_lira_mismatched,4,0.05,10,0.05,0.0415,0.06,0.065,0.058166666666666665,0.07366666666666666
cell,eff_su2_r5_d2,ideal_shot,512,latent_lira_mismatched,8,0.01,10,0.01,0.004833333333333334,0.015166666666666663,0.015,0.008166666666666668,0.023666666666666662
cell,eff_su2_r5_d2,ideal_shot,512,latent_lira_mismatched,8,0.05,10,0.055,0.0415,0.0685,0.06666666666666668,0.06,0.08033333333333333
cell,eff_su2_r5_d2,ideal_shot,512,loss_mia,0,0.01,10,0.008333333333333333,0.006666666666666667,0.018499999999999996,0.013333333333333334,0.0115,0.02
cell,eff_su2_r5_d2,ideal_shot,512,loss_mia,0,0.05,10,0.051666666666666666,0.036333333333333336,0.06516666666666666,0.051666666666666666,0.043000000000000003,0.0685
cell,eff_su2_r5_d2,ideal_shot,512,noise_augmented_lira,16,0.01,10,0.006666666666666667,0.0033333333333333335,0.01366666666666666,0.015,0.008166666666666668,0.02183333333333333
cell,eff_su2_r5_d2,ideal_shot,512,noise_augmented_lira,16,0.05,10,0.04833333333333334,0.03333333333333333,0.058499999999999996,0.06166666666666667,0.04816666666666667,0.0785
cell,eff_su2_r5_d2,ideal_shot,512,noise_augmented_lira,4,0.01,10,0.011666666666666667,0.008166666666666668,0.015166666666666663,0.015,0.0115,0.02666666666666667
cell,eff_su2_r5_d2,ideal_shot,512,noise_augmented_lira,4,0.05,10,0.04833333333333334,0.036,0.058499999999999996,0.07333333333333333,0.06816666666666667,0.09033333333333333
cell,eff_su2_r5_d2,ideal_shot,512,noise_augmented_lira,8,0.01,10,0.01,0.0033333333333333335,0.016999999999999994,0.015,0.0033333333333333335,0.02183333333333333
cell,eff_su2_r5_d2,ideal_shot,512,noise_augmented_lira,8,0.05,10,0.05333333333333334,0.043000000000000003,0.06666666666666667,0.08,0.07,0.09
cell,eff_su2_r5_d2,noisy_shot,1024,affine_channel_lira,16,0.01,10,0.01,0.008166666666666668,0.018499999999999996,0.008333333333333333,0.0015,0.013333333333333334
cell,eff_su2_r5_d2,noisy_shot,1024,affine_channel_lira,16,0.05,10,0.05,0.043333333333333335,0.060666666666666653,0.06,0.05333333333333334,0.07366666666666666
cell,eff_su2_r5_d2,noisy_shot,1024,affine_channel_lira,4,0.01,10,0.01,0.006666666666666667,0.013333333333333334,0.013333333333333334,0.01,0.018499999999999996
cell,eff_su2_r5_d2,noisy_shot,1024,affine_channel_lira,4,0.05,10,0.056666666666666664,0.04666666666666667,0.06183333333333333,0.07333333333333333,0.06666666666666667,0.09033333333333333
cell,eff_su2_r5_d2,noisy_shot,1024,affine_channel_lira,8,0.01,10,0.011666666666666667,0.004833333333333334,0.015166666666666663,0.02,0.014833333333333334,0.02666666666666667
cell,eff_su2_r5_d2,noisy_shot,1024,affine_channel_lira,8,0.05,10,0.05333333333333334,0.03816666666666667,0.062166666666666655,0.07833333333333334,0.06483333333333334,0.09366666666666666
cell,eff_su2_r5_d2,noisy_shot,1024,deconvolved_lira,16,0.01,10,0.01,0.004833333333333334,0.016666666666666666,0.0033333333333333335,0.0033333333333333335,0.008499999999999997
cell,eff_su2_r5_d2,noisy_shot,1024,deconvolved_lira,16,0.05,10,0.05333333333333333,0.04116666666666667,0.06183333333333333,0.056666666666666664,0.044833333333333336,0.06666666666666667
cell,eff_su2_r5_d2,noisy_shot,1024,deconvolved_lira,4,0.01,10,0.011666666666666667,0.006333333333333333,0.018499999999999996,0.016666666666666666,0.013333333333333334,0.02183333333333333
cell,eff_su2_r5_d2,noisy_shot,1024,deconvolved_lira,4,0.05,10,0.05,0.043333333333333335,0.056666666666666664,0.056666666666666664,0.05,0.06883333333333333
cell,eff_su2_r5_d2,noisy_shot,1024,deconvolved_lira,8,0.01,10,0.015,0.006666666666666667,0.016666666666666666,0.011666666666666667,0.006333333333333333,0.02183333333333333
cell,eff_su2_r5_d2,noisy_shot,1024,deconvolved_lira,8,0.05,10,0.05333333333333334,0.04,0.07,0.07333333333333333,0.05333333333333334,0.08
cell,eff_su2_r5_d2,noisy_shot,1024,empirical_channel_lira,16,0.01,10,0.011666666666666667,0.006666666666666667,0.016666666666666666,0.013333333333333334,0.006666666666666667,0.020333333333333328
cell,eff_su2_r5_d2,noisy_shot,1024,empirical_channel_lira,16,0.05,10,0.04833333333333334,0.036333333333333336,0.062166666666666655,0.058333333333333334,0.044833333333333336,0.07183333333333333
cell,eff_su2_r5_d2,noisy_shot,1024,empirical_channel_lira,4,0.01,10,0.01,0.006666666666666667,0.015166666666666663,0.015,0.013333333333333334,0.02183333333333333
cell,eff_su2_r5_d2,noisy_shot,1024,empirical_channel_lira,4,0.05,10,0.05,0.04633333333333334,0.06033333333333333,0.08499999999999999,0.07333333333333333,0.10066666666666665
cell,eff_su2_r5_d2,noisy_shot,1024,empirical_channel_lira,8,0.01,10,0.013333333333333334,0.004833333333333334,0.018499999999999996,0.02,0.013333333333333334,0.02666666666666667
cell,eff_su2_r5_d2,noisy_shot,1024,empirical_channel_lira,8,0.05,10,0.051666666666666666,0.0415,0.06183333333333333,0.08,0.07150000000000001,0.10183333333333333
cell,eff_su2_r5_d2,noisy_shot,1024,latent_lira_mismatched,16,0.01,10,0.013333333333333334,0.004833333333333334,0.016666666666666666,0.0016666666666666668,0.0,0.005166666666666663
cell,eff_su2_r5_d2,noisy_shot,1024,latent_lira_mismatched,16,0.05,10,0.051666666666666666,0.0415,0.058499999999999996,0.04833333333333334,0.036333333333333336,0.056666666666666664
cell,eff_su2_r5_d2,noisy_shot,1024,latent_lira_mismatched,4,0.01,10,0.011666666666666667,0.0015,0.018499999999999996,0.02,0.016666666666666666,0.023333333333333334
cell,eff_su2_r5_d2,noisy_shot,1024,latent_lira_mismatched,4,0.05,10,0.04666666666666667,0.0415,0.05366666666666666,0.06,0.04783333333333334,0.07216666666666666
cell,eff_su2_r5_d2,noisy_shot,1024,latent_lira_mismatched,8,0.01,10,0.015,0.008166666666666668,0.02,0.013333333333333334,0.006666666666666667,0.023666666666666662
cell,eff_su2_r5_d2,noisy_shot,1024,latent_lira_mismatched,8,0.05,10,0.055,0.03783333333333334,0.058499999999999996,0.07166666666666667,0.05633333333333333,0.08666666666666667
cell,eff_su2_r5_d2,noisy_shot,1024,loss_mia,0,0.01,10,0.01,0.004833333333333334,0.016999999999999994,0.01,0.004833333333333334,0.015166666666666663
cell,eff_su2_r5_d2,noisy_shot,1024,loss_mia,0,0.05,10,0.05,0.0415,0.05883333333333333,0.045,0.036333333333333336,0.06
cell,eff_su2_r5_d2,noisy_shot,1024,noise_augmented_lira,16,0.01,10,0.01,0.008166666666666668,0.015166666666666663,0.006666666666666667,0.0033333333333333335,0.01
cell,eff_su2_r5_d2,noisy_shot,1024,noise_augmented_lira,16,0.05,10,0.051666666666666666,0.0415,0.06516666666666666,0.06833333333333333,0.053,0.08216666666666665
cell,eff_su2_r5_d2,noisy_shot,1024,noise_augmented_lira,4,0.01,10,0.01,0.006666666666666667,0.01,0.011666666666666667,0.008166666666666668,0.016666666666666666
cell,eff_su2_r5_d2,noisy_shot,1024,noise_augmented_lira,4,0.05,10,0.051666666666666666,0.044833333333333336,0.06,0.08166666666666667,0.07333333333333333,0.097
cell,eff_su2_r5_d2,noisy_shot,1024,noise_augmented_lira,8,0.01,10,0.013333333333333334,0.004833333333333334,0.016666666666666666,0.021666666666666667,0.018166666666666668,0.03
cell,eff_su2_r5_d2,noisy_shot,1024,noise_augmented_lira,8,0.05,10,0.05333333333333334,0.04116666666666667,0.062166666666666655,0.08833333333333333,0.07483333333333334,0.10516666666666667
cell,eff_su2_r5_d2,noisy_shot,128,affine_channel_lira,16,0.01,10,0.01,0.006666666666666667,0.018833333333333323,0.015,0.01,0.023333333333333334
cell,eff_su2_r5_d2,noisy_shot,128,affine_channel_lira,16,0.05,10,0.05,0.03966666666666667,0.06666666666666667,0.07333333333333333,0.06,0.09399999999999999
cell,eff_su2_r5_d2,noisy_shot,128,affine_channel_lira,4,0.01,10,0.011666666666666667,0.004833333333333334,0.018499999999999996,0.02,0.006666666666666667,0.03366666666666666
cell,eff_su2_r5_d2,noisy_shot,128,affine_channel_lira,4,0.05,10,0.05333333333333334,0.04,0.06549999999999999,0.08499999999999999,0.07150000000000001,0.10033333333333333
cell,eff_su2_r5_d2,noisy_shot,128,affine_channel_lira,8,0.01,10,0.01,0.006666666666666667,0.015166666666666663,0.02,0.0115,0.03333333333333333
cell,eff_su2_r5_d2,noisy_shot,128,affine_channel_lira,8,0.05,10,0.05,0.03116666666666667,0.07066666666666666,0.07833333333333334,0.06116666666666667,0.08666666666666667
cell,eff_su2_r5_d2,noisy_shot,128,deconvolved_lira,16,0.01,10,0.013333333333333334,0.0033333333333333335,0.02,0.006666666666666667,0.0,0.01
cell,eff_su2_r5_d2,noisy_shot,128,deconvolved_lira,16,0.05,10,0.05333333333333333,0.043333333333333335,0.06766666666666664,0.03666666666666667,0.026333333333333334,0.05216666666666665
cell,eff_su2_r5_d2,noisy_shot,128,deconvolved_lira,4,0.01,10,0.01,0.0015,0.015166666666666663,0.015,0.01,0.02183333333333333
cell,eff_su2_r5_d2,noisy_shot,128,deconvolved_lira,4,0.05,10,0.04833333333333334,0.043333333333333335,0.058499999999999996,0.04833333333333334,0.03816666666666667,0.06
cell,eff_su2_r5_d2,noisy_shot,128,deconvolved_lira,8,0.01,10,0.013333333333333334,0.0033333333333333335,0.018499999999999996,0.011666666666666667,0.0033333333333333335,0.023333333333333334
cell,eff_su2_r5_d2,noisy_shot,128,deconvolved_lira,8,0.05,10,0.05,0.03666666666666667,0.07366666666666666,0.06,0.044833333333333336,0.07366666666666666
cell,eff_su2_r5_d2,noisy_shot,128,empirical_channel_lira,16,0.01,10,0.01,0.006666666666666667,0.018833333333333323,0.018333333333333333,0.0115,0.03
cell,eff_su2_r5_d2,noisy_shot,128,empirical_channel_lira,16,0.05,10,0.04833333333333334,0.03666666666666667,0.06733333333333331,0.07,0.06,0.08183333333333333
cell,eff_su2_r5_d2,noisy_shot,128,empirical_channel_lira,4,0.01,10,0.011666666666666667,0.004833333333333334,0.020333333333333328,0.018333333333333333,0.01,0.03699999999999999
cell,eff_su2_r5_d2,noisy_shot,128,empirical_channel_lira,4,0.05,10,0.05333333333333334,0.04,0.06516666666666666,0.08499999999999999,0.066,0.10033333333333333
cell,eff_su2_r5_d2,noisy_shot,128,empirical_channel_lira,8,0.01,10,0.008333333333333333,0.006666666666666667,0.013333333333333334,0.028333333333333335,0.013000000000000001,0.03666666666666667
cell,eff_su2_r5_d2,noisy_shot,128,empirical_channel_lira,8,0.05,10,0.04666666666666667,0.03666666666666667,0.06183333333333333,0.08166666666666667,0.06816666666666667,0.09549999999999999
cell,eff_su2_r5_d2,noisy_shot,128,latent_lira_mismatched,16,0.01,10,0.01,0.003,0.018499999999999996,0.0016666666666666668,0.0,0.013333333333333334
cell,eff_su2_r5_d2,noisy_shot,128,latent_lira_mismatched,16,0.05,10,0.051666666666666666,0.043333333333333335,0.06366666666666666,0.035,0.03,0.04516666666666667
cell,eff_su2_r5_d2,noisy_shot,128,latent_lira_mismatched,4,0.01,10,0.008333333333333333,0.0033333333333333335,0.018499999999999996,0.011666666666666667,0.006666666666666667,0.02
cell,eff_su2_r5_d2,noisy_shot,128,latent_lira_mismatched,4,0.05,10,0.051666666666666666,0.043333333333333335,0.06183333333333333,0.05,0.03816666666666667,0.06183333333333333
cell,eff_su2_r5_d2,noisy_shot,128,latent_lira_mismatched,8,0.01,10,0.011666666666666667,0.004833333333333334,0.016666666666666666,0.01,0.006666666666666667,0.02
cell,eff_su2_r5_d2,noisy_shot,128,latent_lira_mismatched,8,0.05,10,0.04833333333333334,0.03666666666666667,0.0685,0.06333333333333332,0.04816666666666667,0.077
cell,eff_su2_r5_d2,noisy_shot,128,loss_mia,0,0.01,10,0.013333333333333334,0.0033333333333333335,0.013333333333333334,0.01,0.0015,0.013333333333333334
cell,eff_su2_r5_d2,noisy_shot,128,loss_mia,0,0.05,10,0.05,0.03966666666666667,0.06883333333333333,0.055,0.03966666666666667,0.08616666666666664
cell,eff_su2_r5_d2,noisy_shot,128,noise_augmented_lira,16,0.01,10,0.013333333333333334,0.004833333333333334,0.016666666666666666,0.016666666666666666,0.006666666666666667,0.023333333333333334
cell,eff_su2_r5_d2,noisy_shot,128,noise_augmented_lira,16,0.05,10,0.05,0.03816666666666667,0.06183333333333333,0.07333333333333333,0.053,0.08033333333333333
cell,eff_su2_r5_d2,noisy_shot,128,noise_augmented_lira,4,0.01,10,0.015,0.0033333333333333335,0.02183333333333333,0.023333333333333334,0.014833333333333334,0.040333333333333325
cell,eff_su2_r5_d2,noisy_shot,128,noise_augmented_lira,4,0.05,10,0.043333333333333335,0.03816666666666667,0.06333333333333334,0.07333333333333333,0.053,0.09366666666666666
cell,eff_su2_r5_d2,noisy_shot,128,noise_augmented_lira,8,0.01,10,0.01,0.004833333333333334,0.01366666666666666,0.021666666666666667,0.011166666666666667,0.03183333333333333
cell,eff_su2_r5_d2,noisy_shot,128,noise_augmented_lira,8,0.05,10,0.04666666666666667,0.0315,0.058499999999999996,0.07666666666666666,0.06933333333333333,0.09033333333333333
cell,eff_su2_r5_d2,noisy_shot,512,affine_channel_lira,16,0.01,10,0.013333333333333334,0.006666666666666667,0.018499999999999996,0.01,0.004833333333333334,0.015166666666666663
cell,eff_su2_r5_d2,noisy_shot,512,affine_channel_lira,16,0.05,10,0.05,0.03816666666666667,0.06516666666666666,0.065,0.05483333333333333,0.0785
cell,eff_su2_r5_d2,noisy_shot,512,affine_channel_lira,4,0.01,10,0.01,0.006666666666666667,0.016999999999999994,0.016666666666666666,0.01,0.025166666666666664
cell,eff_su2_r5_d2,noisy_shot,512,affine_channel_lira,4,0.05,10,0.05333333333333333,0.043000000000000003,0.06366666666666666,0.07,0.0615,0.07666666666666666
cell,eff_su2_r5_d2,noisy_shot,512,affine_channel_lira,8,0.01,10,0.008333333333333333,0.0033333333333333335,0.016666666666666666,0.018333333333333333,0.01,0.028499999999999998
cell,eff_su2_r5_d2,noisy_shot,512,affine_channel_lira,8,0.05,10,0.05,0.03666666666666667,0.06333333333333334,0.08166666666666667,0.06933333333333333,0.08666666666666667
cell,eff_su2_r5_d2,noisy_shot,512,deconvolved_lira,16,0.01,10,0.013333333333333334,0.004833333333333334,0.018499999999999996,0.005,0.0,0.008499999999999997
cell,eff_su2_r5_d2,noisy_shot,512,deconvolved_lira,16,0.05,10,0.051666666666666666,0.0415,0.067,0.045,0.03666666666666667,0.056999999999999995
cell,eff_su2_r5_d2,noisy_shot,512,deconvolved_lira,4,0.01,10,0.01,0.0033333333333333335,0.018499999999999996,0.016666666666666666,0.0115,0.023333333333333334
cell,eff_su2_r5_d2,noisy_shot,512,deconvolved_lira,4,0.05,10,0.05333333333333334,0.03966666666666667,0.058499999999999996,0.055,0.0415,0.06183333333333333
cell,eff_su2_r5_d2,noisy_shot,512,deconvolved_lira,8,0.01,10,0.013333333333333334,0.006666666666666667,0.016999999999999994,0.013333333333333334,0.006666666666666667,0.020333333333333328
cell,eff_su2_r5_d2,noisy_shot,512,deconvolved_lira,8,0.05,10,0.055,0.036,0.06666666666666667,0.06666666666666667,0.04816666666666667,0.08066666666666665
cell,eff_su2_r5_d2,noisy_shot,512,empirical_channel_lira,16,0.01,10,0.013333333333333334,0.01,0.018499999999999996,0.013333333333333334,0.01,0.018499999999999996
cell,eff_su2_r5_d2,noisy_shot,512,empirical_channel_lira,16,0.05,10,0.04666666666666667,0.034833333333333334,0.06333333333333334,0.06333333333333334,0.046,0.07
cell,eff_su2_r5_d2,noisy_shot,512,empirical_channel_lira,4,0.01,10,0.01,0.006666666666666667,0.015166666666666663,0.018333333333333333,0.0115,0.023333333333333334
cell,eff_su2_r5_d2,noisy_shot,512,empirical_channel_lira,4,0.05,10,0.05333333333333334,0.043000000000000003,0.060666666666666653,0.07166666666666667,0.06,0.08183333333333333
cell,eff_su2_r5_d2,noisy_shot,512,empirical_channel_lira,8,0.01,10,0.013333333333333334,0.006666666666666667,0.016999999999999994,0.018333333333333333,0.009666666666666667,0.03333333333333333
cell,eff_su2_r5_d2,noisy_shot,512,empirical_channel_lira,8,0.05,10,0.04833333333333334,0.03816666666666667,0.06,0.08,0.07333333333333333,0.08516666666666667
cell,eff_su2_r5_d2,noisy_shot,512,latent_lira_mismatched,16,0.01,10,0.018333333333333333,0.006666666666666667,0.02183333333333333,0.0033333333333333335,0.0,0.005166666666666663
cell,eff_su2_r5_d2,noisy_shot,512,latent_lira_mismatched,16,0.05,10,0.05333333333333334,0.0345,0.06033333333333333,0.04,0.03666666666666667,0.06
cell,eff_su2_r5_d2,noisy_shot,512,latent_lira_mismatched,4,0.01,10,0.01,0.004833333333333334,0.016666666666666666,0.02,0.014833333333333334,0.025166666666666664
cell,eff_su2_r5_d2,noisy_shot,512,latent_lira_mismatched,4,0.05,10,0.055,0.03966666666666667,0.06033333333333333,0.051666666666666666,0.0415,0.06183333333333333
cell,eff_su2_r5_d2,noisy_shot,512,latent_lira_mismatched,8,0.01,10,0.01,0.0033333333333333335,0.018499999999999996,0.013333333333333334,0.004833333333333334,0.018499999999999996
cell,eff_su2_r5_d2,noisy_shot,512,latent_lira_mismatched,8,0.05,10,0.05333333333333334,0.03816666666666667,0.07033333333333333,0.07333333333333333,0.059666666666666666,0.08183333333333333
cell,eff_su2_r5_d2,noisy_shot,512,loss_mia,0,0.01,10,0.01,0.004833333333333334,0.013333333333333334,0.008333333333333333,0.006666666666666667,0.011833333333333331
cell,eff_su2_r5_d2,noisy_shot,512,loss_mia,0,0.05,10,0.051666666666666666,0.03116666666666667,0.06516666666666666,0.04666666666666667,0.03816666666666667,0.058499999999999996
cell,eff_su2_r5_d2,noisy_shot,512,noise_augmented_lira,16,0.01,10,0.016666666666666666,0.008166666666666668,0.018499999999999996,0.01,0.004833333333333334,0.016666666666666666
cell,eff_su2_r5_d2,noisy_shot,512,noise_augmented_lira,16,0.05,10,0.051666666666666666,0.036,0.06733333333333331,0.07333333333333333,0.05783333333333334,0.08333333333333333
cell,eff_su2_r5_d2,noisy_shot,512,noise_augmented_lira,4,0.01,10,0.006666666666666667,0.004833333333333334,0.01,0.013333333333333334,0.01,0.02
cell,eff_su2_r5_d2,noisy_shot,512,noise_augmented_lira,4,0.05,10,0.043333333333333335,0.034833333333333334,0.04666666666666667,0.07166666666666667,0.058166666666666665,0.08183333333333333
cell,eff_su2_r5_d2,noisy_shot,512,noise_augmented_lira,8,0.01,10,0.016666666666666666,0.01,0.02183333333333333,0.02,0.008166666666666668,0.02666666666666667
cell,eff_su2_r5_d2,noisy_shot,512,noise_augmented_lira,8,0.05,10,0.04833333333333334,0.03816666666666667,0.06549999999999999,0.07,0.056,0.07516666666666666
cell,z_r1_d6,ideal_shot,1024,affine_channel_lira,16,0.01,10,0.013333333333333334,0.013333333333333334,0.018499999999999996,0.03,0.02666666666666667,0.03666666666666667
cell,z_r1_d6,ideal_shot,1024,affine_channel_lira,16,0.05,10,0.051666666666666666,0.0415,0.058499999999999996,0.09,0.08666666666666667,0.10183333333333333
cell,z_r1_d6,ideal_shot,1024,affine_channel_lira,4,0.01,10,0.011666666666666667,0.01,0.015166666666666663,0.02,0.014833333333333334,0.023333333333333334
cell,z_r1_d6,ideal_shot,1024,affine_channel_lira,4,0.05,10,0.04833333333333334,0.0415,0.05516666666666666,0.05,0.043333333333333335,0.06033333333333333
cell,z_r1_d6,ideal_shot,1024,affine_channel_lira,8,0.01,10,0.01,0.008166666666666668,0.013333333333333334,0.04,0.03666666666666667,0.04516666666666667
cell,z_r1_d6,ideal_shot,1024,affine_channel_lira,8,0.05,10,0.05,0.043000000000000003,0.058499999999999996,0.07833333333333334,0.06666666666666667,0.08666666666666667
cell,z_r1_d6,ideal_shot,1024,deconvolved_lira,16,0.01,10,0.015,0.013333333333333334,0.018499999999999996,0.03166666666666666,0.03,0.0385
cell,z_r1_d6,ideal_shot,1024,deconvolved_lira,16,0.05,10,0.05333333333333334,0.043333333333333335,0.062166666666666655,0.08833333333333333,0.08333333333333333,0.0985
cell,z_r1_d6,ideal_shot,1024,deconvolved_lira,4,0.01,10,0.013333333333333334,0.01,0.015166666666666663,0.013333333333333334,0.013333333333333334,0.018499999999999996
cell,z_r1_d6,ideal_shot,1024,deconvolved_lira,4,0.05,10,0.05,0.043333333333333335,0.06516666666666666,0.043333333333333335,0.04,0.05
cell,z_r1_d6,ideal_shot,1024,deconvolved_lira,8,0.01,10,0.015,0.01,0.020333333333333328,0.03333333333333333,0.03,0.03666666666666667
cell,z_r1_d6,ideal_shot,1024,deconvolved_lira,8,0.05,10,0.05333333333333334,0.044833333333333336,0.06399999999999999,0.06666666666666667,0.05483333333333333,0.08033333333333333
cell,z_r1_d6,ideal_shot,1024,empirical_channel_lira,16,0.01,10,0.013333333333333334,0.01,0.016999999999999994,0.03,0.023333333333333334,0.035166666666666666
cell,z_r1_d6,ideal_shot,1024,empirical_channel_lira,16,0.05,10,0.051666666666666666,0.043333333333333335,0.05883333333333333,0.075,0.06816666666666667,0.08516666666666667
cell,z_r1_d6,ideal_shot,1024,empirical_channel_lira,4,0.01,10,0.011666666666666667,0.01,0.013333333333333334,0.01,0.006666666666666667,0.015166666666666663
cell,z_r1_d6,ideal_shot,1024,empirical_channel_lira,4,0.05,10,0.051666666666666666,0.04816666666666667,0.058499999999999996,0.06,0.05483333333333333,0.06666666666666667
cell,z_r1_d6,ideal_shot,1024,empirical_channel_lira,8,0.01,10,0.013333333333333334,0.008166666666666668,0.015166666666666663,0.03833333333333333,0.03,0.043333333333333335
cell,z_r1_d6,ideal_shot,1024,empirical_channel_lira,8,0.05,10,0.05,0.03816666666666667,0.05516666666666666,0.08499999999999999,0.0815,0.09
cell,z_r1_d6,ideal_shot,1024,latent_lira_mismatched,16,0.01,10,0.016666666666666666,0.013333333333333334,0.018499999999999996,0.03166666666666666,0.03,0.0385
cell,z_r1_d6,ideal_shot,1024,latent_lira_mismatched,16,0.05,10,0.051666666666666666,0.043333333333333335,0.062166666666666655,0.08833333333333333,0.08333333333333333,0.0985
cell,z_r1_d6,ideal_shot,1024,latent_lira_mismatched,4,0.01,10,0.013333333333333334,0.01,0.015166666666666663,0.013333333333333334,0.013333333333333334,0.018499999999999996
cell,z_r1_d6,ideal_shot,1024,latent_lira_mismatched,4,0.05,10,0.05,0.043333333333333335,0.062166666666666655,0.043333333333333335,0.04,0.0485
cell,z_r1_d6,ideal_shot,1024,latent_lira_mismatched,8,0.01,10,0.015,0.01,0.020333333333333328,0.03333333333333333,0.03,0.03666666666666667
cell,z_r1_d6,ideal_shot,1024,latent_lira_mismatched,8,0.05,10,0.05333333333333334,0.043333333333333335,0.06583333333333331,0.06666666666666667,0.05483333333333333,0.08033333333333333
cell,z_r1_d6,ideal_shot,1024,loss_mia,0,0.01,10,0.011666666666666667,0.01,0.016666666666666666,0.018333333333333333,0.016666666666666666,0.025166666666666664
cell,z_r1_d6,ideal_shot,1024,loss_mia,0,0.05,10,0.055,0.043333333333333335,0.06333333333333334,0.05,0.043000000000000003,0.05516666666666666
cell,z_r1_d6,ideal_shot,1024,noise_augmented_lira,16,0.01,10,0.013333333333333334,0.013333333333333334,0.016666666666666666,0.03166666666666666,0.028166666666666666,0.0385
cell,z_r1_d6,ideal_shot,1024,noise_augmented_lira,16,0.05,10,0.051666666666666666,0.043333333333333335,0.056666666666666664,0.08499999999999999,0.08,0.09333333333333334
cell,z_r1_d6,ideal_shot,1024,noise_augmented_lira,4,0.01,10,0.013333333333333334,0.01,0.013333333333333334,0.018333333333333333,0.013333333333333334,0.02
cell,z_r1_d6,ideal_shot,1024,noise_augmented_lira,4,0.05,10,0.04666666666666667,0.04,0.056666666666666664,0.058333333333333334,0.05333333333333334,0.06
cell,z_r1_d6,ideal_shot,1024,noise_augmented_lira,8,0.01,10,0.006666666666666667,0.006666666666666667,0.015166666666666663,0.04,0.03816666666666667,0.04666666666666667
cell,z_r1_d6,ideal_shot,1024,noise_augmented_lira,8,0.05,10,0.05333333333333334,0.04816666666666667,0.056666666666666664,0.07999999999999999,0.0615,0.087
cell,z_r1_d6,ideal_shot,128,affine_channel_lira,16,0.01,10,0.013333333333333334,0.008166666666666668,0.016666666666666666,0.03,0.024833333333333336,0.0385
cell,z_r1_d6,ideal_shot,128,affine_channel_lira,16,0.05,10,0.05333333333333333,0.0415,0.0685,0.08499999999999999,0.05783333333333334,0.09
cell,z_r1_d6,ideal_shot,128,affine_channel_lira,4,0.01,10,0.01,0.006666666666666667,0.016999999999999994,0.013333333333333334,0.0115,0.02183333333333333
cell,z_r1_d6,ideal_shot,128,affine_channel_lira,4,0.05,10,0.05333333333333333,0.03966666666666667,0.06516666666666666,0.05,0.036333333333333336,0.06549999999999999
cell,z_r1_d6,ideal_shot,128,affine_channel_lira,8,0.01,10,0.011666666666666667,0.0033333333333333335,0.016666666666666666,0.04166666666666667,0.029666666666666668,0.05333333333333334
cell,z_r1_d6,ideal_shot,128,affine_channel_lira,8,0.05,10,0.05,0.03816666666666667,0.06,0.09333333333333332,0.07333333333333333,0.0985
cell,z_r1_d6,ideal_shot,128,deconvolved_lira,16,0.01,10,0.01,0.004833333333333334,0.015166666666666663,0.03166666666666666,0.023333333333333334,0.0385
cell,z_r1_d6,ideal_shot,128,deconvolved_lira,16,0.05,10,0.05333333333333334,0.03966666666666667,0.06666666666666667,0.08666666666666667,0.06483333333333334,0.097
cell,z_r1_d6,ideal_shot,128,deconvolved_lira,4,0.01,10,0.013333333333333334,0.01,0.018499999999999996,0.013333333333333334,0.0115,0.016666666666666666
cell,z_r1_d6,ideal_shot,128,deconvolved_lira,4,0.05,10,0.05333333333333334,0.0415,0.06366666666666666,0.043333333333333335,0.02666666666666667,0.051833333333333335
cell,z_r1_d6,ideal_shot,128,deconvolved_lira,8,0.01,10,0.01,0.004833333333333334,0.02,0.02666666666666667,0.016666666666666666,0.03699999999999999
cell,z_r1_d6,ideal_shot,128,deconvolved_lira,8,0.05,10,0.05,0.043333333333333335,0.06333333333333334,0.07166666666666667,0.058166666666666665,0.08916666666666664
cell,z_r1_d6,ideal_shot,128,empirical_channel_lira,16,0.01,10,0.013333333333333334,0.008166666666666668,0.016666666666666666,0.028333333333333335,0.016666666666666666,0.035166666666666666
cell,z_r1_d6,ideal_shot,128,empirical_channel_lira,16,0.05,10,0.05,0.03816666666666667,0.06,0.075,0.056666666666666664,0.09333333333333334
cell,z_r1_d6,ideal_shot,128,empirical_channel_lira,4,0.01,10,0.013333333333333334,0.008166666666666668,0.015166666666666663,0.01,0.008166666666666668,0.015166666666666663
cell,z_r1_d6,ideal_shot,128,empirical_channel_lira,4,0.05,10,0.05333333333333334,0.04,0.06,0.051666666666666666,0.034166666666666665,0.06183333333333333
cell,z_r1_d6,ideal_shot,128,empirical_channel_lira,8,0.01,10,0.013333333333333334,0.004833333333333334,0.015166666666666663,0.03166666666666666,0.024833333333333336,0.043333333333333335
cell,z_r1_d6,ideal_shot,128,empirical_channel_lira,8,0.05,10,0.051666666666666666,0.03816666666666667,0.06183333333333333,0.09166666666666667,0.07333333333333333,0.10666666666666667
cell,z_r1_d6,ideal_shot,128,latent_lira_mismatched,16,0.01,10,0.01,0.004833333333333334,0.016666666666666666,0.03166666666666666,0.023333333333333334,0.040333333333333325
cell,z_r1_d6,ideal_shot,128,latent_lira_mismatched,16,0.05,10,0.055,0.0415,0.06666666666666667,0.08166666666666667,0.0615,0.09666666666666666
cell,z_r1_d6,ideal_shot,128,latent_lira_mismatched,4,0.01,10,0.013333333333333334,0.01,0.018499999999999996,0.013333333333333334,0.0115,0.016666666666666666
cell,z_r1_d6,ideal_shot,128,latent_lira_mismatched,4,0.05,10,0.051666666666666666,0.03966666666666667,0.06366666666666666,0.043333333333333335,0.028166666666666666,0.051833333333333335
cell,z_r1_d6,ideal_shot,128,latent_lira_mismatched,8,0.01,10,0.01,0.0033333333333333335,0.02183333333333333,0.02666666666666667,0.018166666666666668,0.03699999999999999
cell,z_r1_d6,ideal_shot,128,latent_lira_mismatched,8,0.05,10,0.04833333333333334,0.03966666666666667,0.06333333333333334,0.07333333333333333,0.05483333333333333,0.09099999999999998
cell,z_r1_d6,ideal_shot,128,loss_mia,0,0.01,10,0.013333333333333334,0.006666666666666667,0.018499999999999996,0.018333333333333333,0.013333333333333334,0.023333333333333334
cell,z_r1_d6,ideal_shot,128,loss_mia,0,0.05,10,0.05333333333333334,0.043000000000000003,0.06183333333333333,0.05666666666666667,0.0415,0.06883333333333333
cell,z_r1_d6,ideal_shot,128,noise_augmented_lira,16,0.01,10,0.01,0.003,0.016666666666666666,0.03333333333333333,0.023333333333333334,0.0385
cell,z_r1_d6,ideal_shot,128,noise_augmented_lira,16,0.05,10,0.056666666666666664,0.0415,0.06366666666666666,0.07666666666666666,0.06,0.09583333333333331
cell,z_r1_d6,ideal_shot,128,noise_augmented_lira,4,0.01,10,0.01,0.008166666666666668,0.016666666666666666,0.015,0.01,0.02
cell,z_r1_d6,ideal_shot,128,noise_augmented_lira,4,0.05,10,0.05,0.03816666666666667,0.056666666666666664,0.04666666666666667,0.04,0.06
cell,z_r1_d6,ideal_shot,128,noise_augmented_lira,8,0.01,10,0.016666666666666666,0.004833333333333334,0.018499999999999996,0.03666666666666667,0.024833333333333336,0.043333333333333335
cell,z_r1_d6,ideal_shot,128,noise_augmented_lira,8,0.05,10,0.045,0.034833333333333334,0.062499999999999986,0.09,0.07633333333333334,0.10516666666666667
cell,z_r1_d6,ideal_shot,512,affine_channel_lira,16,0.01,10,0.015,0.0115,0.02,0.03166666666666666,0.02666666666666667,0.035166666666666666
cell,z_r1_d6,ideal_shot,512,affine_channel_lira,16,0.05,10,0.05333333333333334,0.043000000000000003,0.06183333333333333,0.08666666666666667,0.073,0.10333333333333333
cell,z_r1_d6,ideal_shot,512,affine_channel_lira,4,0.01,10,0.011666666666666667,0.01,0.018499999999999996,0.016666666666666666,0.013333333333333334,0.02
cell,z_r1_d6,ideal_shot,512,affine_channel_lira,4,0.05,10,0.05,0.043333333333333335,0.056666666666666664,0.055,0.04966666666666667,0.06666666666666667
cell,z_r1_d6,ideal_shot,512,affine_channel_lira,8,0.01,10,0.01,0.006666666666666667,0.015166666666666663,0.04,0.03333333333333333,0.043333333333333335
cell,z_r1_d6,ideal_shot,512,affine_channel_lira,8,0.05,10,0.051666666666666666,0.03816666666666667,0.06,0.08,0.06666666666666667,0.0885
cell,z_r1_d6,ideal_shot,512,deconvolved_lira,16,0.01,10,0.013333333333333334,0.01,0.016666666666666666,0.028333333333333335,0.023333333333333334,0.035166666666666666
cell,z_r1_d6,ideal_shot,512,deconvolved_lira,16,0.05,10,0.055,0.044833333333333336,0.06366666666666666,0.08333333333333333,0.073,0.0985
cell,z_r1_d6,ideal_shot,512,deconvolved_lira,4,0.01,10,0.013333333333333334,0.01,0.016666666666666666,0.013333333333333334,0.013333333333333334,0.016666666666666666
cell,z_r1_d6,ideal_shot,512,deconvolved_lira,4,0.05,10,0.05333333333333333,0.04,0.06666666666666667,0.04666666666666667,0.0415,0.05033333333333333
cell,z_r1_d6,ideal_shot,512,deconvolved_lira,8,0.01,10,0.016666666666666666,0.008166666666666668,0.023666666666666662,0.03333333333333333,0.028166666666666666,0.041833333333333333
cell,z_r1_d6,ideal_shot,512,deconvolved_lira,8,0.05,10,0.04666666666666667,0.044833333333333336,0.056999999999999995,0.06333333333333334,0.058166666666666665,0.0785
cell,z_r1_d6,ideal_shot,512,empirical_channel_lira,16,0.01,10,0.011666666666666667,0.008166666666666668,0.015166666666666663,0.02666666666666667,0.021500000000000002,0.03333333333333333
cell,z_r1_d6,ideal_shot,512,empirical_channel_lira,16,0.05,10,0.05,0.0415,0.06366666666666666,0.07333333333333333,0.06816666666666667,0.09366666666666666
cell,z_r1_d6,ideal_shot,512,empirical_channel_lira,4,0.01,10,0.013333333333333334,0.01,0.013333333333333334,0.013333333333333334,0.01,0.016666666666666666
cell,z_r1_d6,ideal_shot,512,empirical_channel_lira,4,0.05,10,0.05333333333333334,0.04633333333333334,0.058499999999999996,0.06166666666666667,0.04966666666666667,0.06516666666666666
cell,z_r1_d6,ideal_shot,512,empirical_channel_lira,8,0.01,10,0.01,0.006666666666666667,0.013333333333333334,0.03666666666666667,0.03,0.04
cell,z_r1_d6,ideal_shot,512,empirical_channel_lira,8,0.05,10,0.04833333333333334,0.04,0.06183333333333333,0.08499999999999999,0.073,0.09183333333333334
cell,z_r1_d6,ideal_shot,512,latent_lira_mismatched,16,0.01,10,0.013333333333333334,0.01,0.015166666666666663,0.028333333333333335,0.023333333333333334,0.03333333333333333
cell,z_r1_d6,ideal_shot,512,latent_lira_mismatched,16,0.05,10,0.055,0.04633333333333334,0.06366666666666666,0.08166666666666667,0.073,0.0985
cell,z_r1_d6,ideal_shot,512,latent_lira_mismatched,4,0.01,10,0.013333333333333334,0.01,0.016666666666666666,0.013333333333333334,0.013333333333333334,0.016666666666666666
cell,z_r1_d6,ideal_shot,512,latent_lira_mismatched,4,0.05,10,0.05,0.04,0.06516666666666666,0.045,0.0415,0.05033333333333333
cell,z_r1_d6,ideal_shot,512,latent_lira_mismatched,8,0.01,10,0.016666666666666666,0.008166666666666668,0.023666666666666662,0.03333333333333333,0.028166666666666666,0.041833333333333333
cell,z_r1_d6,ideal_shot,512,latent_lira_mismatched,8,0.05,10,0.05,0.043333333333333335,0.060666666666666653,0.06333333333333334,0.058166666666666665,0.07666666666666666
cell,z_r1_d6,ideal_shot,512,loss_mia,0,0.01,10,0.013333333333333334,0.01,0.018499999999999996,0.016666666666666666,0.014833333333333334,0.025166666666666664
cell,z_r1_d6,ideal_shot,512,loss_mia,0,0.05,10,0.056666666666666664,0.043333333333333335,0.06516666666666666,0.05,0.03966666666666667,0.056666666666666664
cell,z_r1_d6,ideal_shot,512,noise_augmented_lira,16,0.01,10,0.013333333333333334,0.013333333333333334,0.016666666666666666,0.03333333333333333,0.028166666666666666,0.03666666666666667
cell,z_r1_d6,ideal_shot,512,noise_augmented_lira,16,0.05,10,0.058333333333333334,0.051500000000000004,0.06516666666666666,0.08333333333333334,0.07483333333333334,0.097
cell,z_r1_d6,ideal_shot,512,noise_augmented_lira,4,0.01,10,0.01,0.01,0.015166666666666663,0.015,0.0115,0.016666666666666666
cell,z_r1_d6,ideal_shot,512,noise_augmented_lira,4,0.05,10,0.055,0.051500000000000004,0.06516666666666666,0.056666666666666664,0.04816666666666667,0.058499999999999996
cell,z_r1_d6,ideal_shot,512,noise_augmented_lira,8,0.01,10,0.008333333333333333,0.006666666666666667,0.015166666666666663,0.043333333333333335,0.036333333333333336,0.04666666666666667
cell,z_r1_d6,ideal_shot,512,noise_augmented_lira,8,0.05,10,0.04666666666666667,0.029666666666666668,0.056666666666666664,0.07999999999999999,0.06816666666666667,0.09183333333333334
cell,z_r1_d6,noisy_shot,1024,affine_channel_lira,16,0.01,10,0.016666666666666666,0.013333333333333334,0.016666666666666666,0.03333333333333333,0.03,0.0385
cell,z_r1_d6,noisy_shot,1024,affine_channel_lira,16,0.05,10,0.06,0.051500000000000004,0.06549999999999999,0.09333333333333334,0.08816666666666667,0.0985
cell,z_r1_d6,noisy_shot,1024,affine_channel_lira,4,0.01,10,0.011666666666666667,0.01,0.015166666666666663,0.013333333333333334,0.01,0.015166666666666663
cell,z_r1_d6,noisy_shot,1024,affine_channel_lira,4,0.05,10,0.05333333333333334,0.05,0.06033333333333333,0.04666666666666667,0.044833333333333336,0.05516666666666666
cell,z_r1_d6,noisy_shot,1024,affine_channel_lira,8,0.01,10,0.01,0.006666666666666667,0.018499999999999996,0.043333333333333335,0.03666666666666667,0.0485
cell,z_r1_d6,noisy_shot,1024,affine_channel_lira,8,0.05,10,0.05,0.043333333333333335,0.058499999999999996,0.08333333333333333,0.07816666666666666,0.09366666666666666
cell,z_r1_d6,noisy_shot,1024,deconvolved_lira,16,0.01,10,0.013333333333333334,0.01,0.016666666666666666,0.03333333333333333,0.03,0.0385
cell,z_r1_d6,noisy_shot,1024,deconvolved_lira,16,0.05,10,0.05333333333333334,0.05,0.06,0.08499999999999999,0.08,0.097
cell,z_r1_d6,noisy_shot,1024,deconvolved_lira,4,0.01,10,0.016666666666666666,0.013333333333333334,0.02,0.013333333333333334,0.0115,0.013333333333333334
cell,z_r1_d6,noisy_shot,1024,deconvolved_lira,4,0.05,10,0.05,0.043000000000000003,0.056666666666666664,0.03833333333333333,0.0315,0.041833333333333333
cell,z_r1_d6,noisy_shot,1024,deconvolved_lira,8,0.01,10,0.01,0.008166666666666668,0.013333333333333334,0.03166666666666666,0.024833333333333336,0.035166666666666666
cell,z_r1_d6,noisy_shot,1024,deconvolved_lira,8,0.05,10,0.05333333333333333,0.043333333333333335,0.06183333333333333,0.065,0.058166666666666665,0.07183333333333333
cell,z_r1_d6,noisy_shot,1024,empirical_channel_lira,16,0.01,10,0.013333333333333334,0.0115,0.016666666666666666,0.023333333333333334,0.016666666666666666,0.028499999999999998
cell,z_r1_d6,noisy_shot,1024,empirical_channel_lira,16,0.05,10,0.051666666666666666,0.04116666666666667,0.056666666666666664,0.08333333333333333,0.07483333333333334,0.09516666666666666
cell,z_r1_d6,noisy_shot,1024,empirical_channel_lira,4,0.01,10,0.011666666666666667,0.006666666666666667,0.013333333333333334,0.01,0.006666666666666667,0.013333333333333334
cell,z_r1_d6,noisy_shot,1024,empirical_channel_lira,4,0.05,10,0.05333333333333334,0.04816666666666667,0.056666666666666664,0.04666666666666667,0.0415,0.05549999999999999
cell,z_r1_d6,noisy_shot,1024,empirical_channel_lira,8,0.01,10,0.01,0.008166666666666668,0.01366666666666666,0.03,0.023,0.03333333333333333
cell,z_r1_d6,noisy_shot,1024,empirical_channel_lira,8,0.05,10,0.05,0.04,0.05516666666666666,0.08499999999999999,0.07483333333333334,0.09516666666666666
cell,z_r1_d6,noisy_shot,1024,latent_lira_mismatched,16,0.01,10,0.013333333333333334,0.01,0.016666666666666666,0.023333333333333334,0.021500000000000002,0.028499999999999998
cell,z_r1_d6,noisy_shot,1024,latent_lira_mismatched,16,0.05,10,0.06166666666666667,0.05,0.0685,0.08333333333333333,0.07,0.09366666666666666
cell,z_r1_d6,noisy_shot,1024,latent_lira_mismatched,4,0.01,10,0.013333333333333334,0.01,0.016666666666666666,0.02,0.013000000000000001,0.02
cell,z_r1_d6,noisy_shot,1024,latent_lira_mismatched,4,0.05,10,0.055,0.04633333333333334,0.06366666666666666,0.03666666666666667,0.03,0.04
cell,z_r1_d6,noisy_shot,1024,latent_lira_mismatched,8,0.01,10,0.011666666666666667,0.01,0.018499999999999996,0.028333333333333335,0.023,0.03666666666666667
cell,z_r1_d6,noisy_shot,1024,latent_lira_mismatched,8,0.05,10,0.05,0.04666666666666667,0.06333333333333334,0.06666666666666667,0.056666666666666664,0.0785
cell,z_r1_d6,noisy_shot,1024,loss_mia,0,0.01,10,0.011666666666666667,0.004833333333333334,0.016666666666666666,0.016666666666666666,0.01,0.016666666666666666
cell,z_r1_d6,noisy_shot,1024,loss_mia,0,0.05,10,0.055,0.043333333333333335,0.062166666666666655,0.04,0.03,0.04
cell,z_r1_d6,noisy_shot,1024,noise_augmented_lira,16,0.01,10,0.016666666666666666,0.013333333333333334,0.016666666666666666,0.028333333333333335,0.023333333333333334,0.03183333333333333
cell,z_r1_d6,noisy_shot,1024,noise_augmented_lira,16,0.05,10,0.056666666666666664,0.051500000000000004,0.06333333333333334,0.09166666666666667,0.08666666666666667,0.0985
cell,z_r1_d6,noisy_shot,1024,noise_augmented_lira,4,0.01,10,0.013333333333333334,0.01,0.015166666666666663,0.016666666666666666,0.013333333333333334,0.016666666666666666
cell,z_r1_d6,noisy_shot,1024,noise_augmented_lira,4,0.05,10,0.051666666666666666,0.04816666666666667,0.056666666666666664,0.056666666666666664,0.05,0.06
cell,z_r1_d6,noisy_shot,1024,noise_augmented_lira,8,0.01,10,0.015,0.006666666666666667,0.018499999999999996,0.043333333333333335,0.03666666666666667,0.04666666666666667
cell,z_r1_d6,noisy_shot,1024,noise_augmented_lira,8,0.05,10,0.05333333333333334,0.05,0.067,0.09166666666666667,0.083,0.0985
cell,z_r1_d6,noisy_shot,128,affine_channel_lira,16,0.01,10,0.013333333333333334,0.006666666666666667,0.018499999999999996,0.016666666666666666,0.0115,0.030333333333333327
cell,z_r1_d6,noisy_shot,128,affine_channel_lira,16,0.05,10,0.056666666666666664,0.036333333333333336,0.06549999999999999,0.07333333333333333,0.06,0.08
cell,z_r1_d6,noisy_shot,128,affine_channel_lira,4,0.01,10,0.01,0.006666666666666667,0.013333333333333334,0.01,0.008166666666666668,0.013333333333333334
cell,z_r1_d6,noisy_shot,128,affine_channel_lira,4,0.05,10,0.051666666666666666,0.03816666666666667,0.06366666666666666,0.04166666666666667,0.03333333333333333,0.06183333333333333
cell,z_r1_d6,noisy_shot,128,affine_channel_lira,8,0.01,10,0.013333333333333334,0.003,0.018499999999999996,0.03333333333333333,0.02666666666666667,0.0485
cell,z_r1_d6,noisy_shot,128,affine_channel_lira,8,0.05,10,0.04833333333333334,0.03966666666666667,0.06366666666666666,0.09166666666666667,0.0815,0.10183333333333333
cell,z_r1_d6,noisy_shot,128,deconvolved_lira,16,0.01,10,0.008333333333333333,0.004833333333333334,0.018499999999999996,0.03166666666666666,0.023,0.0385
cell,z_r1_d6,noisy_shot,128,deconvolved_lira,16,0.05,10,0.04833333333333334,0.04,0.07066666666666666,0.08166666666666667,0.0645,0.09183333333333334
cell,z_r1_d6,noisy_shot,128,deconvolved_lira,4,0.01,10,0.013333333333333334,0.008166666666666668,0.015166666666666663,0.013333333333333334,0.006666666666666667,0.016666666666666666
cell,z_r1_d6,noisy_shot,128,deconvolved_lira,4,0.05,10,0.04666666666666667,0.03816666666666667,0.06549999999999999,0.03833333333333333,0.0245,0.04666666666666667
cell,z_r1_d6,noisy_shot,128,deconvolved_lira,8,0.01,10,0.013333333333333332,0.003,0.02,0.02666666666666667,0.014833333333333334,0.03333333333333333
cell,z_r1_d6,noisy_shot,128,deconvolved_lira,8,0.05,10,0.05,0.04,0.058499999999999996,0.06666666666666667,0.058166666666666665,0.08333333333333333
cell,z_r1_d6,noisy_shot,128,empirical_channel_lira,16,0.01,10,0.013333333333333334,0.009666666666666667,0.018499999999999996,0.023333333333333334,0.014833333333333334,0.041833333333333333
cell,z_r1_d6,noisy_shot,128,empirical_channel_lira,16,0.05,10,0.055,0.04,0.067,0.07166666666666667,0.06,0.087
cell,z_r1_d6,noisy_shot,128,empirical_channel_lira,4,0.01,10,0.013333333333333334,0.008166666666666668,0.016666666666666666,0.008333333333333333,0.006666666666666667,0.013333333333333334
cell,z_r1_d6,noisy_shot,128,empirical_channel_lira,4,0.05,10,0.051666666666666666,0.03816666666666667,0.06366666666666666,0.043333333333333335,0.0345,0.06033333333333333
cell,z_r1_d6,noisy_shot,128,empirical_channel_lira,8,0.01,10,0.011666666666666667,0.006666666666666667,0.015166666666666663,0.03166666666666666,0.018166666666666668,0.0385
cell,z_r1_d6,noisy_shot,128,empirical_channel_lira,8,0.05,10,0.045,0.033,0.06183333333333333,0.09,0.07783333333333334,0.10216666666666666
cell,z_r1_d6,noisy_shot,128,latent_lira_mismatched,16,0.01,10,0.011666666666666667,0.004833333333333334,0.02,0.023333333333333334,0.023333333333333334,0.03
cell,z_r1_d6,noisy_shot,128,latent_lira_mismatched,16,0.05,10,0.058333333333333334,0.04966666666666667,0.077,0.07833333333333334,0.06816666666666667,0.09399999999999999
cell,z_r1_d6,noisy_shot,128,latent_lira_mismatched,4,0.01,10,0.011666666666666667,0.006666666666666667,0.016666666666666666,0.013333333333333334,0.01,0.018499999999999996
cell,z_r1_d6,noisy_shot,128,latent_lira_mismatched,4,0.05,10,0.051666666666666666,0.0415,0.06183333333333333,0.04,0.029333333333333336,0.04666666666666667
cell,z_r1_d6,noisy_shot,128,latent_lira_mismatched,8,0.01,10,0.011666666666666667,0.004833333333333334,0.016666666666666666,0.025,0.016666666666666666,0.03183333333333333
cell,z_r1_d6,noisy_shot,128,latent_lira_mismatched,8,0.05,10,0.051666666666666666,0.03266666666666667,0.06666666666666667,0.075,0.06483333333333334,0.09033333333333333
cell,z_r1_d6,noisy_shot,128,loss_mia,0,0.01,10,0.011666666666666667,0.004833333333333334,0.013333333333333334,0.015,0.01,0.02
cell,z_r1_d6,noisy_shot,128,loss_mia,0,0.05,10,0.05,0.043333333333333335,0.06033333333333333,0.04666666666666667,0.03333333333333333,0.056999999999999995
cell,z_r1_d6,noisy_shot,128,noise_augmented_lira,16,0.01,10,0.016666666666666666,0.0115,0.02,0.018333333333333333,0.014833333333333334,0.028499999999999998
cell,z_r1_d6,noisy_shot,128,noise_augmented_lira,16,0.05,10,0.051666666666666666,0.0415,0.06916666666666664,0.07,0.059666666666666666,0.08183333333333333
cell,z_r1_d6,noisy_shot,128,noise_augmented_lira,4,0.01,10,0.013333333333333334,0.01,0.018499999999999996,0.013333333333333334,0.008166666666666668,0.016666666666666666
cell,z_r1_d6,noisy_shot,128,noise_augmented_lira,4,0.05,10,0.04833333333333334,0.043333333333333335,0.06516666666666666,0.043333333333333335,0.0315,0.05333333333333334
cell,z_r1_d6,noisy_shot,128,noise_augmented_lira,8,0.01,10,0.01,0.0015,0.016666666666666666,0.035,0.021500000000000002,0.04516666666666667
cell,z_r1_d6,noisy_shot,128,noise_augmented_lira,8,0.05,10,0.045,0.034833333333333334,0.06516666666666666,0.08166666666666667,0.07083333333333333,0.09366666666666666
cell,z_r1_d6,noisy_shot,512,affine_channel_lira,16,0.01,10,0.013333333333333334,0.01,0.018499999999999996,0.025,0.021500000000000002,0.03366666666666666
cell,z_r1_d6,noisy_shot,512,affine_channel_lira,16,0.05,10,0.056666666666666664,0.04633333333333334,0.07249999999999998,0.09,0.07816666666666666,0.10366666666666667
cell,z_r1_d6,noisy_shot,512,affine_channel_lira,4,0.01,10,0.011666666666666667,0.01,0.013333333333333334,0.013333333333333334,0.008166666666666668,0.013333333333333334
cell,z_r1_d6,noisy_shot,512,affine_channel_lira,4,0.05,10,0.056666666666666664,0.043333333333333335,0.06033333333333333,0.043333333333333335,0.04,0.051833333333333335
cell,z_r1_d6,noisy_shot,512,affine_channel_lira,8,0.01,10,0.008333333333333333,0.004833333333333334,0.020666666666666653,0.045,0.03966666666666667,0.0485
cell,z_r1_d6,noisy_shot,512,affine_channel_lira,8,0.05,10,0.05333333333333333,0.03816666666666667,0.06,0.08666666666666667,0.08333333333333333,0.09366666666666666
cell,z_r1_d6,noisy_shot,512,deconvolved_lira,16,0.01,10,0.013333333333333334,0.01,0.018833333333333323,0.03,0.023333333333333334,0.03333333333333333
cell,z_r1_d6,noisy_shot,512,deconvolved_lira,16,0.05,10,0.055,0.043333333333333335,0.06,0.08499999999999999,0.07666666666666666,0.10066666666666665
cell,z_r1_d6,noisy_shot,512,deconvolved_lira,4,0.01,10,0.015,0.0115,0.016666666666666666,0.013333333333333334,0.01,0.013333333333333334
cell,z_r1_d6,noisy_shot,512,deconvolved_lira,4,0.05,10,0.05,0.0415,0.06033333333333333,0.03666666666666667,0.03333333333333333,0.04
cell,z_r1_d6,noisy_shot,512,deconvolved_lira,8,0.01,10,0.008333333333333333,0.0033333333333333335,0.02183333333333333,0.028333333333333335,0.024833333333333336,0.03666666666666667
cell,z_r1_d6,noisy_shot,512,deconvolved_lira,8,0.05,10,0.05333333333333334,0.044833333333333336,0.06033333333333333,0.06333333333333334,0.051500000000000004,0.0785
cell,z_r1_d6,noisy_shot,512,empirical_channel_lira,16,0.01,10,0.013333333333333334,0.01,0.02,0.021666666666666667,0.016666666666666666,0.025166666666666664
cell,z_r1_d6,noisy_shot,512,empirical_channel_lira,16,0.05,10,0.051666666666666666,0.044833333333333336,0.06666666666666667,0.08833333333333333,0.06966666666666667,0.10333333333333333
cell,z_r1_d6,noisy_shot,512,empirical_channel_lira,4,0.01,10,0.01,0.006666666666666667,0.015166666666666663,0.01,0.006666666666666667,0.011833333333333331
cell,z_r1_d6,noisy_shot,512,empirical_channel_lira,4,0.05,10,0.05,0.043000000000000003,0.06183333333333333,0.04666666666666667,0.03966666666666667,0.05366666666666666
cell,z_r1_d6,noisy_shot,512,empirical_channel_lira,8,0.01,10,0.01,0.006666666666666667,0.016666666666666666,0.03,0.024833333333333336,0.03333333333333333
cell,z_r1_d6,noisy_shot,512,empirical_channel_lira,8,0.05,10,0.045,0.03816666666666667,0.058499999999999996,0.08333333333333333,0.073,0.08666666666666667
cell,z_r1_d6,noisy_shot,512,latent_lira_mismatched,16,0.01,10,0.013333333333333334,0.01,0.018499999999999996,0.023333333333333334,0.02,0.02666666666666667
cell,z_r1_d6,noisy_shot,512,latent_lira_mismatched,16,0.05,10,0.06,0.058166666666666665,0.06516666666666666,0.07666666666666666,0.06816666666666667,0.09916666666666665
cell,z_r1_d6,noisy_shot,512,latent_lira_mismatched,4,0.01,10,0.013333333333333334,0.006666666666666667,0.015166666666666663,0.016666666666666666,0.013333333333333334,0.02
cell,z_r1_d6,noisy_shot,512,latent_lira_mismatched,4,0.05,10,0.056666666666666664,0.0415,0.06183333333333333,0.03666666666666667,0.0315,0.041833333333333333
cell,z_r1_d6,noisy_shot,512,latent_lira_mismatched,8,0.01,10,0.01,0.006666666666666667,0.016999999999999994,0.02666666666666667,0.021500000000000002,0.03183333333333333
cell,z_r1_d6,noisy_shot,512,latent_lira_mismatched,8,0.05,10,0.05,0.04,0.058499999999999996,0.07333333333333333,0.056,0.08666666666666667
cell,z_r1_d6,noisy_shot,512,loss_mia,0,0.01,10,0.013333333333333334,0.006666666666666667,0.018499999999999996,0.015,0.008166666666666668,0.016666666666666666
cell,z_r1_d6,noisy_shot,512,loss_mia,0,0.05,10,0.056666666666666664,0.042666666666666665,0.06183333333333333,0.04,0.03666666666666667,0.0485
cell,z_r1_d6,noisy_shot,512,noise_augmented_lira,16,0.01,10,0.01,0.006666666666666667,0.015166666666666663,0.02666666666666667,0.021500000000000002,0.03333333333333333
cell,z_r1_d6,noisy_shot,512,noise_augmented_lira,16,0.05,10,0.05333333333333334,0.044833333333333336,0.07033333333333333,0.08166666666666667,0.07666666666666666,0.09333333333333334
cell,z_r1_d6,noisy_shot,512,noise_augmented_lira,4,0.01,10,0.01,0.006666666666666667,0.015166666666666663,0.013333333333333334,0.008166666666666668,0.015166666666666663
cell,z_r1_d6,noisy_shot,512,noise_augmented_lira,4,0.05,10,0.05333333333333334,0.044833333333333336,0.0685,0.045,0.03966666666666667,0.05516666666666666
cell,z_r1_d6,noisy_shot,512,noise_augmented_lira,8,0.01,10,0.008333333333333333,0.004833333333333334,0.01733333333333332,0.043333333333333335,0.03666666666666667,0.05033333333333333
cell,z_r1_d6,noisy_shot,512,noise_augmented_lira,8,0.05,10,0.05,0.03933333333333333,0.058499999999999996,0.095,0.0815,0.1055
cell,zz_r1_d6,ideal_shot,1024,affine_channel_lira,16,0.01,10,0.01,0.008166666666666668,0.01,0.06666666666666667,0.0615,0.08183333333333333
cell,zz_r1_d6,ideal_shot,1024,affine_channel_lira,16,0.05,10,0.051666666666666666,0.0415,0.06033333333333333,0.18,0.1715,0.19216666666666665
cell,zz_r1_d6,ideal_shot,1024,affine_channel_lira,4,0.01,10,0.013333333333333334,0.01,0.013333333333333334,0.03,0.02666666666666667,0.03
cell,zz_r1_d6,ideal_shot,1024,affine_channel_lira,4,0.05,10,0.05,0.043333333333333335,0.06183333333333333,0.10333333333333333,0.09816666666666667,0.11333333333333333
cell,zz_r1_d6,ideal_shot,1024,affine_channel_lira,8,0.01,10,0.013333333333333334,0.01,0.015166666666666663,0.04,0.034833333333333334,0.041833333333333333
cell,zz_r1_d6,ideal_shot,1024,affine_channel_lira,8,0.05,10,0.05333333333333334,0.0415,0.06183333333333333,0.13,0.12333333333333334,0.14
cell,zz_r1_d6,ideal_shot,1024,deconvolved_lira,16,0.01,10,0.008333333333333333,0.006666666666666667,0.013333333333333334,0.055,0.05,0.07033333333333333
cell,zz_r1_d6,ideal_shot,1024,deconvolved_lira,16,0.05,10,0.051666666666666666,0.043333333333333335,0.058499999999999996,0.16333333333333333,0.15666666666666668,0.17183333333333334
cell,zz_r1_d6,ideal_shot,1024,deconvolved_lira,4,0.01,10,0.01,0.006666666666666667,0.013333333333333334,0.016666666666666666,0.014833333333333334,0.023333333333333334
cell,zz_r1_d6,ideal_shot,1024,deconvolved_lira,4,0.05,10,0.05333333333333334,0.04666666666666667,0.058499999999999996,0.09333333333333332,0.08666666666666667,0.10366666666666667
cell,zz_r1_d6,ideal_shot,1024,deconvolved_lira,8,0.01,10,0.016666666666666666,0.013333333333333334,0.016666666666666666,0.03,0.02666666666666667,0.03666666666666667
cell,zz_r1_d6,ideal_shot,1024,deconvolved_lira,8,0.05,10,0.05,0.044833333333333336,0.05333333333333334,0.12166666666666667,0.113,0.13366666666666666
cell,zz_r1_d6,ideal_shot,1024,empirical_channel_lira,16,0.01,10,0.013333333333333334,0.01,0.016666666666666666,0.05333333333333334,0.04633333333333334,0.058499999999999996
cell,zz_r1_d6,ideal_shot,1024,empirical_channel_lira,16,0.05,10,0.055,0.04,0.06549999999999999,0.18,0.1715,0.194
cell,zz_r1_d6,ideal_shot,1024,empirical_channel_lira,4,0.01,10,0.01,0.006666666666666667,0.013333333333333334,0.04,0.03666666666666667,0.043333333333333335
cell,zz_r1_d6,ideal_shot,1024,empirical_channel_lira,4,0.05,10,0.04833333333333334,0.03966666666666667,0.058499999999999996,0.12333333333333334,0.11666666666666667,0.13183333333333333
cell,zz_r1_d6,ideal_shot,1024,empirical_channel_lira,8,0.01,10,0.01,0.01,0.015166666666666663,0.03666666666666667,0.029666666666666668,0.04516666666666667
cell,zz_r1_d6,ideal_shot,1024,empirical_channel_lira,8,0.05,10,0.051666666666666666,0.04666666666666667,0.06183333333333333,0.165,0.14816666666666667,0.18333333333333332
cell,zz_r1_d6,ideal_shot,1024,latent_lira_mismatched,16,0.01,10,0.008333333333333333,0.006666666666666667,0.013333333333333334,0.055,0.05,0.07033333333333333
cell,zz_r1_d6,ideal_shot,1024,latent_lira_mismatched,16,0.05,10,0.051666666666666666,0.0415,0.06,0.16333333333333333,0.15816666666666668,0.17516666666666666
cell,zz_r1_d6,ideal_shot,1024,latent_lira_mismatched,4,0.01,10,0.01,0.01,0.013333333333333334,0.016666666666666666,0.014833333333333334,0.02183333333333333
cell,zz_r1_d6,ideal_shot,1024,latent_lira_mismatched,4,0.05,10,0.05333333333333334,0.04666666666666667,0.058499999999999996,0.09333333333333332,0.08666666666666667,0.1
cell,zz_r1_d6,ideal_shot,1024,latent_lira_mismatched,8,0.01,10,0.016666666666666666,0.013333333333333334,0.016666666666666666,0.03,0.024833333333333336,0.03333333333333333
cell,zz_r1_d6,ideal_shot,1024,latent_lira_mismatched,8,0.05,10,0.05,0.044833333333333336,0.05333333333333334,0.12333333333333334,0.1115,0.1355
cell,zz_r1_d6,ideal_shot,1024,loss_mia,0,0.01,10,0.013333333333333334,0.0115,0.018499999999999996,0.006666666666666667,0.006666666666666667,0.01
cell,zz_r1_d6,ideal_shot,1024,loss_mia,0,0.05,10,0.05,0.043000000000000003,0.05516666666666666,0.016666666666666666,0.0115,0.02
cell,zz_r1_d6,ideal_shot,1024,noise_augmented_lira,16,0.01,10,0.01,0.008166666666666668,0.011833333333333331,0.06166666666666667,0.051500000000000004,0.07366666666666666
cell,zz_r1_d6,ideal_shot,1024,noise_augmented_lira,16,0.05,10,0.04833333333333334,0.03966666666666667,0.056999999999999995,0.18166666666666664,0.16966666666666666,0.187
cell,zz_r1_d6,ideal_shot,1024,noise_augmented_lira,4,0.01,10,0.01,0.008166666666666668,0.011833333333333331,0.03666666666666667,0.0315,0.04
cell,zz_r1_d6,ideal_shot,1024,noise_augmented_lira,4,0.05,10,0.04666666666666667,0.03816666666666667,0.06183333333333333,0.11499999999999999,0.11,0.12183333333333334
cell,zz_r1_d6,ideal_shot,1024,noise_augmented_lira,8,0.01,10,0.01,0.006666666666666667,0.01,0.04666666666666667,0.03966666666666667,0.05366666666666666
cell,zz_r1_d6,ideal_shot,1024,noise_augmented_lira,8,0.05,10,0.05333333333333334,0.04666666666666667,0.06033333333333333,0.12833333333333335,0.11816666666666667,0.13516666666666666
cell,zz_r1_d6,ideal_shot,128,affine_channel_lira,16,0.01,10,0.01,0.004833333333333334,0.013333333333333334,0.051666666666666666,0.0415,0.06883333333333333
cell,zz_r1_d6,ideal_shot,128,affine_channel_lira,16,0.05,10,0.04833333333333334,0.03816666666666667,0.06733333333333331,0.16499999999999998,0.15116666666666667,0.19216666666666665
cell,zz_r1_d6,ideal_shot,128,affine_channel_lira,4,0.01,10,0.01,0.0033333333333333335,0.018499999999999996,0.03833333333333333,0.03,0.04516666666666667
cell,zz_r1_d6,ideal_shot,128,affine_channel_lira,4,0.05,10,0.05,0.03966666666666667,0.056999999999999995,0.12,0.09966666666666667,0.144
cell,zz_r1_d6,ideal_shot,128,affine_channel_lira,8,0.01,10,0.01,0.006666666666666667,0.020333333333333328,0.04166666666666667,0.021500000000000002,0.05366666666666666
cell,zz_r1_d6,ideal_shot,128,affine_channel_lira,8,0.05,10,0.05333333333333334,0.0415,0.06366666666666666,0.135,0.1145,0.154
cell,zz_r1_d6,ideal_shot,128,deconvolved_lira,16,0.01,10,0.01,0.006333333333333333,0.015166666666666663,0.02666666666666667,0.016,0.043333333333333335
cell,zz_r1_d6,ideal_shot,128,deconvolved_lira,16,0.05,10,0.04666666666666667,0.0415,0.06766666666666664,0.11499999999999999,0.10483333333333333,0.1355
cell,zz_r1_d6,ideal_shot,128,deconvolved_lira,4,0.01,10,0.013333333333333334,0.006666666666666667,0.016666666666666666,0.018333333333333333,0.014833333333333334,0.028833333333333322
cell,zz_r1_d6,ideal_shot,128,deconvolved_lira,4,0.05,10,0.055,0.043000000000000003,0.06366666666666666,0.07333333333333333,0.06483333333333334,0.08549999999999999
cell,zz_r1_d6,ideal_shot,128,deconvolved_lira,8,0.01,10,0.013333333333333334,0.004833333333333334,0.018499999999999996,0.021666666666666667,0.0115,0.0385
cell,zz_r1_d6,ideal_shot,128,deconvolved_lira,8,0.05,10,0.05,0.033,0.06033333333333333,0.11666666666666667,0.09,0.12883333333333333
cell,zz_r1_d6,ideal_shot,128,empirical_channel_lira,16,0.01,10,0.01,0.006666666666666667,0.015166666666666663,0.045,0.033,0.06366666666666666
cell,zz_r1_d6,ideal_shot,128,empirical_channel_lira,16,0.05,10,0.05,0.043000000000000003,0.06516666666666666,0.14,0.12083333333333333,0.16666666666666666
cell,zz_r1_d6,ideal_shot,128,empirical_channel_lira,4,0.01,10,0.01,0.0033333333333333335,0.02183333333333333,0.04,0.029333333333333336,0.05366666666666666
cell,zz_r1_d6,ideal_shot,128,empirical_channel_lira,4,0.05,10,0.05,0.04,0.06516666666666666,0.10833333333333334,0.08966666666666667,0.13249999999999998
cell,zz_r1_d6,ideal_shot,128,empirical_channel_lira,8,0.01,10,0.01,0.006666666666666667,0.018499999999999996,0.03666666666666667,0.02,0.05333333333333334
cell,zz_r1_d6,ideal_shot,128,empirical_channel_lira,8,0.05,10,0.04833333333333334,0.04,0.067,0.15000000000000002,0.13483333333333333,0.17366666666666666
cell,zz_r1_d6,ideal_shot,128,latent_lira_mismatched,16,0.01,10,0.01,0.004833333333333334,0.015166666666666663,0.028333333333333335,0.0145,0.043333333333333335
cell,zz_r1_d6,ideal_shot,128,latent_lira_mismatched,16,0.05,10,0.04666666666666667,0.03966666666666667,0.067,0.11499999999999999,0.1015,0.14066666666666666
cell,zz_r1_d6,ideal_shot,128,latent_lira_mismatched,4,0.01,10,0.013333333333333334,0.004833333333333334,0.016666666666666666,0.016666666666666666,0.013000000000000001,0.02733333333333332
cell,zz_r1_d6,ideal_shot,128,latent_lira_mismatched,4,0.05,10,0.051666666666666666,0.04666666666666667,0.06516666666666666,0.07166666666666667,0.063,0.08183333333333333
cell,zz_r1_d6,ideal_shot,128,latent_lira_mismatched,8,0.01,10,0.013333333333333334,0.01,0.018499999999999996,0.021666666666666667,0.013333333333333334,0.03666666666666667
cell,zz_r1_d6,ideal_shot,128,latent_lira_mismatched,8,0.05,10,0.04833333333333334,0.03333333333333333,0.058499999999999996,0.11333333333333333,0.09,0.12516666666666668
cell,zz_r1_d6,ideal_shot,128,loss_mia,0,0.01,10,0.013333333333333334,0.004833333333333334,0.016666666666666666,0.006666666666666667,0.0033333333333333335,0.008499999999999997
cell,zz_r1_d6,ideal_shot,128,loss_mia,0,0.05,10,0.04833333333333334,0.044833333333333336,0.062166666666666655,0.03333333333333333,0.021500000000000002,0.040333333333333325
cell,zz_r1_d6,ideal_shot,128,noise_augmented_lira,16,0.01,10,0.01,0.0033333333333333335,0.016666666666666666,0.051666666666666666,0.03816666666666667,0.06549999999999999
cell,zz_r1_d6,ideal_shot,128,noise_augmented_lira,16,0.05,10,0.05,0.03266666666666667,0.067,0.15666666666666668,0.14150000000000001,0.17033333333333334
cell,zz_r1_d6,ideal_shot,128,noise_augmented_lira,4,0.01,10,0.01,0.006333333333333333,0.018499999999999996,0.04,0.02666666666666667,0.05
cell,zz_r1_d6,ideal_shot,128,noise_augmented_lira,4,0.05,10,0.04,0.028166666666666666,0.06033333333333333,0.10666666666666666,0.08966666666666667,0.12216666666666666
cell,zz_r1_d6,ideal_shot,128,noise_augmented_lira,8,0.01,10,0.008333333333333333,0.004833333333333334,0.018499999999999996,0.04,0.03,0.056666666666666664
cell,zz_r1_d6,ideal_shot,128,noise_augmented_lira,8,0.05,10,0.04833333333333334,0.04,0.06516666666666666,0.13666666666666666,0.11116666666666668,0.15216666666666667
cell,zz_r1_d6,ideal_shot,512,affine_channel_lira,16,0.01,10,0.01,0.004833333333333334,0.016666666666666666,0.04833333333333334,0.0415,0.06033333333333333
cell,zz_r1_d6,ideal_shot,512,affine_channel_lira,16,0.05,10,0.05333333333333334,0.04116666666666667,0.06399999999999999,0.16833333333333333,0.15416666666666667,0.1785
cell,zz_r1_d6,ideal_shot,512,affine_channel_lira,4,0.01,10,0.01,0.01,0.013333333333333334,0.03333333333333333,0.03,0.04
cell,zz_r1_d6,ideal_shot,512,affine_channel_lira,4,0.05,10,0.05,0.044833333333333336,0.062166666666666655,0.11333333333333334,0.09966666666666667,0.13366666666666666
cell,zz_r1_d6,ideal_shot,512,affine_channel_lira,8,0.01,10,0.008333333333333333,0.004833333333333334,0.013333333333333334,0.04833333333333334,0.0415,0.058499999999999996
cell,zz_r1_d6,ideal_shot,512,affine_channel_lira,8,0.05,10,0.05333333333333334,0.0415,0.06033333333333333,0.13333333333333333,0.12333333333333334,0.14183333333333334
cell,zz_r1_d6,ideal_shot,512,deconvolved_lira,16,0.01,10,0.01,0.004833333333333334,0.013333333333333334,0.045,0.03816666666666667,0.05
cell,zz_r1_d6,ideal_shot,512,deconvolved_lira,16,0.05,10,0.05333333333333334,0.03966666666666667,0.06366666666666666,0.14666666666666667,0.1345,0.16033333333333333
cell,zz_r1_d6,ideal_shot,512,deconvolved_lira,4,0.01,10,0.01,0.01,0.015166666666666663,0.02,0.016666666666666666,0.023333333333333334
cell,zz_r1_d6,ideal_shot,512,deconvolved_lira,4,0.05,10,0.05,0.044833333333333336,0.06033333333333333,0.08166666666666667,0.07,0.09516666666666666
cell,zz_r1_d6,ideal_shot,512,deconvolved_lira,8,0.01,10,0.016666666666666666,0.013333333333333334,0.016666666666666666,0.028333333333333335,0.023333333333333334,0.03333333333333333
cell,zz_r1_d6,ideal_shot,512,deconvolved_lira,8,0.05,10,0.05,0.04116666666666667,0.05516666666666666,0.12,0.10966666666666666,0.13033333333333333
cell,zz_r1_d6,ideal_shot,512,empirical_channel_lira,16,0.01,10,0.015,0.008166666666666668,0.016666666666666666,0.04833333333333334,0.04,0.058499999999999996
cell,zz_r1_d6,ideal_shot,512,empirical_channel_lira,16,0.05,10,0.051666666666666666,0.043000000000000003,0.07583333333333331,0.17833333333333334,0.15633333333333332,0.19033333333333333
cell,zz_r1_d6,ideal_shot,512,empirical_channel_lira,4,0.01,10,0.01,0.006666666666666667,0.013333333333333334,0.03833333333333333,0.03333333333333333,0.05033333333333333
cell,zz_r1_d6,ideal_shot,512,empirical_channel_lira,4,0.05,10,0.05,0.03966666666666667,0.05883333333333333,0.12,0.10450000000000001,0.12883333333333333
cell,zz_r1_d6,ideal_shot,512,empirical_channel_lira,8,0.01,10,0.013333333333333334,0.008166666666666668,0.016666666666666666,0.03333333333333333,0.028166666666666666,0.043333333333333335
cell,zz_r1_d6,ideal_shot,512,empirical_channel_lira,8,0.05,10,0.05333333333333334,0.043333333333333335,0.06033333333333333,0.16499999999999998,0.14966666666666667,0.184
cell,zz_r1_d6,ideal_shot,512,latent_lira_mismatched,16,0.01,10,0.01,0.004833333333333334,0.013333333333333334,0.043333333333333335,0.03816666666666667,0.05
cell,zz_r1_d6,ideal_shot,512,latent_lira_mismatched,16,0.05,10,0.05333333333333334,0.03783333333333334,0.06366666666666666,0.14666666666666667,0.13633333333333333,0.16033333333333333
cell,zz_r1_d6,ideal_shot,512,latent_lira_mismatched,4,0.01,10,0.01,0.01,0.015166666666666663,0.02,0.016666666666666666,0.023333333333333334
cell,zz_r1_d6,ideal_shot,512,latent_lira_mismatched,4,0.05,10,0.05,0.043000000000000003,0.062166666666666655,0.08166666666666667,0.07,0.09516666666666666
cell,zz_r1_d6,ideal_shot,512,latent_lira_mismatched,8,0.01,10,0.016666666666666666,0.013333333333333334,0.016666666666666666,0.028333333333333335,0.023333333333333334,0.03333333333333333
cell,zz_r1_d6,ideal_shot,512,latent_lira_mismatched,8,0.05,10,0.05,0.03966666666666667,0.05516666666666666,0.12,0.10816666666666667,0.1285
cell,zz_r1_d6,ideal_shot,512,loss_mia,0,0.01,10,0.011666666666666667,0.01,0.016999999999999994,0.006666666666666667,0.004833333333333334,0.008499999999999997
cell,zz_r1_d6,ideal_shot,512,loss_mia,0,0.05,10,0.051666666666666666,0.043333333333333335,0.056666666666666664,0.025,0.016666666666666666,0.02666666666666667
cell,zz_r1_d6,ideal_shot,512,noise_augmented_lira,16,0.01,10,0.01,0.006666666666666667,0.015166666666666663,0.043333333333333335,0.03816666666666667,0.05
cell,zz_r1_d6,ideal_shot,512,noise_augmented_lira,16,0.05,10,0.051666666666666666,0.03816666666666667,0.06516666666666666,0.16833333333333333,0.14566666666666667,0.18033333333333332
cell,zz_r1_d6,ideal_shot,512,noise_augmented_lira,4,0.01,10,0.01,0.004833333333333334,0.01,0.04666666666666667,0.0415,0.05333333333333334
cell,zz_r1_d6,ideal_shot,512,noise_augmented_lira,4,0.05,10,0.05,0.044833333333333336,0.06183333333333333,0.11,0.09816666666666667,0.13033333333333333
cell,zz_r1_d6,ideal_shot,512,noise_augmented_lira,8,0.01,10,0.008333333333333333,0.006666666666666667,0.011833333333333331,0.043333333333333335,0.03816666666666667,0.0485
cell,zz_r1_d6,ideal_shot,512,noise_augmented_lira,8,0.05,10,0.05333333333333334,0.044833333333333336,0.058499999999999996,0.14,0.1245,0.14666666666666667
cell,zz_r1_d6,noisy_shot,1024,affine_channel_lira,16,0.01,10,0.01,0.006666666666666667,0.011833333333333331,0.05333333333333334,0.03933333333333333,0.058499999999999996
cell,zz_r1_d6,noisy_shot,1024,affine_channel_lira,16,0.05,10,0.051666666666666666,0.044833333333333336,0.06333333333333334,0.18666666666666668,0.16966666666666666,0.20883333333333334
cell,zz_r1_d6,noisy_shot,1024,affine_channel_lira,4,0.01,10,0.008333333333333333,0.006666666666666667,0.015166666666666663,0.04,0.033,0.043333333333333335
cell,zz_r1_d6,noisy_shot,1024,affine_channel_lira,4,0.05,10,0.04666666666666667,0.04116666666666667,0.07,0.13333333333333333,0.12483333333333334,0.15216666666666667
cell,zz_r1_d6,noisy_shot,1024,affine_channel_lira,8,0.01,10,0.008333333333333333,0.006666666666666667,0.011833333333333331,0.04833333333333334,0.04,0.056666666666666664
cell,zz_r1_d6,noisy_shot,1024,affine_channel_lira,8,0.05,10,0.05333333333333333,0.043333333333333335,0.06366666666666666,0.15166666666666667,0.13783333333333334,0.1655
cell,zz_r1_d6,noisy_shot,1024,deconvolved_lira,16,0.01,10,0.01,0.006666666666666667,0.015166666666666663,0.04666666666666667,0.043333333333333335,0.058499999999999996
cell,zz_r1_d6,noisy_shot,1024,deconvolved_lira,16,0.05,10,0.05,0.044833333333333336,0.06,0.14166666666666666,0.1315,0.1555
cell,zz_r1_d6,noisy_shot,1024,deconvolved_lira,4,0.01,10,0.013333333333333334,0.008166666666666668,0.016666666666666666,0.023333333333333334,0.013000000000000001,0.02666666666666667
cell,zz_r1_d6,noisy_shot,1024,deconvolved_lira,4,0.05,10,0.051666666666666666,0.04816666666666667,0.062166666666666655,0.08333333333333333,0.06933333333333333,0.09
cell,zz_r1_d6,noisy_shot,1024,deconvolved_lira,8,0.01,10,0.013333333333333334,0.01,0.020333333333333328,0.028333333333333335,0.02,0.0385
cell,zz_r1_d6,noisy_shot,1024,deconvolved_lira,8,0.05,10,0.05,0.043333333333333335,0.05516666666666666,0.10666666666666667,0.1,0.11366666666666667
cell,zz_r1_d6,noisy_shot,1024,empirical_channel_lira,16,0.01,10,0.013333333333333334,0.01,0.018499999999999996,0.05,0.043000000000000003,0.058499999999999996
cell,zz_r1_d6,noisy_shot,1024,empirical_channel_lira,16,0.05,10,0.055,0.04666666666666667,0.06,0.17,0.163,0.18666666666666668
cell,zz_r1_d6,noisy_shot,1024,empirical_channel_lira,4,0.01,10,0.006666666666666667,0.006666666666666667,0.013333333333333334,0.03666666666666667,0.0315,0.051833333333333335
cell,zz_r1_d6,noisy_shot,1024,empirical_channel_lira,4,0.05,10,0.04666666666666667,0.0415,0.06033333333333333,0.12666666666666668,0.1115,0.13183333333333333
cell,zz_r1_d6,noisy_shot,1024,empirical_channel_lira,8,0.01,10,0.011666666666666667,0.008166666666666668,0.013333333333333334,0.03,0.023333333333333334,0.03549999999999999
cell,zz_r1_d6,noisy_shot,1024,empirical_channel_lira,8,0.05,10,0.04833333333333334,0.043333333333333335,0.058499999999999996,0.17,0.16333333333333333,0.19516666666666665
cell,zz_r1_d6,noisy_shot,1024,latent_lira_mismatched,16,0.01,10,0.01,0.006666666666666667,0.013333333333333334,0.06,0.04816666666666667,0.07033333333333333
cell,zz_r1_d6,noisy_shot,1024,latent_lira_mismatched,16,0.05,10,0.04833333333333334,0.03816666666666667,0.06333333333333334,0.17666666666666667,0.155,0.187
cell,zz_r1_d6,noisy_shot,1024,latent_lira_mismatched,4,0.01,10,0.013333333333333334,0.01,0.018499999999999996,0.02666666666666667,0.019666666666666666,0.03
cell,zz_r1_d6,noisy_shot,1024,latent_lira_mismatched,4,0.05,10,0.05333333333333334,0.0415,0.058499999999999996,0.06666666666666667,0.058166666666666665,0.0785
cell,zz_r1_d6,noisy_shot,1024,latent_lira_mismatched,8,0.01,10,0.01,0.006666666666666667,0.016999999999999994,0.023333333333333334,0.018166666666666668,0.032166666666666656
cell,zz_r1_d6,noisy_shot,1024,latent_lira_mismatched,8,0.05,10,0.055,0.0415,0.06366666666666666,0.11666666666666667,0.10816666666666667,0.1385
cell,zz_r1_d6,noisy_shot,1024,loss_mia,0,0.01,10,0.013333333333333334,0.01,0.016666666666666666,0.006666666666666667,0.0033333333333333335,0.006666666666666667
cell,zz_r1_d6,noisy_shot,1024,loss_mia,0,0.05,10,0.05,0.044833333333333336,0.058499999999999996,0.03166666666666666,0.02,0.0385
cell,zz_r1_d6,noisy_shot,1024,noise_augmented_lira,16,0.01,10,0.013333333333333334,0.01,0.016666666666666666,0.043333333333333335,0.0345,0.05033333333333333
cell,zz_r1_d6,noisy_shot,1024,noise_augmented_lira,16,0.05,10,0.04833333333333334,0.0415,0.056999999999999995,0.14500000000000002,0.13633333333333333,0.1655
cell,zz_r1_d6,noisy_shot,1024,noise_augmented_lira,4,0.01,10,0.015,0.013333333333333334,0.023666666666666662,0.04666666666666667,0.0415,0.05516666666666666
cell,zz_r1_d6,noisy_shot,1024,noise_augmented_lira,4,0.05,10,0.045,0.03966666666666667,0.06,0.125,0.1115,0.13333333333333333
cell,zz_r1_d6,noisy_shot,1024,noise_augmented_lira,8,0.01,10,0.016666666666666666,0.0115,0.02183333333333333,0.06,0.043333333333333335,0.06666666666666667
cell,zz_r1_d6,noisy_shot,1024,noise_augmented_lira,8,0.05,10,0.055,0.04816666666666667,0.06516666666666666,0.15666666666666668,0.1515,0.1685
cell,zz_r1_d6,noisy_shot,128,affine_channel_lira,16,0.01,10,0.01,0.0033333333333333335,0.016666666666666666,0.04666666666666667,0.026000000000000002,0.06333333333333334
cell,zz_r1_d6,noisy_shot,128,affine_channel_lira,16,0.05,10,0.051666666666666666,0.04116666666666667,0.058499999999999996,0.13833333333333334,0.11333333333333333,0.14666666666666667
cell,zz_r1_d6,noisy_shot,128,affine_channel_lira,4,0.01,10,0.01,0.004833333333333334,0.016999999999999994,0.04,0.0245,0.05949999999999998
cell,zz_r1_d6,noisy_shot,128,affine_channel_lira,4,0.05,10,0.051666666666666666,0.0415,0.058499999999999996,0.10500000000000001,0.0915,0.1285
cell,zz_r1_d6,noisy_shot,128,affine_channel_lira,8,0.01,10,0.013333333333333334,0.0033333333333333335,0.018499999999999996,0.04,0.029666666666666668,0.058499999999999996
cell,zz_r1_d6,noisy_shot,128,affine_channel_lira,8,0.05,10,0.05,0.043333333333333335,0.06033333333333333,0.11833333333333333,0.10416666666666666,0.14883333333333332
cell,zz_r1_d6,noisy_shot,128,deconvolved_lira,16,0.01,10,0.013333333333333334,0.006666666666666667,0.018499999999999996,0.02666666666666667,0.018166666666666668,0.03549999999999999
cell,zz_r1_d6,noisy_shot,128,deconvolved_lira,16,0.05,10,0.05333333333333334,0.04666666666666667,0.06033333333333333,0.08166666666666667,0.07333333333333333,0.09333333333333334
cell,zz_r1_d6,noisy_shot,128,deconvolved_lira,4,0.01,10,0.01,0.008166666666666668,0.016666666666666666,0.021666666666666667,0.013000000000000001,0.03183333333333333
cell,zz_r1_d6,noisy_shot,128,deconvolved_lira,4,0.05,10,0.05,0.04,0.06549999999999999,0.07333333333333333,0.06483333333333334,0.08666666666666667
cell,zz_r1_d6,noisy_shot,128,deconvolved_lira,8,0.01,10,0.01,0.004833333333333334,0.016666666666666666,0.02,0.014833333333333334,0.03549999999999999
cell,zz_r1_d6,noisy_shot,128,deconvolved_lira,8,0.05,10,0.04833333333333334,0.0415,0.06033333333333333,0.08166666666666667,0.060833333333333336,0.10399999999999998
cell,zz_r1_d6,noisy_shot,128,empirical_channel_lira,16,0.01,10,0.013333333333333334,0.004833333333333334,0.02,0.05,0.026000000000000002,0.06883333333333333
cell,zz_r1_d6,noisy_shot,128,empirical_channel_lira,16,0.05,10,0.055,0.04,0.06,0.14,0.106,0.1585
cell,zz_r1_d6,noisy_shot,128,empirical_channel_lira,4,0.01,10,0.01,0.004833333333333334,0.018499999999999996,0.04,0.0315,0.06799999999999998
cell,zz_r1_d6,noisy_shot,128,empirical_channel_lira,4,0.05,10,0.05,0.0415,0.058499999999999996,0.10500000000000001,0.09116666666666667,0.13033333333333333
cell,zz_r1_d6,noisy_shot,128,empirical_channel_lira,8,0.01,10,0.013333333333333334,0.0033333333333333335,0.02,0.04666666666666667,0.03233333333333334,0.06399999999999999
cell,zz_r1_d6,noisy_shot,128,empirical_channel_lira,8,0.05,10,0.051666666666666666,0.03783333333333334,0.058499999999999996,0.135,0.11666666666666667,0.16733333333333333
cell,zz_r1_d6,noisy_shot,128,latent_lira_mismatched,16,0.01,10,0.01,0.003,0.020333333333333328,0.021666666666666667,0.013333333333333334,0.0385
cell,zz_r1_d6,noisy_shot,128,latent_lira_mismatched,16,0.05,10,0.05333333333333334,0.03,0.06183333333333333,0.1,0.08666666666666667,0.11666666666666667
cell,zz_r1_d6,noisy_shot,128,latent_lira_mismatched,4,0.01,10,0.013333333333333334,0.008166666666666668,0.016666666666666666,0.025,0.013000000000000001,0.03183333333333333
cell,zz_r1_d6,noisy_shot,128,latent_lira_mismatched,4,0.05,10,0.05,0.044833333333333336,0.05883333333333333,0.06333333333333334,0.04,0.08183333333333333
cell,zz_r1_d6,noisy_shot,128,latent_lira_mismatched,8,0.01,10,0.01,0.006666666666666667,0.016666666666666666,0.018333333333333333,0.009666666666666667,0.041333333333333305
cell,zz_r1_d6,noisy_shot,128,latent_lira_mismatched,8,0.05,10,0.051666666666666666,0.03666666666666667,0.06549999999999999,0.10500000000000001,0.0845,0.12399999999999999
cell,zz_r1_d6,noisy_shot,128,loss_mia,0,0.01,10,0.011666666666666667,0.006666666666666667,0.015166666666666663,0.0033333333333333335,0.0,0.012166666666666655
cell,zz_r1_d6,noisy_shot,128,loss_mia,0,0.05,10,0.05,0.03816666666666667,0.06733333333333331,0.035,0.02666666666666667,0.05
cell,zz_r1_d6,noisy_shot,128,noise_augmented_lira,16,0.01,10,0.015,0.006666666666666667,0.02183333333333333,0.043333333333333335,0.023,0.06183333333333333
cell,zz_r1_d6,noisy_shot,128,noise_augmented_lira,16,0.05,10,0.051666666666666666,0.04116666666666667,0.058499999999999996,0.14,0.10933333333333334,0.15666666666666668
cell,zz_r1_d6,noisy_shot,128,noise_augmented_lira,4,0.01,10,0.013333333333333334,0.006333333333333333,0.016666666666666666,0.03666666666666667,0.02,0.053999999999999986
cell,zz_r1_d6,noisy_shot,128,noise_augmented_lira,4,0.05,10,0.051666666666666666,0.043333333333333335,0.058499999999999996,0.095,0.07783333333333334,0.11549999999999999
cell,zz_r1_d6,noisy_shot,128,noise_augmented_lira,8,0.01,10,0.01,0.0033333333333333335,0.016666666666666666,0.043333333333333335,0.026000000000000002,0.05883333333333333
cell,zz_r1_d6,noisy_shot,128,noise_augmented_lira,8,0.05,10,0.04666666666666667,0.03816666666666667,0.05516666666666666,0.14166666666666666,0.12,0.16366666666666665
cell,zz_r1_d6,noisy_shot,512,affine_channel_lira,16,0.01,10,0.01,0.0033333333333333335,0.016666666666666666,0.05,0.04116666666666667,0.06183333333333333
cell,zz_r1_d6,noisy_shot,512,affine_channel_lira,16,0.05,10,0.05333333333333334,0.04633333333333334,0.06,0.16,0.15483333333333332,0.19733333333333333
cell,zz_r1_d6,noisy_shot,512,affine_channel_lira,4,0.01,10,0.01,0.008166666666666668,0.015166666666666663,0.035,0.023,0.04216666666666666
cell,zz_r1_d6,noisy_shot,512,affine_channel_lira,4,0.05,10,0.05333333333333334,0.043333333333333335,0.06,0.13833333333333334,0.11783333333333333,0.1613333333333333
cell,zz_r1_d6,noisy_shot,512,affine_channel_lira,8,0.01,10,0.011666666666666667,0.004833333333333334,0.015166666666666663,0.043333333333333335,0.03333333333333333,0.058499999999999996
cell,zz_r1_d6,noisy_shot,512,affine_channel_lira,8,0.05,10,0.051666666666666666,0.04,0.067,0.14333333333333334,0.13333333333333333,0.15333333333333332
cell,zz_r1_d6,noisy_shot,512,deconvolved_lira,16,0.01,10,0.011666666666666667,0.0033333333333333335,0.015166666666666663,0.03666666666666667,0.028166666666666666,0.056999999999999995
cell,zz_r1_d6,noisy_shot,512,deconvolved_lira,16,0.05,10,0.04833333333333334,0.04,0.06399999999999999,0.125,0.11483333333333333,0.1485
cell,zz_r1_d6,noisy_shot,512,deconvolved_lira,4,0.01,10,0.013333333333333334,0.007833333333333335,0.018499999999999996,0.02,0.010833333333333334,0.025166666666666664
cell,zz_r1_d6,noisy_shot,512,deconvolved_lira,4,0.05,10,0.05,0.04666666666666667,0.06183333333333333,0.07666666666666666,0.06816666666666667,0.09183333333333334
cell,zz_r1_d6,noisy_shot,512,deconvolved_lira,8,0.01,10,0.013333333333333334,0.01,0.018499999999999996,0.02666666666666667,0.023,0.0385
cell,zz_r1_d6,noisy_shot,512,deconvolved_lira,8,0.05,10,0.051666666666666666,0.03266666666666667,0.06033333333333333,0.1,0.08966666666666667,0.10666666666666667
cell,zz_r1_d6,noisy_shot,512,empirical_channel_lira,16,0.01,10,0.013333333333333334,0.01,0.016666666666666666,0.04666666666666667,0.04,0.05333333333333334
cell,zz_r1_d6,noisy_shot,512,empirical_channel_lira,16,0.05,10,0.05333333333333334,0.04666666666666667,0.06033333333333333,0.14666666666666667,0.1345,0.1655
cell,zz_r1_d6,noisy_shot,512,empirical_channel_lira,4,0.01,10,0.01,0.006333333333333333,0.011833333333333331,0.03833333333333333,0.03,0.04666666666666667
cell,zz_r1_d6,noisy_shot,512,empirical_channel_lira,4,0.05,10,0.05,0.0415,0.056666666666666664,0.12166666666666667,0.11483333333333333,0.13949999999999999
cell,zz_r1_d6,noisy_shot,512,empirical_channel_lira,8,0.01,10,0.011666666666666667,0.008166666666666668,0.013333333333333334,0.03166666666666666,0.028166666666666666,0.05366666666666666
cell,zz_r1_d6,noisy_shot,512,empirical_channel_lira,8,0.05,10,0.05333333333333334,0.03966666666666667,0.062166666666666655,0.17,0.15483333333333332,0.1785
cell,zz_r1_d6,noisy_shot,512,latent_lira_mismatched,16,0.01,10,0.011666666666666667,0.006666666666666667,0.016666666666666666,0.04666666666666667,0.0415,0.06033333333333333
cell,zz_r1_d6,noisy_shot,512,latent_lira_mismatched,16,0.05,10,0.05,0.04,0.06033333333333333,0.155,0.13966666666666666,0.1785
cell,zz_r1_d6,noisy_shot,512,latent_lira_mismatched,4,0.01,10,0.013333333333333334,0.008166666666666668,0.016666666666666666,0.023333333333333334,0.02,0.02666666666666667
cell,zz_r1_d6,noisy_shot,512,latent_lira_mismatched,4,0.05,10,0.05333333333333333,0.043000000000000003,0.06183333333333333,0.06833333333333333,0.059666666666666666,0.077
cell,zz_r1_d6,noisy_shot,512,latent_lira_mismatched,8,0.01,10,0.01,0.006666666666666667,0.013333333333333334,0.023333333333333334,0.016333333333333335,0.03333333333333333
cell,zz_r1_d6,noisy_shot,512,latent_lira_mismatched,8,0.05,10,0.051666666666666666,0.043000000000000003,0.058499999999999996,0.11333333333333333,0.09333333333333334,0.12516666666666668
cell,zz_r1_d6,noisy_shot,512,loss_mia,0,0.01,10,0.013333333333333334,0.01,0.016666666666666666,0.006666666666666667,0.0033333333333333335,0.008499999999999997
cell,zz_r1_d6,noisy_shot,512,loss_mia,0,0.05,10,0.05,0.043333333333333335,0.05333333333333334,0.03166666666666666,0.023,0.03666666666666667
cell,zz_r1_d6,noisy_shot,512,noise_augmented_lira,16,0.01,10,0.01,0.004833333333333334,0.018499999999999996,0.04833333333333334,0.0415,0.06183333333333333
cell,zz_r1_d6,noisy_shot,512,noise_augmented_lira,16,0.05,10,0.04833333333333334,0.03966666666666667,0.06033333333333333,0.14,0.13666666666666666,0.16366666666666665
cell,zz_r1_d6,noisy_shot,512,noise_augmented_lira,4,0.01,10,0.01,0.004833333333333334,0.013333333333333334,0.03666666666666667,0.0245,0.04666666666666667
cell,zz_r1_d6,noisy_shot,512,noise_augmented_lira,4,0.05,10,0.04,0.0315,0.04516666666666667,0.10166666666666667,0.09816666666666667,0.12033333333333333
cell,zz_r1_d6,noisy_shot,512,noise_augmented_lira,8,0.01,10,0.006666666666666667,0.0033333333333333335,0.015166666666666663,0.04666666666666667,0.03816666666666667,0.056999999999999995
cell,zz_r1_d6,noisy_shot,512,noise_augmented_lira,8,0.05,10,0.05333333333333333,0.04116666666666667,0.07183333333333333,0.15166666666666667,0.13666666666666666,0.16183333333333333
cell,zz_r5_d6,ideal_shot,1024,affine_channel_lira,16,0.01,10,0.01,0.006666666666666667,0.013333333333333334,0.016666666666666666,0.014833333333333334,0.02
cell,zz_r5_d6,ideal_shot,1024,affine_channel_lira,16,0.05,10,0.05,0.044833333333333336,0.06733333333333331,0.14666666666666667,0.14150000000000001,0.16949999999999998
cell,zz_r5_d6,ideal_shot,1024,affine_channel_lira,4,0.01,10,0.011666666666666667,0.006666666666666667,0.016666666666666666,0.01,0.006666666666666667,0.011833333333333331
cell,zz_r5_d6,ideal_shot,1024,affine_channel_lira,4,0.05,10,0.05,0.044833333333333336,0.058499999999999996,0.05333333333333334,0.04966666666666667,0.06033333333333333
cell,zz_r5_d6,ideal_shot,1024,affine_channel_lira,8,0.01,10,0.013333333333333334,0.01,0.016666666666666666,0.016666666666666666,0.0115,0.02183333333333333
cell,zz_r5_d6,ideal_shot,1024,affine_channel_lira,8,0.05,10,0.051666666666666666,0.03966666666666667,0.06516666666666666,0.08833333333333333,0.0815,0.09666666666666666
cell,zz_r5_d6,ideal_shot,1024,deconvolved_lira,16,0.01,10,0.01,0.006666666666666667,0.013333333333333334,0.013333333333333334,0.013333333333333334,0.016666666666666666
cell,zz_r5_d6,ideal_shot,1024,deconvolved_lira,16,0.05,10,0.051666666666666666,0.044833333333333336,0.06399999999999999,0.14500000000000002,0.13666666666666666,0.164
cell,zz_r5_d6,ideal_shot,1024,deconvolved_lira,4,0.01,10,0.01,0.006666666666666667,0.015166666666666663,0.01,0.006666666666666667,0.015166666666666663
cell,zz_r5_d6,ideal_shot,1024,deconvolved_lira,4,0.05,10,0.04833333333333334,0.043333333333333335,0.06033333333333333,0.051666666666666666,0.04666666666666667,0.056666666666666664
cell,zz_r5_d6,ideal_shot,1024,deconvolved_lira,8,0.01,10,0.013333333333333334,0.01,0.018499999999999996,0.015,0.008166666666666668,0.016666666666666666
cell,zz_r5_d6,ideal_shot,1024,deconvolved_lira,8,0.05,10,0.04833333333333334,0.04,0.06549999999999999,0.08666666666666667,0.08333333333333333,0.09183333333333334
cell,zz_r5_d6,ideal_shot,1024,empirical_channel_lira,16,0.01,10,0.013333333333333334,0.008166666666666668,0.016666666666666666,0.03333333333333333,0.02666666666666667,0.03666666666666667
cell,zz_r5_d6,ideal_shot,1024,empirical_channel_lira,16,0.05,10,0.051666666666666666,0.03816666666666667,0.05333333333333334,0.13333333333333333,0.11633333333333333,0.14033333333333334
cell,zz_r5_d6,ideal_shot,1024,empirical_channel_lira,4,0.01,10,0.01,0.01,0.015166666666666663,0.03,0.024833333333333336,0.03333333333333333
cell,zz_r5_d6,ideal_shot,1024,empirical_channel_lira,4,0.05,10,0.05,0.044833333333333336,0.05333333333333334,0.11499999999999999,0.10333333333333333,0.12183333333333334
cell,zz_r5_d6,ideal_shot,1024,empirical_channel_lira,8,0.01,10,0.013333333333333334,0.01,0.016666666666666666,0.035,0.0315,0.041833333333333333
cell,zz_r5_d6,ideal_shot,1024,empirical_channel_lira,8,0.05,10,0.05333333333333334,0.04,0.06333333333333334,0.11666666666666667,0.10666666666666667,0.12333333333333334
cell,zz_r5_d6,ideal_shot,1024,latent_lira_mismatched,16,0.01,10,0.01,0.008166666666666668,0.013333333333333334,0.016666666666666666,0.013333333333333334,0.018499999999999996
cell,zz_r5_d6,ideal_shot,1024,latent_lira_mismatched,16,0.05,10,0.05333333333333334,0.044833333333333336,0.06399999999999999,0.14333333333333334,0.13666666666666666,0.1643333333333333
cell,zz_r5_d6,ideal_shot,1024,latent_lira_mismatched,4,0.01,10,0.01,0.006666666666666667,0.015166666666666663,0.01,0.006666666666666667,0.016666666666666666
cell,zz_r5_d6,ideal_shot,1024,latent_lira_mismatched,4,0.05,10,0.04666666666666667,0.043333333333333335,0.058499999999999996,0.05,0.04666666666666667,0.056666666666666664
cell,zz_r5_d6,ideal_shot,1024,latent_lira_mismatched,8,0.01,10,0.015,0.01,0.018499999999999996,0.013333333333333334,0.008166666666666668,0.016666666666666666
cell,zz_r5_d6,ideal_shot,1024,latent_lira_mismatched,8,0.05,10,0.04833333333333334,0.04,0.06549999999999999,0.08499999999999999,0.08,0.09183333333333334
cell,zz_r5_d6,ideal_shot,1024,loss_mia,0,0.01,10,0.013333333333333334,0.008166666666666668,0.016666666666666666,0.013333333333333334,0.01,0.016666666666666666
cell,zz_r5_d6,ideal_shot,1024,loss_mia,0,0.05,10,0.056666666666666664,0.04966666666666667,0.06,0.065,0.053,0.06666666666666667
cell,zz_r5_d6,ideal_shot,1024,noise_augmented_lira,16,0.01,10,0.013333333333333334,0.008166666666666668,0.016666666666666666,0.02,0.016333333333333335,0.023333333333333334
cell,zz_r5_d6,ideal_shot,1024,noise_augmented_lira,16,0.05,10,0.05,0.04633333333333334,0.06033333333333333,0.15,0.14300000000000002,0.1585
cell,zz_r5_d6,ideal_shot,1024,noise_augmented_lira,4,0.01,10,0.011666666666666667,0.01,0.018499999999999996,0.011666666666666667,0.008166666666666668,0.013333333333333334
cell,zz_r5_d6,ideal_shot,1024,noise_augmented_lira,4,0.05,10,0.04833333333333334,0.03816666666666667,0.05333333333333334,0.056666666666666664,0.051500000000000004,0.06333333333333334
cell,zz_r5_d6,ideal_shot,1024,noise_augmented_lira,8,0.01,10,0.01,0.006666666666666667,0.015166666666666663,0.02,0.016666666666666666,0.028499999999999998
cell,zz_r5_d6,ideal_shot,1024,noise_augmented_lira,8,0.05,10,0.05333333333333334,0.04116666666666667,0.06549999999999999,0.09333333333333334,0.09,0.10516666666666667
cell,zz_r5_d6,ideal_shot,128,affine_channel_lira,16,0.01,10,0.011666666666666667,0.006333333333333333,0.015166666666666663,0.02666666666666667,0.023333333333333334,0.0385
cell,zz_r5_d6,ideal_shot,128,affine_channel_lira,16,0.05,10,0.05,0.043000000000000003,0.06183333333333333,0.13,0.11966666666666667,0.14216666666666666
cell,zz_r5_d6,ideal_shot,128,affine_channel_lira,4,0.01,10,0.01,0.004833333333333334,0.016999999999999994,0.021666666666666667,0.014833333333333334,0.02666666666666667
cell,zz_r5_d6,ideal_shot,128,affine_channel_lira,4,0.05,10,0.04666666666666667,0.04,0.07066666666666666,0.08,0.06816666666666667,0.09
cell,zz_r5_d6,ideal_shot,128,affine_channel_lira,8,0.01,10,0.011666666666666667,0.0033333333333333335,0.016666666666666666,0.02666666666666667,0.019666666666666666,0.03183333333333333
cell,zz_r5_d6,ideal_shot,128,affine_channel_lira,8,0.05,10,0.05,0.03783333333333334,0.07,0.09666666666666666,0.08483333333333333,0.11183333333333333
cell,zz_r5_d6,ideal_shot,128,deconvolved_lira,16,0.01,10,0.013333333333333334,0.008166666666666668,0.015166666666666663,0.006666666666666667,0.0015,0.011833333333333331
cell,zz_r5_d6,ideal_shot,128,deconvolved_lira,16,0.05,10,0.05,0.03966666666666667,0.05516666666666666,0.11833333333333333,0.10483333333333333,0.13333333333333333
cell,zz_r5_d6,ideal_shot,128,deconvolved_lira,4,0.01,10,0.008333333333333333,0.0033333333333333335,0.016666666666666666,0.013333333333333334,0.01,0.02
cell,zz_r5_d6,ideal_shot,128,deconvolved_lira,4,0.05,10,0.04833333333333334,0.0415,0.062166666666666655,0.056666666666666664,0.043000000000000003,0.06333333333333334
cell,zz_r5_d6,ideal_shot,128,deconvolved_lira,8,0.01,10,0.01,0.006666666666666667,0.02,0.01,0.0015,0.015166666666666663
cell,zz_r5_d6,ideal_shot,128,deconvolved_lira,8,0.05,10,0.05,0.0345,0.06183333333333333,0.08333333333333333,0.06816666666666667,0.09216666666666666
cell,zz_r5_d6,ideal_shot,128,empirical_channel_lira,16,0.01,10,0.01,0.0015,0.02,0.03666666666666667,0.02666666666666667,0.043333333333333335
cell,zz_r5_d6,ideal_shot,128,empirical_channel_lira,16,0.05,10,0.051666666666666666,0.03966666666666667,0.06333333333333334,0.11666666666666667,0.10816666666666667,0.12333333333333334
cell,zz_r5_d6,ideal_shot,128,empirical_channel_lira,4,0.01,10,0.011666666666666667,0.004833333333333334,0.023333333333333334,0.028333333333333335,0.023333333333333334,0.03333333333333333
cell,zz_r5_d6,ideal_shot,128,empirical_channel_lira,4,0.05,10,0.04833333333333334,0.0345,0.06883333333333333,0.10833333333333334,0.0915,0.12883333333333333
cell,zz_r5_d6,ideal_shot,128,empirical_channel_lira,8,0.01,10,0.013333333333333334,0.008166666666666668,0.018499999999999996,0.028333333333333335,0.021500000000000002,0.035166666666666666
cell,zz_r5_d6,ideal_shot,128,empirical_channel_lira,8,0.05,10,0.051666666666666666,0.0345,0.07766666666666665,0.09666666666666666,0.0915,0.12066666666666666
cell,zz_r5_d6,ideal_shot,128,latent_lira_mismatched,16,0.01,10,0.011666666666666667,0.008166666666666668,0.013333333333333334,0.006666666666666667,0.0015,0.011833333333333331
cell,zz_r5_d6,ideal_shot,128,latent_lira_mismatched,16,0.05,10,0.04833333333333334,0.03966666666666667,0.06033333333333333,0.12166666666666667,0.10816666666666667,0.13516666666666666
cell,zz_r5_d6,ideal_shot,128,latent_lira_mismatched,4,0.01,10,0.01,0.0033333333333333335,0.02,0.013333333333333334,0.01,0.02
cell,zz_r5_d6,ideal_shot,128,latent_lira_mismatched,4,0.05,10,0.05333333333333334,0.03816666666666667,0.06549999999999999,0.05333333333333334,0.04116666666666667,0.06183333333333333
cell,zz_r5_d6,ideal_shot,128,latent_lira_mismatched,8,0.01,10,0.013333333333333334,0.008166666666666668,0.018499999999999996,0.008333333333333333,0.0033333333333333335,0.016666666666666666
cell,zz_r5_d6,ideal_shot,128,latent_lira_mismatched,8,0.05,10,0.05,0.034833333333333334,0.06549999999999999,0.08333333333333333,0.06966666666666667,0.09916666666666665
cell,zz_r5_d6,ideal_shot,128,loss_mia,0,0.01,10,0.01,0.004833333333333334,0.020333333333333328,0.01,0.006666666666666667,0.015166666666666663
cell,zz_r5_d6,ideal_shot,128,loss_mia,0,0.05,10,0.051666666666666666,0.04083333333333333,0.07099999999999998,0.06333333333333334,0.05333333333333334,0.0755
cell,zz_r5_d6,ideal_shot,128,noise_augmented_lira,16,0.01,10,0.011666666666666667,0.003,0.016666666666666666,0.03333333333333333,0.023333333333333334,0.03699999999999999
cell,zz_r5_d6,ideal_shot,128,noise_augmented_lira,16,0.05,10,0.056666666666666664,0.04116666666666667,0.0685,0.13666666666666666,0.12116666666666667,0.147
cell,zz_r5_d6,ideal_shot,128,noise_augmented_lira,4,0.01,10,0.011666666666666667,0.006666666666666667,0.022166666666666657,0.023333333333333334,0.02,0.03
cell,zz_r5_d6,ideal_shot,128,noise_augmented_lira,4,0.05,10,0.051666666666666666,0.04,0.07516666666666666,0.10166666666666667,0.08416666666666667,0.12516666666666668
cell,zz_r5_d6,ideal_shot,128,noise_augmented_lira,8,0.01,10,0.01,0.004833333333333334,0.018499999999999996,0.03833333333333333,0.024833333333333336,0.043333333333333335
cell,zz_r5_d6,ideal_shot,128,noise_augmented_lira,8,0.05,10,0.051666666666666666,0.032,0.06549999999999999,0.11,0.08966666666666667,0.1255
cell,zz_r5_d6,ideal_shot,512,affine_channel_lira,16,0.01,10,0.01,0.01,0.013333333333333334,0.013333333333333334,0.008166666666666668,0.018499999999999996
cell,zz_r5_d6,ideal_shot,512,affine_channel_lira,16,0.05,10,0.056666666666666664,0.03966666666666667,0.0685,0.155,0.14666666666666667,0.16516666666666666
cell,zz_r5_d6,ideal_shot,512,affine_channel_lira,4,0.01,10,0.011666666666666667,0.004833333333333334,0.016666666666666666,0.011666666666666667,0.006666666666666667,0.013333333333333334
cell,zz_r5_d6,ideal_shot,512,affine_channel_lira,4,0.05,10,0.04666666666666667,0.04,0.06183333333333333,0.05333333333333334,0.04633333333333334,0.06516666666666666
cell,zz_r5_d6,ideal_shot,512,affine_channel_lira,8,0.01,10,0.013333333333333334,0.008166666666666668,0.02,0.02,0.014833333333333334,0.023333333333333334
cell,zz_r5_d6,ideal_shot,512,affine_channel_lira,8,0.05,10,0.05333333333333334,0.043333333333333335,0.0685,0.09666666666666666,0.083,0.10183333333333333
cell,zz_r5_d6,ideal_shot,512,deconvolved_lira,16,0.01,10,0.01,0.006666666666666667,0.013333333333333334,0.006666666666666667,0.004833333333333334,0.01
cell,zz_r5_d6,ideal_shot,512,deconvolved_lira,16,0.05,10,0.051666666666666666,0.03816666666666667,0.06366666666666666,0.14500000000000002,0.13633333333333333,0.16
cell,zz_r5_d6,ideal_shot,512,deconvolved_lira,4,0.01,10,0.01,0.01,0.015166666666666663,0.013333333333333334,0.006666666666666667,0.02183333333333333
cell,zz_r5_d6,ideal_shot,512,deconvolved_lira,4,0.05,10,0.04833333333333334,0.0415,0.05333333333333334,0.05,0.043333333333333335,0.06
cell,zz_r5_d6,ideal_shot,512,deconvolved_lira,8,0.01,10,0.011666666666666667,0.01,0.016666666666666666,0.013333333333333334,0.0033333333333333335,0.018499999999999996
cell,zz_r5_d6,ideal_shot,512,deconvolved_lira,8,0.05,10,0.05,0.03816666666666667,0.067,0.09333333333333334,0.076,0.10183333333333333
cell,zz_r5_d6,ideal_shot,512,empirical_channel_lira,16,0.01,10,0.01,0.0033333333333333335,0.016666666666666666,0.03666666666666667,0.03,0.043333333333333335
cell,zz_r5_d6,ideal_shot,512,empirical_channel_lira,16,0.05,10,0.05333333333333334,0.044833333333333336,0.06333333333333334,0.12,0.10633333333333334,0.13516666666666666
cell,zz_r5_d6,ideal_shot,512,empirical_channel_lira,4,0.01,10,0.01,0.006666666666666667,0.015166666666666663,0.028333333333333335,0.021500000000000002,0.03333333333333333
cell,zz_r5_d6,ideal_shot,512,empirical_channel_lira,4,0.05,10,0.05,0.036333333333333336,0.058499999999999996,0.11499999999999999,0.10633333333333334,0.12733333333333333
cell,zz_r5_d6,ideal_shot,512,empirical_channel_lira,8,0.01,10,0.013333333333333334,0.01,0.018499999999999996,0.03333333333333333,0.021500000000000002,0.03666666666666667
cell,zz_r5_d6,ideal_shot,512,empirical_channel_lira,8,0.05,10,0.04833333333333334,0.0345,0.06366666666666666,0.11333333333333333,0.09633333333333334,0.12883333333333333
cell,zz_r5_d6,ideal_shot,512,latent_lira_mismatched,16,0.01,10,0.01,0.006666666666666667,0.013333333333333334,0.01,0.006666666666666667,0.013333333333333334
cell,zz_r5_d6,ideal_shot,512,latent_lira_mismatched,16,0.05,10,0.051666666666666666,0.03966666666666667,0.06183333333333333,0.14333333333333334,0.13333333333333333,0.15516666666666667
cell,zz_r5_d6,ideal_shot,512,latent_lira_mismatched,4,0.01,10,0.01,0.01,0.013333333333333334,0.013333333333333334,0.006666666666666667,0.02
cell,zz_r5_d6,ideal_shot,512,latent_lira_mismatched,4,0.05,10,0.04666666666666667,0.0415,0.05333333333333334,0.04666666666666667,0.043333333333333335,0.06
cell,zz_r5_d6,ideal_shot,512,latent_lira_mismatched,8,0.01,10,0.011666666666666667,0.01,0.018499999999999996,0.013333333333333334,0.0033333333333333335,0.020333333333333328
cell,zz_r5_d6,ideal_shot,512,latent_lira_mismatched,8,0.05,10,0.04833333333333334,0.03966666666666667,0.06183333333333333,0.09,0.07450000000000001,0.10183333333333333
cell,zz_r5_d6,ideal_shot,512,loss_mia,0,0.01,10,0.013333333333333334,0.008166666666666668,0.016666666666666666,0.013333333333333334,0.004833333333333334,0.02183333333333333
cell,zz_r5_d6,ideal_shot,512,loss_mia,0,0.05,10,0.055,0.04633333333333334,0.06516666666666666,0.06666666666666667,0.05483333333333333,0.07183333333333333
cell,zz_r5_d6,ideal_shot,512,noise_augmented_lira,16,0.01,10,0.01,0.01,0.015166666666666663,0.021666666666666667,0.014833333333333334,0.028499999999999998
cell,zz_r5_d6,ideal_shot,512,noise_augmented_lira,16,0.05,10,0.04666666666666667,0.03666666666666667,0.06399999999999999,0.155,0.14816666666666667,0.1685
cell,zz_r5_d6,ideal_shot,512,noise_augmented_lira,4,0.01,10,0.008333333333333333,0.0033333333333333335,0.015166666666666663,0.01,0.004833333333333334,0.011833333333333331
cell,zz_r5_d6,ideal_shot,512,noise_augmented_lira,4,0.05,10,0.05333333333333333,0.043333333333333335,0.06,0.058333333333333334,0.05483333333333333,0.07183333333333333
cell,zz_r5_d6,ideal_shot,512,noise_augmented_lira,8,0.01,10,0.01,0.008166666666666668,0.015166666666666663,0.02,0.016666666666666666,0.025166666666666664
cell,zz_r5_d6,ideal_shot,512,noise_augmented_lira,8,0.05,10,0.04666666666666667,0.0315,0.06,0.10333333333333333,0.08933333333333333,0.11
cell,zz_r5_d6,noisy_shot,1024,affine_channel_lira,16,0.01,10,0.01,0.006666666666666667,0.015166666666666663,0.016666666666666666,0.0115,0.025166666666666664
cell,zz_r5_d6,noisy_shot,1024,affine_channel_lira,16,0.05,10,0.05,0.0415,0.06033333333333333,0.12833333333333335,0.10783333333333334,0.1355
cell,zz_r5_d6,noisy_shot,1024,affine_channel_lira,4,0.01,10,0.011666666666666667,0.008166666666666668,0.013333333333333334,0.013333333333333334,0.01,0.018499999999999996
cell,zz_r5_d6,noisy_shot,1024,affine_channel_lira,4,0.05,10,0.051666666666666666,0.03966666666666667,0.06033333333333333,0.06,0.05,0.07183333333333333
cell,zz_r5_d6,noisy_shot,1024,affine_channel_lira,8,0.01,10,0.01,0.006666666666666667,0.01366666666666666,0.018333333333333333,0.013333333333333334,0.030333333333333327
cell,zz_r5_d6,noisy_shot,1024,affine_channel_lira,8,0.05,10,0.056666666666666664,0.04816666666666667,0.06516666666666666,0.08,0.06633333333333334,0.08516666666666667
cell,zz_r5_d6,noisy_shot,1024,deconvolved_lira,16,0.01,10,0.015,0.008166666666666668,0.018499999999999996,0.005,0.0033333333333333335,0.008499999999999997
cell,zz_r5_d6,noisy_shot,1024,deconvolved_lira,16,0.05,10,0.04666666666666667,0.03816666666666667,0.058499999999999996,0.09666666666666666,0.08,0.11366666666666667
cell,zz_r5_d6,noisy_shot,1024,deconvolved_lira,4,0.01,10,0.01,0.006666666666666667,0.018499999999999996,0.01,0.006666666666666667,0.011833333333333331
cell,zz_r5_d6,noisy_shot,1024,deconvolved_lira,4,0.05,10,0.051666666666666666,0.043333333333333335,0.06366666666666666,0.03833333333333333,0.0315,0.043333333333333335
cell,zz_r5_d6,noisy_shot,1024,deconvolved_lira,8,0.01,10,0.011666666666666667,0.008166666666666668,0.018499999999999996,0.01,0.0033333333333333335,0.013333333333333334
cell,zz_r5_d6,noisy_shot,1024,deconvolved_lira,8,0.05,10,0.05333333333333334,0.0415,0.06366666666666666,0.06666666666666667,0.05333333333333334,0.07183333333333333
cell,zz_r5_d6,noisy_shot,1024,empirical_channel_lira,16,0.01,10,0.013333333333333334,0.006666666666666667,0.013333333333333334,0.03166666666666666,0.02666666666666667,0.03666666666666667
cell,zz_r5_d6,noisy_shot,1024,empirical_channel_lira,16,0.05,10,0.05333333333333334,0.04,0.058499999999999996,0.10166666666666667,0.08083333333333333,0.12066666666666666
cell,zz_r5_d6,noisy_shot,1024,empirical_channel_lira,4,0.01,10,0.01,0.006666666666666667,0.016666666666666666,0.02,0.013333333333333334,0.023333333333333334
cell,zz_r5_d6,noisy_shot,1024,empirical_channel_lira,4,0.05,10,0.05333333333333334,0.03666666666666667,0.06183333333333333,0.08666666666666667,0.0645,0.09333333333333334
cell,zz_r5_d6,noisy_shot,1024,empirical_channel_lira,8,0.01,10,0.011666666666666667,0.008166666666666668,0.013333333333333334,0.02,0.013333333333333334,0.02666666666666667
cell,zz_r5_d6,noisy_shot,1024,empirical_channel_lira,8,0.05,10,0.05333333333333334,0.05,0.062166666666666655,0.08666666666666667,0.06633333333333334,0.10249999999999998
cell,zz_r5_d6,noisy_shot,1024,latent_lira_mismatched,16,0.01,10,0.013333333333333334,0.0115,0.016666666666666666,0.01,0.008166666666666668,0.013333333333333334
cell,zz_r5_d6,noisy_shot,1024,latent_lira_mismatched,16,0.05,10,0.05666666666666667,0.051500000000000004,0.06,0.09333333333333332,0.083,0.10516666666666667
cell,zz_r5_d6,noisy_shot,1024,latent_lira_mismatched,4,0.01,10,0.01,0.008166666666666668,0.01,0.006666666666666667,0.0033333333333333335,0.006666666666666667
cell,zz_r5_d6,noisy_shot,1024,latent_lira_mismatched,4,0.05,10,0.05,0.044833333333333336,0.056666666666666664,0.035,0.028166666666666666,0.0385
cell,zz_r5_d6,noisy_shot,1024,latent_lira_mismatched,8,0.01,10,0.01,0.006666666666666667,0.015166666666666663,0.013333333333333334,0.006666666666666667,0.020333333333333328
cell,zz_r5_d6,noisy_shot,1024,latent_lira_mismatched,8,0.05,10,0.05333333333333334,0.04666666666666667,0.06549999999999999,0.058333333333333334,0.04666666666666667,0.07183333333333333
cell,zz_r5_d6,noisy_shot,1024,loss_mia,0,0.01,10,0.02,0.016666666666666666,0.025166666666666664,0.008333333333333333,0.004833333333333334,0.01366666666666666
cell,zz_r5_d6,noisy_shot,1024,loss_mia,0,0.05,10,0.055,0.05,0.06666666666666667,0.06833333333333333,0.05483333333333333,0.0785
cell,zz_r5_d6,noisy_shot,1024,noise_augmented_lira,16,0.01,10,0.01,0.006666666666666667,0.013333333333333334,0.023333333333333334,0.018166666666666668,0.028499999999999998
cell,zz_r5_d6,noisy_shot,1024,noise_augmented_lira,16,0.05,10,0.04833333333333334,0.043333333333333335,0.06,0.11166666666666666,0.1015,0.13249999999999998
cell,zz_r5_d6,noisy_shot,1024,noise_augmented_lira,4,0.01,10,0.013333333333333334,0.01,0.02183333333333333,0.016666666666666666,0.013333333333333334,0.02183333333333333
cell,zz_r5_d6,noisy_shot,1024,noise_augmented_lira,4,0.05,10,0.04833333333333334,0.03966666666666667,0.06,0.07333333333333333,0.05633333333333333,0.08183333333333333
cell,zz_r5_d6,noisy_shot,1024,noise_augmented_lira,8,0.01,10,0.01,0.006666666666666667,0.016666666666666666,0.028333333333333335,0.021500000000000002,0.0385
cell,zz_r5_d6,noisy_shot,1024,noise_augmented_lira,8,0.05,10,0.043333333333333335,0.03666666666666667,0.05516666666666666,0.08499999999999999,0.06933333333333333,0.097
cell,zz_r5_d6,noisy_shot,128,affine_channel_lira,16,0.01,10,0.008333333333333333,0.004833333333333334,0.018499999999999996,0.02666666666666667,0.02,0.03
cell,zz_r5_d6,noisy_shot,128,affine_channel_lira,16,0.05,10,0.04833333333333334,0.04,0.07366666666666666,0.095,0.07633333333333334,0.11183333333333333
cell,zz_r5_d6,noisy_shot,128,affine_channel_lira,4,0.01,10,0.01,0.004833333333333334,0.016666666666666666,0.018333333333333333,0.0115,0.025499999999999988
cell,zz_r5_d6,noisy_shot,128,affine_channel_lira,4,0.05,10,0.05,0.036,0.067,0.06,0.051500000000000004,0.07
cell,zz_r5_d6,noisy_shot,128,affine_channel_lira,8,0.01,10,0.01,0.0033333333333333335,0.016666666666666666,0.01,0.006666666666666667,0.018499999999999996
cell,zz_r5_d6,noisy_shot,128,affine_channel_lira,8,0.05,10,0.04666666666666667,0.0315,0.07216666666666666,0.075,0.059000000000000004,0.0885
cell,zz_r5_d6,noisy_shot,128,deconvolved_lira,16,0.01,10,0.01,0.008166666666666668,0.013333333333333334,0.0033333333333333335,0.0,0.006666666666666667
cell,zz_r5_d6,noisy_shot,128,deconvolved_lira,16,0.05,10,0.04666666666666667,0.03816666666666667,0.06516666666666666,0.08166666666666667,0.07116666666666667,0.09583333333333331
cell,zz_r5_d6,noisy_shot,128,deconvolved_lira,4,0.01,10,0.011666666666666667,0.008166666666666668,0.018499999999999996,0.01,0.0033333333333333335,0.015166666666666663
cell,zz_r5_d6,noisy_shot,128,deconvolved_lira,4,0.05,10,0.051666666666666666,0.034833333333333334,0.06549999999999999,0.03833333333333333,0.028166666666666666,0.041833333333333333
cell,zz_r5_d6,noisy_shot,128,deconvolved_lira,8,0.01,10,0.01,0.006666666666666667,0.016666666666666666,0.008333333333333333,0.0015,0.011833333333333331
cell,zz_r5_d6,noisy_shot,128,deconvolved_lira,8,0.05,10,0.04833333333333334,0.0375,0.06,0.051666666666666666,0.03783333333333334,0.0685
cell,zz_r5_d6,noisy_shot,128,empirical_channel_lira,16,0.01,10,0.011666666666666667,0.004833333333333334,0.018499999999999996,0.016666666666666666,0.013333333333333334,0.02666666666666667
cell,zz_r5_d6,noisy_shot,128,empirical_channel_lira,16,0.05,10,0.051666666666666666,0.034833333333333334,0.06516666666666666,0.09333333333333332,0.07116666666666667,0.10516666666666667
cell,zz_r5_d6,noisy_shot,128,empirical_channel_lira,4,0.01,10,0.011666666666666667,0.0033333333333333335,0.018499999999999996,0.018333333333333333,0.013333333333333334,0.025166666666666664
cell,zz_r5_d6,noisy_shot,128,empirical_channel_lira,4,0.05,10,0.05,0.034166666666666665,0.07183333333333333,0.07666666666666666,0.0645,0.087
cell,zz_r5_d6,noisy_shot,128,empirical_channel_lira,8,0.01,10,0.01,0.006666666666666667,0.016666666666666666,0.013333333333333334,0.01,0.025499999999999988
cell,zz_r5_d6,noisy_shot,128,empirical_channel_lira,8,0.05,10,0.05,0.04,0.07,0.075,0.0615,0.0985
cell,zz_r5_d6,noisy_shot,128,latent_lira_mismatched,16,0.01,10,0.013333333333333334,0.006666666666666667,0.016666666666666666,0.0033333333333333335,0.0015,0.008499999999999997
cell,zz_r5_d6,noisy_shot,128,latent_lira_mismatched,16,0.05,10,0.04833333333333334,0.034833333333333334,0.07466666666666663,0.07666666666666666,0.05266666666666667,0.09883333333333333
cell,zz_r5_d6,noisy_shot,128,latent_lira_mismatched,4,0.01,10,0.013333333333333334,0.008166666666666668,0.022166666666666657,0.0033333333333333335,0.0015,0.012166666666666655
cell,zz_r5_d6,noisy_shot,128,latent_lira_mismatched,4,0.05,10,0.04666666666666667,0.03966666666666667,0.06333333333333334,0.028333333333333335,0.02,0.0385
cell,zz_r5_d6,noisy_shot,128,latent_lira_mismatched,8,0.01,10,0.011666666666666667,0.006666666666666667,0.016666666666666666,0.008333333333333333,0.0033333333333333335,0.013333333333333334
cell,zz_r5_d6,noisy_shot,128,latent_lira_mismatched,8,0.05,10,0.04666666666666667,0.036333333333333336,0.07666666666666666,0.05666666666666667,0.034833333333333334,0.07183333333333333
cell,zz_r5_d6,noisy_shot,128,loss_mia,0,0.01,10,0.013333333333333334,0.01,0.02,0.01,0.006666666666666667,0.02
cell,zz_r5_d6,noisy_shot,128,loss_mia,0,0.05,10,0.05333333333333333,0.03816666666666667,0.06666666666666667,0.07166666666666667,0.0545,0.09399999999999999
cell,zz_r5_d6,noisy_shot,128,noise_augmented_lira,16,0.01,10,0.008333333333333333,0.004833333333333334,0.013333333333333334,0.015,0.0115,0.025166666666666664
cell,zz_r5_d6,noisy_shot,128,noise_augmented_lira,16,0.05,10,0.058333333333333334,0.03966666666666667,0.07,0.07666666666666666,0.0575,0.10216666666666666
cell,zz_r5_d6,noisy_shot,128,noise_augmented_lira,4,0.01,10,0.013333333333333334,0.0045000000000000005,0.018499999999999996,0.015,0.006666666666666667,0.025499999999999988
cell,zz_r5_d6,noisy_shot,128,noise_augmented_lira,4,0.05,10,0.058333333333333334,0.0415,0.07516666666666666,0.07666666666666666,0.06116666666666667,0.0885
cell,zz_r5_d6,noisy_shot,128,noise_augmented_lira,8,0.01,10,0.01,0.004833333333333334,0.015166666666666663,0.018333333333333333,0.013333333333333334,0.030333333333333327
cell,zz_r5_d6,noisy_shot,128,noise_augmented_lira,8,0.05,10,0.04666666666666667,0.034833333333333334,0.06549999999999999,0.07833333333333334,0.07150000000000001,0.09366666666666666
cell,zz_r5_d6,noisy_shot,512,affine_channel_lira,16,0.01,10,0.01,0.006666666666666667,0.016666666666666666,0.021666666666666667,0.013333333333333334,0.03183333333333333
cell,zz_r5_d6,noisy_shot,512,affine_channel_lira,16,0.05,10,0.051666666666666666,0.0415,0.06333333333333334,0.11666666666666667,0.1015,0.13183333333333333
cell,zz_r5_d6,noisy_shot,512,affine_channel_lira,4,0.01,10,0.011666666666666667,0.006666666666666667,0.013333333333333334,0.013333333333333334,0.008166666666666668,0.018499999999999996
cell,zz_r5_d6,noisy_shot,512,affine_channel_lira,4,0.05,10,0.05333333333333334,0.03116666666666667,0.06333333333333334,0.065,0.05483333333333333,0.07183333333333333
cell,zz_r5_d6,noisy_shot,512,affine_channel_lira,8,0.01,10,0.011666666666666667,0.004833333333333334,0.016666666666666666,0.013333333333333334,0.008166666666666668,0.023333333333333334
cell,zz_r5_d6,noisy_shot,512,affine_channel_lira,8,0.05,10,0.055,0.04633333333333334,0.06549999999999999,0.08,0.0615,0.09366666666666666
cell,zz_r5_d6,noisy_shot,512,deconvolved_lira,16,0.01,10,0.013333333333333334,0.006666666666666667,0.018499999999999996,0.006666666666666667,0.0015,0.01
cell,zz_r5_d6,noisy_shot,512,deconvolved_lira,16,0.05,10,0.05333333333333334,0.04116666666666667,0.06516666666666666,0.095,0.08633333333333333,0.1055
cell,zz_r5_d6,noisy_shot,512,deconvolved_lira,4,0.01,10,0.011666666666666667,0.004833333333333334,0.018499999999999996,0.01,0.0033333333333333335,0.018499999999999996
cell,zz_r5_d6,noisy_shot,512,deconvolved_lira,4,0.05,10,0.05333333333333334,0.04116666666666667,0.06,0.04,0.03666666666666667,0.05216666666666665
cell,zz_r5_d6,noisy_shot,512,deconvolved_lira,8,0.01,10,0.013333333333333334,0.006666666666666667,0.016666666666666666,0.006666666666666667,0.0,0.011833333333333331
cell,zz_r5_d6,noisy_shot,512,deconvolved_lira,8,0.05,10,0.051666666666666666,0.03816666666666667,0.06366666666666666,0.06333333333333334,0.05333333333333334,0.0785
cell,zz_r5_d6,noisy_shot,512,empirical_channel_lira,16,0.01,10,0.01,0.006666666666666667,0.018499999999999996,0.028333333333333335,0.02,0.03183333333333333
cell,zz_r5_d6,noisy_shot,512,empirical_channel_lira,16,0.05,10,0.05333333333333333,0.04666666666666667,0.067,0.1,0.083,0.11516666666666667
cell,zz_r5_d6,noisy_shot,512,empirical_channel_lira,4,0.01,10,0.011666666666666667,0.006666666666666667,0.016666666666666666,0.018333333333333333,0.016666666666666666,0.02666666666666667
cell,zz_r5_d6,noisy_shot,512,empirical_channel_lira,4,0.05,10,0.05333333333333334,0.035666666666666666,0.0685,0.08666666666666667,0.07816666666666666,0.09516666666666666
cell,zz_r5_d6,noisy_shot,512,empirical_channel_lira,8,0.01,10,0.01,0.008166666666666668,0.013333333333333334,0.02,0.009666666666666667,0.023333333333333334
cell,zz_r5_d6,noisy_shot,512,empirical_channel_lira,8,0.05,10,0.055,0.043333333333333335,0.06549999999999999,0.08333333333333333,0.07116666666666667,0.097
cell,zz_r5_d6,noisy_shot,512,latent_lira_mismatched,16,0.01,10,0.013333333333333334,0.01,0.018499999999999996,0.01,0.01,0.013333333333333334
cell,zz_r5_d6,noisy_shot,512,latent_lira_mismatched,16,0.05,10,0.05333333333333334,0.04633333333333334,0.06366666666666666,0.09,0.073,0.10733333333333332
cell,zz_r5_d6,noisy_shot,512,latent_lira_mismatched,4,0.01,10,0.01,0.006666666666666667,0.013333333333333334,0.006666666666666667,0.0033333333333333335,0.008499999999999997
cell,zz_r5_d6,noisy_shot,512,latent_lira_mismatched,4,0.05,10,0.051666666666666666,0.03966666666666667,0.058499999999999996,0.03666666666666667,0.03,0.041833333333333333
cell,zz_r5_d6,noisy_shot,512,latent_lira_mismatched,8,0.01,10,0.011666666666666667,0.008166666666666668,0.016666666666666666,0.006666666666666667,0.0033333333333333335,0.011833333333333331
cell,zz_r5_d6,noisy_shot,512,latent_lira_mismatched,8,0.05,10,0.056666666666666664,0.044833333333333336,0.07033333333333333,0.06,0.044500000000000005,0.07
cell,zz_r5_d6,noisy_shot,512,loss_mia,0,0.01,10,0.016666666666666666,0.008166666666666668,0.02183333333333333,0.006666666666666667,0.0033333333333333335,0.011833333333333331
cell,zz_r5_d6,noisy_shot,512,loss_mia,0,0.05,10,0.056666666666666664,0.04816666666666667,0.07,0.06833333333333333,0.06,0.09066666666666665
cell,zz_r5_d6,noisy_shot,512,noise_augmented_lira,16,0.01,10,0.01,0.004833333333333334,0.016999999999999994,0.023333333333333334,0.018166666666666668,0.028499999999999998
cell,zz_r5_d6,noisy_shot,512,noise_augmented_lira,16,0.05,10,0.05333333333333334,0.0415,0.06033333333333333,0.10166666666666667,0.09116666666666667,0.12183333333333334
cell,zz_r5_d6,noisy_shot,512,noise_augmented_lira,4,0.01,10,0.008333333333333333,0.0033333333333333335,0.01,0.015,0.008166666666666668,0.02183333333333333
cell,zz_r5_d6,noisy_shot,512,noise_augmented_lira,4,0.05,10,0.04833333333333334,0.036333333333333336,0.06666666666666667,0.06833333333333333,0.0615,0.077
cell,zz_r5_d6,noisy_shot,512,noise_augmented_lira,8,0.01,10,0.011666666666666667,0.006666666666666667,0.016999999999999994,0.023333333333333334,0.016666666666666666,0.0385
cell,zz_r5_d6,noisy_shot,512,noise_augmented_lira,8,0.05,10,0.05,0.04,0.06183333333333333,0.08333333333333333,0.06783333333333334,0.09033333333333333
overall,all_cells,ideal_shot,1024,affine_channel_lira,16,0.01,10,0.012,0.0103,0.0137,0.028999999999999998,0.025333333333333333,0.03073333333333333
overall,all_cells,ideal_shot,1024,affine_channel_lira,16,0.05,10,0.052333333333333336,0.0446,0.056,0.10666666666666667,0.1046,0.10903333333333333
overall,all_cells,ideal_shot,1024,affine_channel_lira,4,0.01,10,0.011666666666666667,0.009933333333333334,0.013033333333333333,0.016,0.015333333333333332,0.017699999999999997
overall,all_cells,ideal_shot,1024,affine_channel_lira,4,0.05,10,0.051333333333333335,0.0478,0.05693333333333333,0.06433333333333333,0.05963333333333333,0.07086666666666666
overall,all_cells,ideal_shot,1024,affine_channel_lira,8,0.01,10,0.011333333333333334,0.009266666666666666,0.014066666666666665,0.024333333333333332,0.020233333333333332,0.027333333333333334
overall,all_cells,ideal_shot,1024,affine_channel_lira,8,0.05,10,0.054000000000000006,0.04563333333333333,0.059033333333333333,0.087,0.08096666666666666,0.09206666666666666
overall,all_cells,ideal_shot,1024,deconvolved_lira,16,0.01,10,0.011333333333333334,0.009266666666666666,0.012366666666666666,0.02266666666666667,0.02163333333333333,0.025699999999999997
overall,all_cells,ideal_shot,1024,deconvolved_lira,16,0.05,10,0.053000000000000005,0.0443,0.05533333333333333,0.10066666666666667,0.09696666666666666,0.10376666666666667
overall,all_cells,ideal_shot,1024,deconvolved_lira,4,0.01,10,0.011666666666666667,0.009633333333333334,0.013333333333333334,0.015666666666666666,0.0143,0.01703333333333333
overall,all_cells,ideal_shot,1024,deconvolved_lira,4,0.05,10,0.05,0.046599999999999996,0.056,0.058333333333333334,0.05563333333333333,0.0617
overall,all_cells,ideal_shot,1024,deconvolved_lira,8,0.01,10,0.013000000000000001,0.011933333333333334,0.01643333333333333,0.020666666666666667,0.0169,0.022366666666666667
overall,all_cells,ideal_shot,1024,deconvolved_lira,8,0.05,10,0.051666666666666666,0.046599999999999996,0.05899999999999999,0.08333333333333333,0.07579999999999999,0.084
overall,all_cells,ideal_shot,1024,empirical_channel_lira,16,0.01,10,0.012,0.011333333333333334,0.0137,0.028666666666666667,0.0263,0.0317
overall,all_cells,ideal_shot,1024,empirical_channel_lira,16,0.05,10,0.050666666666666665,0.04343333333333333,0.0571,0.09866666666666667,0.094,0.10383333333333333
overall,all_cells,ideal_shot,1024,empirical_channel_lira,4,0.01,10,0.011333333333333334,0.009333333333333334,0.013333333333333334,0.021333333333333333,0.0203,0.0234
overall,all_cells,ideal_shot,1024,empirical_channel_lira,4,0.05,10,0.051000000000000004,0.04756666666666667,0.055299999999999995,0.08299999999999999,0.08066666666666666,0.08666666666666667
overall,all_cells,ideal_shot,1024,empirical_channel_lira,8,0.01,10,0.012666666666666666,0.01,0.014066666666666665,0.029333333333333333,0.024966666666666665,0.03333333333333333
overall,all_cells,ideal_shot,1024,empirical_channel_lira,8,0.05,10,0.051666666666666666,0.04593333333333333,0.05436666666666667,0.103,0.09283333333333334,0.10576666666666668
overall,all_cells,ideal_shot,1024,latent_lira_mismatched,16,0.01,10,0.011333333333333334,0.009933333333333334,0.012666666666666666,0.02266666666666667,0.022,0.026
overall,all_cells,ideal_shot,1024,latent_lira_mismatched,16,0.05,10,0.05333333333333334,0.0443,0.0557,0.10133333333333333,0.09756666666666666,0.10406666666666667
overall,all_cells,ideal_shot,1024,latent_lira_mismatched,4,0.01,10,0.012,0.009633333333333334,0.012666666666666666,0.016,0.0143,0.017766666666666667
overall,all_cells,ideal_shot,1024,latent_lira_mismatched,4,0.05,10,0.050333333333333334,0.046599999999999996,0.05636666666666666,0.056999999999999995,0.0543,0.06103333333333333
overall,all_cells,ideal_shot,1024,latent_lira_mismatched,8,0.01,10,0.013333333333333332,0.011633333333333334,0.01643333333333333,0.020666666666666667,0.0163,0.022
overall,all_cells,ideal_shot,1024,latent_lira_mismatched,8,0.05,10,0.052333333333333336,0.0463,0.06063333333333333,0.082,0.07586666666666667,0.08443333333333333
overall,all_cells,ideal_shot,1024,loss_mia,0,0.01,10,0.012,0.0103,0.014,0.014,0.012966666666666666,0.016066666666666663
overall,all_cells,ideal_shot,1024,loss_mia,0,0.05,10,0.051666666666666666,0.0481,0.05606666666666666,0.04533333333333334,0.0429,0.04703333333333333
overall,all_cells,ideal_shot,1024,noise_augmented_lira,16,0.01,10,0.012,0.009633333333333334,0.014,0.027666666666666666,0.0232,0.03
overall,all_cells,ideal_shot,1024,noise_augmented_lira,16,0.05,10,0.050333333333333334,0.044899999999999995,0.05333333333333334,0.10766666666666666,0.1009,0.11170000000000001
overall,all_cells,ideal_shot,1024,noise_augmented_lira,4,0.01,10,0.011333333333333334,0.009333333333333334,0.012666666666666666,0.017333333333333333,0.016666666666666666,0.019333333333333334
overall,all_cells,ideal_shot,1024,noise_augmented_lira,4,0.05,10,0.04933333333333333,0.04593333333333333,0.05636666666666666,0.07066666666666667,0.06533333333333333,0.07303333333333334
overall,all_cells,ideal_shot,1024,noise_augmented_lira,8,0.01,10,0.009666666666666667,0.007333333333333333,0.012,0.026333333333333334,0.021933333333333332,0.028366666666666665
overall,all_cells,ideal_shot,1024,noise_augmented_lira,8,0.05,10,0.05333333333333334,0.0446,0.057166666666666664,0.08733333333333333,0.0832,0.094
overall,all_cells,ideal_shot,128,affine_channel_lira,16,0.01,10,0.010666666666666666,0.008,0.01413333333333333,0.027333333333333334,0.024966666666666665,0.03103333333333333
overall,all_cells,ideal_shot,128,affine_channel_lira,16,0.05,10,0.050666666666666665,0.0452,0.06253333333333332,0.09766666666666667,0.09393333333333334,0.10503333333333334
overall,all_cells,ideal_shot,128,affine_channel_lira,4,0.01,10,0.011333333333333334,0.009266666666666666,0.012666666666666666,0.019666666666666666,0.016166666666666666,0.024066666666666667
overall,all_cells,ideal_shot,128,affine_channel_lira,4,0.05,10,0.052333333333333336,0.04593333333333333,0.05466666666666667,0.077,0.07143333333333333,0.08236666666666667
overall,all_cells,ideal_shot,128,affine_channel_lira,8,0.01,10,0.010666666666666668,0.007333333333333333,0.015233333333333328,0.028999999999999998,0.023733333333333335,0.0331
overall,all_cells,ideal_shot,128,affine_channel_lira,8,0.05,10,0.051000000000000004,0.044533333333333334,0.05976666666666666,0.09033333333333333,0.0843,0.09570000000000001
overall,all_cells,ideal_shot,128,deconvolved_lira,16,0.01,10,0.010333333333333333,0.0083,0.014066666666666665,0.015666666666666666,0.012966666666666666,0.017699999999999997
overall,all_cells,ideal_shot,128,deconvolved_lira,16,0.05,10,0.05133333333333333,0.04763333333333333,0.0556,0.08,0.07313333333333333,0.08486666666666666
overall,all_cells,ideal_shot,128,deconvolved_lira,4,0.01,10,0.011666666666666667,0.009333333333333334,0.0137,0.015,0.012,0.017333333333333333
overall,all_cells,ideal_shot,128,deconvolved_lira,4,0.05,10,0.05133333333333333,0.04786666666666667,0.0565,0.053000000000000005,0.0506,0.06043333333333333
overall,all_cells,ideal_shot,128,deconvolved_lira,8,0.01,10,0.012,0.007933333333333334,0.015399999999999999,0.015333333333333332,0.012966666666666666,0.017699999999999997
overall,all_cells,ideal_shot,128,deconvolved_lira,8,0.05,10,0.051666666666666666,0.0418,0.0557,0.07633333333333334,0.07016666666666667,0.08743333333333332
overall,all_cells,ideal_shot,128,empirical_channel_lira,16,0.01,10,0.010333333333333333,0.008,0.0137,0.02666666666666667,0.025266666666666666,0.03043333333333333
overall,all_cells,ideal_shot,128,empirical_channel_lira,16,0.05,10,0.053000000000000005,0.04466666666666667,0.058699999999999995,0.091,0.08696666666666666,0.09703333333333333
overall,all_cells,ideal_shot,128,empirical_channel_lira,4,0.01,10,0.012333333333333333,0.0086,0.014733333333333331,0.022,0.0183,0.025333333333333333
overall,all_cells,ideal_shot,128,empirical_channel_lira,4,0.05,10,0.051333333333333335,0.0443,0.05436666666666667,0.07733333333333334,0.0723,0.08723333333333333
overall,all_cells,ideal_shot,128,empirical_channel_lira,8,0.01,10,0.011333333333333334,0.0072,0.015033333333333333,0.027000000000000003,0.022966666666666666,0.030366666666666663
overall,all_cells,ideal_shot,128,empirical_channel_lira,8,0.05,10,0.052000000000000005,0.043000000000000003,0.0571,0.093,0.08889999999999999,0.10606666666666667
overall,all_cells,ideal_shot,128,latent_lira_mismatched,16,0.01,10,0.010666666666666666,0.0086,0.014366666666666666,0.016,0.0126,0.018
overall,all_cells,ideal_shot,128,latent_lira_mismatched,16,0.05,10,0.04933333333333333,0.048,0.0574,0.08033333333333334,0.07586666666666667,0.08206666666666666
overall,all_cells,ideal_shot,128,latent_lira_mismatched,4,0.01,10,0.011,0.008966666666666666,0.0137,0.014666666666666666,0.012,0.01703333333333333
overall,all_cells,ideal_shot,128,latent_lira_mismatched,4,0.05,10,0.052,0.048299999999999996,0.05436666666666667,0.051666666666666666,0.04713333333333333,0.05753333333333333
overall,all_cells,ideal_shot,128,latent_lira_mismatched,8,0.01,10,0.012,0.008966666666666666,0.01613333333333333,0.015,0.0126,0.01813333333333333
overall,all_cells,ideal_shot,128,latent_lira_mismatched,8,0.05,10,0.053,0.03963333333333333,0.0554,0.07533333333333334,0.07163333333333333,0.08449999999999999
overall,all_cells,ideal_shot,128,loss_mia,0,0.01,10,0.011333333333333334,0.006666666666666667,0.015899999999999994,0.01,0.0086,0.012366666666666666
overall,all_cells,ideal_shot,128,loss_mia,0,0.05,10,0.050666666666666665,0.046233333333333335,0.05723333333333333,0.051333333333333335,0.044899999999999995,0.05703333333333333
overall,all_cells,ideal_shot,128,noise_augmented_lira,16,0.01,10,0.008333333333333333,0.007633333333333333,0.012366666666666666,0.027333333333333334,0.024666666666666667,0.03206666666666666
overall,all_cells,ideal_shot,128,noise_augmented_lira,16,0.05,10,0.050666666666666665,0.042166666666666665,0.059899999999999995,0.09666666666666666,0.094,0.1059
overall,all_cells,ideal_shot,128,noise_augmented_lira,4,0.01,10,0.012666666666666666,0.010233333333333334,0.016499999999999994,0.021666666666666667,0.0169,0.024
overall,all_cells,ideal_shot,128,noise_augmented_lira,4,0.05,10,0.050666666666666665,0.0446,0.057466666666666666,0.07666666666666666,0.0706,0.08443333333333333
overall,all_cells,ideal_shot,128,noise_augmented_lira,8,0.01,10,0.008666666666666666,0.006666666666666667,0.012666666666666666,0.03033333333333333,0.02666666666666667,0.03566666666666666
overall,all_cells,ideal_shot,128,noise_augmented_lira,8,0.05,10,0.04833333333333334,0.03956666666666667,0.056,0.09233333333333332,0.0855,0.10013333333333332
overall,all_cells,ideal_shot,512,affine_channel_lira,16,0.01,10,0.012,0.008666666666666666,0.015399999999999999,0.024333333333333332,0.021333333333333333,0.026
overall,all_cells,ideal_shot,512,affine_channel_lira,16,0.05,10,0.055,0.0463,0.057833333333333334,0.10133333333333333,0.09593333333333334,0.11006666666666666
overall,all_cells,ideal_shot,512,affine_channel_lira,4,0.01,10,0.011333333333333334,0.009266666666666666,0.014066666666666665,0.017,0.0146,0.020366666666666665
overall,all_cells,ideal_shot,512,affine_channel_lira,4,0.05,10,0.052,0.04533333333333334,0.05703333333333333,0.06666666666666667,0.061266666666666664,0.07303333333333334
overall,all_cells,ideal_shot,512,affine_channel_lira,8,0.01,10,0.010333333333333333,0.007266666666666667,0.014733333333333331,0.03,0.025133333333333334,0.03133333333333333
overall,all_cells,ideal_shot,512,affine_channel_lira,8,0.05,10,0.052333333333333336,0.043133333333333336,0.06066666666666667,0.087,0.08096666666666666,0.09346666666666666
overall,all_cells,ideal_shot,512,deconvolved_lira,16,0.01,10,0.011,0.0086,0.01413333333333333,0.017333333333333333,0.016666666666666666,0.0197
overall,all_cells,ideal_shot,512,deconvolved_lira,16,0.05,10,0.051333333333333335,0.04563333333333333,0.0591,0.09433333333333332,0.0883,0.10389999999999999
overall,all_cells,ideal_shot,512,deconvolved_lira,4,0.01,10,0.011333333333333334,0.008966666666666666,0.014,0.015666666666666666,0.013333333333333334,0.019033333333333333
overall,all_cells,ideal_shot,512,deconvolved_lira,4,0.05,10,0.050666666666666665,0.04763333333333333,0.05473333333333333,0.05533333333333333,0.0523,0.058366666666666664
overall,all_cells,ideal_shot,512,deconvolved_lira,8,0.01,10,0.013333333333333334,0.011333333333333334,0.01613333333333333,0.019333333333333334,0.0155,0.021699999999999997
overall,all_cells,ideal_shot,512,deconvolved_lira,8,0.05,10,0.05,0.044899999999999995,0.06063333333333333,0.07966666666666666,0.06926666666666667,0.0834
overall,all_cells,ideal_shot,512,empirical_channel_lira,16,0.01,10,0.011333333333333334,0.008533333333333334,0.01553333333333333,0.028666666666666667,0.024966666666666665,0.031766666666666665
overall,all_cells,ideal_shot,512,empirical_channel_lira,16,0.05,10,0.05266666666666667,0.042300000000000004,0.062333333333333324,0.094,0.08943333333333334,0.10103333333333334
overall,all_cells,ideal_shot,512,empirical_channel_lira,4,0.01,10,0.011333333333333334,0.009633333333333334,0.0137,0.021333333333333333,0.018233333333333334,0.02503333333333333
overall,all_cells,ideal_shot,512,empirical_channel_lira,4,0.05,10,0.052,0.04683333333333333,0.05473333333333333,0.08166666666666667,0.07623333333333333,0.08606666666666667
overall,all_cells,ideal_shot,512,empirical_channel_lira,8,0.01,10,0.011333333333333334,0.008233333333333334,0.014433333333333331,0.027000000000000003,0.023133333333333332,0.029766666666666663
overall,all_cells,ideal_shot,512,empirical_channel_lira,8,0.05,10,0.050333333333333334,0.044,0.058766666666666655,0.10033333333333333,0.091,0.10546666666666667
overall,all_cells,ideal_shot,512,latent_lira_mismatched,16,0.01,10,0.011333333333333334,0.008966666666666666,0.01413333333333333,0.017333333333333333,0.016666666666666666,0.020366666666666665
overall,all_cells,ideal_shot,512,latent_lira_mismatched,16,0.05,10,0.051333333333333335,0.04563333333333333,0.05813333333333333,0.09233333333333334,0.08763333333333333,0.10276666666666666
overall,all_cells,ideal_shot,512,latent_lira_mismatched,4,0.01,10,0.011,0.008966666666666666,0.014366666666666666,0.015666666666666666,0.013633333333333334,0.019033333333333333
overall,all_cells,ideal_shot,512,latent_lira_mismatched,4,0.05,10,0.05,0.048,0.053766666666666664,0.055,0.0506,0.058366666666666664
overall,all_cells,ideal_shot,512,latent_lira_mismatched,8,0.01,10,0.013333333333333334,0.010966666666666666,0.01613333333333333,0.019000000000000003,0.0155,0.021699999999999997
overall,all_cells,ideal_shot,512,latent_lira_mismatched,8,0.05,10,0.048666666666666664,0.04563333333333333,0.05983333333333333,0.07833333333333334,0.07126666666666667,0.08346666666666666
overall,all_cells,ideal_shot,512,loss_mia,0,0.01,10,0.012,0.009633333333333334,0.015033333333333333,0.013333333333333334,0.011333333333333334,0.014666666666666666
overall,all_cells,ideal_shot,512,loss_mia,0,0.05,10,0.05333333333333334,0.047266666666666665,0.056799999999999996,0.047,0.04363333333333333,0.05103333333333333
overall,all_cells,ideal_shot,512,noise_augmented_lira,16,0.01,10,0.009666666666666667,0.008666666666666666,0.0137,0.024666666666666667,0.021333333333333333,0.027033333333333333
overall,all_cells,ideal_shot,512,noise_augmented_lira,16,0.05,10,0.052000000000000005,0.046233333333333335,0.05533333333333333,0.10300000000000001,0.09403333333333333,0.11316666666666667
overall,all_cells,ideal_shot,512,noise_augmented_lira,4,0.01,10,0.01,0.007266666666666667,0.012366666666666666,0.018333333333333333,0.016666666666666666,0.020666666666666667
overall,all_cells,ideal_shot,512,noise_augmented_lira,4,0.05,10,0.05433333333333333,0.04793333333333333,0.0577,0.06833333333333333,0.06363333333333333,0.078
overall,all_cells,ideal_shot,512,noise_augmented_lira,8,0.01,10,0.009666666666666667,0.0066,0.013033333333333333,0.02666666666666667,0.022233333333333334,0.02903333333333333
overall,all_cells,ideal_shot,512,noise_augmented_lira,8,0.05,10,0.04766666666666666,0.04326666666666666,0.058866666666666664,0.091,0.08293333333333333,0.09473333333333334
overall,all_cells,noisy_shot,1024,affine_channel_lira,16,0.01,10,0.012,0.010666666666666666,0.012666666666666666,0.024333333333333332,0.024,0.026433333333333333
overall,all_cells,noisy_shot,1024,affine_channel_lira,16,0.05,10,0.052,0.0486,0.05673333333333333,0.10666666666666667,0.10010000000000001,0.11176666666666667
overall,all_cells,noisy_shot,1024,affine_channel_lira,4,0.01,10,0.011,0.007933333333333334,0.012666666666666666,0.017,0.015933333333333334,0.020366666666666665
overall,all_cells,noisy_shot,1024,affine_channel_lira,4,0.05,10,0.05333333333333334,0.0486,0.05703333333333333,0.07266666666666667,0.07023333333333333,0.0774
overall,all_cells,noisy_shot,1024,affine_channel_lira,8,0.01,10,0.010333333333333333,0.006833333333333334,0.012366666666666666,0.029666666666666668,0.02666666666666667,0.03333333333333333
overall,all_cells,noisy_shot,1024,affine_channel_lira,8,0.05,10,0.052000000000000005,0.05,0.0571,0.09433333333333334,0.08816666666666667,0.10049999999999999
overall,all_cells,noisy_shot,1024,deconvolved_lira,16,0.01,10,0.012333333333333333,0.008966666666666666,0.014066666666666665,0.020666666666666667,0.0183,0.023033333333333333
overall,all_cells,noisy_shot,1024,deconvolved_lira,16,0.05,10,0.052000000000000005,0.0464,0.0554,0.09033333333333333,0.0855,0.09436666666666667
overall,all_cells,noisy_shot,1024,deconvolved_lira,4,0.01,10,0.012666666666666666,0.010666666666666666,0.015399999999999999,0.014333333333333333,0.011866666666666668,0.01703333333333333
overall,all_cells,noisy_shot,1024,deconvolved_lira,4,0.05,10,0.050666666666666665,0.04786666666666667,0.05606666666666666,0.050333333333333334,0.047266666666666665,0.05626666666666666
overall,all_cells,noisy_shot,1024,deconvolved_lira,8,0.01,10,0.012333333333333333,0.009633333333333334,0.015399999999999999,0.016666666666666666,0.013633333333333334,0.021766666666666667
overall,all_cells,noisy_shot,1024,deconvolved_lira,8,0.05,10,0.051666666666666666,0.0463,0.061766666666666664,0.07500000000000001,0.0692,0.07806666666666666
overall,all_cells,noisy_shot,1024,empirical_channel_lira,16,0.01,10,0.012333333333333333,0.011266666666666666,0.015033333333333333,0.02666666666666667,0.024,0.028666666666666667
overall,all_cells,noisy_shot,1024,empirical_channel_lira,16,0.05,10,0.05,0.04823333333333333,0.055766666666666666,0.09566666666666668,0.08933333333333333,0.10279999999999999
overall,all_cells,noisy_shot,1024,empirical_channel_lira,4,0.01,10,0.010333333333333333,0.007333333333333333,0.012366666666666666,0.018666666666666665,0.016233333333333332,0.022066666666666665
overall,all_cells,noisy_shot,1024,empirical_channel_lira,4,0.05,10,0.051333333333333335,0.049633333333333335,0.055099999999999996,0.079,0.07423333333333333,0.08243333333333333
overall,all_cells,noisy_shot,1024,empirical_channel_lira,8,0.01,10,0.011666666666666665,0.0086,0.013333333333333334,0.023,0.019933333333333334,0.02503333333333333
overall,all_cells,noisy_shot,1024,empirical_channel_lira,8,0.05,10,0.051000000000000004,0.04593333333333333,0.05729999999999999,0.1,0.09163333333333333,0.10673333333333333
overall,all_cells,noisy_shot,1024,latent_lira_mismatched,16,0.01,10,0.011666666666666667,0.0106,0.014066666666666665,0.021333333333333333,0.018666666666666668,0.023333333333333334
overall,all_cells,noisy_shot,1024,latent_lira_mismatched,16,0.05,10,0.05333333333333333,0.047733333333333336,0.059899999999999995,0.092,0.08276666666666667,0.09503333333333333
overall,all_cells,noisy_shot,1024,latent_lira_mismatched,4,0.01,10,0.012,0.01,0.014,0.016,0.0143,0.018433333333333333
overall,all_cells,noisy_shot,1024,latent_lira_mismatched,4,0.05,10,0.051666666666666666,0.04786666666666667,0.0537,0.04566666666666667,0.042,0.051399999999999994
overall,all_cells,noisy_shot,1024,latent_lira_mismatched,8,0.01,10,0.012,0.008966666666666666,0.016066666666666663,0.017666666666666664,0.012666666666666666,0.019033333333333333
overall,all_cells,noisy_shot,1024,latent_lira_mismatched,8,0.05,10,0.05333333333333334,0.04733333333333333,0.05636666666666666,0.07533333333333334,0.06733333333333333,0.08226666666666667
overall,all_cells,noisy_shot,1024,loss_mia,0,0.01,10,0.013333333333333334,0.011633333333333334,0.015033333333333333,0.010333333333333333,0.008966666666666666,0.014433333333333331
overall,all_cells,noisy_shot,1024,loss_mia,0,0.05,10,0.05266666666666667,0.047266666666666665,0.0571,0.045,0.0415,0.0508
overall,all_cells,noisy_shot,1024,noise_augmented_lira,16,0.01,10,0.012666666666666666,0.0106,0.0137,0.02366666666666667,0.021333333333333333,0.024666666666666667
overall,all_cells,noisy_shot,1024,noise_augmented_lira,16,0.05,10,0.05266666666666667,0.0463,0.05703333333333333,0.1,0.09223333333333333,0.10339999999999999
overall,all_cells,noisy_shot,1024,noise_augmented_lira,4,0.01,10,0.013333333333333334,0.011266666666666666,0.016666666666666666,0.020666666666666667,0.017933333333333332,0.023333333333333334
overall,all_cells,noisy_shot,1024,noise_augmented_lira,4,0.05,10,0.05133333333333333,0.047266666666666665,0.0557,0.07533333333333334,0.07100000000000001,0.07836666666666667
overall,all_cells,noisy_shot,1024,noise_augmented_lira,8,0.01,10,0.013000000000000001,0.0101,0.0157,0.03266666666666666,0.026966666666666667,0.0368
overall,all_cells,noisy_shot,1024,noise_augmented_lira,8,0.05,10,0.05233333333333333,0.04593333333333333,0.057833333333333334,0.10066666666666667,0.09106666666666667,0.10626666666666666
overall,all_cells,noisy_shot,128,affine_channel_lira,16,0.01,10,0.011,0.0089,0.013766666666666665,0.024,0.020966666666666665,0.025699999999999997
overall,all_cells,noisy_shot,128,affine_channel_lira,16,0.05,10,0.05,0.044533333333333334,0.061233333333333334,0.08566666666666667,0.07913333333333333,0.08866666666666667
overall,all_cells,noisy_shot,128,affine_channel_lira,4,0.01,10,0.010666666666666666,0.0083,0.012366666666666666,0.02,0.0166,0.023166666666666662
overall,all_cells,noisy_shot,128,affine_channel_lira,4,0.05,10,0.051000000000000004,0.04696666666666667,0.05636666666666666,0.06933333333333333,0.06459999999999999,0.07626666666666666
overall,all_cells,noisy_shot,128,affine_channel_lira,8,0.01,10,0.010666666666666666,0.007633333333333333,0.012733333333333333,0.026000000000000002,0.021933333333333332,0.031466666666666664
overall,all_cells,noisy_shot,128,affine_channel_lira,8,0.05,10,0.04933333333333333,0.04253333333333333,0.060366666666666666,0.08366666666666667,0.08,0.09233333333333334
overall,all_cells,noisy_shot,128,deconvolved_lira,16,0.01,10,0.011333333333333334,0.0083,0.0137,0.014333333333333333,0.0123,0.016366666666666665
overall,all_cells,noisy_shot,128,deconvolved_lira,16,0.05,10,0.051666666666666666,0.048299999999999996,0.056,0.06733333333333333,0.060899999999999996,0.07383333333333333
overall,all_cells,noisy_shot,128,deconvolved_lira,4,0.01,10,0.011666666666666667,0.008533333333333334,0.013033333333333333,0.013333333333333334,0.010233333333333334,0.01643333333333333
overall,all_cells,noisy_shot,128,deconvolved_lira,4,0.05,10,0.049666666666666665,0.0438,0.05796666666666666,0.04833333333333333,0.04306666666666666,0.0548
overall,all_cells,noisy_shot,128,deconvolved_lira,8,0.01,10,0.011333333333333334,0.009633333333333334,0.014799999999999997,0.014333333333333333,0.012,0.017166666666666663
overall,all_cells,noisy_shot,128,deconvolved_lira,8,0.05,10,0.05,0.04586666666666667,0.055766666666666666,0.06433333333333333,0.057633333333333335,0.07203333333333332
overall,all_cells,noisy_shot,128,empirical_channel_lira,16,0.01,10,0.012666666666666666,0.01,0.014433333333333331,0.023,0.020966666666666665,0.025333333333333333
overall,all_cells,noisy_shot,128,empirical_channel_lira,16,0.05,10,0.05,0.046233333333333335,0.06086666666666666,0.08299999999999999,0.0775,0.09073333333333333
overall,all_cells,noisy_shot,128,empirical_channel_lira,4,0.01,10,0.011,0.009633333333333334,0.0137,0.02,0.0175,0.025099999999999997
overall,all_cells,noisy_shot,128,empirical_channel_lira,4,0.05,10,0.051666666666666666,0.0452,0.0574,0.07300000000000001,0.06726666666666667,0.07873333333333334
overall,all_cells,noisy_shot,128,empirical_channel_lira,8,0.01,10,0.010666666666666668,0.006966666666666667,0.013399999999999999,0.027333333333333334,0.023633333333333333,0.03063333333333333
overall,all_cells,noisy_shot,128,empirical_channel_lira,8,0.05,10,0.048666666666666664,0.0418,0.057166666666666664,0.08966666666666667,0.08423333333333333,0.09636666666666667
overall,all_cells,noisy_shot,128,latent_lira_mismatched,16,0.01,10,0.011,0.007500000000000001,0.015466666666666663,0.012666666666666666,0.009266666666666666,0.016799999999999995
overall,all_cells,noisy_shot,128,latent_lira_mismatched,16,0.05,10,0.05333333333333333,0.0464,0.059033333333333333,0.06666666666666667,0.058166666666666665,0.0768
overall,all_cells,noisy_shot,128,latent_lira_mismatched,4,0.01,10,0.011,0.008966666666666666,0.0157,0.013000000000000001,0.0103,0.015766666666666665
overall,all_cells,noisy_shot,128,latent_lira_mismatched,4,0.05,10,0.051333333333333335,0.0463,0.05503333333333333,0.044333333333333336,0.03666666666666667,0.05043333333333333
overall,all_cells,noisy_shot,128,latent_lira_mismatched,8,0.01,10,0.010666666666666666,0.009933333333333334,0.014066666666666665,0.013666666666666667,0.0109,0.01783333333333333
overall,all_cells,noisy_shot,128,latent_lira_mismatched,8,0.05,10,0.049666666666666665,0.04393333333333333,0.0639,0.069,0.0601,0.0799
overall,all_cells,noisy_shot,128,loss_mia,0,0.01,10,0.011333333333333334,0.008966666666666666,0.014433333333333331,0.009333333333333334,0.007333333333333333,0.012066666666666665
overall,all_cells,noisy_shot,128,loss_mia,0,0.05,10,0.05266666666666667,0.04253333333333333,0.05873333333333333,0.05366666666666667,0.04853333333333333,0.06289999999999998
overall,all_cells,noisy_shot,128,noise_augmented_lira,16,0.01,10,0.013000000000000001,0.0103,0.015766666666666665,0.020666666666666667,0.0175,0.02413333333333333
overall,all_cells,noisy_shot,128,noise_augmented_lira,16,0.05,10,0.050666666666666665,0.046599999999999996,0.06183333333333333,0.07866666666666666,0.07313333333333333,0.0877
overall,all_cells,noisy_shot,128,noise_augmented_lira,4,0.01,10,0.011,0.0103,0.014666666666666666,0.018666666666666668,0.014833333333333334,0.02413333333333333
overall,all_cells,noisy_shot,128,noise_augmented_lira,4,0.05,10,0.051000000000000004,0.04563333333333333,0.054433333333333334,0.065,0.05906666666666666,0.07236666666666666
overall,all_cells,noisy_shot,128,noise_augmented_lira,8,0.01,10,0.010333333333333333,0.007333333333333333,0.013099999999999999,0.028,0.022966666666666666,0.0311
overall,all_cells,noisy_shot,128,noise_augmented_lira,8,0.05,10,0.051333333333333335,0.04393333333333333,0.05503333333333333,0.08966666666666667,0.0832,0.0939
overall,all_cells,noisy_shot,512,affine_channel_lira,16,0.01,10,0.011666666666666667,0.009633333333333334,0.014799999999999997,0.026,0.0204,0.0274
overall,all_cells,noisy_shot,512,affine_channel_lira,16,0.05,10,0.052333333333333336,0.04823333333333333,0.058366666666666664,0.09866666666666667,0.09266666666666666,0.11113333333333332
overall,all_cells,noisy_shot,512,affine_channel_lira,4,0.01,10,0.010666666666666668,0.0086,0.0137,0.017333333333333333,0.013633333333333334,0.020733333333333333
overall,all_cells,noisy_shot,512,affine_channel_lira,4,0.05,10,0.05333333333333334,0.04733333333333333,0.05703333333333333,0.07133333333333333,0.07066666666666667,0.07619999999999999
overall,all_cells,noisy_shot,512,affine_channel_lira,8,0.01,10,0.010333333333333333,0.0052,0.014066666666666665,0.028333333333333335,0.025333333333333333,0.0317
overall,all_cells,noisy_shot,512,affine_channel_lira,8,0.05,10,0.053000000000000005,0.043333333333333335,0.05733333333333333,0.09133333333333334,0.08896666666666667,0.09863333333333332
overall,all_cells,noisy_shot,512,deconvolved_lira,16,0.01,10,0.011,0.009933333333333334,0.01553333333333333,0.018,0.0146,0.02273333333333333
overall,all_cells,noisy_shot,512,deconvolved_lira,16,0.05,10,0.05233333333333333,0.0478,0.05776666666666666,0.08266666666666667,0.07033333333333333,0.09069999999999999
overall,all_cells,noisy_shot,512,deconvolved_lira,4,0.01,10,0.012333333333333333,0.009866666666666666,0.015766666666666665,0.013333333333333334,0.010833333333333334,0.01783333333333333
overall,all_cells,noisy_shot,512,deconvolved_lira,4,0.05,10,0.051666666666666666,0.04666666666666667,0.055099999999999996,0.050666666666666665,0.04733333333333333,0.053899999999999997
overall,all_cells,noisy_shot,512,deconvolved_lira,8,0.01,10,0.012,0.009633333333333334,0.01703333333333333,0.016666666666666666,0.014966666666666666,0.021699999999999997
overall,all_cells,noisy_shot,512,deconvolved_lira,8,0.05,10,0.05366666666666667,0.04396666666666667,0.0571,0.07233333333333333,0.0643,0.07966666666666666
overall,all_cells,noisy_shot,512,empirical_channel_lira,16,0.01,10,0.013000000000000001,0.0109,0.014733333333333331,0.024333333333333332,0.023333333333333334,0.026366666666666667
overall,all_cells,noisy_shot,512,empirical_channel_lira,16,0.05,10,0.052,0.0475,0.05703333333333333,0.08966666666666667,0.08623333333333333,0.09973333333333333
overall,all_cells,noisy_shot,512,empirical_channel_lira,4,0.01,10,0.011,0.008966666666666666,0.013033333333333333,0.020333333333333335,0.0163,0.02266666666666667
overall,all_cells,noisy_shot,512,empirical_channel_lira,4,0.05,10,0.05333333333333334,0.0463,0.054,0.07666666666666666,0.0724,0.07873333333333334
overall,all_cells,noisy_shot,512,empirical_channel_lira,8,0.01,10,0.011333333333333334,0.008,0.0137,0.02366666666666667,0.019333333333333334,0.028199999999999996
overall,all_cells,noisy_shot,512,empirical_channel_lira,8,0.05,10,0.050333333333333334,0.0446,0.057166666666666664,0.095,0.09223333333333333,0.0977
overall,all_cells,noisy_shot,512,latent_lira_mismatched,16,0.01,10,0.012333333333333333,0.009933333333333334,0.016366666666666665,0.017333333333333333,0.015633333333333332,0.022433333333333333
overall,all_cells,noisy_shot,512,latent_lira_mismatched,16,0.05,10,0.05233333333333333,0.04926666666666667,0.05776666666666666,0.082,0.07563333333333333,0.0929
overall,all_cells,noisy_shot,512,latent_lira_mismatched,4,0.01,10,0.011666666666666667,0.007933333333333334,0.013333333333333334,0.014333333333333333,0.0123,0.016366666666666665
overall,all_cells,noisy_shot,512,latent_lira_mismatched,4,0.05,10,0.052,0.04786666666666667,0.05503333333333333,0.046,0.043333333333333335,0.04733333333333333
overall,all_cells,noisy_shot,512,latent_lira_mismatched,8,0.01,10,0.011333333333333334,0.007266666666666667,0.014799999999999997,0.015,0.012966666666666666,0.018
overall,all_cells,noisy_shot,512,latent_lira_mismatched,8,0.05,10,0.052333333333333336,0.04593333333333333,0.0605,0.07266666666666666,0.06483333333333334,0.07916666666666666
overall,all_cells,noisy_shot,512,loss_mia,0,0.01,10,0.012,0.0092,0.015333333333333332,0.01,0.007866666666666668,0.012666666666666666
overall,all_cells,noisy_shot,512,loss_mia,0,0.05,10,0.05333333333333333,0.0467,0.05813333333333333,0.048,0.04223333333333333,0.055099999999999996
overall,all_cells,noisy_shot,512,noise_augmented_lira,16,0.01,10,0.012,0.0089,0.014733333333333331,0.025,0.02266666666666667,0.02673333333333333
overall,all_cells,noisy_shot,512,noise_augmented_lira,16,0.05,10,0.05233333333333333,0.0486,0.0577,0.09433333333333334,0.08683333333333333,0.10069999999999998
overall,all_cells,noisy_shot,512,noise_augmented_lira,4,0.01,10,0.008666666666666666,0.006,0.010366666666666666,0.017666666666666664,0.0132,0.020066666666666667
overall,all_cells,noisy_shot,512,noise_augmented_lira,4,0.05,10,0.047,0.04186666666666666,0.05006666666666666,0.06733333333333333,0.0629,0.0711
overall,all_cells,noisy_shot,512,noise_augmented_lira,8,0.01,10,0.011666666666666667,0.0086,0.014366666666666666,0.028666666666666667,0.0246,0.0314
overall,all_cells,noisy_shot,512,noise_augmented_lira,8,0.05,10,0.05233333333333333,0.04446666666666667,0.05733333333333333,0.09033333333333333,0.088,0.09686666666666666
