target_id,mode,shots,simulator_seed,transpiler_seed,backend_name,noise_model_loaded,quantum_execution_scope,metric_scope,metric_name,value
MNIST_QNN_eff_su2_r1_d2_s44,exact,0,-1,2026,none,False,exact_full_model,train,target_accuracy,0.800000011920929
MNIST_QNN_eff_su2_r1_d2_s44,exact,0,-1,2026,none,False,exact_full_model,train,target_loss,0.498424232006073
MNIST_QNN_eff_su2_r1_d2_s44,exact,0,-1,2026,none,False,exact_full_model,train,n_records,100.0
MNIST_QNN_eff_su2_r1_d2_s44,exact,0,-1,2026,none,False,exact_full_model,test,target_accuracy,0.7099999785423279
MNIST_QNN_eff_su2_r1_d2_s44,exact,0,-1,2026,none,False,exact_full_model,test,target_loss,0.6355739831924438
MNIST_QNN_eff_su2_r1_d2_s44,exact,0,-1,2026,none,False,exact_full_model,test,n_records,100.0
MNIST_QNN_eff_su2_r1_d2_s44,exact,0,-1,2026,none,False,exact_full_model,membership,loss_auc,0.5421
MNIST_QNN_eff_su2_r1_d2_s44,exact,0,-1,2026,none,False,exact_full_model,membership,entropy_auc,0.4983
MNIST_QNN_eff_su2_r1_d2_s44,exact,0,-1,2026,none,False,exact_full_model,membership,confidence_auc,0.5016999999999999
MNIST_QNN_eff_su2_r1_d2_s44,exact,0,-1,2026,none,False,exact_full_model,membership,margin_auc,0.5125000000000001
MNIST_QNN_eff_su2_r1_d2_s44,exact,0,-1,2026,none,False,exact_full_model,membership,correctness_auc,0.545
MNIST_QNN_eff_su2_r1_d2_s44,exact,0,-1,2026,none,False,exact_full_model,membership,max_probability_auc,0.5016999999999999
MNIST_QNN_eff_su2_r1_d2_s44,exact,0,-1,2026,none,False,exact_full_model,target,generalization_gap_accuracy,0.09000003337860107
MNIST_QNN_eff_su2_r1_d2_s44,ideal_shot,128,0,2026,ibm_kingston,False,full_main_quantum_stack,train,target_accuracy,0.6899999976158142
MNIST_QNN_eff_su2_r1_d2_s44,ideal_shot,128,0,2026,ibm_kingston,False,full_main_quantum_stack,train,target_loss,0.7875674962997437
MNIST_QNN_eff_su2_r1_d2_s44,ideal_shot,128,0,2026,ibm_kingston,False,full_main_quantum_stack,train,n_records,100.0
MNIST_QNN_eff_su2_r1_d2_s44,ideal_shot,128,0,2026,ibm_kingston,False,full_main_quantum_stack,test,target_accuracy,0.6299999952316284
MNIST_QNN_eff_su2_r1_d2_s44,ideal_shot,128,0,2026,ibm_kingston,False,full_main_quantum_stack,test,target_loss,0.8868400454521179
MNIST_QNN_eff_su2_r1_d2_s44,ideal_shot,128,0,2026,ibm_kingston,False,full_main_quantum_stack,test,n_records,100.0
MNIST_QNN_eff_su2_r1_d2_s44,ideal_shot,128,0,2026,ibm_kingston,False,full_main_quantum_stack,membership,loss_auc,0.5111
MNIST_QNN_eff_su2_r1_d2_s44,ideal_shot,128,0,2026,ibm_kingston,False,full_main_quantum_stack,membership,entropy_auc,0.43960000000000005
MNIST_QNN_eff_su2_r1_d2_s44,ideal_shot,128,0,2026,ibm_kingston,False,full_main_quantum_stack,membership,confidence_auc,0.4515
MNIST_QNN_eff_su2_r1_d2_s44,ideal_shot,128,0,2026,ibm_kingston,False,full_main_quantum_stack,membership,margin_auc,0.4511
MNIST_QNN_eff_su2_r1_d2_s44,ideal_shot,128,0,2026,ibm_kingston,False,full_main_quantum_stack,membership,correctness_auc,0.53
MNIST_QNN_eff_su2_r1_d2_s44,ideal_shot,128,0,2026,ibm_kingston,False,full_main_quantum_stack,membership,max_probability_auc,0.4515
MNIST_QNN_eff_su2_r1_d2_s44,ideal_shot,128,0,2026,ibm_kingston,False,full_main_quantum_stack,target,generalization_gap_accuracy,0.06000000238418579
MNIST_QNN_eff_su2_r1_d2_s44,ideal_shot,128,1,2026,ibm_kingston,False,full_main_quantum_stack,train,target_accuracy,0.6800000071525574
MNIST_QNN_eff_su2_r1_d2_s44,ideal_shot,128,1,2026,ibm_kingston,False,full_main_quantum_stack,train,target_loss,0.7347795963287354
MNIST_QNN_eff_su2_r1_d2_s44,ideal_shot,128,1,2026,ibm_kingston,False,full_main_quantum_stack,train,n_records,100.0
MNIST_QNN_eff_su2_r1_d2_s44,ideal_shot,128,1,2026,ibm_kingston,False,full_main_quantum_stack,test,target_accuracy,0.6200000047683716
MNIST_QNN_eff_su2_r1_d2_s44,ideal_shot,128,1,2026,ibm_kingston,False,full_main_quantum_stack,test,target_loss,0.8381072878837585
MNIST_QNN_eff_su2_r1_d2_s44,ideal_shot,128,1,2026,ibm_kingston,False,full_main_quantum_stack,test,n_records,100.0
MNIST_QNN_eff_su2_r1_d2_s44,ideal_shot,128,1,2026,ibm_kingston,False,full_main_quantum_stack,membership,loss_auc,0.5044
MNIST_QNN_eff_su2_r1_d2_s44,ideal_shot,128,1,2026,ibm_kingston,False,full_main_quantum_stack,membership,entropy_auc,0.4714
MNIST_QNN_eff_su2_r1_d2_s44,ideal_shot,128,1,2026,ibm_kingston,False,full_main_quantum_stack,membership,confidence_auc,0.4608
MNIST_QNN_eff_su2_r1_d2_s44,ideal_shot,128,1,2026,ibm_kingston,False,full_main_quantum_stack,membership,margin_auc,0.45979999999999993
MNIST_QNN_eff_su2_r1_d2_s44,ideal_shot,128,1,2026,ibm_kingston,False,full_main_quantum_stack,membership,correctness_auc,0.53
MNIST_QNN_eff_su2_r1_d2_s44,ideal_shot,128,1,2026,ibm_kingston,False,full_main_quantum_stack,membership,max_probability_auc,0.4608
MNIST_QNN_eff_su2_r1_d2_s44,ideal_shot,128,1,2026,ibm_kingston,False,full_main_quantum_stack,target,generalization_gap_accuracy,0.06000000238418579
MNIST_QNN_eff_su2_r1_d2_s44,ideal_shot,128,2,2026,ibm_kingston,False,full_main_quantum_stack,train,target_accuracy,0.6499999761581421
MNIST_QNN_eff_su2_r1_d2_s44,ideal_shot,128,2,2026,ibm_kingston,False,full_main_quantum_stack,train,target_loss,0.9320732355117798
MNIST_QNN_eff_su2_r1_d2_s44,ideal_shot,128,2,2026,ibm_kingston,False,full_main_quantum_stack,train,n_records,100.0
MNIST_QNN_eff_su2_r1_d2_s44,ideal_shot,128,2,2026,ibm_kingston,False,full_main_quantum_stack,test,target_accuracy,0.6299999952316284
MNIST_QNN_eff_su2_r1_d2_s44,ideal_shot,128,2,2026,ibm_kingston,False,full_main_quantum_stack,test,target_loss,0.9214929938316345
MNIST_QNN_eff_su2_r1_d2_s44,ideal_shot,128,2,2026,ibm_kingston,False,full_main_quantum_stack,test,n_records,100.0
MNIST_QNN_eff_su2_r1_d2_s44,ideal_shot,128,2,2026,ibm_kingston,False,full_main_quantum_stack,membership,loss_auc,0.5061
MNIST_QNN_eff_su2_r1_d2_s44,ideal_shot,128,2,2026,ibm_kingston,False,full_main_quantum_stack,membership,entropy_auc,0.5019
MNIST_QNN_eff_su2_r1_d2_s44,ideal_shot,128,2,2026,ibm_kingston,False,full_main_quantum_stack,membership,confidence_auc,0.49670000000000003
MNIST_QNN_eff_su2_r1_d2_s44,ideal_shot,128,2,2026,ibm_kingston,False,full_main_quantum_stack,membership,margin_auc,0.4974
MNIST_QNN_eff_su2_r1_d2_s44,ideal_shot,128,2,2026,ibm_kingston,False,full_main_quantum_stack,membership,correctness_auc,0.51
MNIST_QNN_eff_su2_r1_d2_s44,ideal_shot,128,2,2026,ibm_kingston,False,full_main_quantum_stack,membership,max_probability_auc,0.49670000000000003
MNIST_QNN_eff_su2_r1_d2_s44,ideal_shot,128,2,2026,ibm_kingston,False,full_main_quantum_stack,target,generalization_gap_accuracy,0.019999980926513672
MNIST_QNN_eff_su2_r1_d2_s44,ideal_shot,128,3,2026,ibm_kingston,False,full_main_quantum_stack,train,target_accuracy,0.6800000071525574
MNIST_QNN_eff_su2_r1_d2_s44,ideal_shot,128,3,2026,ibm_kingston,False,full_main_quantum_stack,train,target_loss,0.867950439453125
MNIST_QNN_eff_su2_r1_d2_s44,ideal_shot,128,3,2026,ibm_kingston,False,full_main_quantum_stack,train,n_records,100.0
MNIST_QNN_eff_su2_r1_d2_s44,ideal_shot,128,3,2026,ibm_kingston,False,full_main_quantum_stack,test,target_accuracy,0.5099999904632568
MNIST_QNN_eff_su2_r1_d2_s44,ideal_shot,128,3,2026,ibm_kingston,False,full_main_quantum_stack,test,target_loss,1.010380744934082
MNIST_QNN_eff_su2_r1_d2_s44,ideal_shot,128,3,2026,ibm_kingston,False,full_main_quantum_stack,test,n_records,100.0
MNIST_QNN_eff_su2_r1_d2_s44,ideal_shot,128,3,2026,ibm_kingston,False,full_main_quantum_stack,membership,loss_auc,0.5443
MNIST_QNN_eff_su2_r1_d2_s44,ideal_shot,128,3,2026,ibm_kingston,False,full_main_quantum_stack,membership,entropy_auc,0.49229999999999996
MNIST_QNN_eff_su2_r1_d2_s44,ideal_shot,128,3,2026,ibm_kingston,False,full_main_quantum_stack,membership,confidence_auc,0.48510000000000003
MNIST_QNN_eff_su2_r1_d2_s44,ideal_shot,128,3,2026,ibm_kingston,False,full_main_quantum_stack,membership,margin_auc,0.48319999999999996
MNIST_QNN_eff_su2_r1_d2_s44,ideal_shot,128,3,2026,ibm_kingston,False,full_main_quantum_stack,membership,correctness_auc,0.5850000000000001
MNIST_QNN_eff_su2_r1_d2_s44,ideal_shot,128,3,2026,ibm_kingston,False,full_main_quantum_stack,membership,max_probability_auc,0.48510000000000003
MNIST_QNN_eff_su2_r1_d2_s44,ideal_shot,128,3,2026,ibm_kingston,False,full_main_quantum_stack,target,generalization_gap_accuracy,0.17000001668930054
MNIST_QNN_eff_su2_r1_d2_s44,ideal_shot,128,4,2026,ibm_kingston,False,full_main_quantum_stack,train,target_accuracy,0.6800000071525574
MNIST_QNN_eff_su2_r1_d2_s44,ideal_shot,128,4,2026,ibm_kingston,False,full_main_quantum_stack,train,target_loss,0.7734175324440002
MNIST_QNN_eff_su2_r1_d2_s44,ideal_shot,128,4,2026,ibm_kingston,False,full_main_quantum_stack,train,n_records,100.0
MNIST_QNN_eff_su2_r1_d2_s44,ideal_shot,128,4,2026,ibm_kingston,False,full_main_quantum_stack,test,target_accuracy,0.6700000166893005
MNIST_QNN_eff_su2_r1_d2_s44,ideal_shot,128,4,2026,ibm_kingston,False,full_main_quantum_stack,test,target_loss,0.8764084577560425
MNIST_QNN_eff_su2_r1_d2_s44,ideal_shot,128,4,2026,ibm_kingston,False,full_main_quantum_stack,test,n_records,100.0
MNIST_QNN_eff_su2_r1_d2_s44,ideal_shot,128,4,2026,ibm_kingston,False,full_main_quantum_stack,membership,loss_auc,0.5202
MNIST_QNN_eff_su2_r1_d2_s44,ideal_shot,128,4,2026,ibm_kingston,False,full_main_quantum_stack,membership,entropy_auc,0.4974
MNIST_QNN_eff_su2_r1_d2_s44,ideal_shot,128,4,2026,ibm_kingston,False,full_main_quantum_stack,membership,confidence_auc,0.5048999999999999
MNIST_QNN_eff_su2_r1_d2_s44,ideal_shot,128,4,2026,ibm_kingston,False,full_main_quantum_stack,membership,margin_auc,0.505
MNIST_QNN_eff_su2_r1_d2_s44,ideal_shot,128,4,2026,ibm_kingston,False,full_main_quantum_stack,membership,correctness_auc,0.505
MNIST_QNN_eff_su2_r1_d2_s44,ideal_shot,128,4,2026,ibm_kingston,False,full_main_quantum_stack,membership,max_probability_auc,0.5048999999999999
MNIST_QNN_eff_su2_r1_d2_s44,ideal_shot,128,4,2026,ibm_kingston,False,full_main_quantum_stack,target,generalization_gap_accuracy,0.009999990463256836
MNIST_QNN_eff_su2_r1_d2_s44,ideal_shot,128,5,2026,ibm_kingston,False,full_main_quantum_stack,train,target_accuracy,0.6499999761581421
MNIST_QNN_eff_su2_r1_d2_s44,ideal_shot,128,5,2026,ibm_kingston,False,full_main_quantum_stack,train,target_loss,0.8981186151504517
MNIST_QNN_eff_su2_r1_d2_s44,ideal_shot,128,5,2026,ibm_kingston,False,full_main_quantum_stack,train,n_records,100.0
MNIST_QNN_eff_su2_r1_d2_s44,ideal_shot,128,5,2026,ibm_kingston,False,full_main_quantum_stack,test,target_accuracy,0.5899999737739563
MNIST_QNN_eff_su2_r1_d2_s44,ideal_shot,128,5,2026,ibm_kingston,False,full_main_quantum_stack,test,target_loss,0.8237367868423462
MNIST_QNN_eff_su2_r1_d2_s44,ideal_shot,128,5,2026,ibm_kingston,False,full_main_quantum_stack,test,n_records,100.0
MNIST_QNN_eff_su2_r1_d2_s44,ideal_shot,128,5,2026,ibm_kingston,False,full_main_quantum_stack,membership,loss_auc,0.5144
MNIST_QNN_eff_su2_r1_d2_s44,ideal_shot,128,5,2026,ibm_kingston,False,full_main_quantum_stack,membership,entropy_auc,0.5214
MNIST_QNN_eff_su2_r1_d2_s44,ideal_shot,128,5,2026,ibm_kingston,False,full_main_quantum_stack,membership,confidence_auc,0.5237
MNIST_QNN_eff_su2_r1_d2_s44,ideal_shot,128,5,2026,ibm_kingston,False,full_main_quantum_stack,membership,margin_auc,0.519
MNIST_QNN_eff_su2_r1_d2_s44,ideal_shot,128,5,2026,ibm_kingston,False,full_main_quantum_stack,membership,correctness_auc,0.53
MNIST_QNN_eff_su2_r1_d2_s44,ideal_shot,128,5,2026,ibm_kingston,False,full_main_quantum_stack,membership,max_probability_auc,0.5237
MNIST_QNN_eff_su2_r1_d2_s44,ideal_shot,128,5,2026,ibm_kingston,False,full_main_quantum_stack,target,generalization_gap_accuracy,0.06000000238418579
MNIST_QNN_eff_su2_r1_d2_s44,ideal_shot,128,6,2026,ibm_kingston,False,full_main_quantum_stack,train,target_accuracy,0.7300000190734863
MNIST_QNN_eff_su2_r1_d2_s44,ideal_shot,128,6,2026,ibm_kingston,False,full_main_quantum_stack,train,target_loss,0.7451145648956299
MNIST_QNN_eff_su2_r1_d2_s44,ideal_shot,128,6,2026,ibm_kingston,False,full_main_quantum_stack,train,n_records,100.0
MNIST_QNN_eff_su2_r1_d2_s44,ideal_shot,128,6,2026,ibm_kingston,False,full_main_quantum_stack,test,target_accuracy,0.6200000047683716
MNIST_QNN_eff_su2_r1_d2_s44,ideal_shot,128,6,2026,ibm_kingston,False,full_main_quantum_stack,test,target_loss,0.8981629014015198
MNIST_QNN_eff_su2_r1_d2_s44,ideal_shot,128,6,2026,ibm_kingston,False,full_main_quantum_stack,test,n_records,100.0
MNIST_QNN_eff_su2_r1_d2_s44,ideal_shot,128,6,2026,ibm_kingston,False,full_main_quantum_stack,membership,loss_auc,0.5532999999999999
MNIST_QNN_eff_su2_r1_d2_s44,ideal_shot,128,6,2026,ibm_kingston,False,full_main_quantum_stack,membership,entropy_auc,0.497
MNIST_QNN_eff_su2_r1_d2_s44,ideal_shot,128,6,2026,ibm_kingston,False,full_main_quantum_stack,membership,confidence_auc,0.5033
MNIST_QNN_eff_su2_r1_d2_s44,ideal_shot,128,6,2026,ibm_kingston,False,full_main_quantum_stack,membership,margin_auc,0.499
MNIST_QNN_eff_su2_r1_d2_s44,ideal_shot,128,6,2026,ibm_kingston,False,full_main_quantum_stack,membership,correctness_auc,0.5549999999999999
MNIST_QNN_eff_su2_r1_d2_s44,ideal_shot,128,6,2026,ibm_kingston,False,full_main_quantum_stack,membership,max_probability_auc,0.5033
MNIST_QNN_eff_su2_r1_d2_s44,ideal_shot,128,6,2026,ibm_kingston,False,full_main_quantum_stack,target,generalization_gap_accuracy,0.11000001430511475
MNIST_QNN_eff_su2_r1_d2_s44,ideal_shot,128,7,2026,ibm_kingston,False,full_main_quantum_stack,train,target_accuracy,0.6700000166893005
MNIST_QNN_eff_su2_r1_d2_s44,ideal_shot,128,7,2026,ibm_kingston,False,full_main_quantum_stack,train,target_loss,0.7484016418457031
MNIST_QNN_eff_su2_r1_d2_s44,ideal_shot,128,7,2026,ibm_kingston,False,full_main_quantum_stack,train,n_records,100.0
MNIST_QNN_eff_su2_r1_d2_s44,ideal_shot,128,7,2026,ibm_kingston,False,full_main_quantum_stack,test,target_accuracy,0.5899999737739563
MNIST_QNN_eff_su2_r1_d2_s44,ideal_shot,128,7,2026,ibm_kingston,False,full_main_quantum_stack,test,target_loss,0.9988463521003723
MNIST_QNN_eff_su2_r1_d2_s44,ideal_shot,128,7,2026,ibm_kingston,False,full_main_quantum_stack,test,n_records,100.0
MNIST_QNN_eff_su2_r1_d2_s44,ideal_shot,128,7,2026,ibm_kingston,False,full_main_quantum_stack,membership,loss_auc,0.5712999999999999
MNIST_QNN_eff_su2_r1_d2_s44,ideal_shot,128,7,2026,ibm_kingston,False,full_main_quantum_stack,membership,entropy_auc,0.5159
MNIST_QNN_eff_su2_r1_d2_s44,ideal_shot,128,7,2026,ibm_kingston,False,full_main_quantum_stack,membership,confidence_auc,0.5125
MNIST_QNN_eff_su2_r1_d2_s44,ideal_shot,128,7,2026,ibm_kingston,False,full_main_quantum_stack,membership,margin_auc,0.5192000000000001
MNIST_QNN_eff_su2_r1_d2_s44,ideal_shot,128,7,2026,ibm_kingston,False,full_main_quantum_stack,membership,correctness_auc,0.54
MNIST_QNN_eff_su2_r1_d2_s44,ideal_shot,128,7,2026,ibm_kingston,False,full_main_quantum_stack,membership,max_probability_auc,0.5125
MNIST_QNN_eff_su2_r1_d2_s44,ideal_shot,128,7,2026,ibm_kingston,False,full_main_quantum_stack,target,generalization_gap_accuracy,0.08000004291534424
MNIST_QNN_eff_su2_r1_d2_s44,ideal_shot,128,8,2026,ibm_kingston,False,full_main_quantum_stack,train,target_accuracy,0.6800000071525574
MNIST_QNN_eff_su2_r1_d2_s44,ideal_shot,128,8,2026,ibm_kingston,False,full_main_quantum_stack,train,target_loss,0.860049307346344
MNIST_QNN_eff_su2_r1_d2_s44,ideal_shot,128,8,2026,ibm_kingston,False,full_main_quantum_stack,train,n_records,100.0
MNIST_QNN_eff_su2_r1_d2_s44,ideal_shot,128,8,2026,ibm_kingston,False,full_main_quantum_stack,test,target_accuracy,0.5799999833106995
MNIST_QNN_eff_su2_r1_d2_s44,ideal_shot,128,8,2026,ibm_kingston,False,full_main_quantum_stack,test,target_loss,0.936850368976593
MNIST_QNN_eff_su2_r1_d2_s44,ideal_shot,128,8,2026,ibm_kingston,False,full_main_quantum_stack,test,n_records,100.0
MNIST_QNN_eff_su2_r1_d2_s44,ideal_shot,128,8,2026,ibm_kingston,False,full_main_quantum_stack,membership,loss_auc,0.5355
MNIST_QNN_eff_su2_r1_d2_s44,ideal_shot,128,8,2026,ibm_kingston,False,full_main_quantum_stack,membership,entropy_auc,0.49539999999999995
MNIST_QNN_eff_su2_r1_d2_s44,ideal_shot,128,8,2026,ibm_kingston,False,full_main_quantum_stack,membership,confidence_auc,0.49789999999999995
MNIST_QNN_eff_su2_r1_d2_s44,ideal_shot,128,8,2026,ibm_kingston,False,full_main_quantum_stack,membership,margin_auc,0.5003
MNIST_QNN_eff_su2_r1_d2_s44,ideal_shot,128,8,2026,ibm_kingston,False,full_main_quantum_stack,membership,correctness_auc,0.55
MNIST_QNN_eff_su2_r1_d2_s44,ideal_shot,128,8,2026,ibm_kingston,False,full_main_quantum_stack,membership,max_probability_auc,0.49789999999999995
MNIST_QNN_eff_su2_r1_d2_s44,ideal_shot,128,8,2026,ibm_kingston,False,full_main_quantum_stack,target,generalization_gap_accuracy,0.10000002384185791
MNIST_QNN_eff_su2_r1_d2_s44,ideal_shot,128,9,2026,ibm_kingston,False,full_main_quantum_stack,train,target_accuracy,0.7200000286102295
MNIST_QNN_eff_su2_r1_d2_s44,ideal_shot,128,9,2026,ibm_kingston,False,full_main_quantum_stack,train,target_loss,0.6762701272964478
MNIST_QNN_eff_su2_r1_d2_s44,ideal_shot,128,9,2026,ibm_kingston,False,full_main_quantum_stack,train,n_records,100.0
MNIST_QNN_eff_su2_r1_d2_s44,ideal_shot,128,9,2026,ibm_kingston,False,full_main_quantum_stack,test,target_accuracy,0.6000000238418579
MNIST_QNN_eff_su2_r1_d2_s44,ideal_shot,128,9,2026,ibm_kingston,False,full_main_quantum_stack,test,target_loss,0.8490850329399109
MNIST_QNN_eff_su2_r1_d2_s44,ideal_shot,128,9,2026,ibm_kingston,False,full_main_quantum_stack,test,n_records,100.0
MNIST_QNN_eff_su2_r1_d2_s44,ideal_shot,128,9,2026,ibm_kingston,False,full_main_quantum_stack,membership,loss_auc,0.5439
MNIST_QNN_eff_su2_r1_d2_s44,ideal_shot,128,9,2026,ibm_kingston,False,full_main_quantum_stack,membership,entropy_auc,0.4923
MNIST_QNN_eff_su2_r1_d2_s44,ideal_shot,128,9,2026,ibm_kingston,False,full_main_quantum_stack,membership,confidence_auc,0.4957
MNIST_QNN_eff_su2_r1_d2_s44,ideal_shot,128,9,2026,ibm_kingston,False,full_main_quantum_stack,membership,margin_auc,0.5001
MNIST_QNN_eff_su2_r1_d2_s44,ideal_shot,128,9,2026,ibm_kingston,False,full_main_quantum_stack,membership,correctness_auc,0.56
MNIST_QNN_eff_su2_r1_d2_s44,ideal_shot,128,9,2026,ibm_kingston,False,full_main_quantum_stack,membership,max_probability_auc,0.4957
MNIST_QNN_eff_su2_r1_d2_s44,ideal_shot,128,9,2026,ibm_kingston,False,full_main_quantum_stack,target,generalization_gap_accuracy,0.12000000476837158
MNIST_QNN_eff_su2_r1_d2_s44,ideal_shot,512,0,2026,ibm_kingston,False,full_main_quantum_stack,train,target_accuracy,0.7599999904632568
MNIST_QNN_eff_su2_r1_d2_s44,ideal_shot,512,0,2026,ibm_kingston,False,full_main_quantum_stack,train,target_loss,0.5683589577674866
MNIST_QNN_eff_su2_r1_d2_s44,ideal_shot,512,0,2026,ibm_kingston,False,full_main_quantum_stack,train,n_records,100.0
MNIST_QNN_eff_su2_r1_d2_s44,ideal_shot,512,0,2026,ibm_kingston,False,full_main_quantum_stack,test,target_accuracy,0.7200000286102295
MNIST_QNN_eff_su2_r1_d2_s44,ideal_shot,512,0,2026,ibm_kingston,False,full_main_quantum_stack,test,target_loss,0.6618884205818176
MNIST_QNN_eff_su2_r1_d2_s44,ideal_shot,512,0,2026,ibm_kingston,False,full_main_quantum_stack,test,n_records,100.0
MNIST_QNN_eff_su2_r1_d2_s44,ideal_shot,512,0,2026,ibm_kingston,False,full_main_quantum_stack,membership,loss_auc,0.5195000000000001
MNIST_QNN_eff_su2_r1_d2_s44,ideal_shot,512,0,2026,ibm_kingston,False,full_main_quantum_stack,membership,entropy_auc,0.4868
MNIST_QNN_eff_su2_r1_d2_s44,ideal_shot,512,0,2026,ibm_kingston,False,full_main_quantum_stack,membership,confidence_auc,0.4888
MNIST_QNN_eff_su2_r1_d2_s44,ideal_shot,512,0,2026,ibm_kingston,False,full_main_quantum_stack,membership,margin_auc,0.4930999999999999
MNIST_QNN_eff_su2_r1_d2_s44,ideal_shot,512,0,2026,ibm_kingston,False,full_main_quantum_stack,membership,correctness_auc,0.52
MNIST_QNN_eff_su2_r1_d2_s44,ideal_shot,512,0,2026,ibm_kingston,False,full_main_quantum_stack,membership,max_probability_auc,0.4888
MNIST_QNN_eff_su2_r1_d2_s44,ideal_shot,512,0,2026,ibm_kingston,False,full_main_quantum_stack,target,generalization_gap_accuracy,0.039999961853027344
MNIST_QNN_eff_su2_r1_d2_s44,ideal_shot,512,1,2026,ibm_kingston,False,full_main_quantum_stack,train,target_accuracy,0.8199999928474426
MNIST_QNN_eff_su2_r1_d2_s44,ideal_shot,512,1,2026,ibm_kingston,False,full_main_quantum_stack,train,target_loss,0.544396162033081
MNIST_QNN_eff_su2_r1_d2_s44,ideal_shot,512,1,2026,ibm_kingston,False,full_main_quantum_stack,train,n_records,100.0
MNIST_QNN_eff_su2_r1_d2_s44,ideal_shot,512,1,2026,ibm_kingston,False,full_main_quantum_stack,test,target_accuracy,0.6200000047683716
MNIST_QNN_eff_su2_r1_d2_s44,ideal_shot,512,1,2026,ibm_kingston,False,full_main_quantum_stack,test,target_loss,0.6456608772277832
MNIST_QNN_eff_su2_r1_d2_s44,ideal_shot,512,1,2026,ibm_kingston,False,full_main_quantum_stack,test,n_records,100.0
MNIST_QNN_eff_su2_r1_d2_s44,ideal_shot,512,1,2026,ibm_kingston,False,full_main_quantum_stack,membership,loss_auc,0.5313000000000001
MNIST_QNN_eff_su2_r1_d2_s44,ideal_shot,512,1,2026,ibm_kingston,False,full_main_quantum_stack,membership,entropy_auc,0.4822
MNIST_QNN_eff_su2_r1_d2_s44,ideal_shot,512,1,2026,ibm_kingston,False,full_main_quantum_stack,membership,confidence_auc,0.48059999999999997
MNIST_QNN_eff_su2_r1_d2_s44,ideal_shot,512,1,2026,ibm_kingston,False,full_main_quantum_stack,membership,margin_auc,0.4866
MNIST_QNN_eff_su2_r1_d2_s44,ideal_shot,512,1,2026,ibm_kingston,False,full_main_quantum_stack,membership,correctness_auc,0.6
MNIST_QNN_eff_su2_r1_d2_s44,ideal_shot,512,1,2026,ibm_kingston,False,full_main_quantum_stack,membership,max_probability_auc,0.48059999999999997
MNIST_QNN_eff_su2_r1_d2_s44,ideal_shot,512,1,2026,ibm_kingston,False,full_main_quantum_stack,target,generalization_gap_accuracy,0.19999998807907104
MNIST_QNN_eff_su2_r1_d2_s44,ideal_shot,512,2,2026,ibm_kingston,False,full_main_quantum_stack,train,target_accuracy,0.7699999809265137
MNIST_QNN_eff_su2_r1_d2_s44,ideal_shot,512,2,2026,ibm_kingston,False,full_main_quantum_stack,train,target_loss,0.6062136292457581
MNIST_QNN_eff_su2_r1_d2_s44,ideal_shot,512,2,2026,ibm_kingston,False,full_main_quantum_stack,train,n_records,100.0
MNIST_QNN_eff_su2_r1_d2_s44,ideal_shot,512,2,2026,ibm_kingston,False,full_main_quantum_stack,test,target_accuracy,0.6899999976158142
MNIST_QNN_eff_su2_r1_d2_s44,ideal_shot,512,2,2026,ibm_kingston,False,full_main_quantum_stack,test,target_loss,0.6807495951652527
MNIST_QNN_eff_su2_r1_d2_s44,ideal_shot,512,2,2026,ibm_kingston,False,full_main_quantum_stack,test,n_records,100.0
MNIST_QNN_eff_su2_r1_d2_s44,ideal_shot,512,2,2026,ibm_kingston,False,full_main_quantum_stack,membership,loss_auc,0.5137
MNIST_QNN_eff_su2_r1_d2_s44,ideal_shot,512,2,2026,ibm_kingston,False,full_main_quantum_stack,membership,entropy_auc,0.48640000000000005
MNIST_QNN_eff_su2_r1_d2_s44,ideal_shot,512,2,2026,ibm_kingston,False,full_main_quantum_stack,membership,confidence_auc,0.4883
MNIST_QNN_eff_su2_r1_d2_s44,ideal_shot,512,2,2026,ibm_kingston,False,full_main_quantum_stack,membership,margin_auc,0.49279999999999996
MNIST_QNN_eff_su2_r1_d2_s44,ideal_shot,512,2,2026,ibm_kingston,False,full_main_quantum_stack,membership,correctness_auc,0.54
MNIST_QNN_eff_su2_r1_d2_s44,ideal_shot,512,2,2026,ibm_kingston,False,full_main_quantum_stack,membership,max_probability_auc,0.4883
MNIST_QNN_eff_su2_r1_d2_s44,ideal_shot,512,2,2026,ibm_kingston,False,full_main_quantum_stack,target,generalization_gap_accuracy,0.07999998331069946
MNIST_QNN_eff_su2_r1_d2_s44,ideal_shot,512,3,2026,ibm_kingston,False,full_main_quantum_stack,train,target_accuracy,0.7099999785423279
MNIST_QNN_eff_su2_r1_d2_s44,ideal_shot,512,3,2026,ibm_kingston,False,full_main_quantum_stack,train,target_loss,0.5763337016105652
MNIST_QNN_eff_su2_r1_d2_s44,ideal_shot,512,3,2026,ibm_kingston,False,full_main_quantum_stack,train,n_records,100.0
MNIST_QNN_eff_su2_r1_d2_s44,ideal_shot,512,3,2026,ibm_kingston,False,full_main_quantum_stack,test,target_accuracy,0.6600000262260437
MNIST_QNN_eff_su2_r1_d2_s44,ideal_shot,512,3,2026,ibm_kingston,False,full_main_quantum_stack,test,target_loss,0.735792875289917
MNIST_QNN_eff_su2_r1_d2_s44,ideal_shot,512,3,2026,ibm_kingston,False,full_main_quantum_stack,test,n_records,100.0
MNIST_QNN_eff_su2_r1_d2_s44,ideal_shot,512,3,2026,ibm_kingston,False,full_main_quantum_stack,membership,loss_auc,0.5388
MNIST_QNN_eff_su2_r1_d2_s44,ideal_shot,512,3,2026,ibm_kingston,False,full_main_quantum_stack,membership,entropy_auc,0.5084
MNIST_QNN_eff_su2_r1_d2_s44,ideal_shot,512,3,2026,ibm_kingston,False,full_main_quantum_stack,membership,confidence_auc,0.5118
MNIST_QNN_eff_su2_r1_d2_s44,ideal_shot,512,3,2026,ibm_kingston,False,full_main_quantum_stack,membership,margin_auc,0.5194
MNIST_QNN_eff_su2_r1_d2_s44,ideal_shot,512,3,2026,ibm_kingston,False,full_main_quantum_stack,membership,correctness_auc,0.5249999999999999
MNIST_QNN_eff_su2_r1_d2_s44,ideal_shot,512,3,2026,ibm_kingston,False,full_main_quantum_stack,membership,max_probability_auc,0.5118
MNIST_QNN_eff_su2_r1_d2_s44,ideal_shot,512,3,2026,ibm_kingston,False,full_main_quantum_stack,target,generalization_gap_accuracy,0.04999995231628418
MNIST_QNN_eff_su2_r1_d2_s44,ideal_shot,512,4,2026,ibm_kingston,False,full_main_quantum_stack,train,target_accuracy,0.7799999713897705
MNIST_QNN_eff_su2_r1_d2_s44,ideal_shot,512,4,2026,ibm_kingston,False,full_main_quantum_stack,train,target_loss,0.5358455181121826
MNIST_QNN_eff_su2_r1_d2_s44,ideal_shot,512,4,2026,ibm_kingston,False,full_main_quantum_stack,train,n_records,100.0
MNIST_QNN_eff_su2_r1_d2_s44,ideal_shot,512,4,2026,ibm_kingston,False,full_main_quantum_stack,test,target_accuracy,0.6700000166893005
MNIST_QNN_eff_su2_r1_d2_s44,ideal_shot,512,4,2026,ibm_kingston,False,full_main_quantum_stack,test,target_loss,0.7180697917938232
MNIST_QNN_eff_su2_r1_d2_s44,ideal_shot,512,4,2026,ibm_kingston,False,full_main_quantum_stack,test,n_records,100.0
MNIST_QNN_eff_su2_r1_d2_s44,ideal_shot,512,4,2026,ibm_kingston,False,full_main_quantum_stack,membership,loss_auc,0.5625
MNIST_QNN_eff_su2_r1_d2_s44,ideal_shot,512,4,2026,ibm_kingston,False,full_main_quantum_stack,membership,entropy_auc,0.5242
MNIST_QNN_eff_su2_r1_d2_s44,ideal_shot,512,4,2026,ibm_kingston,False,full_main_quantum_stack,membership,confidence_auc,0.5346
MNIST_QNN_eff_su2_r1_d2_s44,ideal_shot,512,4,2026,ibm_kingston,False,full_main_quantum_stack,membership,margin_auc,0.5427000000000001
MNIST_QNN_eff_su2_r1_d2_s44,ideal_shot,512,4,2026,ibm_kingston,False,full_main_quantum_stack,membership,correctness_auc,0.5549999999999999
MNIST_QNN_eff_su2_r1_d2_s44,ideal_shot,512,4,2026,ibm_kingston,False,full_main_quantum_stack,membership,max_probability_auc,0.5346
MNIST_QNN_eff_su2_r1_d2_s44,ideal_shot,512,4,2026,ibm_kingston,False,full_main_quantum_stack,target,generalization_gap_accuracy,0.10999995470046997
MNIST_QNN_eff_su2_r1_d2_s44,ideal_shot,512,5,2026,ibm_kingston,False,full_main_quantum_stack,train,target_accuracy,0.7400000095367432
MNIST_QNN_eff_su2_r1_d2_s44,ideal_shot,512,5,2026,ibm_kingston,False,full_main_quantum_stack,train,target_loss,0.6150529980659485
MNIST_QNN_eff_su2_r1_d2_s44,ideal_shot,512,5,2026,ibm_kingston,False,full_main_quantum_stack,train,n_records,100.0
MNIST_QNN_eff_su2_r1_d2_s44,ideal_shot,512,5,2026,ibm_kingston,False,full_main_quantum_stack,test,target_accuracy,0.6399999856948853
MNIST_QNN_eff_su2_r1_d2_s44,ideal_shot,512,5,2026,ibm_kingston,False,full_main_quantum_stack,test,target_loss,0.7648075222969055
MNIST_QNN_eff_su2_r1_d2_s44,ideal_shot,512,5,2026,ibm_kingston,False,full_main_quantum_stack,test,n_records,100.0
MNIST_QNN_eff_su2_r1_d2_s44,ideal_shot,512,5,2026,ibm_kingston,False,full_main_quantum_stack,membership,loss_auc,0.5331
MNIST_QNN_eff_su2_r1_d2_s44,ideal_shot,512,5,2026,ibm_kingston,False,full_main_quantum_stack,membership,entropy_auc,0.4998000000000001
MNIST_QNN_eff_su2_r1_d2_s44,ideal_shot,512,5,2026,ibm_kingston,False,full_main_quantum_stack,membership,confidence_auc,0.4913
MNIST_QNN_eff_su2_r1_d2_s44,ideal_shot,512,5,2026,ibm_kingston,False,full_main_quantum_stack,membership,margin_auc,0.49060000000000004
MNIST_QNN_eff_su2_r1_d2_s44,ideal_shot,512,5,2026,ibm_kingston,False,full_main_quantum_stack,membership,correctness_auc,0.55
MNIST_QNN_eff_su2_r1_d2_s44,ideal_shot,512,5,2026,ibm_kingston,False,full_main_quantum_stack,membership,max_probability_auc,0.4913
MNIST_QNN_eff_su2_r1_d2_s44,ideal_shot,512,5,2026,ibm_kingston,False,full_main_quantum_stack,target,generalization_gap_accuracy,0.10000002384185791
MNIST_QNN_eff_su2_r1_d2_s44,ideal_shot,512,6,2026,ibm_kingston,False,full_main_quantum_stack,train,target_accuracy,0.7300000190734863
MNIST_QNN_eff_su2_r1_d2_s44,ideal_shot,512,6,2026,ibm_kingston,False,full_main_quantum_stack,train,target_loss,0.6066939830780029
MNIST_QNN_eff_su2_r1_d2_s44,ideal_shot,512,6,2026,ibm_kingston,False,full_main_quantum_stack,train,n_records,100.0
MNIST_QNN_eff_su2_r1_d2_s44,ideal_shot,512,6,2026,ibm_kingston,False,full_main_quantum_stack,test,target_accuracy,0.6899999976158142
MNIST_QNN_eff_su2_r1_d2_s44,ideal_shot,512,6,2026,ibm_kingston,False,full_main_quantum_stack,test,target_loss,0.7365374565124512
MNIST_QNN_eff_su2_r1_d2_s44,ideal_shot,512,6,2026,ibm_kingston,False,full_main_quantum_stack,test,n_records,100.0
MNIST_QNN_eff_su2_r1_d2_s44,ideal_shot,512,6,2026,ibm_kingston,False,full_main_quantum_stack,membership,loss_auc,0.5237999999999999
MNIST_QNN_eff_su2_r1_d2_s44,ideal_shot,512,6,2026,ibm_kingston,False,full_main_quantum_stack,membership,entropy_auc,0.48269999999999996
MNIST_QNN_eff_su2_r1_d2_s44,ideal_shot,512,6,2026,ibm_kingston,False,full_main_quantum_stack,membership,confidence_auc,0.48440000000000005
MNIST_QNN_eff_su2_r1_d2_s44,ideal_shot,512,6,2026,ibm_kingston,False,full_main_quantum_stack,membership,margin_auc,0.489
MNIST_QNN_eff_su2_r1_d2_s44,ideal_shot,512,6,2026,ibm_kingston,False,full_main_quantum_stack,membership,correctness_auc,0.52
MNIST_QNN_eff_su2_r1_d2_s44,ideal_shot,512,6,2026,ibm_kingston,False,full_main_quantum_stack,membership,max_probability_auc,0.48440000000000005
MNIST_QNN_eff_su2_r1_d2_s44,ideal_shot,512,6,2026,ibm_kingston,False,full_main_quantum_stack,target,generalization_gap_accuracy,0.04000002145767212
MNIST_QNN_eff_su2_r1_d2_s44,ideal_shot,512,7,2026,ibm_kingston,False,full_main_quantum_stack,train,target_accuracy,0.8299999833106995
MNIST_QNN_eff_su2_r1_d2_s44,ideal_shot,512,7,2026,ibm_kingston,False,full_main_quantum_stack,train,target_loss,0.5107528567314148
MNIST_QNN_eff_su2_r1_d2_s44,ideal_shot,512,7,2026,ibm_kingston,False,full_main_quantum_stack,train,n_records,100.0
MNIST_QNN_eff_su2_r1_d2_s44,ideal_shot,512,7,2026,ibm_kingston,False,full_main_quantum_stack,test,target_accuracy,0.6700000166893005
MNIST_QNN_eff_su2_r1_d2_s44,ideal_shot,512,7,2026,ibm_kingston,False,full_main_quantum_stack,test,target_loss,0.6740317344665527
MNIST_QNN_eff_su2_r1_d2_s44,ideal_shot,512,7,2026,ibm_kingston,False,full_main_quantum_stack,test,n_records,100.0
MNIST_QNN_eff_su2_r1_d2_s44,ideal_shot,512,7,2026,ibm_kingston,False,full_main_quantum_stack,membership,loss_auc,0.5489999999999999
MNIST_QNN_eff_su2_r1_d2_s44,ideal_shot,512,7,2026,ibm_kingston,False,full_main_quantum_stack,membership,entropy_auc,0.49700000000000005
MNIST_QNN_eff_su2_r1_d2_s44,ideal_shot,512,7,2026,ibm_kingston,False,full_main_quantum_stack,membership,confidence_auc,0.5094
MNIST_QNN_eff_su2_r1_d2_s44,ideal_shot,512,7,2026,ibm_kingston,False,full_main_quantum_stack,membership,margin_auc,0.5217
MNIST_QNN_eff_su2_r1_d2_s44,ideal_shot,512,7,2026,ibm_kingston,False,full_main_quantum_stack,membership,correctness_auc,0.5800000000000001
MNIST_QNN_eff_su2_r1_d2_s44,ideal_shot,512,7,2026,ibm_kingston,False,full_main_quantum_stack,membership,max_probability_auc,0.5094
MNIST_QNN_eff_su2_r1_d2_s44,ideal_shot,512,7,2026,ibm_kingston,False,full_main_quantum_stack,target,generalization_gap_accuracy,0.15999996662139893
MNIST_QNN_eff_su2_r1_d2_s44,ideal_shot,512,8,2026,ibm_kingston,False,full_main_quantum_stack,train,target_accuracy,0.7300000190734863
MNIST_QNN_eff_su2_r1_d2_s44,ideal_shot,512,8,2026,ibm_kingston,False,full_main_quantum_stack,train,target_loss,0.5977929830551147
MNIST_QNN_eff_su2_r1_d2_s44,ideal_shot,512,8,2026,ibm_kingston,False,full_main_quantum_stack,train,n_records,100.0
MNIST_QNN_eff_su2_r1_d2_s44,ideal_shot,512,8,2026,ibm_kingston,False,full_main_quantum_stack,test,target_accuracy,0.6299999952316284
MNIST_QNN_eff_su2_r1_d2_s44,ideal_shot,512,8,2026,ibm_kingston,False,full_main_quantum_stack,test,target_loss,0.7129559516906738
MNIST_QNN_eff_su2_r1_d2_s44,ideal_shot,512,8,2026,ibm_kingston,False,full_main_quantum_stack,test,n_records,100.0
MNIST_QNN_eff_su2_r1_d2_s44,ideal_shot,512,8,2026,ibm_kingston,False,full_main_quantum_stack,membership,loss_auc,0.5115000000000001
MNIST_QNN_eff_su2_r1_d2_s44,ideal_shot,512,8,2026,ibm_kingston,False,full_main_quantum_stack,membership,entropy_auc,0.48830000000000007
MNIST_QNN_eff_su2_r1_d2_s44,ideal_shot,512,8,2026,ibm_kingston,False,full_main_quantum_stack,membership,confidence_auc,0.49760000000000004
MNIST_QNN_eff_su2_r1_d2_s44,ideal_shot,512,8,2026,ibm_kingston,False,full_main_quantum_stack,membership,margin_auc,0.5015
MNIST_QNN_eff_su2_r1_d2_s44,ideal_shot,512,8,2026,ibm_kingston,False,full_main_quantum_stack,membership,correctness_auc,0.55
MNIST_QNN_eff_su2_r1_d2_s44,ideal_shot,512,8,2026,ibm_kingston,False,full_main_quantum_stack,membership,max_probability_auc,0.49760000000000004
MNIST_QNN_eff_su2_r1_d2_s44,ideal_shot,512,8,2026,ibm_kingston,False,full_main_quantum_stack,target,generalization_gap_accuracy,0.10000002384185791
MNIST_QNN_eff_su2_r1_d2_s44,ideal_shot,512,9,2026,ibm_kingston,False,full_main_quantum_stack,train,target_accuracy,0.75
MNIST_QNN_eff_su2_r1_d2_s44,ideal_shot,512,9,2026,ibm_kingston,False,full_main_quantum_stack,train,target_loss,0.5603271722793579
MNIST_QNN_eff_su2_r1_d2_s44,ideal_shot,512,9,2026,ibm_kingston,False,full_main_quantum_stack,train,n_records,100.0
MNIST_QNN_eff_su2_r1_d2_s44,ideal_shot,512,9,2026,ibm_kingston,False,full_main_quantum_stack,test,target_accuracy,0.6299999952316284
MNIST_QNN_eff_su2_r1_d2_s44,ideal_shot,512,9,2026,ibm_kingston,False,full_main_quantum_stack,test,target_loss,0.7340002655982971
MNIST_QNN_eff_su2_r1_d2_s44,ideal_shot,512,9,2026,ibm_kingston,False,full_main_quantum_stack,test,n_records,100.0
MNIST_QNN_eff_su2_r1_d2_s44,ideal_shot,512,9,2026,ibm_kingston,False,full_main_quantum_stack,membership,loss_auc,0.5478000000000001
MNIST_QNN_eff_su2_r1_d2_s44,ideal_shot,512,9,2026,ibm_kingston,False,full_main_quantum_stack,membership,entropy_auc,0.4906
MNIST_QNN_eff_su2_r1_d2_s44,ideal_shot,512,9,2026,ibm_kingston,False,full_main_quantum_stack,membership,confidence_auc,0.4892
MNIST_QNN_eff_su2_r1_d2_s44,ideal_shot,512,9,2026,ibm_kingston,False,full_main_quantum_stack,membership,margin_auc,0.49060000000000004
MNIST_QNN_eff_su2_r1_d2_s44,ideal_shot,512,9,2026,ibm_kingston,False,full_main_quantum_stack,membership,correctness_auc,0.56
MNIST_QNN_eff_su2_r1_d2_s44,ideal_shot,512,9,2026,ibm_kingston,False,full_main_quantum_stack,membership,max_probability_auc,0.4892
MNIST_QNN_eff_su2_r1_d2_s44,ideal_shot,512,9,2026,ibm_kingston,False,full_main_quantum_stack,target,generalization_gap_accuracy,0.12000000476837158
MNIST_QNN_eff_su2_r1_d2_s44,ideal_shot,1024,0,2026,ibm_kingston,False,full_main_quantum_stack,train,target_accuracy,0.8199999928474426
MNIST_QNN_eff_su2_r1_d2_s44,ideal_shot,1024,0,2026,ibm_kingston,False,full_main_quantum_stack,train,target_loss,0.5164479613304138
MNIST_QNN_eff_su2_r1_d2_s44,ideal_shot,1024,0,2026,ibm_kingston,False,full_main_quantum_stack,train,n_records,100.0
MNIST_QNN_eff_su2_r1_d2_s44,ideal_shot,1024,0,2026,ibm_kingston,False,full_main_quantum_stack,test,target_accuracy,0.7200000286102295
MNIST_QNN_eff_su2_r1_d2_s44,ideal_shot,1024,0,2026,ibm_kingston,False,full_main_quantum_stack,test,target_loss,0.6623448133468628
MNIST_QNN_eff_su2_r1_d2_s44,ideal_shot,1024,0,2026,ibm_kingston,False,full_main_quantum_stack,test,n_records,100.0
MNIST_QNN_eff_su2_r1_d2_s44,ideal_shot,1024,0,2026,ibm_kingston,False,full_main_quantum_stack,membership,loss_auc,0.5427
MNIST_QNN_eff_su2_r1_d2_s44,ideal_shot,1024,0,2026,ibm_kingston,False,full_main_quantum_stack,membership,entropy_auc,0.4988
MNIST_QNN_eff_su2_r1_d2_s44,ideal_shot,1024,0,2026,ibm_kingston,False,full_main_quantum_stack,membership,confidence_auc,0.4951
MNIST_QNN_eff_su2_r1_d2_s44,ideal_shot,1024,0,2026,ibm_kingston,False,full_main_quantum_stack,membership,margin_auc,0.5041
MNIST_QNN_eff_su2_r1_d2_s44,ideal_shot,1024,0,2026,ibm_kingston,False,full_main_quantum_stack,membership,correctness_auc,0.55
MNIST_QNN_eff_su2_r1_d2_s44,ideal_shot,1024,0,2026,ibm_kingston,False,full_main_quantum_stack,membership,max_probability_auc,0.4951
MNIST_QNN_eff_su2_r1_d2_s44,ideal_shot,1024,0,2026,ibm_kingston,False,full_main_quantum_stack,target,generalization_gap_accuracy,0.09999996423721313
MNIST_QNN_eff_su2_r1_d2_s44,ideal_shot,1024,1,2026,ibm_kingston,False,full_main_quantum_stack,train,target_accuracy,0.8100000023841858
MNIST_QNN_eff_su2_r1_d2_s44,ideal_shot,1024,1,2026,ibm_kingston,False,full_main_quantum_stack,train,target_loss,0.5218527317047119
MNIST_QNN_eff_su2_r1_d2_s44,ideal_shot,1024,1,2026,ibm_kingston,False,full_main_quantum_stack,train,n_records,100.0
MNIST_QNN_eff_su2_r1_d2_s44,ideal_shot,1024,1,2026,ibm_kingston,False,full_main_quantum_stack,test,target_accuracy,0.6499999761581421
MNIST_QNN_eff_su2_r1_d2_s44,ideal_shot,1024,1,2026,ibm_kingston,False,full_main_quantum_stack,test,target_loss,0.6142574548721313
MNIST_QNN_eff_su2_r1_d2_s44,ideal_shot,1024,1,2026,ibm_kingston,False,full_main_quantum_stack,test,n_records,100.0
MNIST_QNN_eff_su2_r1_d2_s44,ideal_shot,1024,1,2026,ibm_kingston,False,full_main_quantum_stack,membership,loss_auc,0.5265
MNIST_QNN_eff_su2_r1_d2_s44,ideal_shot,1024,1,2026,ibm_kingston,False,full_main_quantum_stack,membership,entropy_auc,0.48389999999999994
MNIST_QNN_eff_su2_r1_d2_s44,ideal_shot,1024,1,2026,ibm_kingston,False,full_main_quantum_stack,membership,confidence_auc,0.4773
MNIST_QNN_eff_su2_r1_d2_s44,ideal_shot,1024,1,2026,ibm_kingston,False,full_main_quantum_stack,membership,margin_auc,0.4925
MNIST_QNN_eff_su2_r1_d2_s44,ideal_shot,1024,1,2026,ibm_kingston,False,full_main_quantum_stack,membership,correctness_auc,0.5800000000000001
MNIST_QNN_eff_su2_r1_d2_s44,ideal_shot,1024,1,2026,ibm_kingston,False,full_main_quantum_stack,membership,max_probability_auc,0.4773
MNIST_QNN_eff_su2_r1_d2_s44,ideal_shot,1024,1,2026,ibm_kingston,False,full_main_quantum_stack,target,generalization_gap_accuracy,0.1600000262260437
MNIST_QNN_eff_su2_r1_d2_s44,ideal_shot,1024,2,2026,ibm_kingston,False,full_main_quantum_stack,train,target_accuracy,0.800000011920929
MNIST_QNN_eff_su2_r1_d2_s44,ideal_shot,1024,2,2026,ibm_kingston,False,full_main_quantum_stack,train,target_loss,0.5537069439888
MNIST_QNN_eff_su2_r1_d2_s44,ideal_shot,1024,2,2026,ibm_kingston,False,full_main_quantum_stack,train,n_records,100.0
MNIST_QNN_eff_su2_r1_d2_s44,ideal_shot,1024,2,2026,ibm_kingston,False,full_main_quantum_stack,test,target_accuracy,0.6899999976158142
MNIST_QNN_eff_su2_r1_d2_s44,ideal_shot,1024,2,2026,ibm_kingston,False,full_main_quantum_stack,test,target_loss,0.6595270037651062
MNIST_QNN_eff_su2_r1_d2_s44,ideal_shot,1024,2,2026,ibm_kingston,False,full_main_quantum_stack,test,n_records,100.0
MNIST_QNN_eff_su2_r1_d2_s44,ideal_shot,1024,2,2026,ibm_kingston,False,full_main_quantum_stack,membership,loss_auc,0.5341
MNIST_QNN_eff_su2_r1_d2_s44,ideal_shot,1024,2,2026,ibm_kingston,False,full_main_quantum_stack,membership,entropy_auc,0.49970000000000003
MNIST_QNN_eff_su2_r1_d2_s44,ideal_shot,1024,2,2026,ibm_kingston,False,full_main_quantum_stack,membership,confidence_auc,0.5204000000000001
MNIST_QNN_eff_su2_r1_d2_s44,ideal_shot,1024,2,2026,ibm_kingston,False,full_main_quantum_stack,membership,margin_auc,0.5267000000000001
MNIST_QNN_eff_su2_r1_d2_s44,ideal_shot,1024,2,2026,ibm_kingston,False,full_main_quantum_stack,membership,correctness_auc,0.555
MNIST_QNN_eff_su2_r1_d2_s44,ideal_shot,1024,2,2026,ibm_kingston,False,full_main_quantum_stack,membership,max_probability_auc,0.5204000000000001
MNIST_QNN_eff_su2_r1_d2_s44,ideal_shot,1024,2,2026,ibm_kingston,False,full_main_quantum_stack,target,generalization_gap_accuracy,0.11000001430511475
MNIST_QNN_eff_su2_r1_d2_s44,ideal_shot,1024,3,2026,ibm_kingston,False,full_main_quantum_stack,train,target_accuracy,0.8199999928474426
MNIST_QNN_eff_su2_r1_d2_s44,ideal_shot,1024,3,2026,ibm_kingston,False,full_main_quantum_stack,train,target_loss,0.5208165645599365
MNIST_QNN_eff_su2_r1_d2_s44,ideal_shot,1024,3,2026,ibm_kingston,False,full_main_quantum_stack,train,n_records,100.0
MNIST_QNN_eff_su2_r1_d2_s44,ideal_shot,1024,3,2026,ibm_kingston,False,full_main_quantum_stack,test,target_accuracy,0.6800000071525574
MNIST_QNN_eff_su2_r1_d2_s44,ideal_shot,1024,3,2026,ibm_kingston,False,full_main_quantum_stack,test,target_loss,0.7004892826080322
MNIST_QNN_eff_su2_r1_d2_s44,ideal_shot,1024,3,2026,ibm_kingston,False,full_main_quantum_stack,test,n_records,100.0
MNIST_QNN_eff_su2_r1_d2_s44,ideal_shot,1024,3,2026,ibm_kingston,False,full_main_quantum_stack,membership,loss_auc,0.5499
MNIST_QNN_eff_su2_r1_d2_s44,ideal_shot,1024,3,2026,ibm_kingston,False,full_main_quantum_stack,membership,entropy_auc,0.49500000000000005
MNIST_QNN_eff_su2_r1_d2_s44,ideal_shot,1024,3,2026,ibm_kingston,False,full_main_quantum_stack,membership,confidence_auc,0.5083
MNIST_QNN_eff_su2_r1_d2_s44,ideal_shot,1024,3,2026,ibm_kingston,False,full_main_quantum_stack,membership,margin_auc,0.5199
MNIST_QNN_eff_su2_r1_d2_s44,ideal_shot,1024,3,2026,ibm_kingston,False,full_main_quantum_stack,membership,correctness_auc,0.5699999999999998
MNIST_QNN_eff_su2_r1_d2_s44,ideal_shot,1024,3,2026,ibm_kingston,False,full_main_quantum_stack,membership,max_probability_auc,0.5083
MNIST_QNN_eff_su2_r1_d2_s44,ideal_shot,1024,3,2026,ibm_kingston,False,full_main_quantum_stack,target,generalization_gap_accuracy,0.13999998569488525
MNIST_QNN_eff_su2_r1_d2_s44,ideal_shot,1024,4,2026,ibm_kingston,False,full_main_quantum_stack,train,target_accuracy,0.800000011920929
MNIST_QNN_eff_su2_r1_d2_s44,ideal_shot,1024,4,2026,ibm_kingston,False,full_main_quantum_stack,train,target_loss,0.5245306491851807
MNIST_QNN_eff_su2_r1_d2_s44,ideal_shot,1024,4,2026,ibm_kingston,False,full_main_quantum_stack,train,n_records,100.0
MNIST_QNN_eff_su2_r1_d2_s44,ideal_shot,1024,4,2026,ibm_kingston,False,full_main_quantum_stack,test,target_accuracy,0.6800000071525574
MNIST_QNN_eff_su2_r1_d2_s44,ideal_shot,1024,4,2026,ibm_kingston,False,full_main_quantum_stack,test,target_loss,0.6608461737632751
MNIST_QNN_eff_su2_r1_d2_s44,ideal_shot,1024,4,2026,ibm_kingston,False,full_main_quantum_stack,test,n_records,100.0
MNIST_QNN_eff_su2_r1_d2_s44,ideal_shot,1024,4,2026,ibm_kingston,False,full_main_quantum_stack,membership,loss_auc,0.5549999999999999
MNIST_QNN_eff_su2_r1_d2_s44,ideal_shot,1024,4,2026,ibm_kingston,False,full_main_quantum_stack,membership,entropy_auc,0.5218
MNIST_QNN_eff_su2_r1_d2_s44,ideal_shot,1024,4,2026,ibm_kingston,False,full_main_quantum_stack,membership,confidence_auc,0.5164
MNIST_QNN_eff_su2_r1_d2_s44,ideal_shot,1024,4,2026,ibm_kingston,False,full_main_quantum_stack,membership,margin_auc,0.5216000000000001
MNIST_QNN_eff_su2_r1_d2_s44,ideal_shot,1024,4,2026,ibm_kingston,False,full_main_quantum_stack,membership,correctness_auc,0.56
MNIST_QNN_eff_su2_r1_d2_s44,ideal_shot,1024,4,2026,ibm_kingston,False,full_main_quantum_stack,membership,max_probability_auc,0.5164
MNIST_QNN_eff_su2_r1_d2_s44,ideal_shot,1024,4,2026,ibm_kingston,False,full_main_quantum_stack,target,generalization_gap_accuracy,0.12000000476837158
MNIST_QNN_eff_su2_r1_d2_s44,ideal_shot,1024,5,2026,ibm_kingston,False,full_main_quantum_stack,train,target_accuracy,0.7300000190734863
MNIST_QNN_eff_su2_r1_d2_s44,ideal_shot,1024,5,2026,ibm_kingston,False,full_main_quantum_stack,train,target_loss,0.5638933181762695
MNIST_QNN_eff_su2_r1_d2_s44,ideal_shot,1024,5,2026,ibm_kingston,False,full_main_quantum_stack,train,n_records,100.0
MNIST_QNN_eff_su2_r1_d2_s44,ideal_shot,1024,5,2026,ibm_kingston,False,full_main_quantum_stack,test,target_accuracy,0.6600000262260437
MNIST_QNN_eff_su2_r1_d2_s44,ideal_shot,1024,5,2026,ibm_kingston,False,full_main_quantum_stack,test,target_loss,0.7103450894355774
MNIST_QNN_eff_su2_r1_d2_s44,ideal_shot,1024,5,2026,ibm_kingston,False,full_main_quantum_stack,test,n_records,100.0
MNIST_QNN_eff_su2_r1_d2_s44,ideal_shot,1024,5,2026,ibm_kingston,False,full_main_quantum_stack,membership,loss_auc,0.546
MNIST_QNN_eff_su2_r1_d2_s44,ideal_shot,1024,5,2026,ibm_kingston,False,full_main_quantum_stack,membership,entropy_auc,0.5129999999999999
MNIST_QNN_eff_su2_r1_d2_s44,ideal_shot,1024,5,2026,ibm_kingston,False,full_main_quantum_stack,membership,confidence_auc,0.5142
MNIST_QNN_eff_su2_r1_d2_s44,ideal_shot,1024,5,2026,ibm_kingston,False,full_main_quantum_stack,membership,margin_auc,0.527
MNIST_QNN_eff_su2_r1_d2_s44,ideal_shot,1024,5,2026,ibm_kingston,False,full_main_quantum_stack,membership,correctness_auc,0.5349999999999999
MNIST_QNN_eff_su2_r1_d2_s44,ideal_shot,1024,5,2026,ibm_kingston,False,full_main_quantum_stack,membership,max_probability_auc,0.5142
MNIST_QNN_eff_su2_r1_d2_s44,ideal_shot,1024,5,2026,ibm_kingston,False,full_main_quantum_stack,target,generalization_gap_accuracy,0.06999999284744263
MNIST_QNN_eff_su2_r1_d2_s44,ideal_shot,1024,6,2026,ibm_kingston,False,full_main_quantum_stack,train,target_accuracy,0.7699999809265137
MNIST_QNN_eff_su2_r1_d2_s44,ideal_shot,1024,6,2026,ibm_kingston,False,full_main_quantum_stack,train,target_loss,0.5572205781936646
MNIST_QNN_eff_su2_r1_d2_s44,ideal_shot,1024,6,2026,ibm_kingston,False,full_main_quantum_stack,train,n_records,100.0
MNIST_QNN_eff_su2_r1_d2_s44,ideal_shot,1024,6,2026,ibm_kingston,False,full_main_quantum_stack,test,target_accuracy,0.699999988079071
MNIST_QNN_eff_su2_r1_d2_s44,ideal_shot,1024,6,2026,ibm_kingston,False,full_main_quantum_stack,test,target_loss,0.6940310597419739
MNIST_QNN_eff_su2_r1_d2_s44,ideal_shot,1024,6,2026,ibm_kingston,False,full_main_quantum_stack,test,n_records,100.0
MNIST_QNN_eff_su2_r1_d2_s44,ideal_shot,1024,6,2026,ibm_kingston,False,full_main_quantum_stack,membership,loss_auc,0.5228999999999999
MNIST_QNN_eff_su2_r1_d2_s44,ideal_shot,1024,6,2026,ibm_kingston,False,full_main_quantum_stack,membership,entropy_auc,0.4807
MNIST_QNN_eff_su2_r1_d2_s44,ideal_shot,1024,6,2026,ibm_kingston,False,full_main_quantum_stack,membership,confidence_auc,0.4792
MNIST_QNN_eff_su2_r1_d2_s44,ideal_shot,1024,6,2026,ibm_kingston,False,full_main_quantum_stack,membership,margin_auc,0.48460000000000003
MNIST_QNN_eff_su2_r1_d2_s44,ideal_shot,1024,6,2026,ibm_kingston,False,full_main_quantum_stack,membership,correctness_auc,0.535
MNIST_QNN_eff_su2_r1_d2_s44,ideal_shot,1024,6,2026,ibm_kingston,False,full_main_quantum_stack,membership,max_probability_auc,0.4792
MNIST_QNN_eff_su2_r1_d2_s44,ideal_shot,1024,6,2026,ibm_kingston,False,full_main_quantum_stack,target,generalization_gap_accuracy,0.06999999284744263
MNIST_QNN_eff_su2_r1_d2_s44,ideal_shot,1024,7,2026,ibm_kingston,False,full_main_quantum_stack,train,target_accuracy,0.8100000023841858
MNIST_QNN_eff_su2_r1_d2_s44,ideal_shot,1024,7,2026,ibm_kingston,False,full_main_quantum_stack,train,target_loss,0.5186172723770142
MNIST_QNN_eff_su2_r1_d2_s44,ideal_shot,1024,7,2026,ibm_kingston,False,full_main_quantum_stack,train,n_records,100.0
MNIST_QNN_eff_su2_r1_d2_s44,ideal_shot,1024,7,2026,ibm_kingston,False,full_main_quantum_stack,test,target_accuracy,0.699999988079071
MNIST_QNN_eff_su2_r1_d2_s44,ideal_shot,1024,7,2026,ibm_kingston,False,full_main_quantum_stack,test,target_loss,0.6377984881401062
MNIST_QNN_eff_su2_r1_d2_s44,ideal_shot,1024,7,2026,ibm_kingston,False,full_main_quantum_stack,test,n_records,100.0
MNIST_QNN_eff_su2_r1_d2_s44,ideal_shot,1024,7,2026,ibm_kingston,False,full_main_quantum_stack,membership,loss_auc,0.5293
MNIST_QNN_eff_su2_r1_d2_s44,ideal_shot,1024,7,2026,ibm_kingston,False,full_main_quantum_stack,membership,entropy_auc,0.49299999999999994
MNIST_QNN_eff_su2_r1_d2_s44,ideal_shot,1024,7,2026,ibm_kingston,False,full_main_quantum_stack,membership,confidence_auc,0.4894
MNIST_QNN_eff_su2_r1_d2_s44,ideal_shot,1024,7,2026,ibm_kingston,False,full_main_quantum_stack,membership,margin_auc,0.4961
MNIST_QNN_eff_su2_r1_d2_s44,ideal_shot,1024,7,2026,ibm_kingston,False,full_main_quantum_stack,membership,correctness_auc,0.555
MNIST_QNN_eff_su2_r1_d2_s44,ideal_shot,1024,7,2026,ibm_kingston,False,full_main_quantum_stack,membership,max_probability_auc,0.4894
MNIST_QNN_eff_su2_r1_d2_s44,ideal_shot,1024,7,2026,ibm_kingston,False,full_main_quantum_stack,target,generalization_gap_accuracy,0.11000001430511475
MNIST_QNN_eff_su2_r1_d2_s44,ideal_shot,1024,8,2026,ibm_kingston,False,full_main_quantum_stack,train,target_accuracy,0.7699999809265137
MNIST_QNN_eff_su2_r1_d2_s44,ideal_shot,1024,8,2026,ibm_kingston,False,full_main_quantum_stack,train,target_loss,0.5528308749198914
MNIST_QNN_eff_su2_r1_d2_s44,ideal_shot,1024,8,2026,ibm_kingston,False,full_main_quantum_stack,train,n_records,100.0
MNIST_QNN_eff_su2_r1_d2_s44,ideal_shot,1024,8,2026,ibm_kingston,False,full_main_quantum_stack,test,target_accuracy,0.6499999761581421
MNIST_QNN_eff_su2_r1_d2_s44,ideal_shot,1024,8,2026,ibm_kingston,False,full_main_quantum_stack,test,target_loss,0.671906054019928
MNIST_QNN_eff_su2_r1_d2_s44,ideal_shot,1024,8,2026,ibm_kingston,False,full_main_quantum_stack,test,n_records,100.0
MNIST_QNN_eff_su2_r1_d2_s44,ideal_shot,1024,8,2026,ibm_kingston,False,full_main_quantum_stack,membership,loss_auc,0.5246
MNIST_QNN_eff_su2_r1_d2_s44,ideal_shot,1024,8,2026,ibm_kingston,False,full_main_quantum_stack,membership,entropy_auc,0.4901
MNIST_QNN_eff_su2_r1_d2_s44,ideal_shot,1024,8,2026,ibm_kingston,False,full_main_quantum_stack,membership,confidence_auc,0.49199999999999994
MNIST_QNN_eff_su2_r1_d2_s44,ideal_shot,1024,8,2026,ibm_kingston,False,full_main_quantum_stack,membership,margin_auc,0.49999999999999994
MNIST_QNN_eff_su2_r1_d2_s44,ideal_shot,1024,8,2026,ibm_kingston,False,full_main_quantum_stack,membership,correctness_auc,0.56
MNIST_QNN_eff_su2_r1_d2_s44,ideal_shot,1024,8,2026,ibm_kingston,False,full_main_quantum_stack,membership,max_probability_auc,0.49199999999999994
MNIST_QNN_eff_su2_r1_d2_s44,ideal_shot,1024,8,2026,ibm_kingston,False,full_main_quantum_stack,target,generalization_gap_accuracy,0.12000000476837158
MNIST_QNN_eff_su2_r1_d2_s44,ideal_shot,1024,9,2026,ibm_kingston,False,full_main_quantum_stack,train,target_accuracy,0.7599999904632568
MNIST_QNN_eff_su2_r1_d2_s44,ideal_shot,1024,9,2026,ibm_kingston,False,full_main_quantum_stack,train,target_loss,0.535224974155426
MNIST_QNN_eff_su2_r1_d2_s44,ideal_shot,1024,9,2026,ibm_kingston,False,full_main_quantum_stack,train,n_records,100.0
MNIST_QNN_eff_su2_r1_d2_s44,ideal_shot,1024,9,2026,ibm_kingston,False,full_main_quantum_stack,test,target_accuracy,0.6499999761581421
MNIST_QNN_eff_su2_r1_d2_s44,ideal_shot,1024,9,2026,ibm_kingston,False,full_main_quantum_stack,test,target_loss,0.6997742652893066
MNIST_QNN_eff_su2_r1_d2_s44,ideal_shot,1024,9,2026,ibm_kingston,False,full_main_quantum_stack,test,n_records,100.0
MNIST_QNN_eff_su2_r1_d2_s44,ideal_shot,1024,9,2026,ibm_kingston,False,full_main_quantum_stack,membership,loss_auc,0.5511
MNIST_QNN_eff_su2_r1_d2_s44,ideal_shot,1024,9,2026,ibm_kingston,False,full_main_quantum_stack,membership,entropy_auc,0.5015000000000001
MNIST_QNN_eff_su2_r1_d2_s44,ideal_shot,1024,9,2026,ibm_kingston,False,full_main_quantum_stack,membership,confidence_auc,0.5105
MNIST_QNN_eff_su2_r1_d2_s44,ideal_shot,1024,9,2026,ibm_kingston,False,full_main_quantum_stack,membership,margin_auc,0.5182
MNIST_QNN_eff_su2_r1_d2_s44,ideal_shot,1024,9,2026,ibm_kingston,False,full_main_quantum_stack,membership,correctness_auc,0.555
MNIST_QNN_eff_su2_r1_d2_s44,ideal_shot,1024,9,2026,ibm_kingston,False,full_main_quantum_stack,membership,max_probability_auc,0.5105
MNIST_QNN_eff_su2_r1_d2_s44,ideal_shot,1024,9,2026,ibm_kingston,False,full_main_quantum_stack,target,generalization_gap_accuracy,0.11000001430511475
MNIST_QNN_eff_su2_r1_d2_s44,noisy_shot,128,0,2026,ibm_kingston,True,full_main_quantum_stack,train,target_accuracy,0.699999988079071
MNIST_QNN_eff_su2_r1_d2_s44,noisy_shot,128,0,2026,ibm_kingston,True,full_main_quantum_stack,train,target_loss,0.8183595538139343
MNIST_QNN_eff_su2_r1_d2_s44,noisy_shot,128,0,2026,ibm_kingston,True,full_main_quantum_stack,train,n_records,100.0
MNIST_QNN_eff_su2_r1_d2_s44,noisy_shot,128,0,2026,ibm_kingston,True,full_main_quantum_stack,test,target_accuracy,0.5899999737739563
MNIST_QNN_eff_su2_r1_d2_s44,noisy_shot,128,0,2026,ibm_kingston,True,full_main_quantum_stack,test,target_loss,0.9690762162208557
MNIST_QNN_eff_su2_r1_d2_s44,noisy_shot,128,0,2026,ibm_kingston,True,full_main_quantum_stack,test,n_records,100.0
MNIST_QNN_eff_su2_r1_d2_s44,noisy_shot,128,0,2026,ibm_kingston,True,full_main_quantum_stack,membership,loss_auc,0.5507
MNIST_QNN_eff_su2_r1_d2_s44,noisy_shot,128,0,2026,ibm_kingston,True,full_main_quantum_stack,membership,entropy_auc,0.4773
MNIST_QNN_eff_su2_r1_d2_s44,noisy_shot,128,0,2026,ibm_kingston,True,full_main_quantum_stack,membership,confidence_auc,0.48860000000000003
MNIST_QNN_eff_su2_r1_d2_s44,noisy_shot,128,0,2026,ibm_kingston,True,full_main_quantum_stack,membership,margin_auc,0.4983
MNIST_QNN_eff_su2_r1_d2_s44,noisy_shot,128,0,2026,ibm_kingston,True,full_main_quantum_stack,membership,correctness_auc,0.555
MNIST_QNN_eff_su2_r1_d2_s44,noisy_shot,128,0,2026,ibm_kingston,True,full_main_quantum_stack,membership,max_probability_auc,0.48860000000000003
MNIST_QNN_eff_su2_r1_d2_s44,noisy_shot,128,0,2026,ibm_kingston,True,full_main_quantum_stack,target,generalization_gap_accuracy,0.11000001430511475
MNIST_QNN_eff_su2_r1_d2_s44,noisy_shot,128,1,2026,ibm_kingston,True,full_main_quantum_stack,train,target_accuracy,0.6399999856948853
MNIST_QNN_eff_su2_r1_d2_s44,noisy_shot,128,1,2026,ibm_kingston,True,full_main_quantum_stack,train,target_loss,0.7912380695343018
MNIST_QNN_eff_su2_r1_d2_s44,noisy_shot,128,1,2026,ibm_kingston,True,full_main_quantum_stack,train,n_records,100.0
MNIST_QNN_eff_su2_r1_d2_s44,noisy_shot,128,1,2026,ibm_kingston,True,full_main_quantum_stack,test,target_accuracy,0.6100000143051147
MNIST_QNN_eff_su2_r1_d2_s44,noisy_shot,128,1,2026,ibm_kingston,True,full_main_quantum_stack,test,target_loss,0.9233242869377136
MNIST_QNN_eff_su2_r1_d2_s44,noisy_shot,128,1,2026,ibm_kingston,True,full_main_quantum_stack,test,n_records,100.0
MNIST_QNN_eff_su2_r1_d2_s44,noisy_shot,128,1,2026,ibm_kingston,True,full_main_quantum_stack,membership,loss_auc,0.5262
MNIST_QNN_eff_su2_r1_d2_s44,noisy_shot,128,1,2026,ibm_kingston,True,full_main_quantum_stack,membership,entropy_auc,0.4767
MNIST_QNN_eff_su2_r1_d2_s44,noisy_shot,128,1,2026,ibm_kingston,True,full_main_quantum_stack,membership,confidence_auc,0.4853
MNIST_QNN_eff_su2_r1_d2_s44,noisy_shot,128,1,2026,ibm_kingston,True,full_main_quantum_stack,membership,margin_auc,0.4888
MNIST_QNN_eff_su2_r1_d2_s44,noisy_shot,128,1,2026,ibm_kingston,True,full_main_quantum_stack,membership,correctness_auc,0.515
MNIST_QNN_eff_su2_r1_d2_s44,noisy_shot,128,1,2026,ibm_kingston,True,full_main_quantum_stack,membership,max_probability_auc,0.4853
MNIST_QNN_eff_su2_r1_d2_s44,noisy_shot,128,1,2026,ibm_kingston,True,full_main_quantum_stack,target,generalization_gap_accuracy,0.029999971389770508
MNIST_QNN_eff_su2_r1_d2_s44,noisy_shot,128,2,2026,ibm_kingston,True,full_main_quantum_stack,train,target_accuracy,0.6399999856948853
MNIST_QNN_eff_su2_r1_d2_s44,noisy_shot,128,2,2026,ibm_kingston,True,full_main_quantum_stack,train,target_loss,0.9391918778419495
MNIST_QNN_eff_su2_r1_d2_s44,noisy_shot,128,2,2026,ibm_kingston,True,full_main_quantum_stack,train,n_records,100.0
MNIST_QNN_eff_su2_r1_d2_s44,noisy_shot,128,2,2026,ibm_kingston,True,full_main_quantum_stack,test,target_accuracy,0.6000000238418579
MNIST_QNN_eff_su2_r1_d2_s44,noisy_shot,128,2,2026,ibm_kingston,True,full_main_quantum_stack,test,target_loss,0.9879615306854248
MNIST_QNN_eff_su2_r1_d2_s44,noisy_shot,128,2,2026,ibm_kingston,True,full_main_quantum_stack,test,n_records,100.0
MNIST_QNN_eff_su2_r1_d2_s44,noisy_shot,128,2,2026,ibm_kingston,True,full_main_quantum_stack,membership,loss_auc,0.5363
MNIST_QNN_eff_su2_r1_d2_s44,noisy_shot,128,2,2026,ibm_kingston,True,full_main_quantum_stack,membership,entropy_auc,0.5149999999999999
MNIST_QNN_eff_su2_r1_d2_s44,noisy_shot,128,2,2026,ibm_kingston,True,full_main_quantum_stack,membership,confidence_auc,0.5192
MNIST_QNN_eff_su2_r1_d2_s44,noisy_shot,128,2,2026,ibm_kingston,True,full_main_quantum_stack,membership,margin_auc,0.5206
MNIST_QNN_eff_su2_r1_d2_s44,noisy_shot,128,2,2026,ibm_kingston,True,full_main_quantum_stack,membership,correctness_auc,0.52
MNIST_QNN_eff_su2_r1_d2_s44,noisy_shot,128,2,2026,ibm_kingston,True,full_main_quantum_stack,membership,max_probability_auc,0.5192
MNIST_QNN_eff_su2_r1_d2_s44,noisy_shot,128,2,2026,ibm_kingston,True,full_main_quantum_stack,target,generalization_gap_accuracy,0.039999961853027344
MNIST_QNN_eff_su2_r1_d2_s44,noisy_shot,128,3,2026,ibm_kingston,True,full_main_quantum_stack,train,target_accuracy,0.5899999737739563
MNIST_QNN_eff_su2_r1_d2_s44,noisy_shot,128,3,2026,ibm_kingston,True,full_main_quantum_stack,train,target_loss,0.964590311050415
MNIST_QNN_eff_su2_r1_d2_s44,noisy_shot,128,3,2026,ibm_kingston,True,full_main_quantum_stack,train,n_records,100.0
MNIST_QNN_eff_su2_r1_d2_s44,noisy_shot,128,3,2026,ibm_kingston,True,full_main_quantum_stack,test,target_accuracy,0.5600000023841858
MNIST_QNN_eff_su2_r1_d2_s44,noisy_shot,128,3,2026,ibm_kingston,True,full_main_quantum_stack,test,target_loss,0.935920000076294
MNIST_QNN_eff_su2_r1_d2_s44,noisy_shot,128,3,2026,ibm_kingston,True,full_main_quantum_stack,test,n_records,100.0
MNIST_QNN_eff_su2_r1_d2_s44,noisy_shot,128,3,2026,ibm_kingston,True,full_main_quantum_stack,membership,loss_auc,0.5002
MNIST_QNN_eff_su2_r1_d2_s44,noisy_shot,128,3,2026,ibm_kingston,True,full_main_quantum_stack,membership,entropy_auc,0.4728
MNIST_QNN_eff_su2_r1_d2_s44,noisy_shot,128,3,2026,ibm_kingston,True,full_main_quantum_stack,membership,confidence_auc,0.4748
MNIST_QNN_eff_su2_r1_d2_s44,noisy_shot,128,3,2026,ibm_kingston,True,full_main_quantum_stack,membership,margin_auc,0.47989999999999994
MNIST_QNN_eff_su2_r1_d2_s44,noisy_shot,128,3,2026,ibm_kingston,True,full_main_quantum_stack,membership,correctness_auc,0.5149999999999999
MNIST_QNN_eff_su2_r1_d2_s44,noisy_shot,128,3,2026,ibm_kingston,True,full_main_quantum_stack,membership,max_probability_auc,0.4748
MNIST_QNN_eff_su2_r1_d2_s44,noisy_shot,128,3,2026,ibm_kingston,True,full_main_quantum_stack,target,generalization_gap_accuracy,0.029999971389770508
MNIST_QNN_eff_su2_r1_d2_s44,noisy_shot,128,4,2026,ibm_kingston,True,full_main_quantum_stack,train,target_accuracy,0.699999988079071
MNIST_QNN_eff_su2_r1_d2_s44,noisy_shot,128,4,2026,ibm_kingston,True,full_main_quantum_stack,train,target_loss,0.7652219533920288
MNIST_QNN_eff_su2_r1_d2_s44,noisy_shot,128,4,2026,ibm_kingston,True,full_main_quantum_stack,train,n_records,100.0
MNIST_QNN_eff_su2_r1_d2_s44,noisy_shot,128,4,2026,ibm_kingston,True,full_main_quantum_stack,test,target_accuracy,0.6899999976158142
MNIST_QNN_eff_su2_r1_d2_s44,noisy_shot,128,4,2026,ibm_kingston,True,full_main_quantum_stack,test,target_loss,0.8440635800361633
MNIST_QNN_eff_su2_r1_d2_s44,noisy_shot,128,4,2026,ibm_kingston,True,full_main_quantum_stack,test,n_records,100.0
MNIST_QNN_eff_su2_r1_d2_s44,noisy_shot,128,4,2026,ibm_kingston,True,full_main_quantum_stack,membership,loss_auc,0.5479
MNIST_QNN_eff_su2_r1_d2_s44,noisy_shot,128,4,2026,ibm_kingston,True,full_main_quantum_stack,membership,entropy_auc,0.5352
MNIST_QNN_eff_su2_r1_d2_s44,noisy_shot,128,4,2026,ibm_kingston,True,full_main_quantum_stack,membership,confidence_auc,0.5532
MNIST_QNN_eff_su2_r1_d2_s44,noisy_shot,128,4,2026,ibm_kingston,True,full_main_quantum_stack,membership,margin_auc,0.5663
MNIST_QNN_eff_su2_r1_d2_s44,noisy_shot,128,4,2026,ibm_kingston,True,full_main_quantum_stack,membership,correctness_auc,0.505
MNIST_QNN_eff_su2_r1_d2_s44,noisy_shot,128,4,2026,ibm_kingston,True,full_main_quantum_stack,membership,max_probability_auc,0.5532
MNIST_QNN_eff_su2_r1_d2_s44,noisy_shot,128,4,2026,ibm_kingston,True,full_main_quantum_stack,target,generalization_gap_accuracy,0.009999990463256836
MNIST_QNN_eff_su2_r1_d2_s44,noisy_shot,128,5,2026,ibm_kingston,True,full_main_quantum_stack,train,target_accuracy,0.6899999976158142
MNIST_QNN_eff_su2_r1_d2_s44,noisy_shot,128,5,2026,ibm_kingston,True,full_main_quantum_stack,train,target_loss,0.9499275088310242
MNIST_QNN_eff_su2_r1_d2_s44,noisy_shot,128,5,2026,ibm_kingston,True,full_main_quantum_stack,train,n_records,100.0
MNIST_QNN_eff_su2_r1_d2_s44,noisy_shot,128,5,2026,ibm_kingston,True,full_main_quantum_stack,test,target_accuracy,0.5699999928474426
MNIST_QNN_eff_su2_r1_d2_s44,noisy_shot,128,5,2026,ibm_kingston,True,full_main_quantum_stack,test,target_loss,0.8940913677215576
MNIST_QNN_eff_su2_r1_d2_s44,noisy_shot,128,5,2026,ibm_kingston,True,full_main_quantum_stack,test,n_records,100.0
MNIST_QNN_eff_su2_r1_d2_s44,noisy_shot,128,5,2026,ibm_kingston,True,full_main_quantum_stack,membership,loss_auc,0.524
MNIST_QNN_eff_su2_r1_d2_s44,noisy_shot,128,5,2026,ibm_kingston,True,full_main_quantum_stack,membership,entropy_auc,0.5142
MNIST_QNN_eff_su2_r1_d2_s44,noisy_shot,128,5,2026,ibm_kingston,True,full_main_quantum_stack,membership,confidence_auc,0.5114000000000001
MNIST_QNN_eff_su2_r1_d2_s44,noisy_shot,128,5,2026,ibm_kingston,True,full_main_quantum_stack,membership,margin_auc,0.5092000000000001
MNIST_QNN_eff_su2_r1_d2_s44,noisy_shot,128,5,2026,ibm_kingston,True,full_main_quantum_stack,membership,correctness_auc,0.5599999999999999
MNIST_QNN_eff_su2_r1_d2_s44,noisy_shot,128,5,2026,ibm_kingston,True,full_main_quantum_stack,membership,max_probability_auc,0.5114000000000001
MNIST_QNN_eff_su2_r1_d2_s44,noisy_shot,128,5,2026,ibm_kingston,True,full_main_quantum_stack,target,generalization_gap_accuracy,0.12000000476837158
MNIST_QNN_eff_su2_r1_d2_s44,noisy_shot,128,6,2026,ibm_kingston,True,full_main_quantum_stack,train,target_accuracy,0.699999988079071
MNIST_QNN_eff_su2_r1_d2_s44,noisy_shot,128,6,2026,ibm_kingston,True,full_main_quantum_stack,train,target_loss,0.8052272796630859
MNIST_QNN_eff_su2_r1_d2_s44,noisy_shot,128,6,2026,ibm_kingston,True,full_main_quantum_stack,train,n_records,100.0
MNIST_QNN_eff_su2_r1_d2_s44,noisy_shot,128,6,2026,ibm_kingston,True,full_main_quantum_stack,test,target_accuracy,0.5799999833106995
MNIST_QNN_eff_su2_r1_d2_s44,noisy_shot,128,6,2026,ibm_kingston,True,full_main_quantum_stack,test,target_loss,0.8809601068496704
MNIST_QNN_eff_su2_r1_d2_s44,noisy_shot,128,6,2026,ibm_kingston,True,full_main_quantum_stack,test,n_records,100.0
MNIST_QNN_eff_su2_r1_d2_s44,noisy_shot,128,6,2026,ibm_kingston,True,full_main_quantum_stack,membership,loss_auc,0.5331999999999999
MNIST_QNN_eff_su2_r1_d2_s44,noisy_shot,128,6,2026,ibm_kingston,True,full_main_quantum_stack,membership,entropy_auc,0.4972
MNIST_QNN_eff_su2_r1_d2_s44,noisy_shot,128,6,2026,ibm_kingston,True,full_main_quantum_stack,membership,confidence_auc,0.4888
MNIST_QNN_eff_su2_r1_d2_s44,noisy_shot,128,6,2026,ibm_kingston,True,full_main_quantum_stack,membership,margin_auc,0.48690000000000005
MNIST_QNN_eff_su2_r1_d2_s44,noisy_shot,128,6,2026,ibm_kingston,True,full_main_quantum_stack,membership,correctness_auc,0.56
MNIST_QNN_eff_su2_r1_d2_s44,noisy_shot,128,6,2026,ibm_kingston,True,full_main_quantum_stack,membership,max_probability_auc,0.4888
MNIST_QNN_eff_su2_r1_d2_s44,noisy_shot,128,6,2026,ibm_kingston,True,full_main_quantum_stack,target,generalization_gap_accuracy,0.12000000476837158
MNIST_QNN_eff_su2_r1_d2_s44,noisy_shot,128,7,2026,ibm_kingston,True,full_main_quantum_stack,train,target_accuracy,0.7200000286102295
MNIST_QNN_eff_su2_r1_d2_s44,noisy_shot,128,7,2026,ibm_kingston,True,full_main_quantum_stack,train,target_loss,0.705077588558197
MNIST_QNN_eff_su2_r1_d2_s44,noisy_shot,128,7,2026,ibm_kingston,True,full_main_quantum_stack,train,n_records,100.0
MNIST_QNN_eff_su2_r1_d2_s44,noisy_shot,128,7,2026,ibm_kingston,True,full_main_quantum_stack,test,target_accuracy,0.5299999713897705
MNIST_QNN_eff_su2_r1_d2_s44,noisy_shot,128,7,2026,ibm_kingston,True,full_main_quantum_stack,test,target_loss,1.0506609678268433
MNIST_QNN_eff_su2_r1_d2_s44,noisy_shot,128,7,2026,ibm_kingston,True,full_main_quantum_stack,test,n_records,100.0
MNIST_QNN_eff_su2_r1_d2_s44,noisy_shot,128,7,2026,ibm_kingston,True,full_main_quantum_stack,membership,loss_auc,0.6019
MNIST_QNN_eff_su2_r1_d2_s44,noisy_shot,128,7,2026,ibm_kingston,True,full_main_quantum_stack,membership,entropy_auc,0.5224
MNIST_QNN_eff_su2_r1_d2_s44,noisy_shot,128,7,2026,ibm_kingston,True,full_main_quantum_stack,membership,confidence_auc,0.5155000000000001
MNIST_QNN_eff_su2_r1_d2_s44,noisy_shot,128,7,2026,ibm_kingston,True,full_main_quantum_stack,membership,margin_auc,0.5091
MNIST_QNN_eff_su2_r1_d2_s44,noisy_shot,128,7,2026,ibm_kingston,True,full_main_quantum_stack,membership,correctness_auc,0.595
MNIST_QNN_eff_su2_r1_d2_s44,noisy_shot,128,7,2026,ibm_kingston,True,full_main_quantum_stack,membership,max_probability_auc,0.5155000000000001
MNIST_QNN_eff_su2_r1_d2_s44,noisy_shot,128,7,2026,ibm_kingston,True,full_main_quantum_stack,target,generalization_gap_accuracy,0.19000005722045898
MNIST_QNN_eff_su2_r1_d2_s44,noisy_shot,128,8,2026,ibm_kingston,True,full_main_quantum_stack,train,target_accuracy,0.6399999856948853
MNIST_QNN_eff_su2_r1_d2_s44,noisy_shot,128,8,2026,ibm_kingston,True,full_main_quantum_stack,train,target_loss,0.9833505749702454
MNIST_QNN_eff_su2_r1_d2_s44,noisy_shot,128,8,2026,ibm_kingston,True,full_main_quantum_stack,train,n_records,100.0
MNIST_QNN_eff_su2_r1_d2_s44,noisy_shot,128,8,2026,ibm_kingston,True,full_main_quantum_stack,test,target_accuracy,0.5600000023841858
MNIST_QNN_eff_su2_r1_d2_s44,noisy_shot,128,8,2026,ibm_kingston,True,full_main_quantum_stack,test,target_loss,1.027854561805725
MNIST_QNN_eff_su2_r1_d2_s44,noisy_shot,128,8,2026,ibm_kingston,True,full_main_quantum_stack,test,n_records,100.0
MNIST_QNN_eff_su2_r1_d2_s44,noisy_shot,128,8,2026,ibm_kingston,True,full_main_quantum_stack,membership,loss_auc,0.5531
MNIST_QNN_eff_su2_r1_d2_s44,noisy_shot,128,8,2026,ibm_kingston,True,full_main_quantum_stack,membership,entropy_auc,0.5042
MNIST_QNN_eff_su2_r1_d2_s44,noisy_shot,128,8,2026,ibm_kingston,True,full_main_quantum_stack,membership,confidence_auc,0.49890000000000007
MNIST_QNN_eff_su2_r1_d2_s44,noisy_shot,128,8,2026,ibm_kingston,True,full_main_quantum_stack,membership,margin_auc,0.5034
MNIST_QNN_eff_su2_r1_d2_s44,noisy_shot,128,8,2026,ibm_kingston,True,full_main_quantum_stack,membership,correctness_auc,0.54
MNIST_QNN_eff_su2_r1_d2_s44,noisy_shot,128,8,2026,ibm_kingston,True,full_main_quantum_stack,membership,max_probability_auc,0.49890000000000007
MNIST_QNN_eff_su2_r1_d2_s44,noisy_shot,128,8,2026,ibm_kingston,True,full_main_quantum_stack,target,generalization_gap_accuracy,0.07999998331069946
MNIST_QNN_eff_su2_r1_d2_s44,noisy_shot,128,9,2026,ibm_kingston,True,full_main_quantum_stack,train,target_accuracy,0.6700000166893005
MNIST_QNN_eff_su2_r1_d2_s44,noisy_shot,128,9,2026,ibm_kingston,True,full_main_quantum_stack,train,target_loss,0.7212370038032532
MNIST_QNN_eff_su2_r1_d2_s44,noisy_shot,128,9,2026,ibm_kingston,True,full_main_quantum_stack,train,n_records,100.0
MNIST_QNN_eff_su2_r1_d2_s44,noisy_shot,128,9,2026,ibm_kingston,True,full_main_quantum_stack,test,target_accuracy,0.5799999833106995
MNIST_QNN_eff_su2_r1_d2_s44,noisy_shot,128,9,2026,ibm_kingston,True,full_main_quantum_stack,test,target_loss,0.863695502281189
MNIST_QNN_eff_su2_r1_d2_s44,noisy_shot,128,9,2026,ibm_kingston,True,full_main_quantum_stack,test,n_records,100.0
MNIST_QNN_eff_su2_r1_d2_s44,noisy_shot,128,9,2026,ibm_kingston,True,full_main_quantum_stack,membership,loss_auc,0.5527
MNIST_QNN_eff_su2_r1_d2_s44,noisy_shot,128,9,2026,ibm_kingston,True,full_main_quantum_stack,membership,entropy_auc,0.5307
MNIST_QNN_eff_su2_r1_d2_s44,noisy_shot,128,9,2026,ibm_kingston,True,full_main_quantum_stack,membership,confidence_auc,0.5216
MNIST_QNN_eff_su2_r1_d2_s44,noisy_shot,128,9,2026,ibm_kingston,True,full_main_quantum_stack,membership,margin_auc,0.5205
MNIST_QNN_eff_su2_r1_d2_s44,noisy_shot,128,9,2026,ibm_kingston,True,full_main_quantum_stack,membership,correctness_auc,0.545
MNIST_QNN_eff_su2_r1_d2_s44,noisy_shot,128,9,2026,ibm_kingston,True,full_main_quantum_stack,membership,max_probability_auc,0.5216
MNIST_QNN_eff_su2_r1_d2_s44,noisy_shot,128,9,2026,ibm_kingston,True,full_main_quantum_stack,target,generalization_gap_accuracy,0.09000003337860107
MNIST_QNN_eff_su2_r1_d2_s44,noisy_shot,512,0,2026,ibm_kingston,True,full_main_quantum_stack,train,target_accuracy,0.7300000190734863
MNIST_QNN_eff_su2_r1_d2_s44,noisy_shot,512,0,2026,ibm_kingston,True,full_main_quantum_stack,train,target_loss,0.6277821063995361
MNIST_QNN_eff_su2_r1_d2_s44,noisy_shot,512,0,2026,ibm_kingston,True,full_main_quantum_stack,train,n_records,100.0
MNIST_QNN_eff_su2_r1_d2_s44,noisy_shot,512,0,2026,ibm_kingston,True,full_main_quantum_stack,test,target_accuracy,0.6800000071525574
MNIST_QNN_eff_su2_r1_d2_s44,noisy_shot,512,0,2026,ibm_kingston,True,full_main_quantum_stack,test,target_loss,0.6986798644065857
MNIST_QNN_eff_su2_r1_d2_s44,noisy_shot,512,0,2026,ibm_kingston,True,full_main_quantum_stack,test,n_records,100.0
MNIST_QNN_eff_su2_r1_d2_s44,noisy_shot,512,0,2026,ibm_kingston,True,full_main_quantum_stack,membership,loss_auc,0.5346
MNIST_QNN_eff_su2_r1_d2_s44,noisy_shot,512,0,2026,ibm_kingston,True,full_main_quantum_stack,membership,entropy_auc,0.5198
MNIST_QNN_eff_su2_r1_d2_s44,noisy_shot,512,0,2026,ibm_kingston,True,full_main_quantum_stack,membership,confidence_auc,0.5115999999999999
MNIST_QNN_eff_su2_r1_d2_s44,noisy_shot,512,0,2026,ibm_kingston,True,full_main_quantum_stack,membership,margin_auc,0.5239
MNIST_QNN_eff_su2_r1_d2_s44,noisy_shot,512,0,2026,ibm_kingston,True,full_main_quantum_stack,membership,correctness_auc,0.5249999999999999
MNIST_QNN_eff_su2_r1_d2_s44,noisy_shot,512,0,2026,ibm_kingston,True,full_main_quantum_stack,membership,max_probability_auc,0.5115999999999999
MNIST_QNN_eff_su2_r1_d2_s44,noisy_shot,512,0,2026,ibm_kingston,True,full_main_quantum_stack,target,generalization_gap_accuracy,0.050000011920928955
MNIST_QNN_eff_su2_r1_d2_s44,noisy_shot,512,1,2026,ibm_kingston,True,full_main_quantum_stack,train,target_accuracy,0.7799999713897705
MNIST_QNN_eff_su2_r1_d2_s44,noisy_shot,512,1,2026,ibm_kingston,True,full_main_quantum_stack,train,target_loss,0.5819491744041443
MNIST_QNN_eff_su2_r1_d2_s44,noisy_shot,512,1,2026,ibm_kingston,True,full_main_quantum_stack,train,n_records,100.0
MNIST_QNN_eff_su2_r1_d2_s44,noisy_shot,512,1,2026,ibm_kingston,True,full_main_quantum_stack,test,target_accuracy,0.6499999761581421
MNIST_QNN_eff_su2_r1_d2_s44,noisy_shot,512,1,2026,ibm_kingston,True,full_main_quantum_stack,test,target_loss,0.6835474967956543
MNIST_QNN_eff_su2_r1_d2_s44,noisy_shot,512,1,2026,ibm_kingston,True,full_main_quantum_stack,test,n_records,100.0
MNIST_QNN_eff_su2_r1_d2_s44,noisy_shot,512,1,2026,ibm_kingston,True,full_main_quantum_stack,membership,loss_auc,0.5427
MNIST_QNN_eff_su2_r1_d2_s44,noisy_shot,512,1,2026,ibm_kingston,True,full_main_quantum_stack,membership,entropy_auc,0.4978
MNIST_QNN_eff_su2_r1_d2_s44,noisy_shot,512,1,2026,ibm_kingston,True,full_main_quantum_stack,membership,confidence_auc,0.5071
MNIST_QNN_eff_su2_r1_d2_s44,noisy_shot,512,1,2026,ibm_kingston,True,full_main_quantum_stack,membership,margin_auc,0.5206
MNIST_QNN_eff_su2_r1_d2_s44,noisy_shot,512,1,2026,ibm_kingston,True,full_main_quantum_stack,membership,correctness_auc,0.565
MNIST_QNN_eff_su2_r1_d2_s44,noisy_shot,512,1,2026,ibm_kingston,True,full_main_quantum_stack,membership,max_probability_auc,0.5071
MNIST_QNN_eff_su2_r1_d2_s44,noisy_shot,512,1,2026,ibm_kingston,True,full_main_quantum_stack,target,generalization_gap_accuracy,0.12999999523162842
MNIST_QNN_eff_su2_r1_d2_s44,noisy_shot,512,2,2026,ibm_kingston,True,full_main_quantum_stack,train,target_accuracy,0.7699999809265137
MNIST_QNN_eff_su2_r1_d2_s44,noisy_shot,512,2,2026,ibm_kingston,True,full_main_quantum_stack,train,target_loss,0.6589357256889343
MNIST_QNN_eff_su2_r1_d2_s44,noisy_shot,512,2,2026,ibm_kingston,True,full_main_quantum_stack,train,n_records,100.0
MNIST_QNN_eff_su2_r1_d2_s44,noisy_shot,512,2,2026,ibm_kingston,True,full_main_quantum_stack,test,target_accuracy,0.6600000262260437
MNIST_QNN_eff_su2_r1_d2_s44,noisy_shot,512,2,2026,ibm_kingston,True,full_main_quantum_stack,test,target_loss,0.7170889377593994
MNIST_QNN_eff_su2_r1_d2_s44,noisy_shot,512,2,2026,ibm_kingston,True,full_main_quantum_stack,test,n_records,100.0
MNIST_QNN_eff_su2_r1_d2_s44,noisy_shot,512,2,2026,ibm_kingston,True,full_main_quantum_stack,membership,loss_auc,0.5297000000000001
MNIST_QNN_eff_su2_r1_d2_s44,noisy_shot,512,2,2026,ibm_kingston,True,full_main_quantum_stack,membership,entropy_auc,0.4941
MNIST_QNN_eff_su2_r1_d2_s44,noisy_shot,512,2,2026,ibm_kingston,True,full_main_quantum_stack,membership,confidence_auc,0.5187999999999999
MNIST_QNN_eff_su2_r1_d2_s44,noisy_shot,512,2,2026,ibm_kingston,True,full_main_quantum_stack,membership,margin_auc,0.5246
MNIST_QNN_eff_su2_r1_d2_s44,noisy_shot,512,2,2026,ibm_kingston,True,full_main_quantum_stack,membership,correctness_auc,0.5549999999999999
MNIST_QNN_eff_su2_r1_d2_s44,noisy_shot,512,2,2026,ibm_kingston,True,full_main_quantum_stack,membership,max_probability_auc,0.5187999999999999
MNIST_QNN_eff_su2_r1_d2_s44,noisy_shot,512,2,2026,ibm_kingston,True,full_main_quantum_stack,target,generalization_gap_accuracy,0.10999995470046997
MNIST_QNN_eff_su2_r1_d2_s44,noisy_shot,512,3,2026,ibm_kingston,True,full_main_quantum_stack,train,target_accuracy,0.7400000095367432
MNIST_QNN_eff_su2_r1_d2_s44,noisy_shot,512,3,2026,ibm_kingston,True,full_main_quantum_stack,train,target_loss,0.652597963809967
MNIST_QNN_eff_su2_r1_d2_s44,noisy_shot,512,3,2026,ibm_kingston,True,full_main_quantum_stack,train,n_records,100.0
MNIST_QNN_eff_su2_r1_d2_s44,noisy_shot,512,3,2026,ibm_kingston,True,full_main_quantum_stack,test,target_accuracy,0.6499999761581421
MNIST_QNN_eff_su2_r1_d2_s44,noisy_shot,512,3,2026,ibm_kingston,True,full_main_quantum_stack,test,target_loss,0.7568155527114868
MNIST_QNN_eff_su2_r1_d2_s44,noisy_shot,512,3,2026,ibm_kingston,True,full_main_quantum_stack,test,n_records,100.0
MNIST_QNN_eff_su2_r1_d2_s44,noisy_shot,512,3,2026,ibm_kingston,True,full_main_quantum_stack,membership,loss_auc,0.5285
MNIST_QNN_eff_su2_r1_d2_s44,noisy_shot,512,3,2026,ibm_kingston,True,full_main_quantum_stack,membership,entropy_auc,0.5044000000000001
MNIST_QNN_eff_su2_r1_d2_s44,noisy_shot,512,3,2026,ibm_kingston,True,full_main_quantum_stack,membership,confidence_auc,0.5146
MNIST_QNN_eff_su2_r1_d2_s44,noisy_shot,512,3,2026,ibm_kingston,True,full_main_quantum_stack,membership,margin_auc,0.5152
MNIST_QNN_eff_su2_r1_d2_s44,noisy_shot,512,3,2026,ibm_kingston,True,full_main_quantum_stack,membership,correctness_auc,0.5449999999999999
MNIST_QNN_eff_su2_r1_d2_s44,noisy_shot,512,3,2026,ibm_kingston,True,full_main_quantum_stack,membership,max_probability_auc,0.5146
MNIST_QNN_eff_su2_r1_d2_s44,noisy_shot,512,3,2026,ibm_kingston,True,full_main_quantum_stack,target,generalization_gap_accuracy,0.09000003337860107
MNIST_QNN_eff_su2_r1_d2_s44,noisy_shot,512,4,2026,ibm_kingston,True,full_main_quantum_stack,train,target_accuracy,0.800000011920929
MNIST_QNN_eff_su2_r1_d2_s44,noisy_shot,512,4,2026,ibm_kingston,True,full_main_quantum_stack,train,target_loss,0.559581458568573
MNIST_QNN_eff_su2_r1_d2_s44,noisy_shot,512,4,2026,ibm_kingston,True,full_main_quantum_stack,train,n_records,100.0
MNIST_QNN_eff_su2_r1_d2_s44,noisy_shot,512,4,2026,ibm_kingston,True,full_main_quantum_stack,test,target_accuracy,0.6200000047683716
MNIST_QNN_eff_su2_r1_d2_s44,noisy_shot,512,4,2026,ibm_kingston,True,full_main_quantum_stack,test,target_loss,0.7321370840072632
MNIST_QNN_eff_su2_r1_d2_s44,noisy_shot,512,4,2026,ibm_kingston,True,full_main_quantum_stack,test,n_records,100.0
MNIST_QNN_eff_su2_r1_d2_s44,noisy_shot,512,4,2026,ibm_kingston,True,full_main_quantum_stack,membership,loss_auc,0.5652
MNIST_QNN_eff_su2_r1_d2_s44,noisy_shot,512,4,2026,ibm_kingston,True,full_main_quantum_stack,membership,entropy_auc,0.495
MNIST_QNN_eff_su2_r1_d2_s44,noisy_shot,512,4,2026,ibm_kingston,True,full_main_quantum_stack,membership,confidence_auc,0.5075000000000001
MNIST_QNN_eff_su2_r1_d2_s44,noisy_shot,512,4,2026,ibm_kingston,True,full_main_quantum_stack,membership,margin_auc,0.5162
MNIST_QNN_eff_su2_r1_d2_s44,noisy_shot,512,4,2026,ibm_kingston,True,full_main_quantum_stack,membership,correctness_auc,0.5900000000000001
MNIST_QNN_eff_su2_r1_d2_s44,noisy_shot,512,4,2026,ibm_kingston,True,full_main_quantum_stack,membership,max_probability_auc,0.5075000000000001
MNIST_QNN_eff_su2_r1_d2_s44,noisy_shot,512,4,2026,ibm_kingston,True,full_main_quantum_stack,target,generalization_gap_accuracy,0.18000000715255737
MNIST_QNN_eff_su2_r1_d2_s44,noisy_shot,512,5,2026,ibm_kingston,True,full_main_quantum_stack,train,target_accuracy,0.7200000286102295
MNIST_QNN_eff_su2_r1_d2_s44,noisy_shot,512,5,2026,ibm_kingston,True,full_main_quantum_stack,train,target_loss,0.6715181469917297
MNIST_QNN_eff_su2_r1_d2_s44,noisy_shot,512,5,2026,ibm_kingston,True,full_main_quantum_stack,train,n_records,100.0
MNIST_QNN_eff_su2_r1_d2_s44,noisy_shot,512,5,2026,ibm_kingston,True,full_main_quantum_stack,test,target_accuracy,0.6499999761581421
MNIST_QNN_eff_su2_r1_d2_s44,noisy_shot,512,5,2026,ibm_kingston,True,full_main_quantum_stack,test,target_loss,0.7561173439025879
MNIST_QNN_eff_su2_r1_d2_s44,noisy_shot,512,5,2026,ibm_kingston,True,full_main_quantum_stack,test,n_records,100.0
MNIST_QNN_eff_su2_r1_d2_s44,noisy_shot,512,5,2026,ibm_kingston,True,full_main_quantum_stack,membership,loss_auc,0.5267000000000001
MNIST_QNN_eff_su2_r1_d2_s44,noisy_shot,512,5,2026,ibm_kingston,True,full_main_quantum_stack,membership,entropy_auc,0.5012
MNIST_QNN_eff_su2_r1_d2_s44,noisy_shot,512,5,2026,ibm_kingston,True,full_main_quantum_stack,membership,confidence_auc,0.5012
MNIST_QNN_eff_su2_r1_d2_s44,noisy_shot,512,5,2026,ibm_kingston,True,full_main_quantum_stack,membership,margin_auc,0.5047
MNIST_QNN_eff_su2_r1_d2_s44,noisy_shot,512,5,2026,ibm_kingston,True,full_main_quantum_stack,membership,correctness_auc,0.5349999999999999
MNIST_QNN_eff_su2_r1_d2_s44,noisy_shot,512,5,2026,ibm_kingston,True,full_main_quantum_stack,membership,max_probability_auc,0.5012
MNIST_QNN_eff_su2_r1_d2_s44,noisy_shot,512,5,2026,ibm_kingston,True,full_main_quantum_stack,target,generalization_gap_accuracy,0.0700000524520874
MNIST_QNN_eff_su2_r1_d2_s44,noisy_shot,512,6,2026,ibm_kingston,True,full_main_quantum_stack,train,target_accuracy,0.7200000286102295
MNIST_QNN_eff_su2_r1_d2_s44,noisy_shot,512,6,2026,ibm_kingston,True,full_main_quantum_stack,train,target_loss,0.6395705342292786
MNIST_QNN_eff_su2_r1_d2_s44,noisy_shot,512,6,2026,ibm_kingston,True,full_main_quantum_stack,train,n_records,100.0
MNIST_QNN_eff_su2_r1_d2_s44,noisy_shot,512,6,2026,ibm_kingston,True,full_main_quantum_stack,test,target_accuracy,0.6499999761581421
MNIST_QNN_eff_su2_r1_d2_s44,noisy_shot,512,6,2026,ibm_kingston,True,full_main_quantum_stack,test,target_loss,0.7535727024078369
MNIST_QNN_eff_su2_r1_d2_s44,noisy_shot,512,6,2026,ibm_kingston,True,full_main_quantum_stack,test,n_records,100.0
MNIST_QNN_eff_su2_r1_d2_s44,noisy_shot,512,6,2026,ibm_kingston,True,full_main_quantum_stack,membership,loss_auc,0.5429
MNIST_QNN_eff_su2_r1_d2_s44,noisy_shot,512,6,2026,ibm_kingston,True,full_main_quantum_stack,membership,entropy_auc,0.5127
MNIST_QNN_eff_su2_r1_d2_s44,noisy_shot,512,6,2026,ibm_kingston,True,full_main_quantum_stack,membership,confidence_auc,0.5096
MNIST_QNN_eff_su2_r1_d2_s44,noisy_shot,512,6,2026,ibm_kingston,True,full_main_quantum_stack,membership,margin_auc,0.5078
MNIST_QNN_eff_su2_r1_d2_s44,noisy_shot,512,6,2026,ibm_kingston,True,full_main_quantum_stack,membership,correctness_auc,0.5349999999999999
MNIST_QNN_eff_su2_r1_d2_s44,noisy_shot,512,6,2026,ibm_kingston,True,full_main_quantum_stack,membership,max_probability_auc,0.5096
MNIST_QNN_eff_su2_r1_d2_s44,noisy_shot,512,6,2026,ibm_kingston,True,full_main_quantum_stack,target,generalization_gap_accuracy,0.0700000524520874
MNIST_QNN_eff_su2_r1_d2_s44,noisy_shot,512,7,2026,ibm_kingston,True,full_main_quantum_stack,train,target_accuracy,0.7699999809265137
MNIST_QNN_eff_su2_r1_d2_s44,noisy_shot,512,7,2026,ibm_kingston,True,full_main_quantum_stack,train,target_loss,0.5620414614677429
MNIST_QNN_eff_su2_r1_d2_s44,noisy_shot,512,7,2026,ibm_kingston,True,full_main_quantum_stack,train,n_records,100.0
MNIST_QNN_eff_su2_r1_d2_s44,noisy_shot,512,7,2026,ibm_kingston,True,full_main_quantum_stack,test,target_accuracy,0.6700000166893005
MNIST_QNN_eff_su2_r1_d2_s44,noisy_shot,512,7,2026,ibm_kingston,True,full_main_quantum_stack,test,target_loss,0.694084644317627
MNIST_QNN_eff_su2_r1_d2_s44,noisy_shot,512,7,2026,ibm_kingston,True,full_main_quantum_stack,test,n_records,100.0
MNIST_QNN_eff_su2_r1_d2_s44,noisy_shot,512,7,2026,ibm_kingston,True,full_main_quantum_stack,membership,loss_auc,0.5644
MNIST_QNN_eff_su2_r1_d2_s44,noisy_shot,512,7,2026,ibm_kingston,True,full_main_quantum_stack,membership,entropy_auc,0.5301
MNIST_QNN_eff_su2_r1_d2_s44,noisy_shot,512,7,2026,ibm_kingston,True,full_main_quantum_stack,membership,confidence_auc,0.54
MNIST_QNN_eff_su2_r1_d2_s44,noisy_shot,512,7,2026,ibm_kingston,True,full_main_quantum_stack,membership,margin_auc,0.5413000000000001
MNIST_QNN_eff_su2_r1_d2_s44,noisy_shot,512,7,2026,ibm_kingston,True,full_main_quantum_stack,membership,correctness_auc,0.55
MNIST_QNN_eff_su2_r1_d2_s44,noisy_shot,512,7,2026,ibm_kingston,True,full_main_quantum_stack,membership,max_probability_auc,0.54
MNIST_QNN_eff_su2_r1_d2_s44,noisy_shot,512,7,2026,ibm_kingston,True,full_main_quantum_stack,target,generalization_gap_accuracy,0.09999996423721313
MNIST_QNN_eff_su2_r1_d2_s44,noisy_shot,512,8,2026,ibm_kingston,True,full_main_quantum_stack,train,target_accuracy,0.7200000286102295
MNIST_QNN_eff_su2_r1_d2_s44,noisy_shot,512,8,2026,ibm_kingston,True,full_main_quantum_stack,train,target_loss,0.6635482907295227
MNIST_QNN_eff_su2_r1_d2_s44,noisy_shot,512,8,2026,ibm_kingston,True,full_main_quantum_stack,train,n_records,100.0
MNIST_QNN_eff_su2_r1_d2_s44,noisy_shot,512,8,2026,ibm_kingston,True,full_main_quantum_stack,test,target_accuracy,0.6200000047683716
MNIST_QNN_eff_su2_r1_d2_s44,noisy_shot,512,8,2026,ibm_kingston,True,full_main_quantum_stack,test,target_loss,0.7370988726615906
MNIST_QNN_eff_su2_r1_d2_s44,noisy_shot,512,8,2026,ibm_kingston,True,full_main_quantum_stack,test,n_records,100.0
MNIST_QNN_eff_su2_r1_d2_s44,noisy_shot,512,8,2026,ibm_kingston,True,full_main_quantum_stack,membership,loss_auc,0.52
MNIST_QNN_eff_su2_r1_d2_s44,noisy_shot,512,8,2026,ibm_kingston,True,full_main_quantum_stack,membership,entropy_auc,0.4972
MNIST_QNN_eff_su2_r1_d2_s44,noisy_shot,512,8,2026,ibm_kingston,True,full_main_quantum_stack,membership,confidence_auc,0.5105000000000001
MNIST_QNN_eff_su2_r1_d2_s44,noisy_shot,512,8,2026,ibm_kingston,True,full_main_quantum_stack,membership,margin_auc,0.5222
MNIST_QNN_eff_su2_r1_d2_s44,noisy_shot,512,8,2026,ibm_kingston,True,full_main_quantum_stack,membership,correctness_auc,0.5499999999999999
MNIST_QNN_eff_su2_r1_d2_s44,noisy_shot,512,8,2026,ibm_kingston,True,full_main_quantum_stack,membership,max_probability_auc,0.5105000000000001
MNIST_QNN_eff_su2_r1_d2_s44,noisy_shot,512,8,2026,ibm_kingston,True,full_main_quantum_stack,target,generalization_gap_accuracy,0.10000002384185791
MNIST_QNN_eff_su2_r1_d2_s44,noisy_shot,512,9,2026,ibm_kingston,True,full_main_quantum_stack,train,target_accuracy,0.7300000190734863
MNIST_QNN_eff_su2_r1_d2_s44,noisy_shot,512,9,2026,ibm_kingston,True,full_main_quantum_stack,train,target_loss,0.5854900479316711
MNIST_QNN_eff_su2_r1_d2_s44,noisy_shot,512,9,2026,ibm_kingston,True,full_main_quantum_stack,train,n_records,100.0
MNIST_QNN_eff_su2_r1_d2_s44,noisy_shot,512,9,2026,ibm_kingston,True,full_main_quantum_stack,test,target_accuracy,0.6700000166893005
MNIST_QNN_eff_su2_r1_d2_s44,noisy_shot,512,9,2026,ibm_kingston,True,full_main_quantum_stack,test,target_loss,0.7350399494171143
MNIST_QNN_eff_su2_r1_d2_s44,noisy_shot,512,9,2026,ibm_kingston,True,full_main_quantum_stack,test,n_records,100.0
MNIST_QNN_eff_su2_r1_d2_s44,noisy_shot,512,9,2026,ibm_kingston,True,full_main_quantum_stack,membership,loss_auc,0.559
MNIST_QNN_eff_su2_r1_d2_s44,noisy_shot,512,9,2026,ibm_kingston,True,full_main_quantum_stack,membership,entropy_auc,0.5106
MNIST_QNN_eff_su2_r1_d2_s44,noisy_shot,512,9,2026,ibm_kingston,True,full_main_quantum_stack,membership,confidence_auc,0.5118
MNIST_QNN_eff_su2_r1_d2_s44,noisy_shot,512,9,2026,ibm_kingston,True,full_main_quantum_stack,membership,margin_auc,0.5174
MNIST_QNN_eff_su2_r1_d2_s44,noisy_shot,512,9,2026,ibm_kingston,True,full_main_quantum_stack,membership,correctness_auc,0.53
MNIST_QNN_eff_su2_r1_d2_s44,noisy_shot,512,9,2026,ibm_kingston,True,full_main_quantum_stack,membership,max_probability_auc,0.5118
MNIST_QNN_eff_su2_r1_d2_s44,noisy_shot,512,9,2026,ibm_kingston,True,full_main_quantum_stack,target,generalization_gap_accuracy,0.06000000238418579
MNIST_QNN_eff_su2_r1_d2_s44,noisy_shot,1024,0,2026,ibm_kingston,True,full_main_quantum_stack,train,target_accuracy,0.8100000023841858
MNIST_QNN_eff_su2_r1_d2_s44,noisy_shot,1024,0,2026,ibm_kingston,True,full_main_quantum_stack,train,target_loss,0.5615455508232117
MNIST_QNN_eff_su2_r1_d2_s44,noisy_shot,1024,0,2026,ibm_kingston,True,full_main_quantum_stack,train,n_records,100.0
MNIST_QNN_eff_su2_r1_d2_s44,noisy_shot,1024,0,2026,ibm_kingston,True,full_main_quantum_stack,test,target_accuracy,0.7300000190734863
MNIST_QNN_eff_su2_r1_d2_s44,noisy_shot,1024,0,2026,ibm_kingston,True,full_main_quantum_stack,test,target_loss,0.6799747347831726
MNIST_QNN_eff_su2_r1_d2_s44,noisy_shot,1024,0,2026,ibm_kingston,True,full_main_quantum_stack,test,n_records,100.0
MNIST_QNN_eff_su2_r1_d2_s44,noisy_shot,1024,0,2026,ibm_kingston,True,full_main_quantum_stack,membership,loss_auc,0.5564
MNIST_QNN_eff_su2_r1_d2_s44,noisy_shot,1024,0,2026,ibm_kingston,True,full_main_quantum_stack,membership,entropy_auc,0.5155000000000001
MNIST_QNN_eff_su2_r1_d2_s44,noisy_shot,1024,0,2026,ibm_kingston,True,full_main_quantum_stack,membership,confidence_auc,0.5143
MNIST_QNN_eff_su2_r1_d2_s44,noisy_shot,1024,0,2026,ibm_kingston,True,full_main_quantum_stack,membership,margin_auc,0.5207
MNIST_QNN_eff_su2_r1_d2_s44,noisy_shot,1024,0,2026,ibm_kingston,True,full_main_quantum_stack,membership,correctness_auc,0.54
MNIST_QNN_eff_su2_r1_d2_s44,noisy_shot,1024,0,2026,ibm_kingston,True,full_main_quantum_stack,membership,max_probability_auc,0.5143
MNIST_QNN_eff_su2_r1_d2_s44,noisy_shot,1024,0,2026,ibm_kingston,True,full_main_quantum_stack,target,generalization_gap_accuracy,0.07999998331069946
MNIST_QNN_eff_su2_r1_d2_s44,noisy_shot,1024,1,2026,ibm_kingston,True,full_main_quantum_stack,train,target_accuracy,0.7799999713897705
MNIST_QNN_eff_su2_r1_d2_s44,noisy_shot,1024,1,2026,ibm_kingston,True,full_main_quantum_stack,train,target_loss,0.5841935873031616
MNIST_QNN_eff_su2_r1_d2_s44,noisy_shot,1024,1,2026,ibm_kingston,True,full_main_quantum_stack,train,n_records,100.0
MNIST_QNN_eff_su2_r1_d2_s44,noisy_shot,1024,1,2026,ibm_kingston,True,full_main_quantum_stack,test,target_accuracy,0.6600000262260437
MNIST_QNN_eff_su2_r1_d2_s44,noisy_shot,1024,1,2026,ibm_kingston,True,full_main_quantum_stack,test,target_loss,0.6611363291740417
MNIST_QNN_eff_su2_r1_d2_s44,noisy_shot,1024,1,2026,ibm_kingston,True,full_main_quantum_stack,test,n_records,100.0
MNIST_QNN_eff_su2_r1_d2_s44,noisy_shot,1024,1,2026,ibm_kingston,True,full_main_quantum_stack,membership,loss_auc,0.5348999999999999
MNIST_QNN_eff_su2_r1_d2_s44,noisy_shot,1024,1,2026,ibm_kingston,True,full_main_quantum_stack,membership,entropy_auc,0.49910000000000004
MNIST_QNN_eff_su2_r1_d2_s44,noisy_shot,1024,1,2026,ibm_kingston,True,full_main_quantum_stack,membership,confidence_auc,0.498
MNIST_QNN_eff_su2_r1_d2_s44,noisy_shot,1024,1,2026,ibm_kingston,True,full_main_quantum_stack,membership,margin_auc,0.5213
MNIST_QNN_eff_su2_r1_d2_s44,noisy_shot,1024,1,2026,ibm_kingston,True,full_main_quantum_stack,membership,correctness_auc,0.56
MNIST_QNN_eff_su2_r1_d2_s44,noisy_shot,1024,1,2026,ibm_kingston,True,full_main_quantum_stack,membership,max_probability_auc,0.498
MNIST_QNN_eff_su2_r1_d2_s44,noisy_shot,1024,1,2026,ibm_kingston,True,full_main_quantum_stack,target,generalization_gap_accuracy,0.1199999451637268
MNIST_QNN_eff_su2_r1_d2_s44,noisy_shot,1024,2,2026,ibm_kingston,True,full_main_quantum_stack,train,target_accuracy,0.7799999713897705
MNIST_QNN_eff_su2_r1_d2_s44,noisy_shot,1024,2,2026,ibm_kingston,True,full_main_quantum_stack,train,target_loss,0.5750882625579834
MNIST_QNN_eff_su2_r1_d2_s44,noisy_shot,1024,2,2026,ibm_kingston,True,full_main_quantum_stack,train,n_records,100.0
MNIST_QNN_eff_su2_r1_d2_s44,noisy_shot,1024,2,2026,ibm_kingston,True,full_main_quantum_stack,test,target_accuracy,0.7300000190734863
MNIST_QNN_eff_su2_r1_d2_s44,noisy_shot,1024,2,2026,ibm_kingston,True,full_main_quantum_stack,test,target_loss,0.6759839057922363
MNIST_QNN_eff_su2_r1_d2_s44,noisy_shot,1024,2,2026,ibm_kingston,True,full_main_quantum_stack,test,n_records,100.0
MNIST_QNN_eff_su2_r1_d2_s44,noisy_shot,1024,2,2026,ibm_kingston,True,full_main_quantum_stack,membership,loss_auc,0.5489999999999999
MNIST_QNN_eff_su2_r1_d2_s44,noisy_shot,1024,2,2026,ibm_kingston,True,full_main_quantum_stack,membership,entropy_auc,0.5146999999999999
MNIST_QNN_eff_su2_r1_d2_s44,noisy_shot,1024,2,2026,ibm_kingston,True,full_main_quantum_stack,membership,confidence_auc,0.544
MNIST_QNN_eff_su2_r1_d2_s44,noisy_shot,1024,2,2026,ibm_kingston,True,full_main_quantum_stack,membership,margin_auc,0.5588
MNIST_QNN_eff_su2_r1_d2_s44,noisy_shot,1024,2,2026,ibm_kingston,True,full_main_quantum_stack,membership,correctness_auc,0.525
MNIST_QNN_eff_su2_r1_d2_s44,noisy_shot,1024,2,2026,ibm_kingston,True,full_main_quantum_stack,membership,max_probability_auc,0.544
MNIST_QNN_eff_su2_r1_d2_s44,noisy_shot,1024,2,2026,ibm_kingston,True,full_main_quantum_stack,target,generalization_gap_accuracy,0.04999995231628418
MNIST_QNN_eff_su2_r1_d2_s44,noisy_shot,1024,3,2026,ibm_kingston,True,full_main_quantum_stack,train,target_accuracy,0.7699999809265137
MNIST_QNN_eff_su2_r1_d2_s44,noisy_shot,1024,3,2026,ibm_kingston,True,full_main_quantum_stack,train,target_loss,0.5708495378494263
MNIST_QNN_eff_su2_r1_d2_s44,noisy_shot,1024,3,2026,ibm_kingston,True,full_main_quantum_stack,train,n_records,100.0
MNIST_QNN_eff_su2_r1_d2_s44,noisy_shot,1024,3,2026,ibm_kingston,True,full_main_quantum_stack,test,target_accuracy,0.6499999761581421
MNIST_QNN_eff_su2_r1_d2_s44,noisy_shot,1024,3,2026,ibm_kingston,True,full_main_quantum_stack,test,target_loss,0.7269489765167236
MNIST_QNN_eff_su2_r1_d2_s44,noisy_shot,1024,3,2026,ibm_kingston,True,full_main_quantum_stack,test,n_records,100.0
MNIST_QNN_eff_su2_r1_d2_s44,noisy_shot,1024,3,2026,ibm_kingston,True,full_main_quantum_stack,membership,loss_auc,0.5547
MNIST_QNN_eff_su2_r1_d2_s44,noisy_shot,1024,3,2026,ibm_kingston,True,full_main_quantum_stack,membership,entropy_auc,0.5109999999999999
MNIST_QNN_eff_su2_r1_d2_s44,noisy_shot,1024,3,2026,ibm_kingston,True,full_main_quantum_stack,membership,confidence_auc,0.5196000000000001
MNIST_QNN_eff_su2_r1_d2_s44,noisy_shot,1024,3,2026,ibm_kingston,True,full_main_quantum_stack,membership,margin_auc,0.5309999999999999
MNIST_QNN_eff_su2_r1_d2_s44,noisy_shot,1024,3,2026,ibm_kingston,True,full_main_quantum_stack,membership,correctness_auc,0.56
MNIST_QNN_eff_su2_r1_d2_s44,noisy_shot,1024,3,2026,ibm_kingston,True,full_main_quantum_stack,membership,max_probability_auc,0.5196000000000001
MNIST_QNN_eff_su2_r1_d2_s44,noisy_shot,1024,3,2026,ibm_kingston,True,full_main_quantum_stack,target,generalization_gap_accuracy,0.12000000476837158
MNIST_QNN_eff_su2_r1_d2_s44,noisy_shot,1024,4,2026,ibm_kingston,True,full_main_quantum_stack,train,target_accuracy,0.7599999904632568
MNIST_QNN_eff_su2_r1_d2_s44,noisy_shot,1024,4,2026,ibm_kingston,True,full_main_quantum_stack,train,target_loss,0.5631734728813171
MNIST_QNN_eff_su2_r1_d2_s44,noisy_shot,1024,4,2026,ibm_kingston,True,full_main_quantum_stack,train,n_records,100.0
MNIST_QNN_eff_su2_r1_d2_s44,noisy_shot,1024,4,2026,ibm_kingston,True,full_main_quantum_stack,test,target_accuracy,0.6499999761581421
MNIST_QNN_eff_su2_r1_d2_s44,noisy_shot,1024,4,2026,ibm_kingston,True,full_main_quantum_stack,test,target_loss,0.6758782863616943
MNIST_QNN_eff_su2_r1_d2_s44,noisy_shot,1024,4,2026,ibm_kingston,True,full_main_quantum_stack,test,n_records,100.0
MNIST_QNN_eff_su2_r1_d2_s44,noisy_shot,1024,4,2026,ibm_kingston,True,full_main_quantum_stack,membership,loss_auc,0.5636000000000001
MNIST_QNN_eff_su2_r1_d2_s44,noisy_shot,1024,4,2026,ibm_kingston,True,full_main_quantum_stack,membership,entropy_auc,0.5277000000000001
MNIST_QNN_eff_su2_r1_d2_s44,noisy_shot,1024,4,2026,ibm_kingston,True,full_main_quantum_stack,membership,confidence_auc,0.5192
MNIST_QNN_eff_su2_r1_d2_s44,noisy_shot,1024,4,2026,ibm_kingston,True,full_main_quantum_stack,membership,margin_auc,0.5221
MNIST_QNN_eff_su2_r1_d2_s44,noisy_shot,1024,4,2026,ibm_kingston,True,full_main_quantum_stack,membership,correctness_auc,0.555
MNIST_QNN_eff_su2_r1_d2_s44,noisy_shot,1024,4,2026,ibm_kingston,True,full_main_quantum_stack,membership,max_probability_auc,0.5192
MNIST_QNN_eff_su2_r1_d2_s44,noisy_shot,1024,4,2026,ibm_kingston,True,full_main_quantum_stack,target,generalization_gap_accuracy,0.11000001430511475
MNIST_QNN_eff_su2_r1_d2_s44,noisy_shot,1024,5,2026,ibm_kingston,True,full_main_quantum_stack,train,target_accuracy,0.7200000286102295
MNIST_QNN_eff_su2_r1_d2_s44,noisy_shot,1024,5,2026,ibm_kingston,True,full_main_quantum_stack,train,target_loss,0.6012383103370667
MNIST_QNN_eff_su2_r1_d2_s44,noisy_shot,1024,5,2026,ibm_kingston,True,full_main_quantum_stack,train,n_records,100.0
MNIST_QNN_eff_su2_r1_d2_s44,noisy_shot,1024,5,2026,ibm_kingston,True,full_main_quantum_stack,test,target_accuracy,0.6600000262260437
MNIST_QNN_eff_su2_r1_d2_s44,noisy_shot,1024,5,2026,ibm_kingston,True,full_main_quantum_stack,test,target_loss,0.7493796348571777
MNIST_QNN_eff_su2_r1_d2_s44,noisy_shot,1024,5,2026,ibm_kingston,True,full_main_quantum_stack,test,n_records,100.0
MNIST_QNN_eff_su2_r1_d2_s44,noisy_shot,1024,5,2026,ibm_kingston,True,full_main_quantum_stack,membership,loss_auc,0.5512999999999999
MNIST_QNN_eff_su2_r1_d2_s44,noisy_shot,1024,5,2026,ibm_kingston,True,full_main_quantum_stack,membership,entropy_auc,0.5182
MNIST_QNN_eff_su2_r1_d2_s44,noisy_shot,1024,5,2026,ibm_kingston,True,full_main_quantum_stack,membership,confidence_auc,0.5289
MNIST_QNN_eff_su2_r1_d2_s44,noisy_shot,1024,5,2026,ibm_kingston,True,full_main_quantum_stack,membership,margin_auc,0.5402
MNIST_QNN_eff_su2_r1_d2_s44,noisy_shot,1024,5,2026,ibm_kingston,True,full_main_quantum_stack,membership,correctness_auc,0.53
MNIST_QNN_eff_su2_r1_d2_s44,noisy_shot,1024,5,2026,ibm_kingston,True,full_main_quantum_stack,membership,max_probability_auc,0.5289
MNIST_QNN_eff_su2_r1_d2_s44,noisy_shot,1024,5,2026,ibm_kingston,True,full_main_quantum_stack,target,generalization_gap_accuracy,0.06000000238418579
MNIST_QNN_eff_su2_r1_d2_s44,noisy_shot,1024,6,2026,ibm_kingston,True,full_main_quantum_stack,train,target_accuracy,0.6899999976158142
MNIST_QNN_eff_su2_r1_d2_s44,noisy_shot,1024,6,2026,ibm_kingston,True,full_main_quantum_stack,train,target_loss,0.6028317809104919
MNIST_QNN_eff_su2_r1_d2_s44,noisy_shot,1024,6,2026,ibm_kingston,True,full_main_quantum_stack,train,n_records,100.0
MNIST_QNN_eff_su2_r1_d2_s44,noisy_shot,1024,6,2026,ibm_kingston,True,full_main_quantum_stack,test,target_accuracy,0.6800000071525574
MNIST_QNN_eff_su2_r1_d2_s44,noisy_shot,1024,6,2026,ibm_kingston,True,full_main_quantum_stack,test,target_loss,0.7021347284317017
MNIST_QNN_eff_su2_r1_d2_s44,noisy_shot,1024,6,2026,ibm_kingston,True,full_main_quantum_stack,test,n_records,100.0
MNIST_QNN_eff_su2_r1_d2_s44,noisy_shot,1024,6,2026,ibm_kingston,True,full_main_quantum_stack,membership,loss_auc,0.5289999999999999
MNIST_QNN_eff_su2_r1_d2_s44,noisy_shot,1024,6,2026,ibm_kingston,True,full_main_quantum_stack,membership,entropy_auc,0.5057
MNIST_QNN_eff_su2_r1_d2_s44,noisy_shot,1024,6,2026,ibm_kingston,True,full_main_quantum_stack,membership,confidence_auc,0.5087
MNIST_QNN_eff_su2_r1_d2_s44,noisy_shot,1024,6,2026,ibm_kingston,True,full_main_quantum_stack,membership,margin_auc,0.5169
MNIST_QNN_eff_su2_r1_d2_s44,noisy_shot,1024,6,2026,ibm_kingston,True,full_main_quantum_stack,membership,correctness_auc,0.505
MNIST_QNN_eff_su2_r1_d2_s44,noisy_shot,1024,6,2026,ibm_kingston,True,full_main_quantum_stack,membership,max_probability_auc,0.5087
MNIST_QNN_eff_su2_r1_d2_s44,noisy_shot,1024,6,2026,ibm_kingston,True,full_main_quantum_stack,target,generalization_gap_accuracy,0.009999990463256836
MNIST_QNN_eff_su2_r1_d2_s44,noisy_shot,1024,7,2026,ibm_kingston,True,full_main_quantum_stack,train,target_accuracy,0.7699999809265137
MNIST_QNN_eff_su2_r1_d2_s44,noisy_shot,1024,7,2026,ibm_kingston,True,full_main_quantum_stack,train,target_loss,0.5775242447853088
MNIST_QNN_eff_su2_r1_d2_s44,noisy_shot,1024,7,2026,ibm_kingston,True,full_main_quantum_stack,train,n_records,100.0
MNIST_QNN_eff_su2_r1_d2_s44,noisy_shot,1024,7,2026,ibm_kingston,True,full_main_quantum_stack,test,target_accuracy,0.6899999976158142
MNIST_QNN_eff_su2_r1_d2_s44,noisy_shot,1024,7,2026,ibm_kingston,True,full_main_quantum_stack,test,target_loss,0.6441735625267029
MNIST_QNN_eff_su2_r1_d2_s44,noisy_shot,1024,7,2026,ibm_kingston,True,full_main_quantum_stack,test,n_records,100.0
MNIST_QNN_eff_su2_r1_d2_s44,noisy_shot,1024,7,2026,ibm_kingston,True,full_main_quantum_stack,membership,loss_auc,0.5347000000000001
MNIST_QNN_eff_su2_r1_d2_s44,noisy_shot,1024,7,2026,ibm_kingston,True,full_main_quantum_stack,membership,entropy_auc,0.5108
MNIST_QNN_eff_su2_r1_d2_s44,noisy_shot,1024,7,2026,ibm_kingston,True,full_main_quantum_stack,membership,confidence_auc,0.5124
MNIST_QNN_eff_su2_r1_d2_s44,noisy_shot,1024,7,2026,ibm_kingston,True,full_main_quantum_stack,membership,margin_auc,0.519
MNIST_QNN_eff_su2_r1_d2_s44,noisy_shot,1024,7,2026,ibm_kingston,True,full_main_quantum_stack,membership,correctness_auc,0.54
MNIST_QNN_eff_su2_r1_d2_s44,noisy_shot,1024,7,2026,ibm_kingston,True,full_main_quantum_stack,membership,max_probability_auc,0.5124
MNIST_QNN_eff_su2_r1_d2_s44,noisy_shot,1024,7,2026,ibm_kingston,True,full_main_quantum_stack,target,generalization_gap_accuracy,0.07999998331069946
MNIST_QNN_eff_su2_r1_d2_s44,noisy_shot,1024,8,2026,ibm_kingston,True,full_main_quantum_stack,train,target_accuracy,0.7599999904632568
MNIST_QNN_eff_su2_r1_d2_s44,noisy_shot,1024,8,2026,ibm_kingston,True,full_main_quantum_stack,train,target_loss,0.613365113735199
MNIST_QNN_eff_su2_r1_d2_s44,noisy_shot,1024,8,2026,ibm_kingston,True,full_main_quantum_stack,train,n_records,100.0
MNIST_QNN_eff_su2_r1_d2_s44,noisy_shot,1024,8,2026,ibm_kingston,True,full_main_quantum_stack,test,target_accuracy,0.6600000262260437
MNIST_QNN_eff_su2_r1_d2_s44,noisy_shot,1024,8,2026,ibm_kingston,True,full_main_quantum_stack,test,target_loss,0.6803808808326721
MNIST_QNN_eff_su2_r1_d2_s44,noisy_shot,1024,8,2026,ibm_kingston,True,full_main_quantum_stack,test,n_records,100.0
MNIST_QNN_eff_su2_r1_d2_s44,noisy_shot,1024,8,2026,ibm_kingston,True,full_main_quantum_stack,membership,loss_auc,0.5313000000000001
MNIST_QNN_eff_su2_r1_d2_s44,noisy_shot,1024,8,2026,ibm_kingston,True,full_main_quantum_stack,membership,entropy_auc,0.5198999999999999
MNIST_QNN_eff_su2_r1_d2_s44,noisy_shot,1024,8,2026,ibm_kingston,True,full_main_quantum_stack,membership,confidence_auc,0.5191000000000001
MNIST_QNN_eff_su2_r1_d2_s44,noisy_shot,1024,8,2026,ibm_kingston,True,full_main_quantum_stack,membership,margin_auc,0.5242
MNIST_QNN_eff_su2_r1_d2_s44,noisy_shot,1024,8,2026,ibm_kingston,True,full_main_quantum_stack,membership,correctness_auc,0.55
MNIST_QNN_eff_su2_r1_d2_s44,noisy_shot,1024,8,2026,ibm_kingston,True,full_main_quantum_stack,membership,max_probability_auc,0.5191000000000001
MNIST_QNN_eff_su2_r1_d2_s44,noisy_shot,1024,8,2026,ibm_kingston,True,full_main_quantum_stack,target,generalization_gap_accuracy,0.09999996423721313
MNIST_QNN_eff_su2_r1_d2_s44,noisy_shot,1024,9,2026,ibm_kingston,True,full_main_quantum_stack,train,target_accuracy,0.7599999904632568
MNIST_QNN_eff_su2_r1_d2_s44,noisy_shot,1024,9,2026,ibm_kingston,True,full_main_quantum_stack,train,target_loss,0.573075532913208
MNIST_QNN_eff_su2_r1_d2_s44,noisy_shot,1024,9,2026,ibm_kingston,True,full_main_quantum_stack,train,n_records,100.0
MNIST_QNN_eff_su2_r1_d2_s44,noisy_shot,1024,9,2026,ibm_kingston,True,full_main_quantum_stack,test,target_accuracy,0.6800000071525574
MNIST_QNN_eff_su2_r1_d2_s44,noisy_shot,1024,9,2026,ibm_kingston,True,full_main_quantum_stack,test,target_loss,0.6937606334686279
MNIST_QNN_eff_su2_r1_d2_s44,noisy_shot,1024,9,2026,ibm_kingston,True,full_main_quantum_stack,test,n_records,100.0
MNIST_QNN_eff_su2_r1_d2_s44,noisy_shot,1024,9,2026,ibm_kingston,True,full_main_quantum_stack,membership,loss_auc,0.5462
MNIST_QNN_eff_su2_r1_d2_s44,noisy_shot,1024,9,2026,ibm_kingston,True,full_main_quantum_stack,membership,entropy_auc,0.5085
MNIST_QNN_eff_su2_r1_d2_s44,noisy_shot,1024,9,2026,ibm_kingston,True,full_main_quantum_stack,membership,confidence_auc,0.5063
MNIST_QNN_eff_su2_r1_d2_s44,noisy_shot,1024,9,2026,ibm_kingston,True,full_main_quantum_stack,membership,margin_auc,0.5121
MNIST_QNN_eff_su2_r1_d2_s44,noisy_shot,1024,9,2026,ibm_kingston,True,full_main_quantum_stack,membership,correctness_auc,0.54
MNIST_QNN_eff_su2_r1_d2_s44,noisy_shot,1024,9,2026,ibm_kingston,True,full_main_quantum_stack,membership,max_probability_auc,0.5063
MNIST_QNN_eff_su2_r1_d2_s44,noisy_shot,1024,9,2026,ibm_kingston,True,full_main_quantum_stack,target,generalization_gap_accuracy,0.07999998331069946
