target_id,mode,shots,simulator_seed,transpiler_seed,backend_name,noise_model_loaded,quantum_execution_scope,metric_scope,metric_name,value
MNIST_QNN_eff_su2_r5_d2_s43,exact,0,-1,2026,none,False,exact_full_model,train,target_accuracy,0.8799999952316284
MNIST_QNN_eff_su2_r5_d2_s43,exact,0,-1,2026,none,False,exact_full_model,train,target_loss,0.32673266530036926
MNIST_QNN_eff_su2_r5_d2_s43,exact,0,-1,2026,none,False,exact_full_model,train,n_records,100.0
MNIST_QNN_eff_su2_r5_d2_s43,exact,0,-1,2026,none,False,exact_full_model,test,target_accuracy,0.800000011920929
MNIST_QNN_eff_su2_r5_d2_s43,exact,0,-1,2026,none,False,exact_full_model,test,target_loss,0.5894482135772705
MNIST_QNN_eff_su2_r5_d2_s43,exact,0,-1,2026,none,False,exact_full_model,test,n_records,100.0
MNIST_QNN_eff_su2_r5_d2_s43,exact,0,-1,2026,none,False,exact_full_model,membership,loss_auc,0.5435
MNIST_QNN_eff_su2_r5_d2_s43,exact,0,-1,2026,none,False,exact_full_model,membership,entropy_auc,0.5009
MNIST_QNN_eff_su2_r5_d2_s43,exact,0,-1,2026,none,False,exact_full_model,membership,confidence_auc,0.5036
MNIST_QNN_eff_su2_r5_d2_s43,exact,0,-1,2026,none,False,exact_full_model,membership,margin_auc,0.5062
MNIST_QNN_eff_su2_r5_d2_s43,exact,0,-1,2026,none,False,exact_full_model,membership,correctness_auc,0.54
MNIST_QNN_eff_su2_r5_d2_s43,exact,0,-1,2026,none,False,exact_full_model,membership,max_probability_auc,0.5036
MNIST_QNN_eff_su2_r5_d2_s43,exact,0,-1,2026,none,False,exact_full_model,target,generalization_gap_accuracy,0.07999998331069946
MNIST_QNN_eff_su2_r5_d2_s43,ideal_shot,128,0,2026,ibm_kingston,False,full_main_quantum_stack,train,target_accuracy,0.8100000023841858
MNIST_QNN_eff_su2_r5_d2_s43,ideal_shot,128,0,2026,ibm_kingston,False,full_main_quantum_stack,train,target_loss,0.4765317440032959
MNIST_QNN_eff_su2_r5_d2_s43,ideal_shot,128,0,2026,ibm_kingston,False,full_main_quantum_stack,train,n_records,100.0
MNIST_QNN_eff_su2_r5_d2_s43,ideal_shot,128,0,2026,ibm_kingston,False,full_main_quantum_stack,test,target_accuracy,0.699999988079071
MNIST_QNN_eff_su2_r5_d2_s43,ideal_shot,128,0,2026,ibm_kingston,False,full_main_quantum_stack,test,target_loss,0.8792718648910522
MNIST_QNN_eff_su2_r5_d2_s43,ideal_shot,128,0,2026,ibm_kingston,False,full_main_quantum_stack,test,n_records,100.0
MNIST_QNN_eff_su2_r5_d2_s43,ideal_shot,128,0,2026,ibm_kingston,False,full_main_quantum_stack,membership,loss_auc,0.5891
MNIST_QNN_eff_su2_r5_d2_s43,ideal_shot,128,0,2026,ibm_kingston,False,full_main_quantum_stack,membership,entropy_auc,0.5453
MNIST_QNN_eff_su2_r5_d2_s43,ideal_shot,128,0,2026,ibm_kingston,False,full_main_quantum_stack,membership,confidence_auc,0.5508000000000001
MNIST_QNN_eff_su2_r5_d2_s43,ideal_shot,128,0,2026,ibm_kingston,False,full_main_quantum_stack,membership,margin_auc,0.5537
MNIST_QNN_eff_su2_r5_d2_s43,ideal_shot,128,0,2026,ibm_kingston,False,full_main_quantum_stack,membership,correctness_auc,0.555
MNIST_QNN_eff_su2_r5_d2_s43,ideal_shot,128,0,2026,ibm_kingston,False,full_main_quantum_stack,membership,max_probability_auc,0.5508000000000001
MNIST_QNN_eff_su2_r5_d2_s43,ideal_shot,128,0,2026,ibm_kingston,False,full_main_quantum_stack,target,generalization_gap_accuracy,0.11000001430511475
MNIST_QNN_eff_su2_r5_d2_s43,ideal_shot,128,1,2026,ibm_kingston,False,full_main_quantum_stack,train,target_accuracy,0.7900000214576721
MNIST_QNN_eff_su2_r5_d2_s43,ideal_shot,128,1,2026,ibm_kingston,False,full_main_quantum_stack,train,target_loss,0.5343895554542542
MNIST_QNN_eff_su2_r5_d2_s43,ideal_shot,128,1,2026,ibm_kingston,False,full_main_quantum_stack,train,n_records,100.0
MNIST_QNN_eff_su2_r5_d2_s43,ideal_shot,128,1,2026,ibm_kingston,False,full_main_quantum_stack,test,target_accuracy,0.6800000071525574
MNIST_QNN_eff_su2_r5_d2_s43,ideal_shot,128,1,2026,ibm_kingston,False,full_main_quantum_stack,test,target_loss,0.9011428952217102
MNIST_QNN_eff_su2_r5_d2_s43,ideal_shot,128,1,2026,ibm_kingston,False,full_main_quantum_stack,test,n_records,100.0
MNIST_QNN_eff_su2_r5_d2_s43,ideal_shot,128,1,2026,ibm_kingston,False,full_main_quantum_stack,membership,loss_auc,0.5909
MNIST_QNN_eff_su2_r5_d2_s43,ideal_shot,128,1,2026,ibm_kingston,False,full_main_quantum_stack,membership,entropy_auc,0.5538000000000001
MNIST_QNN_eff_su2_r5_d2_s43,ideal_shot,128,1,2026,ibm_kingston,False,full_main_quantum_stack,membership,confidence_auc,0.5505
MNIST_QNN_eff_su2_r5_d2_s43,ideal_shot,128,1,2026,ibm_kingston,False,full_main_quantum_stack,membership,margin_auc,0.5486000000000001
MNIST_QNN_eff_su2_r5_d2_s43,ideal_shot,128,1,2026,ibm_kingston,False,full_main_quantum_stack,membership,correctness_auc,0.5549999999999999
MNIST_QNN_eff_su2_r5_d2_s43,ideal_shot,128,1,2026,ibm_kingston,False,full_main_quantum_stack,membership,max_probability_auc,0.5505
MNIST_QNN_eff_su2_r5_d2_s43,ideal_shot,128,1,2026,ibm_kingston,False,full_main_quantum_stack,target,generalization_gap_accuracy,0.11000001430511475
MNIST_QNN_eff_su2_r5_d2_s43,ideal_shot,128,2,2026,ibm_kingston,False,full_main_quantum_stack,train,target_accuracy,0.7400000095367432
MNIST_QNN_eff_su2_r5_d2_s43,ideal_shot,128,2,2026,ibm_kingston,False,full_main_quantum_stack,train,target_loss,0.6673951148986816
MNIST_QNN_eff_su2_r5_d2_s43,ideal_shot,128,2,2026,ibm_kingston,False,full_main_quantum_stack,train,n_records,100.0
MNIST_QNN_eff_su2_r5_d2_s43,ideal_shot,128,2,2026,ibm_kingston,False,full_main_quantum_stack,test,target_accuracy,0.75
MNIST_QNN_eff_su2_r5_d2_s43,ideal_shot,128,2,2026,ibm_kingston,False,full_main_quantum_stack,test,target_loss,0.8020194172859192
MNIST_QNN_eff_su2_r5_d2_s43,ideal_shot,128,2,2026,ibm_kingston,False,full_main_quantum_stack,test,n_records,100.0
MNIST_QNN_eff_su2_r5_d2_s43,ideal_shot,128,2,2026,ibm_kingston,False,full_main_quantum_stack,membership,loss_auc,0.4975
MNIST_QNN_eff_su2_r5_d2_s43,ideal_shot,128,2,2026,ibm_kingston,False,full_main_quantum_stack,membership,entropy_auc,0.4553999999999999
MNIST_QNN_eff_su2_r5_d2_s43,ideal_shot,128,2,2026,ibm_kingston,False,full_main_quantum_stack,membership,confidence_auc,0.44680000000000003
MNIST_QNN_eff_su2_r5_d2_s43,ideal_shot,128,2,2026,ibm_kingston,False,full_main_quantum_stack,membership,margin_auc,0.4419
MNIST_QNN_eff_su2_r5_d2_s43,ideal_shot,128,2,2026,ibm_kingston,False,full_main_quantum_stack,membership,correctness_auc,0.495
MNIST_QNN_eff_su2_r5_d2_s43,ideal_shot,128,2,2026,ibm_kingston,False,full_main_quantum_stack,membership,max_probability_auc,0.44680000000000003
MNIST_QNN_eff_su2_r5_d2_s43,ideal_shot,128,2,2026,ibm_kingston,False,full_main_quantum_stack,target,generalization_gap_accuracy,-0.009999990463256836
MNIST_QNN_eff_su2_r5_d2_s43,ideal_shot,128,3,2026,ibm_kingston,False,full_main_quantum_stack,train,target_accuracy,0.8100000023841858
MNIST_QNN_eff_su2_r5_d2_s43,ideal_shot,128,3,2026,ibm_kingston,False,full_main_quantum_stack,train,target_loss,0.5294777154922485
MNIST_QNN_eff_su2_r5_d2_s43,ideal_shot,128,3,2026,ibm_kingston,False,full_main_quantum_stack,train,n_records,100.0
MNIST_QNN_eff_su2_r5_d2_s43,ideal_shot,128,3,2026,ibm_kingston,False,full_main_quantum_stack,test,target_accuracy,0.6899999976158142
MNIST_QNN_eff_su2_r5_d2_s43,ideal_shot,128,3,2026,ibm_kingston,False,full_main_quantum_stack,test,target_loss,0.8405695557594299
MNIST_QNN_eff_su2_r5_d2_s43,ideal_shot,128,3,2026,ibm_kingston,False,full_main_quantum_stack,test,n_records,100.0
MNIST_QNN_eff_su2_r5_d2_s43,ideal_shot,128,3,2026,ibm_kingston,False,full_main_quantum_stack,membership,loss_auc,0.5471
MNIST_QNN_eff_su2_r5_d2_s43,ideal_shot,128,3,2026,ibm_kingston,False,full_main_quantum_stack,membership,entropy_auc,0.4922
MNIST_QNN_eff_su2_r5_d2_s43,ideal_shot,128,3,2026,ibm_kingston,False,full_main_quantum_stack,membership,confidence_auc,0.4906
MNIST_QNN_eff_su2_r5_d2_s43,ideal_shot,128,3,2026,ibm_kingston,False,full_main_quantum_stack,membership,margin_auc,0.4915
MNIST_QNN_eff_su2_r5_d2_s43,ideal_shot,128,3,2026,ibm_kingston,False,full_main_quantum_stack,membership,correctness_auc,0.56
MNIST_QNN_eff_su2_r5_d2_s43,ideal_shot,128,3,2026,ibm_kingston,False,full_main_quantum_stack,membership,max_probability_auc,0.4906
MNIST_QNN_eff_su2_r5_d2_s43,ideal_shot,128,3,2026,ibm_kingston,False,full_main_quantum_stack,target,generalization_gap_accuracy,0.12000000476837158
MNIST_QNN_eff_su2_r5_d2_s43,ideal_shot,128,4,2026,ibm_kingston,False,full_main_quantum_stack,train,target_accuracy,0.7200000286102295
MNIST_QNN_eff_su2_r5_d2_s43,ideal_shot,128,4,2026,ibm_kingston,False,full_main_quantum_stack,train,target_loss,0.5674233436584473
MNIST_QNN_eff_su2_r5_d2_s43,ideal_shot,128,4,2026,ibm_kingston,False,full_main_quantum_stack,train,n_records,100.0
MNIST_QNN_eff_su2_r5_d2_s43,ideal_shot,128,4,2026,ibm_kingston,False,full_main_quantum_stack,test,target_accuracy,0.7599999904632568
MNIST_QNN_eff_su2_r5_d2_s43,ideal_shot,128,4,2026,ibm_kingston,False,full_main_quantum_stack,test,target_loss,0.7425068020820618
MNIST_QNN_eff_su2_r5_d2_s43,ideal_shot,128,4,2026,ibm_kingston,False,full_main_quantum_stack,test,n_records,100.0
MNIST_QNN_eff_su2_r5_d2_s43,ideal_shot,128,4,2026,ibm_kingston,False,full_main_quantum_stack,membership,loss_auc,0.5177
MNIST_QNN_eff_su2_r5_d2_s43,ideal_shot,128,4,2026,ibm_kingston,False,full_main_quantum_stack,membership,entropy_auc,0.4769
MNIST_QNN_eff_su2_r5_d2_s43,ideal_shot,128,4,2026,ibm_kingston,False,full_main_quantum_stack,membership,confidence_auc,0.48810000000000003
MNIST_QNN_eff_su2_r5_d2_s43,ideal_shot,128,4,2026,ibm_kingston,False,full_main_quantum_stack,membership,margin_auc,0.4894
MNIST_QNN_eff_su2_r5_d2_s43,ideal_shot,128,4,2026,ibm_kingston,False,full_main_quantum_stack,membership,correctness_auc,0.48
MNIST_QNN_eff_su2_r5_d2_s43,ideal_shot,128,4,2026,ibm_kingston,False,full_main_quantum_stack,membership,max_probability_auc,0.48810000000000003
MNIST_QNN_eff_su2_r5_d2_s43,ideal_shot,128,4,2026,ibm_kingston,False,full_main_quantum_stack,target,generalization_gap_accuracy,-0.039999961853027344
MNIST_QNN_eff_su2_r5_d2_s43,ideal_shot,128,5,2026,ibm_kingston,False,full_main_quantum_stack,train,target_accuracy,0.7599999904632568
MNIST_QNN_eff_su2_r5_d2_s43,ideal_shot,128,5,2026,ibm_kingston,False,full_main_quantum_stack,train,target_loss,0.49301600456237793
MNIST_QNN_eff_su2_r5_d2_s43,ideal_shot,128,5,2026,ibm_kingston,False,full_main_quantum_stack,train,n_records,100.0
MNIST_QNN_eff_su2_r5_d2_s43,ideal_shot,128,5,2026,ibm_kingston,False,full_main_quantum_stack,test,target_accuracy,0.6899999976158142
MNIST_QNN_eff_su2_r5_d2_s43,ideal_shot,128,5,2026,ibm_kingston,False,full_main_quantum_stack,test,target_loss,0.8852275013923645
MNIST_QNN_eff_su2_r5_d2_s43,ideal_shot,128,5,2026,ibm_kingston,False,full_main_quantum_stack,test,n_records,100.0
MNIST_QNN_eff_su2_r5_d2_s43,ideal_shot,128,5,2026,ibm_kingston,False,full_main_quantum_stack,membership,loss_auc,0.5601
MNIST_QNN_eff_su2_r5_d2_s43,ideal_shot,128,5,2026,ibm_kingston,False,full_main_quantum_stack,membership,entropy_auc,0.5177999999999999
MNIST_QNN_eff_su2_r5_d2_s43,ideal_shot,128,5,2026,ibm_kingston,False,full_main_quantum_stack,membership,confidence_auc,0.5127
MNIST_QNN_eff_su2_r5_d2_s43,ideal_shot,128,5,2026,ibm_kingston,False,full_main_quantum_stack,membership,margin_auc,0.5061
MNIST_QNN_eff_su2_r5_d2_s43,ideal_shot,128,5,2026,ibm_kingston,False,full_main_quantum_stack,membership,correctness_auc,0.535
MNIST_QNN_eff_su2_r5_d2_s43,ideal_shot,128,5,2026,ibm_kingston,False,full_main_quantum_stack,membership,max_probability_auc,0.5127
MNIST_QNN_eff_su2_r5_d2_s43,ideal_shot,128,5,2026,ibm_kingston,False,full_main_quantum_stack,target,generalization_gap_accuracy,0.06999999284744263
MNIST_QNN_eff_su2_r5_d2_s43,ideal_shot,128,6,2026,ibm_kingston,False,full_main_quantum_stack,train,target_accuracy,0.7200000286102295
MNIST_QNN_eff_su2_r5_d2_s43,ideal_shot,128,6,2026,ibm_kingston,False,full_main_quantum_stack,train,target_loss,0.5865145921707153
MNIST_QNN_eff_su2_r5_d2_s43,ideal_shot,128,6,2026,ibm_kingston,False,full_main_quantum_stack,train,n_records,100.0
MNIST_QNN_eff_su2_r5_d2_s43,ideal_shot,128,6,2026,ibm_kingston,False,full_main_quantum_stack,test,target_accuracy,0.6899999976158142
MNIST_QNN_eff_su2_r5_d2_s43,ideal_shot,128,6,2026,ibm_kingston,False,full_main_quantum_stack,test,target_loss,0.9487287402153015
MNIST_QNN_eff_su2_r5_d2_s43,ideal_shot,128,6,2026,ibm_kingston,False,full_main_quantum_stack,test,n_records,100.0
MNIST_QNN_eff_su2_r5_d2_s43,ideal_shot,128,6,2026,ibm_kingston,False,full_main_quantum_stack,membership,loss_auc,0.5519999999999999
MNIST_QNN_eff_su2_r5_d2_s43,ideal_shot,128,6,2026,ibm_kingston,False,full_main_quantum_stack,membership,entropy_auc,0.51
MNIST_QNN_eff_su2_r5_d2_s43,ideal_shot,128,6,2026,ibm_kingston,False,full_main_quantum_stack,membership,confidence_auc,0.5173000000000001
MNIST_QNN_eff_su2_r5_d2_s43,ideal_shot,128,6,2026,ibm_kingston,False,full_main_quantum_stack,membership,margin_auc,0.5262
MNIST_QNN_eff_su2_r5_d2_s43,ideal_shot,128,6,2026,ibm_kingston,False,full_main_quantum_stack,membership,correctness_auc,0.515
MNIST_QNN_eff_su2_r5_d2_s43,ideal_shot,128,6,2026,ibm_kingston,False,full_main_quantum_stack,membership,max_probability_auc,0.5173000000000001
MNIST_QNN_eff_su2_r5_d2_s43,ideal_shot,128,6,2026,ibm_kingston,False,full_main_quantum_stack,target,generalization_gap_accuracy,0.030000030994415283
MNIST_QNN_eff_su2_r5_d2_s43,ideal_shot,128,7,2026,ibm_kingston,False,full_main_quantum_stack,train,target_accuracy,0.7699999809265137
MNIST_QNN_eff_su2_r5_d2_s43,ideal_shot,128,7,2026,ibm_kingston,False,full_main_quantum_stack,train,target_loss,0.5448182821273804
MNIST_QNN_eff_su2_r5_d2_s43,ideal_shot,128,7,2026,ibm_kingston,False,full_main_quantum_stack,train,n_records,100.0
MNIST_QNN_eff_su2_r5_d2_s43,ideal_shot,128,7,2026,ibm_kingston,False,full_main_quantum_stack,test,target_accuracy,0.699999988079071
MNIST_QNN_eff_su2_r5_d2_s43,ideal_shot,128,7,2026,ibm_kingston,False,full_main_quantum_stack,test,target_loss,0.8412860631942749
MNIST_QNN_eff_su2_r5_d2_s43,ideal_shot,128,7,2026,ibm_kingston,False,full_main_quantum_stack,test,n_records,100.0
MNIST_QNN_eff_su2_r5_d2_s43,ideal_shot,128,7,2026,ibm_kingston,False,full_main_quantum_stack,membership,loss_auc,0.5398
MNIST_QNN_eff_su2_r5_d2_s43,ideal_shot,128,7,2026,ibm_kingston,False,full_main_quantum_stack,membership,entropy_auc,0.47739999999999994
MNIST_QNN_eff_su2_r5_d2_s43,ideal_shot,128,7,2026,ibm_kingston,False,full_main_quantum_stack,membership,confidence_auc,0.48150000000000004
MNIST_QNN_eff_su2_r5_d2_s43,ideal_shot,128,7,2026,ibm_kingston,False,full_main_quantum_stack,membership,margin_auc,0.48579999999999995
MNIST_QNN_eff_su2_r5_d2_s43,ideal_shot,128,7,2026,ibm_kingston,False,full_main_quantum_stack,membership,correctness_auc,0.535
MNIST_QNN_eff_su2_r5_d2_s43,ideal_shot,128,7,2026,ibm_kingston,False,full_main_quantum_stack,membership,max_probability_auc,0.48150000000000004
MNIST_QNN_eff_su2_r5_d2_s43,ideal_shot,128,7,2026,ibm_kingston,False,full_main_quantum_stack,target,generalization_gap_accuracy,0.06999999284744263
MNIST_QNN_eff_su2_r5_d2_s43,ideal_shot,128,8,2026,ibm_kingston,False,full_main_quantum_stack,train,target_accuracy,0.699999988079071
MNIST_QNN_eff_su2_r5_d2_s43,ideal_shot,128,8,2026,ibm_kingston,False,full_main_quantum_stack,train,target_loss,0.7231093645095825
MNIST_QNN_eff_su2_r5_d2_s43,ideal_shot,128,8,2026,ibm_kingston,False,full_main_quantum_stack,train,n_records,100.0
MNIST_QNN_eff_su2_r5_d2_s43,ideal_shot,128,8,2026,ibm_kingston,False,full_main_quantum_stack,test,target_accuracy,0.6899999976158142
MNIST_QNN_eff_su2_r5_d2_s43,ideal_shot,128,8,2026,ibm_kingston,False,full_main_quantum_stack,test,target_loss,0.8850102424621582
MNIST_QNN_eff_su2_r5_d2_s43,ideal_shot,128,8,2026,ibm_kingston,False,full_main_quantum_stack,test,n_records,100.0
MNIST_QNN_eff_su2_r5_d2_s43,ideal_shot,128,8,2026,ibm_kingston,False,full_main_quantum_stack,membership,loss_auc,0.5455
MNIST_QNN_eff_su2_r5_d2_s43,ideal_shot,128,8,2026,ibm_kingston,False,full_main_quantum_stack,membership,entropy_auc,0.527
MNIST_QNN_eff_su2_r5_d2_s43,ideal_shot,128,8,2026,ibm_kingston,False,full_main_quantum_stack,membership,confidence_auc,0.5428999999999999
MNIST_QNN_eff_su2_r5_d2_s43,ideal_shot,128,8,2026,ibm_kingston,False,full_main_quantum_stack,membership,margin_auc,0.5465999999999999
MNIST_QNN_eff_su2_r5_d2_s43,ideal_shot,128,8,2026,ibm_kingston,False,full_main_quantum_stack,membership,correctness_auc,0.505
MNIST_QNN_eff_su2_r5_d2_s43,ideal_shot,128,8,2026,ibm_kingston,False,full_main_quantum_stack,membership,max_probability_auc,0.5428999999999999
MNIST_QNN_eff_su2_r5_d2_s43,ideal_shot,128,8,2026,ibm_kingston,False,full_main_quantum_stack,target,generalization_gap_accuracy,0.009999990463256836
MNIST_QNN_eff_su2_r5_d2_s43,ideal_shot,128,9,2026,ibm_kingston,False,full_main_quantum_stack,train,target_accuracy,0.7400000095367432
MNIST_QNN_eff_su2_r5_d2_s43,ideal_shot,128,9,2026,ibm_kingston,False,full_main_quantum_stack,train,target_loss,0.6634835600852966
MNIST_QNN_eff_su2_r5_d2_s43,ideal_shot,128,9,2026,ibm_kingston,False,full_main_quantum_stack,train,n_records,100.0
MNIST_QNN_eff_su2_r5_d2_s43,ideal_shot,128,9,2026,ibm_kingston,False,full_main_quantum_stack,test,target_accuracy,0.699999988079071
MNIST_QNN_eff_su2_r5_d2_s43,ideal_shot,128,9,2026,ibm_kingston,False,full_main_quantum_stack,test,target_loss,0.8853612542152405
MNIST_QNN_eff_su2_r5_d2_s43,ideal_shot,128,9,2026,ibm_kingston,False,full_main_quantum_stack,test,n_records,100.0
MNIST_QNN_eff_su2_r5_d2_s43,ideal_shot,128,9,2026,ibm_kingston,False,full_main_quantum_stack,membership,loss_auc,0.5269999999999999
MNIST_QNN_eff_su2_r5_d2_s43,ideal_shot,128,9,2026,ibm_kingston,False,full_main_quantum_stack,membership,entropy_auc,0.4845
MNIST_QNN_eff_su2_r5_d2_s43,ideal_shot,128,9,2026,ibm_kingston,False,full_main_quantum_stack,membership,confidence_auc,0.5015000000000001
MNIST_QNN_eff_su2_r5_d2_s43,ideal_shot,128,9,2026,ibm_kingston,False,full_main_quantum_stack,membership,margin_auc,0.5095
MNIST_QNN_eff_su2_r5_d2_s43,ideal_shot,128,9,2026,ibm_kingston,False,full_main_quantum_stack,membership,correctness_auc,0.52
MNIST_QNN_eff_su2_r5_d2_s43,ideal_shot,128,9,2026,ibm_kingston,False,full_main_quantum_stack,membership,max_probability_auc,0.5015000000000001
MNIST_QNN_eff_su2_r5_d2_s43,ideal_shot,128,9,2026,ibm_kingston,False,full_main_quantum_stack,target,generalization_gap_accuracy,0.04000002145767212
MNIST_QNN_eff_su2_r5_d2_s43,ideal_shot,512,0,2026,ibm_kingston,False,full_main_quantum_stack,train,target_accuracy,0.8700000047683716
MNIST_QNN_eff_su2_r5_d2_s43,ideal_shot,512,0,2026,ibm_kingston,False,full_main_quantum_stack,train,target_loss,0.3288570046424866
MNIST_QNN_eff_su2_r5_d2_s43,ideal_shot,512,0,2026,ibm_kingston,False,full_main_quantum_stack,train,n_records,100.0
MNIST_QNN_eff_su2_r5_d2_s43,ideal_shot,512,0,2026,ibm_kingston,False,full_main_quantum_stack,test,target_accuracy,0.7799999713897705
MNIST_QNN_eff_su2_r5_d2_s43,ideal_shot,512,0,2026,ibm_kingston,False,full_main_quantum_stack,test,target_loss,0.6287824511528015
MNIST_QNN_eff_su2_r5_d2_s43,ideal_shot,512,0,2026,ibm_kingston,False,full_main_quantum_stack,test,n_records,100.0
MNIST_QNN_eff_su2_r5_d2_s43,ideal_shot,512,0,2026,ibm_kingston,False,full_main_quantum_stack,membership,loss_auc,0.5689
MNIST_QNN_eff_su2_r5_d2_s43,ideal_shot,512,0,2026,ibm_kingston,False,full_main_quantum_stack,membership,entropy_auc,0.5234
MNIST_QNN_eff_su2_r5_d2_s43,ideal_shot,512,0,2026,ibm_kingston,False,full_main_quantum_stack,membership,confidence_auc,0.5173
MNIST_QNN_eff_su2_r5_d2_s43,ideal_shot,512,0,2026,ibm_kingston,False,full_main_quantum_stack,membership,margin_auc,0.5161
MNIST_QNN_eff_su2_r5_d2_s43,ideal_shot,512,0,2026,ibm_kingston,False,full_main_quantum_stack,membership,correctness_auc,0.5449999999999999
MNIST_QNN_eff_su2_r5_d2_s43,ideal_shot,512,0,2026,ibm_kingston,False,full_main_quantum_stack,membership,max_probability_auc,0.5173
MNIST_QNN_eff_su2_r5_d2_s43,ideal_shot,512,0,2026,ibm_kingston,False,full_main_quantum_stack,target,generalization_gap_accuracy,0.09000003337860107
MNIST_QNN_eff_su2_r5_d2_s43,ideal_shot,512,1,2026,ibm_kingston,False,full_main_quantum_stack,train,target_accuracy,0.8199999928474426
MNIST_QNN_eff_su2_r5_d2_s43,ideal_shot,512,1,2026,ibm_kingston,False,full_main_quantum_stack,train,target_loss,0.43554288148880005
MNIST_QNN_eff_su2_r5_d2_s43,ideal_shot,512,1,2026,ibm_kingston,False,full_main_quantum_stack,train,n_records,100.0
MNIST_QNN_eff_su2_r5_d2_s43,ideal_shot,512,1,2026,ibm_kingston,False,full_main_quantum_stack,test,target_accuracy,0.75
MNIST_QNN_eff_su2_r5_d2_s43,ideal_shot,512,1,2026,ibm_kingston,False,full_main_quantum_stack,test,target_loss,0.6673005819320679
MNIST_QNN_eff_su2_r5_d2_s43,ideal_shot,512,1,2026,ibm_kingston,False,full_main_quantum_stack,test,n_records,100.0
MNIST_QNN_eff_su2_r5_d2_s43,ideal_shot,512,1,2026,ibm_kingston,False,full_main_quantum_stack,membership,loss_auc,0.5429
MNIST_QNN_eff_su2_r5_d2_s43,ideal_shot,512,1,2026,ibm_kingston,False,full_main_quantum_stack,membership,entropy_auc,0.5167999999999999
MNIST_QNN_eff_su2_r5_d2_s43,ideal_shot,512,1,2026,ibm_kingston,False,full_main_quantum_stack,membership,confidence_auc,0.5141
MNIST_QNN_eff_su2_r5_d2_s43,ideal_shot,512,1,2026,ibm_kingston,False,full_main_quantum_stack,membership,margin_auc,0.5125
MNIST_QNN_eff_su2_r5_d2_s43,ideal_shot,512,1,2026,ibm_kingston,False,full_main_quantum_stack,membership,correctness_auc,0.5349999999999999
MNIST_QNN_eff_su2_r5_d2_s43,ideal_shot,512,1,2026,ibm_kingston,False,full_main_quantum_stack,membership,max_probability_auc,0.5141
MNIST_QNN_eff_su2_r5_d2_s43,ideal_shot,512,1,2026,ibm_kingston,False,full_main_quantum_stack,target,generalization_gap_accuracy,0.06999999284744263
MNIST_QNN_eff_su2_r5_d2_s43,ideal_shot,512,2,2026,ibm_kingston,False,full_main_quantum_stack,train,target_accuracy,0.8100000023841858
MNIST_QNN_eff_su2_r5_d2_s43,ideal_shot,512,2,2026,ibm_kingston,False,full_main_quantum_stack,train,target_loss,0.41625526547431946
MNIST_QNN_eff_su2_r5_d2_s43,ideal_shot,512,2,2026,ibm_kingston,False,full_main_quantum_stack,train,n_records,100.0
MNIST_QNN_eff_su2_r5_d2_s43,ideal_shot,512,2,2026,ibm_kingston,False,full_main_quantum_stack,test,target_accuracy,0.8100000023841858
MNIST_QNN_eff_su2_r5_d2_s43,ideal_shot,512,2,2026,ibm_kingston,False,full_main_quantum_stack,test,target_loss,0.689760684967041
MNIST_QNN_eff_su2_r5_d2_s43,ideal_shot,512,2,2026,ibm_kingston,False,full_main_quantum_stack,test,n_records,100.0
MNIST_QNN_eff_su2_r5_d2_s43,ideal_shot,512,2,2026,ibm_kingston,False,full_main_quantum_stack,membership,loss_auc,0.5386
MNIST_QNN_eff_su2_r5_d2_s43,ideal_shot,512,2,2026,ibm_kingston,False,full_main_quantum_stack,membership,entropy_auc,0.4946
MNIST_QNN_eff_su2_r5_d2_s43,ideal_shot,512,2,2026,ibm_kingston,False,full_main_quantum_stack,membership,confidence_auc,0.49620000000000003
MNIST_QNN_eff_su2_r5_d2_s43,ideal_shot,512,2,2026,ibm_kingston,False,full_main_quantum_stack,membership,margin_auc,0.49800000000000005
MNIST_QNN_eff_su2_r5_d2_s43,ideal_shot,512,2,2026,ibm_kingston,False,full_main_quantum_stack,membership,correctness_auc,0.5
MNIST_QNN_eff_su2_r5_d2_s43,ideal_shot,512,2,2026,ibm_kingston,False,full_main_quantum_stack,membership,max_probability_auc,0.49620000000000003
MNIST_QNN_eff_su2_r5_d2_s43,ideal_shot,512,2,2026,ibm_kingston,False,full_main_quantum_stack,target,generalization_gap_accuracy,0.0
MNIST_QNN_eff_su2_r5_d2_s43,ideal_shot,512,3,2026,ibm_kingston,False,full_main_quantum_stack,train,target_accuracy,0.8100000023841858
MNIST_QNN_eff_su2_r5_d2_s43,ideal_shot,512,3,2026,ibm_kingston,False,full_main_quantum_stack,train,target_loss,0.42504799365997314
MNIST_QNN_eff_su2_r5_d2_s43,ideal_shot,512,3,2026,ibm_kingston,False,full_main_quantum_stack,train,n_records,100.0
MNIST_QNN_eff_su2_r5_d2_s43,ideal_shot,512,3,2026,ibm_kingston,False,full_main_quantum_stack,test,target_accuracy,0.8299999833106995
MNIST_QNN_eff_su2_r5_d2_s43,ideal_shot,512,3,2026,ibm_kingston,False,full_main_quantum_stack,test,target_loss,0.5918557643890381
MNIST_QNN_eff_su2_r5_d2_s43,ideal_shot,512,3,2026,ibm_kingston,False,full_main_quantum_stack,test,n_records,100.0
MNIST_QNN_eff_su2_r5_d2_s43,ideal_shot,512,3,2026,ibm_kingston,False,full_main_quantum_stack,membership,loss_auc,0.5196999999999999
MNIST_QNN_eff_su2_r5_d2_s43,ideal_shot,512,3,2026,ibm_kingston,False,full_main_quantum_stack,membership,entropy_auc,0.4958000000000001
MNIST_QNN_eff_su2_r5_d2_s43,ideal_shot,512,3,2026,ibm_kingston,False,full_main_quantum_stack,membership,confidence_auc,0.4996
MNIST_QNN_eff_su2_r5_d2_s43,ideal_shot,512,3,2026,ibm_kingston,False,full_main_quantum_stack,membership,margin_auc,0.5004
MNIST_QNN_eff_su2_r5_d2_s43,ideal_shot,512,3,2026,ibm_kingston,False,full_main_quantum_stack,membership,correctness_auc,0.49000000000000005
MNIST_QNN_eff_su2_r5_d2_s43,ideal_shot,512,3,2026,ibm_kingston,False,full_main_quantum_stack,membership,max_probability_auc,0.4996
MNIST_QNN_eff_su2_r5_d2_s43,ideal_shot,512,3,2026,ibm_kingston,False,full_main_quantum_stack,target,generalization_gap_accuracy,-0.019999980926513672
MNIST_QNN_eff_su2_r5_d2_s43,ideal_shot,512,4,2026,ibm_kingston,False,full_main_quantum_stack,train,target_accuracy,0.8500000238418579
MNIST_QNN_eff_su2_r5_d2_s43,ideal_shot,512,4,2026,ibm_kingston,False,full_main_quantum_stack,train,target_loss,0.4028289020061493
MNIST_QNN_eff_su2_r5_d2_s43,ideal_shot,512,4,2026,ibm_kingston,False,full_main_quantum_stack,train,n_records,100.0
MNIST_QNN_eff_su2_r5_d2_s43,ideal_shot,512,4,2026,ibm_kingston,False,full_main_quantum_stack,test,target_accuracy,0.8100000023841858
MNIST_QNN_eff_su2_r5_d2_s43,ideal_shot,512,4,2026,ibm_kingston,False,full_main_quantum_stack,test,target_loss,0.6176486015319824
MNIST_QNN_eff_su2_r5_d2_s43,ideal_shot,512,4,2026,ibm_kingston,False,full_main_quantum_stack,test,n_records,100.0
MNIST_QNN_eff_su2_r5_d2_s43,ideal_shot,512,4,2026,ibm_kingston,False,full_main_quantum_stack,membership,loss_auc,0.5312
MNIST_QNN_eff_su2_r5_d2_s43,ideal_shot,512,4,2026,ibm_kingston,False,full_main_quantum_stack,membership,entropy_auc,0.5012000000000001
MNIST_QNN_eff_su2_r5_d2_s43,ideal_shot,512,4,2026,ibm_kingston,False,full_main_quantum_stack,membership,confidence_auc,0.4976
MNIST_QNN_eff_su2_r5_d2_s43,ideal_shot,512,4,2026,ibm_kingston,False,full_main_quantum_stack,membership,margin_auc,0.4987
MNIST_QNN_eff_su2_r5_d2_s43,ideal_shot,512,4,2026,ibm_kingston,False,full_main_quantum_stack,membership,correctness_auc,0.52
MNIST_QNN_eff_su2_r5_d2_s43,ideal_shot,512,4,2026,ibm_kingston,False,full_main_quantum_stack,membership,max_probability_auc,0.4976
MNIST_QNN_eff_su2_r5_d2_s43,ideal_shot,512,4,2026,ibm_kingston,False,full_main_quantum_stack,target,generalization_gap_accuracy,0.04000002145767212
MNIST_QNN_eff_su2_r5_d2_s43,ideal_shot,512,5,2026,ibm_kingston,False,full_main_quantum_stack,train,target_accuracy,0.8600000143051147
MNIST_QNN_eff_su2_r5_d2_s43,ideal_shot,512,5,2026,ibm_kingston,False,full_main_quantum_stack,train,target_loss,0.36143890023231506
MNIST_QNN_eff_su2_r5_d2_s43,ideal_shot,512,5,2026,ibm_kingston,False,full_main_quantum_stack,train,n_records,100.0
MNIST_QNN_eff_su2_r5_d2_s43,ideal_shot,512,5,2026,ibm_kingston,False,full_main_quantum_stack,test,target_accuracy,0.7599999904632568
MNIST_QNN_eff_su2_r5_d2_s43,ideal_shot,512,5,2026,ibm_kingston,False,full_main_quantum_stack,test,target_loss,0.6609148979187012
MNIST_QNN_eff_su2_r5_d2_s43,ideal_shot,512,5,2026,ibm_kingston,False,full_main_quantum_stack,test,n_records,100.0
MNIST_QNN_eff_su2_r5_d2_s43,ideal_shot,512,5,2026,ibm_kingston,False,full_main_quantum_stack,membership,loss_auc,0.573
MNIST_QNN_eff_su2_r5_d2_s43,ideal_shot,512,5,2026,ibm_kingston,False,full_main_quantum_stack,membership,entropy_auc,0.5362
MNIST_QNN_eff_su2_r5_d2_s43,ideal_shot,512,5,2026,ibm_kingston,False,full_main_quantum_stack,membership,confidence_auc,0.5337000000000001
MNIST_QNN_eff_su2_r5_d2_s43,ideal_shot,512,5,2026,ibm_kingston,False,full_main_quantum_stack,membership,margin_auc,0.5354
MNIST_QNN_eff_su2_r5_d2_s43,ideal_shot,512,5,2026,ibm_kingston,False,full_main_quantum_stack,membership,correctness_auc,0.5499999999999999
MNIST_QNN_eff_su2_r5_d2_s43,ideal_shot,512,5,2026,ibm_kingston,False,full_main_quantum_stack,membership,max_probability_auc,0.5337000000000001
MNIST_QNN_eff_su2_r5_d2_s43,ideal_shot,512,5,2026,ibm_kingston,False,full_main_quantum_stack,target,generalization_gap_accuracy,0.10000002384185791
MNIST_QNN_eff_su2_r5_d2_s43,ideal_shot,512,6,2026,ibm_kingston,False,full_main_quantum_stack,train,target_accuracy,0.8500000238418579
MNIST_QNN_eff_su2_r5_d2_s43,ideal_shot,512,6,2026,ibm_kingston,False,full_main_quantum_stack,train,target_loss,0.3960805833339691
MNIST_QNN_eff_su2_r5_d2_s43,ideal_shot,512,6,2026,ibm_kingston,False,full_main_quantum_stack,train,n_records,100.0
MNIST_QNN_eff_su2_r5_d2_s43,ideal_shot,512,6,2026,ibm_kingston,False,full_main_quantum_stack,test,target_accuracy,0.75
MNIST_QNN_eff_su2_r5_d2_s43,ideal_shot,512,6,2026,ibm_kingston,False,full_main_quantum_stack,test,target_loss,0.711982011795044
MNIST_QNN_eff_su2_r5_d2_s43,ideal_shot,512,6,2026,ibm_kingston,False,full_main_quantum_stack,test,n_records,100.0
MNIST_QNN_eff_su2_r5_d2_s43,ideal_shot,512,6,2026,ibm_kingston,False,full_main_quantum_stack,membership,loss_auc,0.5343
MNIST_QNN_eff_su2_r5_d2_s43,ideal_shot,512,6,2026,ibm_kingston,False,full_main_quantum_stack,membership,entropy_auc,0.4708
MNIST_QNN_eff_su2_r5_d2_s43,ideal_shot,512,6,2026,ibm_kingston,False,full_main_quantum_stack,membership,confidence_auc,0.48229999999999995
MNIST_QNN_eff_su2_r5_d2_s43,ideal_shot,512,6,2026,ibm_kingston,False,full_main_quantum_stack,membership,margin_auc,0.4868
MNIST_QNN_eff_su2_r5_d2_s43,ideal_shot,512,6,2026,ibm_kingston,False,full_main_quantum_stack,membership,correctness_auc,0.55
MNIST_QNN_eff_su2_r5_d2_s43,ideal_shot,512,6,2026,ibm_kingston,False,full_main_quantum_stack,membership,max_probability_auc,0.48229999999999995
MNIST_QNN_eff_su2_r5_d2_s43,ideal_shot,512,6,2026,ibm_kingston,False,full_main_quantum_stack,target,generalization_gap_accuracy,0.10000002384185791
MNIST_QNN_eff_su2_r5_d2_s43,ideal_shot,512,7,2026,ibm_kingston,False,full_main_quantum_stack,train,target_accuracy,0.8500000238418579
MNIST_QNN_eff_su2_r5_d2_s43,ideal_shot,512,7,2026,ibm_kingston,False,full_main_quantum_stack,train,target_loss,0.3646281361579895
MNIST_QNN_eff_su2_r5_d2_s43,ideal_shot,512,7,2026,ibm_kingston,False,full_main_quantum_stack,train,n_records,100.0
MNIST_QNN_eff_su2_r5_d2_s43,ideal_shot,512,7,2026,ibm_kingston,False,full_main_quantum_stack,test,target_accuracy,0.7699999809265137
MNIST_QNN_eff_su2_r5_d2_s43,ideal_shot,512,7,2026,ibm_kingston,False,full_main_quantum_stack,test,target_loss,0.6528843641281128
MNIST_QNN_eff_su2_r5_d2_s43,ideal_shot,512,7,2026,ibm_kingston,False,full_main_quantum_stack,test,n_records,100.0
MNIST_QNN_eff_su2_r5_d2_s43,ideal_shot,512,7,2026,ibm_kingston,False,full_main_quantum_stack,membership,loss_auc,0.5476000000000001
MNIST_QNN_eff_su2_r5_d2_s43,ideal_shot,512,7,2026,ibm_kingston,False,full_main_quantum_stack,membership,entropy_auc,0.4951
MNIST_QNN_eff_su2_r5_d2_s43,ideal_shot,512,7,2026,ibm_kingston,False,full_main_quantum_stack,membership,confidence_auc,0.49929999999999997
MNIST_QNN_eff_su2_r5_d2_s43,ideal_shot,512,7,2026,ibm_kingston,False,full_main_quantum_stack,membership,margin_auc,0.4996
MNIST_QNN_eff_su2_r5_d2_s43,ideal_shot,512,7,2026,ibm_kingston,False,full_main_quantum_stack,membership,correctness_auc,0.54
MNIST_QNN_eff_su2_r5_d2_s43,ideal_shot,512,7,2026,ibm_kingston,False,full_main_quantum_stack,membership,max_probability_auc,0.49929999999999997
MNIST_QNN_eff_su2_r5_d2_s43,ideal_shot,512,7,2026,ibm_kingston,False,full_main_quantum_stack,target,generalization_gap_accuracy,0.08000004291534424
MNIST_QNN_eff_su2_r5_d2_s43,ideal_shot,512,8,2026,ibm_kingston,False,full_main_quantum_stack,train,target_accuracy,0.8199999928474426
MNIST_QNN_eff_su2_r5_d2_s43,ideal_shot,512,8,2026,ibm_kingston,False,full_main_quantum_stack,train,target_loss,0.4207371473312378
MNIST_QNN_eff_su2_r5_d2_s43,ideal_shot,512,8,2026,ibm_kingston,False,full_main_quantum_stack,train,n_records,100.0
MNIST_QNN_eff_su2_r5_d2_s43,ideal_shot,512,8,2026,ibm_kingston,False,full_main_quantum_stack,test,target_accuracy,0.7900000214576721
MNIST_QNN_eff_su2_r5_d2_s43,ideal_shot,512,8,2026,ibm_kingston,False,full_main_quantum_stack,test,target_loss,0.6490475535392761
MNIST_QNN_eff_su2_r5_d2_s43,ideal_shot,512,8,2026,ibm_kingston,False,full_main_quantum_stack,test,n_records,100.0
MNIST_QNN_eff_su2_r5_d2_s43,ideal_shot,512,8,2026,ibm_kingston,False,full_main_quantum_stack,membership,loss_auc,0.5374000000000001
MNIST_QNN_eff_su2_r5_d2_s43,ideal_shot,512,8,2026,ibm_kingston,False,full_main_quantum_stack,membership,entropy_auc,0.49450000000000005
MNIST_QNN_eff_su2_r5_d2_s43,ideal_shot,512,8,2026,ibm_kingston,False,full_main_quantum_stack,membership,confidence_auc,0.4954
MNIST_QNN_eff_su2_r5_d2_s43,ideal_shot,512,8,2026,ibm_kingston,False,full_main_quantum_stack,membership,margin_auc,0.4992000000000001
MNIST_QNN_eff_su2_r5_d2_s43,ideal_shot,512,8,2026,ibm_kingston,False,full_main_quantum_stack,membership,correctness_auc,0.515
MNIST_QNN_eff_su2_r5_d2_s43,ideal_shot,512,8,2026,ibm_kingston,False,full_main_quantum_stack,membership,max_probability_auc,0.4954
MNIST_QNN_eff_su2_r5_d2_s43,ideal_shot,512,8,2026,ibm_kingston,False,full_main_quantum_stack,target,generalization_gap_accuracy,0.029999971389770508
MNIST_QNN_eff_su2_r5_d2_s43,ideal_shot,512,9,2026,ibm_kingston,False,full_main_quantum_stack,train,target_accuracy,0.8299999833106995
MNIST_QNN_eff_su2_r5_d2_s43,ideal_shot,512,9,2026,ibm_kingston,False,full_main_quantum_stack,train,target_loss,0.41613227128982544
MNIST_QNN_eff_su2_r5_d2_s43,ideal_shot,512,9,2026,ibm_kingston,False,full_main_quantum_stack,train,n_records,100.0
MNIST_QNN_eff_su2_r5_d2_s43,ideal_shot,512,9,2026,ibm_kingston,False,full_main_quantum_stack,test,target_accuracy,0.75
MNIST_QNN_eff_su2_r5_d2_s43,ideal_shot,512,9,2026,ibm_kingston,False,full_main_quantum_stack,test,target_loss,0.7125420570373535
MNIST_QNN_eff_su2_r5_d2_s43,ideal_shot,512,9,2026,ibm_kingston,False,full_main_quantum_stack,test,n_records,100.0
MNIST_QNN_eff_su2_r5_d2_s43,ideal_shot,512,9,2026,ibm_kingston,False,full_main_quantum_stack,membership,loss_auc,0.5552
MNIST_QNN_eff_su2_r5_d2_s43,ideal_shot,512,9,2026,ibm_kingston,False,full_main_quantum_stack,membership,entropy_auc,0.5147
MNIST_QNN_eff_su2_r5_d2_s43,ideal_shot,512,9,2026,ibm_kingston,False,full_main_quantum_stack,membership,confidence_auc,0.5233000000000001
MNIST_QNN_eff_su2_r5_d2_s43,ideal_shot,512,9,2026,ibm_kingston,False,full_main_quantum_stack,membership,margin_auc,0.5287999999999999
MNIST_QNN_eff_su2_r5_d2_s43,ideal_shot,512,9,2026,ibm_kingston,False,full_main_quantum_stack,membership,correctness_auc,0.54
MNIST_QNN_eff_su2_r5_d2_s43,ideal_shot,512,9,2026,ibm_kingston,False,full_main_quantum_stack,membership,max_probability_auc,0.5233000000000001
MNIST_QNN_eff_su2_r5_d2_s43,ideal_shot,512,9,2026,ibm_kingston,False,full_main_quantum_stack,target,generalization_gap_accuracy,0.07999998331069946
MNIST_QNN_eff_su2_r5_d2_s43,ideal_shot,1024,0,2026,ibm_kingston,False,full_main_quantum_stack,train,target_accuracy,0.8899999856948853
MNIST_QNN_eff_su2_r5_d2_s43,ideal_shot,1024,0,2026,ibm_kingston,False,full_main_quantum_stack,train,target_loss,0.3232642710208893
MNIST_QNN_eff_su2_r5_d2_s43,ideal_shot,1024,0,2026,ibm_kingston,False,full_main_quantum_stack,train,n_records,100.0
MNIST_QNN_eff_su2_r5_d2_s43,ideal_shot,1024,0,2026,ibm_kingston,False,full_main_quantum_stack,test,target_accuracy,0.7799999713897705
MNIST_QNN_eff_su2_r5_d2_s43,ideal_shot,1024,0,2026,ibm_kingston,False,full_main_quantum_stack,test,target_loss,0.6104994416236877
MNIST_QNN_eff_su2_r5_d2_s43,ideal_shot,1024,0,2026,ibm_kingston,False,full_main_quantum_stack,test,n_records,100.0
MNIST_QNN_eff_su2_r5_d2_s43,ideal_shot,1024,0,2026,ibm_kingston,False,full_main_quantum_stack,membership,loss_auc,0.5421
MNIST_QNN_eff_su2_r5_d2_s43,ideal_shot,1024,0,2026,ibm_kingston,False,full_main_quantum_stack,membership,entropy_auc,0.4934
MNIST_QNN_eff_su2_r5_d2_s43,ideal_shot,1024,0,2026,ibm_kingston,False,full_main_quantum_stack,membership,confidence_auc,0.4918
MNIST_QNN_eff_su2_r5_d2_s43,ideal_shot,1024,0,2026,ibm_kingston,False,full_main_quantum_stack,membership,margin_auc,0.4904
MNIST_QNN_eff_su2_r5_d2_s43,ideal_shot,1024,0,2026,ibm_kingston,False,full_main_quantum_stack,membership,correctness_auc,0.555
MNIST_QNN_eff_su2_r5_d2_s43,ideal_shot,1024,0,2026,ibm_kingston,False,full_main_quantum_stack,membership,max_probability_auc,0.4918
MNIST_QNN_eff_su2_r5_d2_s43,ideal_shot,1024,0,2026,ibm_kingston,False,full_main_quantum_stack,target,generalization_gap_accuracy,0.11000001430511475
MNIST_QNN_eff_su2_r5_d2_s43,ideal_shot,1024,1,2026,ibm_kingston,False,full_main_quantum_stack,train,target_accuracy,0.8399999737739563
MNIST_QNN_eff_su2_r5_d2_s43,ideal_shot,1024,1,2026,ibm_kingston,False,full_main_quantum_stack,train,target_loss,0.38212016224861145
MNIST_QNN_eff_su2_r5_d2_s43,ideal_shot,1024,1,2026,ibm_kingston,False,full_main_quantum_stack,train,n_records,100.0
MNIST_QNN_eff_su2_r5_d2_s43,ideal_shot,1024,1,2026,ibm_kingston,False,full_main_quantum_stack,test,target_accuracy,0.7900000214576721
MNIST_QNN_eff_su2_r5_d2_s43,ideal_shot,1024,1,2026,ibm_kingston,False,full_main_quantum_stack,test,target_loss,0.626394510269165
MNIST_QNN_eff_su2_r5_d2_s43,ideal_shot,1024,1,2026,ibm_kingston,False,full_main_quantum_stack,test,n_records,100.0
MNIST_QNN_eff_su2_r5_d2_s43,ideal_shot,1024,1,2026,ibm_kingston,False,full_main_quantum_stack,membership,loss_auc,0.543
MNIST_QNN_eff_su2_r5_d2_s43,ideal_shot,1024,1,2026,ibm_kingston,False,full_main_quantum_stack,membership,entropy_auc,0.5056
MNIST_QNN_eff_su2_r5_d2_s43,ideal_shot,1024,1,2026,ibm_kingston,False,full_main_quantum_stack,membership,confidence_auc,0.5092
MNIST_QNN_eff_su2_r5_d2_s43,ideal_shot,1024,1,2026,ibm_kingston,False,full_main_quantum_stack,membership,margin_auc,0.5125
MNIST_QNN_eff_su2_r5_d2_s43,ideal_shot,1024,1,2026,ibm_kingston,False,full_main_quantum_stack,membership,correctness_auc,0.5249999999999999
MNIST_QNN_eff_su2_r5_d2_s43,ideal_shot,1024,1,2026,ibm_kingston,False,full_main_quantum_stack,membership,max_probability_auc,0.5092
MNIST_QNN_eff_su2_r5_d2_s43,ideal_shot,1024,1,2026,ibm_kingston,False,full_main_quantum_stack,target,generalization_gap_accuracy,0.04999995231628418
MNIST_QNN_eff_su2_r5_d2_s43,ideal_shot,1024,2,2026,ibm_kingston,False,full_main_quantum_stack,train,target_accuracy,0.8700000047683716
MNIST_QNN_eff_su2_r5_d2_s43,ideal_shot,1024,2,2026,ibm_kingston,False,full_main_quantum_stack,train,target_loss,0.3551972210407257
MNIST_QNN_eff_su2_r5_d2_s43,ideal_shot,1024,2,2026,ibm_kingston,False,full_main_quantum_stack,train,n_records,100.0
MNIST_QNN_eff_su2_r5_d2_s43,ideal_shot,1024,2,2026,ibm_kingston,False,full_main_quantum_stack,test,target_accuracy,0.7799999713897705
MNIST_QNN_eff_su2_r5_d2_s43,ideal_shot,1024,2,2026,ibm_kingston,False,full_main_quantum_stack,test,target_loss,0.6199931502342224
MNIST_QNN_eff_su2_r5_d2_s43,ideal_shot,1024,2,2026,ibm_kingston,False,full_main_quantum_stack,test,n_records,100.0
MNIST_QNN_eff_su2_r5_d2_s43,ideal_shot,1024,2,2026,ibm_kingston,False,full_main_quantum_stack,membership,loss_auc,0.5379
MNIST_QNN_eff_su2_r5_d2_s43,ideal_shot,1024,2,2026,ibm_kingston,False,full_main_quantum_stack,membership,entropy_auc,0.4858
MNIST_QNN_eff_su2_r5_d2_s43,ideal_shot,1024,2,2026,ibm_kingston,False,full_main_quantum_stack,membership,confidence_auc,0.48460000000000003
MNIST_QNN_eff_su2_r5_d2_s43,ideal_shot,1024,2,2026,ibm_kingston,False,full_main_quantum_stack,membership,margin_auc,0.484
MNIST_QNN_eff_su2_r5_d2_s43,ideal_shot,1024,2,2026,ibm_kingston,False,full_main_quantum_stack,membership,correctness_auc,0.5449999999999999
MNIST_QNN_eff_su2_r5_d2_s43,ideal_shot,1024,2,2026,ibm_kingston,False,full_main_quantum_stack,membership,max_probability_auc,0.48460000000000003
MNIST_QNN_eff_su2_r5_d2_s43,ideal_shot,1024,2,2026,ibm_kingston,False,full_main_quantum_stack,target,generalization_gap_accuracy,0.09000003337860107
MNIST_QNN_eff_su2_r5_d2_s43,ideal_shot,1024,3,2026,ibm_kingston,False,full_main_quantum_stack,train,target_accuracy,0.8299999833106995
MNIST_QNN_eff_su2_r5_d2_s43,ideal_shot,1024,3,2026,ibm_kingston,False,full_main_quantum_stack,train,target_loss,0.3869136571884155
MNIST_QNN_eff_su2_r5_d2_s43,ideal_shot,1024,3,2026,ibm_kingston,False,full_main_quantum_stack,train,n_records,100.0
MNIST_QNN_eff_su2_r5_d2_s43,ideal_shot,1024,3,2026,ibm_kingston,False,full_main_quantum_stack,test,target_accuracy,0.8100000023841858
MNIST_QNN_eff_su2_r5_d2_s43,ideal_shot,1024,3,2026,ibm_kingston,False,full_main_quantum_stack,test,target_loss,0.56231689453125
MNIST_QNN_eff_su2_r5_d2_s43,ideal_shot,1024,3,2026,ibm_kingston,False,full_main_quantum_stack,test,n_records,100.0
MNIST_QNN_eff_su2_r5_d2_s43,ideal_shot,1024,3,2026,ibm_kingston,False,full_main_quantum_stack,membership,loss_auc,0.5299
MNIST_QNN_eff_su2_r5_d2_s43,ideal_shot,1024,3,2026,ibm_kingston,False,full_main_quantum_stack,membership,entropy_auc,0.49960000000000004
MNIST_QNN_eff_su2_r5_d2_s43,ideal_shot,1024,3,2026,ibm_kingston,False,full_main_quantum_stack,membership,confidence_auc,0.5049
MNIST_QNN_eff_su2_r5_d2_s43,ideal_shot,1024,3,2026,ibm_kingston,False,full_main_quantum_stack,membership,margin_auc,0.5065000000000001
MNIST_QNN_eff_su2_r5_d2_s43,ideal_shot,1024,3,2026,ibm_kingston,False,full_main_quantum_stack,membership,correctness_auc,0.51
MNIST_QNN_eff_su2_r5_d2_s43,ideal_shot,1024,3,2026,ibm_kingston,False,full_main_quantum_stack,membership,max_probability_auc,0.5049
MNIST_QNN_eff_su2_r5_d2_s43,ideal_shot,1024,3,2026,ibm_kingston,False,full_main_quantum_stack,target,generalization_gap_accuracy,0.019999980926513672
MNIST_QNN_eff_su2_r5_d2_s43,ideal_shot,1024,4,2026,ibm_kingston,False,full_main_quantum_stack,train,target_accuracy,0.8500000238418579
MNIST_QNN_eff_su2_r5_d2_s43,ideal_shot,1024,4,2026,ibm_kingston,False,full_main_quantum_stack,train,target_loss,0.3647090196609497
MNIST_QNN_eff_su2_r5_d2_s43,ideal_shot,1024,4,2026,ibm_kingston,False,full_main_quantum_stack,train,n_records,100.0
MNIST_QNN_eff_su2_r5_d2_s43,ideal_shot,1024,4,2026,ibm_kingston,False,full_main_quantum_stack,test,target_accuracy,0.8199999928474426
MNIST_QNN_eff_su2_r5_d2_s43,ideal_shot,1024,4,2026,ibm_kingston,False,full_main_quantum_stack,test,target_loss,0.5910165905952454
MNIST_QNN_eff_su2_r5_d2_s43,ideal_shot,1024,4,2026,ibm_kingston,False,full_main_quantum_stack,test,n_records,100.0
MNIST_QNN_eff_su2_r5_d2_s43,ideal_shot,1024,4,2026,ibm_kingston,False,full_main_quantum_stack,membership,loss_auc,0.5408999999999999
MNIST_QNN_eff_su2_r5_d2_s43,ideal_shot,1024,4,2026,ibm_kingston,False,full_main_quantum_stack,membership,entropy_auc,0.512
MNIST_QNN_eff_su2_r5_d2_s43,ideal_shot,1024,4,2026,ibm_kingston,False,full_main_quantum_stack,membership,confidence_auc,0.5158
MNIST_QNN_eff_su2_r5_d2_s43,ideal_shot,1024,4,2026,ibm_kingston,False,full_main_quantum_stack,membership,margin_auc,0.5171
MNIST_QNN_eff_su2_r5_d2_s43,ideal_shot,1024,4,2026,ibm_kingston,False,full_main_quantum_stack,membership,correctness_auc,0.515
MNIST_QNN_eff_su2_r5_d2_s43,ideal_shot,1024,4,2026,ibm_kingston,False,full_main_quantum_stack,membership,max_probability_auc,0.5158
MNIST_QNN_eff_su2_r5_d2_s43,ideal_shot,1024,4,2026,ibm_kingston,False,full_main_quantum_stack,target,generalization_gap_accuracy,0.030000030994415283
MNIST_QNN_eff_su2_r5_d2_s43,ideal_shot,1024,5,2026,ibm_kingston,False,full_main_quantum_stack,train,target_accuracy,0.8899999856948853
MNIST_QNN_eff_su2_r5_d2_s43,ideal_shot,1024,5,2026,ibm_kingston,False,full_main_quantum_stack,train,target_loss,0.34681156277656555
MNIST_QNN_eff_su2_r5_d2_s43,ideal_shot,1024,5,2026,ibm_kingston,False,full_main_quantum_stack,train,n_records,100.0
MNIST_QNN_eff_su2_r5_d2_s43,ideal_shot,1024,5,2026,ibm_kingston,False,full_main_quantum_stack,test,target_accuracy,0.7799999713897705
MNIST_QNN_eff_su2_r5_d2_s43,ideal_shot,1024,5,2026,ibm_kingston,False,full_main_quantum_stack,test,target_loss,0.6521660089492798
MNIST_QNN_eff_su2_r5_d2_s43,ideal_shot,1024,5,2026,ibm_kingston,False,full_main_quantum_stack,test,n_records,100.0
MNIST_QNN_eff_su2_r5_d2_s43,ideal_shot,1024,5,2026,ibm_kingston,False,full_main_quantum_stack,membership,loss_auc,0.5668
MNIST_QNN_eff_su2_r5_d2_s43,ideal_shot,1024,5,2026,ibm_kingston,False,full_main_quantum_stack,membership,entropy_auc,0.5378000000000001
MNIST_QNN_eff_su2_r5_d2_s43,ideal_shot,1024,5,2026,ibm_kingston,False,full_main_quantum_stack,membership,confidence_auc,0.5343000000000001
MNIST_QNN_eff_su2_r5_d2_s43,ideal_shot,1024,5,2026,ibm_kingston,False,full_main_quantum_stack,membership,margin_auc,0.531
MNIST_QNN_eff_su2_r5_d2_s43,ideal_shot,1024,5,2026,ibm_kingston,False,full_main_quantum_stack,membership,correctness_auc,0.555
MNIST_QNN_eff_su2_r5_d2_s43,ideal_shot,1024,5,2026,ibm_kingston,False,full_main_quantum_stack,membership,max_probability_auc,0.5343000000000001
MNIST_QNN_eff_su2_r5_d2_s43,ideal_shot,1024,5,2026,ibm_kingston,False,full_main_quantum_stack,target,generalization_gap_accuracy,0.11000001430511475
MNIST_QNN_eff_su2_r5_d2_s43,ideal_shot,1024,6,2026,ibm_kingston,False,full_main_quantum_stack,train,target_accuracy,0.8500000238418579
MNIST_QNN_eff_su2_r5_d2_s43,ideal_shot,1024,6,2026,ibm_kingston,False,full_main_quantum_stack,train,target_loss,0.3358044922351837
MNIST_QNN_eff_su2_r5_d2_s43,ideal_shot,1024,6,2026,ibm_kingston,False,full_main_quantum_stack,train,n_records,100.0
MNIST_QNN_eff_su2_r5_d2_s43,ideal_shot,1024,6,2026,ibm_kingston,False,full_main_quantum_stack,test,target_accuracy,0.7799999713897705
MNIST_QNN_eff_su2_r5_d2_s43,ideal_shot,1024,6,2026,ibm_kingston,False,full_main_quantum_stack,test,target_loss,0.6123886108398438
MNIST_QNN_eff_su2_r5_d2_s43,ideal_shot,1024,6,2026,ibm_kingston,False,full_main_quantum_stack,test,n_records,100.0
MNIST_QNN_eff_su2_r5_d2_s43,ideal_shot,1024,6,2026,ibm_kingston,False,full_main_quantum_stack,membership,loss_auc,0.5367
MNIST_QNN_eff_su2_r5_d2_s43,ideal_shot,1024,6,2026,ibm_kingston,False,full_main_quantum_stack,membership,entropy_auc,0.48329999999999995
MNIST_QNN_eff_su2_r5_d2_s43,ideal_shot,1024,6,2026,ibm_kingston,False,full_main_quantum_stack,membership,confidence_auc,0.4903
MNIST_QNN_eff_su2_r5_d2_s43,ideal_shot,1024,6,2026,ibm_kingston,False,full_main_quantum_stack,membership,margin_auc,0.4942
MNIST_QNN_eff_su2_r5_d2_s43,ideal_shot,1024,6,2026,ibm_kingston,False,full_main_quantum_stack,membership,correctness_auc,0.535
MNIST_QNN_eff_su2_r5_d2_s43,ideal_shot,1024,6,2026,ibm_kingston,False,full_main_quantum_stack,membership,max_probability_auc,0.4903
MNIST_QNN_eff_su2_r5_d2_s43,ideal_shot,1024,6,2026,ibm_kingston,False,full_main_quantum_stack,target,generalization_gap_accuracy,0.0700000524520874
MNIST_QNN_eff_su2_r5_d2_s43,ideal_shot,1024,7,2026,ibm_kingston,False,full_main_quantum_stack,train,target_accuracy,0.8600000143051147
MNIST_QNN_eff_su2_r5_d2_s43,ideal_shot,1024,7,2026,ibm_kingston,False,full_main_quantum_stack,train,target_loss,0.34105435013771057
MNIST_QNN_eff_su2_r5_d2_s43,ideal_shot,1024,7,2026,ibm_kingston,False,full_main_quantum_stack,train,n_records,100.0
MNIST_QNN_eff_su2_r5_d2_s43,ideal_shot,1024,7,2026,ibm_kingston,False,full_main_quantum_stack,test,target_accuracy,0.800000011920929
MNIST_QNN_eff_su2_r5_d2_s43,ideal_shot,1024,7,2026,ibm_kingston,False,full_main_quantum_stack,test,target_loss,0.6043290495872498
MNIST_QNN_eff_su2_r5_d2_s43,ideal_shot,1024,7,2026,ibm_kingston,False,full_main_quantum_stack,test,n_records,100.0
MNIST_QNN_eff_su2_r5_d2_s43,ideal_shot,1024,7,2026,ibm_kingston,False,full_main_quantum_stack,membership,loss_auc,0.5379
MNIST_QNN_eff_su2_r5_d2_s43,ideal_shot,1024,7,2026,ibm_kingston,False,full_main_quantum_stack,membership,entropy_auc,0.4834
MNIST_QNN_eff_su2_r5_d2_s43,ideal_shot,1024,7,2026,ibm_kingston,False,full_main_quantum_stack,membership,confidence_auc,0.4851
MNIST_QNN_eff_su2_r5_d2_s43,ideal_shot,1024,7,2026,ibm_kingston,False,full_main_quantum_stack,membership,margin_auc,0.48589999999999994
MNIST_QNN_eff_su2_r5_d2_s43,ideal_shot,1024,7,2026,ibm_kingston,False,full_main_quantum_stack,membership,correctness_auc,0.53
MNIST_QNN_eff_su2_r5_d2_s43,ideal_shot,1024,7,2026,ibm_kingston,False,full_main_quantum_stack,membership,max_probability_auc,0.4851
MNIST_QNN_eff_su2_r5_d2_s43,ideal_shot,1024,7,2026,ibm_kingston,False,full_main_quantum_stack,target,generalization_gap_accuracy,0.06000000238418579
MNIST_QNN_eff_su2_r5_d2_s43,ideal_shot,1024,8,2026,ibm_kingston,False,full_main_quantum_stack,train,target_accuracy,0.8399999737739563
MNIST_QNN_eff_su2_r5_d2_s43,ideal_shot,1024,8,2026,ibm_kingston,False,full_main_quantum_stack,train,target_loss,0.36807480454444885
MNIST_QNN_eff_su2_r5_d2_s43,ideal_shot,1024,8,2026,ibm_kingston,False,full_main_quantum_stack,train,n_records,100.0
MNIST_QNN_eff_su2_r5_d2_s43,ideal_shot,1024,8,2026,ibm_kingston,False,full_main_quantum_stack,test,target_accuracy,0.7799999713897705
MNIST_QNN_eff_su2_r5_d2_s43,ideal_shot,1024,8,2026,ibm_kingston,False,full_main_quantum_stack,test,target_loss,0.6355956196784973
MNIST_QNN_eff_su2_r5_d2_s43,ideal_shot,1024,8,2026,ibm_kingston,False,full_main_quantum_stack,test,n_records,100.0
MNIST_QNN_eff_su2_r5_d2_s43,ideal_shot,1024,8,2026,ibm_kingston,False,full_main_quantum_stack,membership,loss_auc,0.5513
MNIST_QNN_eff_su2_r5_d2_s43,ideal_shot,1024,8,2026,ibm_kingston,False,full_main_quantum_stack,membership,entropy_auc,0.5233
MNIST_QNN_eff_su2_r5_d2_s43,ideal_shot,1024,8,2026,ibm_kingston,False,full_main_quantum_stack,membership,confidence_auc,0.5236
MNIST_QNN_eff_su2_r5_d2_s43,ideal_shot,1024,8,2026,ibm_kingston,False,full_main_quantum_stack,membership,margin_auc,0.5239
MNIST_QNN_eff_su2_r5_d2_s43,ideal_shot,1024,8,2026,ibm_kingston,False,full_main_quantum_stack,membership,correctness_auc,0.53
MNIST_QNN_eff_su2_r5_d2_s43,ideal_shot,1024,8,2026,ibm_kingston,False,full_main_quantum_stack,membership,max_probability_auc,0.5236
MNIST_QNN_eff_su2_r5_d2_s43,ideal_shot,1024,8,2026,ibm_kingston,False,full_main_quantum_stack,target,generalization_gap_accuracy,0.06000000238418579
MNIST_QNN_eff_su2_r5_d2_s43,ideal_shot,1024,9,2026,ibm_kingston,False,full_main_quantum_stack,train,target_accuracy,0.8700000047683716
MNIST_QNN_eff_su2_r5_d2_s43,ideal_shot,1024,9,2026,ibm_kingston,False,full_main_quantum_stack,train,target_loss,0.3800952434539795
MNIST_QNN_eff_su2_r5_d2_s43,ideal_shot,1024,9,2026,ibm_kingston,False,full_main_quantum_stack,train,n_records,100.0
MNIST_QNN_eff_su2_r5_d2_s43,ideal_shot,1024,9,2026,ibm_kingston,False,full_main_quantum_stack,test,target_accuracy,0.7699999809265137
MNIST_QNN_eff_su2_r5_d2_s43,ideal_shot,1024,9,2026,ibm_kingston,False,full_main_quantum_stack,test,target_loss,0.6733079552650452
MNIST_QNN_eff_su2_r5_d2_s43,ideal_shot,1024,9,2026,ibm_kingston,False,full_main_quantum_stack,test,n_records,100.0
MNIST_QNN_eff_su2_r5_d2_s43,ideal_shot,1024,9,2026,ibm_kingston,False,full_main_quantum_stack,membership,loss_auc,0.5512
MNIST_QNN_eff_su2_r5_d2_s43,ideal_shot,1024,9,2026,ibm_kingston,False,full_main_quantum_stack,membership,entropy_auc,0.5032
MNIST_QNN_eff_su2_r5_d2_s43,ideal_shot,1024,9,2026,ibm_kingston,False,full_main_quantum_stack,membership,confidence_auc,0.5149
MNIST_QNN_eff_su2_r5_d2_s43,ideal_shot,1024,9,2026,ibm_kingston,False,full_main_quantum_stack,membership,margin_auc,0.5217
MNIST_QNN_eff_su2_r5_d2_s43,ideal_shot,1024,9,2026,ibm_kingston,False,full_main_quantum_stack,membership,correctness_auc,0.55
MNIST_QNN_eff_su2_r5_d2_s43,ideal_shot,1024,9,2026,ibm_kingston,False,full_main_quantum_stack,membership,max_probability_auc,0.5149
MNIST_QNN_eff_su2_r5_d2_s43,ideal_shot,1024,9,2026,ibm_kingston,False,full_main_quantum_stack,target,generalization_gap_accuracy,0.10000002384185791
MNIST_QNN_eff_su2_r5_d2_s43,noisy_shot,128,0,2026,ibm_kingston,True,full_main_quantum_stack,train,target_accuracy,0.7200000286102295
MNIST_QNN_eff_su2_r5_d2_s43,noisy_shot,128,0,2026,ibm_kingston,True,full_main_quantum_stack,train,target_loss,0.5980821847915649
MNIST_QNN_eff_su2_r5_d2_s43,noisy_shot,128,0,2026,ibm_kingston,True,full_main_quantum_stack,train,n_records,100.0
MNIST_QNN_eff_su2_r5_d2_s43,noisy_shot,128,0,2026,ibm_kingston,True,full_main_quantum_stack,test,target_accuracy,0.6499999761581421
MNIST_QNN_eff_su2_r5_d2_s43,noisy_shot,128,0,2026,ibm_kingston,True,full_main_quantum_stack,test,target_loss,0.8459987044334412
MNIST_QNN_eff_su2_r5_d2_s43,noisy_shot,128,0,2026,ibm_kingston,True,full_main_quantum_stack,test,n_records,100.0
MNIST_QNN_eff_su2_r5_d2_s43,noisy_shot,128,0,2026,ibm_kingston,True,full_main_quantum_stack,membership,loss_auc,0.5721
MNIST_QNN_eff_su2_r5_d2_s43,noisy_shot,128,0,2026,ibm_kingston,True,full_main_quantum_stack,membership,entropy_auc,0.5345000000000001
MNIST_QNN_eff_su2_r5_d2_s43,noisy_shot,128,0,2026,ibm_kingston,True,full_main_quantum_stack,membership,confidence_auc,0.5212
MNIST_QNN_eff_su2_r5_d2_s43,noisy_shot,128,0,2026,ibm_kingston,True,full_main_quantum_stack,membership,margin_auc,0.5196999999999999
MNIST_QNN_eff_su2_r5_d2_s43,noisy_shot,128,0,2026,ibm_kingston,True,full_main_quantum_stack,membership,correctness_auc,0.5349999999999999
MNIST_QNN_eff_su2_r5_d2_s43,noisy_shot,128,0,2026,ibm_kingston,True,full_main_quantum_stack,membership,max_probability_auc,0.5212
MNIST_QNN_eff_su2_r5_d2_s43,noisy_shot,128,0,2026,ibm_kingston,True,full_main_quantum_stack,target,generalization_gap_accuracy,0.0700000524520874
MNIST_QNN_eff_su2_r5_d2_s43,noisy_shot,128,1,2026,ibm_kingston,True,full_main_quantum_stack,train,target_accuracy,0.7099999785423279
MNIST_QNN_eff_su2_r5_d2_s43,noisy_shot,128,1,2026,ibm_kingston,True,full_main_quantum_stack,train,target_loss,0.6638887524604797
MNIST_QNN_eff_su2_r5_d2_s43,noisy_shot,128,1,2026,ibm_kingston,True,full_main_quantum_stack,train,n_records,100.0
MNIST_QNN_eff_su2_r5_d2_s43,noisy_shot,128,1,2026,ibm_kingston,True,full_main_quantum_stack,test,target_accuracy,0.6100000143051147
MNIST_QNN_eff_su2_r5_d2_s43,noisy_shot,128,1,2026,ibm_kingston,True,full_main_quantum_stack,test,target_loss,1.0539882183074951
MNIST_QNN_eff_su2_r5_d2_s43,noisy_shot,128,1,2026,ibm_kingston,True,full_main_quantum_stack,test,n_records,100.0
MNIST_QNN_eff_su2_r5_d2_s43,noisy_shot,128,1,2026,ibm_kingston,True,full_main_quantum_stack,membership,loss_auc,0.5912999999999999
MNIST_QNN_eff_su2_r5_d2_s43,noisy_shot,128,1,2026,ibm_kingston,True,full_main_quantum_stack,membership,entropy_auc,0.5327000000000001
MNIST_QNN_eff_su2_r5_d2_s43,noisy_shot,128,1,2026,ibm_kingston,True,full_main_quantum_stack,membership,confidence_auc,0.5222
MNIST_QNN_eff_su2_r5_d2_s43,noisy_shot,128,1,2026,ibm_kingston,True,full_main_quantum_stack,membership,margin_auc,0.5219999999999999
MNIST_QNN_eff_su2_r5_d2_s43,noisy_shot,128,1,2026,ibm_kingston,True,full_main_quantum_stack,membership,correctness_auc,0.55
MNIST_QNN_eff_su2_r5_d2_s43,noisy_shot,128,1,2026,ibm_kingston,True,full_main_quantum_stack,membership,max_probability_auc,0.5222
MNIST_QNN_eff_su2_r5_d2_s43,noisy_shot,128,1,2026,ibm_kingston,True,full_main_quantum_stack,target,generalization_gap_accuracy,0.09999996423721313
MNIST_QNN_eff_su2_r5_d2_s43,noisy_shot,128,2,2026,ibm_kingston,True,full_main_quantum_stack,train,target_accuracy,0.6399999856948853
MNIST_QNN_eff_su2_r5_d2_s43,noisy_shot,128,2,2026,ibm_kingston,True,full_main_quantum_stack,train,target_loss,0.8524876236915588
MNIST_QNN_eff_su2_r5_d2_s43,noisy_shot,128,2,2026,ibm_kingston,True,full_main_quantum_stack,train,n_records,100.0
MNIST_QNN_eff_su2_r5_d2_s43,noisy_shot,128,2,2026,ibm_kingston,True,full_main_quantum_stack,test,target_accuracy,0.6800000071525574
MNIST_QNN_eff_su2_r5_d2_s43,noisy_shot,128,2,2026,ibm_kingston,True,full_main_quantum_stack,test,target_loss,0.9280774593353271
MNIST_QNN_eff_su2_r5_d2_s43,noisy_shot,128,2,2026,ibm_kingston,True,full_main_quantum_stack,test,n_records,100.0
MNIST_QNN_eff_su2_r5_d2_s43,noisy_shot,128,2,2026,ibm_kingston,True,full_main_quantum_stack,membership,loss_auc,0.4706
MNIST_QNN_eff_su2_r5_d2_s43,noisy_shot,128,2,2026,ibm_kingston,True,full_main_quantum_stack,membership,entropy_auc,0.45260000000000006
MNIST_QNN_eff_su2_r5_d2_s43,noisy_shot,128,2,2026,ibm_kingston,True,full_main_quantum_stack,membership,confidence_auc,0.4421
MNIST_QNN_eff_su2_r5_d2_s43,noisy_shot,128,2,2026,ibm_kingston,True,full_main_quantum_stack,membership,margin_auc,0.4312
MNIST_QNN_eff_su2_r5_d2_s43,noisy_shot,128,2,2026,ibm_kingston,True,full_main_quantum_stack,membership,correctness_auc,0.48
MNIST_QNN_eff_su2_r5_d2_s43,noisy_shot,128,2,2026,ibm_kingston,True,full_main_quantum_stack,membership,max_probability_auc,0.4421
MNIST_QNN_eff_su2_r5_d2_s43,noisy_shot,128,2,2026,ibm_kingston,True,full_main_quantum_stack,target,generalization_gap_accuracy,-0.04000002145767212
MNIST_QNN_eff_su2_r5_d2_s43,noisy_shot,128,3,2026,ibm_kingston,True,full_main_quantum_stack,train,target_accuracy,0.7400000095367432
MNIST_QNN_eff_su2_r5_d2_s43,noisy_shot,128,3,2026,ibm_kingston,True,full_main_quantum_stack,train,target_loss,0.6140166521072388
MNIST_QNN_eff_su2_r5_d2_s43,noisy_shot,128,3,2026,ibm_kingston,True,full_main_quantum_stack,train,n_records,100.0
MNIST_QNN_eff_su2_r5_d2_s43,noisy_shot,128,3,2026,ibm_kingston,True,full_main_quantum_stack,test,target_accuracy,0.6800000071525574
MNIST_QNN_eff_su2_r5_d2_s43,noisy_shot,128,3,2026,ibm_kingston,True,full_main_quantum_stack,test,target_loss,0.8597583174705505
MNIST_QNN_eff_su2_r5_d2_s43,noisy_shot,128,3,2026,ibm_kingston,True,full_main_quantum_stack,test,n_records,100.0
MNIST_QNN_eff_su2_r5_d2_s43,noisy_shot,128,3,2026,ibm_kingston,True,full_main_quantum_stack,membership,loss_auc,0.5251
MNIST_QNN_eff_su2_r5_d2_s43,noisy_shot,128,3,2026,ibm_kingston,True,full_main_quantum_stack,membership,entropy_auc,0.4652
MNIST_QNN_eff_su2_r5_d2_s43,noisy_shot,128,3,2026,ibm_kingston,True,full_main_quantum_stack,membership,confidence_auc,0.4721
MNIST_QNN_eff_su2_r5_d2_s43,noisy_shot,128,3,2026,ibm_kingston,True,full_main_quantum_stack,membership,margin_auc,0.472
MNIST_QNN_eff_su2_r5_d2_s43,noisy_shot,128,3,2026,ibm_kingston,True,full_main_quantum_stack,membership,correctness_auc,0.53
MNIST_QNN_eff_su2_r5_d2_s43,noisy_shot,128,3,2026,ibm_kingston,True,full_main_quantum_stack,membership,max_probability_auc,0.4721
MNIST_QNN_eff_su2_r5_d2_s43,noisy_shot,128,3,2026,ibm_kingston,True,full_main_quantum_stack,target,generalization_gap_accuracy,0.06000000238418579
MNIST_QNN_eff_su2_r5_d2_s43,noisy_shot,128,4,2026,ibm_kingston,True,full_main_quantum_stack,train,target_accuracy,0.6800000071525574
MNIST_QNN_eff_su2_r5_d2_s43,noisy_shot,128,4,2026,ibm_kingston,True,full_main_quantum_stack,train,target_loss,0.8126275539398193
MNIST_QNN_eff_su2_r5_d2_s43,noisy_shot,128,4,2026,ibm_kingston,True,full_main_quantum_stack,train,n_records,100.0
MNIST_QNN_eff_su2_r5_d2_s43,noisy_shot,128,4,2026,ibm_kingston,True,full_main_quantum_stack,test,target_accuracy,0.7200000286102295
MNIST_QNN_eff_su2_r5_d2_s43,noisy_shot,128,4,2026,ibm_kingston,True,full_main_quantum_stack,test,target_loss,0.8127438426017761
MNIST_QNN_eff_su2_r5_d2_s43,noisy_shot,128,4,2026,ibm_kingston,True,full_main_quantum_stack,test,n_records,100.0
MNIST_QNN_eff_su2_r5_d2_s43,noisy_shot,128,4,2026,ibm_kingston,True,full_main_quantum_stack,membership,loss_auc,0.4921
MNIST_QNN_eff_su2_r5_d2_s43,noisy_shot,128,4,2026,ibm_kingston,True,full_main_quantum_stack,membership,entropy_auc,0.4714999999999999
MNIST_QNN_eff_su2_r5_d2_s43,noisy_shot,128,4,2026,ibm_kingston,True,full_main_quantum_stack,membership,confidence_auc,0.4828
MNIST_QNN_eff_su2_r5_d2_s43,noisy_shot,128,4,2026,ibm_kingston,True,full_main_quantum_stack,membership,margin_auc,0.4893
MNIST_QNN_eff_su2_r5_d2_s43,noisy_shot,128,4,2026,ibm_kingston,True,full_main_quantum_stack,membership,correctness_auc,0.4800000000000001
MNIST_QNN_eff_su2_r5_d2_s43,noisy_shot,128,4,2026,ibm_kingston,True,full_main_quantum_stack,membership,max_probability_auc,0.4828
MNIST_QNN_eff_su2_r5_d2_s43,noisy_shot,128,4,2026,ibm_kingston,True,full_main_quantum_stack,target,generalization_gap_accuracy,-0.04000002145767212
MNIST_QNN_eff_su2_r5_d2_s43,noisy_shot,128,5,2026,ibm_kingston,True,full_main_quantum_stack,train,target_accuracy,0.6800000071525574
MNIST_QNN_eff_su2_r5_d2_s43,noisy_shot,128,5,2026,ibm_kingston,True,full_main_quantum_stack,train,target_loss,0.742381751537323
MNIST_QNN_eff_su2_r5_d2_s43,noisy_shot,128,5,2026,ibm_kingston,True,full_main_quantum_stack,train,n_records,100.0
MNIST_QNN_eff_su2_r5_d2_s43,noisy_shot,128,5,2026,ibm_kingston,True,full_main_quantum_stack,test,target_accuracy,0.6299999952316284
MNIST_QNN_eff_su2_r5_d2_s43,noisy_shot,128,5,2026,ibm_kingston,True,full_main_quantum_stack,test,target_loss,1.0126101970672607
MNIST_QNN_eff_su2_r5_d2_s43,noisy_shot,128,5,2026,ibm_kingston,True,full_main_quantum_stack,test,n_records,100.0
MNIST_QNN_eff_su2_r5_d2_s43,noisy_shot,128,5,2026,ibm_kingston,True,full_main_quantum_stack,membership,loss_auc,0.5274000000000001
MNIST_QNN_eff_su2_r5_d2_s43,noisy_shot,128,5,2026,ibm_kingston,True,full_main_quantum_stack,membership,entropy_auc,0.4901000000000001
MNIST_QNN_eff_su2_r5_d2_s43,noisy_shot,128,5,2026,ibm_kingston,True,full_main_quantum_stack,membership,confidence_auc,0.48279999999999995
MNIST_QNN_eff_su2_r5_d2_s43,noisy_shot,128,5,2026,ibm_kingston,True,full_main_quantum_stack,membership,margin_auc,0.47730000000000006
MNIST_QNN_eff_su2_r5_d2_s43,noisy_shot,128,5,2026,ibm_kingston,True,full_main_quantum_stack,membership,correctness_auc,0.525
MNIST_QNN_eff_su2_r5_d2_s43,noisy_shot,128,5,2026,ibm_kingston,True,full_main_quantum_stack,membership,max_probability_auc,0.48279999999999995
MNIST_QNN_eff_su2_r5_d2_s43,noisy_shot,128,5,2026,ibm_kingston,True,full_main_quantum_stack,target,generalization_gap_accuracy,0.050000011920928955
MNIST_QNN_eff_su2_r5_d2_s43,noisy_shot,128,6,2026,ibm_kingston,True,full_main_quantum_stack,train,target_accuracy,0.6899999976158142
MNIST_QNN_eff_su2_r5_d2_s43,noisy_shot,128,6,2026,ibm_kingston,True,full_main_quantum_stack,train,target_loss,0.7350810170173645
MNIST_QNN_eff_su2_r5_d2_s43,noisy_shot,128,6,2026,ibm_kingston,True,full_main_quantum_stack,train,n_records,100.0
MNIST_QNN_eff_su2_r5_d2_s43,noisy_shot,128,6,2026,ibm_kingston,True,full_main_quantum_stack,test,target_accuracy,0.5799999833106995
MNIST_QNN_eff_su2_r5_d2_s43,noisy_shot,128,6,2026,ibm_kingston,True,full_main_quantum_stack,test,target_loss,0.9324824810028076
MNIST_QNN_eff_su2_r5_d2_s43,noisy_shot,128,6,2026,ibm_kingston,True,full_main_quantum_stack,test,n_records,100.0
MNIST_QNN_eff_su2_r5_d2_s43,noisy_shot,128,6,2026,ibm_kingston,True,full_main_quantum_stack,membership,loss_auc,0.5193
MNIST_QNN_eff_su2_r5_d2_s43,noisy_shot,128,6,2026,ibm_kingston,True,full_main_quantum_stack,membership,entropy_auc,0.48729999999999996
MNIST_QNN_eff_su2_r5_d2_s43,noisy_shot,128,6,2026,ibm_kingston,True,full_main_quantum_stack,membership,confidence_auc,0.4883
MNIST_QNN_eff_su2_r5_d2_s43,noisy_shot,128,6,2026,ibm_kingston,True,full_main_quantum_stack,membership,margin_auc,0.4908
MNIST_QNN_eff_su2_r5_d2_s43,noisy_shot,128,6,2026,ibm_kingston,True,full_main_quantum_stack,membership,correctness_auc,0.555
MNIST_QNN_eff_su2_r5_d2_s43,noisy_shot,128,6,2026,ibm_kingston,True,full_main_quantum_stack,membership,max_probability_auc,0.4883
MNIST_QNN_eff_su2_r5_d2_s43,noisy_shot,128,6,2026,ibm_kingston,True,full_main_quantum_stack,target,generalization_gap_accuracy,0.11000001430511475
MNIST_QNN_eff_su2_r5_d2_s43,noisy_shot,128,7,2026,ibm_kingston,True,full_main_quantum_stack,train,target_accuracy,0.7200000286102295
MNIST_QNN_eff_su2_r5_d2_s43,noisy_shot,128,7,2026,ibm_kingston,True,full_main_quantum_stack,train,target_loss,0.6730009317398071
MNIST_QNN_eff_su2_r5_d2_s43,noisy_shot,128,7,2026,ibm_kingston,True,full_main_quantum_stack,train,n_records,100.0
MNIST_QNN_eff_su2_r5_d2_s43,noisy_shot,128,7,2026,ibm_kingston,True,full_main_quantum_stack,test,target_accuracy,0.6600000262260437
MNIST_QNN_eff_su2_r5_d2_s43,noisy_shot,128,7,2026,ibm_kingston,True,full_main_quantum_stack,test,target_loss,0.7915322780609131
MNIST_QNN_eff_su2_r5_d2_s43,noisy_shot,128,7,2026,ibm_kingston,True,full_main_quantum_stack,test,n_records,100.0
MNIST_QNN_eff_su2_r5_d2_s43,noisy_shot,128,7,2026,ibm_kingston,True,full_main_quantum_stack,membership,loss_auc,0.5089
MNIST_QNN_eff_su2_r5_d2_s43,noisy_shot,128,7,2026,ibm_kingston,True,full_main_quantum_stack,membership,entropy_auc,0.4425
MNIST_QNN_eff_su2_r5_d2_s43,noisy_shot,128,7,2026,ibm_kingston,True,full_main_quantum_stack,membership,confidence_auc,0.4478
MNIST_QNN_eff_su2_r5_d2_s43,noisy_shot,128,7,2026,ibm_kingston,True,full_main_quantum_stack,membership,margin_auc,0.456
MNIST_QNN_eff_su2_r5_d2_s43,noisy_shot,128,7,2026,ibm_kingston,True,full_main_quantum_stack,membership,correctness_auc,0.53
MNIST_QNN_eff_su2_r5_d2_s43,noisy_shot,128,7,2026,ibm_kingston,True,full_main_quantum_stack,membership,max_probability_auc,0.4478
MNIST_QNN_eff_su2_r5_d2_s43,noisy_shot,128,7,2026,ibm_kingston,True,full_main_quantum_stack,target,generalization_gap_accuracy,0.06000000238418579
MNIST_QNN_eff_su2_r5_d2_s43,noisy_shot,128,8,2026,ibm_kingston,True,full_main_quantum_stack,train,target_accuracy,0.6600000262260437
MNIST_QNN_eff_su2_r5_d2_s43,noisy_shot,128,8,2026,ibm_kingston,True,full_main_quantum_stack,train,target_loss,0.8437172174453735
MNIST_QNN_eff_su2_r5_d2_s43,noisy_shot,128,8,2026,ibm_kingston,True,full_main_quantum_stack,train,n_records,100.0
MNIST_QNN_eff_su2_r5_d2_s43,noisy_shot,128,8,2026,ibm_kingston,True,full_main_quantum_stack,test,target_accuracy,0.5899999737739563
MNIST_QNN_eff_su2_r5_d2_s43,noisy_shot,128,8,2026,ibm_kingston,True,full_main_quantum_stack,test,target_loss,1.0475341081619263
MNIST_QNN_eff_su2_r5_d2_s43,noisy_shot,128,8,2026,ibm_kingston,True,full_main_quantum_stack,test,n_records,100.0
MNIST_QNN_eff_su2_r5_d2_s43,noisy_shot,128,8,2026,ibm_kingston,True,full_main_quantum_stack,membership,loss_auc,0.5643
MNIST_QNN_eff_su2_r5_d2_s43,noisy_shot,128,8,2026,ibm_kingston,True,full_main_quantum_stack,membership,entropy_auc,0.5619999999999999
MNIST_QNN_eff_su2_r5_d2_s43,noisy_shot,128,8,2026,ibm_kingston,True,full_main_quantum_stack,membership,confidence_auc,0.5752
MNIST_QNN_eff_su2_r5_d2_s43,noisy_shot,128,8,2026,ibm_kingston,True,full_main_quantum_stack,membership,margin_auc,0.5739
MNIST_QNN_eff_su2_r5_d2_s43,noisy_shot,128,8,2026,ibm_kingston,True,full_main_quantum_stack,membership,correctness_auc,0.535
MNIST_QNN_eff_su2_r5_d2_s43,noisy_shot,128,8,2026,ibm_kingston,True,full_main_quantum_stack,membership,max_probability_auc,0.5752
MNIST_QNN_eff_su2_r5_d2_s43,noisy_shot,128,8,2026,ibm_kingston,True,full_main_quantum_stack,target,generalization_gap_accuracy,0.0700000524520874
MNIST_QNN_eff_su2_r5_d2_s43,noisy_shot,128,9,2026,ibm_kingston,True,full_main_quantum_stack,train,target_accuracy,0.7099999785423279
MNIST_QNN_eff_su2_r5_d2_s43,noisy_shot,128,9,2026,ibm_kingston,True,full_main_quantum_stack,train,target_loss,0.8876058459281921
MNIST_QNN_eff_su2_r5_d2_s43,noisy_shot,128,9,2026,ibm_kingston,True,full_main_quantum_stack,train,n_records,100.0
MNIST_QNN_eff_su2_r5_d2_s43,noisy_shot,128,9,2026,ibm_kingston,True,full_main_quantum_stack,test,target_accuracy,0.7300000190734863
MNIST_QNN_eff_su2_r5_d2_s43,noisy_shot,128,9,2026,ibm_kingston,True,full_main_quantum_stack,test,target_loss,0.8009499907493591
MNIST_QNN_eff_su2_r5_d2_s43,noisy_shot,128,9,2026,ibm_kingston,True,full_main_quantum_stack,test,n_records,100.0
MNIST_QNN_eff_su2_r5_d2_s43,noisy_shot,128,9,2026,ibm_kingston,True,full_main_quantum_stack,membership,loss_auc,0.5002
MNIST_QNN_eff_su2_r5_d2_s43,noisy_shot,128,9,2026,ibm_kingston,True,full_main_quantum_stack,membership,entropy_auc,0.5416000000000001
MNIST_QNN_eff_su2_r5_d2_s43,noisy_shot,128,9,2026,ibm_kingston,True,full_main_quantum_stack,membership,confidence_auc,0.5522
MNIST_QNN_eff_su2_r5_d2_s43,noisy_shot,128,9,2026,ibm_kingston,True,full_main_quantum_stack,membership,margin_auc,0.5564
MNIST_QNN_eff_su2_r5_d2_s43,noisy_shot,128,9,2026,ibm_kingston,True,full_main_quantum_stack,membership,correctness_auc,0.49
MNIST_QNN_eff_su2_r5_d2_s43,noisy_shot,128,9,2026,ibm_kingston,True,full_main_quantum_stack,membership,max_probability_auc,0.5522
MNIST_QNN_eff_su2_r5_d2_s43,noisy_shot,128,9,2026,ibm_kingston,True,full_main_quantum_stack,target,generalization_gap_accuracy,-0.020000040531158447
MNIST_QNN_eff_su2_r5_d2_s43,noisy_shot,512,0,2026,ibm_kingston,True,full_main_quantum_stack,train,target_accuracy,0.7900000214576721
MNIST_QNN_eff_su2_r5_d2_s43,noisy_shot,512,0,2026,ibm_kingston,True,full_main_quantum_stack,train,target_loss,0.4252157211303711
MNIST_QNN_eff_su2_r5_d2_s43,noisy_shot,512,0,2026,ibm_kingston,True,full_main_quantum_stack,train,n_records,100.0
MNIST_QNN_eff_su2_r5_d2_s43,noisy_shot,512,0,2026,ibm_kingston,True,full_main_quantum_stack,test,target_accuracy,0.7900000214576721
MNIST_QNN_eff_su2_r5_d2_s43,noisy_shot,512,0,2026,ibm_kingston,True,full_main_quantum_stack,test,target_loss,0.605625331401825
MNIST_QNN_eff_su2_r5_d2_s43,noisy_shot,512,0,2026,ibm_kingston,True,full_main_quantum_stack,test,n_records,100.0
MNIST_QNN_eff_su2_r5_d2_s43,noisy_shot,512,0,2026,ibm_kingston,True,full_main_quantum_stack,membership,loss_auc,0.5388
MNIST_QNN_eff_su2_r5_d2_s43,noisy_shot,512,0,2026,ibm_kingston,True,full_main_quantum_stack,membership,entropy_auc,0.5115000000000001
MNIST_QNN_eff_su2_r5_d2_s43,noisy_shot,512,0,2026,ibm_kingston,True,full_main_quantum_stack,membership,confidence_auc,0.5092
MNIST_QNN_eff_su2_r5_d2_s43,noisy_shot,512,0,2026,ibm_kingston,True,full_main_quantum_stack,membership,margin_auc,0.5083
MNIST_QNN_eff_su2_r5_d2_s43,noisy_shot,512,0,2026,ibm_kingston,True,full_main_quantum_stack,membership,correctness_auc,0.5
MNIST_QNN_eff_su2_r5_d2_s43,noisy_shot,512,0,2026,ibm_kingston,True,full_main_quantum_stack,membership,max_probability_auc,0.5092
MNIST_QNN_eff_su2_r5_d2_s43,noisy_shot,512,0,2026,ibm_kingston,True,full_main_quantum_stack,target,generalization_gap_accuracy,0.0
MNIST_QNN_eff_su2_r5_d2_s43,noisy_shot,512,1,2026,ibm_kingston,True,full_main_quantum_stack,train,target_accuracy,0.8100000023841858
MNIST_QNN_eff_su2_r5_d2_s43,noisy_shot,512,1,2026,ibm_kingston,True,full_main_quantum_stack,train,target_loss,0.5294893980026245
MNIST_QNN_eff_su2_r5_d2_s43,noisy_shot,512,1,2026,ibm_kingston,True,full_main_quantum_stack,train,n_records,100.0
MNIST_QNN_eff_su2_r5_d2_s43,noisy_shot,512,1,2026,ibm_kingston,True,full_main_quantum_stack,test,target_accuracy,0.7400000095367432
MNIST_QNN_eff_su2_r5_d2_s43,noisy_shot,512,1,2026,ibm_kingston,True,full_main_quantum_stack,test,target_loss,0.680548906326294
MNIST_QNN_eff_su2_r5_d2_s43,noisy_shot,512,1,2026,ibm_kingston,True,full_main_quantum_stack,test,n_records,100.0
MNIST_QNN_eff_su2_r5_d2_s43,noisy_shot,512,1,2026,ibm_kingston,True,full_main_quantum_stack,membership,loss_auc,0.5173000000000001
MNIST_QNN_eff_su2_r5_d2_s43,noisy_shot,512,1,2026,ibm_kingston,True,full_main_quantum_stack,membership,entropy_auc,0.5007
MNIST_QNN_eff_su2_r5_d2_s43,noisy_shot,512,1,2026,ibm_kingston,True,full_main_quantum_stack,membership,confidence_auc,0.501
MNIST_QNN_eff_su2_r5_d2_s43,noisy_shot,512,1,2026,ibm_kingston,True,full_main_quantum_stack,membership,margin_auc,0.49989999999999996
MNIST_QNN_eff_su2_r5_d2_s43,noisy_shot,512,1,2026,ibm_kingston,True,full_main_quantum_stack,membership,correctness_auc,0.535
MNIST_QNN_eff_su2_r5_d2_s43,noisy_shot,512,1,2026,ibm_kingston,True,full_main_quantum_stack,membership,max_probability_auc,0.501
MNIST_QNN_eff_su2_r5_d2_s43,noisy_shot,512,1,2026,ibm_kingston,True,full_main_quantum_stack,target,generalization_gap_accuracy,0.06999999284744263
MNIST_QNN_eff_su2_r5_d2_s43,noisy_shot,512,2,2026,ibm_kingston,True,full_main_quantum_stack,train,target_accuracy,0.8100000023841858
MNIST_QNN_eff_su2_r5_d2_s43,noisy_shot,512,2,2026,ibm_kingston,True,full_main_quantum_stack,train,target_loss,0.48974552750587463
MNIST_QNN_eff_su2_r5_d2_s43,noisy_shot,512,2,2026,ibm_kingston,True,full_main_quantum_stack,train,n_records,100.0
MNIST_QNN_eff_su2_r5_d2_s43,noisy_shot,512,2,2026,ibm_kingston,True,full_main_quantum_stack,test,target_accuracy,0.7799999713897705
MNIST_QNN_eff_su2_r5_d2_s43,noisy_shot,512,2,2026,ibm_kingston,True,full_main_quantum_stack,test,target_loss,0.6537917256355286
MNIST_QNN_eff_su2_r5_d2_s43,noisy_shot,512,2,2026,ibm_kingston,True,full_main_quantum_stack,test,n_records,100.0
MNIST_QNN_eff_su2_r5_d2_s43,noisy_shot,512,2,2026,ibm_kingston,True,full_main_quantum_stack,membership,loss_auc,0.5266
MNIST_QNN_eff_su2_r5_d2_s43,noisy_shot,512,2,2026,ibm_kingston,True,full_main_quantum_stack,membership,entropy_auc,0.48059999999999997
MNIST_QNN_eff_su2_r5_d2_s43,noisy_shot,512,2,2026,ibm_kingston,True,full_main_quantum_stack,membership,confidence_auc,0.4802
MNIST_QNN_eff_su2_r5_d2_s43,noisy_shot,512,2,2026,ibm_kingston,True,full_main_quantum_stack,membership,margin_auc,0.47900000000000004
MNIST_QNN_eff_su2_r5_d2_s43,noisy_shot,512,2,2026,ibm_kingston,True,full_main_quantum_stack,membership,correctness_auc,0.515
MNIST_QNN_eff_su2_r5_d2_s43,noisy_shot,512,2,2026,ibm_kingston,True,full_main_quantum_stack,membership,max_probability_auc,0.4802
MNIST_QNN_eff_su2_r5_d2_s43,noisy_shot,512,2,2026,ibm_kingston,True,full_main_quantum_stack,target,generalization_gap_accuracy,0.030000030994415283
MNIST_QNN_eff_su2_r5_d2_s43,noisy_shot,512,3,2026,ibm_kingston,True,full_main_quantum_stack,train,target_accuracy,0.8299999833106995
MNIST_QNN_eff_su2_r5_d2_s43,noisy_shot,512,3,2026,ibm_kingston,True,full_main_quantum_stack,train,target_loss,0.49362608790397644
MNIST_QNN_eff_su2_r5_d2_s43,noisy_shot,512,3,2026,ibm_kingston,True,full_main_quantum_stack,train,n_records,100.0
MNIST_QNN_eff_su2_r5_d2_s43,noisy_shot,512,3,2026,ibm_kingston,True,full_main_quantum_stack,test,target_accuracy,0.7799999713897705
MNIST_QNN_eff_su2_r5_d2_s43,noisy_shot,512,3,2026,ibm_kingston,True,full_main_quantum_stack,test,target_loss,0.6025015711784363
MNIST_QNN_eff_su2_r5_d2_s43,noisy_shot,512,3,2026,ibm_kingston,True,full_main_quantum_stack,test,n_records,100.0
MNIST_QNN_eff_su2_r5_d2_s43,noisy_shot,512,3,2026,ibm_kingston,True,full_main_quantum_stack,membership,loss_auc,0.49910000000000004
MNIST_QNN_eff_su2_r5_d2_s43,noisy_shot,512,3,2026,ibm_kingston,True,full_main_quantum_stack,membership,entropy_auc,0.4704
MNIST_QNN_eff_su2_r5_d2_s43,noisy_shot,512,3,2026,ibm_kingston,True,full_main_quantum_stack,membership,confidence_auc,0.47689999999999994
MNIST_QNN_eff_su2_r5_d2_s43,noisy_shot,512,3,2026,ibm_kingston,True,full_main_quantum_stack,membership,margin_auc,0.4831
MNIST_QNN_eff_su2_r5_d2_s43,noisy_shot,512,3,2026,ibm_kingston,True,full_main_quantum_stack,membership,correctness_auc,0.5249999999999999
MNIST_QNN_eff_su2_r5_d2_s43,noisy_shot,512,3,2026,ibm_kingston,True,full_main_quantum_stack,membership,max_probability_auc,0.47689999999999994
MNIST_QNN_eff_su2_r5_d2_s43,noisy_shot,512,3,2026,ibm_kingston,True,full_main_quantum_stack,target,generalization_gap_accuracy,0.050000011920928955
MNIST_QNN_eff_su2_r5_d2_s43,noisy_shot,512,4,2026,ibm_kingston,True,full_main_quantum_stack,train,target_accuracy,0.8199999928474426
MNIST_QNN_eff_su2_r5_d2_s43,noisy_shot,512,4,2026,ibm_kingston,True,full_main_quantum_stack,train,target_loss,0.49986279010772705
MNIST_QNN_eff_su2_r5_d2_s43,noisy_shot,512,4,2026,ibm_kingston,True,full_main_quantum_stack,train,n_records,100.0
MNIST_QNN_eff_su2_r5_d2_s43,noisy_shot,512,4,2026,ibm_kingston,True,full_main_quantum_stack,test,target_accuracy,0.7799999713897705
MNIST_QNN_eff_su2_r5_d2_s43,noisy_shot,512,4,2026,ibm_kingston,True,full_main_quantum_stack,test,target_loss,0.6504427194595337
MNIST_QNN_eff_su2_r5_d2_s43,noisy_shot,512,4,2026,ibm_kingston,True,full_main_quantum_stack,test,n_records,100.0
MNIST_QNN_eff_su2_r5_d2_s43,noisy_shot,512,4,2026,ibm_kingston,True,full_main_quantum_stack,membership,loss_auc,0.4996
MNIST_QNN_eff_su2_r5_d2_s43,noisy_shot,512,4,2026,ibm_kingston,True,full_main_quantum_stack,membership,entropy_auc,0.46390000000000003
MNIST_QNN_eff_su2_r5_d2_s43,noisy_shot,512,4,2026,ibm_kingston,True,full_main_quantum_stack,membership,confidence_auc,0.4537
MNIST_QNN_eff_su2_r5_d2_s43,noisy_shot,512,4,2026,ibm_kingston,True,full_main_quantum_stack,membership,margin_auc,0.4496
MNIST_QNN_eff_su2_r5_d2_s43,noisy_shot,512,4,2026,ibm_kingston,True,full_main_quantum_stack,membership,correctness_auc,0.5199999999999999
MNIST_QNN_eff_su2_r5_d2_s43,noisy_shot,512,4,2026,ibm_kingston,True,full_main_quantum_stack,membership,max_probability_auc,0.4537
MNIST_QNN_eff_su2_r5_d2_s43,noisy_shot,512,4,2026,ibm_kingston,True,full_main_quantum_stack,target,generalization_gap_accuracy,0.04000002145767212
MNIST_QNN_eff_su2_r5_d2_s43,noisy_shot,512,5,2026,ibm_kingston,True,full_main_quantum_stack,train,target_accuracy,0.8500000238418579
MNIST_QNN_eff_su2_r5_d2_s43,noisy_shot,512,5,2026,ibm_kingston,True,full_main_quantum_stack,train,target_loss,0.4439679980278015
MNIST_QNN_eff_su2_r5_d2_s43,noisy_shot,512,5,2026,ibm_kingston,True,full_main_quantum_stack,train,n_records,100.0
MNIST_QNN_eff_su2_r5_d2_s43,noisy_shot,512,5,2026,ibm_kingston,True,full_main_quantum_stack,test,target_accuracy,0.7400000095367432
MNIST_QNN_eff_su2_r5_d2_s43,noisy_shot,512,5,2026,ibm_kingston,True,full_main_quantum_stack,test,target_loss,0.6868918538093567
MNIST_QNN_eff_su2_r5_d2_s43,noisy_shot,512,5,2026,ibm_kingston,True,full_main_quantum_stack,test,n_records,100.0
MNIST_QNN_eff_su2_r5_d2_s43,noisy_shot,512,5,2026,ibm_kingston,True,full_main_quantum_stack,membership,loss_auc,0.5594
MNIST_QNN_eff_su2_r5_d2_s43,noisy_shot,512,5,2026,ibm_kingston,True,full_main_quantum_stack,membership,entropy_auc,0.512
MNIST_QNN_eff_su2_r5_d2_s43,noisy_shot,512,5,2026,ibm_kingston,True,full_main_quantum_stack,membership,confidence_auc,0.5242000000000001
MNIST_QNN_eff_su2_r5_d2_s43,noisy_shot,512,5,2026,ibm_kingston,True,full_main_quantum_stack,membership,margin_auc,0.5277000000000001
MNIST_QNN_eff_su2_r5_d2_s43,noisy_shot,512,5,2026,ibm_kingston,True,full_main_quantum_stack,membership,correctness_auc,0.555
MNIST_QNN_eff_su2_r5_d2_s43,noisy_shot,512,5,2026,ibm_kingston,True,full_main_quantum_stack,membership,max_probability_auc,0.5242000000000001
MNIST_QNN_eff_su2_r5_d2_s43,noisy_shot,512,5,2026,ibm_kingston,True,full_main_quantum_stack,target,generalization_gap_accuracy,0.11000001430511475
MNIST_QNN_eff_su2_r5_d2_s43,noisy_shot,512,6,2026,ibm_kingston,True,full_main_quantum_stack,train,target_accuracy,0.8199999928474426
MNIST_QNN_eff_su2_r5_d2_s43,noisy_shot,512,6,2026,ibm_kingston,True,full_main_quantum_stack,train,target_loss,0.4831000864505768
MNIST_QNN_eff_su2_r5_d2_s43,noisy_shot,512,6,2026,ibm_kingston,True,full_main_quantum_stack,train,n_records,100.0
MNIST_QNN_eff_su2_r5_d2_s43,noisy_shot,512,6,2026,ibm_kingston,True,full_main_quantum_stack,test,target_accuracy,0.7300000190734863
MNIST_QNN_eff_su2_r5_d2_s43,noisy_shot,512,6,2026,ibm_kingston,True,full_main_quantum_stack,test,target_loss,0.7070909142494202
MNIST_QNN_eff_su2_r5_d2_s43,noisy_shot,512,6,2026,ibm_kingston,True,full_main_quantum_stack,test,n_records,100.0
MNIST_QNN_eff_su2_r5_d2_s43,noisy_shot,512,6,2026,ibm_kingston,True,full_main_quantum_stack,membership,loss_auc,0.5078
MNIST_QNN_eff_su2_r5_d2_s43,noisy_shot,512,6,2026,ibm_kingston,True,full_main_quantum_stack,membership,entropy_auc,0.4455
MNIST_QNN_eff_su2_r5_d2_s43,noisy_shot,512,6,2026,ibm_kingston,True,full_main_quantum_stack,membership,confidence_auc,0.4504
MNIST_QNN_eff_su2_r5_d2_s43,noisy_shot,512,6,2026,ibm_kingston,True,full_main_quantum_stack,membership,margin_auc,0.4573
MNIST_QNN_eff_su2_r5_d2_s43,noisy_shot,512,6,2026,ibm_kingston,True,full_main_quantum_stack,membership,correctness_auc,0.5449999999999999
MNIST_QNN_eff_su2_r5_d2_s43,noisy_shot,512,6,2026,ibm_kingston,True,full_main_quantum_stack,membership,max_probability_auc,0.4504
MNIST_QNN_eff_su2_r5_d2_s43,noisy_shot,512,6,2026,ibm_kingston,True,full_main_quantum_stack,target,generalization_gap_accuracy,0.0899999737739563
MNIST_QNN_eff_su2_r5_d2_s43,noisy_shot,512,7,2026,ibm_kingston,True,full_main_quantum_stack,train,target_accuracy,0.8600000143051147
MNIST_QNN_eff_su2_r5_d2_s43,noisy_shot,512,7,2026,ibm_kingston,True,full_main_quantum_stack,train,target_loss,0.45271384716033936
MNIST_QNN_eff_su2_r5_d2_s43,noisy_shot,512,7,2026,ibm_kingston,True,full_main_quantum_stack,train,n_records,100.0
MNIST_QNN_eff_su2_r5_d2_s43,noisy_shot,512,7,2026,ibm_kingston,True,full_main_quantum_stack,test,target_accuracy,0.7799999713897705
MNIST_QNN_eff_su2_r5_d2_s43,noisy_shot,512,7,2026,ibm_kingston,True,full_main_quantum_stack,test,target_loss,0.6287837028503418
MNIST_QNN_eff_su2_r5_d2_s43,noisy_shot,512,7,2026,ibm_kingston,True,full_main_quantum_stack,test,n_records,100.0
MNIST_QNN_eff_su2_r5_d2_s43,noisy_shot,512,7,2026,ibm_kingston,True,full_main_quantum_stack,membership,loss_auc,0.5197
MNIST_QNN_eff_su2_r5_d2_s43,noisy_shot,512,7,2026,ibm_kingston,True,full_main_quantum_stack,membership,entropy_auc,0.46569999999999995
MNIST_QNN_eff_su2_r5_d2_s43,noisy_shot,512,7,2026,ibm_kingston,True,full_main_quantum_stack,membership,confidence_auc,0.4738
MNIST_QNN_eff_su2_r5_d2_s43,noisy_shot,512,7,2026,ibm_kingston,True,full_main_quantum_stack,membership,margin_auc,0.47390000000000004
MNIST_QNN_eff_su2_r5_d2_s43,noisy_shot,512,7,2026,ibm_kingston,True,full_main_quantum_stack,membership,correctness_auc,0.54
MNIST_QNN_eff_su2_r5_d2_s43,noisy_shot,512,7,2026,ibm_kingston,True,full_main_quantum_stack,membership,max_probability_auc,0.4738
MNIST_QNN_eff_su2_r5_d2_s43,noisy_shot,512,7,2026,ibm_kingston,True,full_main_quantum_stack,target,generalization_gap_accuracy,0.08000004291534424
MNIST_QNN_eff_su2_r5_d2_s43,noisy_shot,512,8,2026,ibm_kingston,True,full_main_quantum_stack,train,target_accuracy,0.7699999809265137
MNIST_QNN_eff_su2_r5_d2_s43,noisy_shot,512,8,2026,ibm_kingston,True,full_main_quantum_stack,train,target_loss,0.48984822630882263
MNIST_QNN_eff_su2_r5_d2_s43,noisy_shot,512,8,2026,ibm_kingston,True,full_main_quantum_stack,train,n_records,100.0
MNIST_QNN_eff_su2_r5_d2_s43,noisy_shot,512,8,2026,ibm_kingston,True,full_main_quantum_stack,test,target_accuracy,0.7900000214576721
MNIST_QNN_eff_su2_r5_d2_s43,noisy_shot,512,8,2026,ibm_kingston,True,full_main_quantum_stack,test,target_loss,0.6747984886169434
MNIST_QNN_eff_su2_r5_d2_s43,noisy_shot,512,8,2026,ibm_kingston,True,full_main_quantum_stack,test,n_records,100.0
MNIST_QNN_eff_su2_r5_d2_s43,noisy_shot,512,8,2026,ibm_kingston,True,full_main_quantum_stack,membership,loss_auc,0.538
MNIST_QNN_eff_su2_r5_d2_s43,noisy_shot,512,8,2026,ibm_kingston,True,full_main_quantum_stack,membership,entropy_auc,0.5063
MNIST_QNN_eff_su2_r5_d2_s43,noisy_shot,512,8,2026,ibm_kingston,True,full_main_quantum_stack,membership,confidence_auc,0.5088
MNIST_QNN_eff_su2_r5_d2_s43,noisy_shot,512,8,2026,ibm_kingston,True,full_main_quantum_stack,membership,margin_auc,0.515
MNIST_QNN_eff_su2_r5_d2_s43,noisy_shot,512,8,2026,ibm_kingston,True,full_main_quantum_stack,membership,correctness_auc,0.49
MNIST_QNN_eff_su2_r5_d2_s43,noisy_shot,512,8,2026,ibm_kingston,True,full_main_quantum_stack,membership,max_probability_auc,0.5088
MNIST_QNN_eff_su2_r5_d2_s43,noisy_shot,512,8,2026,ibm_kingston,True,full_main_quantum_stack,target,generalization_gap_accuracy,-0.020000040531158447
MNIST_QNN_eff_su2_r5_d2_s43,noisy_shot,512,9,2026,ibm_kingston,True,full_main_quantum_stack,train,target_accuracy,0.7900000214576721
MNIST_QNN_eff_su2_r5_d2_s43,noisy_shot,512,9,2026,ibm_kingston,True,full_main_quantum_stack,train,target_loss,0.5284635424613953
MNIST_QNN_eff_su2_r5_d2_s43,noisy_shot,512,9,2026,ibm_kingston,True,full_main_quantum_stack,train,n_records,100.0
MNIST_QNN_eff_su2_r5_d2_s43,noisy_shot,512,9,2026,ibm_kingston,True,full_main_quantum_stack,test,target_accuracy,0.7400000095367432
MNIST_QNN_eff_su2_r5_d2_s43,noisy_shot,512,9,2026,ibm_kingston,True,full_main_quantum_stack,test,target_loss,0.694399893283844
MNIST_QNN_eff_su2_r5_d2_s43,noisy_shot,512,9,2026,ibm_kingston,True,full_main_quantum_stack,test,n_records,100.0
MNIST_QNN_eff_su2_r5_d2_s43,noisy_shot,512,9,2026,ibm_kingston,True,full_main_quantum_stack,membership,loss_auc,0.5446
MNIST_QNN_eff_su2_r5_d2_s43,noisy_shot,512,9,2026,ibm_kingston,True,full_main_quantum_stack,membership,entropy_auc,0.5211000000000001
MNIST_QNN_eff_su2_r5_d2_s43,noisy_shot,512,9,2026,ibm_kingston,True,full_main_quantum_stack,membership,confidence_auc,0.5326
MNIST_QNN_eff_su2_r5_d2_s43,noisy_shot,512,9,2026,ibm_kingston,True,full_main_quantum_stack,membership,margin_auc,0.5347999999999999
MNIST_QNN_eff_su2_r5_d2_s43,noisy_shot,512,9,2026,ibm_kingston,True,full_main_quantum_stack,membership,correctness_auc,0.525
MNIST_QNN_eff_su2_r5_d2_s43,noisy_shot,512,9,2026,ibm_kingston,True,full_main_quantum_stack,membership,max_probability_auc,0.5326
MNIST_QNN_eff_su2_r5_d2_s43,noisy_shot,512,9,2026,ibm_kingston,True,full_main_quantum_stack,target,generalization_gap_accuracy,0.050000011920928955
MNIST_QNN_eff_su2_r5_d2_s43,noisy_shot,1024,0,2026,ibm_kingston,True,full_main_quantum_stack,train,target_accuracy,0.8600000143051147
MNIST_QNN_eff_su2_r5_d2_s43,noisy_shot,1024,0,2026,ibm_kingston,True,full_main_quantum_stack,train,target_loss,0.3968985080718994
MNIST_QNN_eff_su2_r5_d2_s43,noisy_shot,1024,0,2026,ibm_kingston,True,full_main_quantum_stack,train,n_records,100.0
MNIST_QNN_eff_su2_r5_d2_s43,noisy_shot,1024,0,2026,ibm_kingston,True,full_main_quantum_stack,test,target_accuracy,0.7900000214576721
MNIST_QNN_eff_su2_r5_d2_s43,noisy_shot,1024,0,2026,ibm_kingston,True,full_main_quantum_stack,test,target_loss,0.6147100329399109
MNIST_QNN_eff_su2_r5_d2_s43,noisy_shot,1024,0,2026,ibm_kingston,True,full_main_quantum_stack,test,n_records,100.0
MNIST_QNN_eff_su2_r5_d2_s43,noisy_shot,1024,0,2026,ibm_kingston,True,full_main_quantum_stack,membership,loss_auc,0.5308999999999999
MNIST_QNN_eff_su2_r5_d2_s43,noisy_shot,1024,0,2026,ibm_kingston,True,full_main_quantum_stack,membership,entropy_auc,0.48710000000000003
MNIST_QNN_eff_su2_r5_d2_s43,noisy_shot,1024,0,2026,ibm_kingston,True,full_main_quantum_stack,membership,confidence_auc,0.4887
MNIST_QNN_eff_su2_r5_d2_s43,noisy_shot,1024,0,2026,ibm_kingston,True,full_main_quantum_stack,membership,margin_auc,0.488
MNIST_QNN_eff_su2_r5_d2_s43,noisy_shot,1024,0,2026,ibm_kingston,True,full_main_quantum_stack,membership,correctness_auc,0.5349999999999999
MNIST_QNN_eff_su2_r5_d2_s43,noisy_shot,1024,0,2026,ibm_kingston,True,full_main_quantum_stack,membership,max_probability_auc,0.4887
MNIST_QNN_eff_su2_r5_d2_s43,noisy_shot,1024,0,2026,ibm_kingston,True,full_main_quantum_stack,target,generalization_gap_accuracy,0.06999999284744263
MNIST_QNN_eff_su2_r5_d2_s43,noisy_shot,1024,1,2026,ibm_kingston,True,full_main_quantum_stack,train,target_accuracy,0.8100000023841858
MNIST_QNN_eff_su2_r5_d2_s43,noisy_shot,1024,1,2026,ibm_kingston,True,full_main_quantum_stack,train,target_loss,0.4620574116706848
MNIST_QNN_eff_su2_r5_d2_s43,noisy_shot,1024,1,2026,ibm_kingston,True,full_main_quantum_stack,train,n_records,100.0
MNIST_QNN_eff_su2_r5_d2_s43,noisy_shot,1024,1,2026,ibm_kingston,True,full_main_quantum_stack,test,target_accuracy,0.7699999809265137
MNIST_QNN_eff_su2_r5_d2_s43,noisy_shot,1024,1,2026,ibm_kingston,True,full_main_quantum_stack,test,target_loss,0.6443049907684326
MNIST_QNN_eff_su2_r5_d2_s43,noisy_shot,1024,1,2026,ibm_kingston,True,full_main_quantum_stack,test,n_records,100.0
MNIST_QNN_eff_su2_r5_d2_s43,noisy_shot,1024,1,2026,ibm_kingston,True,full_main_quantum_stack,membership,loss_auc,0.5229000000000001
MNIST_QNN_eff_su2_r5_d2_s43,noisy_shot,1024,1,2026,ibm_kingston,True,full_main_quantum_stack,membership,entropy_auc,0.4892
MNIST_QNN_eff_su2_r5_d2_s43,noisy_shot,1024,1,2026,ibm_kingston,True,full_main_quantum_stack,membership,confidence_auc,0.49590000000000006
MNIST_QNN_eff_su2_r5_d2_s43,noisy_shot,1024,1,2026,ibm_kingston,True,full_main_quantum_stack,membership,margin_auc,0.5003000000000001
MNIST_QNN_eff_su2_r5_d2_s43,noisy_shot,1024,1,2026,ibm_kingston,True,full_main_quantum_stack,membership,correctness_auc,0.52
MNIST_QNN_eff_su2_r5_d2_s43,noisy_shot,1024,1,2026,ibm_kingston,True,full_main_quantum_stack,membership,max_probability_auc,0.49590000000000006
MNIST_QNN_eff_su2_r5_d2_s43,noisy_shot,1024,1,2026,ibm_kingston,True,full_main_quantum_stack,target,generalization_gap_accuracy,0.04000002145767212
MNIST_QNN_eff_su2_r5_d2_s43,noisy_shot,1024,2,2026,ibm_kingston,True,full_main_quantum_stack,train,target_accuracy,0.8700000047683716
MNIST_QNN_eff_su2_r5_d2_s43,noisy_shot,1024,2,2026,ibm_kingston,True,full_main_quantum_stack,train,target_loss,0.4307478070259094
MNIST_QNN_eff_su2_r5_d2_s43,noisy_shot,1024,2,2026,ibm_kingston,True,full_main_quantum_stack,train,n_records,100.0
MNIST_QNN_eff_su2_r5_d2_s43,noisy_shot,1024,2,2026,ibm_kingston,True,full_main_quantum_stack,test,target_accuracy,0.7699999809265137
MNIST_QNN_eff_su2_r5_d2_s43,noisy_shot,1024,2,2026,ibm_kingston,True,full_main_quantum_stack,test,target_loss,0.6393063068389893
MNIST_QNN_eff_su2_r5_d2_s43,noisy_shot,1024,2,2026,ibm_kingston,True,full_main_quantum_stack,test,n_records,100.0
MNIST_QNN_eff_su2_r5_d2_s43,noisy_shot,1024,2,2026,ibm_kingston,True,full_main_quantum_stack,membership,loss_auc,0.5272
MNIST_QNN_eff_su2_r5_d2_s43,noisy_shot,1024,2,2026,ibm_kingston,True,full_main_quantum_stack,membership,entropy_auc,0.47720000000000007
MNIST_QNN_eff_su2_r5_d2_s43,noisy_shot,1024,2,2026,ibm_kingston,True,full_main_quantum_stack,membership,confidence_auc,0.46359999999999996
MNIST_QNN_eff_su2_r5_d2_s43,noisy_shot,1024,2,2026,ibm_kingston,True,full_main_quantum_stack,membership,margin_auc,0.4633
MNIST_QNN_eff_su2_r5_d2_s43,noisy_shot,1024,2,2026,ibm_kingston,True,full_main_quantum_stack,membership,correctness_auc,0.55
MNIST_QNN_eff_su2_r5_d2_s43,noisy_shot,1024,2,2026,ibm_kingston,True,full_main_quantum_stack,membership,max_probability_auc,0.46359999999999996
MNIST_QNN_eff_su2_r5_d2_s43,noisy_shot,1024,2,2026,ibm_kingston,True,full_main_quantum_stack,target,generalization_gap_accuracy,0.10000002384185791
MNIST_QNN_eff_su2_r5_d2_s43,noisy_shot,1024,3,2026,ibm_kingston,True,full_main_quantum_stack,train,target_accuracy,0.8199999928474426
MNIST_QNN_eff_su2_r5_d2_s43,noisy_shot,1024,3,2026,ibm_kingston,True,full_main_quantum_stack,train,target_loss,0.45956656336784363
MNIST_QNN_eff_su2_r5_d2_s43,noisy_shot,1024,3,2026,ibm_kingston,True,full_main_quantum_stack,train,n_records,100.0
MNIST_QNN_eff_su2_r5_d2_s43,noisy_shot,1024,3,2026,ibm_kingston,True,full_main_quantum_stack,test,target_accuracy,0.8100000023841858
MNIST_QNN_eff_su2_r5_d2_s43,noisy_shot,1024,3,2026,ibm_kingston,True,full_main_quantum_stack,test,target_loss,0.5818720459938049
MNIST_QNN_eff_su2_r5_d2_s43,noisy_shot,1024,3,2026,ibm_kingston,True,full_main_quantum_stack,test,n_records,100.0
MNIST_QNN_eff_su2_r5_d2_s43,noisy_shot,1024,3,2026,ibm_kingston,True,full_main_quantum_stack,membership,loss_auc,0.5283
MNIST_QNN_eff_su2_r5_d2_s43,noisy_shot,1024,3,2026,ibm_kingston,True,full_main_quantum_stack,membership,entropy_auc,0.4972
MNIST_QNN_eff_su2_r5_d2_s43,noisy_shot,1024,3,2026,ibm_kingston,True,full_main_quantum_stack,membership,confidence_auc,0.5049
MNIST_QNN_eff_su2_r5_d2_s43,noisy_shot,1024,3,2026,ibm_kingston,True,full_main_quantum_stack,membership,margin_auc,0.5038
MNIST_QNN_eff_su2_r5_d2_s43,noisy_shot,1024,3,2026,ibm_kingston,True,full_main_quantum_stack,membership,correctness_auc,0.5049999999999999
MNIST_QNN_eff_su2_r5_d2_s43,noisy_shot,1024,3,2026,ibm_kingston,True,full_main_quantum_stack,membership,max_probability_auc,0.5049
MNIST_QNN_eff_su2_r5_d2_s43,noisy_shot,1024,3,2026,ibm_kingston,True,full_main_quantum_stack,target,generalization_gap_accuracy,0.009999990463256836
MNIST_QNN_eff_su2_r5_d2_s43,noisy_shot,1024,4,2026,ibm_kingston,True,full_main_quantum_stack,train,target_accuracy,0.8500000238418579
MNIST_QNN_eff_su2_r5_d2_s43,noisy_shot,1024,4,2026,ibm_kingston,True,full_main_quantum_stack,train,target_loss,0.4295438826084137
MNIST_QNN_eff_su2_r5_d2_s43,noisy_shot,1024,4,2026,ibm_kingston,True,full_main_quantum_stack,train,n_records,100.0
MNIST_QNN_eff_su2_r5_d2_s43,noisy_shot,1024,4,2026,ibm_kingston,True,full_main_quantum_stack,test,target_accuracy,0.7699999809265137
MNIST_QNN_eff_su2_r5_d2_s43,noisy_shot,1024,4,2026,ibm_kingston,True,full_main_quantum_stack,test,target_loss,0.5934803485870361
MNIST_QNN_eff_su2_r5_d2_s43,noisy_shot,1024,4,2026,ibm_kingston,True,full_main_quantum_stack,test,n_records,100.0
MNIST_QNN_eff_su2_r5_d2_s43,noisy_shot,1024,4,2026,ibm_kingston,True,full_main_quantum_stack,membership,loss_auc,0.5176999999999999
MNIST_QNN_eff_su2_r5_d2_s43,noisy_shot,1024,4,2026,ibm_kingston,True,full_main_quantum_stack,membership,entropy_auc,0.49169999999999997
MNIST_QNN_eff_su2_r5_d2_s43,noisy_shot,1024,4,2026,ibm_kingston,True,full_main_quantum_stack,membership,confidence_auc,0.48819999999999997
MNIST_QNN_eff_su2_r5_d2_s43,noisy_shot,1024,4,2026,ibm_kingston,True,full_main_quantum_stack,membership,margin_auc,0.4895
MNIST_QNN_eff_su2_r5_d2_s43,noisy_shot,1024,4,2026,ibm_kingston,True,full_main_quantum_stack,membership,correctness_auc,0.54
MNIST_QNN_eff_su2_r5_d2_s43,noisy_shot,1024,4,2026,ibm_kingston,True,full_main_quantum_stack,membership,max_probability_auc,0.48819999999999997
MNIST_QNN_eff_su2_r5_d2_s43,noisy_shot,1024,4,2026,ibm_kingston,True,full_main_quantum_stack,target,generalization_gap_accuracy,0.08000004291534424
MNIST_QNN_eff_su2_r5_d2_s43,noisy_shot,1024,5,2026,ibm_kingston,True,full_main_quantum_stack,train,target_accuracy,0.8500000238418579
MNIST_QNN_eff_su2_r5_d2_s43,noisy_shot,1024,5,2026,ibm_kingston,True,full_main_quantum_stack,train,target_loss,0.4399931728839874
MNIST_QNN_eff_su2_r5_d2_s43,noisy_shot,1024,5,2026,ibm_kingston,True,full_main_quantum_stack,train,n_records,100.0
MNIST_QNN_eff_su2_r5_d2_s43,noisy_shot,1024,5,2026,ibm_kingston,True,full_main_quantum_stack,test,target_accuracy,0.7900000214576721
MNIST_QNN_eff_su2_r5_d2_s43,noisy_shot,1024,5,2026,ibm_kingston,True,full_main_quantum_stack,test,target_loss,0.661583423614502
MNIST_QNN_eff_su2_r5_d2_s43,noisy_shot,1024,5,2026,ibm_kingston,True,full_main_quantum_stack,test,n_records,100.0
MNIST_QNN_eff_su2_r5_d2_s43,noisy_shot,1024,5,2026,ibm_kingston,True,full_main_quantum_stack,membership,loss_auc,0.5414000000000001
MNIST_QNN_eff_su2_r5_d2_s43,noisy_shot,1024,5,2026,ibm_kingston,True,full_main_quantum_stack,membership,entropy_auc,0.5001
MNIST_QNN_eff_su2_r5_d2_s43,noisy_shot,1024,5,2026,ibm_kingston,True,full_main_quantum_stack,membership,confidence_auc,0.5024
MNIST_QNN_eff_su2_r5_d2_s43,noisy_shot,1024,5,2026,ibm_kingston,True,full_main_quantum_stack,membership,margin_auc,0.5005
MNIST_QNN_eff_su2_r5_d2_s43,noisy_shot,1024,5,2026,ibm_kingston,True,full_main_quantum_stack,membership,correctness_auc,0.53
MNIST_QNN_eff_su2_r5_d2_s43,noisy_shot,1024,5,2026,ibm_kingston,True,full_main_quantum_stack,membership,max_probability_auc,0.5024
MNIST_QNN_eff_su2_r5_d2_s43,noisy_shot,1024,5,2026,ibm_kingston,True,full_main_quantum_stack,target,generalization_gap_accuracy,0.06000000238418579
MNIST_QNN_eff_su2_r5_d2_s43,noisy_shot,1024,6,2026,ibm_kingston,True,full_main_quantum_stack,train,target_accuracy,0.8399999737739563
MNIST_QNN_eff_su2_r5_d2_s43,noisy_shot,1024,6,2026,ibm_kingston,True,full_main_quantum_stack,train,target_loss,0.43432122468948364
MNIST_QNN_eff_su2_r5_d2_s43,noisy_shot,1024,6,2026,ibm_kingston,True,full_main_quantum_stack,train,n_records,100.0
MNIST_QNN_eff_su2_r5_d2_s43,noisy_shot,1024,6,2026,ibm_kingston,True,full_main_quantum_stack,test,target_accuracy,0.7400000095367432
MNIST_QNN_eff_su2_r5_d2_s43,noisy_shot,1024,6,2026,ibm_kingston,True,full_main_quantum_stack,test,target_loss,0.6425020098686218
MNIST_QNN_eff_su2_r5_d2_s43,noisy_shot,1024,6,2026,ibm_kingston,True,full_main_quantum_stack,test,n_records,100.0
MNIST_QNN_eff_su2_r5_d2_s43,noisy_shot,1024,6,2026,ibm_kingston,True,full_main_quantum_stack,membership,loss_auc,0.519
MNIST_QNN_eff_su2_r5_d2_s43,noisy_shot,1024,6,2026,ibm_kingston,True,full_main_quantum_stack,membership,entropy_auc,0.4625
MNIST_QNN_eff_su2_r5_d2_s43,noisy_shot,1024,6,2026,ibm_kingston,True,full_main_quantum_stack,membership,confidence_auc,0.46909999999999996
MNIST_QNN_eff_su2_r5_d2_s43,noisy_shot,1024,6,2026,ibm_kingston,True,full_main_quantum_stack,membership,margin_auc,0.4699999999999999
MNIST_QNN_eff_su2_r5_d2_s43,noisy_shot,1024,6,2026,ibm_kingston,True,full_main_quantum_stack,membership,correctness_auc,0.5499999999999999
MNIST_QNN_eff_su2_r5_d2_s43,noisy_shot,1024,6,2026,ibm_kingston,True,full_main_quantum_stack,membership,max_probability_auc,0.46909999999999996
MNIST_QNN_eff_su2_r5_d2_s43,noisy_shot,1024,6,2026,ibm_kingston,True,full_main_quantum_stack,target,generalization_gap_accuracy,0.09999996423721313
MNIST_QNN_eff_su2_r5_d2_s43,noisy_shot,1024,7,2026,ibm_kingston,True,full_main_quantum_stack,train,target_accuracy,0.8500000238418579
MNIST_QNN_eff_su2_r5_d2_s43,noisy_shot,1024,7,2026,ibm_kingston,True,full_main_quantum_stack,train,target_loss,0.41893818974494934
MNIST_QNN_eff_su2_r5_d2_s43,noisy_shot,1024,7,2026,ibm_kingston,True,full_main_quantum_stack,train,n_records,100.0
MNIST_QNN_eff_su2_r5_d2_s43,noisy_shot,1024,7,2026,ibm_kingston,True,full_main_quantum_stack,test,target_accuracy,0.7799999713897705
MNIST_QNN_eff_su2_r5_d2_s43,noisy_shot,1024,7,2026,ibm_kingston,True,full_main_quantum_stack,test,target_loss,0.603272557258606
MNIST_QNN_eff_su2_r5_d2_s43,noisy_shot,1024,7,2026,ibm_kingston,True,full_main_quantum_stack,test,n_records,100.0
MNIST_QNN_eff_su2_r5_d2_s43,noisy_shot,1024,7,2026,ibm_kingston,True,full_main_quantum_stack,membership,loss_auc,0.5323999999999999
MNIST_QNN_eff_su2_r5_d2_s43,noisy_shot,1024,7,2026,ibm_kingston,True,full_main_quantum_stack,membership,entropy_auc,0.4789
MNIST_QNN_eff_su2_r5_d2_s43,noisy_shot,1024,7,2026,ibm_kingston,True,full_main_quantum_stack,membership,confidence_auc,0.48269999999999996
MNIST_QNN_eff_su2_r5_d2_s43,noisy_shot,1024,7,2026,ibm_kingston,True,full_main_quantum_stack,membership,margin_auc,0.48810000000000003
MNIST_QNN_eff_su2_r5_d2_s43,noisy_shot,1024,7,2026,ibm_kingston,True,full_main_quantum_stack,membership,correctness_auc,0.535
MNIST_QNN_eff_su2_r5_d2_s43,noisy_shot,1024,7,2026,ibm_kingston,True,full_main_quantum_stack,membership,max_probability_auc,0.48269999999999996
MNIST_QNN_eff_su2_r5_d2_s43,noisy_shot,1024,7,2026,ibm_kingston,True,full_main_quantum_stack,target,generalization_gap_accuracy,0.0700000524520874
MNIST_QNN_eff_su2_r5_d2_s43,noisy_shot,1024,8,2026,ibm_kingston,True,full_main_quantum_stack,train,target_accuracy,0.7900000214576721
MNIST_QNN_eff_su2_r5_d2_s43,noisy_shot,1024,8,2026,ibm_kingston,True,full_main_quantum_stack,train,target_loss,0.44771912693977356
MNIST_QNN_eff_su2_r5_d2_s43,noisy_shot,1024,8,2026,ibm_kingston,True,full_main_quantum_stack,train,n_records,100.0
MNIST_QNN_eff_su2_r5_d2_s43,noisy_shot,1024,8,2026,ibm_kingston,True,full_main_quantum_stack,test,target_accuracy,0.7900000214576721
MNIST_QNN_eff_su2_r5_d2_s43,noisy_shot,1024,8,2026,ibm_kingston,True,full_main_quantum_stack,test,target_loss,0.668529212474823
MNIST_QNN_eff_su2_r5_d2_s43,noisy_shot,1024,8,2026,ibm_kingston,True,full_main_quantum_stack,test,n_records,100.0
MNIST_QNN_eff_su2_r5_d2_s43,noisy_shot,1024,8,2026,ibm_kingston,True,full_main_quantum_stack,membership,loss_auc,0.5391
MNIST_QNN_eff_su2_r5_d2_s43,noisy_shot,1024,8,2026,ibm_kingston,True,full_main_quantum_stack,membership,entropy_auc,0.5007
MNIST_QNN_eff_su2_r5_d2_s43,noisy_shot,1024,8,2026,ibm_kingston,True,full_main_quantum_stack,membership,confidence_auc,0.5052
MNIST_QNN_eff_su2_r5_d2_s43,noisy_shot,1024,8,2026,ibm_kingston,True,full_main_quantum_stack,membership,margin_auc,0.5051999999999999
MNIST_QNN_eff_su2_r5_d2_s43,noisy_shot,1024,8,2026,ibm_kingston,True,full_main_quantum_stack,membership,correctness_auc,0.5
MNIST_QNN_eff_su2_r5_d2_s43,noisy_shot,1024,8,2026,ibm_kingston,True,full_main_quantum_stack,membership,max_probability_auc,0.5052
MNIST_QNN_eff_su2_r5_d2_s43,noisy_shot,1024,8,2026,ibm_kingston,True,full_main_quantum_stack,target,generalization_gap_accuracy,0.0
MNIST_QNN_eff_su2_r5_d2_s43,noisy_shot,1024,9,2026,ibm_kingston,True,full_main_quantum_stack,train,target_accuracy,0.8299999833106995
MNIST_QNN_eff_su2_r5_d2_s43,noisy_shot,1024,9,2026,ibm_kingston,True,full_main_quantum_stack,train,target_loss,0.46037614345550537
MNIST_QNN_eff_su2_r5_d2_s43,noisy_shot,1024,9,2026,ibm_kingston,True,full_main_quantum_stack,train,n_records,100.0
MNIST_QNN_eff_su2_r5_d2_s43,noisy_shot,1024,9,2026,ibm_kingston,True,full_main_quantum_stack,test,target_accuracy,0.7599999904632568
MNIST_QNN_eff_su2_r5_d2_s43,noisy_shot,1024,9,2026,ibm_kingston,True,full_main_quantum_stack,test,target_loss,0.6792806386947632
MNIST_QNN_eff_su2_r5_d2_s43,noisy_shot,1024,9,2026,ibm_kingston,True,full_main_quantum_stack,test,n_records,100.0
MNIST_QNN_eff_su2_r5_d2_s43,noisy_shot,1024,9,2026,ibm_kingston,True,full_main_quantum_stack,membership,loss_auc,0.5435000000000001
MNIST_QNN_eff_su2_r5_d2_s43,noisy_shot,1024,9,2026,ibm_kingston,True,full_main_quantum_stack,membership,entropy_auc,0.4998000000000001
MNIST_QNN_eff_su2_r5_d2_s43,noisy_shot,1024,9,2026,ibm_kingston,True,full_main_quantum_stack,membership,confidence_auc,0.5146999999999999
MNIST_QNN_eff_su2_r5_d2_s43,noisy_shot,1024,9,2026,ibm_kingston,True,full_main_quantum_stack,membership,margin_auc,0.5216999999999999
MNIST_QNN_eff_su2_r5_d2_s43,noisy_shot,1024,9,2026,ibm_kingston,True,full_main_quantum_stack,membership,correctness_auc,0.535
MNIST_QNN_eff_su2_r5_d2_s43,noisy_shot,1024,9,2026,ibm_kingston,True,full_main_quantum_stack,membership,max_probability_auc,0.5146999999999999
MNIST_QNN_eff_su2_r5_d2_s43,noisy_shot,1024,9,2026,ibm_kingston,True,full_main_quantum_stack,target,generalization_gap_accuracy,0.06999999284744263
