target_id,mode,shots,simulator_seed,transpiler_seed,backend_name,noise_model_loaded,quantum_execution_scope,metric_scope,metric_name,value
MNIST_QNN_eff_su2_r1_d2_s43,exact,0,-1,2026,none,False,exact_full_model,train,target_accuracy,0.7900000214576721
MNIST_QNN_eff_su2_r1_d2_s43,exact,0,-1,2026,none,False,exact_full_model,train,target_loss,0.5472866892814636
MNIST_QNN_eff_su2_r1_d2_s43,exact,0,-1,2026,none,False,exact_full_model,train,n_records,100.0
MNIST_QNN_eff_su2_r1_d2_s43,exact,0,-1,2026,none,False,exact_full_model,test,target_accuracy,0.75
MNIST_QNN_eff_su2_r1_d2_s43,exact,0,-1,2026,none,False,exact_full_model,test,target_loss,0.6041102409362793
MNIST_QNN_eff_su2_r1_d2_s43,exact,0,-1,2026,none,False,exact_full_model,test,n_records,100.0
MNIST_QNN_eff_su2_r1_d2_s43,exact,0,-1,2026,none,False,exact_full_model,membership,loss_auc,0.5128999999999999
MNIST_QNN_eff_su2_r1_d2_s43,exact,0,-1,2026,none,False,exact_full_model,membership,entropy_auc,0.4974
MNIST_QNN_eff_su2_r1_d2_s43,exact,0,-1,2026,none,False,exact_full_model,membership,confidence_auc,0.4903
MNIST_QNN_eff_su2_r1_d2_s43,exact,0,-1,2026,none,False,exact_full_model,membership,margin_auc,0.49219999999999997
MNIST_QNN_eff_su2_r1_d2_s43,exact,0,-1,2026,none,False,exact_full_model,membership,correctness_auc,0.52
MNIST_QNN_eff_su2_r1_d2_s43,exact,0,-1,2026,none,False,exact_full_model,membership,max_probability_auc,0.4903
MNIST_QNN_eff_su2_r1_d2_s43,exact,0,-1,2026,none,False,exact_full_model,target,generalization_gap_accuracy,0.04000002145767212
MNIST_QNN_eff_su2_r1_d2_s43,ideal_shot,128,0,2026,ibm_kingston,False,full_main_quantum_stack,train,target_accuracy,0.6200000047683716
MNIST_QNN_eff_su2_r1_d2_s43,ideal_shot,128,0,2026,ibm_kingston,False,full_main_quantum_stack,train,target_loss,0.8400712013244629
MNIST_QNN_eff_su2_r1_d2_s43,ideal_shot,128,0,2026,ibm_kingston,False,full_main_quantum_stack,train,n_records,100.0
MNIST_QNN_eff_su2_r1_d2_s43,ideal_shot,128,0,2026,ibm_kingston,False,full_main_quantum_stack,test,target_accuracy,0.6899999976158142
MNIST_QNN_eff_su2_r1_d2_s43,ideal_shot,128,0,2026,ibm_kingston,False,full_main_quantum_stack,test,target_loss,0.7479430437088013
MNIST_QNN_eff_su2_r1_d2_s43,ideal_shot,128,0,2026,ibm_kingston,False,full_main_quantum_stack,test,n_records,100.0
MNIST_QNN_eff_su2_r1_d2_s43,ideal_shot,128,0,2026,ibm_kingston,False,full_main_quantum_stack,membership,loss_auc,0.489
MNIST_QNN_eff_su2_r1_d2_s43,ideal_shot,128,0,2026,ibm_kingston,False,full_main_quantum_stack,membership,entropy_auc,0.5258
MNIST_QNN_eff_su2_r1_d2_s43,ideal_shot,128,0,2026,ibm_kingston,False,full_main_quantum_stack,membership,confidence_auc,0.5149
MNIST_QNN_eff_su2_r1_d2_s43,ideal_shot,128,0,2026,ibm_kingston,False,full_main_quantum_stack,membership,margin_auc,0.5105000000000001
MNIST_QNN_eff_su2_r1_d2_s43,ideal_shot,128,0,2026,ibm_kingston,False,full_main_quantum_stack,membership,correctness_auc,0.465
MNIST_QNN_eff_su2_r1_d2_s43,ideal_shot,128,0,2026,ibm_kingston,False,full_main_quantum_stack,membership,max_probability_auc,0.5149
MNIST_QNN_eff_su2_r1_d2_s43,ideal_shot,128,0,2026,ibm_kingston,False,full_main_quantum_stack,target,generalization_gap_accuracy,-0.06999999284744263
MNIST_QNN_eff_su2_r1_d2_s43,ideal_shot,128,1,2026,ibm_kingston,False,full_main_quantum_stack,train,target_accuracy,0.5899999737739563
MNIST_QNN_eff_su2_r1_d2_s43,ideal_shot,128,1,2026,ibm_kingston,False,full_main_quantum_stack,train,target_loss,0.8267228007316589
MNIST_QNN_eff_su2_r1_d2_s43,ideal_shot,128,1,2026,ibm_kingston,False,full_main_quantum_stack,train,n_records,100.0
MNIST_QNN_eff_su2_r1_d2_s43,ideal_shot,128,1,2026,ibm_kingston,False,full_main_quantum_stack,test,target_accuracy,0.5600000023841858
MNIST_QNN_eff_su2_r1_d2_s43,ideal_shot,128,1,2026,ibm_kingston,False,full_main_quantum_stack,test,target_loss,1.0004633665084839
MNIST_QNN_eff_su2_r1_d2_s43,ideal_shot,128,1,2026,ibm_kingston,False,full_main_quantum_stack,test,n_records,100.0
MNIST_QNN_eff_su2_r1_d2_s43,ideal_shot,128,1,2026,ibm_kingston,False,full_main_quantum_stack,membership,loss_auc,0.5426
MNIST_QNN_eff_su2_r1_d2_s43,ideal_shot,128,1,2026,ibm_kingston,False,full_main_quantum_stack,membership,entropy_auc,0.4895
MNIST_QNN_eff_su2_r1_d2_s43,ideal_shot,128,1,2026,ibm_kingston,False,full_main_quantum_stack,membership,confidence_auc,0.4889
MNIST_QNN_eff_su2_r1_d2_s43,ideal_shot,128,1,2026,ibm_kingston,False,full_main_quantum_stack,membership,margin_auc,0.4844
MNIST_QNN_eff_su2_r1_d2_s43,ideal_shot,128,1,2026,ibm_kingston,False,full_main_quantum_stack,membership,correctness_auc,0.5149999999999999
MNIST_QNN_eff_su2_r1_d2_s43,ideal_shot,128,1,2026,ibm_kingston,False,full_main_quantum_stack,membership,max_probability_auc,0.4889
MNIST_QNN_eff_su2_r1_d2_s43,ideal_shot,128,1,2026,ibm_kingston,False,full_main_quantum_stack,target,generalization_gap_accuracy,0.029999971389770508
MNIST_QNN_eff_su2_r1_d2_s43,ideal_shot,128,2,2026,ibm_kingston,False,full_main_quantum_stack,train,target_accuracy,0.6200000047683716
MNIST_QNN_eff_su2_r1_d2_s43,ideal_shot,128,2,2026,ibm_kingston,False,full_main_quantum_stack,train,target_loss,0.8279737234115601
MNIST_QNN_eff_su2_r1_d2_s43,ideal_shot,128,2,2026,ibm_kingston,False,full_main_quantum_stack,train,n_records,100.0
MNIST_QNN_eff_su2_r1_d2_s43,ideal_shot,128,2,2026,ibm_kingston,False,full_main_quantum_stack,test,target_accuracy,0.6700000166893005
MNIST_QNN_eff_su2_r1_d2_s43,ideal_shot,128,2,2026,ibm_kingston,False,full_main_quantum_stack,test,target_loss,0.804905116558075
MNIST_QNN_eff_su2_r1_d2_s43,ideal_shot,128,2,2026,ibm_kingston,False,full_main_quantum_stack,test,n_records,100.0
MNIST_QNN_eff_su2_r1_d2_s43,ideal_shot,128,2,2026,ibm_kingston,False,full_main_quantum_stack,membership,loss_auc,0.47050000000000003
MNIST_QNN_eff_su2_r1_d2_s43,ideal_shot,128,2,2026,ibm_kingston,False,full_main_quantum_stack,membership,entropy_auc,0.4568
MNIST_QNN_eff_su2_r1_d2_s43,ideal_shot,128,2,2026,ibm_kingston,False,full_main_quantum_stack,membership,confidence_auc,0.4752
MNIST_QNN_eff_su2_r1_d2_s43,ideal_shot,128,2,2026,ibm_kingston,False,full_main_quantum_stack,membership,margin_auc,0.4817
MNIST_QNN_eff_su2_r1_d2_s43,ideal_shot,128,2,2026,ibm_kingston,False,full_main_quantum_stack,membership,correctness_auc,0.475
MNIST_QNN_eff_su2_r1_d2_s43,ideal_shot,128,2,2026,ibm_kingston,False,full_main_quantum_stack,membership,max_probability_auc,0.4752
MNIST_QNN_eff_su2_r1_d2_s43,ideal_shot,128,2,2026,ibm_kingston,False,full_main_quantum_stack,target,generalization_gap_accuracy,-0.050000011920928955
MNIST_QNN_eff_su2_r1_d2_s43,ideal_shot,128,3,2026,ibm_kingston,False,full_main_quantum_stack,train,target_accuracy,0.6100000143051147
MNIST_QNN_eff_su2_r1_d2_s43,ideal_shot,128,3,2026,ibm_kingston,False,full_main_quantum_stack,train,target_loss,0.8998032212257385
MNIST_QNN_eff_su2_r1_d2_s43,ideal_shot,128,3,2026,ibm_kingston,False,full_main_quantum_stack,train,n_records,100.0
MNIST_QNN_eff_su2_r1_d2_s43,ideal_shot,128,3,2026,ibm_kingston,False,full_main_quantum_stack,test,target_accuracy,0.6200000047683716
MNIST_QNN_eff_su2_r1_d2_s43,ideal_shot,128,3,2026,ibm_kingston,False,full_main_quantum_stack,test,target_loss,0.9543591141700745
MNIST_QNN_eff_su2_r1_d2_s43,ideal_shot,128,3,2026,ibm_kingston,False,full_main_quantum_stack,test,n_records,100.0
MNIST_QNN_eff_su2_r1_d2_s43,ideal_shot,128,3,2026,ibm_kingston,False,full_main_quantum_stack,membership,loss_auc,0.5075999999999999
MNIST_QNN_eff_su2_r1_d2_s43,ideal_shot,128,3,2026,ibm_kingston,False,full_main_quantum_stack,membership,entropy_auc,0.4822
MNIST_QNN_eff_su2_r1_d2_s43,ideal_shot,128,3,2026,ibm_kingston,False,full_main_quantum_stack,membership,confidence_auc,0.4896
MNIST_QNN_eff_su2_r1_d2_s43,ideal_shot,128,3,2026,ibm_kingston,False,full_main_quantum_stack,membership,margin_auc,0.49079999999999996
MNIST_QNN_eff_su2_r1_d2_s43,ideal_shot,128,3,2026,ibm_kingston,False,full_main_quantum_stack,membership,correctness_auc,0.495
MNIST_QNN_eff_su2_r1_d2_s43,ideal_shot,128,3,2026,ibm_kingston,False,full_main_quantum_stack,membership,max_probability_auc,0.4896
MNIST_QNN_eff_su2_r1_d2_s43,ideal_shot,128,3,2026,ibm_kingston,False,full_main_quantum_stack,target,generalization_gap_accuracy,-0.009999990463256836
MNIST_QNN_eff_su2_r1_d2_s43,ideal_shot,128,4,2026,ibm_kingston,False,full_main_quantum_stack,train,target_accuracy,0.699999988079071
MNIST_QNN_eff_su2_r1_d2_s43,ideal_shot,128,4,2026,ibm_kingston,False,full_main_quantum_stack,train,target_loss,0.7087518572807312
MNIST_QNN_eff_su2_r1_d2_s43,ideal_shot,128,4,2026,ibm_kingston,False,full_main_quantum_stack,train,n_records,100.0
MNIST_QNN_eff_su2_r1_d2_s43,ideal_shot,128,4,2026,ibm_kingston,False,full_main_quantum_stack,test,target_accuracy,0.5799999833106995
MNIST_QNN_eff_su2_r1_d2_s43,ideal_shot,128,4,2026,ibm_kingston,False,full_main_quantum_stack,test,target_loss,0.931942343711853
MNIST_QNN_eff_su2_r1_d2_s43,ideal_shot,128,4,2026,ibm_kingston,False,full_main_quantum_stack,test,n_records,100.0
MNIST_QNN_eff_su2_r1_d2_s43,ideal_shot,128,4,2026,ibm_kingston,False,full_main_quantum_stack,membership,loss_auc,0.5654
MNIST_QNN_eff_su2_r1_d2_s43,ideal_shot,128,4,2026,ibm_kingston,False,full_main_quantum_stack,membership,entropy_auc,0.5467
MNIST_QNN_eff_su2_r1_d2_s43,ideal_shot,128,4,2026,ibm_kingston,False,full_main_quantum_stack,membership,confidence_auc,0.5693
MNIST_QNN_eff_su2_r1_d2_s43,ideal_shot,128,4,2026,ibm_kingston,False,full_main_quantum_stack,membership,margin_auc,0.5757
MNIST_QNN_eff_su2_r1_d2_s43,ideal_shot,128,4,2026,ibm_kingston,False,full_main_quantum_stack,membership,correctness_auc,0.56
MNIST_QNN_eff_su2_r1_d2_s43,ideal_shot,128,4,2026,ibm_kingston,False,full_main_quantum_stack,membership,max_probability_auc,0.5693
MNIST_QNN_eff_su2_r1_d2_s43,ideal_shot,128,4,2026,ibm_kingston,False,full_main_quantum_stack,target,generalization_gap_accuracy,0.12000000476837158
MNIST_QNN_eff_su2_r1_d2_s43,ideal_shot,128,5,2026,ibm_kingston,False,full_main_quantum_stack,train,target_accuracy,0.6600000262260437
MNIST_QNN_eff_su2_r1_d2_s43,ideal_shot,128,5,2026,ibm_kingston,False,full_main_quantum_stack,train,target_loss,0.8540591597557068
MNIST_QNN_eff_su2_r1_d2_s43,ideal_shot,128,5,2026,ibm_kingston,False,full_main_quantum_stack,train,n_records,100.0
MNIST_QNN_eff_su2_r1_d2_s43,ideal_shot,128,5,2026,ibm_kingston,False,full_main_quantum_stack,test,target_accuracy,0.6299999952316284
MNIST_QNN_eff_su2_r1_d2_s43,ideal_shot,128,5,2026,ibm_kingston,False,full_main_quantum_stack,test,target_loss,0.8724396228790283
MNIST_QNN_eff_su2_r1_d2_s43,ideal_shot,128,5,2026,ibm_kingston,False,full_main_quantum_stack,test,n_records,100.0
MNIST_QNN_eff_su2_r1_d2_s43,ideal_shot,128,5,2026,ibm_kingston,False,full_main_quantum_stack,membership,loss_auc,0.5246999999999999
MNIST_QNN_eff_su2_r1_d2_s43,ideal_shot,128,5,2026,ibm_kingston,False,full_main_quantum_stack,membership,entropy_auc,0.5246999999999999
MNIST_QNN_eff_su2_r1_d2_s43,ideal_shot,128,5,2026,ibm_kingston,False,full_main_quantum_stack,membership,confidence_auc,0.5387000000000001
MNIST_QNN_eff_su2_r1_d2_s43,ideal_shot,128,5,2026,ibm_kingston,False,full_main_quantum_stack,membership,margin_auc,0.5432
MNIST_QNN_eff_su2_r1_d2_s43,ideal_shot,128,5,2026,ibm_kingston,False,full_main_quantum_stack,membership,correctness_auc,0.515
MNIST_QNN_eff_su2_r1_d2_s43,ideal_shot,128,5,2026,ibm_kingston,False,full_main_quantum_stack,membership,max_probability_auc,0.5387000000000001
MNIST_QNN_eff_su2_r1_d2_s43,ideal_shot,128,5,2026,ibm_kingston,False,full_main_quantum_stack,target,generalization_gap_accuracy,0.030000030994415283
MNIST_QNN_eff_su2_r1_d2_s43,ideal_shot,128,6,2026,ibm_kingston,False,full_main_quantum_stack,train,target_accuracy,0.6499999761581421
MNIST_QNN_eff_su2_r1_d2_s43,ideal_shot,128,6,2026,ibm_kingston,False,full_main_quantum_stack,train,target_loss,0.8398312330245972
MNIST_QNN_eff_su2_r1_d2_s43,ideal_shot,128,6,2026,ibm_kingston,False,full_main_quantum_stack,train,n_records,100.0
MNIST_QNN_eff_su2_r1_d2_s43,ideal_shot,128,6,2026,ibm_kingston,False,full_main_quantum_stack,test,target_accuracy,0.7400000095367432
MNIST_QNN_eff_su2_r1_d2_s43,ideal_shot,128,6,2026,ibm_kingston,False,full_main_quantum_stack,test,target_loss,0.6801905035972595
MNIST_QNN_eff_su2_r1_d2_s43,ideal_shot,128,6,2026,ibm_kingston,False,full_main_quantum_stack,test,n_records,100.0
MNIST_QNN_eff_su2_r1_d2_s43,ideal_shot,128,6,2026,ibm_kingston,False,full_main_quantum_stack,membership,loss_auc,0.45999999999999996
MNIST_QNN_eff_su2_r1_d2_s43,ideal_shot,128,6,2026,ibm_kingston,False,full_main_quantum_stack,membership,entropy_auc,0.5155
MNIST_QNN_eff_su2_r1_d2_s43,ideal_shot,128,6,2026,ibm_kingston,False,full_main_quantum_stack,membership,confidence_auc,0.5099
MNIST_QNN_eff_su2_r1_d2_s43,ideal_shot,128,6,2026,ibm_kingston,False,full_main_quantum_stack,membership,margin_auc,0.5076
MNIST_QNN_eff_su2_r1_d2_s43,ideal_shot,128,6,2026,ibm_kingston,False,full_main_quantum_stack,membership,correctness_auc,0.45499999999999996
MNIST_QNN_eff_su2_r1_d2_s43,ideal_shot,128,6,2026,ibm_kingston,False,full_main_quantum_stack,membership,max_probability_auc,0.5099
MNIST_QNN_eff_su2_r1_d2_s43,ideal_shot,128,6,2026,ibm_kingston,False,full_main_quantum_stack,target,generalization_gap_accuracy,-0.09000003337860107
MNIST_QNN_eff_su2_r1_d2_s43,ideal_shot,128,7,2026,ibm_kingston,False,full_main_quantum_stack,train,target_accuracy,0.6399999856948853
MNIST_QNN_eff_su2_r1_d2_s43,ideal_shot,128,7,2026,ibm_kingston,False,full_main_quantum_stack,train,target_loss,0.8459442853927612
MNIST_QNN_eff_su2_r1_d2_s43,ideal_shot,128,7,2026,ibm_kingston,False,full_main_quantum_stack,train,n_records,100.0
MNIST_QNN_eff_su2_r1_d2_s43,ideal_shot,128,7,2026,ibm_kingston,False,full_main_quantum_stack,test,target_accuracy,0.6299999952316284
MNIST_QNN_eff_su2_r1_d2_s43,ideal_shot,128,7,2026,ibm_kingston,False,full_main_quantum_stack,test,target_loss,0.8593136668205261
MNIST_QNN_eff_su2_r1_d2_s43,ideal_shot,128,7,2026,ibm_kingston,False,full_main_quantum_stack,test,n_records,100.0
MNIST_QNN_eff_su2_r1_d2_s43,ideal_shot,128,7,2026,ibm_kingston,False,full_main_quantum_stack,membership,loss_auc,0.4805
MNIST_QNN_eff_su2_r1_d2_s43,ideal_shot,128,7,2026,ibm_kingston,False,full_main_quantum_stack,membership,entropy_auc,0.4477
MNIST_QNN_eff_su2_r1_d2_s43,ideal_shot,128,7,2026,ibm_kingston,False,full_main_quantum_stack,membership,confidence_auc,0.4536
MNIST_QNN_eff_su2_r1_d2_s43,ideal_shot,128,7,2026,ibm_kingston,False,full_main_quantum_stack,membership,margin_auc,0.4612
MNIST_QNN_eff_su2_r1_d2_s43,ideal_shot,128,7,2026,ibm_kingston,False,full_main_quantum_stack,membership,correctness_auc,0.505
MNIST_QNN_eff_su2_r1_d2_s43,ideal_shot,128,7,2026,ibm_kingston,False,full_main_quantum_stack,membership,max_probability_auc,0.4536
MNIST_QNN_eff_su2_r1_d2_s43,ideal_shot,128,7,2026,ibm_kingston,False,full_main_quantum_stack,target,generalization_gap_accuracy,0.009999990463256836
MNIST_QNN_eff_su2_r1_d2_s43,ideal_shot,128,8,2026,ibm_kingston,False,full_main_quantum_stack,train,target_accuracy,0.6000000238418579
MNIST_QNN_eff_su2_r1_d2_s43,ideal_shot,128,8,2026,ibm_kingston,False,full_main_quantum_stack,train,target_loss,0.9954811930656433
MNIST_QNN_eff_su2_r1_d2_s43,ideal_shot,128,8,2026,ibm_kingston,False,full_main_quantum_stack,train,n_records,100.0
MNIST_QNN_eff_su2_r1_d2_s43,ideal_shot,128,8,2026,ibm_kingston,False,full_main_quantum_stack,test,target_accuracy,0.6000000238418579
MNIST_QNN_eff_su2_r1_d2_s43,ideal_shot,128,8,2026,ibm_kingston,False,full_main_quantum_stack,test,target_loss,0.8847328424453735
MNIST_QNN_eff_su2_r1_d2_s43,ideal_shot,128,8,2026,ibm_kingston,False,full_main_quantum_stack,test,n_records,100.0
MNIST_QNN_eff_su2_r1_d2_s43,ideal_shot,128,8,2026,ibm_kingston,False,full_main_quantum_stack,membership,loss_auc,0.4798
MNIST_QNN_eff_su2_r1_d2_s43,ideal_shot,128,8,2026,ibm_kingston,False,full_main_quantum_stack,membership,entropy_auc,0.4709
MNIST_QNN_eff_su2_r1_d2_s43,ideal_shot,128,8,2026,ibm_kingston,False,full_main_quantum_stack,membership,confidence_auc,0.4657
MNIST_QNN_eff_su2_r1_d2_s43,ideal_shot,128,8,2026,ibm_kingston,False,full_main_quantum_stack,membership,margin_auc,0.47580000000000006
MNIST_QNN_eff_su2_r1_d2_s43,ideal_shot,128,8,2026,ibm_kingston,False,full_main_quantum_stack,membership,correctness_auc,0.5
MNIST_QNN_eff_su2_r1_d2_s43,ideal_shot,128,8,2026,ibm_kingston,False,full_main_quantum_stack,membership,max_probability_auc,0.4657
MNIST_QNN_eff_su2_r1_d2_s43,ideal_shot,128,8,2026,ibm_kingston,False,full_main_quantum_stack,target,generalization_gap_accuracy,0.0
MNIST_QNN_eff_su2_r1_d2_s43,ideal_shot,128,9,2026,ibm_kingston,False,full_main_quantum_stack,train,target_accuracy,0.6399999856948853
MNIST_QNN_eff_su2_r1_d2_s43,ideal_shot,128,9,2026,ibm_kingston,False,full_main_quantum_stack,train,target_loss,0.8016517162322998
MNIST_QNN_eff_su2_r1_d2_s43,ideal_shot,128,9,2026,ibm_kingston,False,full_main_quantum_stack,train,n_records,100.0
MNIST_QNN_eff_su2_r1_d2_s43,ideal_shot,128,9,2026,ibm_kingston,False,full_main_quantum_stack,test,target_accuracy,0.6299999952316284
MNIST_QNN_eff_su2_r1_d2_s43,ideal_shot,128,9,2026,ibm_kingston,False,full_main_quantum_stack,test,target_loss,0.8282614946365356
MNIST_QNN_eff_su2_r1_d2_s43,ideal_shot,128,9,2026,ibm_kingston,False,full_main_quantum_stack,test,n_records,100.0
MNIST_QNN_eff_su2_r1_d2_s43,ideal_shot,128,9,2026,ibm_kingston,False,full_main_quantum_stack,membership,loss_auc,0.4988
MNIST_QNN_eff_su2_r1_d2_s43,ideal_shot,128,9,2026,ibm_kingston,False,full_main_quantum_stack,membership,entropy_auc,0.4774
MNIST_QNN_eff_su2_r1_d2_s43,ideal_shot,128,9,2026,ibm_kingston,False,full_main_quantum_stack,membership,confidence_auc,0.48989999999999995
MNIST_QNN_eff_su2_r1_d2_s43,ideal_shot,128,9,2026,ibm_kingston,False,full_main_quantum_stack,membership,margin_auc,0.4989
MNIST_QNN_eff_su2_r1_d2_s43,ideal_shot,128,9,2026,ibm_kingston,False,full_main_quantum_stack,membership,correctness_auc,0.505
MNIST_QNN_eff_su2_r1_d2_s43,ideal_shot,128,9,2026,ibm_kingston,False,full_main_quantum_stack,membership,max_probability_auc,0.48989999999999995
MNIST_QNN_eff_su2_r1_d2_s43,ideal_shot,128,9,2026,ibm_kingston,False,full_main_quantum_stack,target,generalization_gap_accuracy,0.009999990463256836
MNIST_QNN_eff_su2_r1_d2_s43,ideal_shot,512,0,2026,ibm_kingston,False,full_main_quantum_stack,train,target_accuracy,0.75
MNIST_QNN_eff_su2_r1_d2_s43,ideal_shot,512,0,2026,ibm_kingston,False,full_main_quantum_stack,train,target_loss,0.6254428029060364
MNIST_QNN_eff_su2_r1_d2_s43,ideal_shot,512,0,2026,ibm_kingston,False,full_main_quantum_stack,train,n_records,100.0
MNIST_QNN_eff_su2_r1_d2_s43,ideal_shot,512,0,2026,ibm_kingston,False,full_main_quantum_stack,test,target_accuracy,0.7599999904632568
MNIST_QNN_eff_su2_r1_d2_s43,ideal_shot,512,0,2026,ibm_kingston,False,full_main_quantum_stack,test,target_loss,0.6354713439941406
MNIST_QNN_eff_su2_r1_d2_s43,ideal_shot,512,0,2026,ibm_kingston,False,full_main_quantum_stack,test,n_records,100.0
MNIST_QNN_eff_su2_r1_d2_s43,ideal_shot,512,0,2026,ibm_kingston,False,full_main_quantum_stack,membership,loss_auc,0.47900000000000004
MNIST_QNN_eff_su2_r1_d2_s43,ideal_shot,512,0,2026,ibm_kingston,False,full_main_quantum_stack,membership,entropy_auc,0.45589999999999997
MNIST_QNN_eff_su2_r1_d2_s43,ideal_shot,512,0,2026,ibm_kingston,False,full_main_quantum_stack,membership,confidence_auc,0.4624
MNIST_QNN_eff_su2_r1_d2_s43,ideal_shot,512,0,2026,ibm_kingston,False,full_main_quantum_stack,membership,margin_auc,0.4682
MNIST_QNN_eff_su2_r1_d2_s43,ideal_shot,512,0,2026,ibm_kingston,False,full_main_quantum_stack,membership,correctness_auc,0.495
MNIST_QNN_eff_su2_r1_d2_s43,ideal_shot,512,0,2026,ibm_kingston,False,full_main_quantum_stack,membership,max_probability_auc,0.4624
MNIST_QNN_eff_su2_r1_d2_s43,ideal_shot,512,0,2026,ibm_kingston,False,full_main_quantum_stack,target,generalization_gap_accuracy,-0.009999990463256836
MNIST_QNN_eff_su2_r1_d2_s43,ideal_shot,512,1,2026,ibm_kingston,False,full_main_quantum_stack,train,target_accuracy,0.7900000214576721
MNIST_QNN_eff_su2_r1_d2_s43,ideal_shot,512,1,2026,ibm_kingston,False,full_main_quantum_stack,train,target_loss,0.591902494430542
MNIST_QNN_eff_su2_r1_d2_s43,ideal_shot,512,1,2026,ibm_kingston,False,full_main_quantum_stack,train,n_records,100.0
MNIST_QNN_eff_su2_r1_d2_s43,ideal_shot,512,1,2026,ibm_kingston,False,full_main_quantum_stack,test,target_accuracy,0.6700000166893005
MNIST_QNN_eff_su2_r1_d2_s43,ideal_shot,512,1,2026,ibm_kingston,False,full_main_quantum_stack,test,target_loss,0.7450042963027954
MNIST_QNN_eff_su2_r1_d2_s43,ideal_shot,512,1,2026,ibm_kingston,False,full_main_quantum_stack,test,n_records,100.0
MNIST_QNN_eff_su2_r1_d2_s43,ideal_shot,512,1,2026,ibm_kingston,False,full_main_quantum_stack,membership,loss_auc,0.5592
MNIST_QNN_eff_su2_r1_d2_s43,ideal_shot,512,1,2026,ibm_kingston,False,full_main_quantum_stack,membership,entropy_auc,0.5388
MNIST_QNN_eff_su2_r1_d2_s43,ideal_shot,512,1,2026,ibm_kingston,False,full_main_quantum_stack,membership,confidence_auc,0.5232
MNIST_QNN_eff_su2_r1_d2_s43,ideal_shot,512,1,2026,ibm_kingston,False,full_main_quantum_stack,membership,margin_auc,0.518
MNIST_QNN_eff_su2_r1_d2_s43,ideal_shot,512,1,2026,ibm_kingston,False,full_main_quantum_stack,membership,correctness_auc,0.56
MNIST_QNN_eff_su2_r1_d2_s43,ideal_shot,512,1,2026,ibm_kingston,False,full_main_quantum_stack,membership,max_probability_auc,0.5232
MNIST_QNN_eff_su2_r1_d2_s43,ideal_shot,512,1,2026,ibm_kingston,False,full_main_quantum_stack,target,generalization_gap_accuracy,0.12000000476837158
MNIST_QNN_eff_su2_r1_d2_s43,ideal_shot,512,2,2026,ibm_kingston,False,full_main_quantum_stack,train,target_accuracy,0.7599999904632568
MNIST_QNN_eff_su2_r1_d2_s43,ideal_shot,512,2,2026,ibm_kingston,False,full_main_quantum_stack,train,target_loss,0.644355297088623
MNIST_QNN_eff_su2_r1_d2_s43,ideal_shot,512,2,2026,ibm_kingston,False,full_main_quantum_stack,train,n_records,100.0
MNIST_QNN_eff_su2_r1_d2_s43,ideal_shot,512,2,2026,ibm_kingston,False,full_main_quantum_stack,test,target_accuracy,0.7200000286102295
MNIST_QNN_eff_su2_r1_d2_s43,ideal_shot,512,2,2026,ibm_kingston,False,full_main_quantum_stack,test,target_loss,0.6611857414245605
MNIST_QNN_eff_su2_r1_d2_s43,ideal_shot,512,2,2026,ibm_kingston,False,full_main_quantum_stack,test,n_records,100.0
MNIST_QNN_eff_su2_r1_d2_s43,ideal_shot,512,2,2026,ibm_kingston,False,full_main_quantum_stack,membership,loss_auc,0.47989999999999994
MNIST_QNN_eff_su2_r1_d2_s43,ideal_shot,512,2,2026,ibm_kingston,False,full_main_quantum_stack,membership,entropy_auc,0.4424
MNIST_QNN_eff_su2_r1_d2_s43,ideal_shot,512,2,2026,ibm_kingston,False,full_main_quantum_stack,membership,confidence_auc,0.444
MNIST_QNN_eff_su2_r1_d2_s43,ideal_shot,512,2,2026,ibm_kingston,False,full_main_quantum_stack,membership,margin_auc,0.44589999999999996
MNIST_QNN_eff_su2_r1_d2_s43,ideal_shot,512,2,2026,ibm_kingston,False,full_main_quantum_stack,membership,correctness_auc,0.52
MNIST_QNN_eff_su2_r1_d2_s43,ideal_shot,512,2,2026,ibm_kingston,False,full_main_quantum_stack,membership,max_probability_auc,0.444
MNIST_QNN_eff_su2_r1_d2_s43,ideal_shot,512,2,2026,ibm_kingston,False,full_main_quantum_stack,target,generalization_gap_accuracy,0.039999961853027344
MNIST_QNN_eff_su2_r1_d2_s43,ideal_shot,512,3,2026,ibm_kingston,False,full_main_quantum_stack,train,target_accuracy,0.6899999976158142
MNIST_QNN_eff_su2_r1_d2_s43,ideal_shot,512,3,2026,ibm_kingston,False,full_main_quantum_stack,train,target_loss,0.6281254291534424
MNIST_QNN_eff_su2_r1_d2_s43,ideal_shot,512,3,2026,ibm_kingston,False,full_main_quantum_stack,train,n_records,100.0
MNIST_QNN_eff_su2_r1_d2_s43,ideal_shot,512,3,2026,ibm_kingston,False,full_main_quantum_stack,test,target_accuracy,0.75
MNIST_QNN_eff_su2_r1_d2_s43,ideal_shot,512,3,2026,ibm_kingston,False,full_main_quantum_stack,test,target_loss,0.6374372839927673
MNIST_QNN_eff_su2_r1_d2_s43,ideal_shot,512,3,2026,ibm_kingston,False,full_main_quantum_stack,test,n_records,100.0
MNIST_QNN_eff_su2_r1_d2_s43,ideal_shot,512,3,2026,ibm_kingston,False,full_main_quantum_stack,membership,loss_auc,0.48450000000000004
MNIST_QNN_eff_su2_r1_d2_s43,ideal_shot,512,3,2026,ibm_kingston,False,full_main_quantum_stack,membership,entropy_auc,0.463
MNIST_QNN_eff_su2_r1_d2_s43,ideal_shot,512,3,2026,ibm_kingston,False,full_main_quantum_stack,membership,confidence_auc,0.4555
MNIST_QNN_eff_su2_r1_d2_s43,ideal_shot,512,3,2026,ibm_kingston,False,full_main_quantum_stack,membership,margin_auc,0.45330000000000004
MNIST_QNN_eff_su2_r1_d2_s43,ideal_shot,512,3,2026,ibm_kingston,False,full_main_quantum_stack,membership,correctness_auc,0.47
MNIST_QNN_eff_su2_r1_d2_s43,ideal_shot,512,3,2026,ibm_kingston,False,full_main_quantum_stack,membership,max_probability_auc,0.4555
MNIST_QNN_eff_su2_r1_d2_s43,ideal_shot,512,3,2026,ibm_kingston,False,full_main_quantum_stack,target,generalization_gap_accuracy,-0.06000000238418579
MNIST_QNN_eff_su2_r1_d2_s43,ideal_shot,512,4,2026,ibm_kingston,False,full_main_quantum_stack,train,target_accuracy,0.75
MNIST_QNN_eff_su2_r1_d2_s43,ideal_shot,512,4,2026,ibm_kingston,False,full_main_quantum_stack,train,target_loss,0.5948281288146973
MNIST_QNN_eff_su2_r1_d2_s43,ideal_shot,512,4,2026,ibm_kingston,False,full_main_quantum_stack,train,n_records,100.0
MNIST_QNN_eff_su2_r1_d2_s43,ideal_shot,512,4,2026,ibm_kingston,False,full_main_quantum_stack,test,target_accuracy,0.7300000190734863
MNIST_QNN_eff_su2_r1_d2_s43,ideal_shot,512,4,2026,ibm_kingston,False,full_main_quantum_stack,test,target_loss,0.7334644198417664
MNIST_QNN_eff_su2_r1_d2_s43,ideal_shot,512,4,2026,ibm_kingston,False,full_main_quantum_stack,test,n_records,100.0
MNIST_QNN_eff_su2_r1_d2_s43,ideal_shot,512,4,2026,ibm_kingston,False,full_main_quantum_stack,membership,loss_auc,0.5362
MNIST_QNN_eff_su2_r1_d2_s43,ideal_shot,512,4,2026,ibm_kingston,False,full_main_quantum_stack,membership,entropy_auc,0.5223
MNIST_QNN_eff_su2_r1_d2_s43,ideal_shot,512,4,2026,ibm_kingston,False,full_main_quantum_stack,membership,confidence_auc,0.5231999999999999
MNIST_QNN_eff_su2_r1_d2_s43,ideal_shot,512,4,2026,ibm_kingston,False,full_main_quantum_stack,membership,margin_auc,0.5328
MNIST_QNN_eff_su2_r1_d2_s43,ideal_shot,512,4,2026,ibm_kingston,False,full_main_quantum_stack,membership,correctness_auc,0.51
MNIST_QNN_eff_su2_r1_d2_s43,ideal_shot,512,4,2026,ibm_kingston,False,full_main_quantum_stack,membership,max_probability_auc,0.5231999999999999
MNIST_QNN_eff_su2_r1_d2_s43,ideal_shot,512,4,2026,ibm_kingston,False,full_main_quantum_stack,target,generalization_gap_accuracy,0.019999980926513672
MNIST_QNN_eff_su2_r1_d2_s43,ideal_shot,512,5,2026,ibm_kingston,False,full_main_quantum_stack,train,target_accuracy,0.7699999809265137
MNIST_QNN_eff_su2_r1_d2_s43,ideal_shot,512,5,2026,ibm_kingston,False,full_main_quantum_stack,train,target_loss,0.5928910970687866
MNIST_QNN_eff_su2_r1_d2_s43,ideal_shot,512,5,2026,ibm_kingston,False,full_main_quantum_stack,train,n_records,100.0
MNIST_QNN_eff_su2_r1_d2_s43,ideal_shot,512,5,2026,ibm_kingston,False,full_main_quantum_stack,test,target_accuracy,0.6600000262260437
MNIST_QNN_eff_su2_r1_d2_s43,ideal_shot,512,5,2026,ibm_kingston,False,full_main_quantum_stack,test,target_loss,0.6964098215103149
MNIST_QNN_eff_su2_r1_d2_s43,ideal_shot,512,5,2026,ibm_kingston,False,full_main_quantum_stack,test,n_records,100.0
MNIST_QNN_eff_su2_r1_d2_s43,ideal_shot,512,5,2026,ibm_kingston,False,full_main_quantum_stack,membership,loss_auc,0.5364
MNIST_QNN_eff_su2_r1_d2_s43,ideal_shot,512,5,2026,ibm_kingston,False,full_main_quantum_stack,membership,entropy_auc,0.49160000000000004
MNIST_QNN_eff_su2_r1_d2_s43,ideal_shot,512,5,2026,ibm_kingston,False,full_main_quantum_stack,membership,confidence_auc,0.4927
MNIST_QNN_eff_su2_r1_d2_s43,ideal_shot,512,5,2026,ibm_kingston,False,full_main_quantum_stack,membership,margin_auc,0.4948000000000001
MNIST_QNN_eff_su2_r1_d2_s43,ideal_shot,512,5,2026,ibm_kingston,False,full_main_quantum_stack,membership,correctness_auc,0.5549999999999999
MNIST_QNN_eff_su2_r1_d2_s43,ideal_shot,512,5,2026,ibm_kingston,False,full_main_quantum_stack,membership,max_probability_auc,0.4927
MNIST_QNN_eff_su2_r1_d2_s43,ideal_shot,512,5,2026,ibm_kingston,False,full_main_quantum_stack,target,generalization_gap_accuracy,0.10999995470046997
MNIST_QNN_eff_su2_r1_d2_s43,ideal_shot,512,6,2026,ibm_kingston,False,full_main_quantum_stack,train,target_accuracy,0.75
MNIST_QNN_eff_su2_r1_d2_s43,ideal_shot,512,6,2026,ibm_kingston,False,full_main_quantum_stack,train,target_loss,0.595490038394928
MNIST_QNN_eff_su2_r1_d2_s43,ideal_shot,512,6,2026,ibm_kingston,False,full_main_quantum_stack,train,n_records,100.0
MNIST_QNN_eff_su2_r1_d2_s43,ideal_shot,512,6,2026,ibm_kingston,False,full_main_quantum_stack,test,target_accuracy,0.7300000190734863
MNIST_QNN_eff_su2_r1_d2_s43,ideal_shot,512,6,2026,ibm_kingston,False,full_main_quantum_stack,test,target_loss,0.6558166742324829
MNIST_QNN_eff_su2_r1_d2_s43,ideal_shot,512,6,2026,ibm_kingston,False,full_main_quantum_stack,test,n_records,100.0
MNIST_QNN_eff_su2_r1_d2_s43,ideal_shot,512,6,2026,ibm_kingston,False,full_main_quantum_stack,membership,loss_auc,0.5134000000000001
MNIST_QNN_eff_su2_r1_d2_s43,ideal_shot,512,6,2026,ibm_kingston,False,full_main_quantum_stack,membership,entropy_auc,0.4888
MNIST_QNN_eff_su2_r1_d2_s43,ideal_shot,512,6,2026,ibm_kingston,False,full_main_quantum_stack,membership,confidence_auc,0.4967
MNIST_QNN_eff_su2_r1_d2_s43,ideal_shot,512,6,2026,ibm_kingston,False,full_main_quantum_stack,membership,margin_auc,0.4898
MNIST_QNN_eff_su2_r1_d2_s43,ideal_shot,512,6,2026,ibm_kingston,False,full_main_quantum_stack,membership,correctness_auc,0.51
MNIST_QNN_eff_su2_r1_d2_s43,ideal_shot,512,6,2026,ibm_kingston,False,full_main_quantum_stack,membership,max_probability_auc,0.4967
MNIST_QNN_eff_su2_r1_d2_s43,ideal_shot,512,6,2026,ibm_kingston,False,full_main_quantum_stack,target,generalization_gap_accuracy,0.019999980926513672
MNIST_QNN_eff_su2_r1_d2_s43,ideal_shot,512,7,2026,ibm_kingston,False,full_main_quantum_stack,train,target_accuracy,0.6899999976158142
MNIST_QNN_eff_su2_r1_d2_s43,ideal_shot,512,7,2026,ibm_kingston,False,full_main_quantum_stack,train,target_loss,0.6363093852996826
MNIST_QNN_eff_su2_r1_d2_s43,ideal_shot,512,7,2026,ibm_kingston,False,full_main_quantum_stack,train,n_records,100.0
MNIST_QNN_eff_su2_r1_d2_s43,ideal_shot,512,7,2026,ibm_kingston,False,full_main_quantum_stack,test,target_accuracy,0.7099999785423279
MNIST_QNN_eff_su2_r1_d2_s43,ideal_shot,512,7,2026,ibm_kingston,False,full_main_quantum_stack,test,target_loss,0.6852728128433228
MNIST_QNN_eff_su2_r1_d2_s43,ideal_shot,512,7,2026,ibm_kingston,False,full_main_quantum_stack,test,n_records,100.0
MNIST_QNN_eff_su2_r1_d2_s43,ideal_shot,512,7,2026,ibm_kingston,False,full_main_quantum_stack,membership,loss_auc,0.5034000000000001
MNIST_QNN_eff_su2_r1_d2_s43,ideal_shot,512,7,2026,ibm_kingston,False,full_main_quantum_stack,membership,entropy_auc,0.49210000000000004
MNIST_QNN_eff_su2_r1_d2_s43,ideal_shot,512,7,2026,ibm_kingston,False,full_main_quantum_stack,membership,confidence_auc,0.5023
MNIST_QNN_eff_su2_r1_d2_s43,ideal_shot,512,7,2026,ibm_kingston,False,full_main_quantum_stack,membership,margin_auc,0.5112
MNIST_QNN_eff_su2_r1_d2_s43,ideal_shot,512,7,2026,ibm_kingston,False,full_main_quantum_stack,membership,correctness_auc,0.49
MNIST_QNN_eff_su2_r1_d2_s43,ideal_shot,512,7,2026,ibm_kingston,False,full_main_quantum_stack,membership,max_probability_auc,0.5023
MNIST_QNN_eff_su2_r1_d2_s43,ideal_shot,512,7,2026,ibm_kingston,False,full_main_quantum_stack,target,generalization_gap_accuracy,-0.019999980926513672
MNIST_QNN_eff_su2_r1_d2_s43,ideal_shot,512,8,2026,ibm_kingston,False,full_main_quantum_stack,train,target_accuracy,0.7599999904632568
MNIST_QNN_eff_su2_r1_d2_s43,ideal_shot,512,8,2026,ibm_kingston,False,full_main_quantum_stack,train,target_loss,0.6042262315750122
MNIST_QNN_eff_su2_r1_d2_s43,ideal_shot,512,8,2026,ibm_kingston,False,full_main_quantum_stack,train,n_records,100.0
MNIST_QNN_eff_su2_r1_d2_s43,ideal_shot,512,8,2026,ibm_kingston,False,full_main_quantum_stack,test,target_accuracy,0.7599999904632568
MNIST_QNN_eff_su2_r1_d2_s43,ideal_shot,512,8,2026,ibm_kingston,False,full_main_quantum_stack,test,target_loss,0.6638046503067017
MNIST_QNN_eff_su2_r1_d2_s43,ideal_shot,512,8,2026,ibm_kingston,False,full_main_quantum_stack,test,n_records,100.0
MNIST_QNN_eff_su2_r1_d2_s43,ideal_shot,512,8,2026,ibm_kingston,False,full_main_quantum_stack,membership,loss_auc,0.51
MNIST_QNN_eff_su2_r1_d2_s43,ideal_shot,512,8,2026,ibm_kingston,False,full_main_quantum_stack,membership,entropy_auc,0.4991
MNIST_QNN_eff_su2_r1_d2_s43,ideal_shot,512,8,2026,ibm_kingston,False,full_main_quantum_stack,membership,confidence_auc,0.4985
MNIST_QNN_eff_su2_r1_d2_s43,ideal_shot,512,8,2026,ibm_kingston,False,full_main_quantum_stack,membership,margin_auc,0.4982000000000001
MNIST_QNN_eff_su2_r1_d2_s43,ideal_shot,512,8,2026,ibm_kingston,False,full_main_quantum_stack,membership,correctness_auc,0.5
MNIST_QNN_eff_su2_r1_d2_s43,ideal_shot,512,8,2026,ibm_kingston,False,full_main_quantum_stack,membership,max_probability_auc,0.4985
MNIST_QNN_eff_su2_r1_d2_s43,ideal_shot,512,8,2026,ibm_kingston,False,full_main_quantum_stack,target,generalization_gap_accuracy,0.0
MNIST_QNN_eff_su2_r1_d2_s43,ideal_shot,512,9,2026,ibm_kingston,False,full_main_quantum_stack,train,target_accuracy,0.75
MNIST_QNN_eff_su2_r1_d2_s43,ideal_shot,512,9,2026,ibm_kingston,False,full_main_quantum_stack,train,target_loss,0.6239169836044312
MNIST_QNN_eff_su2_r1_d2_s43,ideal_shot,512,9,2026,ibm_kingston,False,full_main_quantum_stack,train,n_records,100.0
MNIST_QNN_eff_su2_r1_d2_s43,ideal_shot,512,9,2026,ibm_kingston,False,full_main_quantum_stack,test,target_accuracy,0.7099999785423279
MNIST_QNN_eff_su2_r1_d2_s43,ideal_shot,512,9,2026,ibm_kingston,False,full_main_quantum_stack,test,target_loss,0.6267009973526001
MNIST_QNN_eff_su2_r1_d2_s43,ideal_shot,512,9,2026,ibm_kingston,False,full_main_quantum_stack,test,n_records,100.0
MNIST_QNN_eff_su2_r1_d2_s43,ideal_shot,512,9,2026,ibm_kingston,False,full_main_quantum_stack,membership,loss_auc,0.4876
MNIST_QNN_eff_su2_r1_d2_s43,ideal_shot,512,9,2026,ibm_kingston,False,full_main_quantum_stack,membership,entropy_auc,0.47690000000000005
MNIST_QNN_eff_su2_r1_d2_s43,ideal_shot,512,9,2026,ibm_kingston,False,full_main_quantum_stack,membership,confidence_auc,0.4634999999999999
MNIST_QNN_eff_su2_r1_d2_s43,ideal_shot,512,9,2026,ibm_kingston,False,full_main_quantum_stack,membership,margin_auc,0.461
MNIST_QNN_eff_su2_r1_d2_s43,ideal_shot,512,9,2026,ibm_kingston,False,full_main_quantum_stack,membership,correctness_auc,0.52
MNIST_QNN_eff_su2_r1_d2_s43,ideal_shot,512,9,2026,ibm_kingston,False,full_main_quantum_stack,membership,max_probability_auc,0.4634999999999999
MNIST_QNN_eff_su2_r1_d2_s43,ideal_shot,512,9,2026,ibm_kingston,False,full_main_quantum_stack,target,generalization_gap_accuracy,0.04000002145767212
MNIST_QNN_eff_su2_r1_d2_s43,ideal_shot,1024,0,2026,ibm_kingston,False,full_main_quantum_stack,train,target_accuracy,0.800000011920929
MNIST_QNN_eff_su2_r1_d2_s43,ideal_shot,1024,0,2026,ibm_kingston,False,full_main_quantum_stack,train,target_loss,0.5802887082099915
MNIST_QNN_eff_su2_r1_d2_s43,ideal_shot,1024,0,2026,ibm_kingston,False,full_main_quantum_stack,train,n_records,100.0
MNIST_QNN_eff_su2_r1_d2_s43,ideal_shot,1024,0,2026,ibm_kingston,False,full_main_quantum_stack,test,target_accuracy,0.7900000214576721
MNIST_QNN_eff_su2_r1_d2_s43,ideal_shot,1024,0,2026,ibm_kingston,False,full_main_quantum_stack,test,target_loss,0.6394059658050537
MNIST_QNN_eff_su2_r1_d2_s43,ideal_shot,1024,0,2026,ibm_kingston,False,full_main_quantum_stack,test,n_records,100.0
MNIST_QNN_eff_su2_r1_d2_s43,ideal_shot,1024,0,2026,ibm_kingston,False,full_main_quantum_stack,membership,loss_auc,0.5032000000000001
MNIST_QNN_eff_su2_r1_d2_s43,ideal_shot,1024,0,2026,ibm_kingston,False,full_main_quantum_stack,membership,entropy_auc,0.47230000000000005
MNIST_QNN_eff_su2_r1_d2_s43,ideal_shot,1024,0,2026,ibm_kingston,False,full_main_quantum_stack,membership,confidence_auc,0.4692
MNIST_QNN_eff_su2_r1_d2_s43,ideal_shot,1024,0,2026,ibm_kingston,False,full_main_quantum_stack,membership,margin_auc,0.47200000000000003
MNIST_QNN_eff_su2_r1_d2_s43,ideal_shot,1024,0,2026,ibm_kingston,False,full_main_quantum_stack,membership,correctness_auc,0.505
MNIST_QNN_eff_su2_r1_d2_s43,ideal_shot,1024,0,2026,ibm_kingston,False,full_main_quantum_stack,membership,max_probability_auc,0.4692
MNIST_QNN_eff_su2_r1_d2_s43,ideal_shot,1024,0,2026,ibm_kingston,False,full_main_quantum_stack,target,generalization_gap_accuracy,0.009999990463256836
MNIST_QNN_eff_su2_r1_d2_s43,ideal_shot,1024,1,2026,ibm_kingston,False,full_main_quantum_stack,train,target_accuracy,0.75
MNIST_QNN_eff_su2_r1_d2_s43,ideal_shot,1024,1,2026,ibm_kingston,False,full_main_quantum_stack,train,target_loss,0.5929290652275085
MNIST_QNN_eff_su2_r1_d2_s43,ideal_shot,1024,1,2026,ibm_kingston,False,full_main_quantum_stack,train,n_records,100.0
MNIST_QNN_eff_su2_r1_d2_s43,ideal_shot,1024,1,2026,ibm_kingston,False,full_main_quantum_stack,test,target_accuracy,0.699999988079071
MNIST_QNN_eff_su2_r1_d2_s43,ideal_shot,1024,1,2026,ibm_kingston,False,full_main_quantum_stack,test,target_loss,0.6543799042701721
MNIST_QNN_eff_su2_r1_d2_s43,ideal_shot,1024,1,2026,ibm_kingston,False,full_main_quantum_stack,test,n_records,100.0
MNIST_QNN_eff_su2_r1_d2_s43,ideal_shot,1024,1,2026,ibm_kingston,False,full_main_quantum_stack,membership,loss_auc,0.5255
MNIST_QNN_eff_su2_r1_d2_s43,ideal_shot,1024,1,2026,ibm_kingston,False,full_main_quantum_stack,membership,entropy_auc,0.5034000000000001
MNIST_QNN_eff_su2_r1_d2_s43,ideal_shot,1024,1,2026,ibm_kingston,False,full_main_quantum_stack,membership,confidence_auc,0.4940000000000001
MNIST_QNN_eff_su2_r1_d2_s43,ideal_shot,1024,1,2026,ibm_kingston,False,full_main_quantum_stack,membership,margin_auc,0.4933
MNIST_QNN_eff_su2_r1_d2_s43,ideal_shot,1024,1,2026,ibm_kingston,False,full_main_quantum_stack,membership,correctness_auc,0.525
MNIST_QNN_eff_su2_r1_d2_s43,ideal_shot,1024,1,2026,ibm_kingston,False,full_main_quantum_stack,membership,max_probability_auc,0.4940000000000001
MNIST_QNN_eff_su2_r1_d2_s43,ideal_shot,1024,1,2026,ibm_kingston,False,full_main_quantum_stack,target,generalization_gap_accuracy,0.050000011920928955
MNIST_QNN_eff_su2_r1_d2_s43,ideal_shot,1024,2,2026,ibm_kingston,False,full_main_quantum_stack,train,target_accuracy,0.7599999904632568
MNIST_QNN_eff_su2_r1_d2_s43,ideal_shot,1024,2,2026,ibm_kingston,False,full_main_quantum_stack,train,target_loss,0.6191550493240356
MNIST_QNN_eff_su2_r1_d2_s43,ideal_shot,1024,2,2026,ibm_kingston,False,full_main_quantum_stack,train,n_records,100.0
MNIST_QNN_eff_su2_r1_d2_s43,ideal_shot,1024,2,2026,ibm_kingston,False,full_main_quantum_stack,test,target_accuracy,0.7599999904632568
MNIST_QNN_eff_su2_r1_d2_s43,ideal_shot,1024,2,2026,ibm_kingston,False,full_main_quantum_stack,test,target_loss,0.6132240891456604
MNIST_QNN_eff_su2_r1_d2_s43,ideal_shot,1024,2,2026,ibm_kingston,False,full_main_quantum_stack,test,n_records,100.0
MNIST_QNN_eff_su2_r1_d2_s43,ideal_shot,1024,2,2026,ibm_kingston,False,full_main_quantum_stack,membership,loss_auc,0.4732
MNIST_QNN_eff_su2_r1_d2_s43,ideal_shot,1024,2,2026,ibm_kingston,False,full_main_quantum_stack,membership,entropy_auc,0.4577
MNIST_QNN_eff_su2_r1_d2_s43,ideal_shot,1024,2,2026,ibm_kingston,False,full_main_quantum_stack,membership,confidence_auc,0.46140000000000003
MNIST_QNN_eff_su2_r1_d2_s43,ideal_shot,1024,2,2026,ibm_kingston,False,full_main_quantum_stack,membership,margin_auc,0.4724
MNIST_QNN_eff_su2_r1_d2_s43,ideal_shot,1024,2,2026,ibm_kingston,False,full_main_quantum_stack,membership,correctness_auc,0.5
MNIST_QNN_eff_su2_r1_d2_s43,ideal_shot,1024,2,2026,ibm_kingston,False,full_main_quantum_stack,membership,max_probability_auc,0.46140000000000003
MNIST_QNN_eff_su2_r1_d2_s43,ideal_shot,1024,2,2026,ibm_kingston,False,full_main_quantum_stack,target,generalization_gap_accuracy,0.0
MNIST_QNN_eff_su2_r1_d2_s43,ideal_shot,1024,3,2026,ibm_kingston,False,full_main_quantum_stack,train,target_accuracy,0.7300000190734863
MNIST_QNN_eff_su2_r1_d2_s43,ideal_shot,1024,3,2026,ibm_kingston,False,full_main_quantum_stack,train,target_loss,0.5835654735565186
MNIST_QNN_eff_su2_r1_d2_s43,ideal_shot,1024,3,2026,ibm_kingston,False,full_main_quantum_stack,train,n_records,100.0
MNIST_QNN_eff_su2_r1_d2_s43,ideal_shot,1024,3,2026,ibm_kingston,False,full_main_quantum_stack,test,target_accuracy,0.7699999809265137
MNIST_QNN_eff_su2_r1_d2_s43,ideal_shot,1024,3,2026,ibm_kingston,False,full_main_quantum_stack,test,target_loss,0.6171984672546387
MNIST_QNN_eff_su2_r1_d2_s43,ideal_shot,1024,3,2026,ibm_kingston,False,full_main_quantum_stack,test,n_records,100.0
MNIST_QNN_eff_su2_r1_d2_s43,ideal_shot,1024,3,2026,ibm_kingston,False,full_main_quantum_stack,membership,loss_auc,0.49160000000000004
MNIST_QNN_eff_su2_r1_d2_s43,ideal_shot,1024,3,2026,ibm_kingston,False,full_main_quantum_stack,membership,entropy_auc,0.4634999999999999
MNIST_QNN_eff_su2_r1_d2_s43,ideal_shot,1024,3,2026,ibm_kingston,False,full_main_quantum_stack,membership,confidence_auc,0.44730000000000003
MNIST_QNN_eff_su2_r1_d2_s43,ideal_shot,1024,3,2026,ibm_kingston,False,full_main_quantum_stack,membership,margin_auc,0.44409999999999994
MNIST_QNN_eff_su2_r1_d2_s43,ideal_shot,1024,3,2026,ibm_kingston,False,full_main_quantum_stack,membership,correctness_auc,0.48
MNIST_QNN_eff_su2_r1_d2_s43,ideal_shot,1024,3,2026,ibm_kingston,False,full_main_quantum_stack,membership,max_probability_auc,0.44730000000000003
MNIST_QNN_eff_su2_r1_d2_s43,ideal_shot,1024,3,2026,ibm_kingston,False,full_main_quantum_stack,target,generalization_gap_accuracy,-0.039999961853027344
MNIST_QNN_eff_su2_r1_d2_s43,ideal_shot,1024,4,2026,ibm_kingston,False,full_main_quantum_stack,train,target_accuracy,0.7599999904632568
MNIST_QNN_eff_su2_r1_d2_s43,ideal_shot,1024,4,2026,ibm_kingston,False,full_main_quantum_stack,train,target_loss,0.5421941876411438
MNIST_QNN_eff_su2_r1_d2_s43,ideal_shot,1024,4,2026,ibm_kingston,False,full_main_quantum_stack,train,n_records,100.0
MNIST_QNN_eff_su2_r1_d2_s43,ideal_shot,1024,4,2026,ibm_kingston,False,full_main_quantum_stack,test,target_accuracy,0.7300000190734863
MNIST_QNN_eff_su2_r1_d2_s43,ideal_shot,1024,4,2026,ibm_kingston,False,full_main_quantum_stack,test,target_loss,0.6700907349586487
MNIST_QNN_eff_su2_r1_d2_s43,ideal_shot,1024,4,2026,ibm_kingston,False,full_main_quantum_stack,test,n_records,100.0
MNIST_QNN_eff_su2_r1_d2_s43,ideal_shot,1024,4,2026,ibm_kingston,False,full_main_quantum_stack,membership,loss_auc,0.5414
MNIST_QNN_eff_su2_r1_d2_s43,ideal_shot,1024,4,2026,ibm_kingston,False,full_main_quantum_stack,membership,entropy_auc,0.5083
MNIST_QNN_eff_su2_r1_d2_s43,ideal_shot,1024,4,2026,ibm_kingston,False,full_main_quantum_stack,membership,confidence_auc,0.52
MNIST_QNN_eff_su2_r1_d2_s43,ideal_shot,1024,4,2026,ibm_kingston,False,full_main_quantum_stack,membership,margin_auc,0.5279
MNIST_QNN_eff_su2_r1_d2_s43,ideal_shot,1024,4,2026,ibm_kingston,False,full_main_quantum_stack,membership,correctness_auc,0.515
MNIST_QNN_eff_su2_r1_d2_s43,ideal_shot,1024,4,2026,ibm_kingston,False,full_main_quantum_stack,membership,max_probability_auc,0.52
MNIST_QNN_eff_su2_r1_d2_s43,ideal_shot,1024,4,2026,ibm_kingston,False,full_main_quantum_stack,target,generalization_gap_accuracy,0.029999971389770508
MNIST_QNN_eff_su2_r1_d2_s43,ideal_shot,1024,5,2026,ibm_kingston,False,full_main_quantum_stack,train,target_accuracy,0.75
MNIST_QNN_eff_su2_r1_d2_s43,ideal_shot,1024,5,2026,ibm_kingston,False,full_main_quantum_stack,train,target_loss,0.5682133436203003
MNIST_QNN_eff_su2_r1_d2_s43,ideal_shot,1024,5,2026,ibm_kingston,False,full_main_quantum_stack,train,n_records,100.0
MNIST_QNN_eff_su2_r1_d2_s43,ideal_shot,1024,5,2026,ibm_kingston,False,full_main_quantum_stack,test,target_accuracy,0.7300000190734863
MNIST_QNN_eff_su2_r1_d2_s43,ideal_shot,1024,5,2026,ibm_kingston,False,full_main_quantum_stack,test,target_loss,0.6396446824073792
MNIST_QNN_eff_su2_r1_d2_s43,ideal_shot,1024,5,2026,ibm_kingston,False,full_main_quantum_stack,test,n_records,100.0
MNIST_QNN_eff_su2_r1_d2_s43,ideal_shot,1024,5,2026,ibm_kingston,False,full_main_quantum_stack,membership,loss_auc,0.5328
MNIST_QNN_eff_su2_r1_d2_s43,ideal_shot,1024,5,2026,ibm_kingston,False,full_main_quantum_stack,membership,entropy_auc,0.5117
MNIST_QNN_eff_su2_r1_d2_s43,ideal_shot,1024,5,2026,ibm_kingston,False,full_main_quantum_stack,membership,confidence_auc,0.5062
MNIST_QNN_eff_su2_r1_d2_s43,ideal_shot,1024,5,2026,ibm_kingston,False,full_main_quantum_stack,membership,margin_auc,0.5032
MNIST_QNN_eff_su2_r1_d2_s43,ideal_shot,1024,5,2026,ibm_kingston,False,full_main_quantum_stack,membership,correctness_auc,0.51
MNIST_QNN_eff_su2_r1_d2_s43,ideal_shot,1024,5,2026,ibm_kingston,False,full_main_quantum_stack,membership,max_probability_auc,0.5062
MNIST_QNN_eff_su2_r1_d2_s43,ideal_shot,1024,5,2026,ibm_kingston,False,full_main_quantum_stack,target,generalization_gap_accuracy,0.019999980926513672
MNIST_QNN_eff_su2_r1_d2_s43,ideal_shot,1024,6,2026,ibm_kingston,False,full_main_quantum_stack,train,target_accuracy,0.7699999809265137
MNIST_QNN_eff_su2_r1_d2_s43,ideal_shot,1024,6,2026,ibm_kingston,False,full_main_quantum_stack,train,target_loss,0.582131564617157
MNIST_QNN_eff_su2_r1_d2_s43,ideal_shot,1024,6,2026,ibm_kingston,False,full_main_quantum_stack,train,n_records,100.0
MNIST_QNN_eff_su2_r1_d2_s43,ideal_shot,1024,6,2026,ibm_kingston,False,full_main_quantum_stack,test,target_accuracy,0.75
MNIST_QNN_eff_su2_r1_d2_s43,ideal_shot,1024,6,2026,ibm_kingston,False,full_main_quantum_stack,test,target_loss,0.6231042742729187
MNIST_QNN_eff_su2_r1_d2_s43,ideal_shot,1024,6,2026,ibm_kingston,False,full_main_quantum_stack,test,n_records,100.0
MNIST_QNN_eff_su2_r1_d2_s43,ideal_shot,1024,6,2026,ibm_kingston,False,full_main_quantum_stack,membership,loss_auc,0.5130999999999999
MNIST_QNN_eff_su2_r1_d2_s43,ideal_shot,1024,6,2026,ibm_kingston,False,full_main_quantum_stack,membership,entropy_auc,0.5005
MNIST_QNN_eff_su2_r1_d2_s43,ideal_shot,1024,6,2026,ibm_kingston,False,full_main_quantum_stack,membership,confidence_auc,0.5011
MNIST_QNN_eff_su2_r1_d2_s43,ideal_shot,1024,6,2026,ibm_kingston,False,full_main_quantum_stack,membership,margin_auc,0.5009999999999999
MNIST_QNN_eff_su2_r1_d2_s43,ideal_shot,1024,6,2026,ibm_kingston,False,full_main_quantum_stack,membership,correctness_auc,0.51
MNIST_QNN_eff_su2_r1_d2_s43,ideal_shot,1024,6,2026,ibm_kingston,False,full_main_quantum_stack,membership,max_probability_auc,0.5011
MNIST_QNN_eff_su2_r1_d2_s43,ideal_shot,1024,6,2026,ibm_kingston,False,full_main_quantum_stack,target,generalization_gap_accuracy,0.019999980926513672
MNIST_QNN_eff_su2_r1_d2_s43,ideal_shot,1024,7,2026,ibm_kingston,False,full_main_quantum_stack,train,target_accuracy,0.699999988079071
MNIST_QNN_eff_su2_r1_d2_s43,ideal_shot,1024,7,2026,ibm_kingston,False,full_main_quantum_stack,train,target_loss,0.5841041803359985
MNIST_QNN_eff_su2_r1_d2_s43,ideal_shot,1024,7,2026,ibm_kingston,False,full_main_quantum_stack,train,n_records,100.0
MNIST_QNN_eff_su2_r1_d2_s43,ideal_shot,1024,7,2026,ibm_kingston,False,full_main_quantum_stack,test,target_accuracy,0.7400000095367432
MNIST_QNN_eff_su2_r1_d2_s43,ideal_shot,1024,7,2026,ibm_kingston,False,full_main_quantum_stack,test,target_loss,0.6152333617210388
MNIST_QNN_eff_su2_r1_d2_s43,ideal_shot,1024,7,2026,ibm_kingston,False,full_main_quantum_stack,test,n_records,100.0
MNIST_QNN_eff_su2_r1_d2_s43,ideal_shot,1024,7,2026,ibm_kingston,False,full_main_quantum_stack,membership,loss_auc,0.5049
MNIST_QNN_eff_su2_r1_d2_s43,ideal_shot,1024,7,2026,ibm_kingston,False,full_main_quantum_stack,membership,entropy_auc,0.5118
MNIST_QNN_eff_su2_r1_d2_s43,ideal_shot,1024,7,2026,ibm_kingston,False,full_main_quantum_stack,membership,confidence_auc,0.5093
MNIST_QNN_eff_su2_r1_d2_s43,ideal_shot,1024,7,2026,ibm_kingston,False,full_main_quantum_stack,membership,margin_auc,0.5154
MNIST_QNN_eff_su2_r1_d2_s43,ideal_shot,1024,7,2026,ibm_kingston,False,full_main_quantum_stack,membership,correctness_auc,0.48
MNIST_QNN_eff_su2_r1_d2_s43,ideal_shot,1024,7,2026,ibm_kingston,False,full_main_quantum_stack,membership,max_probability_auc,0.5093
MNIST_QNN_eff_su2_r1_d2_s43,ideal_shot,1024,7,2026,ibm_kingston,False,full_main_quantum_stack,target,generalization_gap_accuracy,-0.04000002145767212
MNIST_QNN_eff_su2_r1_d2_s43,ideal_shot,1024,8,2026,ibm_kingston,False,full_main_quantum_stack,train,target_accuracy,0.7300000190734863
MNIST_QNN_eff_su2_r1_d2_s43,ideal_shot,1024,8,2026,ibm_kingston,False,full_main_quantum_stack,train,target_loss,0.5885456204414368
MNIST_QNN_eff_su2_r1_d2_s43,ideal_shot,1024,8,2026,ibm_kingston,False,full_main_quantum_stack,train,n_records,100.0
MNIST_QNN_eff_su2_r1_d2_s43,ideal_shot,1024,8,2026,ibm_kingston,False,full_main_quantum_stack,test,target_accuracy,0.7599999904632568
MNIST_QNN_eff_su2_r1_d2_s43,ideal_shot,1024,8,2026,ibm_kingston,False,full_main_quantum_stack,test,target_loss,0.6263204216957092
MNIST_QNN_eff_su2_r1_d2_s43,ideal_shot,1024,8,2026,ibm_kingston,False,full_main_quantum_stack,test,n_records,100.0
MNIST_QNN_eff_su2_r1_d2_s43,ideal_shot,1024,8,2026,ibm_kingston,False,full_main_quantum_stack,membership,loss_auc,0.5058
MNIST_QNN_eff_su2_r1_d2_s43,ideal_shot,1024,8,2026,ibm_kingston,False,full_main_quantum_stack,membership,entropy_auc,0.5057
MNIST_QNN_eff_su2_r1_d2_s43,ideal_shot,1024,8,2026,ibm_kingston,False,full_main_quantum_stack,membership,confidence_auc,0.4998
MNIST_QNN_eff_su2_r1_d2_s43,ideal_shot,1024,8,2026,ibm_kingston,False,full_main_quantum_stack,membership,margin_auc,0.4934
MNIST_QNN_eff_su2_r1_d2_s43,ideal_shot,1024,8,2026,ibm_kingston,False,full_main_quantum_stack,membership,correctness_auc,0.485
MNIST_QNN_eff_su2_r1_d2_s43,ideal_shot,1024,8,2026,ibm_kingston,False,full_main_quantum_stack,membership,max_probability_auc,0.4998
MNIST_QNN_eff_su2_r1_d2_s43,ideal_shot,1024,8,2026,ibm_kingston,False,full_main_quantum_stack,target,generalization_gap_accuracy,-0.029999971389770508
MNIST_QNN_eff_su2_r1_d2_s43,ideal_shot,1024,9,2026,ibm_kingston,False,full_main_quantum_stack,train,target_accuracy,0.7599999904632568
MNIST_QNN_eff_su2_r1_d2_s43,ideal_shot,1024,9,2026,ibm_kingston,False,full_main_quantum_stack,train,target_loss,0.5701515078544617
MNIST_QNN_eff_su2_r1_d2_s43,ideal_shot,1024,9,2026,ibm_kingston,False,full_main_quantum_stack,train,n_records,100.0
MNIST_QNN_eff_su2_r1_d2_s43,ideal_shot,1024,9,2026,ibm_kingston,False,full_main_quantum_stack,test,target_accuracy,0.75
MNIST_QNN_eff_su2_r1_d2_s43,ideal_shot,1024,9,2026,ibm_kingston,False,full_main_quantum_stack,test,target_loss,0.6184847950935364
MNIST_QNN_eff_su2_r1_d2_s43,ideal_shot,1024,9,2026,ibm_kingston,False,full_main_quantum_stack,test,n_records,100.0
MNIST_QNN_eff_su2_r1_d2_s43,ideal_shot,1024,9,2026,ibm_kingston,False,full_main_quantum_stack,membership,loss_auc,0.5083
MNIST_QNN_eff_su2_r1_d2_s43,ideal_shot,1024,9,2026,ibm_kingston,False,full_main_quantum_stack,membership,entropy_auc,0.49110000000000004
MNIST_QNN_eff_su2_r1_d2_s43,ideal_shot,1024,9,2026,ibm_kingston,False,full_main_quantum_stack,membership,confidence_auc,0.4844
MNIST_QNN_eff_su2_r1_d2_s43,ideal_shot,1024,9,2026,ibm_kingston,False,full_main_quantum_stack,membership,margin_auc,0.49130000000000007
MNIST_QNN_eff_su2_r1_d2_s43,ideal_shot,1024,9,2026,ibm_kingston,False,full_main_quantum_stack,membership,correctness_auc,0.505
MNIST_QNN_eff_su2_r1_d2_s43,ideal_shot,1024,9,2026,ibm_kingston,False,full_main_quantum_stack,membership,max_probability_auc,0.4844
MNIST_QNN_eff_su2_r1_d2_s43,ideal_shot,1024,9,2026,ibm_kingston,False,full_main_quantum_stack,target,generalization_gap_accuracy,0.009999990463256836
MNIST_QNN_eff_su2_r1_d2_s43,noisy_shot,128,0,2026,ibm_kingston,True,full_main_quantum_stack,train,target_accuracy,0.6200000047683716
MNIST_QNN_eff_su2_r1_d2_s43,noisy_shot,128,0,2026,ibm_kingston,True,full_main_quantum_stack,train,target_loss,0.9099534749984741
MNIST_QNN_eff_su2_r1_d2_s43,noisy_shot,128,0,2026,ibm_kingston,True,full_main_quantum_stack,train,n_records,100.0
MNIST_QNN_eff_su2_r1_d2_s43,noisy_shot,128,0,2026,ibm_kingston,True,full_main_quantum_stack,test,target_accuracy,0.6899999976158142
MNIST_QNN_eff_su2_r1_d2_s43,noisy_shot,128,0,2026,ibm_kingston,True,full_main_quantum_stack,test,target_loss,0.8007259368896484
MNIST_QNN_eff_su2_r1_d2_s43,noisy_shot,128,0,2026,ibm_kingston,True,full_main_quantum_stack,test,n_records,100.0
MNIST_QNN_eff_su2_r1_d2_s43,noisy_shot,128,0,2026,ibm_kingston,True,full_main_quantum_stack,membership,loss_auc,0.48059999999999997
MNIST_QNN_eff_su2_r1_d2_s43,noisy_shot,128,0,2026,ibm_kingston,True,full_main_quantum_stack,membership,entropy_auc,0.5166
MNIST_QNN_eff_su2_r1_d2_s43,noisy_shot,128,0,2026,ibm_kingston,True,full_main_quantum_stack,membership,confidence_auc,0.5404
MNIST_QNN_eff_su2_r1_d2_s43,noisy_shot,128,0,2026,ibm_kingston,True,full_main_quantum_stack,membership,margin_auc,0.5417000000000001
MNIST_QNN_eff_su2_r1_d2_s43,noisy_shot,128,0,2026,ibm_kingston,True,full_main_quantum_stack,membership,correctness_auc,0.465
MNIST_QNN_eff_su2_r1_d2_s43,noisy_shot,128,0,2026,ibm_kingston,True,full_main_quantum_stack,membership,max_probability_auc,0.5404
MNIST_QNN_eff_su2_r1_d2_s43,noisy_shot,128,0,2026,ibm_kingston,True,full_main_quantum_stack,target,generalization_gap_accuracy,-0.06999999284744263
MNIST_QNN_eff_su2_r1_d2_s43,noisy_shot,128,1,2026,ibm_kingston,True,full_main_quantum_stack,train,target_accuracy,0.6200000047683716
MNIST_QNN_eff_su2_r1_d2_s43,noisy_shot,128,1,2026,ibm_kingston,True,full_main_quantum_stack,train,target_loss,0.8837339878082275
MNIST_QNN_eff_su2_r1_d2_s43,noisy_shot,128,1,2026,ibm_kingston,True,full_main_quantum_stack,train,n_records,100.0
MNIST_QNN_eff_su2_r1_d2_s43,noisy_shot,128,1,2026,ibm_kingston,True,full_main_quantum_stack,test,target_accuracy,0.5699999928474426
MNIST_QNN_eff_su2_r1_d2_s43,noisy_shot,128,1,2026,ibm_kingston,True,full_main_quantum_stack,test,target_loss,1.0379793643951416
MNIST_QNN_eff_su2_r1_d2_s43,noisy_shot,128,1,2026,ibm_kingston,True,full_main_quantum_stack,test,n_records,100.0
MNIST_QNN_eff_su2_r1_d2_s43,noisy_shot,128,1,2026,ibm_kingston,True,full_main_quantum_stack,membership,loss_auc,0.5529999999999999
MNIST_QNN_eff_su2_r1_d2_s43,noisy_shot,128,1,2026,ibm_kingston,True,full_main_quantum_stack,membership,entropy_auc,0.5246
MNIST_QNN_eff_su2_r1_d2_s43,noisy_shot,128,1,2026,ibm_kingston,True,full_main_quantum_stack,membership,confidence_auc,0.5347
MNIST_QNN_eff_su2_r1_d2_s43,noisy_shot,128,1,2026,ibm_kingston,True,full_main_quantum_stack,membership,margin_auc,0.5411999999999999
MNIST_QNN_eff_su2_r1_d2_s43,noisy_shot,128,1,2026,ibm_kingston,True,full_main_quantum_stack,membership,correctness_auc,0.525
MNIST_QNN_eff_su2_r1_d2_s43,noisy_shot,128,1,2026,ibm_kingston,True,full_main_quantum_stack,membership,max_probability_auc,0.5347
MNIST_QNN_eff_su2_r1_d2_s43,noisy_shot,128,1,2026,ibm_kingston,True,full_main_quantum_stack,target,generalization_gap_accuracy,0.050000011920928955
MNIST_QNN_eff_su2_r1_d2_s43,noisy_shot,128,2,2026,ibm_kingston,True,full_main_quantum_stack,train,target_accuracy,0.6299999952316284
MNIST_QNN_eff_su2_r1_d2_s43,noisy_shot,128,2,2026,ibm_kingston,True,full_main_quantum_stack,train,target_loss,0.9341461658477783
MNIST_QNN_eff_su2_r1_d2_s43,noisy_shot,128,2,2026,ibm_kingston,True,full_main_quantum_stack,train,n_records,100.0
MNIST_QNN_eff_su2_r1_d2_s43,noisy_shot,128,2,2026,ibm_kingston,True,full_main_quantum_stack,test,target_accuracy,0.6299999952316284
MNIST_QNN_eff_su2_r1_d2_s43,noisy_shot,128,2,2026,ibm_kingston,True,full_main_quantum_stack,test,target_loss,0.8322320580482483
MNIST_QNN_eff_su2_r1_d2_s43,noisy_shot,128,2,2026,ibm_kingston,True,full_main_quantum_stack,test,n_records,100.0
MNIST_QNN_eff_su2_r1_d2_s43,noisy_shot,128,2,2026,ibm_kingston,True,full_main_quantum_stack,membership,loss_auc,0.4841
MNIST_QNN_eff_su2_r1_d2_s43,noisy_shot,128,2,2026,ibm_kingston,True,full_main_quantum_stack,membership,entropy_auc,0.49490000000000006
MNIST_QNN_eff_su2_r1_d2_s43,noisy_shot,128,2,2026,ibm_kingston,True,full_main_quantum_stack,membership,confidence_auc,0.5037
MNIST_QNN_eff_su2_r1_d2_s43,noisy_shot,128,2,2026,ibm_kingston,True,full_main_quantum_stack,membership,margin_auc,0.49770000000000003
MNIST_QNN_eff_su2_r1_d2_s43,noisy_shot,128,2,2026,ibm_kingston,True,full_main_quantum_stack,membership,correctness_auc,0.5
MNIST_QNN_eff_su2_r1_d2_s43,noisy_shot,128,2,2026,ibm_kingston,True,full_main_quantum_stack,membership,max_probability_auc,0.5037
MNIST_QNN_eff_su2_r1_d2_s43,noisy_shot,128,2,2026,ibm_kingston,True,full_main_quantum_stack,target,generalization_gap_accuracy,0.0
MNIST_QNN_eff_su2_r1_d2_s43,noisy_shot,128,3,2026,ibm_kingston,True,full_main_quantum_stack,train,target_accuracy,0.6600000262260437
MNIST_QNN_eff_su2_r1_d2_s43,noisy_shot,128,3,2026,ibm_kingston,True,full_main_quantum_stack,train,target_loss,0.9083477854728699
MNIST_QNN_eff_su2_r1_d2_s43,noisy_shot,128,3,2026,ibm_kingston,True,full_main_quantum_stack,train,n_records,100.0
MNIST_QNN_eff_su2_r1_d2_s43,noisy_shot,128,3,2026,ibm_kingston,True,full_main_quantum_stack,test,target_accuracy,0.6200000047683716
MNIST_QNN_eff_su2_r1_d2_s43,noisy_shot,128,3,2026,ibm_kingston,True,full_main_quantum_stack,test,target_loss,0.9687118530273438
MNIST_QNN_eff_su2_r1_d2_s43,noisy_shot,128,3,2026,ibm_kingston,True,full_main_quantum_stack,test,n_records,100.0
MNIST_QNN_eff_su2_r1_d2_s43,noisy_shot,128,3,2026,ibm_kingston,True,full_main_quantum_stack,membership,loss_auc,0.5359
MNIST_QNN_eff_su2_r1_d2_s43,noisy_shot,128,3,2026,ibm_kingston,True,full_main_quantum_stack,membership,entropy_auc,0.5259
MNIST_QNN_eff_su2_r1_d2_s43,noisy_shot,128,3,2026,ibm_kingston,True,full_main_quantum_stack,membership,confidence_auc,0.5243
MNIST_QNN_eff_su2_r1_d2_s43,noisy_shot,128,3,2026,ibm_kingston,True,full_main_quantum_stack,membership,margin_auc,0.516
MNIST_QNN_eff_su2_r1_d2_s43,noisy_shot,128,3,2026,ibm_kingston,True,full_main_quantum_stack,membership,correctness_auc,0.52
MNIST_QNN_eff_su2_r1_d2_s43,noisy_shot,128,3,2026,ibm_kingston,True,full_main_quantum_stack,membership,max_probability_auc,0.5243
MNIST_QNN_eff_su2_r1_d2_s43,noisy_shot,128,3,2026,ibm_kingston,True,full_main_quantum_stack,target,generalization_gap_accuracy,0.04000002145767212
MNIST_QNN_eff_su2_r1_d2_s43,noisy_shot,128,4,2026,ibm_kingston,True,full_main_quantum_stack,train,target_accuracy,0.6499999761581421
MNIST_QNN_eff_su2_r1_d2_s43,noisy_shot,128,4,2026,ibm_kingston,True,full_main_quantum_stack,train,target_loss,0.7524324059486389
MNIST_QNN_eff_su2_r1_d2_s43,noisy_shot,128,4,2026,ibm_kingston,True,full_main_quantum_stack,train,n_records,100.0
MNIST_QNN_eff_su2_r1_d2_s43,noisy_shot,128,4,2026,ibm_kingston,True,full_main_quantum_stack,test,target_accuracy,0.6100000143051147
MNIST_QNN_eff_su2_r1_d2_s43,noisy_shot,128,4,2026,ibm_kingston,True,full_main_quantum_stack,test,target_loss,0.9703154563903809
MNIST_QNN_eff_su2_r1_d2_s43,noisy_shot,128,4,2026,ibm_kingston,True,full_main_quantum_stack,test,n_records,100.0
MNIST_QNN_eff_su2_r1_d2_s43,noisy_shot,128,4,2026,ibm_kingston,True,full_main_quantum_stack,membership,loss_auc,0.5412999999999999
MNIST_QNN_eff_su2_r1_d2_s43,noisy_shot,128,4,2026,ibm_kingston,True,full_main_quantum_stack,membership,entropy_auc,0.5034000000000001
MNIST_QNN_eff_su2_r1_d2_s43,noisy_shot,128,4,2026,ibm_kingston,True,full_main_quantum_stack,membership,confidence_auc,0.5417
MNIST_QNN_eff_su2_r1_d2_s43,noisy_shot,128,4,2026,ibm_kingston,True,full_main_quantum_stack,membership,margin_auc,0.5555
MNIST_QNN_eff_su2_r1_d2_s43,noisy_shot,128,4,2026,ibm_kingston,True,full_main_quantum_stack,membership,correctness_auc,0.52
MNIST_QNN_eff_su2_r1_d2_s43,noisy_shot,128,4,2026,ibm_kingston,True,full_main_quantum_stack,membership,max_probability_auc,0.5417
MNIST_QNN_eff_su2_r1_d2_s43,noisy_shot,128,4,2026,ibm_kingston,True,full_main_quantum_stack,target,generalization_gap_accuracy,0.039999961853027344
MNIST_QNN_eff_su2_r1_d2_s43,noisy_shot,128,5,2026,ibm_kingston,True,full_main_quantum_stack,train,target_accuracy,0.6100000143051147
MNIST_QNN_eff_su2_r1_d2_s43,noisy_shot,128,5,2026,ibm_kingston,True,full_main_quantum_stack,train,target_loss,0.9206936359405518
MNIST_QNN_eff_su2_r1_d2_s43,noisy_shot,128,5,2026,ibm_kingston,True,full_main_quantum_stack,train,n_records,100.0
MNIST_QNN_eff_su2_r1_d2_s43,noisy_shot,128,5,2026,ibm_kingston,True,full_main_quantum_stack,test,target_accuracy,0.5799999833106995
MNIST_QNN_eff_su2_r1_d2_s43,noisy_shot,128,5,2026,ibm_kingston,True,full_main_quantum_stack,test,target_loss,0.9214116930961609
MNIST_QNN_eff_su2_r1_d2_s43,noisy_shot,128,5,2026,ibm_kingston,True,full_main_quantum_stack,test,n_records,100.0
MNIST_QNN_eff_su2_r1_d2_s43,noisy_shot,128,5,2026,ibm_kingston,True,full_main_quantum_stack,membership,loss_auc,0.5171
MNIST_QNN_eff_su2_r1_d2_s43,noisy_shot,128,5,2026,ibm_kingston,True,full_main_quantum_stack,membership,entropy_auc,0.516
MNIST_QNN_eff_su2_r1_d2_s43,noisy_shot,128,5,2026,ibm_kingston,True,full_main_quantum_stack,membership,confidence_auc,0.517
MNIST_QNN_eff_su2_r1_d2_s43,noisy_shot,128,5,2026,ibm_kingston,True,full_main_quantum_stack,membership,margin_auc,0.5155000000000001
MNIST_QNN_eff_su2_r1_d2_s43,noisy_shot,128,5,2026,ibm_kingston,True,full_main_quantum_stack,membership,correctness_auc,0.515
MNIST_QNN_eff_su2_r1_d2_s43,noisy_shot,128,5,2026,ibm_kingston,True,full_main_quantum_stack,membership,max_probability_auc,0.517
MNIST_QNN_eff_su2_r1_d2_s43,noisy_shot,128,5,2026,ibm_kingston,True,full_main_quantum_stack,target,generalization_gap_accuracy,0.030000030994415283
MNIST_QNN_eff_su2_r1_d2_s43,noisy_shot,128,6,2026,ibm_kingston,True,full_main_quantum_stack,train,target_accuracy,0.6299999952316284
MNIST_QNN_eff_su2_r1_d2_s43,noisy_shot,128,6,2026,ibm_kingston,True,full_main_quantum_stack,train,target_loss,0.9174975752830505
MNIST_QNN_eff_su2_r1_d2_s43,noisy_shot,128,6,2026,ibm_kingston,True,full_main_quantum_stack,train,n_records,100.0
MNIST_QNN_eff_su2_r1_d2_s43,noisy_shot,128,6,2026,ibm_kingston,True,full_main_quantum_stack,test,target_accuracy,0.7099999785423279
MNIST_QNN_eff_su2_r1_d2_s43,noisy_shot,128,6,2026,ibm_kingston,True,full_main_quantum_stack,test,target_loss,0.7986624240875244
MNIST_QNN_eff_su2_r1_d2_s43,noisy_shot,128,6,2026,ibm_kingston,True,full_main_quantum_stack,test,n_records,100.0
MNIST_QNN_eff_su2_r1_d2_s43,noisy_shot,128,6,2026,ibm_kingston,True,full_main_quantum_stack,membership,loss_auc,0.49119999999999997
MNIST_QNN_eff_su2_r1_d2_s43,noisy_shot,128,6,2026,ibm_kingston,True,full_main_quantum_stack,membership,entropy_auc,0.5239
MNIST_QNN_eff_su2_r1_d2_s43,noisy_shot,128,6,2026,ibm_kingston,True,full_main_quantum_stack,membership,confidence_auc,0.5235000000000001
MNIST_QNN_eff_su2_r1_d2_s43,noisy_shot,128,6,2026,ibm_kingston,True,full_main_quantum_stack,membership,margin_auc,0.5129
MNIST_QNN_eff_su2_r1_d2_s43,noisy_shot,128,6,2026,ibm_kingston,True,full_main_quantum_stack,membership,correctness_auc,0.45999999999999996
MNIST_QNN_eff_su2_r1_d2_s43,noisy_shot,128,6,2026,ibm_kingston,True,full_main_quantum_stack,membership,max_probability_auc,0.5235000000000001
MNIST_QNN_eff_su2_r1_d2_s43,noisy_shot,128,6,2026,ibm_kingston,True,full_main_quantum_stack,target,generalization_gap_accuracy,-0.07999998331069946
MNIST_QNN_eff_su2_r1_d2_s43,noisy_shot,128,7,2026,ibm_kingston,True,full_main_quantum_stack,train,target_accuracy,0.6000000238418579
MNIST_QNN_eff_su2_r1_d2_s43,noisy_shot,128,7,2026,ibm_kingston,True,full_main_quantum_stack,train,target_loss,0.8836988806724548
MNIST_QNN_eff_su2_r1_d2_s43,noisy_shot,128,7,2026,ibm_kingston,True,full_main_quantum_stack,train,n_records,100.0
MNIST_QNN_eff_su2_r1_d2_s43,noisy_shot,128,7,2026,ibm_kingston,True,full_main_quantum_stack,test,target_accuracy,0.6100000143051147
MNIST_QNN_eff_su2_r1_d2_s43,noisy_shot,128,7,2026,ibm_kingston,True,full_main_quantum_stack,test,target_loss,0.84281325340271
MNIST_QNN_eff_su2_r1_d2_s43,noisy_shot,128,7,2026,ibm_kingston,True,full_main_quantum_stack,test,n_records,100.0
MNIST_QNN_eff_su2_r1_d2_s43,noisy_shot,128,7,2026,ibm_kingston,True,full_main_quantum_stack,membership,loss_auc,0.46440000000000003
MNIST_QNN_eff_su2_r1_d2_s43,noisy_shot,128,7,2026,ibm_kingston,True,full_main_quantum_stack,membership,entropy_auc,0.44970000000000004
MNIST_QNN_eff_su2_r1_d2_s43,noisy_shot,128,7,2026,ibm_kingston,True,full_main_quantum_stack,membership,confidence_auc,0.4478
MNIST_QNN_eff_su2_r1_d2_s43,noisy_shot,128,7,2026,ibm_kingston,True,full_main_quantum_stack,membership,margin_auc,0.4535
MNIST_QNN_eff_su2_r1_d2_s43,noisy_shot,128,7,2026,ibm_kingston,True,full_main_quantum_stack,membership,correctness_auc,0.49500000000000005
MNIST_QNN_eff_su2_r1_d2_s43,noisy_shot,128,7,2026,ibm_kingston,True,full_main_quantum_stack,membership,max_probability_auc,0.4478
MNIST_QNN_eff_su2_r1_d2_s43,noisy_shot,128,7,2026,ibm_kingston,True,full_main_quantum_stack,target,generalization_gap_accuracy,-0.009999990463256836
MNIST_QNN_eff_su2_r1_d2_s43,noisy_shot,128,8,2026,ibm_kingston,True,full_main_quantum_stack,train,target_accuracy,0.5799999833106995
MNIST_QNN_eff_su2_r1_d2_s43,noisy_shot,128,8,2026,ibm_kingston,True,full_main_quantum_stack,train,target_loss,1.0227041244506836
MNIST_QNN_eff_su2_r1_d2_s43,noisy_shot,128,8,2026,ibm_kingston,True,full_main_quantum_stack,train,n_records,100.0
MNIST_QNN_eff_su2_r1_d2_s43,noisy_shot,128,8,2026,ibm_kingston,True,full_main_quantum_stack,test,target_accuracy,0.5899999737739563
MNIST_QNN_eff_su2_r1_d2_s43,noisy_shot,128,8,2026,ibm_kingston,True,full_main_quantum_stack,test,target_loss,0.948850154876709
MNIST_QNN_eff_su2_r1_d2_s43,noisy_shot,128,8,2026,ibm_kingston,True,full_main_quantum_stack,test,n_records,100.0
MNIST_QNN_eff_su2_r1_d2_s43,noisy_shot,128,8,2026,ibm_kingston,True,full_main_quantum_stack,membership,loss_auc,0.488
MNIST_QNN_eff_su2_r1_d2_s43,noisy_shot,128,8,2026,ibm_kingston,True,full_main_quantum_stack,membership,entropy_auc,0.49349999999999994
MNIST_QNN_eff_su2_r1_d2_s43,noisy_shot,128,8,2026,ibm_kingston,True,full_main_quantum_stack,membership,confidence_auc,0.48269999999999996
MNIST_QNN_eff_su2_r1_d2_s43,noisy_shot,128,8,2026,ibm_kingston,True,full_main_quantum_stack,membership,margin_auc,0.47750000000000004
MNIST_QNN_eff_su2_r1_d2_s43,noisy_shot,128,8,2026,ibm_kingston,True,full_main_quantum_stack,membership,correctness_auc,0.495
MNIST_QNN_eff_su2_r1_d2_s43,noisy_shot,128,8,2026,ibm_kingston,True,full_main_quantum_stack,membership,max_probability_auc,0.48269999999999996
MNIST_QNN_eff_su2_r1_d2_s43,noisy_shot,128,8,2026,ibm_kingston,True,full_main_quantum_stack,target,generalization_gap_accuracy,-0.009999990463256836
MNIST_QNN_eff_su2_r1_d2_s43,noisy_shot,128,9,2026,ibm_kingston,True,full_main_quantum_stack,train,target_accuracy,0.6399999856948853
MNIST_QNN_eff_su2_r1_d2_s43,noisy_shot,128,9,2026,ibm_kingston,True,full_main_quantum_stack,train,target_loss,0.8470398783683777
MNIST_QNN_eff_su2_r1_d2_s43,noisy_shot,128,9,2026,ibm_kingston,True,full_main_quantum_stack,train,n_records,100.0
MNIST_QNN_eff_su2_r1_d2_s43,noisy_shot,128,9,2026,ibm_kingston,True,full_main_quantum_stack,test,target_accuracy,0.6800000071525574
MNIST_QNN_eff_su2_r1_d2_s43,noisy_shot,128,9,2026,ibm_kingston,True,full_main_quantum_stack,test,target_loss,0.8057557940483093
MNIST_QNN_eff_su2_r1_d2_s43,noisy_shot,128,9,2026,ibm_kingston,True,full_main_quantum_stack,test,n_records,100.0
MNIST_QNN_eff_su2_r1_d2_s43,noisy_shot,128,9,2026,ibm_kingston,True,full_main_quantum_stack,membership,loss_auc,0.47909999999999997
MNIST_QNN_eff_su2_r1_d2_s43,noisy_shot,128,9,2026,ibm_kingston,True,full_main_quantum_stack,membership,entropy_auc,0.4729
MNIST_QNN_eff_su2_r1_d2_s43,noisy_shot,128,9,2026,ibm_kingston,True,full_main_quantum_stack,membership,confidence_auc,0.4711
MNIST_QNN_eff_su2_r1_d2_s43,noisy_shot,128,9,2026,ibm_kingston,True,full_main_quantum_stack,membership,margin_auc,0.4733
MNIST_QNN_eff_su2_r1_d2_s43,noisy_shot,128,9,2026,ibm_kingston,True,full_main_quantum_stack,membership,correctness_auc,0.48
MNIST_QNN_eff_su2_r1_d2_s43,noisy_shot,128,9,2026,ibm_kingston,True,full_main_quantum_stack,membership,max_probability_auc,0.4711
MNIST_QNN_eff_su2_r1_d2_s43,noisy_shot,128,9,2026,ibm_kingston,True,full_main_quantum_stack,target,generalization_gap_accuracy,-0.04000002145767212
MNIST_QNN_eff_su2_r1_d2_s43,noisy_shot,512,0,2026,ibm_kingston,True,full_main_quantum_stack,train,target_accuracy,0.7699999809265137
MNIST_QNN_eff_su2_r1_d2_s43,noisy_shot,512,0,2026,ibm_kingston,True,full_main_quantum_stack,train,target_loss,0.6517475247383118
MNIST_QNN_eff_su2_r1_d2_s43,noisy_shot,512,0,2026,ibm_kingston,True,full_main_quantum_stack,train,n_records,100.0
MNIST_QNN_eff_su2_r1_d2_s43,noisy_shot,512,0,2026,ibm_kingston,True,full_main_quantum_stack,test,target_accuracy,0.7400000095367432
MNIST_QNN_eff_su2_r1_d2_s43,noisy_shot,512,0,2026,ibm_kingston,True,full_main_quantum_stack,test,target_loss,0.650043249130249
MNIST_QNN_eff_su2_r1_d2_s43,noisy_shot,512,0,2026,ibm_kingston,True,full_main_quantum_stack,test,n_records,100.0
MNIST_QNN_eff_su2_r1_d2_s43,noisy_shot,512,0,2026,ibm_kingston,True,full_main_quantum_stack,membership,loss_auc,0.4821
MNIST_QNN_eff_su2_r1_d2_s43,noisy_shot,512,0,2026,ibm_kingston,True,full_main_quantum_stack,membership,entropy_auc,0.4589
MNIST_QNN_eff_su2_r1_d2_s43,noisy_shot,512,0,2026,ibm_kingston,True,full_main_quantum_stack,membership,confidence_auc,0.44670000000000004
MNIST_QNN_eff_su2_r1_d2_s43,noisy_shot,512,0,2026,ibm_kingston,True,full_main_quantum_stack,membership,margin_auc,0.45130000000000003
MNIST_QNN_eff_su2_r1_d2_s43,noisy_shot,512,0,2026,ibm_kingston,True,full_main_quantum_stack,membership,correctness_auc,0.515
MNIST_QNN_eff_su2_r1_d2_s43,noisy_shot,512,0,2026,ibm_kingston,True,full_main_quantum_stack,membership,max_probability_auc,0.44670000000000004
MNIST_QNN_eff_su2_r1_d2_s43,noisy_shot,512,0,2026,ibm_kingston,True,full_main_quantum_stack,target,generalization_gap_accuracy,0.029999971389770508
MNIST_QNN_eff_su2_r1_d2_s43,noisy_shot,512,1,2026,ibm_kingston,True,full_main_quantum_stack,train,target_accuracy,0.7400000095367432
MNIST_QNN_eff_su2_r1_d2_s43,noisy_shot,512,1,2026,ibm_kingston,True,full_main_quantum_stack,train,target_loss,0.6379087567329407
MNIST_QNN_eff_su2_r1_d2_s43,noisy_shot,512,1,2026,ibm_kingston,True,full_main_quantum_stack,train,n_records,100.0
MNIST_QNN_eff_su2_r1_d2_s43,noisy_shot,512,1,2026,ibm_kingston,True,full_main_quantum_stack,test,target_accuracy,0.6600000262260437
MNIST_QNN_eff_su2_r1_d2_s43,noisy_shot,512,1,2026,ibm_kingston,True,full_main_quantum_stack,test,target_loss,0.7789875864982605
MNIST_QNN_eff_su2_r1_d2_s43,noisy_shot,512,1,2026,ibm_kingston,True,full_main_quantum_stack,test,n_records,100.0
MNIST_QNN_eff_su2_r1_d2_s43,noisy_shot,512,1,2026,ibm_kingston,True,full_main_quantum_stack,membership,loss_auc,0.5667
MNIST_QNN_eff_su2_r1_d2_s43,noisy_shot,512,1,2026,ibm_kingston,True,full_main_quantum_stack,membership,entropy_auc,0.5519
MNIST_QNN_eff_su2_r1_d2_s43,noisy_shot,512,1,2026,ibm_kingston,True,full_main_quantum_stack,membership,confidence_auc,0.5472
MNIST_QNN_eff_su2_r1_d2_s43,noisy_shot,512,1,2026,ibm_kingston,True,full_main_quantum_stack,membership,margin_auc,0.54
MNIST_QNN_eff_su2_r1_d2_s43,noisy_shot,512,1,2026,ibm_kingston,True,full_main_quantum_stack,membership,correctness_auc,0.5399999999999999
MNIST_QNN_eff_su2_r1_d2_s43,noisy_shot,512,1,2026,ibm_kingston,True,full_main_quantum_stack,membership,max_probability_auc,0.5472
MNIST_QNN_eff_su2_r1_d2_s43,noisy_shot,512,1,2026,ibm_kingston,True,full_main_quantum_stack,target,generalization_gap_accuracy,0.07999998331069946
MNIST_QNN_eff_su2_r1_d2_s43,noisy_shot,512,2,2026,ibm_kingston,True,full_main_quantum_stack,train,target_accuracy,0.7300000190734863
MNIST_QNN_eff_su2_r1_d2_s43,noisy_shot,512,2,2026,ibm_kingston,True,full_main_quantum_stack,train,target_loss,0.6790723204612732
MNIST_QNN_eff_su2_r1_d2_s43,noisy_shot,512,2,2026,ibm_kingston,True,full_main_quantum_stack,train,n_records,100.0
MNIST_QNN_eff_su2_r1_d2_s43,noisy_shot,512,2,2026,ibm_kingston,True,full_main_quantum_stack,test,target_accuracy,0.6700000166893005
MNIST_QNN_eff_su2_r1_d2_s43,noisy_shot,512,2,2026,ibm_kingston,True,full_main_quantum_stack,test,target_loss,0.6809033155441284
MNIST_QNN_eff_su2_r1_d2_s43,noisy_shot,512,2,2026,ibm_kingston,True,full_main_quantum_stack,test,n_records,100.0
MNIST_QNN_eff_su2_r1_d2_s43,noisy_shot,512,2,2026,ibm_kingston,True,full_main_quantum_stack,membership,loss_auc,0.5005
MNIST_QNN_eff_su2_r1_d2_s43,noisy_shot,512,2,2026,ibm_kingston,True,full_main_quantum_stack,membership,entropy_auc,0.4827
MNIST_QNN_eff_su2_r1_d2_s43,noisy_shot,512,2,2026,ibm_kingston,True,full_main_quantum_stack,membership,confidence_auc,0.4852
MNIST_QNN_eff_su2_r1_d2_s43,noisy_shot,512,2,2026,ibm_kingston,True,full_main_quantum_stack,membership,margin_auc,0.4892
MNIST_QNN_eff_su2_r1_d2_s43,noisy_shot,512,2,2026,ibm_kingston,True,full_main_quantum_stack,membership,correctness_auc,0.53
MNIST_QNN_eff_su2_r1_d2_s43,noisy_shot,512,2,2026,ibm_kingston,True,full_main_quantum_stack,membership,max_probability_auc,0.4852
MNIST_QNN_eff_su2_r1_d2_s43,noisy_shot,512,2,2026,ibm_kingston,True,full_main_quantum_stack,target,generalization_gap_accuracy,0.06000000238418579
MNIST_QNN_eff_su2_r1_d2_s43,noisy_shot,512,3,2026,ibm_kingston,True,full_main_quantum_stack,train,target_accuracy,0.6600000262260437
MNIST_QNN_eff_su2_r1_d2_s43,noisy_shot,512,3,2026,ibm_kingston,True,full_main_quantum_stack,train,target_loss,0.6932610869407654
MNIST_QNN_eff_su2_r1_d2_s43,noisy_shot,512,3,2026,ibm_kingston,True,full_main_quantum_stack,train,n_records,100.0
MNIST_QNN_eff_su2_r1_d2_s43,noisy_shot,512,3,2026,ibm_kingston,True,full_main_quantum_stack,test,target_accuracy,0.7599999904632568
MNIST_QNN_eff_su2_r1_d2_s43,noisy_shot,512,3,2026,ibm_kingston,True,full_main_quantum_stack,test,target_loss,0.6636862754821777
MNIST_QNN_eff_su2_r1_d2_s43,noisy_shot,512,3,2026,ibm_kingston,True,full_main_quantum_stack,test,n_records,100.0
MNIST_QNN_eff_su2_r1_d2_s43,noisy_shot,512,3,2026,ibm_kingston,True,full_main_quantum_stack,membership,loss_auc,0.48540000000000005
MNIST_QNN_eff_su2_r1_d2_s43,noisy_shot,512,3,2026,ibm_kingston,True,full_main_quantum_stack,membership,entropy_auc,0.4776
MNIST_QNN_eff_su2_r1_d2_s43,noisy_shot,512,3,2026,ibm_kingston,True,full_main_quantum_stack,membership,confidence_auc,0.46810000000000007
MNIST_QNN_eff_su2_r1_d2_s43,noisy_shot,512,3,2026,ibm_kingston,True,full_main_quantum_stack,membership,margin_auc,0.4728
MNIST_QNN_eff_su2_r1_d2_s43,noisy_shot,512,3,2026,ibm_kingston,True,full_main_quantum_stack,membership,correctness_auc,0.45000000000000007
MNIST_QNN_eff_su2_r1_d2_s43,noisy_shot,512,3,2026,ibm_kingston,True,full_main_quantum_stack,membership,max_probability_auc,0.46810000000000007
MNIST_QNN_eff_su2_r1_d2_s43,noisy_shot,512,3,2026,ibm_kingston,True,full_main_quantum_stack,target,generalization_gap_accuracy,-0.09999996423721313
MNIST_QNN_eff_su2_r1_d2_s43,noisy_shot,512,4,2026,ibm_kingston,True,full_main_quantum_stack,train,target_accuracy,0.7300000190734863
MNIST_QNN_eff_su2_r1_d2_s43,noisy_shot,512,4,2026,ibm_kingston,True,full_main_quantum_stack,train,target_loss,0.6359577775001526
MNIST_QNN_eff_su2_r1_d2_s43,noisy_shot,512,4,2026,ibm_kingston,True,full_main_quantum_stack,train,n_records,100.0
MNIST_QNN_eff_su2_r1_d2_s43,noisy_shot,512,4,2026,ibm_kingston,True,full_main_quantum_stack,test,target_accuracy,0.6899999976158142
MNIST_QNN_eff_su2_r1_d2_s43,noisy_shot,512,4,2026,ibm_kingston,True,full_main_quantum_stack,test,target_loss,0.7695701122283936
MNIST_QNN_eff_su2_r1_d2_s43,noisy_shot,512,4,2026,ibm_kingston,True,full_main_quantum_stack,test,n_records,100.0
MNIST_QNN_eff_su2_r1_d2_s43,noisy_shot,512,4,2026,ibm_kingston,True,full_main_quantum_stack,membership,loss_auc,0.5459999999999999
MNIST_QNN_eff_su2_r1_d2_s43,noisy_shot,512,4,2026,ibm_kingston,True,full_main_quantum_stack,membership,entropy_auc,0.5223
MNIST_QNN_eff_su2_r1_d2_s43,noisy_shot,512,4,2026,ibm_kingston,True,full_main_quantum_stack,membership,confidence_auc,0.5322
MNIST_QNN_eff_su2_r1_d2_s43,noisy_shot,512,4,2026,ibm_kingston,True,full_main_quantum_stack,membership,margin_auc,0.5467
MNIST_QNN_eff_su2_r1_d2_s43,noisy_shot,512,4,2026,ibm_kingston,True,full_main_quantum_stack,membership,correctness_auc,0.52
MNIST_QNN_eff_su2_r1_d2_s43,noisy_shot,512,4,2026,ibm_kingston,True,full_main_quantum_stack,membership,max_probability_auc,0.5322
MNIST_QNN_eff_su2_r1_d2_s43,noisy_shot,512,4,2026,ibm_kingston,True,full_main_quantum_stack,target,generalization_gap_accuracy,0.04000002145767212
MNIST_QNN_eff_su2_r1_d2_s43,noisy_shot,512,5,2026,ibm_kingston,True,full_main_quantum_stack,train,target_accuracy,0.6899999976158142
MNIST_QNN_eff_su2_r1_d2_s43,noisy_shot,512,5,2026,ibm_kingston,True,full_main_quantum_stack,train,target_loss,0.6682910919189453
MNIST_QNN_eff_su2_r1_d2_s43,noisy_shot,512,5,2026,ibm_kingston,True,full_main_quantum_stack,train,n_records,100.0
MNIST_QNN_eff_su2_r1_d2_s43,noisy_shot,512,5,2026,ibm_kingston,True,full_main_quantum_stack,test,target_accuracy,0.699999988079071
MNIST_QNN_eff_su2_r1_d2_s43,noisy_shot,512,5,2026,ibm_kingston,True,full_main_quantum_stack,test,target_loss,0.7705743312835693
MNIST_QNN_eff_su2_r1_d2_s43,noisy_shot,512,5,2026,ibm_kingston,True,full_main_quantum_stack,test,n_records,100.0
MNIST_QNN_eff_su2_r1_d2_s43,noisy_shot,512,5,2026,ibm_kingston,True,full_main_quantum_stack,membership,loss_auc,0.5335
MNIST_QNN_eff_su2_r1_d2_s43,noisy_shot,512,5,2026,ibm_kingston,True,full_main_quantum_stack,membership,entropy_auc,0.49079999999999996
MNIST_QNN_eff_su2_r1_d2_s43,noisy_shot,512,5,2026,ibm_kingston,True,full_main_quantum_stack,membership,confidence_auc,0.4868
MNIST_QNN_eff_su2_r1_d2_s43,noisy_shot,512,5,2026,ibm_kingston,True,full_main_quantum_stack,membership,margin_auc,0.4914
MNIST_QNN_eff_su2_r1_d2_s43,noisy_shot,512,5,2026,ibm_kingston,True,full_main_quantum_stack,membership,correctness_auc,0.495
MNIST_QNN_eff_su2_r1_d2_s43,noisy_shot,512,5,2026,ibm_kingston,True,full_main_quantum_stack,membership,max_probability_auc,0.4868
MNIST_QNN_eff_su2_r1_d2_s43,noisy_shot,512,5,2026,ibm_kingston,True,full_main_quantum_stack,target,generalization_gap_accuracy,-0.009999990463256836
MNIST_QNN_eff_su2_r1_d2_s43,noisy_shot,512,6,2026,ibm_kingston,True,full_main_quantum_stack,train,target_accuracy,0.75
MNIST_QNN_eff_su2_r1_d2_s43,noisy_shot,512,6,2026,ibm_kingston,True,full_main_quantum_stack,train,target_loss,0.6413277387619019
MNIST_QNN_eff_su2_r1_d2_s43,noisy_shot,512,6,2026,ibm_kingston,True,full_main_quantum_stack,train,n_records,100.0
MNIST_QNN_eff_su2_r1_d2_s43,noisy_shot,512,6,2026,ibm_kingston,True,full_main_quantum_stack,test,target_accuracy,0.7099999785423279
MNIST_QNN_eff_su2_r1_d2_s43,noisy_shot,512,6,2026,ibm_kingston,True,full_main_quantum_stack,test,target_loss,0.7118380665779114
MNIST_QNN_eff_su2_r1_d2_s43,noisy_shot,512,6,2026,ibm_kingston,True,full_main_quantum_stack,test,n_records,100.0
MNIST_QNN_eff_su2_r1_d2_s43,noisy_shot,512,6,2026,ibm_kingston,True,full_main_quantum_stack,membership,loss_auc,0.5202
MNIST_QNN_eff_su2_r1_d2_s43,noisy_shot,512,6,2026,ibm_kingston,True,full_main_quantum_stack,membership,entropy_auc,0.4817
MNIST_QNN_eff_su2_r1_d2_s43,noisy_shot,512,6,2026,ibm_kingston,True,full_main_quantum_stack,membership,confidence_auc,0.47420000000000007
MNIST_QNN_eff_su2_r1_d2_s43,noisy_shot,512,6,2026,ibm_kingston,True,full_main_quantum_stack,membership,margin_auc,0.46909999999999996
MNIST_QNN_eff_su2_r1_d2_s43,noisy_shot,512,6,2026,ibm_kingston,True,full_main_quantum_stack,membership,correctness_auc,0.52
MNIST_QNN_eff_su2_r1_d2_s43,noisy_shot,512,6,2026,ibm_kingston,True,full_main_quantum_stack,membership,max_probability_auc,0.47420000000000007
MNIST_QNN_eff_su2_r1_d2_s43,noisy_shot,512,6,2026,ibm_kingston,True,full_main_quantum_stack,target,generalization_gap_accuracy,0.04000002145767212
MNIST_QNN_eff_su2_r1_d2_s43,noisy_shot,512,7,2026,ibm_kingston,True,full_main_quantum_stack,train,target_accuracy,0.699999988079071
MNIST_QNN_eff_su2_r1_d2_s43,noisy_shot,512,7,2026,ibm_kingston,True,full_main_quantum_stack,train,target_loss,0.6791261434555054
MNIST_QNN_eff_su2_r1_d2_s43,noisy_shot,512,7,2026,ibm_kingston,True,full_main_quantum_stack,train,n_records,100.0
MNIST_QNN_eff_su2_r1_d2_s43,noisy_shot,512,7,2026,ibm_kingston,True,full_main_quantum_stack,test,target_accuracy,0.7300000190734863
MNIST_QNN_eff_su2_r1_d2_s43,noisy_shot,512,7,2026,ibm_kingston,True,full_main_quantum_stack,test,target_loss,0.7009446620941162
MNIST_QNN_eff_su2_r1_d2_s43,noisy_shot,512,7,2026,ibm_kingston,True,full_main_quantum_stack,test,n_records,100.0
MNIST_QNN_eff_su2_r1_d2_s43,noisy_shot,512,7,2026,ibm_kingston,True,full_main_quantum_stack,membership,loss_auc,0.5019
MNIST_QNN_eff_su2_r1_d2_s43,noisy_shot,512,7,2026,ibm_kingston,True,full_main_quantum_stack,membership,entropy_auc,0.49989999999999996
MNIST_QNN_eff_su2_r1_d2_s43,noisy_shot,512,7,2026,ibm_kingston,True,full_main_quantum_stack,membership,confidence_auc,0.5117
MNIST_QNN_eff_su2_r1_d2_s43,noisy_shot,512,7,2026,ibm_kingston,True,full_main_quantum_stack,membership,margin_auc,0.5257
MNIST_QNN_eff_su2_r1_d2_s43,noisy_shot,512,7,2026,ibm_kingston,True,full_main_quantum_stack,membership,correctness_auc,0.485
MNIST_QNN_eff_su2_r1_d2_s43,noisy_shot,512,7,2026,ibm_kingston,True,full_main_quantum_stack,membership,max_probability_auc,0.5117
MNIST_QNN_eff_su2_r1_d2_s43,noisy_shot,512,7,2026,ibm_kingston,True,full_main_quantum_stack,target,generalization_gap_accuracy,-0.030000030994415283
MNIST_QNN_eff_su2_r1_d2_s43,noisy_shot,512,8,2026,ibm_kingston,True,full_main_quantum_stack,train,target_accuracy,0.75
MNIST_QNN_eff_su2_r1_d2_s43,noisy_shot,512,8,2026,ibm_kingston,True,full_main_quantum_stack,train,target_loss,0.6366299986839294
MNIST_QNN_eff_su2_r1_d2_s43,noisy_shot,512,8,2026,ibm_kingston,True,full_main_quantum_stack,train,n_records,100.0
MNIST_QNN_eff_su2_r1_d2_s43,noisy_shot,512,8,2026,ibm_kingston,True,full_main_quantum_stack,test,target_accuracy,0.6899999976158142
MNIST_QNN_eff_su2_r1_d2_s43,noisy_shot,512,8,2026,ibm_kingston,True,full_main_quantum_stack,test,target_loss,0.7309689521789551
MNIST_QNN_eff_su2_r1_d2_s43,noisy_shot,512,8,2026,ibm_kingston,True,full_main_quantum_stack,test,n_records,100.0
MNIST_QNN_eff_su2_r1_d2_s43,noisy_shot,512,8,2026,ibm_kingston,True,full_main_quantum_stack,membership,loss_auc,0.5369
MNIST_QNN_eff_su2_r1_d2_s43,noisy_shot,512,8,2026,ibm_kingston,True,full_main_quantum_stack,membership,entropy_auc,0.5167999999999999
MNIST_QNN_eff_su2_r1_d2_s43,noisy_shot,512,8,2026,ibm_kingston,True,full_main_quantum_stack,membership,confidence_auc,0.5173000000000001
MNIST_QNN_eff_su2_r1_d2_s43,noisy_shot,512,8,2026,ibm_kingston,True,full_main_quantum_stack,membership,margin_auc,0.5161
MNIST_QNN_eff_su2_r1_d2_s43,noisy_shot,512,8,2026,ibm_kingston,True,full_main_quantum_stack,membership,correctness_auc,0.53
MNIST_QNN_eff_su2_r1_d2_s43,noisy_shot,512,8,2026,ibm_kingston,True,full_main_quantum_stack,membership,max_probability_auc,0.5173000000000001
MNIST_QNN_eff_su2_r1_d2_s43,noisy_shot,512,8,2026,ibm_kingston,True,full_main_quantum_stack,target,generalization_gap_accuracy,0.06000000238418579
MNIST_QNN_eff_su2_r1_d2_s43,noisy_shot,512,9,2026,ibm_kingston,True,full_main_quantum_stack,train,target_accuracy,0.7799999713897705
MNIST_QNN_eff_su2_r1_d2_s43,noisy_shot,512,9,2026,ibm_kingston,True,full_main_quantum_stack,train,target_loss,0.665202260017395
MNIST_QNN_eff_su2_r1_d2_s43,noisy_shot,512,9,2026,ibm_kingston,True,full_main_quantum_stack,train,n_records,100.0
MNIST_QNN_eff_su2_r1_d2_s43,noisy_shot,512,9,2026,ibm_kingston,True,full_main_quantum_stack,test,target_accuracy,0.699999988079071
MNIST_QNN_eff_su2_r1_d2_s43,noisy_shot,512,9,2026,ibm_kingston,True,full_main_quantum_stack,test,target_loss,0.6620875000953674
MNIST_QNN_eff_su2_r1_d2_s43,noisy_shot,512,9,2026,ibm_kingston,True,full_main_quantum_stack,test,n_records,100.0
MNIST_QNN_eff_su2_r1_d2_s43,noisy_shot,512,9,2026,ibm_kingston,True,full_main_quantum_stack,membership,loss_auc,0.4883
MNIST_QNN_eff_su2_r1_d2_s43,noisy_shot,512,9,2026,ibm_kingston,True,full_main_quantum_stack,membership,entropy_auc,0.4723
MNIST_QNN_eff_su2_r1_d2_s43,noisy_shot,512,9,2026,ibm_kingston,True,full_main_quantum_stack,membership,confidence_auc,0.45039999999999997
MNIST_QNN_eff_su2_r1_d2_s43,noisy_shot,512,9,2026,ibm_kingston,True,full_main_quantum_stack,membership,margin_auc,0.4536
MNIST_QNN_eff_su2_r1_d2_s43,noisy_shot,512,9,2026,ibm_kingston,True,full_main_quantum_stack,membership,correctness_auc,0.54
MNIST_QNN_eff_su2_r1_d2_s43,noisy_shot,512,9,2026,ibm_kingston,True,full_main_quantum_stack,membership,max_probability_auc,0.45039999999999997
MNIST_QNN_eff_su2_r1_d2_s43,noisy_shot,512,9,2026,ibm_kingston,True,full_main_quantum_stack,target,generalization_gap_accuracy,0.07999998331069946
MNIST_QNN_eff_su2_r1_d2_s43,noisy_shot,1024,0,2026,ibm_kingston,True,full_main_quantum_stack,train,target_accuracy,0.7300000190734863
MNIST_QNN_eff_su2_r1_d2_s43,noisy_shot,1024,0,2026,ibm_kingston,True,full_main_quantum_stack,train,target_loss,0.6453943848609924
MNIST_QNN_eff_su2_r1_d2_s43,noisy_shot,1024,0,2026,ibm_kingston,True,full_main_quantum_stack,train,n_records,100.0
MNIST_QNN_eff_su2_r1_d2_s43,noisy_shot,1024,0,2026,ibm_kingston,True,full_main_quantum_stack,test,target_accuracy,0.7099999785423279
MNIST_QNN_eff_su2_r1_d2_s43,noisy_shot,1024,0,2026,ibm_kingston,True,full_main_quantum_stack,test,target_loss,0.6744158864021301
MNIST_QNN_eff_su2_r1_d2_s43,noisy_shot,1024,0,2026,ibm_kingston,True,full_main_quantum_stack,test,n_records,100.0
MNIST_QNN_eff_su2_r1_d2_s43,noisy_shot,1024,0,2026,ibm_kingston,True,full_main_quantum_stack,membership,loss_auc,0.506
MNIST_QNN_eff_su2_r1_d2_s43,noisy_shot,1024,0,2026,ibm_kingston,True,full_main_quantum_stack,membership,entropy_auc,0.4699
MNIST_QNN_eff_su2_r1_d2_s43,noisy_shot,1024,0,2026,ibm_kingston,True,full_main_quantum_stack,membership,confidence_auc,0.4738
MNIST_QNN_eff_su2_r1_d2_s43,noisy_shot,1024,0,2026,ibm_kingston,True,full_main_quantum_stack,membership,margin_auc,0.4689
MNIST_QNN_eff_su2_r1_d2_s43,noisy_shot,1024,0,2026,ibm_kingston,True,full_main_quantum_stack,membership,correctness_auc,0.51
MNIST_QNN_eff_su2_r1_d2_s43,noisy_shot,1024,0,2026,ibm_kingston,True,full_main_quantum_stack,membership,max_probability_auc,0.4738
MNIST_QNN_eff_su2_r1_d2_s43,noisy_shot,1024,0,2026,ibm_kingston,True,full_main_quantum_stack,target,generalization_gap_accuracy,0.020000040531158447
MNIST_QNN_eff_su2_r1_d2_s43,noisy_shot,1024,1,2026,ibm_kingston,True,full_main_quantum_stack,train,target_accuracy,0.6800000071525574
MNIST_QNN_eff_su2_r1_d2_s43,noisy_shot,1024,1,2026,ibm_kingston,True,full_main_quantum_stack,train,target_loss,0.6353722810745239
MNIST_QNN_eff_su2_r1_d2_s43,noisy_shot,1024,1,2026,ibm_kingston,True,full_main_quantum_stack,train,n_records,100.0
MNIST_QNN_eff_su2_r1_d2_s43,noisy_shot,1024,1,2026,ibm_kingston,True,full_main_quantum_stack,test,target_accuracy,0.6700000166893005
MNIST_QNN_eff_su2_r1_d2_s43,noisy_shot,1024,1,2026,ibm_kingston,True,full_main_quantum_stack,test,target_loss,0.6892139911651611
MNIST_QNN_eff_su2_r1_d2_s43,noisy_shot,1024,1,2026,ibm_kingston,True,full_main_quantum_stack,test,n_records,100.0
MNIST_QNN_eff_su2_r1_d2_s43,noisy_shot,1024,1,2026,ibm_kingston,True,full_main_quantum_stack,membership,loss_auc,0.5317000000000001
MNIST_QNN_eff_su2_r1_d2_s43,noisy_shot,1024,1,2026,ibm_kingston,True,full_main_quantum_stack,membership,entropy_auc,0.5248999999999999
MNIST_QNN_eff_su2_r1_d2_s43,noisy_shot,1024,1,2026,ibm_kingston,True,full_main_quantum_stack,membership,confidence_auc,0.5021
MNIST_QNN_eff_su2_r1_d2_s43,noisy_shot,1024,1,2026,ibm_kingston,True,full_main_quantum_stack,membership,margin_auc,0.5025
MNIST_QNN_eff_su2_r1_d2_s43,noisy_shot,1024,1,2026,ibm_kingston,True,full_main_quantum_stack,membership,correctness_auc,0.505
MNIST_QNN_eff_su2_r1_d2_s43,noisy_shot,1024,1,2026,ibm_kingston,True,full_main_quantum_stack,membership,max_probability_auc,0.5021
MNIST_QNN_eff_su2_r1_d2_s43,noisy_shot,1024,1,2026,ibm_kingston,True,full_main_quantum_stack,target,generalization_gap_accuracy,0.009999990463256836
MNIST_QNN_eff_su2_r1_d2_s43,noisy_shot,1024,2,2026,ibm_kingston,True,full_main_quantum_stack,train,target_accuracy,0.7400000095367432
MNIST_QNN_eff_su2_r1_d2_s43,noisy_shot,1024,2,2026,ibm_kingston,True,full_main_quantum_stack,train,target_loss,0.662554144859314
MNIST_QNN_eff_su2_r1_d2_s43,noisy_shot,1024,2,2026,ibm_kingston,True,full_main_quantum_stack,train,n_records,100.0
MNIST_QNN_eff_su2_r1_d2_s43,noisy_shot,1024,2,2026,ibm_kingston,True,full_main_quantum_stack,test,target_accuracy,0.7400000095367432
MNIST_QNN_eff_su2_r1_d2_s43,noisy_shot,1024,2,2026,ibm_kingston,True,full_main_quantum_stack,test,target_loss,0.6547410488128662
MNIST_QNN_eff_su2_r1_d2_s43,noisy_shot,1024,2,2026,ibm_kingston,True,full_main_quantum_stack,test,n_records,100.0
MNIST_QNN_eff_su2_r1_d2_s43,noisy_shot,1024,2,2026,ibm_kingston,True,full_main_quantum_stack,membership,loss_auc,0.4985
MNIST_QNN_eff_su2_r1_d2_s43,noisy_shot,1024,2,2026,ibm_kingston,True,full_main_quantum_stack,membership,entropy_auc,0.4939
MNIST_QNN_eff_su2_r1_d2_s43,noisy_shot,1024,2,2026,ibm_kingston,True,full_main_quantum_stack,membership,confidence_auc,0.5058
MNIST_QNN_eff_su2_r1_d2_s43,noisy_shot,1024,2,2026,ibm_kingston,True,full_main_quantum_stack,membership,margin_auc,0.5082
MNIST_QNN_eff_su2_r1_d2_s43,noisy_shot,1024,2,2026,ibm_kingston,True,full_main_quantum_stack,membership,correctness_auc,0.5
MNIST_QNN_eff_su2_r1_d2_s43,noisy_shot,1024,2,2026,ibm_kingston,True,full_main_quantum_stack,membership,max_probability_auc,0.5058
MNIST_QNN_eff_su2_r1_d2_s43,noisy_shot,1024,2,2026,ibm_kingston,True,full_main_quantum_stack,target,generalization_gap_accuracy,0.0
MNIST_QNN_eff_su2_r1_d2_s43,noisy_shot,1024,3,2026,ibm_kingston,True,full_main_quantum_stack,train,target_accuracy,0.699999988079071
MNIST_QNN_eff_su2_r1_d2_s43,noisy_shot,1024,3,2026,ibm_kingston,True,full_main_quantum_stack,train,target_loss,0.6279885172843933
MNIST_QNN_eff_su2_r1_d2_s43,noisy_shot,1024,3,2026,ibm_kingston,True,full_main_quantum_stack,train,n_records,100.0
MNIST_QNN_eff_su2_r1_d2_s43,noisy_shot,1024,3,2026,ibm_kingston,True,full_main_quantum_stack,test,target_accuracy,0.7200000286102295
MNIST_QNN_eff_su2_r1_d2_s43,noisy_shot,1024,3,2026,ibm_kingston,True,full_main_quantum_stack,test,target_loss,0.6589310169219971
MNIST_QNN_eff_su2_r1_d2_s43,noisy_shot,1024,3,2026,ibm_kingston,True,full_main_quantum_stack,test,n_records,100.0
MNIST_QNN_eff_su2_r1_d2_s43,noisy_shot,1024,3,2026,ibm_kingston,True,full_main_quantum_stack,membership,loss_auc,0.5049000000000001
MNIST_QNN_eff_su2_r1_d2_s43,noisy_shot,1024,3,2026,ibm_kingston,True,full_main_quantum_stack,membership,entropy_auc,0.47389999999999993
MNIST_QNN_eff_su2_r1_d2_s43,noisy_shot,1024,3,2026,ibm_kingston,True,full_main_quantum_stack,membership,confidence_auc,0.4662
MNIST_QNN_eff_su2_r1_d2_s43,noisy_shot,1024,3,2026,ibm_kingston,True,full_main_quantum_stack,membership,margin_auc,0.4665
MNIST_QNN_eff_su2_r1_d2_s43,noisy_shot,1024,3,2026,ibm_kingston,True,full_main_quantum_stack,membership,correctness_auc,0.49
MNIST_QNN_eff_su2_r1_d2_s43,noisy_shot,1024,3,2026,ibm_kingston,True,full_main_quantum_stack,membership,max_probability_auc,0.4662
MNIST_QNN_eff_su2_r1_d2_s43,noisy_shot,1024,3,2026,ibm_kingston,True,full_main_quantum_stack,target,generalization_gap_accuracy,-0.020000040531158447
MNIST_QNN_eff_su2_r1_d2_s43,noisy_shot,1024,4,2026,ibm_kingston,True,full_main_quantum_stack,train,target_accuracy,0.7599999904632568
MNIST_QNN_eff_su2_r1_d2_s43,noisy_shot,1024,4,2026,ibm_kingston,True,full_main_quantum_stack,train,target_loss,0.5960706472396851
MNIST_QNN_eff_su2_r1_d2_s43,noisy_shot,1024,4,2026,ibm_kingston,True,full_main_quantum_stack,train,n_records,100.0
MNIST_QNN_eff_su2_r1_d2_s43,noisy_shot,1024,4,2026,ibm_kingston,True,full_main_quantum_stack,test,target_accuracy,0.699999988079071
MNIST_QNN_eff_su2_r1_d2_s43,noisy_shot,1024,4,2026,ibm_kingston,True,full_main_quantum_stack,test,target_loss,0.7136390209197998
MNIST_QNN_eff_su2_r1_d2_s43,noisy_shot,1024,4,2026,ibm_kingston,True,full_main_quantum_stack,test,n_records,100.0
MNIST_QNN_eff_su2_r1_d2_s43,noisy_shot,1024,4,2026,ibm_kingston,True,full_main_quantum_stack,membership,loss_auc,0.5508000000000001
MNIST_QNN_eff_su2_r1_d2_s43,noisy_shot,1024,4,2026,ibm_kingston,True,full_main_quantum_stack,membership,entropy_auc,0.5274
MNIST_QNN_eff_su2_r1_d2_s43,noisy_shot,1024,4,2026,ibm_kingston,True,full_main_quantum_stack,membership,confidence_auc,0.5308999999999999
MNIST_QNN_eff_su2_r1_d2_s43,noisy_shot,1024,4,2026,ibm_kingston,True,full_main_quantum_stack,membership,margin_auc,0.5429
MNIST_QNN_eff_su2_r1_d2_s43,noisy_shot,1024,4,2026,ibm_kingston,True,full_main_quantum_stack,membership,correctness_auc,0.53
MNIST_QNN_eff_su2_r1_d2_s43,noisy_shot,1024,4,2026,ibm_kingston,True,full_main_quantum_stack,membership,max_probability_auc,0.5308999999999999
MNIST_QNN_eff_su2_r1_d2_s43,noisy_shot,1024,4,2026,ibm_kingston,True,full_main_quantum_stack,target,generalization_gap_accuracy,0.06000000238418579
MNIST_QNN_eff_su2_r1_d2_s43,noisy_shot,1024,5,2026,ibm_kingston,True,full_main_quantum_stack,train,target_accuracy,0.7300000190734863
MNIST_QNN_eff_su2_r1_d2_s43,noisy_shot,1024,5,2026,ibm_kingston,True,full_main_quantum_stack,train,target_loss,0.6235381364822388
MNIST_QNN_eff_su2_r1_d2_s43,noisy_shot,1024,5,2026,ibm_kingston,True,full_main_quantum_stack,train,n_records,100.0
MNIST_QNN_eff_su2_r1_d2_s43,noisy_shot,1024,5,2026,ibm_kingston,True,full_main_quantum_stack,test,target_accuracy,0.7300000190734863
MNIST_QNN_eff_su2_r1_d2_s43,noisy_shot,1024,5,2026,ibm_kingston,True,full_main_quantum_stack,test,target_loss,0.6638158559799194
MNIST_QNN_eff_su2_r1_d2_s43,noisy_shot,1024,5,2026,ibm_kingston,True,full_main_quantum_stack,test,n_records,100.0
MNIST_QNN_eff_su2_r1_d2_s43,noisy_shot,1024,5,2026,ibm_kingston,True,full_main_quantum_stack,membership,loss_auc,0.5263
MNIST_QNN_eff_su2_r1_d2_s43,noisy_shot,1024,5,2026,ibm_kingston,True,full_main_quantum_stack,membership,entropy_auc,0.5091
MNIST_QNN_eff_su2_r1_d2_s43,noisy_shot,1024,5,2026,ibm_kingston,True,full_main_quantum_stack,membership,confidence_auc,0.4998
MNIST_QNN_eff_su2_r1_d2_s43,noisy_shot,1024,5,2026,ibm_kingston,True,full_main_quantum_stack,membership,margin_auc,0.5084000000000001
MNIST_QNN_eff_su2_r1_d2_s43,noisy_shot,1024,5,2026,ibm_kingston,True,full_main_quantum_stack,membership,correctness_auc,0.5
MNIST_QNN_eff_su2_r1_d2_s43,noisy_shot,1024,5,2026,ibm_kingston,True,full_main_quantum_stack,membership,max_probability_auc,0.4998
MNIST_QNN_eff_su2_r1_d2_s43,noisy_shot,1024,5,2026,ibm_kingston,True,full_main_quantum_stack,target,generalization_gap_accuracy,0.0
MNIST_QNN_eff_su2_r1_d2_s43,noisy_shot,1024,6,2026,ibm_kingston,True,full_main_quantum_stack,train,target_accuracy,0.75
MNIST_QNN_eff_su2_r1_d2_s43,noisy_shot,1024,6,2026,ibm_kingston,True,full_main_quantum_stack,train,target_loss,0.6430661082267761
MNIST_QNN_eff_su2_r1_d2_s43,noisy_shot,1024,6,2026,ibm_kingston,True,full_main_quantum_stack,train,n_records,100.0
MNIST_QNN_eff_su2_r1_d2_s43,noisy_shot,1024,6,2026,ibm_kingston,True,full_main_quantum_stack,test,target_accuracy,0.75
MNIST_QNN_eff_su2_r1_d2_s43,noisy_shot,1024,6,2026,ibm_kingston,True,full_main_quantum_stack,test,target_loss,0.6670246124267578
MNIST_QNN_eff_su2_r1_d2_s43,noisy_shot,1024,6,2026,ibm_kingston,True,full_main_quantum_stack,test,n_records,100.0
MNIST_QNN_eff_su2_r1_d2_s43,noisy_shot,1024,6,2026,ibm_kingston,True,full_main_quantum_stack,membership,loss_auc,0.5141
MNIST_QNN_eff_su2_r1_d2_s43,noisy_shot,1024,6,2026,ibm_kingston,True,full_main_quantum_stack,membership,entropy_auc,0.5035000000000001
MNIST_QNN_eff_su2_r1_d2_s43,noisy_shot,1024,6,2026,ibm_kingston,True,full_main_quantum_stack,membership,confidence_auc,0.4901
MNIST_QNN_eff_su2_r1_d2_s43,noisy_shot,1024,6,2026,ibm_kingston,True,full_main_quantum_stack,membership,margin_auc,0.49600000000000005
MNIST_QNN_eff_su2_r1_d2_s43,noisy_shot,1024,6,2026,ibm_kingston,True,full_main_quantum_stack,membership,correctness_auc,0.5
MNIST_QNN_eff_su2_r1_d2_s43,noisy_shot,1024,6,2026,ibm_kingston,True,full_main_quantum_stack,membership,max_probability_auc,0.4901
MNIST_QNN_eff_su2_r1_d2_s43,noisy_shot,1024,6,2026,ibm_kingston,True,full_main_quantum_stack,target,generalization_gap_accuracy,0.0
MNIST_QNN_eff_su2_r1_d2_s43,noisy_shot,1024,7,2026,ibm_kingston,True,full_main_quantum_stack,train,target_accuracy,0.7400000095367432
MNIST_QNN_eff_su2_r1_d2_s43,noisy_shot,1024,7,2026,ibm_kingston,True,full_main_quantum_stack,train,target_loss,0.6324815154075623
MNIST_QNN_eff_su2_r1_d2_s43,noisy_shot,1024,7,2026,ibm_kingston,True,full_main_quantum_stack,train,n_records,100.0
MNIST_QNN_eff_su2_r1_d2_s43,noisy_shot,1024,7,2026,ibm_kingston,True,full_main_quantum_stack,test,target_accuracy,0.699999988079071
MNIST_QNN_eff_su2_r1_d2_s43,noisy_shot,1024,7,2026,ibm_kingston,True,full_main_quantum_stack,test,target_loss,0.6380738019943237
MNIST_QNN_eff_su2_r1_d2_s43,noisy_shot,1024,7,2026,ibm_kingston,True,full_main_quantum_stack,test,n_records,100.0
MNIST_QNN_eff_su2_r1_d2_s43,noisy_shot,1024,7,2026,ibm_kingston,True,full_main_quantum_stack,membership,loss_auc,0.5178999999999999
MNIST_QNN_eff_su2_r1_d2_s43,noisy_shot,1024,7,2026,ibm_kingston,True,full_main_quantum_stack,membership,entropy_auc,0.5361
MNIST_QNN_eff_su2_r1_d2_s43,noisy_shot,1024,7,2026,ibm_kingston,True,full_main_quantum_stack,membership,confidence_auc,0.5143
MNIST_QNN_eff_su2_r1_d2_s43,noisy_shot,1024,7,2026,ibm_kingston,True,full_main_quantum_stack,membership,margin_auc,0.5124
MNIST_QNN_eff_su2_r1_d2_s43,noisy_shot,1024,7,2026,ibm_kingston,True,full_main_quantum_stack,membership,correctness_auc,0.52
MNIST_QNN_eff_su2_r1_d2_s43,noisy_shot,1024,7,2026,ibm_kingston,True,full_main_quantum_stack,membership,max_probability_auc,0.5143
MNIST_QNN_eff_su2_r1_d2_s43,noisy_shot,1024,7,2026,ibm_kingston,True,full_main_quantum_stack,target,generalization_gap_accuracy,0.04000002145767212
MNIST_QNN_eff_su2_r1_d2_s43,noisy_shot,1024,8,2026,ibm_kingston,True,full_main_quantum_stack,train,target_accuracy,0.7400000095367432
MNIST_QNN_eff_su2_r1_d2_s43,noisy_shot,1024,8,2026,ibm_kingston,True,full_main_quantum_stack,train,target_loss,0.6345807313919067
MNIST_QNN_eff_su2_r1_d2_s43,noisy_shot,1024,8,2026,ibm_kingston,True,full_main_quantum_stack,train,n_records,100.0
MNIST_QNN_eff_su2_r1_d2_s43,noisy_shot,1024,8,2026,ibm_kingston,True,full_main_quantum_stack,test,target_accuracy,0.7200000286102295
MNIST_QNN_eff_su2_r1_d2_s43,noisy_shot,1024,8,2026,ibm_kingston,True,full_main_quantum_stack,test,target_loss,0.6834191679954529
MNIST_QNN_eff_su2_r1_d2_s43,noisy_shot,1024,8,2026,ibm_kingston,True,full_main_quantum_stack,test,n_records,100.0
MNIST_QNN_eff_su2_r1_d2_s43,noisy_shot,1024,8,2026,ibm_kingston,True,full_main_quantum_stack,membership,loss_auc,0.5209
MNIST_QNN_eff_su2_r1_d2_s43,noisy_shot,1024,8,2026,ibm_kingston,True,full_main_quantum_stack,membership,entropy_auc,0.5149
MNIST_QNN_eff_su2_r1_d2_s43,noisy_shot,1024,8,2026,ibm_kingston,True,full_main_quantum_stack,membership,confidence_auc,0.5192
MNIST_QNN_eff_su2_r1_d2_s43,noisy_shot,1024,8,2026,ibm_kingston,True,full_main_quantum_stack,membership,margin_auc,0.523
MNIST_QNN_eff_su2_r1_d2_s43,noisy_shot,1024,8,2026,ibm_kingston,True,full_main_quantum_stack,membership,correctness_auc,0.51
MNIST_QNN_eff_su2_r1_d2_s43,noisy_shot,1024,8,2026,ibm_kingston,True,full_main_quantum_stack,membership,max_probability_auc,0.5192
MNIST_QNN_eff_su2_r1_d2_s43,noisy_shot,1024,8,2026,ibm_kingston,True,full_main_quantum_stack,target,generalization_gap_accuracy,0.019999980926513672
MNIST_QNN_eff_su2_r1_d2_s43,noisy_shot,1024,9,2026,ibm_kingston,True,full_main_quantum_stack,train,target_accuracy,0.7599999904632568
MNIST_QNN_eff_su2_r1_d2_s43,noisy_shot,1024,9,2026,ibm_kingston,True,full_main_quantum_stack,train,target_loss,0.616891086101532
MNIST_QNN_eff_su2_r1_d2_s43,noisy_shot,1024,9,2026,ibm_kingston,True,full_main_quantum_stack,train,n_records,100.0
MNIST_QNN_eff_su2_r1_d2_s43,noisy_shot,1024,9,2026,ibm_kingston,True,full_main_quantum_stack,test,target_accuracy,0.7099999785423279
MNIST_QNN_eff_su2_r1_d2_s43,noisy_shot,1024,9,2026,ibm_kingston,True,full_main_quantum_stack,test,target_loss,0.6727496981620789
MNIST_QNN_eff_su2_r1_d2_s43,noisy_shot,1024,9,2026,ibm_kingston,True,full_main_quantum_stack,test,n_records,100.0
MNIST_QNN_eff_su2_r1_d2_s43,noisy_shot,1024,9,2026,ibm_kingston,True,full_main_quantum_stack,membership,loss_auc,0.5336000000000001
MNIST_QNN_eff_su2_r1_d2_s43,noisy_shot,1024,9,2026,ibm_kingston,True,full_main_quantum_stack,membership,entropy_auc,0.5015
MNIST_QNN_eff_su2_r1_d2_s43,noisy_shot,1024,9,2026,ibm_kingston,True,full_main_quantum_stack,membership,confidence_auc,0.4875
MNIST_QNN_eff_su2_r1_d2_s43,noisy_shot,1024,9,2026,ibm_kingston,True,full_main_quantum_stack,membership,margin_auc,0.4897
MNIST_QNN_eff_su2_r1_d2_s43,noisy_shot,1024,9,2026,ibm_kingston,True,full_main_quantum_stack,membership,correctness_auc,0.525
MNIST_QNN_eff_su2_r1_d2_s43,noisy_shot,1024,9,2026,ibm_kingston,True,full_main_quantum_stack,membership,max_probability_auc,0.4875
MNIST_QNN_eff_su2_r1_d2_s43,noisy_shot,1024,9,2026,ibm_kingston,True,full_main_quantum_stack,target,generalization_gap_accuracy,0.050000011920928955
