target_id,attack,auc,auc_record_ci95_low,auc_record_ci95_high,valid_record_bootstrap_replicates,n_member,n_nonmember,fpr_resolution,membership_convention,source_file,ci_method,bootstrap_unit,bootstrap_replicates,experiment,dataset,architecture,model_type,run_id,model_seed,data_seed,seed,attack_feature_mode,learning_rate,n_wires,depth,ql_ent,ql_op,fm_kind,reps,fm_ent,fm_op,pad_mode,vector_train,vector_valid,vector_test,role,source_run_id,ql_rev,original_acc_train,original_acc_test,original_gap,batch_size,epochs,extra_feats,structural_cell_id,risk_level,balanced_accuracy_crossfit,membership_advantage_crossfit,crossfit_tpr,crossfit_fpr,threshold_median,threshold_folds,tpr_at_requested_fpr_0p05,attained_fpr_0p05,expected_false_positives_0p05,resolvable_0p05,tpr_at_requested_fpr_0p1,attained_fpr_0p1,expected_false_positives_0p1,resolvable_0p1
MNIST_QNN_eff_su2_r1_d2_s43,loss,0.539175,0.48277437500000003,0.59580125,10000,200,200,0.005,0=member,reviewer_runs/multiseed_factorial/MNIST_QNN_eff_su2_r1_d2_s43/target_attack_data.pt,stratified percentile bootstrap over member/non-member records,records,10000,multiseed_factorial,mnist,qnn,qnn,1622,43,43,43,pv+stats,0.05,6,2,linear,crz,eff_su2,1,linear,cx,wrap,200,200,200,eff_su2_r1_d2,1622,False,0.865,0.71,0.155,16,100,False,eff_su2_r1_d2,,0.5449999999999999,0.09000000000000002,0.38,0.29,-0.3026565611362457,5,0.06,0.045,10.0,True,0.11,0.1,20.0,True
MNIST_QNN_eff_su2_r1_d2_s43,entropy,0.520825,0.46459937500000004,0.578351875,10000,200,200,0.005,0=member,reviewer_runs/multiseed_factorial/MNIST_QNN_eff_su2_r1_d2_s43/target_attack_data.pt,stratified percentile bootstrap over member/non-member records,records,10000,multiseed_factorial,mnist,qnn,qnn,1622,43,43,43,pv+stats,0.05,6,2,linear,crz,eff_su2,1,linear,cx,wrap,200,200,200,eff_su2_r1_d2,1622,False,0.865,0.71,0.155,16,100,False,eff_su2_r1_d2,,0.5225,0.044999999999999984,0.385,0.34,-0.7430597543716431,5,0.055,0.05,10.0,True,0.105,0.085,20.0,True
MNIST_QNN_eff_su2_r1_d2_s43,confidence,0.516075,0.45799875,0.5717049999999999,10000,200,200,0.005,0=member,reviewer_runs/multiseed_factorial/MNIST_QNN_eff_su2_r1_d2_s43/target_attack_data.pt,stratified percentile bootstrap over member/non-member records,records,10000,multiseed_factorial,mnist,qnn,qnn,1622,43,43,43,pv+stats,0.05,6,2,linear,crz,eff_su2,1,linear,cx,wrap,200,200,200,eff_su2_r1_d2,1622,False,0.865,0.71,0.155,16,100,False,eff_su2_r1_d2,,0.5075,0.015000000000000013,0.305,0.29,0.8402116298675537,5,0.06,0.045,10.0,True,0.105,0.1,20.0,True
MNIST_QNN_eff_su2_r1_d2_s43,margin,0.520575,0.46417437500000003,0.576304375,10000,200,200,0.005,0=member,reviewer_runs/multiseed_factorial/MNIST_QNN_eff_su2_r1_d2_s43/target_attack_data.pt,stratified percentile bootstrap over member/non-member records,records,10000,multiseed_factorial,mnist,qnn,qnn,1622,43,43,43,pv+stats,0.05,6,2,linear,crz,eff_su2,1,linear,cx,wrap,200,200,200,eff_su2_r1_d2,1622,False,0.865,0.71,0.155,16,100,False,eff_su2_r1_d2,,0.5225,0.04500000000000001,0.275,0.23,0.7479903697967529,5,0.06,0.045,10.0,True,0.11,0.095,20.0,True
MNIST_QNN_eff_su2_r1_d2_s43,correctness,0.5175000000000001,0.475,0.56,10000,200,200,0.005,0=member,reviewer_runs/multiseed_factorial/MNIST_QNN_eff_su2_r1_d2_s43/target_attack_data.pt,stratified percentile bootstrap over member/non-member records,records,10000,multiseed_factorial,mnist,qnn,qnn,1622,43,43,43,pv+stats,0.05,6,2,linear,crz,eff_su2,1,linear,cx,wrap,200,200,200,eff_su2_r1_d2,1622,False,0.865,0.71,0.155,16,100,False,eff_su2_r1_d2,,0.5175000000000001,0.03500000000000003,0.765,0.73,1.0,5,0.0,0.0,10.0,True,0.0,0.0,20.0,True
MNIST_QNN_eff_su2_r1_d2_s43,max_probability,0.516075,0.45849937500000004,0.5727518749999999,10000,200,200,0.005,0=member,reviewer_runs/multiseed_factorial/MNIST_QNN_eff_su2_r1_d2_s43/target_attack_data.pt,stratified percentile bootstrap over member/non-member records,records,10000,multiseed_factorial,mnist,qnn,qnn,1622,43,43,43,pv+stats,0.05,6,2,linear,crz,eff_su2,1,linear,cx,wrap,200,200,200,eff_su2_r1_d2,1622,False,0.865,0.71,0.155,16,100,False,eff_su2_r1_d2,,0.5075,0.015000000000000013,0.305,0.29,0.8402116298675537,5,0.06,0.045,10.0,True,0.105,0.1,20.0,True
MNIST_QNN_eff_su2_r1_d2_s44,loss,0.531825,0.476373125,0.5882268749999999,10000,200,200,0.005,0=member,reviewer_runs/multiseed_factorial/MNIST_QNN_eff_su2_r1_d2_s44/target_attack_data.pt,stratified percentile bootstrap over member/non-member records,records,10000,multiseed_factorial,mnist,qnn,qnn,1622,44,43,44,pv+stats,0.05,6,2,linear,crz,eff_su2,1,linear,cx,wrap,200,200,200,eff_su2_r1_d2,1622,False,0.865,0.71,0.155,16,100,False,eff_su2_r1_d2,,0.4875,-0.025000000000000022,0.605,0.63,-0.5350155830383301,5,0.085,0.05,10.0,True,0.105,0.095,20.0,True
MNIST_QNN_eff_su2_r1_d2_s44,entropy,0.48515,0.428325,0.541475625,10000,200,200,0.005,0=member,reviewer_runs/multiseed_factorial/MNIST_QNN_eff_su2_r1_d2_s44/target_attack_data.pt,stratified percentile bootstrap over member/non-member records,records,10000,multiseed_factorial,mnist,qnn,qnn,1622,44,43,44,pv+stats,0.05,6,2,linear,crz,eff_su2,1,linear,cx,wrap,200,200,200,eff_su2_r1_d2,1622,False,0.865,0.71,0.155,16,100,False,eff_su2_r1_d2,,0.47,-0.06,0.31,0.37,-0.1839696168899536,5,0.07,0.05,10.0,True,0.095,0.09,20.0,True
MNIST_QNN_eff_su2_r1_d2_s44,confidence,0.48567499999999997,0.430424375,0.543775,10000,200,200,0.005,0=member,reviewer_runs/multiseed_factorial/MNIST_QNN_eff_su2_r1_d2_s44/target_attack_data.pt,stratified percentile bootstrap over member/non-member records,records,10000,multiseed_factorial,mnist,qnn,qnn,1622,44,43,44,pv+stats,0.05,6,2,linear,crz,eff_su2,1,linear,cx,wrap,200,200,200,eff_su2_r1_d2,1622,False,0.865,0.71,0.155,16,100,False,eff_su2_r1_d2,,0.48,-0.04000000000000001,0.215,0.255,0.932844877243042,5,0.085,0.05,10.0,True,0.105,0.095,20.0,True
MNIST_QNN_eff_su2_r1_d2_s44,margin,0.49115,0.43482375,0.548403125,10000,200,200,0.005,0=member,reviewer_runs/multiseed_factorial/MNIST_QNN_eff_su2_r1_d2_s44/target_attack_data.pt,stratified percentile bootstrap over member/non-member records,records,10000,multiseed_factorial,mnist,qnn,qnn,1622,44,43,44,pv+stats,0.05,6,2,linear,crz,eff_su2,1,linear,cx,wrap,200,200,200,eff_su2_r1_d2,1622,False,0.865,0.71,0.155,16,100,False,eff_su2_r1_d2,,0.48,-0.03999999999999998,0.195,0.235,0.8524061441421509,5,0.075,0.05,10.0,True,0.105,0.09,20.0,True
MNIST_QNN_eff_su2_r1_d2_s44,correctness,0.5225,0.48,0.565,10000,200,200,0.005,0=member,reviewer_runs/multiseed_factorial/MNIST_QNN_eff_su2_r1_d2_s44/target_attack_data.pt,stratified percentile bootstrap over member/non-member records,records,10000,multiseed_factorial,mnist,qnn,qnn,1622,44,43,44,pv+stats,0.05,6,2,linear,crz,eff_su2,1,linear,cx,wrap,200,200,200,eff_su2_r1_d2,1622,False,0.865,0.71,0.155,16,100,False,eff_su2_r1_d2,,0.5,0.0,0.555,0.555,1.0,5,0.0,0.0,10.0,True,0.0,0.0,20.0,True
MNIST_QNN_eff_su2_r1_d2_s44,max_probability,0.48567499999999997,0.429549375,0.542350625,10000,200,200,0.005,0=member,reviewer_runs/multiseed_factorial/MNIST_QNN_eff_su2_r1_d2_s44/target_attack_data.pt,stratified percentile bootstrap over member/non-member records,records,10000,multiseed_factorial,mnist,qnn,qnn,1622,44,43,44,pv+stats,0.05,6,2,linear,crz,eff_su2,1,linear,cx,wrap,200,200,200,eff_su2_r1_d2,1622,False,0.865,0.71,0.155,16,100,False,eff_su2_r1_d2,,0.48,-0.04000000000000001,0.215,0.255,0.932844877243042,5,0.085,0.05,10.0,True,0.105,0.095,20.0,True
MNIST_QNN_eff_su2_r1_d2_s45,loss,0.518675,0.4615675,0.5739512499999999,10000,200,200,0.005,0=member,reviewer_runs/multiseed_factorial/MNIST_QNN_eff_su2_r1_d2_s45/target_attack_data.pt,stratified percentile bootstrap over member/non-member records,records,10000,multiseed_factorial,mnist,qnn,qnn,1622,45,43,45,pv+stats,0.05,6,2,linear,crz,eff_su2,1,linear,cx,wrap,200,200,200,eff_su2_r1_d2,1622,False,0.865,0.71,0.155,16,100,False,eff_su2_r1_d2,,0.5075000000000001,0.015000000000000013,0.645,0.63,-0.4961833357810974,5,0.055,0.05,10.0,True,0.11,0.1,20.0,True
MNIST_QNN_eff_su2_r1_d2_s45,entropy,0.49635000000000007,0.44027437500000005,0.553101875,10000,200,200,0.005,0=member,reviewer_runs/multiseed_factorial/MNIST_QNN_eff_su2_r1_d2_s45/target_attack_data.pt,stratified percentile bootstrap over member/non-member records,records,10000,multiseed_factorial,mnist,qnn,qnn,1622,45,43,45,pv+stats,0.05,6,2,linear,crz,eff_su2,1,linear,cx,wrap,200,200,200,eff_su2_r1_d2,1622,False,0.865,0.71,0.155,16,100,False,eff_su2_r1_d2,,0.485,-0.02999999999999997,0.33,0.36,-0.6425084471702576,5,0.055,0.05,10.0,True,0.1,0.1,20.0,True
MNIST_QNN_eff_su2_r1_d2_s45,confidence,0.495475,0.438574375,0.5507275,10000,200,200,0.005,0=member,reviewer_runs/multiseed_factorial/MNIST_QNN_eff_su2_r1_d2_s45/target_attack_data.pt,stratified percentile bootstrap over member/non-member records,records,10000,multiseed_factorial,mnist,qnn,qnn,1622,45,43,45,pv+stats,0.05,6,2,linear,crz,eff_su2,1,linear,cx,wrap,200,200,200,eff_su2_r1_d2,1622,False,0.865,0.71,0.155,16,100,False,eff_su2_r1_d2,,0.47250000000000003,-0.05499999999999999,0.43,0.485,0.5939944982528687,5,0.055,0.05,10.0,True,0.1,0.1,20.0,True
MNIST_QNN_eff_su2_r1_d2_s45,margin,0.497075,0.440825,0.553825,10000,200,200,0.005,0=member,reviewer_runs/multiseed_factorial/MNIST_QNN_eff_su2_r1_d2_s45/target_attack_data.pt,stratified percentile bootstrap over member/non-member records,records,10000,multiseed_factorial,mnist,qnn,qnn,1622,45,43,45,pv+stats,0.05,6,2,linear,crz,eff_su2,1,linear,cx,wrap,200,200,200,eff_su2_r1_d2,1622,False,0.865,0.71,0.155,16,100,False,eff_su2_r1_d2,,0.47750000000000004,-0.04500000000000004,0.41,0.455,0.3125757873058319,5,0.06,0.05,10.0,True,0.095,0.1,20.0,True
MNIST_QNN_eff_su2_r1_d2_s45,correctness,0.495,0.4525,0.5375,10000,200,200,0.005,0=member,reviewer_runs/multiseed_factorial/MNIST_QNN_eff_su2_r1_d2_s45/target_attack_data.pt,stratified percentile bootstrap over member/non-member records,records,10000,multiseed_factorial,mnist,qnn,qnn,1622,45,43,45,pv+stats,0.05,6,2,linear,crz,eff_su2,1,linear,cx,wrap,200,200,200,eff_su2_r1_d2,1622,False,0.865,0.71,0.155,16,100,False,eff_su2_r1_d2,,0.4675,-0.065,0.275,0.34,inf,5,0.0,0.0,10.0,True,0.0,0.0,20.0,True
MNIST_QNN_eff_su2_r1_d2_s45,max_probability,0.495475,0.43969874999999997,0.551225,10000,200,200,0.005,0=member,reviewer_runs/multiseed_factorial/MNIST_QNN_eff_su2_r1_d2_s45/target_attack_data.pt,stratified percentile bootstrap over member/non-member records,records,10000,multiseed_factorial,mnist,qnn,qnn,1622,45,43,45,pv+stats,0.05,6,2,linear,crz,eff_su2,1,linear,cx,wrap,200,200,200,eff_su2_r1_d2,1622,False,0.865,0.71,0.155,16,100,False,eff_su2_r1_d2,,0.47250000000000003,-0.05499999999999999,0.43,0.485,0.5939944982528687,5,0.055,0.05,10.0,True,0.1,0.1,20.0,True
MNIST_QNN_eff_su2_r1_d6_s43,loss,0.542875,0.485675,0.599225,10000,200,200,0.005,0=member,reviewer_runs/multiseed_factorial/MNIST_QNN_eff_su2_r1_d6_s43/target_attack_data.pt,stratified percentile bootstrap over member/non-member records,records,10000,multiseed_factorial,mnist,qnn,qnn,1646,43,43,43,pv+stats,0.05,6,6,linear,crz,eff_su2,1,linear,cx,wrap,200,200,200,eff_su2_r1_d6,1646,False,0.935,0.75,0.185,16,100,False,eff_su2_r1_d6,,0.49749999999999994,-0.0050000000000000044,0.43,0.435,-0.31670457124710083,5,0.05,0.035,10.0,True,0.13,0.1,20.0,True
MNIST_QNN_eff_su2_r1_d6_s43,entropy,0.519475,0.46249937500000005,0.5776025,10000,200,200,0.005,0=member,reviewer_runs/multiseed_factorial/MNIST_QNN_eff_su2_r1_d6_s43/target_attack_data.pt,stratified percentile bootstrap over member/non-member records,records,10000,multiseed_factorial,mnist,qnn,qnn,1646,43,43,43,pv+stats,0.05,6,6,linear,crz,eff_su2,1,linear,cx,wrap,200,200,200,eff_su2_r1_d6,1646,False,0.935,0.75,0.185,16,100,False,eff_su2_r1_d6,,0.48250000000000004,-0.034999999999999976,0.33,0.365,-0.5679806470870972,5,0.05,0.04,10.0,True,0.12,0.095,20.0,True
MNIST_QNN_eff_su2_r1_d6_s43,confidence,0.51325,0.45659875,0.5692262499999999,10000,200,200,0.005,0=member,reviewer_runs/multiseed_factorial/MNIST_QNN_eff_su2_r1_d6_s43/target_attack_data.pt,stratified percentile bootstrap over member/non-member records,records,10000,multiseed_factorial,mnist,qnn,qnn,1646,43,43,43,pv+stats,0.05,6,6,linear,crz,eff_su2,1,linear,cx,wrap,200,200,200,eff_su2_r1_d6,1646,False,0.935,0.75,0.185,16,100,False,eff_su2_r1_d6,,0.48250000000000004,-0.03500000000000003,0.415,0.45,0.7285459637641907,5,0.05,0.035,10.0,True,0.13,0.1,20.0,True
MNIST_QNN_eff_su2_r1_d6_s43,margin,0.51185,0.454224375,0.566925625,10000,200,200,0.005,0=member,reviewer_runs/multiseed_factorial/MNIST_QNN_eff_su2_r1_d6_s43/target_attack_data.pt,stratified percentile bootstrap over member/non-member records,records,10000,multiseed_factorial,mnist,qnn,qnn,1646,43,43,43,pv+stats,0.05,6,6,linear,crz,eff_su2,1,linear,cx,wrap,200,200,200,eff_su2_r1_d6,1646,False,0.935,0.75,0.185,16,100,False,eff_su2_r1_d6,,0.5,0.0,0.38,0.38,0.5087073445320129,5,0.06,0.05,10.0,True,0.13,0.1,20.0,True
MNIST_QNN_eff_su2_r1_d6_s43,correctness,0.5299999999999999,0.49,0.57,10000,200,200,0.005,0=member,reviewer_runs/multiseed_factorial/MNIST_QNN_eff_su2_r1_d6_s43/target_attack_data.pt,stratified percentile bootstrap over member/non-member records,records,10000,multiseed_factorial,mnist,qnn,qnn,1646,43,43,43,pv+stats,0.05,6,6,linear,crz,eff_su2,1,linear,cx,wrap,200,200,200,eff_su2_r1_d6,1646,False,0.935,0.75,0.185,16,100,False,eff_su2_r1_d6,,0.53,0.05999999999999994,0.825,0.765,1.0,5,0.0,0.0,10.0,True,0.0,0.0,20.0,True
MNIST_QNN_eff_su2_r1_d6_s43,max_probability,0.51325,0.456349375,0.5705262499999999,10000,200,200,0.005,0=member,reviewer_runs/multiseed_factorial/MNIST_QNN_eff_su2_r1_d6_s43/target_attack_data.pt,stratified percentile bootstrap over member/non-member records,records,10000,multiseed_factorial,mnist,qnn,qnn,1646,43,43,43,pv+stats,0.05,6,6,linear,crz,eff_su2,1,linear,cx,wrap,200,200,200,eff_su2_r1_d6,1646,False,0.935,0.75,0.185,16,100,False,eff_su2_r1_d6,,0.48250000000000004,-0.03500000000000003,0.415,0.45,0.7285459637641907,5,0.05,0.035,10.0,True,0.13,0.1,20.0,True
MNIST_QNN_eff_su2_r1_d6_s44,loss,0.532225,0.475349375,0.588600625,10000,200,200,0.005,0=member,reviewer_runs/multiseed_factorial/MNIST_QNN_eff_su2_r1_d6_s44/target_attack_data.pt,stratified percentile bootstrap over member/non-member records,records,10000,multiseed_factorial,mnist,qnn,qnn,1646,44,43,44,pv+stats,0.05,6,6,linear,crz,eff_su2,1,linear,cx,wrap,200,200,200,eff_su2_r1_d6,1646,False,0.935,0.75,0.185,16,100,False,eff_su2_r1_d6,,0.49250000000000005,-0.015000000000000013,0.31,0.325,-0.11927826702594757,5,0.055,0.05,10.0,True,0.105,0.1,20.0,True
MNIST_QNN_eff_su2_r1_d6_s44,entropy,0.504075,0.447775,0.561775625,10000,200,200,0.005,0=member,reviewer_runs/multiseed_factorial/MNIST_QNN_eff_su2_r1_d6_s44/target_attack_data.pt,stratified percentile bootstrap over member/non-member records,records,10000,multiseed_factorial,mnist,qnn,qnn,1646,44,43,44,pv+stats,0.05,6,6,linear,crz,eff_su2,1,linear,cx,wrap,200,200,200,eff_su2_r1_d6,1646,False,0.935,0.75,0.185,16,100,False,eff_su2_r1_d6,,0.5225,0.044999999999999984,0.295,0.25,-0.45094412565231323,5,0.045,0.03,10.0,True,0.105,0.095,20.0,True
MNIST_QNN_eff_su2_r1_d6_s44,confidence,0.5037499999999999,0.44639812500000003,0.5602262499999999,10000,200,200,0.005,0=member,reviewer_runs/multiseed_factorial/MNIST_QNN_eff_su2_r1_d6_s44/target_attack_data.pt,stratified percentile bootstrap over member/non-member records,records,10000,multiseed_factorial,mnist,qnn,qnn,1646,44,43,44,pv+stats,0.05,6,6,linear,crz,eff_su2,1,linear,cx,wrap,200,200,200,eff_su2_r1_d6,1646,False,0.935,0.75,0.185,16,100,False,eff_su2_r1_d6,,0.505,0.009999999999999981,0.24,0.23,0.8888102769851685,5,0.055,0.05,10.0,True,0.105,0.1,20.0,True
MNIST_QNN_eff_su2_r1_d6_s44,margin,0.509275,0.45169875,0.56505,10000,200,200,0.005,0=member,reviewer_runs/multiseed_factorial/MNIST_QNN_eff_su2_r1_d6_s44/target_attack_data.pt,stratified percentile bootstrap over member/non-member records,records,10000,multiseed_factorial,mnist,qnn,qnn,1646,44,43,44,pv+stats,0.05,6,6,linear,crz,eff_su2,1,linear,cx,wrap,200,200,200,eff_su2_r1_d6,1646,False,0.935,0.75,0.185,16,100,False,eff_su2_r1_d6,,0.475,-0.04999999999999999,0.295,0.345,0.8001578450202942,5,0.05,0.05,10.0,True,0.105,0.095,20.0,True
MNIST_QNN_eff_su2_r1_d6_s44,correctness,0.5125,0.4725,0.555,10000,200,200,0.005,0=member,reviewer_runs/multiseed_factorial/MNIST_QNN_eff_su2_r1_d6_s44/target_attack_data.pt,stratified percentile bootstrap over member/non-member records,records,10000,multiseed_factorial,mnist,qnn,qnn,1646,44,43,44,pv+stats,0.05,6,6,linear,crz,eff_su2,1,linear,cx,wrap,200,200,200,eff_su2_r1_d6,1646,False,0.935,0.75,0.185,16,100,False,eff_su2_r1_d6,,0.495,-0.010000000000000009,0.62,0.63,1.0,5,0.0,0.0,10.0,True,0.0,0.0,20.0,True
MNIST_QNN_eff_su2_r1_d6_s44,max_probability,0.5037499999999999,0.4466725,0.5592575,10000,200,200,0.005,0=member,reviewer_runs/multiseed_factorial/MNIST_QNN_eff_su2_r1_d6_s44/target_attack_data.pt,stratified percentile bootstrap over member/non-member records,records,10000,multiseed_factorial,mnist,qnn,qnn,1646,44,43,44,pv+stats,0.05,6,6,linear,crz,eff_su2,1,linear,cx,wrap,200,200,200,eff_su2_r1_d6,1646,False,0.935,0.75,0.185,16,100,False,eff_su2_r1_d6,,0.505,0.009999999999999981,0.24,0.23,0.8888102769851685,5,0.055,0.05,10.0,True,0.105,0.1,20.0,True
MNIST_QNN_eff_su2_r1_d6_s45,loss,0.5342250000000001,0.47814937500000004,0.5911512499999999,10000,200,200,0.005,0=member,reviewer_runs/multiseed_factorial/MNIST_QNN_eff_su2_r1_d6_s45/target_attack_data.pt,stratified percentile bootstrap over member/non-member records,records,10000,multiseed_factorial,mnist,qnn,qnn,1646,45,43,45,pv+stats,0.05,6,6,linear,crz,eff_su2,1,linear,cx,wrap,200,200,200,eff_su2_r1_d6,1646,False,0.935,0.75,0.185,16,100,False,eff_su2_r1_d6,,0.48750000000000004,-0.024999999999999967,0.45,0.475,-0.2532697319984436,5,0.055,0.045,10.0,True,0.115,0.1,20.0,True
MNIST_QNN_eff_su2_r1_d6_s45,entropy,0.511525,0.45607437500000003,0.5678525,10000,200,200,0.005,0=member,reviewer_runs/multiseed_factorial/MNIST_QNN_eff_su2_r1_d6_s45/target_attack_data.pt,stratified percentile bootstrap over member/non-member records,records,10000,multiseed_factorial,mnist,qnn,qnn,1646,45,43,45,pv+stats,0.05,6,6,linear,crz,eff_su2,1,linear,cx,wrap,200,200,200,eff_su2_r1_d6,1646,False,0.935,0.75,0.185,16,100,False,eff_su2_r1_d6,,0.5325,0.065,0.21,0.145,-0.29593345522880554,5,0.055,0.035,10.0,True,0.115,0.1,20.0,True
MNIST_QNN_eff_su2_r1_d6_s45,confidence,0.507775,0.45175,0.5634,10000,200,200,0.005,0=member,reviewer_runs/multiseed_factorial/MNIST_QNN_eff_su2_r1_d6_s45/target_attack_data.pt,stratified percentile bootstrap over member/non-member records,records,10000,multiseed_factorial,mnist,qnn,qnn,1646,45,43,45,pv+stats,0.05,6,6,linear,crz,eff_su2,1,linear,cx,wrap,200,200,200,eff_su2_r1_d6,1646,False,0.935,0.75,0.185,16,100,False,eff_su2_r1_d6,,0.5075000000000001,0.015000000000000013,0.26,0.245,0.9293529391288757,5,0.055,0.045,10.0,True,0.115,0.1,20.0,True
MNIST_QNN_eff_su2_r1_d6_s45,margin,0.5068,0.451048125,0.5634768749999999,10000,200,200,0.005,0=member,reviewer_runs/multiseed_factorial/MNIST_QNN_eff_su2_r1_d6_s45/target_attack_data.pt,stratified percentile bootstrap over member/non-member records,records,10000,multiseed_factorial,mnist,qnn,qnn,1646,45,43,45,pv+stats,0.05,6,6,linear,crz,eff_su2,1,linear,cx,wrap,200,200,200,eff_su2_r1_d6,1646,False,0.935,0.75,0.185,16,100,False,eff_su2_r1_d6,,0.53,0.06,0.185,0.125,0.9092302918434143,5,0.06,0.05,10.0,True,0.12,0.1,20.0,True
MNIST_QNN_eff_su2_r1_d6_s45,correctness,0.5149999999999999,0.475,0.5525,10000,200,200,0.005,0=member,reviewer_runs/multiseed_factorial/MNIST_QNN_eff_su2_r1_d6_s45/target_attack_data.pt,stratified percentile bootstrap over member/non-member records,records,10000,multiseed_factorial,mnist,qnn,qnn,1646,45,43,45,pv+stats,0.05,6,6,linear,crz,eff_su2,1,linear,cx,wrap,200,200,200,eff_su2_r1_d6,1646,False,0.935,0.75,0.185,16,100,False,eff_su2_r1_d6,,0.5,0.0,0.64,0.64,1.0,5,0.0,0.0,10.0,True,0.0,0.0,20.0,True
MNIST_QNN_eff_su2_r1_d6_s45,max_probability,0.507775,0.4506,0.56372625,10000,200,200,0.005,0=member,reviewer_runs/multiseed_factorial/MNIST_QNN_eff_su2_r1_d6_s45/target_attack_data.pt,stratified percentile bootstrap over member/non-member records,records,10000,multiseed_factorial,mnist,qnn,qnn,1646,45,43,45,pv+stats,0.05,6,6,linear,crz,eff_su2,1,linear,cx,wrap,200,200,200,eff_su2_r1_d6,1646,False,0.935,0.75,0.185,16,100,False,eff_su2_r1_d6,,0.5075000000000001,0.015000000000000013,0.26,0.245,0.9293529391288757,5,0.055,0.045,10.0,True,0.115,0.1,20.0,True
MNIST_QNN_eff_su2_r5_d2_s43,loss,0.5684,0.5128225,0.625025,10000,200,200,0.005,0=member,reviewer_runs/multiseed_factorial/MNIST_QNN_eff_su2_r5_d2_s43/target_attack_data.pt,stratified percentile bootstrap over member/non-member records,records,10000,multiseed_factorial,mnist,qnn,qnn,1766,43,43,43,pv+stats,0.05,6,2,linear,crz,eff_su2,5,linear,cx,wrap,200,200,200,eff_su2_r5_d2,1766,False,0.865,0.71,0.155,16,100,False,eff_su2_r5_d2,,0.51,0.020000000000000018,0.55,0.53,-0.13984046876430511,5,0.03,0.05,10.0,True,0.135,0.1,20.0,True
MNIST_QNN_eff_su2_r5_d2_s43,entropy,0.516875,0.46085,0.572325625,10000,200,200,0.005,0=member,reviewer_runs/multiseed_factorial/MNIST_QNN_eff_su2_r5_d2_s43/target_attack_data.pt,stratified percentile bootstrap over member/non-member records,records,10000,multiseed_factorial,mnist,qnn,qnn,1766,43,43,43,pv+stats,0.05,6,2,linear,crz,eff_su2,5,linear,cx,wrap,200,200,200,eff_su2_r5_d2,1766,False,0.865,0.71,0.155,16,100,False,eff_su2_r5_d2,,0.5125,0.024999999999999967,0.47,0.445,-0.39887046813964844,5,0.025,0.04,10.0,True,0.13,0.1,20.0,True
MNIST_QNN_eff_su2_r5_d2_s43,confidence,0.522675,0.46635,0.57672625,10000,200,200,0.005,0=member,reviewer_runs/multiseed_factorial/MNIST_QNN_eff_su2_r5_d2_s43/target_attack_data.pt,stratified percentile bootstrap over member/non-member records,records,10000,multiseed_factorial,mnist,qnn,qnn,1766,43,43,43,pv+stats,0.05,6,2,linear,crz,eff_su2,5,linear,cx,wrap,200,200,200,eff_su2_r5_d2,1766,False,0.865,0.71,0.155,16,100,False,eff_su2_r5_d2,,0.52,0.040000000000000036,0.39,0.35,0.9093153476715088,5,0.025,0.045,10.0,True,0.125,0.1,20.0,True
MNIST_QNN_eff_su2_r5_d2_s43,margin,0.528625,0.4723475,0.58572875,10000,200,200,0.005,0=member,reviewer_runs/multiseed_factorial/MNIST_QNN_eff_su2_r5_d2_s43/target_attack_data.pt,stratified percentile bootstrap over member/non-member records,records,10000,multiseed_factorial,mnist,qnn,qnn,1766,43,43,43,pv+stats,0.05,6,2,linear,crz,eff_su2,5,linear,cx,wrap,200,200,200,eff_su2_r5_d2,1766,False,0.865,0.71,0.155,16,100,False,eff_su2_r5_d2,,0.4875,-0.025000000000000022,0.575,0.6,0.7803508043289185,5,0.03,0.045,10.0,True,0.135,0.1,20.0,True
MNIST_QNN_eff_su2_r5_d2_s43,correctness,0.5499999999999999,0.51,0.59,10000,200,200,0.005,0=member,reviewer_runs/multiseed_factorial/MNIST_QNN_eff_su2_r5_d2_s43/target_attack_data.pt,stratified percentile bootstrap over member/non-member records,records,10000,multiseed_factorial,mnist,qnn,qnn,1766,43,43,43,pv+stats,0.05,6,2,linear,crz,eff_su2,5,linear,cx,wrap,200,200,200,eff_su2_r5_d2,1766,False,0.865,0.71,0.155,16,100,False,eff_su2_r5_d2,,0.55,0.09999999999999998,0.84,0.74,1.0,5,0.0,0.0,10.0,True,0.0,0.0,20.0,True
MNIST_QNN_eff_su2_r5_d2_s43,max_probability,0.522675,0.46567437500000003,0.579700625,10000,200,200,0.005,0=member,reviewer_runs/multiseed_factorial/MNIST_QNN_eff_su2_r5_d2_s43/target_attack_data.pt,stratified percentile bootstrap over member/non-member records,records,10000,multiseed_factorial,mnist,qnn,qnn,1766,43,43,43,pv+stats,0.05,6,2,linear,crz,eff_su2,5,linear,cx,wrap,200,200,200,eff_su2_r5_d2,1766,False,0.865,0.71,0.155,16,100,False,eff_su2_r5_d2,,0.52,0.040000000000000036,0.39,0.35,0.9093153476715088,5,0.025,0.045,10.0,True,0.125,0.1,20.0,True
MNIST_QNN_eff_su2_r5_d2_s44,loss,0.57765,0.521673125,0.634375,10000,200,200,0.005,0=member,reviewer_runs/multiseed_factorial/MNIST_QNN_eff_su2_r5_d2_s44/target_attack_data.pt,stratified percentile bootstrap over member/non-member records,records,10000,multiseed_factorial,mnist,qnn,qnn,1766,44,43,44,pv+stats,0.05,6,2,linear,crz,eff_su2,5,linear,cx,wrap,200,200,200,eff_su2_r5_d2,1766,False,0.865,0.71,0.155,16,100,False,eff_su2_r5_d2,,0.5375,0.07499999999999996,0.695,0.62,-0.5397393703460693,5,0.05,0.04,10.0,True,0.12,0.1,20.0,True
MNIST_QNN_eff_su2_r5_d2_s44,entropy,0.5301750000000001,0.472424375,0.5856268749999999,10000,200,200,0.005,0=member,reviewer_runs/multiseed_factorial/MNIST_QNN_eff_su2_r5_d2_s44/target_attack_data.pt,stratified percentile bootstrap over member/non-member records,records,10000,multiseed_factorial,mnist,qnn,qnn,1766,44,43,44,pv+stats,0.05,6,2,linear,crz,eff_su2,5,linear,cx,wrap,200,200,200,eff_su2_r5_d2,1766,False,0.865,0.71,0.155,16,100,False,eff_su2_r5_d2,,0.515,0.030000000000000027,0.38,0.35,-0.4384869635105133,5,0.05,0.045,10.0,True,0.095,0.1,20.0,True
MNIST_QNN_eff_su2_r5_d2_s44,confidence,0.536825,0.47972375,0.592875,10000,200,200,0.005,0=member,reviewer_runs/multiseed_factorial/MNIST_QNN_eff_su2_r5_d2_s44/target_attack_data.pt,stratified percentile bootstrap over member/non-member records,records,10000,multiseed_factorial,mnist,qnn,qnn,1766,44,43,44,pv+stats,0.05,6,2,linear,crz,eff_su2,5,linear,cx,wrap,200,200,200,eff_su2_r5_d2,1766,False,0.865,0.71,0.155,16,100,False,eff_su2_r5_d2,,0.5275,0.05499999999999999,0.32,0.265,0.9382991194725037,5,0.05,0.045,10.0,True,0.095,0.095,20.0,True
MNIST_QNN_eff_su2_r5_d2_s44,margin,0.5404,0.48414937500000005,0.597950625,10000,200,200,0.005,0=member,reviewer_runs/multiseed_factorial/MNIST_QNN_eff_su2_r5_d2_s44/target_attack_data.pt,stratified percentile bootstrap over member/non-member records,records,10000,multiseed_factorial,mnist,qnn,qnn,1766,44,43,44,pv+stats,0.05,6,2,linear,crz,eff_su2,5,linear,cx,wrap,200,200,200,eff_su2_r5_d2,1766,False,0.865,0.71,0.155,16,100,False,eff_su2_r5_d2,,0.55,0.10000000000000003,0.335,0.235,0.8995918035507202,5,0.055,0.045,10.0,True,0.105,0.1,20.0,True
MNIST_QNN_eff_su2_r5_d2_s44,correctness,0.5525,0.515,0.59,10000,200,200,0.005,0=member,reviewer_runs/multiseed_factorial/MNIST_QNN_eff_su2_r5_d2_s44/target_attack_data.pt,stratified percentile bootstrap over member/non-member records,records,10000,multiseed_factorial,mnist,qnn,qnn,1766,44,43,44,pv+stats,0.05,6,2,linear,crz,eff_su2,5,linear,cx,wrap,200,200,200,eff_su2_r5_d2,1766,False,0.865,0.71,0.155,16,100,False,eff_su2_r5_d2,,0.5525,0.10499999999999998,0.86,0.755,1.0,5,0.0,0.0,10.0,True,0.0,0.0,20.0,True
MNIST_QNN_eff_su2_r5_d2_s44,max_probability,0.536825,0.48097375,0.592875,10000,200,200,0.005,0=member,reviewer_runs/multiseed_factorial/MNIST_QNN_eff_su2_r5_d2_s44/target_attack_data.pt,stratified percentile bootstrap over member/non-member records,records,10000,multiseed_factorial,mnist,qnn,qnn,1766,44,43,44,pv+stats,0.05,6,2,linear,crz,eff_su2,5,linear,cx,wrap,200,200,200,eff_su2_r5_d2,1766,False,0.865,0.71,0.155,16,100,False,eff_su2_r5_d2,,0.5275,0.05499999999999999,0.32,0.265,0.9382991194725037,5,0.05,0.045,10.0,True,0.095,0.095,20.0,True
MNIST_QNN_eff_su2_r5_d2_s45,loss,0.5665250000000001,0.5102225,0.623325,10000,200,200,0.005,0=member,reviewer_runs/multiseed_factorial/MNIST_QNN_eff_su2_r5_d2_s45/target_attack_data.pt,stratified percentile bootstrap over member/non-member records,records,10000,multiseed_factorial,mnist,qnn,qnn,1766,45,43,45,pv+stats,0.05,6,2,linear,crz,eff_su2,5,linear,cx,wrap,200,200,200,eff_su2_r5_d2,1766,False,0.865,0.71,0.155,16,100,False,eff_su2_r5_d2,,0.5675,0.135,0.78,0.645,-0.49264681339263916,5,0.045,0.05,10.0,True,0.08,0.095,20.0,True
MNIST_QNN_eff_su2_r5_d2_s45,entropy,0.5161749999999999,0.459923125,0.571803125,10000,200,200,0.005,0=member,reviewer_runs/multiseed_factorial/MNIST_QNN_eff_su2_r5_d2_s45/target_attack_data.pt,stratified percentile bootstrap over member/non-member records,records,10000,multiseed_factorial,mnist,qnn,qnn,1766,45,43,45,pv+stats,0.05,6,2,linear,crz,eff_su2,5,linear,cx,wrap,200,200,200,eff_su2_r5_d2,1766,False,0.865,0.71,0.155,16,100,False,eff_su2_r5_d2,,0.51,0.020000000000000018,0.655,0.635,-0.8143329620361328,5,0.035,0.03,10.0,True,0.08,0.1,20.0,True
MNIST_QNN_eff_su2_r5_d2_s45,confidence,0.5191250000000001,0.463224375,0.574975,10000,200,200,0.005,0=member,reviewer_runs/multiseed_factorial/MNIST_QNN_eff_su2_r5_d2_s45/target_attack_data.pt,stratified percentile bootstrap over member/non-member records,records,10000,multiseed_factorial,mnist,qnn,qnn,1766,45,43,45,pv+stats,0.05,6,2,linear,crz,eff_su2,5,linear,cx,wrap,200,200,200,eff_su2_r5_d2,1766,False,0.865,0.71,0.155,16,100,False,eff_su2_r5_d2,,0.5175000000000001,0.03500000000000003,0.755,0.72,0.6372212171554565,5,0.035,0.03,10.0,True,0.08,0.1,20.0,True
MNIST_QNN_eff_su2_r5_d2_s45,margin,0.5191749999999999,0.461270625,0.576078125,10000,200,200,0.005,0=member,reviewer_runs/multiseed_factorial/MNIST_QNN_eff_su2_r5_d2_s45/target_attack_data.pt,stratified percentile bootstrap over member/non-member records,records,10000,multiseed_factorial,mnist,qnn,qnn,1766,45,43,45,pv+stats,0.05,6,2,linear,crz,eff_su2,5,linear,cx,wrap,200,200,200,eff_su2_r5_d2,1766,False,0.865,0.71,0.155,16,100,False,eff_su2_r5_d2,,0.5225,0.04500000000000004,0.745,0.7,0.47963765263557434,5,0.045,0.045,10.0,True,0.07,0.1,20.0,True
MNIST_QNN_eff_su2_r5_d2_s45,correctness,0.5825,0.5425,0.6225,10000,200,200,0.005,0=member,reviewer_runs/multiseed_factorial/MNIST_QNN_eff_su2_r5_d2_s45/target_attack_data.pt,stratified percentile bootstrap over member/non-member records,records,10000,multiseed_factorial,mnist,qnn,qnn,1766,45,43,45,pv+stats,0.05,6,2,linear,crz,eff_su2,5,linear,cx,wrap,200,200,200,eff_su2_r5_d2,1766,False,0.865,0.71,0.155,16,100,False,eff_su2_r5_d2,,0.5825,0.16500000000000004,0.875,0.71,1.0,5,0.0,0.0,10.0,True,0.0,0.0,20.0,True
MNIST_QNN_eff_su2_r5_d2_s45,max_probability,0.5191250000000001,0.4614,0.57625,10000,200,200,0.005,0=member,reviewer_runs/multiseed_factorial/MNIST_QNN_eff_su2_r5_d2_s45/target_attack_data.pt,stratified percentile bootstrap over member/non-member records,records,10000,multiseed_factorial,mnist,qnn,qnn,1766,45,43,45,pv+stats,0.05,6,2,linear,crz,eff_su2,5,linear,cx,wrap,200,200,200,eff_su2_r5_d2,1766,False,0.865,0.71,0.155,16,100,False,eff_su2_r5_d2,,0.5175000000000001,0.03500000000000003,0.755,0.72,0.6372212171554565,5,0.035,0.03,10.0,True,0.08,0.1,20.0,True
MNIST_QNN_eff_su2_r5_d6_s43,loss,0.612675,0.557025,0.66705,10000,200,200,0.005,0=member,reviewer_runs/multiseed_factorial/MNIST_QNN_eff_su2_r5_d6_s43/target_attack_data.pt,stratified percentile bootstrap over member/non-member records,records,10000,multiseed_factorial,mnist,qnn,qnn,1790,43,43,43,pv+stats,0.05,6,6,linear,crz,eff_su2,5,linear,cx,wrap,200,200,200,eff_su2_r5_d6,1790,False,0.935,0.75,0.185,16,100,False,eff_su2_r5_d6,,0.6075,0.21499999999999997,0.9,0.685,-0.6228933334350586,5,0.105,0.05,10.0,True,0.155,0.1,20.0,True
MNIST_QNN_eff_su2_r5_d6_s43,entropy,0.563575,0.506499375,0.61890125,10000,200,200,0.005,0=member,reviewer_runs/multiseed_factorial/MNIST_QNN_eff_su2_r5_d6_s43/target_attack_data.pt,stratified percentile bootstrap over member/non-member records,records,10000,multiseed_factorial,mnist,qnn,qnn,1790,43,43,43,pv+stats,0.05,6,6,linear,crz,eff_su2,5,linear,cx,wrap,200,200,200,eff_su2_r5_d6,1790,False,0.935,0.75,0.185,16,100,False,eff_su2_r5_d6,,0.5425,0.08500000000000008,0.68,0.595,-0.4767845869064331,5,0.11,0.05,10.0,True,0.155,0.095,20.0,True
MNIST_QNN_eff_su2_r5_d6_s43,confidence,0.567175,0.510948125,0.623050625,10000,200,200,0.005,0=member,reviewer_runs/multiseed_factorial/MNIST_QNN_eff_su2_r5_d6_s43/target_attack_data.pt,stratified percentile bootstrap over member/non-member records,records,10000,multiseed_factorial,mnist,qnn,qnn,1790,43,43,43,pv+stats,0.05,6,6,linear,crz,eff_su2,5,linear,cx,wrap,200,200,200,eff_su2_r5_d6,1790,False,0.935,0.75,0.185,16,100,False,eff_su2_r5_d6,,0.5475,0.09500000000000008,0.675,0.58,0.8879632353782654,5,0.105,0.05,10.0,True,0.155,0.1,20.0,True
MNIST_QNN_eff_su2_r5_d6_s43,margin,0.5663750000000001,0.5095993750000001,0.622276875,10000,200,200,0.005,0=member,reviewer_runs/multiseed_factorial/MNIST_QNN_eff_su2_r5_d6_s43/target_attack_data.pt,stratified percentile bootstrap over member/non-member records,records,10000,multiseed_factorial,mnist,qnn,qnn,1790,43,43,43,pv+stats,0.05,6,6,linear,crz,eff_su2,5,linear,cx,wrap,200,200,200,eff_su2_r5_d6,1790,False,0.935,0.75,0.185,16,100,False,eff_su2_r5_d6,,0.515,0.030000000000000027,0.685,0.655,0.6768527030944824,5,0.1,0.045,10.0,True,0.145,0.08,20.0,True
MNIST_QNN_eff_su2_r5_d6_s43,correctness,0.6025,0.5725,0.635,10000,200,200,0.005,0=member,reviewer_runs/multiseed_factorial/MNIST_QNN_eff_su2_r5_d6_s43/target_attack_data.pt,stratified percentile bootstrap over member/non-member records,records,10000,multiseed_factorial,mnist,qnn,qnn,1790,43,43,43,pv+stats,0.05,6,6,linear,crz,eff_su2,5,linear,cx,wrap,200,200,200,eff_su2_r5_d6,1790,False,0.935,0.75,0.185,16,100,False,eff_su2_r5_d6,,0.6025,0.20499999999999996,0.975,0.77,1.0,5,0.0,0.0,10.0,True,0.0,0.0,20.0,True
MNIST_QNN_eff_su2_r5_d6_s43,max_probability,0.567175,0.5116487500000001,0.621325625,10000,200,200,0.005,0=member,reviewer_runs/multiseed_factorial/MNIST_QNN_eff_su2_r5_d6_s43/target_attack_data.pt,stratified percentile bootstrap over member/non-member records,records,10000,multiseed_factorial,mnist,qnn,qnn,1790,43,43,43,pv+stats,0.05,6,6,linear,crz,eff_su2,5,linear,cx,wrap,200,200,200,eff_su2_r5_d6,1790,False,0.935,0.75,0.185,16,100,False,eff_su2_r5_d6,,0.5475,0.09500000000000008,0.675,0.58,0.8879632353782654,5,0.105,0.05,10.0,True,0.155,0.1,20.0,True
MNIST_QNN_eff_su2_r5_d6_s44,loss,0.583125,0.526075,0.639475625,10000,200,200,0.005,0=member,reviewer_runs/multiseed_factorial/MNIST_QNN_eff_su2_r5_d6_s44/target_attack_data.pt,stratified percentile bootstrap over member/non-member records,records,10000,multiseed_factorial,mnist,qnn,qnn,1790,44,43,44,pv+stats,0.05,6,6,linear,crz,eff_su2,5,linear,cx,wrap,200,200,200,eff_su2_r5_d6,1790,False,0.935,0.75,0.185,16,100,False,eff_su2_r5_d6,,0.5775,0.15500000000000003,0.76,0.605,-0.28386181592941284,5,0.06,0.05,10.0,True,0.14,0.1,20.0,True
MNIST_QNN_eff_su2_r5_d6_s44,entropy,0.544375,0.4874725,0.602050625,10000,200,200,0.005,0=member,reviewer_runs/multiseed_factorial/MNIST_QNN_eff_su2_r5_d6_s44/target_attack_data.pt,stratified percentile bootstrap over member/non-member records,records,10000,multiseed_factorial,mnist,qnn,qnn,1790,44,43,44,pv+stats,0.05,6,6,linear,crz,eff_su2,5,linear,cx,wrap,200,200,200,eff_su2_r5_d6,1790,False,0.935,0.75,0.185,16,100,False,eff_su2_r5_d6,,0.5525,0.10499999999999998,0.705,0.6,-0.5246633291244507,5,0.06,0.05,10.0,True,0.14,0.1,20.0,True
MNIST_QNN_eff_su2_r5_d6_s44,confidence,0.5463,0.49054749999999997,0.600850625,10000,200,200,0.005,0=member,reviewer_runs/multiseed_factorial/MNIST_QNN_eff_su2_r5_d6_s44/target_attack_data.pt,stratified percentile bootstrap over member/non-member records,records,10000,multiseed_factorial,mnist,qnn,qnn,1790,44,43,44,pv+stats,0.05,6,6,linear,crz,eff_su2,5,linear,cx,wrap,200,200,200,eff_su2_r5_d6,1790,False,0.935,0.75,0.185,16,100,False,eff_su2_r5_d6,,0.54,0.07999999999999996,0.7,0.62,0.8567883968353271,5,0.06,0.05,10.0,True,0.14,0.1,20.0,True
MNIST_QNN_eff_su2_r5_d6_s44,margin,0.5443,0.486425,0.602401875,10000,200,200,0.005,0=member,reviewer_runs/multiseed_factorial/MNIST_QNN_eff_su2_r5_d6_s44/target_attack_data.pt,stratified percentile bootstrap over member/non-member records,records,10000,multiseed_factorial,mnist,qnn,qnn,1790,44,43,44,pv+stats,0.05,6,6,linear,crz,eff_su2,5,linear,cx,wrap,200,200,200,eff_su2_r5_d6,1790,False,0.935,0.75,0.185,16,100,False,eff_su2_r5_d6,,0.5525,0.10499999999999998,0.69,0.585,0.7480853199958801,5,0.055,0.05,10.0,True,0.14,0.1,20.0,True
MNIST_QNN_eff_su2_r5_d6_s44,correctness,0.575,0.5425,0.6075,10000,200,200,0.005,0=member,reviewer_runs/multiseed_factorial/MNIST_QNN_eff_su2_r5_d6_s44/target_attack_data.pt,stratified percentile bootstrap over member/non-member records,records,10000,multiseed_factorial,mnist,qnn,qnn,1790,44,43,44,pv+stats,0.05,6,6,linear,crz,eff_su2,5,linear,cx,wrap,200,200,200,eff_su2_r5_d6,1790,False,0.935,0.75,0.185,16,100,False,eff_su2_r5_d6,,0.575,0.1499999999999999,0.945,0.795,1.0,5,0.0,0.0,10.0,True,0.0,0.0,20.0,True
MNIST_QNN_eff_su2_r5_d6_s44,max_probability,0.5463,0.490074375,0.603475625,10000,200,200,0.005,0=member,reviewer_runs/multiseed_factorial/MNIST_QNN_eff_su2_r5_d6_s44/target_attack_data.pt,stratified percentile bootstrap over member/non-member records,records,10000,multiseed_factorial,mnist,qnn,qnn,1790,44,43,44,pv+stats,0.05,6,6,linear,crz,eff_su2,5,linear,cx,wrap,200,200,200,eff_su2_r5_d6,1790,False,0.935,0.75,0.185,16,100,False,eff_su2_r5_d6,,0.54,0.07999999999999996,0.7,0.62,0.8567883968353271,5,0.06,0.05,10.0,True,0.14,0.1,20.0,True
MNIST_QNN_eff_su2_r5_d6_s45,loss,0.6122,0.556925,0.6658306249999999,10000,200,200,0.005,0=member,reviewer_runs/multiseed_factorial/MNIST_QNN_eff_su2_r5_d6_s45/target_attack_data.pt,stratified percentile bootstrap over member/non-member records,records,10000,multiseed_factorial,mnist,qnn,qnn,1790,45,43,45,pv+stats,0.05,6,6,linear,crz,eff_su2,5,linear,cx,wrap,200,200,200,eff_su2_r5_d6,1790,False,0.935,0.75,0.185,16,100,False,eff_su2_r5_d6,,0.5825,0.16500000000000004,0.775,0.61,-0.1777506172657013,5,0.095,0.05,10.0,True,0.165,0.09,20.0,True
MNIST_QNN_eff_su2_r5_d6_s45,entropy,0.5612250000000001,0.5050737500000001,0.6168256249999999,10000,200,200,0.005,0=member,reviewer_runs/multiseed_factorial/MNIST_QNN_eff_su2_r5_d6_s45/target_attack_data.pt,stratified percentile bootstrap over member/non-member records,records,10000,multiseed_factorial,mnist,qnn,qnn,1790,45,43,45,pv+stats,0.05,6,6,linear,crz,eff_su2,5,linear,cx,wrap,200,200,200,eff_su2_r5_d6,1790,False,0.935,0.75,0.185,16,100,False,eff_su2_r5_d6,,0.5349999999999999,0.07,0.485,0.415,-0.1324211061000824,5,0.09,0.05,10.0,True,0.165,0.095,20.0,True
MNIST_QNN_eff_su2_r5_d6_s45,confidence,0.5642750000000001,0.50765,0.6211556249999999,10000,200,200,0.005,0=member,reviewer_runs/multiseed_factorial/MNIST_QNN_eff_su2_r5_d6_s45/target_attack_data.pt,stratified percentile bootstrap over member/non-member records,records,10000,multiseed_factorial,mnist,qnn,qnn,1790,45,43,45,pv+stats,0.05,6,6,linear,crz,eff_su2,5,linear,cx,wrap,200,200,200,eff_su2_r5_d6,1790,False,0.935,0.75,0.185,16,100,False,eff_su2_r5_d6,,0.5349999999999999,0.06999999999999995,0.475,0.405,0.9748488068580627,5,0.095,0.05,10.0,True,0.165,0.095,20.0,True
MNIST_QNN_eff_su2_r5_d6_s45,margin,0.566325,0.510148125,0.62185,10000,200,200,0.005,0=member,reviewer_runs/multiseed_factorial/MNIST_QNN_eff_su2_r5_d6_s45/target_attack_data.pt,stratified percentile bootstrap over member/non-member records,records,10000,multiseed_factorial,mnist,qnn,qnn,1790,45,43,45,pv+stats,0.05,6,6,linear,crz,eff_su2,5,linear,cx,wrap,200,200,200,eff_su2_r5_d6,1790,False,0.935,0.75,0.185,16,100,False,eff_su2_r5_d6,,0.54,0.08000000000000002,0.5,0.42,0.8123769164085388,5,0.09,0.045,10.0,True,0.16,0.1,20.0,True
MNIST_QNN_eff_su2_r5_d6_s45,correctness,0.595,0.5625,0.6275,10000,200,200,0.005,0=member,reviewer_runs/multiseed_factorial/MNIST_QNN_eff_su2_r5_d6_s45/target_attack_data.pt,stratified percentile bootstrap over member/non-member records,records,10000,multiseed_factorial,mnist,qnn,qnn,1790,45,43,45,pv+stats,0.05,6,6,linear,crz,eff_su2,5,linear,cx,wrap,200,200,200,eff_su2_r5_d6,1790,False,0.935,0.75,0.185,16,100,False,eff_su2_r5_d6,,0.595,0.18999999999999995,0.965,0.775,1.0,5,0.0,0.0,10.0,True,0.0,0.0,20.0,True
MNIST_QNN_eff_su2_r5_d6_s45,max_probability,0.5642750000000001,0.50755,0.620100625,10000,200,200,0.005,0=member,reviewer_runs/multiseed_factorial/MNIST_QNN_eff_su2_r5_d6_s45/target_attack_data.pt,stratified percentile bootstrap over member/non-member records,records,10000,multiseed_factorial,mnist,qnn,qnn,1790,45,43,45,pv+stats,0.05,6,6,linear,crz,eff_su2,5,linear,cx,wrap,200,200,200,eff_su2_r5_d6,1790,False,0.935,0.75,0.185,16,100,False,eff_su2_r5_d6,,0.5349999999999999,0.06999999999999995,0.475,0.405,0.9748488068580627,5,0.095,0.05,10.0,True,0.165,0.095,20.0,True
MNIST_QNN_z_r1_d2_s43,loss,0.5322,0.4772725,0.5883262499999999,10000,200,200,0.005,0=member,reviewer_runs/multiseed_factorial/MNIST_QNN_z_r1_d2_s43/target_attack_data.pt,stratified percentile bootstrap over member/non-member records,records,10000,multiseed_factorial,mnist,qnn,qnn,182,43,43,43,pv+stats,0.05,6,2,linear,crz,z,1,none,none,wrap,200,200,200,z_r1_d2,182,False,0.725,0.595,0.13,16,100,False,z_r1_d2,,0.515,0.029999999999999916,0.825,0.795,-1.3585200309753418,5,0.035,0.035,10.0,True,0.12,0.095,20.0,True
MNIST_QNN_z_r1_d2_s43,entropy,0.48714999999999997,0.43047375,0.5442756249999999,10000,200,200,0.005,0=member,reviewer_runs/multiseed_factorial/MNIST_QNN_z_r1_d2_s43/target_attack_data.pt,stratified percentile bootstrap over member/non-member records,records,10000,multiseed_factorial,mnist,qnn,qnn,182,43,43,43,pv+stats,0.05,6,2,linear,crz,z,1,none,none,wrap,200,200,200,z_r1_d2,182,False,0.725,0.595,0.13,16,100,False,z_r1_d2,,0.5175000000000001,0.035,0.25,0.215,-0.1741628348827362,5,0.035,0.05,10.0,True,0.115,0.1,20.0,True
MNIST_QNN_z_r1_d2_s43,confidence,0.48430000000000006,0.42679937500000004,0.5418025,10000,200,200,0.005,0=member,reviewer_runs/multiseed_factorial/MNIST_QNN_z_r1_d2_s43/target_attack_data.pt,stratified percentile bootstrap over member/non-member records,records,10000,multiseed_factorial,mnist,qnn,qnn,182,43,43,43,pv+stats,0.05,6,2,linear,crz,z,1,none,none,wrap,200,200,200,z_r1_d2,182,False,0.725,0.595,0.13,16,100,False,z_r1_d2,,0.5075000000000001,0.014999999999999958,0.355,0.34,0.9174194931983948,5,0.035,0.035,10.0,True,0.12,0.1,20.0,True
MNIST_QNN_z_r1_d2_s43,margin,0.48540000000000005,0.427948125,0.5430268749999999,10000,200,200,0.005,0=member,reviewer_runs/multiseed_factorial/MNIST_QNN_z_r1_d2_s43/target_attack_data.pt,stratified percentile bootstrap over member/non-member records,records,10000,multiseed_factorial,mnist,qnn,qnn,182,43,43,43,pv+stats,0.05,6,2,linear,crz,z,1,none,none,wrap,200,200,200,z_r1_d2,182,False,0.725,0.595,0.13,16,100,False,z_r1_d2,,0.51,0.020000000000000018,0.325,0.305,0.8434542417526245,5,0.035,0.035,10.0,True,0.12,0.095,20.0,True
MNIST_QNN_z_r1_d2_s43,correctness,0.5125,0.4725,0.5525,10000,200,200,0.005,0=member,reviewer_runs/multiseed_factorial/MNIST_QNN_z_r1_d2_s43/target_attack_data.pt,stratified percentile bootstrap over member/non-member records,records,10000,multiseed_factorial,mnist,qnn,qnn,182,43,43,43,pv+stats,0.05,6,2,linear,crz,z,1,none,none,wrap,200,200,200,z_r1_d2,182,False,0.725,0.595,0.13,16,100,False,z_r1_d2,,0.4975,-0.0050000000000000044,0.635,0.64,1.0,5,0.0,0.0,10.0,True,0.0,0.0,20.0,True
MNIST_QNN_z_r1_d2_s43,max_probability,0.48430000000000006,0.426399375,0.542475625,10000,200,200,0.005,0=member,reviewer_runs/multiseed_factorial/MNIST_QNN_z_r1_d2_s43/target_attack_data.pt,stratified percentile bootstrap over member/non-member records,records,10000,multiseed_factorial,mnist,qnn,qnn,182,43,43,43,pv+stats,0.05,6,2,linear,crz,z,1,none,none,wrap,200,200,200,z_r1_d2,182,False,0.725,0.595,0.13,16,100,False,z_r1_d2,,0.5075000000000001,0.014999999999999958,0.355,0.34,0.9174194931983948,5,0.035,0.035,10.0,True,0.12,0.1,20.0,True
MNIST_QNN_z_r1_d2_s44,loss,0.5311,0.475025,0.5871775,10000,200,200,0.005,0=member,reviewer_runs/multiseed_factorial/MNIST_QNN_z_r1_d2_s44/target_attack_data.pt,stratified percentile bootstrap over member/non-member records,records,10000,multiseed_factorial,mnist,qnn,qnn,182,44,43,44,pv+stats,0.05,6,2,linear,crz,z,1,none,none,wrap,200,200,200,z_r1_d2,182,False,0.725,0.595,0.13,16,100,False,z_r1_d2,,0.5525,0.1050000000000001,0.935,0.83,-1.4321906566619873,5,0.035,0.05,10.0,True,0.12,0.1,20.0,True
MNIST_QNN_z_r1_d2_s44,entropy,0.47887500000000005,0.42177125000000004,0.53510125,10000,200,200,0.005,0=member,reviewer_runs/multiseed_factorial/MNIST_QNN_z_r1_d2_s44/target_attack_data.pt,stratified percentile bootstrap over member/non-member records,records,10000,multiseed_factorial,mnist,qnn,qnn,182,44,43,44,pv+stats,0.05,6,2,linear,crz,z,1,none,none,wrap,200,200,200,z_r1_d2,182,False,0.725,0.595,0.13,16,100,False,z_r1_d2,,0.5,0.0,0.17,0.17,-0.14803656935691833,5,0.04,0.05,10.0,True,0.115,0.095,20.0,True
MNIST_QNN_z_r1_d2_s44,confidence,0.47365,0.417919375,0.530150625,10000,200,200,0.005,0=member,reviewer_runs/multiseed_factorial/MNIST_QNN_z_r1_d2_s44/target_attack_data.pt,stratified percentile bootstrap over member/non-member records,records,10000,multiseed_factorial,mnist,qnn,qnn,182,44,43,44,pv+stats,0.05,6,2,linear,crz,z,1,none,none,wrap,200,200,200,z_r1_d2,182,False,0.725,0.595,0.13,16,100,False,z_r1_d2,,0.4975,-0.004999999999999977,0.17,0.175,0.9702892899513245,5,0.035,0.05,10.0,True,0.12,0.1,20.0,True
MNIST_QNN_z_r1_d2_s44,margin,0.47355,0.41669875,0.529875625,10000,200,200,0.005,0=member,reviewer_runs/multiseed_factorial/MNIST_QNN_z_r1_d2_s44/target_attack_data.pt,stratified percentile bootstrap over member/non-member records,records,10000,multiseed_factorial,mnist,qnn,qnn,182,44,43,44,pv+stats,0.05,6,2,linear,crz,z,1,none,none,wrap,200,200,200,z_r1_d2,182,False,0.725,0.595,0.13,16,100,False,z_r1_d2,,0.495,-0.010000000000000009,0.22,0.23,0.957087516784668,5,0.03,0.04,10.0,True,0.125,0.095,20.0,True
MNIST_QNN_z_r1_d2_s44,correctness,0.525,0.485,0.565,10000,200,200,0.005,0=member,reviewer_runs/multiseed_factorial/MNIST_QNN_z_r1_d2_s44/target_attack_data.pt,stratified percentile bootstrap over member/non-member records,records,10000,multiseed_factorial,mnist,qnn,qnn,182,44,43,44,pv+stats,0.05,6,2,linear,crz,z,1,none,none,wrap,200,200,200,z_r1_d2,182,False,0.725,0.595,0.13,16,100,False,z_r1_d2,,0.525,0.050000000000000044,0.805,0.755,1.0,5,0.0,0.0,10.0,True,0.0,0.0,20.0,True
MNIST_QNN_z_r1_d2_s44,max_probability,0.47365,0.41714937500000004,0.529325625,10000,200,200,0.005,0=member,reviewer_runs/multiseed_factorial/MNIST_QNN_z_r1_d2_s44/target_attack_data.pt,stratified percentile bootstrap over member/non-member records,records,10000,multiseed_factorial,mnist,qnn,qnn,182,44,43,44,pv+stats,0.05,6,2,linear,crz,z,1,none,none,wrap,200,200,200,z_r1_d2,182,False,0.725,0.595,0.13,16,100,False,z_r1_d2,,0.4975,-0.004999999999999977,0.17,0.175,0.9702892899513245,5,0.035,0.05,10.0,True,0.12,0.1,20.0,True
MNIST_QNN_z_r1_d2_s45,loss,0.5604,0.504321875,0.616226875,10000,200,200,0.005,0=member,reviewer_runs/multiseed_factorial/MNIST_QNN_z_r1_d2_s45/target_attack_data.pt,stratified percentile bootstrap over member/non-member records,records,10000,multiseed_factorial,mnist,qnn,qnn,182,45,43,45,pv+stats,0.05,6,2,linear,crz,z,1,none,none,wrap,200,200,200,z_r1_d2,182,False,0.725,0.595,0.13,16,100,False,z_r1_d2,,0.52,0.040000000000000036,0.78,0.74,-0.7910778522491455,5,0.075,0.05,10.0,True,0.135,0.1,20.0,True
MNIST_QNN_z_r1_d2_s45,entropy,0.5018,0.445224375,0.55775,10000,200,200,0.005,0=member,reviewer_runs/multiseed_factorial/MNIST_QNN_z_r1_d2_s45/target_attack_data.pt,stratified percentile bootstrap over member/non-member records,records,10000,multiseed_factorial,mnist,qnn,qnn,182,45,43,45,pv+stats,0.05,6,2,linear,crz,z,1,none,none,wrap,200,200,200,z_r1_d2,182,False,0.725,0.595,0.13,16,100,False,z_r1_d2,,0.5125,0.024999999999999994,0.245,0.22,-0.1776481568813324,5,0.075,0.05,10.0,True,0.145,0.1,20.0,True
MNIST_QNN_z_r1_d2_s45,confidence,0.503,0.446,0.5592275,10000,200,200,0.005,0=member,reviewer_runs/multiseed_factorial/MNIST_QNN_z_r1_d2_s45/target_attack_data.pt,stratified percentile bootstrap over member/non-member records,records,10000,multiseed_factorial,mnist,qnn,qnn,182,45,43,45,pv+stats,0.05,6,2,linear,crz,z,1,none,none,wrap,200,200,200,z_r1_d2,182,False,0.725,0.595,0.13,16,100,False,z_r1_d2,,0.5375000000000001,0.07500000000000001,0.265,0.19,0.9720288515090942,5,0.075,0.05,10.0,True,0.135,0.1,20.0,True
MNIST_QNN_z_r1_d2_s45,margin,0.505275,0.448274375,0.563100625,10000,200,200,0.005,0=member,reviewer_runs/multiseed_factorial/MNIST_QNN_z_r1_d2_s45/target_attack_data.pt,stratified percentile bootstrap over member/non-member records,records,10000,multiseed_factorial,mnist,qnn,qnn,182,45,43,45,pv+stats,0.05,6,2,linear,crz,z,1,none,none,wrap,200,200,200,z_r1_d2,182,False,0.725,0.595,0.13,16,100,False,z_r1_d2,,0.5125,0.024999999999999994,0.25,0.225,0.9450146555900574,5,0.07,0.05,10.0,True,0.13,0.1,20.0,True
MNIST_QNN_z_r1_d2_s45,correctness,0.5525,0.5125,0.5925,10000,200,200,0.005,0=member,reviewer_runs/multiseed_factorial/MNIST_QNN_z_r1_d2_s45/target_attack_data.pt,stratified percentile bootstrap over member/non-member records,records,10000,multiseed_factorial,mnist,qnn,qnn,182,45,43,45,pv+stats,0.05,6,2,linear,crz,z,1,none,none,wrap,200,200,200,z_r1_d2,182,False,0.725,0.595,0.13,16,100,False,z_r1_d2,,0.5525,0.10499999999999998,0.845,0.74,1.0,5,0.0,0.0,10.0,True,0.0,0.0,20.0,True
MNIST_QNN_z_r1_d2_s45,max_probability,0.503,0.44612375,0.5595518749999999,10000,200,200,0.005,0=member,reviewer_runs/multiseed_factorial/MNIST_QNN_z_r1_d2_s45/target_attack_data.pt,stratified percentile bootstrap over member/non-member records,records,10000,multiseed_factorial,mnist,qnn,qnn,182,45,43,45,pv+stats,0.05,6,2,linear,crz,z,1,none,none,wrap,200,200,200,z_r1_d2,182,False,0.725,0.595,0.13,16,100,False,z_r1_d2,,0.5375000000000001,0.07500000000000001,0.265,0.19,0.9720288515090942,5,0.075,0.05,10.0,True,0.135,0.1,20.0,True
MNIST_QNN_z_r1_d6_s43,loss,0.58945,0.532499375,0.6462512499999999,10000,200,200,0.005,0=member,reviewer_runs/multiseed_factorial/MNIST_QNN_z_r1_d6_s43/target_attack_data.pt,stratified percentile bootstrap over member/non-member records,records,10000,multiseed_factorial,mnist,qnn,qnn,206,43,43,43,pv+stats,0.05,6,6,linear,crz,z,1,none,none,wrap,200,200,200,z_r1_d6,206,False,0.83,0.56,0.2699999999999999,16,100,False,z_r1_d6,,0.5875,0.17500000000000004,0.925,0.75,-0.8981299996376038,5,0.085,0.05,10.0,True,0.135,0.1,20.0,True
MNIST_QNN_z_r1_d6_s43,entropy,0.5224500000000001,0.46597374999999996,0.5782768749999999,10000,200,200,0.005,0=member,reviewer_runs/multiseed_factorial/MNIST_QNN_z_r1_d6_s43/target_attack_data.pt,stratified percentile bootstrap over member/non-member records,records,10000,multiseed_factorial,mnist,qnn,qnn,206,43,43,43,pv+stats,0.05,6,6,linear,crz,z,1,none,none,wrap,200,200,200,z_r1_d6,206,False,0.83,0.56,0.2699999999999999,16,100,False,z_r1_d6,,0.52,0.040000000000000036,0.545,0.505,-0.45375382900238037,5,0.085,0.05,10.0,True,0.135,0.1,20.0,True
MNIST_QNN_z_r1_d6_s43,confidence,0.524525,0.468449375,0.58095,10000,200,200,0.005,0=member,reviewer_runs/multiseed_factorial/MNIST_QNN_z_r1_d6_s43/target_attack_data.pt,stratified percentile bootstrap over member/non-member records,records,10000,multiseed_factorial,mnist,qnn,qnn,206,43,43,43,pv+stats,0.05,6,6,linear,crz,z,1,none,none,wrap,200,200,200,z_r1_d6,206,False,0.83,0.56,0.2699999999999999,16,100,False,z_r1_d6,,0.5125,0.025000000000000022,0.54,0.515,0.93463134765625,5,0.085,0.05,10.0,True,0.135,0.1,20.0,True
MNIST_QNN_z_r1_d6_s43,margin,0.525525,0.46909812500000003,0.581675,10000,200,200,0.005,0=member,reviewer_runs/multiseed_factorial/MNIST_QNN_z_r1_d6_s43/target_attack_data.pt,stratified percentile bootstrap over member/non-member records,records,10000,multiseed_factorial,mnist,qnn,qnn,206,43,43,43,pv+stats,0.05,6,6,linear,crz,z,1,none,none,wrap,200,200,200,z_r1_d6,206,False,0.83,0.56,0.2699999999999999,16,100,False,z_r1_d6,,0.5175000000000001,0.03500000000000003,0.55,0.515,0.8871200084686279,5,0.075,0.05,10.0,True,0.14,0.1,20.0,True
MNIST_QNN_z_r1_d6_s43,correctness,0.5925,0.555,0.63,10000,200,200,0.005,0=member,reviewer_runs/multiseed_factorial/MNIST_QNN_z_r1_d6_s43/target_attack_data.pt,stratified percentile bootstrap over member/non-member records,records,10000,multiseed_factorial,mnist,qnn,qnn,206,43,43,43,pv+stats,0.05,6,6,linear,crz,z,1,none,none,wrap,200,200,200,z_r1_d6,206,False,0.83,0.56,0.2699999999999999,16,100,False,z_r1_d6,,0.5925,0.18500000000000005,0.905,0.72,1.0,5,0.0,0.0,10.0,True,0.0,0.0,20.0,True
MNIST_QNN_z_r1_d6_s43,max_probability,0.524525,0.46709812500000003,0.58045125,10000,200,200,0.005,0=member,reviewer_runs/multiseed_factorial/MNIST_QNN_z_r1_d6_s43/target_attack_data.pt,stratified percentile bootstrap over member/non-member records,records,10000,multiseed_factorial,mnist,qnn,qnn,206,43,43,43,pv+stats,0.05,6,6,linear,crz,z,1,none,none,wrap,200,200,200,z_r1_d6,206,False,0.83,0.56,0.2699999999999999,16,100,False,z_r1_d6,,0.5125,0.025000000000000022,0.54,0.515,0.93463134765625,5,0.085,0.05,10.0,True,0.135,0.1,20.0,True
MNIST_QNN_z_r1_d6_s44,loss,0.5909,0.535274375,0.64575125,10000,200,200,0.005,0=member,reviewer_runs/multiseed_factorial/MNIST_QNN_z_r1_d6_s44/target_attack_data.pt,stratified percentile bootstrap over member/non-member records,records,10000,multiseed_factorial,mnist,qnn,qnn,206,44,43,44,pv+stats,0.05,6,6,linear,crz,z,1,none,none,wrap,200,200,200,z_r1_d6,206,False,0.83,0.56,0.2699999999999999,16,100,False,z_r1_d6,,0.5725,0.14500000000000002,0.845,0.7,-0.5922468900680542,5,0.035,0.045,10.0,True,0.145,0.1,20.0,True
MNIST_QNN_z_r1_d6_s44,entropy,0.54035,0.4831,0.595925625,10000,200,200,0.005,0=member,reviewer_runs/multiseed_factorial/MNIST_QNN_z_r1_d6_s44/target_attack_data.pt,stratified percentile bootstrap over member/non-member records,records,10000,multiseed_factorial,mnist,qnn,qnn,206,44,43,44,pv+stats,0.05,6,6,linear,crz,z,1,none,none,wrap,200,200,200,z_r1_d6,206,False,0.83,0.56,0.2699999999999999,16,100,False,z_r1_d6,,0.5125,0.024999999999999967,0.42,0.395,-0.26552700996398926,5,0.04,0.05,10.0,True,0.145,0.1,20.0,True
MNIST_QNN_z_r1_d6_s44,confidence,0.5401000000000001,0.48349375,0.5973025000000001,10000,200,200,0.005,0=member,reviewer_runs/multiseed_factorial/MNIST_QNN_z_r1_d6_s44/target_attack_data.pt,stratified percentile bootstrap over member/non-member records,records,10000,multiseed_factorial,mnist,qnn,qnn,206,44,43,44,pv+stats,0.05,6,6,linear,crz,z,1,none,none,wrap,200,200,200,z_r1_d6,206,False,0.83,0.56,0.2699999999999999,16,100,False,z_r1_d6,,0.525,0.05000000000000002,0.26,0.21,0.9757221341133118,5,0.035,0.045,10.0,True,0.145,0.1,20.0,True
MNIST_QNN_z_r1_d6_s44,margin,0.5422,0.486124375,0.59770375,10000,200,200,0.005,0=member,reviewer_runs/multiseed_factorial/MNIST_QNN_z_r1_d6_s44/target_attack_data.pt,stratified percentile bootstrap over member/non-member records,records,10000,multiseed_factorial,mnist,qnn,qnn,206,44,43,44,pv+stats,0.05,6,6,linear,crz,z,1,none,none,wrap,200,200,200,z_r1_d6,206,False,0.83,0.56,0.2699999999999999,16,100,False,z_r1_d6,,0.515,0.030000000000000027,0.32,0.29,0.9053642153739929,5,0.05,0.05,10.0,True,0.13,0.1,20.0,True
MNIST_QNN_z_r1_d6_s44,correctness,0.58,0.5425,0.6175,10000,200,200,0.005,0=member,reviewer_runs/multiseed_factorial/MNIST_QNN_z_r1_d6_s44/target_attack_data.pt,stratified percentile bootstrap over member/non-member records,records,10000,multiseed_factorial,mnist,qnn,qnn,206,44,43,44,pv+stats,0.05,6,6,linear,crz,z,1,none,none,wrap,200,200,200,z_r1_d6,206,False,0.83,0.56,0.2699999999999999,16,100,False,z_r1_d6,,0.5800000000000001,0.16000000000000003,0.905,0.745,1.0,5,0.0,0.0,10.0,True,0.0,0.0,20.0,True
MNIST_QNN_z_r1_d6_s44,max_probability,0.5401000000000001,0.48205,0.597325,10000,200,200,0.005,0=member,reviewer_runs/multiseed_factorial/MNIST_QNN_z_r1_d6_s44/target_attack_data.pt,stratified percentile bootstrap over member/non-member records,records,10000,multiseed_factorial,mnist,qnn,qnn,206,44,43,44,pv+stats,0.05,6,6,linear,crz,z,1,none,none,wrap,200,200,200,z_r1_d6,206,False,0.83,0.56,0.2699999999999999,16,100,False,z_r1_d6,,0.525,0.05000000000000002,0.26,0.21,0.9757221341133118,5,0.035,0.045,10.0,True,0.145,0.1,20.0,True
MNIST_QNN_z_r1_d6_s45,loss,0.6153500000000001,0.559499375,0.669500625,10000,200,200,0.005,0=member,reviewer_runs/multiseed_factorial/MNIST_QNN_z_r1_d6_s45/target_attack_data.pt,stratified percentile bootstrap over member/non-member records,records,10000,multiseed_factorial,mnist,qnn,qnn,206,45,43,45,pv+stats,0.05,6,6,linear,crz,z,1,none,none,wrap,200,200,200,z_r1_d6,206,False,0.83,0.56,0.2699999999999999,16,100,False,z_r1_d6,,0.5475,0.09499999999999997,0.78,0.685,-0.6191386580467224,5,0.06,0.05,10.0,True,0.18,0.1,20.0,True
MNIST_QNN_z_r1_d6_s45,entropy,0.5672,0.511123125,0.623200625,10000,200,200,0.005,0=member,reviewer_runs/multiseed_factorial/MNIST_QNN_z_r1_d6_s45/target_attack_data.pt,stratified percentile bootstrap over member/non-member records,records,10000,multiseed_factorial,mnist,qnn,qnn,206,45,43,45,pv+stats,0.05,6,6,linear,crz,z,1,none,none,wrap,200,200,200,z_r1_d6,206,False,0.83,0.56,0.2699999999999999,16,100,False,z_r1_d6,,0.54,0.07999999999999996,0.565,0.485,-0.3361223638057709,5,0.065,0.05,10.0,True,0.16,0.085,20.0,True
MNIST_QNN_z_r1_d6_s45,confidence,0.569475,0.512899375,0.6254037499999999,10000,200,200,0.005,0=member,reviewer_runs/multiseed_factorial/MNIST_QNN_z_r1_d6_s45/target_attack_data.pt,stratified percentile bootstrap over member/non-member records,records,10000,multiseed_factorial,mnist,qnn,qnn,206,45,43,45,pv+stats,0.05,6,6,linear,crz,z,1,none,none,wrap,200,200,200,z_r1_d6,206,False,0.83,0.56,0.2699999999999999,16,100,False,z_r1_d6,,0.535,0.07000000000000006,0.54,0.47,0.9116023778915405,5,0.06,0.05,10.0,True,0.18,0.1,20.0,True
MNIST_QNN_z_r1_d6_s45,margin,0.5702750000000001,0.5127987500000001,0.6267262499999999,10000,200,200,0.005,0=member,reviewer_runs/multiseed_factorial/MNIST_QNN_z_r1_d6_s45/target_attack_data.pt,stratified percentile bootstrap over member/non-member records,records,10000,multiseed_factorial,mnist,qnn,qnn,206,45,43,45,pv+stats,0.05,6,6,linear,crz,z,1,none,none,wrap,200,200,200,z_r1_d6,206,False,0.83,0.56,0.2699999999999999,16,100,False,z_r1_d6,,0.5575,0.11499999999999999,0.5,0.385,0.8888259530067444,5,0.06,0.04,10.0,True,0.175,0.09,20.0,True
MNIST_QNN_z_r1_d6_s45,correctness,0.5775,0.5425,0.6125,10000,200,200,0.005,0=member,reviewer_runs/multiseed_factorial/MNIST_QNN_z_r1_d6_s45/target_attack_data.pt,stratified percentile bootstrap over member/non-member records,records,10000,multiseed_factorial,mnist,qnn,qnn,206,45,43,45,pv+stats,0.05,6,6,linear,crz,z,1,none,none,wrap,200,200,200,z_r1_d6,206,False,0.83,0.56,0.2699999999999999,16,100,False,z_r1_d6,,0.5775,0.15500000000000003,0.925,0.77,1.0,5,0.0,0.0,10.0,True,0.0,0.0,20.0,True
MNIST_QNN_z_r1_d6_s45,max_probability,0.569475,0.513173125,0.62532625,10000,200,200,0.005,0=member,reviewer_runs/multiseed_factorial/MNIST_QNN_z_r1_d6_s45/target_attack_data.pt,stratified percentile bootstrap over member/non-member records,records,10000,multiseed_factorial,mnist,qnn,qnn,206,45,43,45,pv+stats,0.05,6,6,linear,crz,z,1,none,none,wrap,200,200,200,z_r1_d6,206,False,0.83,0.56,0.2699999999999999,16,100,False,z_r1_d6,,0.535,0.07000000000000006,0.54,0.47,0.9116023778915405,5,0.06,0.05,10.0,True,0.18,0.1,20.0,True
MNIST_QNN_z_r5_d2_s43,loss,0.6313249999999999,0.575324375,0.6863299999999999,10000,200,200,0.005,0=member,reviewer_runs/multiseed_factorial/MNIST_QNN_z_r5_d2_s43/target_attack_data.pt,stratified percentile bootstrap over member/non-member records,records,10000,multiseed_factorial,mnist,qnn,qnn,326,43,43,43,pv+stats,0.05,6,2,linear,crz,z,5,none,none,wrap,200,200,200,z_r5_d2,326,False,0.59,0.365,0.2249999999999999,16,100,False,z_r5_d2,,0.5875,0.17500000000000004,0.65,0.475,-1.0683650970458984,5,0.1,0.05,10.0,True,0.2,0.1,20.0,True
MNIST_QNN_z_r5_d2_s43,entropy,0.541325,0.48444875,0.5992275,10000,200,200,0.005,0=member,reviewer_runs/multiseed_factorial/MNIST_QNN_z_r5_d2_s43/target_attack_data.pt,stratified percentile bootstrap over member/non-member records,records,10000,multiseed_factorial,mnist,qnn,qnn,326,43,43,43,pv+stats,0.05,6,2,linear,crz,z,5,none,none,wrap,200,200,200,z_r5_d2,326,False,0.59,0.365,0.2249999999999999,16,100,False,z_r5_d2,,0.51,0.019999999999999962,0.48,0.46,-0.9786456823348999,5,0.05,0.05,10.0,True,0.155,0.1,20.0,True
MNIST_QNN_z_r5_d2_s43,confidence,0.5311250000000001,0.47539875,0.586775,10000,200,200,0.005,0=member,reviewer_runs/multiseed_factorial/MNIST_QNN_z_r5_d2_s43/target_attack_data.pt,stratified percentile bootstrap over member/non-member records,records,10000,multiseed_factorial,mnist,qnn,qnn,326,43,43,43,pv+stats,0.05,6,2,linear,crz,z,5,none,none,wrap,200,200,200,z_r5_d2,326,False,0.59,0.365,0.2249999999999999,16,100,False,z_r5_d2,,0.48250000000000004,-0.034999999999999976,0.45,0.485,0.6269310116767883,5,0.055,0.05,10.0,True,0.155,0.1,20.0,True
MNIST_QNN_z_r5_d2_s43,margin,0.52755,0.47104875,0.58407625,10000,200,200,0.005,0=member,reviewer_runs/multiseed_factorial/MNIST_QNN_z_r5_d2_s43/target_attack_data.pt,stratified percentile bootstrap over member/non-member records,records,10000,multiseed_factorial,mnist,qnn,qnn,326,43,43,43,pv+stats,0.05,6,2,linear,crz,z,5,none,none,wrap,200,200,200,z_r5_d2,326,False,0.59,0.365,0.2249999999999999,16,100,False,z_r5_d2,,0.48250000000000004,-0.034999999999999976,0.34,0.375,0.48731380701065063,5,0.045,0.05,10.0,True,0.16,0.1,20.0,True
MNIST_QNN_z_r5_d2_s43,correctness,0.595,0.5475,0.6425,10000,200,200,0.005,0=member,reviewer_runs/multiseed_factorial/MNIST_QNN_z_r5_d2_s43/target_attack_data.pt,stratified percentile bootstrap over member/non-member records,records,10000,multiseed_factorial,mnist,qnn,qnn,326,43,43,43,pv+stats,0.05,6,2,linear,crz,z,5,none,none,wrap,200,200,200,z_r5_d2,326,False,0.59,0.365,0.2249999999999999,16,100,False,z_r5_d2,,0.595,0.19,0.645,0.455,1.0,5,0.0,0.0,10.0,True,0.0,0.0,20.0,True
MNIST_QNN_z_r5_d2_s43,max_probability,0.5311250000000001,0.473799375,0.587775625,10000,200,200,0.005,0=member,reviewer_runs/multiseed_factorial/MNIST_QNN_z_r5_d2_s43/target_attack_data.pt,stratified percentile bootstrap over member/non-member records,records,10000,multiseed_factorial,mnist,qnn,qnn,326,43,43,43,pv+stats,0.05,6,2,linear,crz,z,5,none,none,wrap,200,200,200,z_r5_d2,326,False,0.59,0.365,0.2249999999999999,16,100,False,z_r5_d2,,0.48250000000000004,-0.034999999999999976,0.45,0.485,0.6269310116767883,5,0.055,0.05,10.0,True,0.155,0.1,20.0,True
MNIST_QNN_z_r5_d2_s44,loss,0.6545500000000001,0.599875,0.7069012499999999,10000,200,200,0.005,0=member,reviewer_runs/multiseed_factorial/MNIST_QNN_z_r5_d2_s44/target_attack_data.pt,stratified percentile bootstrap over member/non-member records,records,10000,multiseed_factorial,mnist,qnn,qnn,326,44,43,44,pv+stats,0.05,6,2,linear,crz,z,5,none,none,wrap,200,200,200,z_r5_d2,326,False,0.59,0.365,0.2249999999999999,16,100,False,z_r5_d2,,0.6174999999999999,0.235,0.725,0.49,-1.1528313159942627,5,0.06,0.05,10.0,True,0.145,0.1,20.0,True
MNIST_QNN_z_r5_d2_s44,entropy,0.5353,0.477323125,0.5922006249999999,10000,200,200,0.005,0=member,reviewer_runs/multiseed_factorial/MNIST_QNN_z_r5_d2_s44/target_attack_data.pt,stratified percentile bootstrap over member/non-member records,records,10000,multiseed_factorial,mnist,qnn,qnn,326,44,43,44,pv+stats,0.05,6,2,linear,crz,z,5,none,none,wrap,200,200,200,z_r5_d2,326,False,0.59,0.365,0.2249999999999999,16,100,False,z_r5_d2,,0.52,0.040000000000000036,0.54,0.5,-1.0583540201187134,5,0.035,0.05,10.0,True,0.08,0.1,20.0,True
MNIST_QNN_z_r5_d2_s44,confidence,0.51365,0.45769875,0.57115125,10000,200,200,0.005,0=member,reviewer_runs/multiseed_factorial/MNIST_QNN_z_r5_d2_s44/target_attack_data.pt,stratified percentile bootstrap over member/non-member records,records,10000,multiseed_factorial,mnist,qnn,qnn,326,44,43,44,pv+stats,0.05,6,2,linear,crz,z,5,none,none,wrap,200,200,200,z_r5_d2,326,False,0.59,0.365,0.2249999999999999,16,100,False,z_r5_d2,,0.525,0.04999999999999993,0.82,0.77,0.435794860124588,5,0.04,0.045,10.0,True,0.065,0.09,20.0,True
MNIST_QNN_z_r5_d2_s44,margin,0.494,0.437199375,0.5499525000000001,10000,200,200,0.005,0=member,reviewer_runs/multiseed_factorial/MNIST_QNN_z_r5_d2_s44/target_attack_data.pt,stratified percentile bootstrap over member/non-member records,records,10000,multiseed_factorial,mnist,qnn,qnn,326,44,43,44,pv+stats,0.05,6,2,linear,crz,z,5,none,none,wrap,200,200,200,z_r5_d2,326,False,0.59,0.365,0.2249999999999999,16,100,False,z_r5_d2,,0.51,0.020000000000000018,0.855,0.835,0.0336017906665802,5,0.035,0.05,10.0,True,0.08,0.1,20.0,True
MNIST_QNN_z_r5_d2_s44,correctness,0.6000000000000001,0.5525,0.6475,10000,200,200,0.005,0=member,reviewer_runs/multiseed_factorial/MNIST_QNN_z_r5_d2_s44/target_attack_data.pt,stratified percentile bootstrap over member/non-member records,records,10000,multiseed_factorial,mnist,qnn,qnn,326,44,43,44,pv+stats,0.05,6,2,linear,crz,z,5,none,none,wrap,200,200,200,z_r5_d2,326,False,0.59,0.365,0.2249999999999999,16,100,False,z_r5_d2,,0.6,0.2,0.62,0.42,1.0,5,0.0,0.0,10.0,True,0.0,0.0,20.0,True
MNIST_QNN_z_r5_d2_s44,max_probability,0.51365,0.45679749999999997,0.571275,10000,200,200,0.005,0=member,reviewer_runs/multiseed_factorial/MNIST_QNN_z_r5_d2_s44/target_attack_data.pt,stratified percentile bootstrap over member/non-member records,records,10000,multiseed_factorial,mnist,qnn,qnn,326,44,43,44,pv+stats,0.05,6,2,linear,crz,z,5,none,none,wrap,200,200,200,z_r5_d2,326,False,0.59,0.365,0.2249999999999999,16,100,False,z_r5_d2,,0.525,0.04999999999999993,0.82,0.77,0.435794860124588,5,0.04,0.045,10.0,True,0.065,0.09,20.0,True
MNIST_QNN_z_r5_d2_s45,loss,0.6506500000000001,0.597223125,0.703925625,10000,200,200,0.005,0=member,reviewer_runs/multiseed_factorial/MNIST_QNN_z_r5_d2_s45/target_attack_data.pt,stratified percentile bootstrap over member/non-member records,records,10000,multiseed_factorial,mnist,qnn,qnn,326,45,43,45,pv+stats,0.05,6,2,linear,crz,z,5,none,none,wrap,200,200,200,z_r5_d2,326,False,0.59,0.365,0.2249999999999999,16,100,False,z_r5_d2,,0.6074999999999999,0.21500000000000002,0.63,0.415,-0.8983500003814697,5,0.075,0.05,10.0,True,0.17,0.1,20.0,True
MNIST_QNN_z_r5_d2_s45,entropy,0.5267999999999999,0.469425,0.5838512499999999,10000,200,200,0.005,0=member,reviewer_runs/multiseed_factorial/MNIST_QNN_z_r5_d2_s45/target_attack_data.pt,stratified percentile bootstrap over member/non-member records,records,10000,multiseed_factorial,mnist,qnn,qnn,326,45,43,45,pv+stats,0.05,6,2,linear,crz,z,5,none,none,wrap,200,200,200,z_r5_d2,326,False,0.59,0.365,0.2249999999999999,16,100,False,z_r5_d2,,0.5225,0.044999999999999984,0.48,0.435,-1.0182113647460938,5,0.07,0.025,10.0,True,0.145,0.1,20.0,True
MNIST_QNN_z_r5_d2_s45,confidence,0.5222249999999999,0.466475,0.578425,10000,200,200,0.005,0=member,reviewer_runs/multiseed_factorial/MNIST_QNN_z_r5_d2_s45/target_attack_data.pt,stratified percentile bootstrap over member/non-member records,records,10000,multiseed_factorial,mnist,qnn,qnn,326,45,43,45,pv+stats,0.05,6,2,linear,crz,z,5,none,none,wrap,200,200,200,z_r5_d2,326,False,0.59,0.365,0.2249999999999999,16,100,False,z_r5_d2,,0.49,-0.020000000000000018,0.54,0.56,0.5130510926246643,5,0.07,0.025,10.0,True,0.135,0.09,20.0,True
MNIST_QNN_z_r5_d2_s45,margin,0.518525,0.459725,0.5747,10000,200,200,0.005,0=member,reviewer_runs/multiseed_factorial/MNIST_QNN_z_r5_d2_s45/target_attack_data.pt,stratified percentile bootstrap over member/non-member records,records,10000,multiseed_factorial,mnist,qnn,qnn,326,45,43,45,pv+stats,0.05,6,2,linear,crz,z,5,none,none,wrap,200,200,200,z_r5_d2,326,False,0.59,0.365,0.2249999999999999,16,100,False,z_r5_d2,,0.5175,0.03500000000000003,0.625,0.59,0.22955548763275146,5,0.075,0.05,10.0,True,0.115,0.09,20.0,True
MNIST_QNN_z_r5_d2_s45,correctness,0.6224999999999999,0.575,0.67,10000,200,200,0.005,0=member,reviewer_runs/multiseed_factorial/MNIST_QNN_z_r5_d2_s45/target_attack_data.pt,stratified percentile bootstrap over member/non-member records,records,10000,multiseed_factorial,mnist,qnn,qnn,326,45,43,45,pv+stats,0.05,6,2,linear,crz,z,5,none,none,wrap,200,200,200,z_r5_d2,326,False,0.59,0.365,0.2249999999999999,16,100,False,z_r5_d2,,0.6225,0.245,0.65,0.405,1.0,5,0.0,0.0,10.0,True,0.0,0.0,20.0,True
MNIST_QNN_z_r5_d2_s45,max_probability,0.5222249999999999,0.466245625,0.5796518749999999,10000,200,200,0.005,0=member,reviewer_runs/multiseed_factorial/MNIST_QNN_z_r5_d2_s45/target_attack_data.pt,stratified percentile bootstrap over member/non-member records,records,10000,multiseed_factorial,mnist,qnn,qnn,326,45,43,45,pv+stats,0.05,6,2,linear,crz,z,5,none,none,wrap,200,200,200,z_r5_d2,326,False,0.59,0.365,0.2249999999999999,16,100,False,z_r5_d2,,0.49,-0.020000000000000018,0.54,0.56,0.5130510926246643,5,0.07,0.025,10.0,True,0.135,0.09,20.0,True
MNIST_QNN_z_r5_d6_s43,loss,0.6893499999999999,0.6374225,0.740100625,10000,200,200,0.005,0=member,reviewer_runs/multiseed_factorial/MNIST_QNN_z_r5_d6_s43/target_attack_data.pt,stratified percentile bootstrap over member/non-member records,records,10000,multiseed_factorial,mnist,qnn,qnn,350,43,43,43,pv+stats,0.05,6,6,linear,crz,z,5,none,none,wrap,200,200,200,z_r5_d6,350,False,0.765,0.415,0.35,16,100,False,z_r5_d6,,0.625,0.25,0.81,0.56,-1.4279170036315918,5,0.095,0.05,10.0,True,0.185,0.1,20.0,True
MNIST_QNN_z_r5_d6_s43,entropy,0.51425,0.457299375,0.5706518749999999,10000,200,200,0.005,0=member,reviewer_runs/multiseed_factorial/MNIST_QNN_z_r5_d6_s43/target_attack_data.pt,stratified percentile bootstrap over member/non-member records,records,10000,multiseed_factorial,mnist,qnn,qnn,350,43,43,43,pv+stats,0.05,6,6,linear,crz,z,5,none,none,wrap,200,200,200,z_r5_d6,350,False,0.765,0.415,0.35,16,100,False,z_r5_d6,,0.4925,-0.015000000000000013,0.26,0.275,-0.5863332152366638,5,0.075,0.05,10.0,True,0.145,0.095,20.0,True
MNIST_QNN_z_r5_d6_s43,confidence,0.52575,0.469249375,0.581625,10000,200,200,0.005,0=member,reviewer_runs/multiseed_factorial/MNIST_QNN_z_r5_d6_s43/target_attack_data.pt,stratified percentile bootstrap over member/non-member records,records,10000,multiseed_factorial,mnist,qnn,qnn,350,43,43,43,pv+stats,0.05,6,6,linear,crz,z,5,none,none,wrap,200,200,200,z_r5_d6,350,False,0.765,0.415,0.35,16,100,False,z_r5_d6,,0.5025,0.0050000000000000044,0.43,0.425,0.7688845992088318,5,0.07,0.05,10.0,True,0.14,0.1,20.0,True
MNIST_QNN_z_r5_d6_s43,margin,0.5314749999999999,0.47402374999999997,0.588275625,10000,200,200,0.005,0=member,reviewer_runs/multiseed_factorial/MNIST_QNN_z_r5_d6_s43/target_attack_data.pt,stratified percentile bootstrap over member/non-member records,records,10000,multiseed_factorial,mnist,qnn,qnn,350,43,43,43,pv+stats,0.05,6,6,linear,crz,z,5,none,none,wrap,200,200,200,z_r5_d6,350,False,0.765,0.415,0.35,16,100,False,z_r5_d6,,0.48750000000000004,-0.025000000000000022,0.44,0.465,0.4547424912452698,5,0.08,0.05,10.0,True,0.155,0.1,20.0,True
MNIST_QNN_z_r5_d6_s43,correctness,0.65,0.605,0.695,10000,200,200,0.005,0=member,reviewer_runs/multiseed_factorial/MNIST_QNN_z_r5_d6_s43/target_attack_data.pt,stratified percentile bootstrap over member/non-member records,records,10000,multiseed_factorial,mnist,qnn,qnn,350,43,43,43,pv+stats,0.05,6,6,linear,crz,z,5,none,none,wrap,200,200,200,z_r5_d6,350,False,0.765,0.415,0.35,16,100,False,z_r5_d6,,0.65,0.3,0.745,0.445,1.0,5,0.0,0.0,10.0,True,0.0,0.0,20.0,True
MNIST_QNN_z_r5_d6_s43,max_probability,0.52575,0.46935,0.5815,10000,200,200,0.005,0=member,reviewer_runs/multiseed_factorial/MNIST_QNN_z_r5_d6_s43/target_attack_data.pt,stratified percentile bootstrap over member/non-member records,records,10000,multiseed_factorial,mnist,qnn,qnn,350,43,43,43,pv+stats,0.05,6,6,linear,crz,z,5,none,none,wrap,200,200,200,z_r5_d6,350,False,0.765,0.415,0.35,16,100,False,z_r5_d6,,0.5025,0.0050000000000000044,0.43,0.425,0.7688845992088318,5,0.07,0.05,10.0,True,0.14,0.1,20.0,True
MNIST_QNN_z_r5_d6_s44,loss,0.6708,0.6174487500000001,0.72432625,10000,200,200,0.005,0=member,reviewer_runs/multiseed_factorial/MNIST_QNN_z_r5_d6_s44/target_attack_data.pt,stratified percentile bootstrap over member/non-member records,records,10000,multiseed_factorial,mnist,qnn,qnn,350,44,43,44,pv+stats,0.05,6,6,linear,crz,z,5,none,none,wrap,200,200,200,z_r5_d6,350,False,0.765,0.415,0.35,16,100,False,z_r5_d6,,0.6225,0.24499999999999994,0.7,0.455,-0.8922585844993591,5,0.075,0.05,10.0,True,0.215,0.1,20.0,True
MNIST_QNN_z_r5_d6_s44,entropy,0.53585,0.48124937500000003,0.5931768749999999,10000,200,200,0.005,0=member,reviewer_runs/multiseed_factorial/MNIST_QNN_z_r5_d6_s44/target_attack_data.pt,stratified percentile bootstrap over member/non-member records,records,10000,multiseed_factorial,mnist,qnn,qnn,350,44,43,44,pv+stats,0.05,6,6,linear,crz,z,5,none,none,wrap,200,200,200,z_r5_d6,350,False,0.765,0.415,0.35,16,100,False,z_r5_d6,,0.5125,0.025000000000000022,0.5,0.475,-0.9376651048660278,5,0.075,0.05,10.0,True,0.13,0.1,20.0,True
MNIST_QNN_z_r5_d6_s44,confidence,0.5229,0.465675,0.578425,10000,200,200,0.005,0=member,reviewer_runs/multiseed_factorial/MNIST_QNN_z_r5_d6_s44/target_attack_data.pt,stratified percentile bootstrap over member/non-member records,records,10000,multiseed_factorial,mnist,qnn,qnn,350,44,43,44,pv+stats,0.05,6,6,linear,crz,z,5,none,none,wrap,200,200,200,z_r5_d6,350,False,0.765,0.415,0.35,16,100,False,z_r5_d6,,0.5075000000000001,0.015000000000000013,0.375,0.36,0.7029492259025574,5,0.07,0.05,10.0,True,0.12,0.1,20.0,True
MNIST_QNN_z_r5_d6_s44,margin,0.5178,0.46129875,0.5744756249999999,10000,200,200,0.005,0=member,reviewer_runs/multiseed_factorial/MNIST_QNN_z_r5_d6_s44/target_attack_data.pt,stratified percentile bootstrap over member/non-member records,records,10000,multiseed_factorial,mnist,qnn,qnn,350,44,43,44,pv+stats,0.05,6,6,linear,crz,z,5,none,none,wrap,200,200,200,z_r5_d6,350,False,0.765,0.415,0.35,16,100,False,z_r5_d6,,0.515,0.030000000000000027,0.32,0.29,0.5689745545387268,5,0.06,0.045,10.0,True,0.1,0.1,20.0,True
MNIST_QNN_z_r5_d6_s44,correctness,0.6475000000000001,0.6,0.6925,10000,200,200,0.005,0=member,reviewer_runs/multiseed_factorial/MNIST_QNN_z_r5_d6_s44/target_attack_data.pt,stratified percentile bootstrap over member/non-member records,records,10000,multiseed_factorial,mnist,qnn,qnn,350,44,43,44,pv+stats,0.05,6,6,linear,crz,z,5,none,none,wrap,200,200,200,z_r5_d6,350,False,0.765,0.415,0.35,16,100,False,z_r5_d6,,0.6475,0.295,0.745,0.45,1.0,5,0.0,0.0,10.0,True,0.0,0.0,20.0,True
MNIST_QNN_z_r5_d6_s44,max_probability,0.5229,0.465648125,0.5780012499999999,10000,200,200,0.005,0=member,reviewer_runs/multiseed_factorial/MNIST_QNN_z_r5_d6_s44/target_attack_data.pt,stratified percentile bootstrap over member/non-member records,records,10000,multiseed_factorial,mnist,qnn,qnn,350,44,43,44,pv+stats,0.05,6,6,linear,crz,z,5,none,none,wrap,200,200,200,z_r5_d6,350,False,0.765,0.415,0.35,16,100,False,z_r5_d6,,0.5075000000000001,0.015000000000000013,0.375,0.36,0.7029492259025574,5,0.07,0.05,10.0,True,0.12,0.1,20.0,True
MNIST_QNN_z_r5_d6_s45,loss,0.693125,0.6410231249999999,0.7454268749999999,10000,200,200,0.005,0=member,reviewer_runs/multiseed_factorial/MNIST_QNN_z_r5_d6_s45/target_attack_data.pt,stratified percentile bootstrap over member/non-member records,records,10000,multiseed_factorial,mnist,qnn,qnn,350,45,43,45,pv+stats,0.05,6,6,linear,crz,z,5,none,none,wrap,200,200,200,z_r5_d6,350,False,0.765,0.415,0.35,16,100,False,z_r5_d6,,0.645,0.29000000000000004,0.805,0.515,-1.0552175045013428,5,0.115,0.05,10.0,True,0.185,0.095,20.0,True
MNIST_QNN_z_r5_d6_s45,entropy,0.54355,0.48699375,0.60122625,10000,200,200,0.005,0=member,reviewer_runs/multiseed_factorial/MNIST_QNN_z_r5_d6_s45/target_attack_data.pt,stratified percentile bootstrap over member/non-member records,records,10000,multiseed_factorial,mnist,qnn,qnn,350,45,43,45,pv+stats,0.05,6,6,linear,crz,z,5,none,none,wrap,200,200,200,z_r5_d6,350,False,0.765,0.415,0.35,16,100,False,z_r5_d6,,0.565,0.13,0.485,0.355,-0.8500421047210693,5,0.075,0.05,10.0,True,0.12,0.095,20.0,True
MNIST_QNN_z_r5_d6_s45,confidence,0.52375,0.467445625,0.5815299999999999,10000,200,200,0.005,0=member,reviewer_runs/multiseed_factorial/MNIST_QNN_z_r5_d6_s45/target_attack_data.pt,stratified percentile bootstrap over member/non-member records,records,10000,multiseed_factorial,mnist,qnn,qnn,350,45,43,45,pv+stats,0.05,6,6,linear,crz,z,5,none,none,wrap,200,200,200,z_r5_d6,350,False,0.765,0.415,0.35,16,100,False,z_r5_d6,,0.5375,0.07499999999999996,0.35,0.275,0.7790117263793945,5,0.075,0.05,10.0,True,0.115,0.085,20.0,True
MNIST_QNN_z_r5_d6_s45,margin,0.5099750000000001,0.45342437500000005,0.56667625,10000,200,200,0.005,0=member,reviewer_runs/multiseed_factorial/MNIST_QNN_z_r5_d6_s45/target_attack_data.pt,stratified percentile bootstrap over member/non-member records,records,10000,multiseed_factorial,mnist,qnn,qnn,350,45,43,45,pv+stats,0.05,6,6,linear,crz,z,5,none,none,wrap,200,200,200,z_r5_d6,350,False,0.765,0.415,0.35,16,100,False,z_r5_d6,,0.5275,0.05499999999999999,0.325,0.27,0.6368560791015625,5,0.065,0.045,10.0,True,0.135,0.1,20.0,True
MNIST_QNN_z_r5_d6_s45,correctness,0.65,0.6025,0.695,10000,200,200,0.005,0=member,reviewer_runs/multiseed_factorial/MNIST_QNN_z_r5_d6_s45/target_attack_data.pt,stratified percentile bootstrap over member/non-member records,records,10000,multiseed_factorial,mnist,qnn,qnn,350,45,43,45,pv+stats,0.05,6,6,linear,crz,z,5,none,none,wrap,200,200,200,z_r5_d6,350,False,0.765,0.415,0.35,16,100,False,z_r5_d6,,0.65,0.3,0.74,0.44,1.0,5,0.0,0.0,10.0,True,0.0,0.0,20.0,True
MNIST_QNN_z_r5_d6_s45,max_probability,0.52375,0.46754812500000004,0.580125625,10000,200,200,0.005,0=member,reviewer_runs/multiseed_factorial/MNIST_QNN_z_r5_d6_s45/target_attack_data.pt,stratified percentile bootstrap over member/non-member records,records,10000,multiseed_factorial,mnist,qnn,qnn,350,45,43,45,pv+stats,0.05,6,6,linear,crz,z,5,none,none,wrap,200,200,200,z_r5_d6,350,False,0.765,0.415,0.35,16,100,False,z_r5_d6,,0.5375,0.07499999999999996,0.35,0.275,0.7790117263793945,5,0.075,0.05,10.0,True,0.115,0.085,20.0,True
MNIST_QNN_zz_r1_d2_s43,loss,0.57545,0.518744375,0.63122625,10000,200,200,0.005,0=member,reviewer_runs/multiseed_factorial/MNIST_QNN_zz_r1_d2_s43/target_attack_data.pt,stratified percentile bootstrap over member/non-member records,records,10000,multiseed_factorial,mnist,qnn,qnn,902,43,43,43,pv+stats,0.05,6,2,linear,crz,zz,1,linear,none,wrap,200,200,200,zz_r1_d2,902,False,0.685,0.52,0.165,16,100,False,zz_r1_d2,,0.585,0.17000000000000004,0.925,0.755,-1.2300753593444824,5,0.055,0.05,10.0,True,0.135,0.1,20.0,True
MNIST_QNN_zz_r1_d2_s43,entropy,0.508775,0.45237437500000005,0.565725,10000,200,200,0.005,0=member,reviewer_runs/multiseed_factorial/MNIST_QNN_zz_r1_d2_s43/target_attack_data.pt,stratified percentile bootstrap over member/non-member records,records,10000,multiseed_factorial,mnist,qnn,qnn,902,43,43,43,pv+stats,0.05,6,2,linear,crz,zz,1,linear,none,wrap,200,200,200,zz_r1_d2,902,False,0.685,0.52,0.165,16,100,False,zz_r1_d2,,0.48250000000000004,-0.03500000000000003,0.305,0.34,-0.09079249203205109,5,0.045,0.05,10.0,True,0.145,0.1,20.0,True
MNIST_QNN_zz_r1_d2_s43,confidence,0.5039,0.44679625,0.560975625,10000,200,200,0.005,0=member,reviewer_runs/multiseed_factorial/MNIST_QNN_zz_r1_d2_s43/target_attack_data.pt,stratified percentile bootstrap over member/non-member records,records,10000,multiseed_factorial,mnist,qnn,qnn,902,43,43,43,pv+stats,0.05,6,2,linear,crz,zz,1,linear,none,wrap,200,200,200,zz_r1_d2,902,False,0.685,0.52,0.165,16,100,False,zz_r1_d2,,0.4925,-0.014999999999999958,0.28,0.295,0.9834017753601074,5,0.055,0.05,10.0,True,0.135,0.1,20.0,True
MNIST_QNN_zz_r1_d2_s43,margin,0.503025,0.445073125,0.55925375,10000,200,200,0.005,0=member,reviewer_runs/multiseed_factorial/MNIST_QNN_zz_r1_d2_s43/target_attack_data.pt,stratified percentile bootstrap over member/non-member records,records,10000,multiseed_factorial,mnist,qnn,qnn,902,43,43,43,pv+stats,0.05,6,2,linear,crz,zz,1,linear,none,wrap,200,200,200,zz_r1_d2,902,False,0.685,0.52,0.165,16,100,False,zz_r1_d2,,0.49749999999999994,-0.0050000000000000044,0.3,0.305,0.9679187536239624,5,0.06,0.05,10.0,True,0.12,0.1,20.0,True
MNIST_QNN_zz_r1_d2_s43,correctness,0.5700000000000001,0.53,0.61,10000,200,200,0.005,0=member,reviewer_runs/multiseed_factorial/MNIST_QNN_zz_r1_d2_s43/target_attack_data.pt,stratified percentile bootstrap over member/non-member records,records,10000,multiseed_factorial,mnist,qnn,qnn,902,43,43,43,pv+stats,0.05,6,2,linear,crz,zz,1,linear,none,wrap,200,200,200,zz_r1_d2,902,False,0.685,0.52,0.165,16,100,False,zz_r1_d2,,0.57,0.14,0.85,0.71,1.0,5,0.0,0.0,10.0,True,0.0,0.0,20.0,True
MNIST_QNN_zz_r1_d2_s43,max_probability,0.5039,0.445674375,0.56055,10000,200,200,0.005,0=member,reviewer_runs/multiseed_factorial/MNIST_QNN_zz_r1_d2_s43/target_attack_data.pt,stratified percentile bootstrap over member/non-member records,records,10000,multiseed_factorial,mnist,qnn,qnn,902,43,43,43,pv+stats,0.05,6,2,linear,crz,zz,1,linear,none,wrap,200,200,200,zz_r1_d2,902,False,0.685,0.52,0.165,16,100,False,zz_r1_d2,,0.4925,-0.014999999999999958,0.28,0.295,0.9834017753601074,5,0.055,0.05,10.0,True,0.135,0.1,20.0,True
MNIST_QNN_zz_r1_d2_s44,loss,0.55645,0.5008975,0.6126275,10000,200,200,0.005,0=member,reviewer_runs/multiseed_factorial/MNIST_QNN_zz_r1_d2_s44/target_attack_data.pt,stratified percentile bootstrap over member/non-member records,records,10000,multiseed_factorial,mnist,qnn,qnn,902,44,43,44,pv+stats,0.05,6,2,linear,crz,zz,1,linear,none,wrap,200,200,200,zz_r1_d2,902,False,0.685,0.52,0.165,16,100,False,zz_r1_d2,,0.535,0.06999999999999995,0.745,0.675,-0.4491070508956909,5,0.045,0.05,10.0,True,0.095,0.095,20.0,True
MNIST_QNN_zz_r1_d2_s44,entropy,0.4892,0.43364749999999996,0.54555375,10000,200,200,0.005,0=member,reviewer_runs/multiseed_factorial/MNIST_QNN_zz_r1_d2_s44/target_attack_data.pt,stratified percentile bootstrap over member/non-member records,records,10000,multiseed_factorial,mnist,qnn,qnn,902,44,43,44,pv+stats,0.05,6,2,linear,crz,zz,1,linear,none,wrap,200,200,200,zz_r1_d2,902,False,0.685,0.52,0.165,16,100,False,zz_r1_d2,,0.48250000000000004,-0.03500000000000003,0.52,0.555,-0.7907171249389648,5,0.035,0.05,10.0,True,0.095,0.1,20.0,True
MNIST_QNN_zz_r1_d2_s44,confidence,0.49445,0.436525,0.551625,10000,200,200,0.005,0=member,reviewer_runs/multiseed_factorial/MNIST_QNN_zz_r1_d2_s44/target_attack_data.pt,stratified percentile bootstrap over member/non-member records,records,10000,multiseed_factorial,mnist,qnn,qnn,902,44,43,44,pv+stats,0.05,6,2,linear,crz,zz,1,linear,none,wrap,200,200,200,zz_r1_d2,902,False,0.685,0.52,0.165,16,100,False,zz_r1_d2,,0.475,-0.04999999999999993,0.52,0.57,0.6515347361564636,5,0.045,0.05,10.0,True,0.095,0.095,20.0,True
MNIST_QNN_zz_r1_d2_s44,margin,0.49424999999999997,0.437473125,0.551775,10000,200,200,0.005,0=member,reviewer_runs/multiseed_factorial/MNIST_QNN_zz_r1_d2_s44/target_attack_data.pt,stratified percentile bootstrap over member/non-member records,records,10000,multiseed_factorial,mnist,qnn,qnn,902,44,43,44,pv+stats,0.05,6,2,linear,crz,zz,1,linear,none,wrap,200,200,200,zz_r1_d2,902,False,0.685,0.52,0.165,16,100,False,zz_r1_d2,,0.5075,0.015000000000000013,0.315,0.3,0.9446884393692017,5,0.03,0.045,10.0,True,0.095,0.085,20.0,True
MNIST_QNN_zz_r1_d2_s44,correctness,0.56,0.515,0.6025,10000,200,200,0.005,0=member,reviewer_runs/multiseed_factorial/MNIST_QNN_zz_r1_d2_s44/target_attack_data.pt,stratified percentile bootstrap over member/non-member records,records,10000,multiseed_factorial,mnist,qnn,qnn,902,44,43,44,pv+stats,0.05,6,2,linear,crz,zz,1,linear,none,wrap,200,200,200,zz_r1_d2,902,False,0.685,0.52,0.165,16,100,False,zz_r1_d2,,0.56,0.12,0.79,0.67,1.0,5,0.0,0.0,10.0,True,0.0,0.0,20.0,True
MNIST_QNN_zz_r1_d2_s44,max_probability,0.49445,0.4367975,0.5523756249999999,10000,200,200,0.005,0=member,reviewer_runs/multiseed_factorial/MNIST_QNN_zz_r1_d2_s44/target_attack_data.pt,stratified percentile bootstrap over member/non-member records,records,10000,multiseed_factorial,mnist,qnn,qnn,902,44,43,44,pv+stats,0.05,6,2,linear,crz,zz,1,linear,none,wrap,200,200,200,zz_r1_d2,902,False,0.685,0.52,0.165,16,100,False,zz_r1_d2,,0.475,-0.04999999999999993,0.52,0.57,0.6515347361564636,5,0.045,0.05,10.0,True,0.095,0.095,20.0,True
MNIST_QNN_zz_r1_d2_s45,loss,0.553975,0.49917374999999997,0.6102,10000,200,200,0.005,0=member,reviewer_runs/multiseed_factorial/MNIST_QNN_zz_r1_d2_s45/target_attack_data.pt,stratified percentile bootstrap over member/non-member records,records,10000,multiseed_factorial,mnist,qnn,qnn,902,45,43,45,pv+stats,0.05,6,2,linear,crz,zz,1,linear,none,wrap,200,200,200,zz_r1_d2,902,False,0.685,0.52,0.165,16,100,False,zz_r1_d2,,0.55,0.09999999999999998,0.57,0.47,-0.28541284799575806,5,0.035,0.05,10.0,True,0.105,0.1,20.0,True
MNIST_QNN_zz_r1_d2_s45,entropy,0.495125,0.4381,0.551453125,10000,200,200,0.005,0=member,reviewer_runs/multiseed_factorial/MNIST_QNN_zz_r1_d2_s45/target_attack_data.pt,stratified percentile bootstrap over member/non-member records,records,10000,multiseed_factorial,mnist,qnn,qnn,902,45,43,45,pv+stats,0.05,6,2,linear,crz,zz,1,linear,none,wrap,200,200,200,zz_r1_d2,902,False,0.685,0.52,0.165,16,100,False,zz_r1_d2,,0.48,-0.039999999999999925,0.525,0.565,-0.6056026220321655,5,0.03,0.05,10.0,True,0.1,0.1,20.0,True
MNIST_QNN_zz_r1_d2_s45,confidence,0.506675,0.4498,0.563351875,10000,200,200,0.005,0=member,reviewer_runs/multiseed_factorial/MNIST_QNN_zz_r1_d2_s45/target_attack_data.pt,stratified percentile bootstrap over member/non-member records,records,10000,multiseed_factorial,mnist,qnn,qnn,902,45,43,45,pv+stats,0.05,6,2,linear,crz,zz,1,linear,none,wrap,200,200,200,zz_r1_d2,902,False,0.685,0.52,0.165,16,100,False,zz_r1_d2,,0.49750000000000005,-0.0050000000000000044,0.555,0.56,0.7542034387588501,5,0.035,0.05,10.0,True,0.105,0.1,20.0,True
MNIST_QNN_zz_r1_d2_s45,margin,0.509425,0.453274375,0.5669006249999999,10000,200,200,0.005,0=member,reviewer_runs/multiseed_factorial/MNIST_QNN_zz_r1_d2_s45/target_attack_data.pt,stratified percentile bootstrap over member/non-member records,records,10000,multiseed_factorial,mnist,qnn,qnn,902,45,43,45,pv+stats,0.05,6,2,linear,crz,zz,1,linear,none,wrap,200,200,200,zz_r1_d2,902,False,0.685,0.52,0.165,16,100,False,zz_r1_d2,,0.5225,0.04500000000000004,0.545,0.5,0.5280084609985352,5,0.04,0.05,10.0,True,0.105,0.09,20.0,True
MNIST_QNN_zz_r1_d2_s45,correctness,0.5449999999999999,0.505,0.585,10000,200,200,0.005,0=member,reviewer_runs/multiseed_factorial/MNIST_QNN_zz_r1_d2_s45/target_attack_data.pt,stratified percentile bootstrap over member/non-member records,records,10000,multiseed_factorial,mnist,qnn,qnn,902,45,43,45,pv+stats,0.05,6,2,linear,crz,zz,1,linear,none,wrap,200,200,200,zz_r1_d2,902,False,0.685,0.52,0.165,16,100,False,zz_r1_d2,,0.5449999999999999,0.08999999999999997,0.82,0.73,1.0,5,0.0,0.0,10.0,True,0.0,0.0,20.0,True
MNIST_QNN_zz_r1_d2_s45,max_probability,0.506675,0.44994937500000004,0.564450625,10000,200,200,0.005,0=member,reviewer_runs/multiseed_factorial/MNIST_QNN_zz_r1_d2_s45/target_attack_data.pt,stratified percentile bootstrap over member/non-member records,records,10000,multiseed_factorial,mnist,qnn,qnn,902,45,43,45,pv+stats,0.05,6,2,linear,crz,zz,1,linear,none,wrap,200,200,200,zz_r1_d2,902,False,0.685,0.52,0.165,16,100,False,zz_r1_d2,,0.49750000000000005,-0.0050000000000000044,0.555,0.56,0.7542034387588501,5,0.035,0.05,10.0,True,0.105,0.1,20.0,True
MNIST_QNN_zz_r1_d6_s43,loss,0.606475,0.55122375,0.66135125,10000,200,200,0.005,0=member,reviewer_runs/multiseed_factorial/MNIST_QNN_zz_r1_d6_s43/target_attack_data.pt,stratified percentile bootstrap over member/non-member records,records,10000,multiseed_factorial,mnist,qnn,qnn,926,43,43,43,pv+stats,0.05,6,6,linear,crz,zz,1,linear,none,wrap,200,200,200,zz_r1_d6,926,False,0.83,0.555,0.2749999999999999,16,100,False,zz_r1_d6,,0.5800000000000001,0.16000000000000003,0.88,0.72,-0.7035800814628601,5,0.03,0.045,10.0,True,0.08,0.085,20.0,True
MNIST_QNN_zz_r1_d6_s43,entropy,0.53765,0.48114937500000005,0.5952006249999999,10000,200,200,0.005,0=member,reviewer_runs/multiseed_factorial/MNIST_QNN_zz_r1_d6_s43/target_attack_data.pt,stratified percentile bootstrap over member/non-member records,records,10000,multiseed_factorial,mnist,qnn,qnn,926,43,43,43,pv+stats,0.05,6,6,linear,crz,zz,1,linear,none,wrap,200,200,200,zz_r1_d6,926,False,0.83,0.555,0.2749999999999999,16,100,False,zz_r1_d6,,0.5325,0.065,0.435,0.37,-0.27597084641456604,5,0.03,0.05,10.0,True,0.08,0.095,20.0,True
MNIST_QNN_zz_r1_d6_s43,confidence,0.545975,0.49075,0.603625,10000,200,200,0.005,0=member,reviewer_runs/multiseed_factorial/MNIST_QNN_zz_r1_d6_s43/target_attack_data.pt,stratified percentile bootstrap over member/non-member records,records,10000,multiseed_factorial,mnist,qnn,qnn,926,43,43,43,pv+stats,0.05,6,6,linear,crz,zz,1,linear,none,wrap,200,200,200,zz_r1_d6,926,False,0.83,0.555,0.2749999999999999,16,100,False,zz_r1_d6,,0.5125,0.025000000000000022,0.46,0.435,0.9271572828292847,5,0.03,0.045,10.0,True,0.08,0.09,20.0,True
MNIST_QNN_zz_r1_d6_s43,margin,0.55035,0.4929225,0.6055025,10000,200,200,0.005,0=member,reviewer_runs/multiseed_factorial/MNIST_QNN_zz_r1_d6_s43/target_attack_data.pt,stratified percentile bootstrap over member/non-member records,records,10000,multiseed_factorial,mnist,qnn,qnn,926,43,43,43,pv+stats,0.05,6,6,linear,crz,zz,1,linear,none,wrap,200,200,200,zz_r1_d6,926,False,0.83,0.555,0.2749999999999999,16,100,False,zz_r1_d6,,0.5325,0.065,0.53,0.465,0.7818526029586792,5,0.03,0.045,10.0,True,0.08,0.095,20.0,True
MNIST_QNN_zz_r1_d6_s43,correctness,0.5975,0.5625,0.6325,10000,200,200,0.005,0=member,reviewer_runs/multiseed_factorial/MNIST_QNN_zz_r1_d6_s43/target_attack_data.pt,stratified percentile bootstrap over member/non-member records,records,10000,multiseed_factorial,mnist,qnn,qnn,926,43,43,43,pv+stats,0.05,6,6,linear,crz,zz,1,linear,none,wrap,200,200,200,zz_r1_d6,926,False,0.83,0.555,0.2749999999999999,16,100,False,zz_r1_d6,,0.5975,0.19500000000000006,0.93,0.735,1.0,5,0.0,0.0,10.0,True,0.0,0.0,20.0,True
MNIST_QNN_zz_r1_d6_s43,max_probability,0.545975,0.489421875,0.602900625,10000,200,200,0.005,0=member,reviewer_runs/multiseed_factorial/MNIST_QNN_zz_r1_d6_s43/target_attack_data.pt,stratified percentile bootstrap over member/non-member records,records,10000,multiseed_factorial,mnist,qnn,qnn,926,43,43,43,pv+stats,0.05,6,6,linear,crz,zz,1,linear,none,wrap,200,200,200,zz_r1_d6,926,False,0.83,0.555,0.2749999999999999,16,100,False,zz_r1_d6,,0.5125,0.025000000000000022,0.46,0.435,0.9271572828292847,5,0.03,0.045,10.0,True,0.08,0.09,20.0,True
MNIST_QNN_zz_r1_d6_s44,loss,0.5921500000000001,0.5371231249999999,0.647953125,10000,200,200,0.005,0=member,reviewer_runs/multiseed_factorial/MNIST_QNN_zz_r1_d6_s44/target_attack_data.pt,stratified percentile bootstrap over member/non-member records,records,10000,multiseed_factorial,mnist,qnn,qnn,926,44,43,44,pv+stats,0.05,6,6,linear,crz,zz,1,linear,none,wrap,200,200,200,zz_r1_d6,926,False,0.83,0.555,0.2749999999999999,16,100,False,zz_r1_d6,,0.5975,0.19500000000000006,0.9,0.705,-0.5791810154914856,5,0.045,0.05,10.0,True,0.135,0.095,20.0,True
MNIST_QNN_zz_r1_d6_s44,entropy,0.510975,0.4524725,0.566700625,10000,200,200,0.005,0=member,reviewer_runs/multiseed_factorial/MNIST_QNN_zz_r1_d6_s44/target_attack_data.pt,stratified percentile bootstrap over member/non-member records,records,10000,multiseed_factorial,mnist,qnn,qnn,926,44,43,44,pv+stats,0.05,6,6,linear,crz,zz,1,linear,none,wrap,200,200,200,zz_r1_d6,926,False,0.83,0.555,0.2749999999999999,16,100,False,zz_r1_d6,,0.505,0.010000000000000009,0.43,0.42,-0.4236278831958771,5,0.04,0.05,10.0,True,0.14,0.1,20.0,True
MNIST_QNN_zz_r1_d6_s44,confidence,0.519275,0.46404875,0.575700625,10000,200,200,0.005,0=member,reviewer_runs/multiseed_factorial/MNIST_QNN_zz_r1_d6_s44/target_attack_data.pt,stratified percentile bootstrap over member/non-member records,records,10000,multiseed_factorial,mnist,qnn,qnn,926,44,43,44,pv+stats,0.05,6,6,linear,crz,zz,1,linear,none,wrap,200,200,200,zz_r1_d6,926,False,0.83,0.555,0.2749999999999999,16,100,False,zz_r1_d6,,0.505,0.010000000000000009,0.52,0.51,0.8712710738182068,5,0.045,0.05,10.0,True,0.135,0.095,20.0,True
MNIST_QNN_zz_r1_d6_s44,margin,0.523325,0.4687475,0.579550625,10000,200,200,0.005,0=member,reviewer_runs/multiseed_factorial/MNIST_QNN_zz_r1_d6_s44/target_attack_data.pt,stratified percentile bootstrap over member/non-member records,records,10000,multiseed_factorial,mnist,qnn,qnn,926,44,43,44,pv+stats,0.05,6,6,linear,crz,zz,1,linear,none,wrap,200,200,200,zz_r1_d6,926,False,0.83,0.555,0.2749999999999999,16,100,False,zz_r1_d6,,0.5025,0.0050000000000000044,0.51,0.505,0.72246253490448,5,0.045,0.05,10.0,True,0.15,0.1,20.0,True
MNIST_QNN_zz_r1_d6_s44,correctness,0.5975,0.5625,0.635,10000,200,200,0.005,0=member,reviewer_runs/multiseed_factorial/MNIST_QNN_zz_r1_d6_s44/target_attack_data.pt,stratified percentile bootstrap over member/non-member records,records,10000,multiseed_factorial,mnist,qnn,qnn,926,44,43,44,pv+stats,0.05,6,6,linear,crz,zz,1,linear,none,wrap,200,200,200,zz_r1_d6,926,False,0.83,0.555,0.2749999999999999,16,100,False,zz_r1_d6,,0.5975,0.19500000000000006,0.915,0.72,1.0,5,0.0,0.0,10.0,True,0.0,0.0,20.0,True
MNIST_QNN_zz_r1_d6_s44,max_probability,0.519275,0.46187374999999997,0.5756,10000,200,200,0.005,0=member,reviewer_runs/multiseed_factorial/MNIST_QNN_zz_r1_d6_s44/target_attack_data.pt,stratified percentile bootstrap over member/non-member records,records,10000,multiseed_factorial,mnist,qnn,qnn,926,44,43,44,pv+stats,0.05,6,6,linear,crz,zz,1,linear,none,wrap,200,200,200,zz_r1_d6,926,False,0.83,0.555,0.2749999999999999,16,100,False,zz_r1_d6,,0.505,0.010000000000000009,0.52,0.51,0.8712710738182068,5,0.045,0.05,10.0,True,0.135,0.095,20.0,True
MNIST_QNN_zz_r1_d6_s45,loss,0.6144000000000001,0.556148125,0.668475625,10000,200,200,0.005,0=member,reviewer_runs/multiseed_factorial/MNIST_QNN_zz_r1_d6_s45/target_attack_data.pt,stratified percentile bootstrap over member/non-member records,records,10000,multiseed_factorial,mnist,qnn,qnn,926,45,43,45,pv+stats,0.05,6,6,linear,crz,zz,1,linear,none,wrap,200,200,200,zz_r1_d6,926,False,0.83,0.555,0.2749999999999999,16,100,False,zz_r1_d6,,0.625,0.25,0.87,0.62,-0.4713272452354431,5,0.035,0.035,10.0,True,0.115,0.1,20.0,True
MNIST_QNN_zz_r1_d6_s45,entropy,0.538575,0.480924375,0.5959518749999999,10000,200,200,0.005,0=member,reviewer_runs/multiseed_factorial/MNIST_QNN_zz_r1_d6_s45/target_attack_data.pt,stratified percentile bootstrap over member/non-member records,records,10000,multiseed_factorial,mnist,qnn,qnn,926,45,43,45,pv+stats,0.05,6,6,linear,crz,zz,1,linear,none,wrap,200,200,200,zz_r1_d6,926,False,0.83,0.555,0.2749999999999999,16,100,False,zz_r1_d6,,0.505,0.010000000000000009,0.6,0.59,-0.5068018436431885,5,0.035,0.035,10.0,True,0.12,0.1,20.0,True
MNIST_QNN_zz_r1_d6_s45,confidence,0.54955,0.49287375,0.6066768749999999,10000,200,200,0.005,0=member,reviewer_runs/multiseed_factorial/MNIST_QNN_zz_r1_d6_s45/target_attack_data.pt,stratified percentile bootstrap over member/non-member records,records,10000,multiseed_factorial,mnist,qnn,qnn,926,45,43,45,pv+stats,0.05,6,6,linear,crz,zz,1,linear,none,wrap,200,200,200,zz_r1_d6,926,False,0.83,0.555,0.2749999999999999,16,100,False,zz_r1_d6,,0.515,0.029999999999999916,0.69,0.66,0.6832206845283508,5,0.035,0.035,10.0,True,0.115,0.1,20.0,True
MNIST_QNN_zz_r1_d6_s45,margin,0.5537,0.49694875,0.609528125,10000,200,200,0.005,0=member,reviewer_runs/multiseed_factorial/MNIST_QNN_zz_r1_d6_s45/target_attack_data.pt,stratified percentile bootstrap over member/non-member records,records,10000,multiseed_factorial,mnist,qnn,qnn,926,45,43,45,pv+stats,0.05,6,6,linear,crz,zz,1,linear,none,wrap,200,200,200,zz_r1_d6,926,False,0.83,0.555,0.2749999999999999,16,100,False,zz_r1_d6,,0.52,0.039999999999999925,0.695,0.655,0.6687502861022949,5,0.04,0.045,10.0,True,0.1,0.09,20.0,True
MNIST_QNN_zz_r1_d6_s45,correctness,0.6125,0.5775,0.6475,10000,200,200,0.005,0=member,reviewer_runs/multiseed_factorial/MNIST_QNN_zz_r1_d6_s45/target_attack_data.pt,stratified percentile bootstrap over member/non-member records,records,10000,multiseed_factorial,mnist,qnn,qnn,926,45,43,45,pv+stats,0.05,6,6,linear,crz,zz,1,linear,none,wrap,200,200,200,zz_r1_d6,926,False,0.83,0.555,0.2749999999999999,16,100,False,zz_r1_d6,,0.6125,0.2250000000000001,0.935,0.71,1.0,5,0.0,0.0,10.0,True,0.0,0.0,20.0,True
MNIST_QNN_zz_r1_d6_s45,max_probability,0.54955,0.492573125,0.605625625,10000,200,200,0.005,0=member,reviewer_runs/multiseed_factorial/MNIST_QNN_zz_r1_d6_s45/target_attack_data.pt,stratified percentile bootstrap over member/non-member records,records,10000,multiseed_factorial,mnist,qnn,qnn,926,45,43,45,pv+stats,0.05,6,6,linear,crz,zz,1,linear,none,wrap,200,200,200,zz_r1_d6,926,False,0.83,0.555,0.2749999999999999,16,100,False,zz_r1_d6,,0.515,0.029999999999999916,0.69,0.66,0.6832206845283508,5,0.035,0.035,10.0,True,0.115,0.1,20.0,True
MNIST_QNN_zz_r5_d2_s43,loss,0.5858,0.52934875,0.64115375,10000,200,200,0.005,0=member,reviewer_runs/multiseed_factorial/MNIST_QNN_zz_r5_d2_s43/target_attack_data.pt,stratified percentile bootstrap over member/non-member records,records,10000,multiseed_factorial,mnist,qnn,qnn,1046,43,43,43,pv+stats,0.05,6,2,linear,crz,zz,5,linear,none,wrap,200,200,200,zz_r5_d2,1046,False,0.495,0.35,0.145,16,100,False,zz_r5_d2,,0.5800000000000001,0.16000000000000003,0.635,0.475,-0.7572128772735596,5,0.05,0.05,10.0,True,0.09,0.1,20.0,True
MNIST_QNN_zz_r5_d2_s43,entropy,0.512275,0.455874375,0.5684262499999999,10000,200,200,0.005,0=member,reviewer_runs/multiseed_factorial/MNIST_QNN_zz_r5_d2_s43/target_attack_data.pt,stratified percentile bootstrap over member/non-member records,records,10000,multiseed_factorial,mnist,qnn,qnn,1046,43,43,43,pv+stats,0.05,6,2,linear,crz,zz,5,linear,none,wrap,200,200,200,zz_r5_d2,1046,False,0.495,0.35,0.145,16,100,False,zz_r5_d2,,0.515,0.029999999999999916,0.565,0.535,-0.9566153287887573,5,0.03,0.05,10.0,True,0.06,0.09,20.0,True
MNIST_QNN_zz_r5_d2_s43,confidence,0.506425,0.4481,0.562925625,10000,200,200,0.005,0=member,reviewer_runs/multiseed_factorial/MNIST_QNN_zz_r5_d2_s43/target_attack_data.pt,stratified percentile bootstrap over member/non-member records,records,10000,multiseed_factorial,mnist,qnn,qnn,1046,43,43,43,pv+stats,0.05,6,2,linear,crz,zz,5,linear,none,wrap,200,200,200,zz_r5_d2,1046,False,0.495,0.35,0.145,16,100,False,zz_r5_d2,,0.5,0.0,0.54,0.54,0.6785246133804321,5,0.035,0.05,10.0,True,0.065,0.1,20.0,True
MNIST_QNN_zz_r5_d2_s43,margin,0.49975,0.44472375,0.557328125,10000,200,200,0.005,0=member,reviewer_runs/multiseed_factorial/MNIST_QNN_zz_r5_d2_s43/target_attack_data.pt,stratified percentile bootstrap over member/non-member records,records,10000,multiseed_factorial,mnist,qnn,qnn,1046,43,43,43,pv+stats,0.05,6,2,linear,crz,zz,5,linear,none,wrap,200,200,200,zz_r5_d2,1046,False,0.495,0.35,0.145,16,100,False,zz_r5_d2,,0.5025000000000001,0.0050000000000000044,0.54,0.535,0.431855171918869,5,0.035,0.05,10.0,True,0.07,0.095,20.0,True
MNIST_QNN_zz_r5_d2_s43,correctness,0.605,0.5575,0.65,10000,200,200,0.005,0=member,reviewer_runs/multiseed_factorial/MNIST_QNN_zz_r5_d2_s43/target_attack_data.pt,stratified percentile bootstrap over member/non-member records,records,10000,multiseed_factorial,mnist,qnn,qnn,1046,43,43,43,pv+stats,0.05,6,2,linear,crz,zz,5,linear,none,wrap,200,200,200,zz_r5_d2,1046,False,0.495,0.35,0.145,16,100,False,zz_r5_d2,,0.605,0.20999999999999996,0.72,0.51,1.0,5,0.0,0.0,10.0,True,0.0,0.0,20.0,True
MNIST_QNN_zz_r5_d2_s43,max_probability,0.506425,0.45004875,0.563025625,10000,200,200,0.005,0=member,reviewer_runs/multiseed_factorial/MNIST_QNN_zz_r5_d2_s43/target_attack_data.pt,stratified percentile bootstrap over member/non-member records,records,10000,multiseed_factorial,mnist,qnn,qnn,1046,43,43,43,pv+stats,0.05,6,2,linear,crz,zz,5,linear,none,wrap,200,200,200,zz_r5_d2,1046,False,0.495,0.35,0.145,16,100,False,zz_r5_d2,,0.5,0.0,0.54,0.54,0.6785246133804321,5,0.035,0.05,10.0,True,0.065,0.1,20.0,True
MNIST_QNN_zz_r5_d2_s44,loss,0.588325,0.5325725,0.642275,10000,200,200,0.005,0=member,reviewer_runs/multiseed_factorial/MNIST_QNN_zz_r5_d2_s44/target_attack_data.pt,stratified percentile bootstrap over member/non-member records,records,10000,multiseed_factorial,mnist,qnn,qnn,1046,44,43,44,pv+stats,0.05,6,2,linear,crz,zz,5,linear,none,wrap,200,200,200,zz_r5_d2,1046,False,0.495,0.35,0.145,16,100,False,zz_r5_d2,,0.5625,0.125,0.65,0.525,-0.6736024022102356,5,0.08,0.05,10.0,True,0.125,0.1,20.0,True
MNIST_QNN_zz_r5_d2_s44,entropy,0.4866,0.42937437500000003,0.543526875,10000,200,200,0.005,0=member,reviewer_runs/multiseed_factorial/MNIST_QNN_zz_r5_d2_s44/target_attack_data.pt,stratified percentile bootstrap over member/non-member records,records,10000,multiseed_factorial,mnist,qnn,qnn,1046,44,43,44,pv+stats,0.05,6,2,linear,crz,zz,5,linear,none,wrap,200,200,200,zz_r5_d2,1046,False,0.495,0.35,0.145,16,100,False,zz_r5_d2,,0.5125,0.025000000000000022,0.66,0.635,-1.0038354396820068,5,0.055,0.04,10.0,True,0.095,0.09,20.0,True
MNIST_QNN_zz_r5_d2_s44,confidence,0.472325,0.4171,0.528125,10000,200,200,0.005,0=member,reviewer_runs/multiseed_factorial/MNIST_QNN_zz_r5_d2_s44/target_attack_data.pt,stratified percentile bootstrap over member/non-member records,records,10000,multiseed_factorial,mnist,qnn,qnn,1046,44,43,44,pv+stats,0.05,6,2,linear,crz,zz,5,linear,none,wrap,200,200,200,zz_r5_d2,1046,False,0.495,0.35,0.145,16,100,False,zz_r5_d2,,0.48250000000000004,-0.034999999999999996,0.04,0.075,0.9352393746376038,5,0.06,0.045,10.0,True,0.1,0.1,20.0,True
MNIST_QNN_zz_r5_d2_s44,margin,0.46887500000000004,0.41224500000000003,0.525075,10000,200,200,0.005,0=member,reviewer_runs/multiseed_factorial/MNIST_QNN_zz_r5_d2_s44/target_attack_data.pt,stratified percentile bootstrap over member/non-member records,records,10000,multiseed_factorial,mnist,qnn,qnn,1046,44,43,44,pv+stats,0.05,6,2,linear,crz,zz,5,linear,none,wrap,200,200,200,zz_r5_d2,1046,False,0.495,0.35,0.145,16,100,False,zz_r5_d2,,0.49,-0.020000000000000018,0.41,0.43,0.5928425192832947,5,0.06,0.05,10.0,True,0.085,0.1,20.0,True
MNIST_QNN_zz_r5_d2_s44,correctness,0.58,0.5325,0.6275,10000,200,200,0.005,0=member,reviewer_runs/multiseed_factorial/MNIST_QNN_zz_r5_d2_s44/target_attack_data.pt,stratified percentile bootstrap over member/non-member records,records,10000,multiseed_factorial,mnist,qnn,qnn,1046,44,43,44,pv+stats,0.05,6,2,linear,crz,zz,5,linear,none,wrap,200,200,200,zz_r5_d2,1046,False,0.495,0.35,0.145,16,100,False,zz_r5_d2,,0.58,0.15999999999999992,0.69,0.53,1.0,5,0.0,0.0,10.0,True,0.0,0.0,20.0,True
MNIST_QNN_zz_r5_d2_s44,max_probability,0.472325,0.41567312500000003,0.5294512499999999,10000,200,200,0.005,0=member,reviewer_runs/multiseed_factorial/MNIST_QNN_zz_r5_d2_s44/target_attack_data.pt,stratified percentile bootstrap over member/non-member records,records,10000,multiseed_factorial,mnist,qnn,qnn,1046,44,43,44,pv+stats,0.05,6,2,linear,crz,zz,5,linear,none,wrap,200,200,200,zz_r5_d2,1046,False,0.495,0.35,0.145,16,100,False,zz_r5_d2,,0.48250000000000004,-0.034999999999999996,0.04,0.075,0.9352393746376038,5,0.06,0.045,10.0,True,0.1,0.1,20.0,True
MNIST_QNN_zz_r5_d2_s45,loss,0.6299250000000001,0.575225,0.6833525,10000,200,200,0.005,0=member,reviewer_runs/multiseed_factorial/MNIST_QNN_zz_r5_d2_s45/target_attack_data.pt,stratified percentile bootstrap over member/non-member records,records,10000,multiseed_factorial,mnist,qnn,qnn,1046,45,43,45,pv+stats,0.05,6,2,linear,crz,zz,5,linear,none,wrap,200,200,200,zz_r5_d2,1046,False,0.495,0.35,0.145,16,100,False,zz_r5_d2,,0.615,0.23000000000000004,0.52,0.29,-0.43738818168640137,5,0.095,0.045,10.0,True,0.245,0.1,20.0,True
MNIST_QNN_zz_r5_d2_s45,entropy,0.5425,0.485395625,0.59955,10000,200,200,0.005,0=member,reviewer_runs/multiseed_factorial/MNIST_QNN_zz_r5_d2_s45/target_attack_data.pt,stratified percentile bootstrap over member/non-member records,records,10000,multiseed_factorial,mnist,qnn,qnn,1046,45,43,45,pv+stats,0.05,6,2,linear,crz,zz,5,linear,none,wrap,200,200,200,zz_r5_d2,1046,False,0.495,0.35,0.145,16,100,False,zz_r5_d2,,0.5225,0.044999999999999984,0.35,0.305,-0.6719895601272583,5,0.07,0.05,10.0,True,0.115,0.1,20.0,True
MNIST_QNN_zz_r5_d2_s45,confidence,0.5584,0.5007,0.616050625,10000,200,200,0.005,0=member,reviewer_runs/multiseed_factorial/MNIST_QNN_zz_r5_d2_s45/target_attack_data.pt,stratified percentile bootstrap over member/non-member records,records,10000,multiseed_factorial,mnist,qnn,qnn,1046,45,43,45,pv+stats,0.05,6,2,linear,crz,zz,5,linear,none,wrap,200,200,200,zz_r5_d2,1046,False,0.495,0.35,0.145,16,100,False,zz_r5_d2,,0.575,0.14999999999999997,0.6,0.45,0.6457207202911377,5,0.07,0.05,10.0,True,0.135,0.1,20.0,True
MNIST_QNN_zz_r5_d2_s45,margin,0.5624,0.50625,0.6182037499999999,10000,200,200,0.005,0=member,reviewer_runs/multiseed_factorial/MNIST_QNN_zz_r5_d2_s45/target_attack_data.pt,stratified percentile bootstrap over member/non-member records,records,10000,multiseed_factorial,mnist,qnn,qnn,1046,45,43,45,pv+stats,0.05,6,2,linear,crz,zz,5,linear,none,wrap,200,200,200,zz_r5_d2,1046,False,0.495,0.35,0.145,16,100,False,zz_r5_d2,,0.545,0.09000000000000002,0.555,0.465,0.40217357873916626,5,0.065,0.05,10.0,True,0.14,0.095,20.0,True
MNIST_QNN_zz_r5_d2_s45,correctness,0.59,0.5425,0.635,10000,200,200,0.005,0=member,reviewer_runs/multiseed_factorial/MNIST_QNN_zz_r5_d2_s45/target_attack_data.pt,stratified percentile bootstrap over member/non-member records,records,10000,multiseed_factorial,mnist,qnn,qnn,1046,45,43,45,pv+stats,0.05,6,2,linear,crz,zz,5,linear,none,wrap,200,200,200,zz_r5_d2,1046,False,0.495,0.35,0.145,16,100,False,zz_r5_d2,,0.59,0.17999999999999994,0.7,0.52,1.0,5,0.0,0.0,10.0,True,0.0,0.0,20.0,True
MNIST_QNN_zz_r5_d2_s45,max_probability,0.5584,0.5013475,0.61380125,10000,200,200,0.005,0=member,reviewer_runs/multiseed_factorial/MNIST_QNN_zz_r5_d2_s45/target_attack_data.pt,stratified percentile bootstrap over member/non-member records,records,10000,multiseed_factorial,mnist,qnn,qnn,1046,45,43,45,pv+stats,0.05,6,2,linear,crz,zz,5,linear,none,wrap,200,200,200,zz_r5_d2,1046,False,0.495,0.35,0.145,16,100,False,zz_r5_d2,,0.575,0.14999999999999997,0.6,0.45,0.6457207202911377,5,0.07,0.05,10.0,True,0.135,0.1,20.0,True
MNIST_QNN_zz_r5_d6_s43,loss,0.66115,0.6054493750000001,0.714675,10000,200,200,0.005,0=member,reviewer_runs/multiseed_factorial/MNIST_QNN_zz_r5_d6_s43/target_attack_data.pt,stratified percentile bootstrap over member/non-member records,records,10000,multiseed_factorial,mnist,qnn,qnn,1070,43,43,43,pv+stats,0.05,6,6,linear,crz,zz,5,linear,none,wrap,200,200,200,zz_r5_d6,1070,False,0.765,0.34,0.425,16,100,False,zz_r5_d6,,0.6675,0.33499999999999996,0.865,0.53,-0.9342772960662842,5,0.035,0.05,10.0,True,0.06,0.095,20.0,True
MNIST_QNN_zz_r5_d6_s43,entropy,0.498125,0.44194937500000003,0.55485,10000,200,200,0.005,0=member,reviewer_runs/multiseed_factorial/MNIST_QNN_zz_r5_d6_s43/target_attack_data.pt,stratified percentile bootstrap over member/non-member records,records,10000,multiseed_factorial,mnist,qnn,qnn,1070,43,43,43,pv+stats,0.05,6,6,linear,crz,zz,5,linear,none,wrap,200,200,200,zz_r5_d6,1070,False,0.765,0.34,0.425,16,100,False,zz_r5_d6,,0.5125,0.025000000000000022,0.88,0.855,-1.1632485389709473,5,0.03,0.05,10.0,True,0.045,0.09,20.0,True
MNIST_QNN_zz_r5_d6_s43,confidence,0.501225,0.444525,0.558750625,10000,200,200,0.005,0=member,reviewer_runs/multiseed_factorial/MNIST_QNN_zz_r5_d6_s43/target_attack_data.pt,stratified percentile bootstrap over member/non-member records,records,10000,multiseed_factorial,mnist,qnn,qnn,1070,43,43,43,pv+stats,0.05,6,6,linear,crz,zz,5,linear,none,wrap,200,200,200,zz_r5_d6,1070,False,0.765,0.34,0.425,16,100,False,zz_r5_d6,,0.5075000000000001,0.015000000000000013,0.81,0.795,0.4373013377189636,5,0.03,0.05,10.0,True,0.05,0.09,20.0,True
MNIST_QNN_zz_r5_d6_s43,margin,0.50365,0.44614375,0.5604025,10000,200,200,0.005,0=member,reviewer_runs/multiseed_factorial/MNIST_QNN_zz_r5_d6_s43/target_attack_data.pt,stratified percentile bootstrap over member/non-member records,records,10000,multiseed_factorial,mnist,qnn,qnn,1070,43,43,43,pv+stats,0.05,6,6,linear,crz,zz,5,linear,none,wrap,200,200,200,zz_r5_d6,1070,False,0.765,0.34,0.425,16,100,False,zz_r5_d6,,0.515,0.030000000000000027,0.6,0.57,0.5805065035820007,5,0.01,0.025,10.0,True,0.05,0.07,20.0,True
MNIST_QNN_zz_r5_d6_s43,correctness,0.6675,0.625,0.71,10000,200,200,0.005,0=member,reviewer_runs/multiseed_factorial/MNIST_QNN_zz_r5_d6_s43/target_attack_data.pt,stratified percentile bootstrap over member/non-member records,records,10000,multiseed_factorial,mnist,qnn,qnn,1070,43,43,43,pv+stats,0.05,6,6,linear,crz,zz,5,linear,none,wrap,200,200,200,zz_r5_d6,1070,False,0.765,0.34,0.425,16,100,False,zz_r5_d6,,0.6675,0.33499999999999996,0.855,0.52,1.0,5,0.0,0.0,10.0,True,0.0,0.0,20.0,True
MNIST_QNN_zz_r5_d6_s43,max_probability,0.501225,0.44399937500000003,0.5574525,10000,200,200,0.005,0=member,reviewer_runs/multiseed_factorial/MNIST_QNN_zz_r5_d6_s43/target_attack_data.pt,stratified percentile bootstrap over member/non-member records,records,10000,multiseed_factorial,mnist,qnn,qnn,1070,43,43,43,pv+stats,0.05,6,6,linear,crz,zz,5,linear,none,wrap,200,200,200,zz_r5_d6,1070,False,0.765,0.34,0.425,16,100,False,zz_r5_d6,,0.5075000000000001,0.015000000000000013,0.81,0.795,0.4373013377189636,5,0.03,0.05,10.0,True,0.05,0.09,20.0,True
MNIST_QNN_zz_r5_d6_s44,loss,0.6779750000000001,0.6241237500000001,0.7302512499999999,10000,200,200,0.005,0=member,reviewer_runs/multiseed_factorial/MNIST_QNN_zz_r5_d6_s44/target_attack_data.pt,stratified percentile bootstrap over member/non-member records,records,10000,multiseed_factorial,mnist,qnn,qnn,1070,44,43,44,pv+stats,0.05,6,6,linear,crz,zz,5,linear,none,wrap,200,200,200,zz_r5_d6,1070,False,0.765,0.34,0.425,16,100,False,zz_r5_d6,,0.6575,0.315,0.775,0.46,-0.5430607795715332,5,0.04,0.045,10.0,True,0.155,0.1,20.0,True
MNIST_QNN_zz_r5_d6_s44,entropy,0.514575,0.458249375,0.5702768749999999,10000,200,200,0.005,0=member,reviewer_runs/multiseed_factorial/MNIST_QNN_zz_r5_d6_s44/target_attack_data.pt,stratified percentile bootstrap over member/non-member records,records,10000,multiseed_factorial,mnist,qnn,qnn,1070,44,43,44,pv+stats,0.05,6,6,linear,crz,zz,5,linear,none,wrap,200,200,200,zz_r5_d6,1070,False,0.765,0.34,0.425,16,100,False,zz_r5_d6,,0.5225,0.04500000000000004,0.8,0.755,-0.9484665393829346,5,0.04,0.045,10.0,True,0.085,0.095,20.0,True
MNIST_QNN_zz_r5_d6_s44,confidence,0.524375,0.468475,0.581451875,10000,200,200,0.005,0=member,reviewer_runs/multiseed_factorial/MNIST_QNN_zz_r5_d6_s44/target_attack_data.pt,stratified percentile bootstrap over member/non-member records,records,10000,multiseed_factorial,mnist,qnn,qnn,1070,44,43,44,pv+stats,0.05,6,6,linear,crz,zz,5,linear,none,wrap,200,200,200,zz_r5_d6,1070,False,0.765,0.34,0.425,16,100,False,zz_r5_d6,,0.5375000000000001,0.07500000000000007,0.81,0.735,0.5809673070907593,5,0.04,0.05,10.0,True,0.085,0.1,20.0,True
MNIST_QNN_zz_r5_d6_s44,margin,0.52905,0.47264812500000003,0.5861018749999999,10000,200,200,0.005,0=member,reviewer_runs/multiseed_factorial/MNIST_QNN_zz_r5_d6_s44/target_attack_data.pt,stratified percentile bootstrap over member/non-member records,records,10000,multiseed_factorial,mnist,qnn,qnn,1070,44,43,44,pv+stats,0.05,6,6,linear,crz,zz,5,linear,none,wrap,200,200,200,zz_r5_d6,1070,False,0.765,0.34,0.425,16,100,False,zz_r5_d6,,0.5375,0.07499999999999996,0.825,0.75,0.31423428654670715,5,0.035,0.035,10.0,True,0.075,0.1,20.0,True
MNIST_QNN_zz_r5_d6_s44,correctness,0.6625,0.6224375000000001,0.7025,10000,200,200,0.005,0=member,reviewer_runs/multiseed_factorial/MNIST_QNN_zz_r5_d6_s44/target_attack_data.pt,stratified percentile bootstrap over member/non-member records,records,10000,multiseed_factorial,mnist,qnn,qnn,1070,44,43,44,pv+stats,0.05,6,6,linear,crz,zz,5,linear,none,wrap,200,200,200,zz_r5_d6,1070,False,0.765,0.34,0.425,16,100,False,zz_r5_d6,,0.6625,0.32499999999999996,0.875,0.55,1.0,5,0.0,0.0,10.0,True,0.0,0.0,20.0,True
MNIST_QNN_zz_r5_d6_s44,max_probability,0.524375,0.46762437500000004,0.58030125,10000,200,200,0.005,0=member,reviewer_runs/multiseed_factorial/MNIST_QNN_zz_r5_d6_s44/target_attack_data.pt,stratified percentile bootstrap over member/non-member records,records,10000,multiseed_factorial,mnist,qnn,qnn,1070,44,43,44,pv+stats,0.05,6,6,linear,crz,zz,5,linear,none,wrap,200,200,200,zz_r5_d6,1070,False,0.765,0.34,0.425,16,100,False,zz_r5_d6,,0.5375000000000001,0.07500000000000007,0.81,0.735,0.5809673070907593,5,0.04,0.05,10.0,True,0.085,0.1,20.0,True
MNIST_QNN_zz_r5_d6_s45,loss,0.6978500000000001,0.644469375,0.750275625,10000,200,200,0.005,0=member,reviewer_runs/multiseed_factorial/MNIST_QNN_zz_r5_d6_s45/target_attack_data.pt,stratified percentile bootstrap over member/non-member records,records,10000,multiseed_factorial,mnist,qnn,qnn,1070,45,43,45,pv+stats,0.05,6,6,linear,crz,zz,5,linear,none,wrap,200,200,200,zz_r5_d6,1070,False,0.765,0.34,0.425,16,100,False,zz_r5_d6,,0.6825,0.365,0.88,0.515,-0.6735758781433105,5,0.06,0.045,10.0,True,0.12,0.095,20.0,True
MNIST_QNN_zz_r5_d6_s45,entropy,0.541875,0.48569875,0.598500625,10000,200,200,0.005,0=member,reviewer_runs/multiseed_factorial/MNIST_QNN_zz_r5_d6_s45/target_attack_data.pt,stratified percentile bootstrap over member/non-member records,records,10000,multiseed_factorial,mnist,qnn,qnn,1070,45,43,45,pv+stats,0.05,6,6,linear,crz,zz,5,linear,none,wrap,200,200,200,zz_r5_d6,1070,False,0.765,0.34,0.425,16,100,False,zz_r5_d6,,0.5325,0.06500000000000006,0.65,0.585,-0.7704849243164062,5,0.06,0.05,10.0,True,0.115,0.1,20.0,True
MNIST_QNN_zz_r5_d6_s45,confidence,0.540375,0.48375,0.597400625,10000,200,200,0.005,0=member,reviewer_runs/multiseed_factorial/MNIST_QNN_zz_r5_d6_s45/target_attack_data.pt,stratified percentile bootstrap over member/non-member records,records,10000,multiseed_factorial,mnist,qnn,qnn,1070,45,43,45,pv+stats,0.05,6,6,linear,crz,zz,5,linear,none,wrap,200,200,200,zz_r5_d6,1070,False,0.765,0.34,0.425,16,100,False,zz_r5_d6,,0.5375,0.07499999999999996,0.605,0.53,0.7542099952697754,5,0.06,0.05,10.0,True,0.12,0.1,20.0,True
MNIST_QNN_zz_r5_d6_s45,margin,0.539425,0.482421875,0.5955262499999999,10000,200,200,0.005,0=member,reviewer_runs/multiseed_factorial/MNIST_QNN_zz_r5_d6_s45/target_attack_data.pt,stratified percentile bootstrap over member/non-member records,records,10000,multiseed_factorial,mnist,qnn,qnn,1070,45,43,45,pv+stats,0.05,6,6,linear,crz,zz,5,linear,none,wrap,200,200,200,zz_r5_d6,1070,False,0.765,0.34,0.425,16,100,False,zz_r5_d6,,0.5375,0.07499999999999996,0.595,0.52,0.5849999785423279,5,0.055,0.05,10.0,True,0.115,0.095,20.0,True
MNIST_QNN_zz_r5_d6_s45,correctness,0.6950000000000001,0.655,0.735,10000,200,200,0.005,0=member,reviewer_runs/multiseed_factorial/MNIST_QNN_zz_r5_d6_s45/target_attack_data.pt,stratified percentile bootstrap over member/non-member records,records,10000,multiseed_factorial,mnist,qnn,qnn,1070,45,43,45,pv+stats,0.05,6,6,linear,crz,zz,5,linear,none,wrap,200,200,200,zz_r5_d6,1070,False,0.765,0.34,0.425,16,100,False,zz_r5_d6,,0.6950000000000001,0.39,0.935,0.545,1.0,5,0.0,0.0,10.0,True,0.0,0.0,20.0,True
MNIST_QNN_zz_r5_d6_s45,max_probability,0.540375,0.4833475,0.598000625,10000,200,200,0.005,0=member,reviewer_runs/multiseed_factorial/MNIST_QNN_zz_r5_d6_s45/target_attack_data.pt,stratified percentile bootstrap over member/non-member records,records,10000,multiseed_factorial,mnist,qnn,qnn,1070,45,43,45,pv+stats,0.05,6,6,linear,crz,zz,5,linear,none,wrap,200,200,200,zz_r5_d6,1070,False,0.765,0.34,0.425,16,100,False,zz_r5_d6,,0.5375,0.07499999999999996,0.605,0.53,0.7542099952697754,5,0.06,0.05,10.0,True,0.12,0.1,20.0,True
