target_id,structural_cell_id,fm_kind,reps,depth,model_seed,data_seed,mode,queries,shots,total_shots_per_target_record,simulator_seed,attack,auc,auc_record_ci95_low,auc_record_ci95_high,valid_record_bootstrap_replicates,tpr_at_0_05_fpr,attained_fpr_for_0_05,tpr_at_0_10_fpr,attained_fpr_for_0_10,n_member,n_nonmember,num_reference_models,reference_calibration_circuit_shots,reference_execution_reused,reference_cache,target_attack_circuit_shots,calibration_timestamp,backend_name,snapshot_manifest_sha256,sample_score_file,balanced_accuracy_crossfit,membership_advantage_crossfit,crossfit_tpr,crossfit_fpr,threshold_median,threshold_folds
MNIST_QNN_eff_su2_r5_d2_p7_s143,eff_su2_r5_d2,eff_su2,5,2,143,143,noisy_shot,1,128,128,0,lira_online,0.492806,0.4675898,0.52061355,200,0.054,0.048,0.108,0.1,1000,1000,16,4096000,False,/home/najeeb/chanLira/channel_lira_results/phase7/stage2_primary/noisy_lira/reference_cache/eff_su2_r5_d2_wd0_428a825264448b6c7b20.npz,256000,2026-08-21T21:16:41+08:00,ibm_kingston,7af4abc6763339615cc42bd00fafb532e3c44a31c14bc574c88456a496136a2f,/home/najeeb/chanLira/channel_lira_results/phase7/stage2_primary/noisy_lira/sample_scores/MNIST_QNN_eff_su2_r5_d2_p7_s143_noisy_shot_sim0.npz,0.491,-0.018,0.421,0.439,-0.2532796026108355,5
MNIST_QNN_eff_su2_r5_d2_p7_s143,eff_su2_r5_d2,eff_su2,5,2,143,143,noisy_shot,1,128,128,0,lira_online_fixed_variance,0.499822,0.47692265,0.523494775,200,0.053,0.05,0.098,0.099,1000,1000,16,4096000,False,/home/najeeb/chanLira/channel_lira_results/phase7/stage2_primary/noisy_lira/reference_cache/eff_su2_r5_d2_wd0_428a825264448b6c7b20.npz,256000,2026-08-21T21:16:41+08:00,ibm_kingston,7af4abc6763339615cc42bd00fafb532e3c44a31c14bc574c88456a496136a2f,/home/najeeb/chanLira/channel_lira_results/phase7/stage2_primary/noisy_lira/sample_scores/MNIST_QNN_eff_su2_r5_d2_p7_s143_noisy_shot_sim0.npz,0.488,-0.024,0.608,0.632,-0.1384356249500022,5
MNIST_QNN_eff_su2_r5_d2_p7_s143,eff_su2_r5_d2,eff_su2,5,2,143,143,noisy_shot,1,128,128,0,lira_offline,0.505316,0.48294135,0.531958275,200,0.047,0.049,0.091,0.099,1000,1000,16,4096000,False,/home/najeeb/chanLira/channel_lira_results/phase7/stage2_primary/noisy_lira/reference_cache/eff_su2_r5_d2_wd0_428a825264448b6c7b20.npz,256000,2026-08-21T21:16:41+08:00,ibm_kingston,7af4abc6763339615cc42bd00fafb532e3c44a31c14bc574c88456a496136a2f,/home/najeeb/chanLira/channel_lira_results/phase7/stage2_primary/noisy_lira/sample_scores/MNIST_QNN_eff_su2_r5_d2_p7_s143_noisy_shot_sim0.npz,0.498,-0.004,0.609,0.613,2.054252504040193,5
MNIST_QNN_eff_su2_r5_d2_p7_s143,eff_su2_r5_d2,eff_su2,5,2,143,143,noisy_shot,1,128,128,0,lira_offline_fixed_variance,0.501329,0.477398625,0.525774375,200,0.044,0.05,0.09,0.099,1000,1000,16,4096000,False,/home/najeeb/chanLira/channel_lira_results/phase7/stage2_primary/noisy_lira/reference_cache/eff_su2_r5_d2_wd0_428a825264448b6c7b20.npz,256000,2026-08-21T21:16:41+08:00,ibm_kingston,7af4abc6763339615cc42bd00fafb532e3c44a31c14bc574c88456a496136a2f,/home/najeeb/chanLira/channel_lira_results/phase7/stage2_primary/noisy_lira/sample_scores/MNIST_QNN_eff_su2_r5_d2_p7_s143_noisy_shot_sim0.npz,0.5005,0.001,0.5,0.499,2.070591223430706,5
MNIST_QNN_eff_su2_r5_d2_p7_s143,eff_su2_r5_d2,eff_su2,5,2,143,143,noisy_shot,1,128,128,0,global_true_class_log_odds,0.543977,0.520556425,0.569085375,200,0.07,0.048,0.118,0.096,1000,1000,16,4096000,False,/home/najeeb/chanLira/channel_lira_results/phase7/stage2_primary/noisy_lira/reference_cache/eff_su2_r5_d2_wd0_428a825264448b6c7b20.npz,256000,2026-08-21T21:16:41+08:00,ibm_kingston,7af4abc6763339615cc42bd00fafb532e3c44a31c14bc574c88456a496136a2f,/home/najeeb/chanLira/channel_lira_results/phase7/stage2_primary/noisy_lira/sample_scores/MNIST_QNN_eff_su2_r5_d2_p7_s143_noisy_shot_sim0.npz,0.5375,0.0749999999999999,0.59,0.515,0.6249574127216966,5
MNIST_QNN_eff_su2_r5_d2_p7_s143,eff_su2_r5_d2,eff_su2,5,2,143,143,noisy_shot,1,128,128,1,lira_online,0.485737,0.45830165,0.5098743,200,0.051,0.048,0.097,0.1,1000,1000,16,4096000,False,/home/najeeb/chanLira/channel_lira_results/phase7/stage2_primary/noisy_lira/reference_cache/eff_su2_r5_d2_wd0_428a825264448b6c7b20.npz,256000,2026-08-21T21:16:41+08:00,ibm_kingston,7af4abc6763339615cc42bd00fafb532e3c44a31c14bc574c88456a496136a2f,/home/najeeb/chanLira/channel_lira_results/phase7/stage2_primary/noisy_lira/sample_scores/MNIST_QNN_eff_su2_r5_d2_p7_s143_noisy_shot_sim1.npz,0.4845,-0.031,0.764,0.795,-1.0717576539953453,5
MNIST_QNN_eff_su2_r5_d2_p7_s143,eff_su2_r5_d2,eff_su2,5,2,143,143,noisy_shot,1,128,128,1,lira_online_fixed_variance,0.4864579999999999,0.4631364249999999,0.50953555,200,0.052,0.049,0.094,0.1,1000,1000,16,4096000,False,/home/najeeb/chanLira/channel_lira_results/phase7/stage2_primary/noisy_lira/reference_cache/eff_su2_r5_d2_wd0_428a825264448b6c7b20.npz,256000,2026-08-21T21:16:41+08:00,ibm_kingston,7af4abc6763339615cc42bd00fafb532e3c44a31c14bc574c88456a496136a2f,/home/najeeb/chanLira/channel_lira_results/phase7/stage2_primary/noisy_lira/sample_scores/MNIST_QNN_eff_su2_r5_d2_p7_s143_noisy_shot_sim1.npz,0.488,-0.024,0.718,0.742,-1.3973086459157384,5
MNIST_QNN_eff_su2_r5_d2_p7_s143,eff_su2_r5_d2,eff_su2,5,2,143,143,noisy_shot,1,128,128,1,lira_offline,0.477839,0.455909625,0.500181625,200,0.048,0.049,0.091,0.099,1000,1000,16,4096000,False,/home/najeeb/chanLira/channel_lira_results/phase7/stage2_primary/noisy_lira/reference_cache/eff_su2_r5_d2_wd0_428a825264448b6c7b20.npz,256000,2026-08-21T21:16:41+08:00,ibm_kingston,7af4abc6763339615cc42bd00fafb532e3c44a31c14bc574c88456a496136a2f,/home/najeeb/chanLira/channel_lira_results/phase7/stage2_primary/noisy_lira/sample_scores/MNIST_QNN_eff_su2_r5_d2_p7_s143_noisy_shot_sim1.npz,0.4815,-0.037,0.691,0.728,1.412842478398402,5
MNIST_QNN_eff_su2_r5_d2_p7_s143,eff_su2_r5_d2,eff_su2,5,2,143,143,noisy_shot,1,128,128,1,lira_offline_fixed_variance,0.483189,0.458894325,0.5061827750000001,200,0.042,0.049,0.092,0.1,1000,1000,16,4096000,False,/home/najeeb/chanLira/channel_lira_results/phase7/stage2_primary/noisy_lira/reference_cache/eff_su2_r5_d2_wd0_428a825264448b6c7b20.npz,256000,2026-08-21T21:16:41+08:00,ibm_kingston,7af4abc6763339615cc42bd00fafb532e3c44a31c14bc574c88456a496136a2f,/home/najeeb/chanLira/channel_lira_results/phase7/stage2_primary/noisy_lira/sample_scores/MNIST_QNN_eff_su2_r5_d2_p7_s143_noisy_shot_sim1.npz,0.4755,-0.0489999999999999,0.42,0.469,1.9232946629303,5
MNIST_QNN_eff_su2_r5_d2_p7_s143,eff_su2_r5_d2,eff_su2,5,2,143,143,noisy_shot,1,128,128,1,global_true_class_log_odds,0.517678,0.4896310749999999,0.54001545,200,0.048,0.05,0.108,0.1,1000,1000,16,4096000,False,/home/najeeb/chanLira/channel_lira_results/phase7/stage2_primary/noisy_lira/reference_cache/eff_su2_r5_d2_wd0_428a825264448b6c7b20.npz,256000,2026-08-21T21:16:41+08:00,ibm_kingston,7af4abc6763339615cc42bd00fafb532e3c44a31c14bc574c88456a496136a2f,/home/najeeb/chanLira/channel_lira_results/phase7/stage2_primary/noisy_lira/sample_scores/MNIST_QNN_eff_su2_r5_d2_p7_s143_noisy_shot_sim1.npz,0.5055000000000001,0.011,0.46,0.449,2.6086612767666417,5
MNIST_QNN_eff_su2_r5_d2_p7_s143,eff_su2_r5_d2,eff_su2,5,2,143,143,noisy_shot,1,128,128,2,lira_online,0.50322,0.478963875,0.5344346999999999,200,0.039,0.05,0.103,0.1,1000,1000,16,4096000,False,/home/najeeb/chanLira/channel_lira_results/phase7/stage2_primary/noisy_lira/reference_cache/eff_su2_r5_d2_wd0_428a825264448b6c7b20.npz,256000,2026-08-21T21:16:41+08:00,ibm_kingston,7af4abc6763339615cc42bd00fafb532e3c44a31c14bc574c88456a496136a2f,/home/najeeb/chanLira/channel_lira_results/phase7/stage2_primary/noisy_lira/sample_scores/MNIST_QNN_eff_su2_r5_d2_p7_s143_noisy_shot_sim2.npz,0.491,-0.018,0.53,0.548,-0.176082792617747,5
MNIST_QNN_eff_su2_r5_d2_p7_s143,eff_su2_r5_d2,eff_su2,5,2,143,143,noisy_shot,1,128,128,2,lira_online_fixed_variance,0.495902,0.469938125,0.52521075,200,0.032,0.049,0.096,0.099,1000,1000,16,4096000,False,/home/najeeb/chanLira/channel_lira_results/phase7/stage2_primary/noisy_lira/reference_cache/eff_su2_r5_d2_wd0_428a825264448b6c7b20.npz,256000,2026-08-21T21:16:41+08:00,ibm_kingston,7af4abc6763339615cc42bd00fafb532e3c44a31c14bc574c88456a496136a2f,/home/najeeb/chanLira/channel_lira_results/phase7/stage2_primary/noisy_lira/sample_scores/MNIST_QNN_eff_su2_r5_d2_p7_s143_noisy_shot_sim2.npz,0.4895,-0.0209999999999999,0.454,0.475,0.0637870287002648,5
MNIST_QNN_eff_su2_r5_d2_p7_s143,eff_su2_r5_d2,eff_su2,5,2,143,143,noisy_shot,1,128,128,2,lira_offline,0.5098210000000001,0.4823499499999999,0.532305925,200,0.042,0.047,0.1,0.1,1000,1000,16,4096000,False,/home/najeeb/chanLira/channel_lira_results/phase7/stage2_primary/noisy_lira/reference_cache/eff_su2_r5_d2_wd0_428a825264448b6c7b20.npz,256000,2026-08-21T21:16:41+08:00,ibm_kingston,7af4abc6763339615cc42bd00fafb532e3c44a31c14bc574c88456a496136a2f,/home/najeeb/chanLira/channel_lira_results/phase7/stage2_primary/noisy_lira/sample_scores/MNIST_QNN_eff_su2_r5_d2_p7_s143_noisy_shot_sim2.npz,0.5055,0.0109999999999999,0.415,0.404,2.355810946793682,5
MNIST_QNN_eff_su2_r5_d2_p7_s143,eff_su2_r5_d2,eff_su2,5,2,143,143,noisy_shot,1,128,128,2,lira_offline_fixed_variance,0.505944,0.483609275,0.5351458,200,0.053,0.05,0.106,0.097,1000,1000,16,4096000,False,/home/najeeb/chanLira/channel_lira_results/phase7/stage2_primary/noisy_lira/reference_cache/eff_su2_r5_d2_wd0_428a825264448b6c7b20.npz,256000,2026-08-21T21:16:41+08:00,ibm_kingston,7af4abc6763339615cc42bd00fafb532e3c44a31c14bc574c88456a496136a2f,/home/najeeb/chanLira/channel_lira_results/phase7/stage2_primary/noisy_lira/sample_scores/MNIST_QNN_eff_su2_r5_d2_p7_s143_noisy_shot_sim2.npz,0.495,-0.01,0.304,0.314,2.3359662607385188,5
MNIST_QNN_eff_su2_r5_d2_p7_s143,eff_su2_r5_d2,eff_su2,5,2,143,143,noisy_shot,1,128,128,2,global_true_class_log_odds,0.54972,0.524179,0.5757908500000001,200,0.072,0.049,0.141,0.1,1000,1000,16,4096000,False,/home/najeeb/chanLira/channel_lira_results/phase7/stage2_primary/noisy_lira/reference_cache/eff_su2_r5_d2_wd0_428a825264448b6c7b20.npz,256000,2026-08-21T21:16:41+08:00,ibm_kingston,7af4abc6763339615cc42bd00fafb532e3c44a31c14bc574c88456a496136a2f,/home/najeeb/chanLira/channel_lira_results/phase7/stage2_primary/noisy_lira/sample_scores/MNIST_QNN_eff_su2_r5_d2_p7_s143_noisy_shot_sim2.npz,0.5285,0.0569999999999999,0.589,0.532,0.1440464315016132,5
MNIST_QNN_eff_su2_r5_d2_p7_s143,eff_su2_r5_d2,eff_su2,5,2,143,143,noisy_shot,1,128,128,3,lira_online,0.509158,0.484394,0.5337842,200,0.052,0.048,0.104,0.1,1000,1000,16,4096000,False,/home/najeeb/chanLira/channel_lira_results/phase7/stage2_primary/noisy_lira/reference_cache/eff_su2_r5_d2_wd0_428a825264448b6c7b20.npz,256000,2026-08-21T21:16:41+08:00,ibm_kingston,7af4abc6763339615cc42bd00fafb532e3c44a31c14bc574c88456a496136a2f,/home/najeeb/chanLira/channel_lira_results/phase7/stage2_primary/noisy_lira/sample_scores/MNIST_QNN_eff_su2_r5_d2_p7_s143_noisy_shot_sim3.npz,0.522,0.0439999999999999,0.413,0.369,0.1712996848892665,5
MNIST_QNN_eff_su2_r5_d2_p7_s143,eff_su2_r5_d2,eff_su2,5,2,143,143,noisy_shot,1,128,128,3,lira_online_fixed_variance,0.497586,0.4762612,0.52303755,200,0.042,0.05,0.118,0.099,1000,1000,16,4096000,False,/home/najeeb/chanLira/channel_lira_results/phase7/stage2_primary/noisy_lira/reference_cache/eff_su2_r5_d2_wd0_428a825264448b6c7b20.npz,256000,2026-08-21T21:16:41+08:00,ibm_kingston,7af4abc6763339615cc42bd00fafb532e3c44a31c14bc574c88456a496136a2f,/home/najeeb/chanLira/channel_lira_results/phase7/stage2_primary/noisy_lira/sample_scores/MNIST_QNN_eff_su2_r5_d2_p7_s143_noisy_shot_sim3.npz,0.494,-0.012,0.35,0.362,0.0032039913954018,5
MNIST_QNN_eff_su2_r5_d2_p7_s143,eff_su2_r5_d2,eff_su2,5,2,143,143,noisy_shot,1,128,128,3,lira_offline,0.519336,0.495579725,0.544818475,200,0.064,0.05,0.109,0.1,1000,1000,16,4096000,False,/home/najeeb/chanLira/channel_lira_results/phase7/stage2_primary/noisy_lira/reference_cache/eff_su2_r5_d2_wd0_428a825264448b6c7b20.npz,256000,2026-08-21T21:16:41+08:00,ibm_kingston,7af4abc6763339615cc42bd00fafb532e3c44a31c14bc574c88456a496136a2f,/home/najeeb/chanLira/channel_lira_results/phase7/stage2_primary/noisy_lira/sample_scores/MNIST_QNN_eff_su2_r5_d2_p7_s143_noisy_shot_sim3.npz,0.518,0.036,0.654,0.618,1.973802915382715,5
MNIST_QNN_eff_su2_r5_d2_p7_s143,eff_su2_r5_d2,eff_su2,5,2,143,143,noisy_shot,1,128,128,3,lira_offline_fixed_variance,0.503118,0.4773755,0.5285951750000001,200,0.061,0.05,0.123,0.099,1000,1000,16,4096000,False,/home/najeeb/chanLira/channel_lira_results/phase7/stage2_primary/noisy_lira/reference_cache/eff_su2_r5_d2_wd0_428a825264448b6c7b20.npz,256000,2026-08-21T21:16:41+08:00,ibm_kingston,7af4abc6763339615cc42bd00fafb532e3c44a31c14bc574c88456a496136a2f,/home/najeeb/chanLira/channel_lira_results/phase7/stage2_primary/noisy_lira/sample_scores/MNIST_QNN_eff_su2_r5_d2_p7_s143_noisy_shot_sim3.npz,0.497,-0.006,0.241,0.247,3.4928759948138057,5
MNIST_QNN_eff_su2_r5_d2_p7_s143,eff_su2_r5_d2,eff_su2,5,2,143,143,noisy_shot,1,128,128,3,global_true_class_log_odds,0.5382085,0.51479025,0.565074575,200,0.061,0.05,0.136,0.1,1000,1000,16,4096000,False,/home/najeeb/chanLira/channel_lira_results/phase7/stage2_primary/noisy_lira/reference_cache/eff_su2_r5_d2_wd0_428a825264448b6c7b20.npz,256000,2026-08-21T21:16:41+08:00,ibm_kingston,7af4abc6763339615cc42bd00fafb532e3c44a31c14bc574c88456a496136a2f,/home/najeeb/chanLira/channel_lira_results/phase7/stage2_primary/noisy_lira/sample_scores/MNIST_QNN_eff_su2_r5_d2_p7_s143_noisy_shot_sim3.npz,0.52,0.0399999999999999,0.419,0.379,0.9922428123463982,5
MNIST_QNN_eff_su2_r5_d2_p7_s143,eff_su2_r5_d2,eff_su2,5,2,143,143,noisy_shot,1,128,128,4,lira_online,0.47053,0.444398975,0.496208325,200,0.038,0.049,0.087,0.1,1000,1000,16,4096000,False,/home/najeeb/chanLira/channel_lira_results/phase7/stage2_primary/noisy_lira/reference_cache/eff_su2_r5_d2_wd0_428a825264448b6c7b20.npz,256000,2026-08-21T21:16:41+08:00,ibm_kingston,7af4abc6763339615cc42bd00fafb532e3c44a31c14bc574c88456a496136a2f,/home/najeeb/chanLira/channel_lira_results/phase7/stage2_primary/noisy_lira/sample_scores/MNIST_QNN_eff_su2_r5_d2_p7_s143_noisy_shot_sim4.npz,0.482,-0.036,0.899,0.935,-2.867563714495025,5
MNIST_QNN_eff_su2_r5_d2_p7_s143,eff_su2_r5_d2,eff_su2,5,2,143,143,noisy_shot,1,128,128,4,lira_online_fixed_variance,0.461421,0.4322368,0.4870587,200,0.033,0.049,0.07,0.093,1000,1000,16,4096000,False,/home/najeeb/chanLira/channel_lira_results/phase7/stage2_primary/noisy_lira/reference_cache/eff_su2_r5_d2_wd0_428a825264448b6c7b20.npz,256000,2026-08-21T21:16:41+08:00,ibm_kingston,7af4abc6763339615cc42bd00fafb532e3c44a31c14bc574c88456a496136a2f,/home/najeeb/chanLira/channel_lira_results/phase7/stage2_primary/noisy_lira/sample_scores/MNIST_QNN_eff_su2_r5_d2_p7_s143_noisy_shot_sim4.npz,0.4995,-0.001,0.199,0.2,inf,5
MNIST_QNN_eff_su2_r5_d2_p7_s143,eff_su2_r5_d2,eff_su2,5,2,143,143,noisy_shot,1,128,128,4,lira_offline,0.487567,0.465237725,0.512481075,200,0.039,0.048,0.087,0.1,1000,1000,16,4096000,False,/home/najeeb/chanLira/channel_lira_results/phase7/stage2_primary/noisy_lira/reference_cache/eff_su2_r5_d2_wd0_428a825264448b6c7b20.npz,256000,2026-08-21T21:16:41+08:00,ibm_kingston,7af4abc6763339615cc42bd00fafb532e3c44a31c14bc574c88456a496136a2f,/home/najeeb/chanLira/channel_lira_results/phase7/stage2_primary/noisy_lira/sample_scores/MNIST_QNN_eff_su2_r5_d2_p7_s143_noisy_shot_sim4.npz,0.495,-0.01,0.801,0.811,1.6956233051600826,5
MNIST_QNN_eff_su2_r5_d2_p7_s143,eff_su2_r5_d2,eff_su2,5,2,143,143,noisy_shot,1,128,128,4,lira_offline_fixed_variance,0.476487,0.452354325,0.4999545,200,0.04,0.046,0.084,0.099,1000,1000,16,4096000,False,/home/najeeb/chanLira/channel_lira_results/phase7/stage2_primary/noisy_lira/reference_cache/eff_su2_r5_d2_wd0_428a825264448b6c7b20.npz,256000,2026-08-21T21:16:41+08:00,ibm_kingston,7af4abc6763339615cc42bd00fafb532e3c44a31c14bc574c88456a496136a2f,/home/najeeb/chanLira/channel_lira_results/phase7/stage2_primary/noisy_lira/sample_scores/MNIST_QNN_eff_su2_r5_d2_p7_s143_noisy_shot_sim4.npz,0.491,-0.018,0.572,0.59,1.6525685611959469,5
MNIST_QNN_eff_su2_r5_d2_p7_s143,eff_su2_r5_d2,eff_su2,5,2,143,143,noisy_shot,1,128,128,4,global_true_class_log_odds,0.532523,0.5077873,0.554012325,200,0.052,0.048,0.13,0.1,1000,1000,16,4096000,False,/home/najeeb/chanLira/channel_lira_results/phase7/stage2_primary/noisy_lira/reference_cache/eff_su2_r5_d2_wd0_428a825264448b6c7b20.npz,256000,2026-08-21T21:16:41+08:00,ibm_kingston,7af4abc6763339615cc42bd00fafb532e3c44a31c14bc574c88456a496136a2f,/home/najeeb/chanLira/channel_lira_results/phase7/stage2_primary/noisy_lira/sample_scores/MNIST_QNN_eff_su2_r5_d2_p7_s143_noisy_shot_sim4.npz,0.5025,0.005,0.434,0.429,2.230675426603564,5
MNIST_QNN_eff_su2_r5_d2_p7_s143,eff_su2_r5_d2,eff_su2,5,2,143,143,noisy_shot,1,128,128,5,lira_online,0.489942,0.464127075,0.512189475,200,0.044,0.048,0.093,0.099,1000,1000,16,4096000,False,/home/najeeb/chanLira/channel_lira_results/phase7/stage2_primary/noisy_lira/reference_cache/eff_su2_r5_d2_wd0_428a825264448b6c7b20.npz,256000,2026-08-21T21:16:41+08:00,ibm_kingston,7af4abc6763339615cc42bd00fafb532e3c44a31c14bc574c88456a496136a2f,/home/najeeb/chanLira/channel_lira_results/phase7/stage2_primary/noisy_lira/sample_scores/MNIST_QNN_eff_su2_r5_d2_p7_s143_noisy_shot_sim5.npz,0.5085,0.017,0.722,0.705,-0.3665098697128752,5
MNIST_QNN_eff_su2_r5_d2_p7_s143,eff_su2_r5_d2,eff_su2,5,2,143,143,noisy_shot,1,128,128,5,lira_online_fixed_variance,0.499192,0.477391575,0.5192273,200,0.047,0.047,0.083,0.1,1000,1000,16,4096000,False,/home/najeeb/chanLira/channel_lira_results/phase7/stage2_primary/noisy_lira/reference_cache/eff_su2_r5_d2_wd0_428a825264448b6c7b20.npz,256000,2026-08-21T21:16:41+08:00,ibm_kingston,7af4abc6763339615cc42bd00fafb532e3c44a31c14bc574c88456a496136a2f,/home/najeeb/chanLira/channel_lira_results/phase7/stage2_primary/noisy_lira/sample_scores/MNIST_QNN_eff_su2_r5_d2_p7_s143_noisy_shot_sim5.npz,0.507,0.0139999999999999,0.573,0.559,-0.0392106256291009,5
MNIST_QNN_eff_su2_r5_d2_p7_s143,eff_su2_r5_d2,eff_su2,5,2,143,143,noisy_shot,1,128,128,5,lira_offline,0.4963689999999999,0.46906685,0.520477325,200,0.044,0.049,0.097,0.1,1000,1000,16,4096000,False,/home/najeeb/chanLira/channel_lira_results/phase7/stage2_primary/noisy_lira/reference_cache/eff_su2_r5_d2_wd0_428a825264448b6c7b20.npz,256000,2026-08-21T21:16:41+08:00,ibm_kingston,7af4abc6763339615cc42bd00fafb532e3c44a31c14bc574c88456a496136a2f,/home/najeeb/chanLira/channel_lira_results/phase7/stage2_primary/noisy_lira/sample_scores/MNIST_QNN_eff_su2_r5_d2_p7_s143_noisy_shot_sim5.npz,0.4835,-0.033,0.583,0.616,1.9367776353140065,5
MNIST_QNN_eff_su2_r5_d2_p7_s143,eff_su2_r5_d2,eff_su2,5,2,143,143,noisy_shot,1,128,128,5,lira_offline_fixed_variance,0.4940429999999999,0.468395175,0.5176695,200,0.046,0.05,0.091,0.098,1000,1000,16,4096000,False,/home/najeeb/chanLira/channel_lira_results/phase7/stage2_primary/noisy_lira/reference_cache/eff_su2_r5_d2_wd0_428a825264448b6c7b20.npz,256000,2026-08-21T21:16:41+08:00,ibm_kingston,7af4abc6763339615cc42bd00fafb532e3c44a31c14bc574c88456a496136a2f,/home/najeeb/chanLira/channel_lira_results/phase7/stage2_primary/noisy_lira/sample_scores/MNIST_QNN_eff_su2_r5_d2_p7_s143_noisy_shot_sim5.npz,0.508,0.016,0.224,0.208,2.719614396050202,5
MNIST_QNN_eff_su2_r5_d2_p7_s143,eff_su2_r5_d2,eff_su2,5,2,143,143,noisy_shot,1,128,128,5,global_true_class_log_odds,0.53567,0.5134096875,0.5590148500000001,200,0.052,0.047,0.118,0.1,1000,1000,16,4096000,False,/home/najeeb/chanLira/channel_lira_results/phase7/stage2_primary/noisy_lira/reference_cache/eff_su2_r5_d2_wd0_428a825264448b6c7b20.npz,256000,2026-08-21T21:16:41+08:00,ibm_kingston,7af4abc6763339615cc42bd00fafb532e3c44a31c14bc574c88456a496136a2f,/home/najeeb/chanLira/channel_lira_results/phase7/stage2_primary/noisy_lira/sample_scores/MNIST_QNN_eff_su2_r5_d2_p7_s143_noisy_shot_sim5.npz,0.5325,0.0649999999999999,0.602,0.537,0.6017704013468881,5
MNIST_QNN_eff_su2_r5_d2_p7_s143,eff_su2_r5_d2,eff_su2,5,2,143,143,noisy_shot,1,128,128,6,lira_online,0.502147,0.478094225,0.528926125,200,0.06,0.047,0.109,0.097,1000,1000,16,4096000,False,/home/najeeb/chanLira/channel_lira_results/phase7/stage2_primary/noisy_lira/reference_cache/eff_su2_r5_d2_wd0_428a825264448b6c7b20.npz,256000,2026-08-21T21:16:41+08:00,ibm_kingston,7af4abc6763339615cc42bd00fafb532e3c44a31c14bc574c88456a496136a2f,/home/najeeb/chanLira/channel_lira_results/phase7/stage2_primary/noisy_lira/sample_scores/MNIST_QNN_eff_su2_r5_d2_p7_s143_noisy_shot_sim6.npz,0.493,-0.014,0.412,0.426,0.1327256891515404,5
MNIST_QNN_eff_su2_r5_d2_p7_s143,eff_su2_r5_d2,eff_su2,5,2,143,143,noisy_shot,1,128,128,6,lira_online_fixed_variance,0.4987439999999999,0.4751546749999999,0.52176705,200,0.049,0.049,0.084,0.1,1000,1000,16,4096000,False,/home/najeeb/chanLira/channel_lira_results/phase7/stage2_primary/noisy_lira/reference_cache/eff_su2_r5_d2_wd0_428a825264448b6c7b20.npz,256000,2026-08-21T21:16:41+08:00,ibm_kingston,7af4abc6763339615cc42bd00fafb532e3c44a31c14bc574c88456a496136a2f,/home/najeeb/chanLira/channel_lira_results/phase7/stage2_primary/noisy_lira/sample_scores/MNIST_QNN_eff_su2_r5_d2_p7_s143_noisy_shot_sim6.npz,0.503,0.006,0.36,0.354,0.1536059869209367,5
MNIST_QNN_eff_su2_r5_d2_p7_s143,eff_su2_r5_d2,eff_su2,5,2,143,143,noisy_shot,1,128,128,6,lira_offline,0.522424,0.4990973,0.5452265249999999,200,0.071,0.048,0.117,0.1,1000,1000,16,4096000,False,/home/najeeb/chanLira/channel_lira_results/phase7/stage2_primary/noisy_lira/reference_cache/eff_su2_r5_d2_wd0_428a825264448b6c7b20.npz,256000,2026-08-21T21:16:41+08:00,ibm_kingston,7af4abc6763339615cc42bd00fafb532e3c44a31c14bc574c88456a496136a2f,/home/najeeb/chanLira/channel_lira_results/phase7/stage2_primary/noisy_lira/sample_scores/MNIST_QNN_eff_su2_r5_d2_p7_s143_noisy_shot_sim6.npz,0.5185,0.0369999999999999,0.693,0.656,1.7648791377172264,5
MNIST_QNN_eff_su2_r5_d2_p7_s143,eff_su2_r5_d2,eff_su2,5,2,143,143,noisy_shot,1,128,128,6,lira_offline_fixed_variance,0.5168149999999999,0.492469975,0.542256625,200,0.057,0.048,0.121,0.099,1000,1000,16,4096000,False,/home/najeeb/chanLira/channel_lira_results/phase7/stage2_primary/noisy_lira/reference_cache/eff_su2_r5_d2_wd0_428a825264448b6c7b20.npz,256000,2026-08-21T21:16:41+08:00,ibm_kingston,7af4abc6763339615cc42bd00fafb532e3c44a31c14bc574c88456a496136a2f,/home/najeeb/chanLira/channel_lira_results/phase7/stage2_primary/noisy_lira/sample_scores/MNIST_QNN_eff_su2_r5_d2_p7_s143_noisy_shot_sim6.npz,0.522,0.0439999999999999,0.584,0.54,1.831143781828256,5
MNIST_QNN_eff_su2_r5_d2_p7_s143,eff_su2_r5_d2,eff_su2,5,2,143,143,noisy_shot,1,128,128,6,global_true_class_log_odds,0.521741,0.493986925,0.54703975,200,0.062,0.05,0.123,0.1,1000,1000,16,4096000,False,/home/najeeb/chanLira/channel_lira_results/phase7/stage2_primary/noisy_lira/reference_cache/eff_su2_r5_d2_wd0_428a825264448b6c7b20.npz,256000,2026-08-21T21:16:41+08:00,ibm_kingston,7af4abc6763339615cc42bd00fafb532e3c44a31c14bc574c88456a496136a2f,/home/najeeb/chanLira/channel_lira_results/phase7/stage2_primary/noisy_lira/sample_scores/MNIST_QNN_eff_su2_r5_d2_p7_s143_noisy_shot_sim6.npz,0.529,0.0579999999999999,0.415,0.357,1.846178072358494,5
MNIST_QNN_eff_su2_r5_d2_p7_s143,eff_su2_r5_d2,eff_su2,5,2,143,143,noisy_shot,1,128,128,7,lira_online,0.502574,0.4820427,0.5304643,200,0.067,0.049,0.117,0.1,1000,1000,16,4096000,False,/home/najeeb/chanLira/channel_lira_results/phase7/stage2_primary/noisy_lira/reference_cache/eff_su2_r5_d2_wd0_428a825264448b6c7b20.npz,256000,2026-08-21T21:16:41+08:00,ibm_kingston,7af4abc6763339615cc42bd00fafb532e3c44a31c14bc574c88456a496136a2f,/home/najeeb/chanLira/channel_lira_results/phase7/stage2_primary/noisy_lira/sample_scores/MNIST_QNN_eff_su2_r5_d2_p7_s143_noisy_shot_sim7.npz,0.4815,-0.0369999999999999,0.323,0.36,0.9496215960655814,5
MNIST_QNN_eff_su2_r5_d2_p7_s143,eff_su2_r5_d2,eff_su2,5,2,143,143,noisy_shot,1,128,128,7,lira_online_fixed_variance,0.497643,0.476696825,0.5194574,200,0.043,0.048,0.103,0.095,1000,1000,16,4096000,False,/home/najeeb/chanLira/channel_lira_results/phase7/stage2_primary/noisy_lira/reference_cache/eff_su2_r5_d2_wd0_428a825264448b6c7b20.npz,256000,2026-08-21T21:16:41+08:00,ibm_kingston,7af4abc6763339615cc42bd00fafb532e3c44a31c14bc574c88456a496136a2f,/home/najeeb/chanLira/channel_lira_results/phase7/stage2_primary/noisy_lira/sample_scores/MNIST_QNN_eff_su2_r5_d2_p7_s143_noisy_shot_sim7.npz,0.4945,-0.011,0.246,0.257,0.34071624444702,5
MNIST_QNN_eff_su2_r5_d2_p7_s143,eff_su2_r5_d2,eff_su2,5,2,143,143,noisy_shot,1,128,128,7,lira_offline,0.5132779999999999,0.488434025,0.5368594,200,0.056,0.049,0.11,0.1,1000,1000,16,4096000,False,/home/najeeb/chanLira/channel_lira_results/phase7/stage2_primary/noisy_lira/reference_cache/eff_su2_r5_d2_wd0_428a825264448b6c7b20.npz,256000,2026-08-21T21:16:41+08:00,ibm_kingston,7af4abc6763339615cc42bd00fafb532e3c44a31c14bc574c88456a496136a2f,/home/najeeb/chanLira/channel_lira_results/phase7/stage2_primary/noisy_lira/sample_scores/MNIST_QNN_eff_su2_r5_d2_p7_s143_noisy_shot_sim7.npz,0.4995,-0.001,0.404,0.405,2.378499095393196,5
MNIST_QNN_eff_su2_r5_d2_p7_s143,eff_su2_r5_d2,eff_su2,5,2,143,143,noisy_shot,1,128,128,7,lira_offline_fixed_variance,0.506868,0.4804595749999999,0.53570455,200,0.045,0.05,0.092,0.098,1000,1000,16,4096000,False,/home/najeeb/chanLira/channel_lira_results/phase7/stage2_primary/noisy_lira/reference_cache/eff_su2_r5_d2_wd0_428a825264448b6c7b20.npz,256000,2026-08-21T21:16:41+08:00,ibm_kingston,7af4abc6763339615cc42bd00fafb532e3c44a31c14bc574c88456a496136a2f,/home/najeeb/chanLira/channel_lira_results/phase7/stage2_primary/noisy_lira/sample_scores/MNIST_QNN_eff_su2_r5_d2_p7_s143_noisy_shot_sim7.npz,0.5035000000000001,0.007,0.463,0.456,1.9659653439809648,5
MNIST_QNN_eff_su2_r5_d2_p7_s143,eff_su2_r5_d2,eff_su2,5,2,143,143,noisy_shot,1,128,128,7,global_true_class_log_odds,0.517117,0.491556475,0.545094125,200,0.06,0.049,0.127,0.1,1000,1000,16,4096000,False,/home/najeeb/chanLira/channel_lira_results/phase7/stage2_primary/noisy_lira/reference_cache/eff_su2_r5_d2_wd0_428a825264448b6c7b20.npz,256000,2026-08-21T21:16:41+08:00,ibm_kingston,7af4abc6763339615cc42bd00fafb532e3c44a31c14bc574c88456a496136a2f,/home/najeeb/chanLira/channel_lira_results/phase7/stage2_primary/noisy_lira/sample_scores/MNIST_QNN_eff_su2_r5_d2_p7_s143_noisy_shot_sim7.npz,0.517,0.034,0.666,0.632,-1.0893584031113437,5
MNIST_QNN_eff_su2_r5_d2_p7_s143,eff_su2_r5_d2,eff_su2,5,2,143,143,noisy_shot,1,128,128,8,lira_online,0.499249,0.47433485,0.5211897,200,0.066,0.049,0.115,0.097,1000,1000,16,4096000,False,/home/najeeb/chanLira/channel_lira_results/phase7/stage2_primary/noisy_lira/reference_cache/eff_su2_r5_d2_wd0_428a825264448b6c7b20.npz,256000,2026-08-21T21:16:41+08:00,ibm_kingston,7af4abc6763339615cc42bd00fafb532e3c44a31c14bc574c88456a496136a2f,/home/najeeb/chanLira/channel_lira_results/phase7/stage2_primary/noisy_lira/sample_scores/MNIST_QNN_eff_su2_r5_d2_p7_s143_noisy_shot_sim8.npz,0.4965,-0.0069999999999999,0.111,0.118,1.0881784708586746,5
MNIST_QNN_eff_su2_r5_d2_p7_s143,eff_su2_r5_d2,eff_su2,5,2,143,143,noisy_shot,1,128,128,8,lira_online_fixed_variance,0.502966,0.4769074499999999,0.52729875,200,0.072,0.05,0.133,0.1,1000,1000,16,4096000,False,/home/najeeb/chanLira/channel_lira_results/phase7/stage2_primary/noisy_lira/reference_cache/eff_su2_r5_d2_wd0_428a825264448b6c7b20.npz,256000,2026-08-21T21:16:41+08:00,ibm_kingston,7af4abc6763339615cc42bd00fafb532e3c44a31c14bc574c88456a496136a2f,/home/najeeb/chanLira/channel_lira_results/phase7/stage2_primary/noisy_lira/sample_scores/MNIST_QNN_eff_su2_r5_d2_p7_s143_noisy_shot_sim8.npz,0.5195,0.039,0.183,0.144,0.4358610576286166,5
MNIST_QNN_eff_su2_r5_d2_p7_s143,eff_su2_r5_d2,eff_su2,5,2,143,143,noisy_shot,1,128,128,8,lira_offline,0.520167,0.495544875,0.5415086250000001,200,0.054,0.05,0.107,0.099,1000,1000,16,4096000,False,/home/najeeb/chanLira/channel_lira_results/phase7/stage2_primary/noisy_lira/reference_cache/eff_su2_r5_d2_wd0_428a825264448b6c7b20.npz,256000,2026-08-21T21:16:41+08:00,ibm_kingston,7af4abc6763339615cc42bd00fafb532e3c44a31c14bc574c88456a496136a2f,/home/najeeb/chanLira/channel_lira_results/phase7/stage2_primary/noisy_lira/sample_scores/MNIST_QNN_eff_su2_r5_d2_p7_s143_noisy_shot_sim8.npz,0.502,0.004,0.592,0.588,1.997613347545082,5
MNIST_QNN_eff_su2_r5_d2_p7_s143,eff_su2_r5_d2,eff_su2,5,2,143,143,noisy_shot,1,128,128,8,lira_offline_fixed_variance,0.522691,0.4989318749999999,0.5494283,200,0.061,0.049,0.126,0.099,1000,1000,16,4096000,False,/home/najeeb/chanLira/channel_lira_results/phase7/stage2_primary/noisy_lira/reference_cache/eff_su2_r5_d2_wd0_428a825264448b6c7b20.npz,256000,2026-08-21T21:16:41+08:00,ibm_kingston,7af4abc6763339615cc42bd00fafb532e3c44a31c14bc574c88456a496136a2f,/home/najeeb/chanLira/channel_lira_results/phase7/stage2_primary/noisy_lira/sample_scores/MNIST_QNN_eff_su2_r5_d2_p7_s143_noisy_shot_sim8.npz,0.52,0.0399999999999999,0.474,0.434,1.9769195699432285,5
MNIST_QNN_eff_su2_r5_d2_p7_s143,eff_su2_r5_d2,eff_su2,5,2,143,143,noisy_shot,1,128,128,8,global_true_class_log_odds,0.51599,0.490475975,0.5386737,200,0.081,0.048,0.137,0.096,1000,1000,16,4096000,False,/home/najeeb/chanLira/channel_lira_results/phase7/stage2_primary/noisy_lira/reference_cache/eff_su2_r5_d2_wd0_428a825264448b6c7b20.npz,256000,2026-08-21T21:16:41+08:00,ibm_kingston,7af4abc6763339615cc42bd00fafb532e3c44a31c14bc574c88456a496136a2f,/home/najeeb/chanLira/channel_lira_results/phase7/stage2_primary/noisy_lira/sample_scores/MNIST_QNN_eff_su2_r5_d2_p7_s143_noisy_shot_sim8.npz,0.509,0.0179999999999999,0.36,0.342,4.71422628773752,5
MNIST_QNN_eff_su2_r5_d2_p7_s143,eff_su2_r5_d2,eff_su2,5,2,143,143,noisy_shot,1,128,128,9,lira_online,0.4928619999999999,0.46733695,0.517449125,200,0.059,0.05,0.101,0.1,1000,1000,16,4096000,False,/home/najeeb/chanLira/channel_lira_results/phase7/stage2_primary/noisy_lira/reference_cache/eff_su2_r5_d2_wd0_428a825264448b6c7b20.npz,256000,2026-08-21T21:16:41+08:00,ibm_kingston,7af4abc6763339615cc42bd00fafb532e3c44a31c14bc574c88456a496136a2f,/home/najeeb/chanLira/channel_lira_results/phase7/stage2_primary/noisy_lira/sample_scores/MNIST_QNN_eff_su2_r5_d2_p7_s143_noisy_shot_sim9.npz,0.508,0.0159999999999999,0.173,0.157,0.6947875614820072,5
MNIST_QNN_eff_su2_r5_d2_p7_s143,eff_su2_r5_d2,eff_su2,5,2,143,143,noisy_shot,1,128,128,9,lira_online_fixed_variance,0.4944409999999999,0.4665458249999999,0.51814315,200,0.066,0.05,0.114,0.1,1000,1000,16,4096000,False,/home/najeeb/chanLira/channel_lira_results/phase7/stage2_primary/noisy_lira/reference_cache/eff_su2_r5_d2_wd0_428a825264448b6c7b20.npz,256000,2026-08-21T21:16:41+08:00,ibm_kingston,7af4abc6763339615cc42bd00fafb532e3c44a31c14bc574c88456a496136a2f,/home/najeeb/chanLira/channel_lira_results/phase7/stage2_primary/noisy_lira/sample_scores/MNIST_QNN_eff_su2_r5_d2_p7_s143_noisy_shot_sim9.npz,0.4954999999999999,-0.009,0.567,0.576,-0.6947065857387842,5
MNIST_QNN_eff_su2_r5_d2_p7_s143,eff_su2_r5_d2,eff_su2,5,2,143,143,noisy_shot,1,128,128,9,lira_offline,0.505125,0.48118205,0.531723075,200,0.042,0.05,0.098,0.1,1000,1000,16,4096000,False,/home/najeeb/chanLira/channel_lira_results/phase7/stage2_primary/noisy_lira/reference_cache/eff_su2_r5_d2_wd0_428a825264448b6c7b20.npz,256000,2026-08-21T21:16:41+08:00,ibm_kingston,7af4abc6763339615cc42bd00fafb532e3c44a31c14bc574c88456a496136a2f,/home/najeeb/chanLira/channel_lira_results/phase7/stage2_primary/noisy_lira/sample_scores/MNIST_QNN_eff_su2_r5_d2_p7_s143_noisy_shot_sim9.npz,0.489,-0.022,0.495,0.517,1.964996018219328,5
MNIST_QNN_eff_su2_r5_d2_p7_s143,eff_su2_r5_d2,eff_su2,5,2,143,143,noisy_shot,1,128,128,9,lira_offline_fixed_variance,0.5018,0.476431725,0.52589795,200,0.048,0.05,0.097,0.099,1000,1000,16,4096000,False,/home/najeeb/chanLira/channel_lira_results/phase7/stage2_primary/noisy_lira/reference_cache/eff_su2_r5_d2_wd0_428a825264448b6c7b20.npz,256000,2026-08-21T21:16:41+08:00,ibm_kingston,7af4abc6763339615cc42bd00fafb532e3c44a31c14bc574c88456a496136a2f,/home/najeeb/chanLira/channel_lira_results/phase7/stage2_primary/noisy_lira/sample_scores/MNIST_QNN_eff_su2_r5_d2_p7_s143_noisy_shot_sim9.npz,0.4924999999999999,-0.015,0.571,0.586,1.7028290093012055,5
MNIST_QNN_eff_su2_r5_d2_p7_s143,eff_su2_r5_d2,eff_su2,5,2,143,143,noisy_shot,1,128,128,9,global_true_class_log_odds,0.533663,0.5092296000000001,0.5581465750000001,200,0.062,0.05,0.114,0.1,1000,1000,16,4096000,False,/home/najeeb/chanLira/channel_lira_results/phase7/stage2_primary/noisy_lira/reference_cache/eff_su2_r5_d2_wd0_428a825264448b6c7b20.npz,256000,2026-08-21T21:16:41+08:00,ibm_kingston,7af4abc6763339615cc42bd00fafb532e3c44a31c14bc574c88456a496136a2f,/home/najeeb/chanLira/channel_lira_results/phase7/stage2_primary/noisy_lira/sample_scores/MNIST_QNN_eff_su2_r5_d2_p7_s143_noisy_shot_sim9.npz,0.5275,0.055,0.621,0.566,0.1933897958021198,5
MNIST_QNN_eff_su2_r5_d2_p7_s144,eff_su2_r5_d2,eff_su2,5,2,144,143,noisy_shot,1,128,128,0,lira_online,0.490828,0.4659686,0.52034225,200,0.048,0.05,0.098,0.1,1000,1000,16,4096000,True,/home/najeeb/chanLira/channel_lira_results/phase7/stage2_primary/noisy_lira/reference_cache/eff_su2_r5_d2_wd0_428a825264448b6c7b20.npz,256000,2026-08-21T21:16:41+08:00,ibm_kingston,7af4abc6763339615cc42bd00fafb532e3c44a31c14bc574c88456a496136a2f,/home/najeeb/chanLira/channel_lira_results/phase7/stage2_primary/noisy_lira/sample_scores/MNIST_QNN_eff_su2_r5_d2_p7_s144_noisy_shot_sim0.npz,0.4845,-0.031,0.641,0.672,-0.2649298175711809,5
MNIST_QNN_eff_su2_r5_d2_p7_s144,eff_su2_r5_d2,eff_su2,5,2,144,143,noisy_shot,1,128,128,0,lira_online_fixed_variance,0.494221,0.46897295,0.517381125,200,0.044,0.05,0.101,0.1,1000,1000,16,4096000,True,/home/najeeb/chanLira/channel_lira_results/phase7/stage2_primary/noisy_lira/reference_cache/eff_su2_r5_d2_wd0_428a825264448b6c7b20.npz,256000,2026-08-21T21:16:41+08:00,ibm_kingston,7af4abc6763339615cc42bd00fafb532e3c44a31c14bc574c88456a496136a2f,/home/najeeb/chanLira/channel_lira_results/phase7/stage2_primary/noisy_lira/sample_scores/MNIST_QNN_eff_su2_r5_d2_p7_s144_noisy_shot_sim0.npz,0.497,-0.006,0.652,0.658,-0.0247730642176473,5
MNIST_QNN_eff_su2_r5_d2_p7_s144,eff_su2_r5_d2,eff_su2,5,2,144,143,noisy_shot,1,128,128,0,lira_offline,0.493449,0.463153025,0.5176746249999999,200,0.047,0.05,0.084,0.1,1000,1000,16,4096000,True,/home/najeeb/chanLira/channel_lira_results/phase7/stage2_primary/noisy_lira/reference_cache/eff_su2_r5_d2_wd0_428a825264448b6c7b20.npz,256000,2026-08-21T21:16:41+08:00,ibm_kingston,7af4abc6763339615cc42bd00fafb532e3c44a31c14bc574c88456a496136a2f,/home/najeeb/chanLira/channel_lira_results/phase7/stage2_primary/noisy_lira/sample_scores/MNIST_QNN_eff_su2_r5_d2_p7_s144_noisy_shot_sim0.npz,0.4945,-0.011,0.387,0.398,2.057510474138546,5
MNIST_QNN_eff_su2_r5_d2_p7_s144,eff_su2_r5_d2,eff_su2,5,2,144,143,noisy_shot,1,128,128,0,lira_offline_fixed_variance,0.4920909999999999,0.465511225,0.5153290500000001,200,0.041,0.046,0.101,0.1,1000,1000,16,4096000,True,/home/najeeb/chanLira/channel_lira_results/phase7/stage2_primary/noisy_lira/reference_cache/eff_su2_r5_d2_wd0_428a825264448b6c7b20.npz,256000,2026-08-21T21:16:41+08:00,ibm_kingston,7af4abc6763339615cc42bd00fafb532e3c44a31c14bc574c88456a496136a2f,/home/najeeb/chanLira/channel_lira_results/phase7/stage2_primary/noisy_lira/sample_scores/MNIST_QNN_eff_su2_r5_d2_p7_s144_noisy_shot_sim0.npz,0.4865,-0.027,0.607,0.634,1.790629530336476,5
MNIST_QNN_eff_su2_r5_d2_p7_s144,eff_su2_r5_d2,eff_su2,5,2,144,143,noisy_shot,1,128,128,0,global_true_class_log_odds,0.529645,0.507016175,0.555288175,200,0.069,0.05,0.12,0.099,1000,1000,16,4096000,True,/home/najeeb/chanLira/channel_lira_results/phase7/stage2_primary/noisy_lira/reference_cache/eff_su2_r5_d2_wd0_428a825264448b6c7b20.npz,256000,2026-08-21T21:16:41+08:00,ibm_kingston,7af4abc6763339615cc42bd00fafb532e3c44a31c14bc574c88456a496136a2f,/home/najeeb/chanLira/channel_lira_results/phase7/stage2_primary/noisy_lira/sample_scores/MNIST_QNN_eff_su2_r5_d2_p7_s144_noisy_shot_sim0.npz,0.518,0.0359999999999999,0.821,0.785,-1.6303694945157574,5
MNIST_QNN_eff_su2_r5_d2_p7_s144,eff_su2_r5_d2,eff_su2,5,2,144,143,noisy_shot,1,128,128,1,lira_online,0.492734,0.467274625,0.5146754,200,0.048,0.049,0.094,0.097,1000,1000,16,4096000,True,/home/najeeb/chanLira/channel_lira_results/phase7/stage2_primary/noisy_lira/reference_cache/eff_su2_r5_d2_wd0_428a825264448b6c7b20.npz,256000,2026-08-21T21:16:41+08:00,ibm_kingston,7af4abc6763339615cc42bd00fafb532e3c44a31c14bc574c88456a496136a2f,/home/najeeb/chanLira/channel_lira_results/phase7/stage2_primary/noisy_lira/sample_scores/MNIST_QNN_eff_su2_r5_d2_p7_s144_noisy_shot_sim1.npz,0.4934999999999999,-0.013,0.702,0.715,-0.0428087742541496,5
MNIST_QNN_eff_su2_r5_d2_p7_s144,eff_su2_r5_d2,eff_su2,5,2,144,143,noisy_shot,1,128,128,1,lira_online_fixed_variance,0.498175,0.468738775,0.5216733,200,0.039,0.05,0.087,0.1,1000,1000,16,4096000,True,/home/najeeb/chanLira/channel_lira_results/phase7/stage2_primary/noisy_lira/reference_cache/eff_su2_r5_d2_wd0_428a825264448b6c7b20.npz,256000,2026-08-21T21:16:41+08:00,ibm_kingston,7af4abc6763339615cc42bd00fafb532e3c44a31c14bc574c88456a496136a2f,/home/najeeb/chanLira/channel_lira_results/phase7/stage2_primary/noisy_lira/sample_scores/MNIST_QNN_eff_su2_r5_d2_p7_s144_noisy_shot_sim1.npz,0.496,-0.008,0.513,0.521,0.0934593885361554,5
MNIST_QNN_eff_su2_r5_d2_p7_s144,eff_su2_r5_d2,eff_su2,5,2,144,143,noisy_shot,1,128,128,1,lira_offline,0.493284,0.467747425,0.520071225,200,0.042,0.05,0.08,0.098,1000,1000,16,4096000,True,/home/najeeb/chanLira/channel_lira_results/phase7/stage2_primary/noisy_lira/reference_cache/eff_su2_r5_d2_wd0_428a825264448b6c7b20.npz,256000,2026-08-21T21:16:41+08:00,ibm_kingston,7af4abc6763339615cc42bd00fafb532e3c44a31c14bc574c88456a496136a2f,/home/najeeb/chanLira/channel_lira_results/phase7/stage2_primary/noisy_lira/sample_scores/MNIST_QNN_eff_su2_r5_d2_p7_s144_noisy_shot_sim1.npz,0.499,-0.002,0.856,0.858,1.4772202271659785,5
MNIST_QNN_eff_su2_r5_d2_p7_s144,eff_su2_r5_d2,eff_su2,5,2,144,143,noisy_shot,1,128,128,1,lira_offline_fixed_variance,0.4896709999999999,0.466712925,0.5098650250000001,200,0.033,0.048,0.077,0.1,1000,1000,16,4096000,True,/home/najeeb/chanLira/channel_lira_results/phase7/stage2_primary/noisy_lira/reference_cache/eff_su2_r5_d2_wd0_428a825264448b6c7b20.npz,256000,2026-08-21T21:16:41+08:00,ibm_kingston,7af4abc6763339615cc42bd00fafb532e3c44a31c14bc574c88456a496136a2f,/home/najeeb/chanLira/channel_lira_results/phase7/stage2_primary/noisy_lira/sample_scores/MNIST_QNN_eff_su2_r5_d2_p7_s144_noisy_shot_sim1.npz,0.496,-0.008,0.785,0.793,1.670679122184438,5
MNIST_QNN_eff_su2_r5_d2_p7_s144,eff_su2_r5_d2,eff_su2,5,2,144,143,noisy_shot,1,128,128,1,global_true_class_log_odds,0.532097,0.5083686500000001,0.552818425,200,0.045,0.048,0.101,0.1,1000,1000,16,4096000,True,/home/najeeb/chanLira/channel_lira_results/phase7/stage2_primary/noisy_lira/reference_cache/eff_su2_r5_d2_wd0_428a825264448b6c7b20.npz,256000,2026-08-21T21:16:41+08:00,ibm_kingston,7af4abc6763339615cc42bd00fafb532e3c44a31c14bc574c88456a496136a2f,/home/najeeb/chanLira/channel_lira_results/phase7/stage2_primary/noisy_lira/sample_scores/MNIST_QNN_eff_su2_r5_d2_p7_s144_noisy_shot_sim1.npz,0.542,0.0839999999999999,0.705,0.621,-0.1318230101681277,5
MNIST_QNN_eff_su2_r5_d2_p7_s144,eff_su2_r5_d2,eff_su2,5,2,144,143,noisy_shot,1,128,128,2,lira_online,0.527659,0.50110125,0.551540125,200,0.043,0.049,0.095,0.1,1000,1000,16,4096000,True,/home/najeeb/chanLira/channel_lira_results/phase7/stage2_primary/noisy_lira/reference_cache/eff_su2_r5_d2_wd0_428a825264448b6c7b20.npz,256000,2026-08-21T21:16:41+08:00,ibm_kingston,7af4abc6763339615cc42bd00fafb532e3c44a31c14bc574c88456a496136a2f,/home/najeeb/chanLira/channel_lira_results/phase7/stage2_primary/noisy_lira/sample_scores/MNIST_QNN_eff_su2_r5_d2_p7_s144_noisy_shot_sim2.npz,0.5185,0.037,0.556,0.519,0.0128057979769271,5
MNIST_QNN_eff_su2_r5_d2_p7_s144,eff_su2_r5_d2,eff_su2,5,2,144,143,noisy_shot,1,128,128,2,lira_online_fixed_variance,0.5096579999999999,0.48274665,0.53347035,200,0.051,0.049,0.091,0.1,1000,1000,16,4096000,True,/home/najeeb/chanLira/channel_lira_results/phase7/stage2_primary/noisy_lira/reference_cache/eff_su2_r5_d2_wd0_428a825264448b6c7b20.npz,256000,2026-08-21T21:16:41+08:00,ibm_kingston,7af4abc6763339615cc42bd00fafb532e3c44a31c14bc574c88456a496136a2f,/home/najeeb/chanLira/channel_lira_results/phase7/stage2_primary/noisy_lira/sample_scores/MNIST_QNN_eff_su2_r5_d2_p7_s144_noisy_shot_sim2.npz,0.4965,-0.007,0.548,0.555,-0.005963467019137,5
MNIST_QNN_eff_su2_r5_d2_p7_s144,eff_su2_r5_d2,eff_su2,5,2,144,143,noisy_shot,1,128,128,2,lira_offline,0.504745,0.482911725,0.5294564,200,0.041,0.049,0.087,0.1,1000,1000,16,4096000,True,/home/najeeb/chanLira/channel_lira_results/phase7/stage2_primary/noisy_lira/reference_cache/eff_su2_r5_d2_wd0_428a825264448b6c7b20.npz,256000,2026-08-21T21:16:41+08:00,ibm_kingston,7af4abc6763339615cc42bd00fafb532e3c44a31c14bc574c88456a496136a2f,/home/najeeb/chanLira/channel_lira_results/phase7/stage2_primary/noisy_lira/sample_scores/MNIST_QNN_eff_su2_r5_d2_p7_s144_noisy_shot_sim2.npz,0.5085000000000001,0.017,0.677,0.66,1.8885632679632351,5
MNIST_QNN_eff_su2_r5_d2_p7_s144,eff_su2_r5_d2,eff_su2,5,2,144,143,noisy_shot,1,128,128,2,lira_offline_fixed_variance,0.498478,0.47407285,0.52624015,200,0.041,0.05,0.092,0.098,1000,1000,16,4096000,True,/home/najeeb/chanLira/channel_lira_results/phase7/stage2_primary/noisy_lira/reference_cache/eff_su2_r5_d2_wd0_428a825264448b6c7b20.npz,256000,2026-08-21T21:16:41+08:00,ibm_kingston,7af4abc6763339615cc42bd00fafb532e3c44a31c14bc574c88456a496136a2f,/home/najeeb/chanLira/channel_lira_results/phase7/stage2_primary/noisy_lira/sample_scores/MNIST_QNN_eff_su2_r5_d2_p7_s144_noisy_shot_sim2.npz,0.51,0.02,0.874,0.854,1.659106458929939,5
MNIST_QNN_eff_su2_r5_d2_p7_s144,eff_su2_r5_d2,eff_su2,5,2,144,143,noisy_shot,1,128,128,2,global_true_class_log_odds,0.5508305,0.5264097249999999,0.572648975,200,0.074,0.05,0.113,0.098,1000,1000,16,4096000,True,/home/najeeb/chanLira/channel_lira_results/phase7/stage2_primary/noisy_lira/reference_cache/eff_su2_r5_d2_wd0_428a825264448b6c7b20.npz,256000,2026-08-21T21:16:41+08:00,ibm_kingston,7af4abc6763339615cc42bd00fafb532e3c44a31c14bc574c88456a496136a2f,/home/najeeb/chanLira/channel_lira_results/phase7/stage2_primary/noisy_lira/sample_scores/MNIST_QNN_eff_su2_r5_d2_p7_s144_noisy_shot_sim2.npz,0.532,0.0639999999999999,0.565,0.501,1.2309270947260016,5
MNIST_QNN_eff_su2_r5_d2_p7_s144,eff_su2_r5_d2,eff_su2,5,2,144,143,noisy_shot,1,128,128,3,lira_online,0.51968,0.494486075,0.545165275,200,0.06,0.05,0.104,0.099,1000,1000,16,4096000,True,/home/najeeb/chanLira/channel_lira_results/phase7/stage2_primary/noisy_lira/reference_cache/eff_su2_r5_d2_wd0_428a825264448b6c7b20.npz,256000,2026-08-21T21:16:41+08:00,ibm_kingston,7af4abc6763339615cc42bd00fafb532e3c44a31c14bc574c88456a496136a2f,/home/najeeb/chanLira/channel_lira_results/phase7/stage2_primary/noisy_lira/sample_scores/MNIST_QNN_eff_su2_r5_d2_p7_s144_noisy_shot_sim3.npz,0.5065,0.013,0.381,0.368,0.2985631109741895,5
MNIST_QNN_eff_su2_r5_d2_p7_s144,eff_su2_r5_d2,eff_su2,5,2,144,143,noisy_shot,1,128,128,3,lira_online_fixed_variance,0.494962,0.4736266999999999,0.518592825,200,0.06,0.05,0.106,0.1,1000,1000,16,4096000,True,/home/najeeb/chanLira/channel_lira_results/phase7/stage2_primary/noisy_lira/reference_cache/eff_su2_r5_d2_wd0_428a825264448b6c7b20.npz,256000,2026-08-21T21:16:41+08:00,ibm_kingston,7af4abc6763339615cc42bd00fafb532e3c44a31c14bc574c88456a496136a2f,/home/najeeb/chanLira/channel_lira_results/phase7/stage2_primary/noisy_lira/sample_scores/MNIST_QNN_eff_su2_r5_d2_p7_s144_noisy_shot_sim3.npz,0.4955,-0.009,0.187,0.196,0.9238216290734438,5
MNIST_QNN_eff_su2_r5_d2_p7_s144,eff_su2_r5_d2,eff_su2,5,2,144,143,noisy_shot,1,128,128,3,lira_offline,0.518765,0.495296525,0.5459360999999999,200,0.05,0.049,0.106,0.099,1000,1000,16,4096000,True,/home/najeeb/chanLira/channel_lira_results/phase7/stage2_primary/noisy_lira/reference_cache/eff_su2_r5_d2_wd0_428a825264448b6c7b20.npz,256000,2026-08-21T21:16:41+08:00,ibm_kingston,7af4abc6763339615cc42bd00fafb532e3c44a31c14bc574c88456a496136a2f,/home/najeeb/chanLira/channel_lira_results/phase7/stage2_primary/noisy_lira/sample_scores/MNIST_QNN_eff_su2_r5_d2_p7_s144_noisy_shot_sim3.npz,0.5125,0.0249999999999999,0.826,0.801,1.3635970478463555,5
MNIST_QNN_eff_su2_r5_d2_p7_s144,eff_su2_r5_d2,eff_su2,5,2,144,143,noisy_shot,1,128,128,3,lira_offline_fixed_variance,0.512693,0.491656725,0.535919675,200,0.054,0.049,0.108,0.099,1000,1000,16,4096000,True,/home/najeeb/chanLira/channel_lira_results/phase7/stage2_primary/noisy_lira/reference_cache/eff_su2_r5_d2_wd0_428a825264448b6c7b20.npz,256000,2026-08-21T21:16:41+08:00,ibm_kingston,7af4abc6763339615cc42bd00fafb532e3c44a31c14bc574c88456a496136a2f,/home/najeeb/chanLira/channel_lira_results/phase7/stage2_primary/noisy_lira/sample_scores/MNIST_QNN_eff_su2_r5_d2_p7_s144_noisy_shot_sim3.npz,0.495,-0.01,0.564,0.574,1.8055527758193144,5
MNIST_QNN_eff_su2_r5_d2_p7_s144,eff_su2_r5_d2,eff_su2,5,2,144,143,noisy_shot,1,128,128,3,global_true_class_log_odds,0.5233410000000001,0.498604375,0.5486362,200,0.066,0.05,0.123,0.099,1000,1000,16,4096000,True,/home/najeeb/chanLira/channel_lira_results/phase7/stage2_primary/noisy_lira/reference_cache/eff_su2_r5_d2_wd0_428a825264448b6c7b20.npz,256000,2026-08-21T21:16:41+08:00,ibm_kingston,7af4abc6763339615cc42bd00fafb532e3c44a31c14bc574c88456a496136a2f,/home/najeeb/chanLira/channel_lira_results/phase7/stage2_primary/noisy_lira/sample_scores/MNIST_QNN_eff_su2_r5_d2_p7_s144_noisy_shot_sim3.npz,0.524,0.0479999999999999,0.451,0.403,1.396442092213376,5
MNIST_QNN_eff_su2_r5_d2_p7_s144,eff_su2_r5_d2,eff_su2,5,2,144,143,noisy_shot,1,128,128,4,lira_online,0.5192509999999999,0.492142425,0.544890125,200,0.061,0.05,0.123,0.1,1000,1000,16,4096000,True,/home/najeeb/chanLira/channel_lira_results/phase7/stage2_primary/noisy_lira/reference_cache/eff_su2_r5_d2_wd0_428a825264448b6c7b20.npz,256000,2026-08-21T21:16:41+08:00,ibm_kingston,7af4abc6763339615cc42bd00fafb532e3c44a31c14bc574c88456a496136a2f,/home/najeeb/chanLira/channel_lira_results/phase7/stage2_primary/noisy_lira/sample_scores/MNIST_QNN_eff_su2_r5_d2_p7_s144_noisy_shot_sim4.npz,0.4984999999999999,-0.003,0.575,0.578,-0.1343150283112291,5
MNIST_QNN_eff_su2_r5_d2_p7_s144,eff_su2_r5_d2,eff_su2,5,2,144,143,noisy_shot,1,128,128,4,lira_online_fixed_variance,0.5177769999999999,0.49316005,0.53928755,200,0.051,0.049,0.116,0.098,1000,1000,16,4096000,True,/home/najeeb/chanLira/channel_lira_results/phase7/stage2_primary/noisy_lira/reference_cache/eff_su2_r5_d2_wd0_428a825264448b6c7b20.npz,256000,2026-08-21T21:16:41+08:00,ibm_kingston,7af4abc6763339615cc42bd00fafb532e3c44a31c14bc574c88456a496136a2f,/home/najeeb/chanLira/channel_lira_results/phase7/stage2_primary/noisy_lira/sample_scores/MNIST_QNN_eff_su2_r5_d2_p7_s144_noisy_shot_sim4.npz,0.504,0.008,0.627,0.619,-0.0414245141872053,5
MNIST_QNN_eff_su2_r5_d2_p7_s144,eff_su2_r5_d2,eff_su2,5,2,144,143,noisy_shot,1,128,128,4,lira_offline,0.5019,0.475679975,0.527862375,200,0.045,0.048,0.1,0.1,1000,1000,16,4096000,True,/home/najeeb/chanLira/channel_lira_results/phase7/stage2_primary/noisy_lira/reference_cache/eff_su2_r5_d2_wd0_428a825264448b6c7b20.npz,256000,2026-08-21T21:16:41+08:00,ibm_kingston,7af4abc6763339615cc42bd00fafb532e3c44a31c14bc574c88456a496136a2f,/home/najeeb/chanLira/channel_lira_results/phase7/stage2_primary/noisy_lira/sample_scores/MNIST_QNN_eff_su2_r5_d2_p7_s144_noisy_shot_sim4.npz,0.492,-0.016,0.408,0.424,2.114768488384409,5
MNIST_QNN_eff_su2_r5_d2_p7_s144,eff_su2_r5_d2,eff_su2,5,2,144,143,noisy_shot,1,128,128,4,lira_offline_fixed_variance,0.500667,0.472835925,0.5293962,200,0.041,0.05,0.105,0.097,1000,1000,16,4096000,True,/home/najeeb/chanLira/channel_lira_results/phase7/stage2_primary/noisy_lira/reference_cache/eff_su2_r5_d2_wd0_428a825264448b6c7b20.npz,256000,2026-08-21T21:16:41+08:00,ibm_kingston,7af4abc6763339615cc42bd00fafb532e3c44a31c14bc574c88456a496136a2f,/home/najeeb/chanLira/channel_lira_results/phase7/stage2_primary/noisy_lira/sample_scores/MNIST_QNN_eff_su2_r5_d2_p7_s144_noisy_shot_sim4.npz,0.501,0.002,0.329,0.327,2.226720258902346,5
MNIST_QNN_eff_su2_r5_d2_p7_s144,eff_su2_r5_d2,eff_su2,5,2,144,143,noisy_shot,1,128,128,4,global_true_class_log_odds,0.520204,0.497944775,0.54738235,200,0.067,0.05,0.106,0.097,1000,1000,16,4096000,True,/home/najeeb/chanLira/channel_lira_results/phase7/stage2_primary/noisy_lira/reference_cache/eff_su2_r5_d2_wd0_428a825264448b6c7b20.npz,256000,2026-08-21T21:16:41+08:00,ibm_kingston,7af4abc6763339615cc42bd00fafb532e3c44a31c14bc574c88456a496136a2f,/home/najeeb/chanLira/channel_lira_results/phase7/stage2_primary/noisy_lira/sample_scores/MNIST_QNN_eff_su2_r5_d2_p7_s144_noisy_shot_sim4.npz,0.52,0.04,0.543,0.503,0.6877415792346804,5
MNIST_QNN_eff_su2_r5_d2_p7_s144,eff_su2_r5_d2,eff_su2,5,2,144,143,noisy_shot,1,128,128,5,lira_online,0.495348,0.471997375,0.518784775,200,0.018,0.043,0.071,0.1,1000,1000,16,4096000,True,/home/najeeb/chanLira/channel_lira_results/phase7/stage2_primary/noisy_lira/reference_cache/eff_su2_r5_d2_wd0_428a825264448b6c7b20.npz,256000,2026-08-21T21:16:41+08:00,ibm_kingston,7af4abc6763339615cc42bd00fafb532e3c44a31c14bc574c88456a496136a2f,/home/najeeb/chanLira/channel_lira_results/phase7/stage2_primary/noisy_lira/sample_scores/MNIST_QNN_eff_su2_r5_d2_p7_s144_noisy_shot_sim5.npz,0.4955,-0.009,0.601,0.61,-0.0709342491104818,5
MNIST_QNN_eff_su2_r5_d2_p7_s144,eff_su2_r5_d2,eff_su2,5,2,144,143,noisy_shot,1,128,128,5,lira_online_fixed_variance,0.5049260000000001,0.481594375,0.53255495,200,0.041,0.048,0.098,0.1,1000,1000,16,4096000,True,/home/najeeb/chanLira/channel_lira_results/phase7/stage2_primary/noisy_lira/reference_cache/eff_su2_r5_d2_wd0_428a825264448b6c7b20.npz,256000,2026-08-21T21:16:41+08:00,ibm_kingston,7af4abc6763339615cc42bd00fafb532e3c44a31c14bc574c88456a496136a2f,/home/najeeb/chanLira/channel_lira_results/phase7/stage2_primary/noisy_lira/sample_scores/MNIST_QNN_eff_su2_r5_d2_p7_s144_noisy_shot_sim5.npz,0.4985,-0.003,0.606,0.609,-0.0130947176498228,5
MNIST_QNN_eff_su2_r5_d2_p7_s144,eff_su2_r5_d2,eff_su2,5,2,144,143,noisy_shot,1,128,128,5,lira_offline,0.471628,0.44839025,0.499041775,200,0.029,0.05,0.057,0.1,1000,1000,16,4096000,True,/home/najeeb/chanLira/channel_lira_results/phase7/stage2_primary/noisy_lira/reference_cache/eff_su2_r5_d2_wd0_428a825264448b6c7b20.npz,256000,2026-08-21T21:16:41+08:00,ibm_kingston,7af4abc6763339615cc42bd00fafb532e3c44a31c14bc574c88456a496136a2f,/home/najeeb/chanLira/channel_lira_results/phase7/stage2_primary/noisy_lira/sample_scores/MNIST_QNN_eff_su2_r5_d2_p7_s144_noisy_shot_sim5.npz,0.485,-0.03,0.605,0.635,1.678788501344158,5
MNIST_QNN_eff_su2_r5_d2_p7_s144,eff_su2_r5_d2,eff_su2,5,2,144,143,noisy_shot,1,128,128,5,lira_offline_fixed_variance,0.473327,0.4481699,0.498698525,200,0.035,0.05,0.08,0.1,1000,1000,16,4096000,True,/home/najeeb/chanLira/channel_lira_results/phase7/stage2_primary/noisy_lira/reference_cache/eff_su2_r5_d2_wd0_428a825264448b6c7b20.npz,256000,2026-08-21T21:16:41+08:00,ibm_kingston,7af4abc6763339615cc42bd00fafb532e3c44a31c14bc574c88456a496136a2f,/home/najeeb/chanLira/channel_lira_results/phase7/stage2_primary/noisy_lira/sample_scores/MNIST_QNN_eff_su2_r5_d2_p7_s144_noisy_shot_sim5.npz,0.4815,-0.037,0.866,0.903,1.6370332139641626,5
MNIST_QNN_eff_su2_r5_d2_p7_s144,eff_su2_r5_d2,eff_su2,5,2,144,143,noisy_shot,1,128,128,5,global_true_class_log_odds,0.5296045,0.50563945,0.5500709625,200,0.058,0.05,0.091,0.095,1000,1000,16,4096000,True,/home/najeeb/chanLira/channel_lira_results/phase7/stage2_primary/noisy_lira/reference_cache/eff_su2_r5_d2_wd0_428a825264448b6c7b20.npz,256000,2026-08-21T21:16:41+08:00,ibm_kingston,7af4abc6763339615cc42bd00fafb532e3c44a31c14bc574c88456a496136a2f,/home/najeeb/chanLira/channel_lira_results/phase7/stage2_primary/noisy_lira/sample_scores/MNIST_QNN_eff_su2_r5_d2_p7_s144_noisy_shot_sim5.npz,0.512,0.024,0.594,0.57,1.0655550542430414,5
MNIST_QNN_eff_su2_r5_d2_p7_s144,eff_su2_r5_d2,eff_su2,5,2,144,143,noisy_shot,1,128,128,6,lira_online,0.497776,0.471377125,0.52121165,200,0.052,0.049,0.099,0.1,1000,1000,16,4096000,True,/home/najeeb/chanLira/channel_lira_results/phase7/stage2_primary/noisy_lira/reference_cache/eff_su2_r5_d2_wd0_428a825264448b6c7b20.npz,256000,2026-08-21T21:16:41+08:00,ibm_kingston,7af4abc6763339615cc42bd00fafb532e3c44a31c14bc574c88456a496136a2f,/home/najeeb/chanLira/channel_lira_results/phase7/stage2_primary/noisy_lira/sample_scores/MNIST_QNN_eff_su2_r5_d2_p7_s144_noisy_shot_sim6.npz,0.4755,-0.049,0.49,0.539,-0.0566424050616478,5
MNIST_QNN_eff_su2_r5_d2_p7_s144,eff_su2_r5_d2,eff_su2,5,2,144,143,noisy_shot,1,128,128,6,lira_online_fixed_variance,0.4998589999999999,0.477246525,0.5234653,200,0.04,0.05,0.086,0.097,1000,1000,16,4096000,True,/home/najeeb/chanLira/channel_lira_results/phase7/stage2_primary/noisy_lira/reference_cache/eff_su2_r5_d2_wd0_428a825264448b6c7b20.npz,256000,2026-08-21T21:16:41+08:00,ibm_kingston,7af4abc6763339615cc42bd00fafb532e3c44a31c14bc574c88456a496136a2f,/home/najeeb/chanLira/channel_lira_results/phase7/stage2_primary/noisy_lira/sample_scores/MNIST_QNN_eff_su2_r5_d2_p7_s144_noisy_shot_sim6.npz,0.4935,-0.013,0.651,0.664,-0.0124169164117708,5
MNIST_QNN_eff_su2_r5_d2_p7_s144,eff_su2_r5_d2,eff_su2,5,2,144,143,noisy_shot,1,128,128,6,lira_offline,0.5084,0.48782085,0.5305520499999999,200,0.055,0.049,0.117,0.099,1000,1000,16,4096000,True,/home/najeeb/chanLira/channel_lira_results/phase7/stage2_primary/noisy_lira/reference_cache/eff_su2_r5_d2_wd0_428a825264448b6c7b20.npz,256000,2026-08-21T21:16:41+08:00,ibm_kingston,7af4abc6763339615cc42bd00fafb532e3c44a31c14bc574c88456a496136a2f,/home/najeeb/chanLira/channel_lira_results/phase7/stage2_primary/noisy_lira/sample_scores/MNIST_QNN_eff_su2_r5_d2_p7_s144_noisy_shot_sim6.npz,0.5025,0.005,0.502,0.497,1.876212059824548,5
MNIST_QNN_eff_su2_r5_d2_p7_s144,eff_su2_r5_d2,eff_su2,5,2,144,143,noisy_shot,1,128,128,6,lira_offline_fixed_variance,0.510529,0.486558725,0.5340149750000001,200,0.052,0.046,0.101,0.1,1000,1000,16,4096000,True,/home/najeeb/chanLira/channel_lira_results/phase7/stage2_primary/noisy_lira/reference_cache/eff_su2_r5_d2_wd0_428a825264448b6c7b20.npz,256000,2026-08-21T21:16:41+08:00,ibm_kingston,7af4abc6763339615cc42bd00fafb532e3c44a31c14bc574c88456a496136a2f,/home/najeeb/chanLira/channel_lira_results/phase7/stage2_primary/noisy_lira/sample_scores/MNIST_QNN_eff_su2_r5_d2_p7_s144_noisy_shot_sim6.npz,0.5065,0.0129999999999999,0.819,0.806,1.6761807535070077,5
MNIST_QNN_eff_su2_r5_d2_p7_s144,eff_su2_r5_d2,eff_su2,5,2,144,143,noisy_shot,1,128,128,6,global_true_class_log_odds,0.522894,0.50213825,0.5445912,200,0.066,0.05,0.109,0.1,1000,1000,16,4096000,True,/home/najeeb/chanLira/channel_lira_results/phase7/stage2_primary/noisy_lira/reference_cache/eff_su2_r5_d2_wd0_428a825264448b6c7b20.npz,256000,2026-08-21T21:16:41+08:00,ibm_kingston,7af4abc6763339615cc42bd00fafb532e3c44a31c14bc574c88456a496136a2f,/home/najeeb/chanLira/channel_lira_results/phase7/stage2_primary/noisy_lira/sample_scores/MNIST_QNN_eff_su2_r5_d2_p7_s144_noisy_shot_sim6.npz,0.5115000000000001,0.023,0.756,0.733,-1.8419614381238412,5
MNIST_QNN_eff_su2_r5_d2_p7_s144,eff_su2_r5_d2,eff_su2,5,2,144,143,noisy_shot,1,128,128,7,lira_online,0.496556,0.472624625,0.5230566750000001,200,0.042,0.049,0.091,0.097,1000,1000,16,4096000,True,/home/najeeb/chanLira/channel_lira_results/phase7/stage2_primary/noisy_lira/reference_cache/eff_su2_r5_d2_wd0_428a825264448b6c7b20.npz,256000,2026-08-21T21:16:41+08:00,ibm_kingston,7af4abc6763339615cc42bd00fafb532e3c44a31c14bc574c88456a496136a2f,/home/najeeb/chanLira/channel_lira_results/phase7/stage2_primary/noisy_lira/sample_scores/MNIST_QNN_eff_su2_r5_d2_p7_s144_noisy_shot_sim7.npz,0.497,-0.006,0.816,0.822,-1.1210964577207987,5
MNIST_QNN_eff_su2_r5_d2_p7_s144,eff_su2_r5_d2,eff_su2,5,2,144,143,noisy_shot,1,128,128,7,lira_online_fixed_variance,0.495313,0.4661818,0.5207963999999999,200,0.044,0.05,0.113,0.099,1000,1000,16,4096000,True,/home/najeeb/chanLira/channel_lira_results/phase7/stage2_primary/noisy_lira/reference_cache/eff_su2_r5_d2_wd0_428a825264448b6c7b20.npz,256000,2026-08-21T21:16:41+08:00,ibm_kingston,7af4abc6763339615cc42bd00fafb532e3c44a31c14bc574c88456a496136a2f,/home/najeeb/chanLira/channel_lira_results/phase7/stage2_primary/noisy_lira/sample_scores/MNIST_QNN_eff_su2_r5_d2_p7_s144_noisy_shot_sim7.npz,0.4985,-0.003,0.158,0.161,0.6180294943594151,5
MNIST_QNN_eff_su2_r5_d2_p7_s144,eff_su2_r5_d2,eff_su2,5,2,144,143,noisy_shot,1,128,128,7,lira_offline,0.48667,0.45793565,0.509565675,200,0.032,0.05,0.075,0.099,1000,1000,16,4096000,True,/home/najeeb/chanLira/channel_lira_results/phase7/stage2_primary/noisy_lira/reference_cache/eff_su2_r5_d2_wd0_428a825264448b6c7b20.npz,256000,2026-08-21T21:16:41+08:00,ibm_kingston,7af4abc6763339615cc42bd00fafb532e3c44a31c14bc574c88456a496136a2f,/home/najeeb/chanLira/channel_lira_results/phase7/stage2_primary/noisy_lira/sample_scores/MNIST_QNN_eff_su2_r5_d2_p7_s144_noisy_shot_sim7.npz,0.491,-0.018,0.614,0.632,2.1580813970741395,5
MNIST_QNN_eff_su2_r5_d2_p7_s144,eff_su2_r5_d2,eff_su2,5,2,144,143,noisy_shot,1,128,128,7,lira_offline_fixed_variance,0.483176,0.462182825,0.5048541,200,0.037,0.047,0.077,0.1,1000,1000,16,4096000,True,/home/najeeb/chanLira/channel_lira_results/phase7/stage2_primary/noisy_lira/reference_cache/eff_su2_r5_d2_wd0_428a825264448b6c7b20.npz,256000,2026-08-21T21:16:41+08:00,ibm_kingston,7af4abc6763339615cc42bd00fafb532e3c44a31c14bc574c88456a496136a2f,/home/najeeb/chanLira/channel_lira_results/phase7/stage2_primary/noisy_lira/sample_scores/MNIST_QNN_eff_su2_r5_d2_p7_s144_noisy_shot_sim7.npz,0.495,-0.01,0.663,0.673,1.6520989992150297,5
MNIST_QNN_eff_su2_r5_d2_p7_s144,eff_su2_r5_d2,eff_su2,5,2,144,143,noisy_shot,1,128,128,7,global_true_class_log_odds,0.529649,0.507177725,0.554830975,200,0.058,0.05,0.101,0.1,1000,1000,16,4096000,True,/home/najeeb/chanLira/channel_lira_results/phase7/stage2_primary/noisy_lira/reference_cache/eff_su2_r5_d2_wd0_428a825264448b6c7b20.npz,256000,2026-08-21T21:16:41+08:00,ibm_kingston,7af4abc6763339615cc42bd00fafb532e3c44a31c14bc574c88456a496136a2f,/home/najeeb/chanLira/channel_lira_results/phase7/stage2_primary/noisy_lira/sample_scores/MNIST_QNN_eff_su2_r5_d2_p7_s144_noisy_shot_sim7.npz,0.515,0.0299999999999999,0.696,0.666,-0.2587330664183583,5
MNIST_QNN_eff_su2_r5_d2_p7_s144,eff_su2_r5_d2,eff_su2,5,2,144,143,noisy_shot,1,128,128,8,lira_online,0.4928389999999999,0.46867065,0.516917175,200,0.052,0.05,0.106,0.1,1000,1000,16,4096000,True,/home/najeeb/chanLira/channel_lira_results/phase7/stage2_primary/noisy_lira/reference_cache/eff_su2_r5_d2_wd0_428a825264448b6c7b20.npz,256000,2026-08-21T21:16:41+08:00,ibm_kingston,7af4abc6763339615cc42bd00fafb532e3c44a31c14bc574c88456a496136a2f,/home/najeeb/chanLira/channel_lira_results/phase7/stage2_primary/noisy_lira/sample_scores/MNIST_QNN_eff_su2_r5_d2_p7_s144_noisy_shot_sim8.npz,0.496,-0.008,0.762,0.77,-3.8913802285727135,5
MNIST_QNN_eff_su2_r5_d2_p7_s144,eff_su2_r5_d2,eff_su2,5,2,144,143,noisy_shot,1,128,128,8,lira_online_fixed_variance,0.4981839999999999,0.47067205,0.523370075,200,0.069,0.05,0.109,0.1,1000,1000,16,4096000,True,/home/najeeb/chanLira/channel_lira_results/phase7/stage2_primary/noisy_lira/reference_cache/eff_su2_r5_d2_wd0_428a825264448b6c7b20.npz,256000,2026-08-21T21:16:41+08:00,ibm_kingston,7af4abc6763339615cc42bd00fafb532e3c44a31c14bc574c88456a496136a2f,/home/najeeb/chanLira/channel_lira_results/phase7/stage2_primary/noisy_lira/sample_scores/MNIST_QNN_eff_su2_r5_d2_p7_s144_noisy_shot_sim8.npz,0.5045,0.009,0.873,0.864,-0.6401525111015174,5
MNIST_QNN_eff_su2_r5_d2_p7_s144,eff_su2_r5_d2,eff_su2,5,2,144,143,noisy_shot,1,128,128,8,lira_offline,0.480358,0.45496405,0.505829725,200,0.048,0.049,0.085,0.099,1000,1000,16,4096000,True,/home/najeeb/chanLira/channel_lira_results/phase7/stage2_primary/noisy_lira/reference_cache/eff_su2_r5_d2_wd0_428a825264448b6c7b20.npz,256000,2026-08-21T21:16:41+08:00,ibm_kingston,7af4abc6763339615cc42bd00fafb532e3c44a31c14bc574c88456a496136a2f,/home/najeeb/chanLira/channel_lira_results/phase7/stage2_primary/noisy_lira/sample_scores/MNIST_QNN_eff_su2_r5_d2_p7_s144_noisy_shot_sim8.npz,0.492,-0.016,0.669,0.685,0.8869226852975529,5
MNIST_QNN_eff_su2_r5_d2_p7_s144,eff_su2_r5_d2,eff_su2,5,2,144,143,noisy_shot,1,128,128,8,lira_offline_fixed_variance,0.477966,0.451288325,0.503412575,200,0.028,0.05,0.089,0.1,1000,1000,16,4096000,True,/home/najeeb/chanLira/channel_lira_results/phase7/stage2_primary/noisy_lira/reference_cache/eff_su2_r5_d2_wd0_428a825264448b6c7b20.npz,256000,2026-08-21T21:16:41+08:00,ibm_kingston,7af4abc6763339615cc42bd00fafb532e3c44a31c14bc574c88456a496136a2f,/home/najeeb/chanLira/channel_lira_results/phase7/stage2_primary/noisy_lira/sample_scores/MNIST_QNN_eff_su2_r5_d2_p7_s144_noisy_shot_sim8.npz,0.49,-0.02,0.492,0.512,2.863720408708752,5
MNIST_QNN_eff_su2_r5_d2_p7_s144,eff_su2_r5_d2,eff_su2,5,2,144,143,noisy_shot,1,128,128,8,global_true_class_log_odds,0.5332225,0.505774375,0.56034735,200,0.057,0.049,0.106,0.1,1000,1000,16,4096000,True,/home/najeeb/chanLira/channel_lira_results/phase7/stage2_primary/noisy_lira/reference_cache/eff_su2_r5_d2_wd0_428a825264448b6c7b20.npz,256000,2026-08-21T21:16:41+08:00,ibm_kingston,7af4abc6763339615cc42bd00fafb532e3c44a31c14bc574c88456a496136a2f,/home/najeeb/chanLira/channel_lira_results/phase7/stage2_primary/noisy_lira/sample_scores/MNIST_QNN_eff_su2_r5_d2_p7_s144_noisy_shot_sim8.npz,0.5205,0.0409999999999999,0.724,0.683,-0.2717136508672051,5
MNIST_QNN_eff_su2_r5_d2_p7_s144,eff_su2_r5_d2,eff_su2,5,2,144,143,noisy_shot,1,128,128,9,lira_online,0.490073,0.4616357,0.51421755,200,0.053,0.048,0.095,0.099,1000,1000,16,4096000,True,/home/najeeb/chanLira/channel_lira_results/phase7/stage2_primary/noisy_lira/reference_cache/eff_su2_r5_d2_wd0_428a825264448b6c7b20.npz,256000,2026-08-21T21:16:41+08:00,ibm_kingston,7af4abc6763339615cc42bd00fafb532e3c44a31c14bc574c88456a496136a2f,/home/najeeb/chanLira/channel_lira_results/phase7/stage2_primary/noisy_lira/sample_scores/MNIST_QNN_eff_su2_r5_d2_p7_s144_noisy_shot_sim9.npz,0.505,0.01,0.88,0.87,-0.8312012074793096,5
MNIST_QNN_eff_su2_r5_d2_p7_s144,eff_su2_r5_d2,eff_su2,5,2,144,143,noisy_shot,1,128,128,9,lira_online_fixed_variance,0.4876099999999999,0.4647142,0.512136275,200,0.056,0.049,0.099,0.098,1000,1000,16,4096000,True,/home/najeeb/chanLira/channel_lira_results/phase7/stage2_primary/noisy_lira/reference_cache/eff_su2_r5_d2_wd0_428a825264448b6c7b20.npz,256000,2026-08-21T21:16:41+08:00,ibm_kingston,7af4abc6763339615cc42bd00fafb532e3c44a31c14bc574c88456a496136a2f,/home/najeeb/chanLira/channel_lira_results/phase7/stage2_primary/noisy_lira/sample_scores/MNIST_QNN_eff_su2_r5_d2_p7_s144_noisy_shot_sim9.npz,0.496,-0.008,0.858,0.866,-1.5096791846540327,5
MNIST_QNN_eff_su2_r5_d2_p7_s144,eff_su2_r5_d2,eff_su2,5,2,144,143,noisy_shot,1,128,128,9,lira_offline,0.489663,0.46339425,0.51532715,200,0.042,0.045,0.075,0.1,1000,1000,16,4096000,True,/home/najeeb/chanLira/channel_lira_results/phase7/stage2_primary/noisy_lira/reference_cache/eff_su2_r5_d2_wd0_428a825264448b6c7b20.npz,256000,2026-08-21T21:16:41+08:00,ibm_kingston,7af4abc6763339615cc42bd00fafb532e3c44a31c14bc574c88456a496136a2f,/home/najeeb/chanLira/channel_lira_results/phase7/stage2_primary/noisy_lira/sample_scores/MNIST_QNN_eff_su2_r5_d2_p7_s144_noisy_shot_sim9.npz,0.495,-0.01,0.725,0.735,1.8256319269947463,5
MNIST_QNN_eff_su2_r5_d2_p7_s144,eff_su2_r5_d2,eff_su2,5,2,144,143,noisy_shot,1,128,128,9,lira_offline_fixed_variance,0.498321,0.47617305,0.52546605,200,0.035,0.049,0.081,0.1,1000,1000,16,4096000,True,/home/najeeb/chanLira/channel_lira_results/phase7/stage2_primary/noisy_lira/reference_cache/eff_su2_r5_d2_wd0_428a825264448b6c7b20.npz,256000,2026-08-21T21:16:41+08:00,ibm_kingston,7af4abc6763339615cc42bd00fafb532e3c44a31c14bc574c88456a496136a2f,/home/najeeb/chanLira/channel_lira_results/phase7/stage2_primary/noisy_lira/sample_scores/MNIST_QNN_eff_su2_r5_d2_p7_s144_noisy_shot_sim9.npz,0.5085,0.017,0.656,0.639,1.7614437940608358,5
MNIST_QNN_eff_su2_r5_d2_p7_s144,eff_su2_r5_d2,eff_su2,5,2,144,143,noisy_shot,1,128,128,9,global_true_class_log_odds,0.541111,0.5141981,0.5640386000000001,200,0.054,0.05,0.098,0.1,1000,1000,16,4096000,True,/home/najeeb/chanLira/channel_lira_results/phase7/stage2_primary/noisy_lira/reference_cache/eff_su2_r5_d2_wd0_428a825264448b6c7b20.npz,256000,2026-08-21T21:16:41+08:00,ibm_kingston,7af4abc6763339615cc42bd00fafb532e3c44a31c14bc574c88456a496136a2f,/home/najeeb/chanLira/channel_lira_results/phase7/stage2_primary/noisy_lira/sample_scores/MNIST_QNN_eff_su2_r5_d2_p7_s144_noisy_shot_sim9.npz,0.5305,0.061,0.629,0.568,0.3510002681196973,5
MNIST_QNN_eff_su2_r5_d2_p7_s145,eff_su2_r5_d2,eff_su2,5,2,145,143,noisy_shot,1,128,128,0,lira_online,0.489101,0.468382875,0.5161879,200,0.058,0.05,0.1,0.099,1000,1000,16,4096000,True,/home/najeeb/chanLira/channel_lira_results/phase7/stage2_primary/noisy_lira/reference_cache/eff_su2_r5_d2_wd0_428a825264448b6c7b20.npz,256000,2026-08-21T21:16:41+08:00,ibm_kingston,7af4abc6763339615cc42bd00fafb532e3c44a31c14bc574c88456a496136a2f,/home/najeeb/chanLira/channel_lira_results/phase7/stage2_primary/noisy_lira/sample_scores/MNIST_QNN_eff_su2_r5_d2_p7_s145_noisy_shot_sim0.npz,0.489,-0.022,0.38,0.402,1.474209272347276,5
MNIST_QNN_eff_su2_r5_d2_p7_s145,eff_su2_r5_d2,eff_su2,5,2,145,143,noisy_shot,1,128,128,0,lira_online_fixed_variance,0.488459,0.464065275,0.515229475,200,0.056,0.049,0.1,0.098,1000,1000,16,4096000,True,/home/najeeb/chanLira/channel_lira_results/phase7/stage2_primary/noisy_lira/reference_cache/eff_su2_r5_d2_wd0_428a825264448b6c7b20.npz,256000,2026-08-21T21:16:41+08:00,ibm_kingston,7af4abc6763339615cc42bd00fafb532e3c44a31c14bc574c88456a496136a2f,/home/najeeb/chanLira/channel_lira_results/phase7/stage2_primary/noisy_lira/sample_scores/MNIST_QNN_eff_su2_r5_d2_p7_s145_noisy_shot_sim0.npz,0.5015000000000001,0.003,0.925,0.922,-1.1127426773759748,5
MNIST_QNN_eff_su2_r5_d2_p7_s145,eff_su2_r5_d2,eff_su2,5,2,145,143,noisy_shot,1,128,128,0,lira_offline,0.504108,0.476370275,0.52799195,200,0.051,0.05,0.101,0.1,1000,1000,16,4096000,True,/home/najeeb/chanLira/channel_lira_results/phase7/stage2_primary/noisy_lira/reference_cache/eff_su2_r5_d2_wd0_428a825264448b6c7b20.npz,256000,2026-08-21T21:16:41+08:00,ibm_kingston,7af4abc6763339615cc42bd00fafb532e3c44a31c14bc574c88456a496136a2f,/home/najeeb/chanLira/channel_lira_results/phase7/stage2_primary/noisy_lira/sample_scores/MNIST_QNN_eff_su2_r5_d2_p7_s145_noisy_shot_sim0.npz,0.495,-0.01,0.55,0.56,1.9492460467134085,5
MNIST_QNN_eff_su2_r5_d2_p7_s145,eff_su2_r5_d2,eff_su2,5,2,145,143,noisy_shot,1,128,128,0,lira_offline_fixed_variance,0.492649,0.473487075,0.5200913,200,0.061,0.05,0.107,0.098,1000,1000,16,4096000,True,/home/najeeb/chanLira/channel_lira_results/phase7/stage2_primary/noisy_lira/reference_cache/eff_su2_r5_d2_wd0_428a825264448b6c7b20.npz,256000,2026-08-21T21:16:41+08:00,ibm_kingston,7af4abc6763339615cc42bd00fafb532e3c44a31c14bc574c88456a496136a2f,/home/najeeb/chanLira/channel_lira_results/phase7/stage2_primary/noisy_lira/sample_scores/MNIST_QNN_eff_su2_r5_d2_p7_s145_noisy_shot_sim0.npz,0.498,-0.004,0.482,0.486,1.8745487627755395,5
MNIST_QNN_eff_su2_r5_d2_p7_s145,eff_su2_r5_d2,eff_su2,5,2,145,143,noisy_shot,1,128,128,0,global_true_class_log_odds,0.534776,0.5097605749999999,0.5573476749999999,200,0.055,0.05,0.109,0.098,1000,1000,16,4096000,True,/home/najeeb/chanLira/channel_lira_results/phase7/stage2_primary/noisy_lira/reference_cache/eff_su2_r5_d2_wd0_428a825264448b6c7b20.npz,256000,2026-08-21T21:16:41+08:00,ibm_kingston,7af4abc6763339615cc42bd00fafb532e3c44a31c14bc574c88456a496136a2f,/home/najeeb/chanLira/channel_lira_results/phase7/stage2_primary/noisy_lira/sample_scores/MNIST_QNN_eff_su2_r5_d2_p7_s145_noisy_shot_sim0.npz,0.5105,0.021,0.498,0.477,0.7946387970319932,5
MNIST_QNN_eff_su2_r5_d2_p7_s145,eff_su2_r5_d2,eff_su2,5,2,145,143,noisy_shot,1,128,128,1,lira_online,0.496821,0.473559825,0.5208975750000001,200,0.056,0.05,0.105,0.1,1000,1000,16,4096000,True,/home/najeeb/chanLira/channel_lira_results/phase7/stage2_primary/noisy_lira/reference_cache/eff_su2_r5_d2_wd0_428a825264448b6c7b20.npz,256000,2026-08-21T21:16:41+08:00,ibm_kingston,7af4abc6763339615cc42bd00fafb532e3c44a31c14bc574c88456a496136a2f,/home/najeeb/chanLira/channel_lira_results/phase7/stage2_primary/noisy_lira/sample_scores/MNIST_QNN_eff_su2_r5_d2_p7_s145_noisy_shot_sim1.npz,0.482,-0.0359999999999999,0.373,0.409,-0.0731712085152871,5
MNIST_QNN_eff_su2_r5_d2_p7_s145,eff_su2_r5_d2,eff_su2,5,2,145,143,noisy_shot,1,128,128,1,lira_online_fixed_variance,0.503772,0.478473325,0.5304089,200,0.067,0.05,0.099,0.099,1000,1000,16,4096000,True,/home/najeeb/chanLira/channel_lira_results/phase7/stage2_primary/noisy_lira/reference_cache/eff_su2_r5_d2_wd0_428a825264448b6c7b20.npz,256000,2026-08-21T21:16:41+08:00,ibm_kingston,7af4abc6763339615cc42bd00fafb532e3c44a31c14bc574c88456a496136a2f,/home/najeeb/chanLira/channel_lira_results/phase7/stage2_primary/noisy_lira/sample_scores/MNIST_QNN_eff_su2_r5_d2_p7_s145_noisy_shot_sim1.npz,0.499,-0.002,0.433,0.435,0.0884944798341185,5
MNIST_QNN_eff_su2_r5_d2_p7_s145,eff_su2_r5_d2,eff_su2,5,2,145,143,noisy_shot,1,128,128,1,lira_offline,0.5021519999999999,0.4751181,0.526984725,200,0.06,0.049,0.101,0.1,1000,1000,16,4096000,True,/home/najeeb/chanLira/channel_lira_results/phase7/stage2_primary/noisy_lira/reference_cache/eff_su2_r5_d2_wd0_428a825264448b6c7b20.npz,256000,2026-08-21T21:16:41+08:00,ibm_kingston,7af4abc6763339615cc42bd00fafb532e3c44a31c14bc574c88456a496136a2f,/home/najeeb/chanLira/channel_lira_results/phase7/stage2_primary/noisy_lira/sample_scores/MNIST_QNN_eff_su2_r5_d2_p7_s145_noisy_shot_sim1.npz,0.505,0.01,0.341,0.331,3.0233827631678047,5
MNIST_QNN_eff_su2_r5_d2_p7_s145,eff_su2_r5_d2,eff_su2,5,2,145,143,noisy_shot,1,128,128,1,lira_offline_fixed_variance,0.5013,0.477474475,0.52707675,200,0.057,0.05,0.101,0.099,1000,1000,16,4096000,True,/home/najeeb/chanLira/channel_lira_results/phase7/stage2_primary/noisy_lira/reference_cache/eff_su2_r5_d2_wd0_428a825264448b6c7b20.npz,256000,2026-08-21T21:16:41+08:00,ibm_kingston,7af4abc6763339615cc42bd00fafb532e3c44a31c14bc574c88456a496136a2f,/home/najeeb/chanLira/channel_lira_results/phase7/stage2_primary/noisy_lira/sample_scores/MNIST_QNN_eff_su2_r5_d2_p7_s145_noisy_shot_sim1.npz,0.483,-0.034,0.478,0.512,1.807594190171805,5
MNIST_QNN_eff_su2_r5_d2_p7_s145,eff_su2_r5_d2,eff_su2,5,2,145,143,noisy_shot,1,128,128,1,global_true_class_log_odds,0.51798,0.491252225,0.539151575,200,0.051,0.05,0.108,0.099,1000,1000,16,4096000,True,/home/najeeb/chanLira/channel_lira_results/phase7/stage2_primary/noisy_lira/reference_cache/eff_su2_r5_d2_wd0_428a825264448b6c7b20.npz,256000,2026-08-21T21:16:41+08:00,ibm_kingston,7af4abc6763339615cc42bd00fafb532e3c44a31c14bc574c88456a496136a2f,/home/najeeb/chanLira/channel_lira_results/phase7/stage2_primary/noisy_lira/sample_scores/MNIST_QNN_eff_su2_r5_d2_p7_s145_noisy_shot_sim1.npz,0.514,0.028,0.63,0.602,0.5016601993245167,5
MNIST_QNN_eff_su2_r5_d2_p7_s145,eff_su2_r5_d2,eff_su2,5,2,145,143,noisy_shot,1,128,128,2,lira_online,0.470668,0.448610825,0.4974053499999999,200,0.038,0.049,0.071,0.096,1000,1000,16,4096000,True,/home/najeeb/chanLira/channel_lira_results/phase7/stage2_primary/noisy_lira/reference_cache/eff_su2_r5_d2_wd0_428a825264448b6c7b20.npz,256000,2026-08-21T21:16:41+08:00,ibm_kingston,7af4abc6763339615cc42bd00fafb532e3c44a31c14bc574c88456a496136a2f,/home/najeeb/chanLira/channel_lira_results/phase7/stage2_primary/noisy_lira/sample_scores/MNIST_QNN_eff_su2_r5_d2_p7_s145_noisy_shot_sim2.npz,0.483,-0.034,0.868,0.902,-0.7697318986679536,5
MNIST_QNN_eff_su2_r5_d2_p7_s145,eff_su2_r5_d2,eff_su2,5,2,145,143,noisy_shot,1,128,128,2,lira_online_fixed_variance,0.486158,0.461216575,0.513324725,200,0.05,0.049,0.084,0.1,1000,1000,16,4096000,True,/home/najeeb/chanLira/channel_lira_results/phase7/stage2_primary/noisy_lira/reference_cache/eff_su2_r5_d2_wd0_428a825264448b6c7b20.npz,256000,2026-08-21T21:16:41+08:00,ibm_kingston,7af4abc6763339615cc42bd00fafb532e3c44a31c14bc574c88456a496136a2f,/home/najeeb/chanLira/channel_lira_results/phase7/stage2_primary/noisy_lira/sample_scores/MNIST_QNN_eff_su2_r5_d2_p7_s145_noisy_shot_sim2.npz,0.502,0.004,0.904,0.9,-0.8551431523679343,5
MNIST_QNN_eff_su2_r5_d2_p7_s145,eff_su2_r5_d2,eff_su2,5,2,145,143,noisy_shot,1,128,128,2,lira_offline,0.4976669999999999,0.4722757999999999,0.5199545000000001,200,0.038,0.048,0.087,0.1,1000,1000,16,4096000,True,/home/najeeb/chanLira/channel_lira_results/phase7/stage2_primary/noisy_lira/reference_cache/eff_su2_r5_d2_wd0_428a825264448b6c7b20.npz,256000,2026-08-21T21:16:41+08:00,ibm_kingston,7af4abc6763339615cc42bd00fafb532e3c44a31c14bc574c88456a496136a2f,/home/najeeb/chanLira/channel_lira_results/phase7/stage2_primary/noisy_lira/sample_scores/MNIST_QNN_eff_su2_r5_d2_p7_s145_noisy_shot_sim2.npz,0.5105,0.021,0.625,0.604,1.854170955246248,5
MNIST_QNN_eff_su2_r5_d2_p7_s145,eff_su2_r5_d2,eff_su2,5,2,145,143,noisy_shot,1,128,128,2,lira_offline_fixed_variance,0.504971,0.48116875,0.52884365,200,0.051,0.05,0.11,0.099,1000,1000,16,4096000,True,/home/najeeb/chanLira/channel_lira_results/phase7/stage2_primary/noisy_lira/reference_cache/eff_su2_r5_d2_wd0_428a825264448b6c7b20.npz,256000,2026-08-21T21:16:41+08:00,ibm_kingston,7af4abc6763339615cc42bd00fafb532e3c44a31c14bc574c88456a496136a2f,/home/najeeb/chanLira/channel_lira_results/phase7/stage2_primary/noisy_lira/sample_scores/MNIST_QNN_eff_su2_r5_d2_p7_s145_noisy_shot_sim2.npz,0.514,0.028,0.544,0.516,1.91257467557328,5
MNIST_QNN_eff_su2_r5_d2_p7_s145,eff_su2_r5_d2,eff_su2,5,2,145,143,noisy_shot,1,128,128,2,global_true_class_log_odds,0.529498,0.5048513750000001,0.55142345,200,0.076,0.05,0.128,0.099,1000,1000,16,4096000,True,/home/najeeb/chanLira/channel_lira_results/phase7/stage2_primary/noisy_lira/reference_cache/eff_su2_r5_d2_wd0_428a825264448b6c7b20.npz,256000,2026-08-21T21:16:41+08:00,ibm_kingston,7af4abc6763339615cc42bd00fafb532e3c44a31c14bc574c88456a496136a2f,/home/najeeb/chanLira/channel_lira_results/phase7/stage2_primary/noisy_lira/sample_scores/MNIST_QNN_eff_su2_r5_d2_p7_s145_noisy_shot_sim2.npz,0.517,0.034,0.615,0.581,0.1451723880271124,5
MNIST_QNN_eff_su2_r5_d2_p7_s145,eff_su2_r5_d2,eff_su2,5,2,145,143,noisy_shot,1,128,128,3,lira_online,0.502958,0.4777220749999999,0.527009975,200,0.059,0.049,0.106,0.1,1000,1000,16,4096000,True,/home/najeeb/chanLira/channel_lira_results/phase7/stage2_primary/noisy_lira/reference_cache/eff_su2_r5_d2_wd0_428a825264448b6c7b20.npz,256000,2026-08-21T21:16:41+08:00,ibm_kingston,7af4abc6763339615cc42bd00fafb532e3c44a31c14bc574c88456a496136a2f,/home/najeeb/chanLira/channel_lira_results/phase7/stage2_primary/noisy_lira/sample_scores/MNIST_QNN_eff_su2_r5_d2_p7_s145_noisy_shot_sim3.npz,0.4905,-0.019,0.432,0.451,0.4937214711272757,5
MNIST_QNN_eff_su2_r5_d2_p7_s145,eff_su2_r5_d2,eff_su2,5,2,145,143,noisy_shot,1,128,128,3,lira_online_fixed_variance,0.4917979999999999,0.469791475,0.519731725,200,0.054,0.05,0.105,0.096,1000,1000,16,4096000,True,/home/najeeb/chanLira/channel_lira_results/phase7/stage2_primary/noisy_lira/reference_cache/eff_su2_r5_d2_wd0_428a825264448b6c7b20.npz,256000,2026-08-21T21:16:41+08:00,ibm_kingston,7af4abc6763339615cc42bd00fafb532e3c44a31c14bc574c88456a496136a2f,/home/najeeb/chanLira/channel_lira_results/phase7/stage2_primary/noisy_lira/sample_scores/MNIST_QNN_eff_su2_r5_d2_p7_s145_noisy_shot_sim3.npz,0.492,-0.016,0.215,0.231,0.1519986723918398,5
MNIST_QNN_eff_su2_r5_d2_p7_s145,eff_su2_r5_d2,eff_su2,5,2,145,143,noisy_shot,1,128,128,3,lira_offline,0.514421,0.489079275,0.5427093500000001,200,0.065,0.049,0.114,0.098,1000,1000,16,4096000,True,/home/najeeb/chanLira/channel_lira_results/phase7/stage2_primary/noisy_lira/reference_cache/eff_su2_r5_d2_wd0_428a825264448b6c7b20.npz,256000,2026-08-21T21:16:41+08:00,ibm_kingston,7af4abc6763339615cc42bd00fafb532e3c44a31c14bc574c88456a496136a2f,/home/najeeb/chanLira/channel_lira_results/phase7/stage2_primary/noisy_lira/sample_scores/MNIST_QNN_eff_su2_r5_d2_p7_s145_noisy_shot_sim3.npz,0.497,-0.006,0.453,0.459,2.4737345283879946,5
MNIST_QNN_eff_su2_r5_d2_p7_s145,eff_su2_r5_d2,eff_su2,5,2,145,143,noisy_shot,1,128,128,3,lira_offline_fixed_variance,0.505609,0.4808481,0.52998115,200,0.055,0.049,0.118,0.1,1000,1000,16,4096000,True,/home/najeeb/chanLira/channel_lira_results/phase7/stage2_primary/noisy_lira/reference_cache/eff_su2_r5_d2_wd0_428a825264448b6c7b20.npz,256000,2026-08-21T21:16:41+08:00,ibm_kingston,7af4abc6763339615cc42bd00fafb532e3c44a31c14bc574c88456a496136a2f,/home/najeeb/chanLira/channel_lira_results/phase7/stage2_primary/noisy_lira/sample_scores/MNIST_QNN_eff_su2_r5_d2_p7_s145_noisy_shot_sim3.npz,0.5065,0.013,0.321,0.308,2.6402603580673105,5
MNIST_QNN_eff_su2_r5_d2_p7_s145,eff_su2_r5_d2,eff_su2,5,2,145,143,noisy_shot,1,128,128,3,global_true_class_log_odds,0.5140545,0.489952825,0.5378209500000001,200,0.054,0.05,0.102,0.1,1000,1000,16,4096000,True,/home/najeeb/chanLira/channel_lira_results/phase7/stage2_primary/noisy_lira/reference_cache/eff_su2_r5_d2_wd0_428a825264448b6c7b20.npz,256000,2026-08-21T21:16:41+08:00,ibm_kingston,7af4abc6763339615cc42bd00fafb532e3c44a31c14bc574c88456a496136a2f,/home/najeeb/chanLira/channel_lira_results/phase7/stage2_primary/noisy_lira/sample_scores/MNIST_QNN_eff_su2_r5_d2_p7_s145_noisy_shot_sim3.npz,0.5225,0.0449999999999999,0.586,0.541,0.3540039606733537,5
MNIST_QNN_eff_su2_r5_d2_p7_s145,eff_su2_r5_d2,eff_su2,5,2,145,143,noisy_shot,1,128,128,4,lira_online,0.502522,0.475369675,0.52779895,200,0.047,0.048,0.102,0.098,1000,1000,16,4096000,True,/home/najeeb/chanLira/channel_lira_results/phase7/stage2_primary/noisy_lira/reference_cache/eff_su2_r5_d2_wd0_428a825264448b6c7b20.npz,256000,2026-08-21T21:16:41+08:00,ibm_kingston,7af4abc6763339615cc42bd00fafb532e3c44a31c14bc574c88456a496136a2f,/home/najeeb/chanLira/channel_lira_results/phase7/stage2_primary/noisy_lira/sample_scores/MNIST_QNN_eff_su2_r5_d2_p7_s145_noisy_shot_sim4.npz,0.5045,0.009,0.513,0.504,-0.1651261118324321,5
MNIST_QNN_eff_su2_r5_d2_p7_s145,eff_su2_r5_d2,eff_su2,5,2,145,143,noisy_shot,1,128,128,4,lira_online_fixed_variance,0.5047780000000001,0.4824445,0.5304365,200,0.052,0.05,0.1,0.097,1000,1000,16,4096000,True,/home/najeeb/chanLira/channel_lira_results/phase7/stage2_primary/noisy_lira/reference_cache/eff_su2_r5_d2_wd0_428a825264448b6c7b20.npz,256000,2026-08-21T21:16:41+08:00,ibm_kingston,7af4abc6763339615cc42bd00fafb532e3c44a31c14bc574c88456a496136a2f,/home/najeeb/chanLira/channel_lira_results/phase7/stage2_primary/noisy_lira/sample_scores/MNIST_QNN_eff_su2_r5_d2_p7_s145_noisy_shot_sim4.npz,0.492,-0.016,0.387,0.403,0.025017627051638,5
MNIST_QNN_eff_su2_r5_d2_p7_s145,eff_su2_r5_d2,eff_su2,5,2,145,143,noisy_shot,1,128,128,4,lira_offline,0.5242060000000001,0.49690675,0.54739015,200,0.065,0.05,0.105,0.099,1000,1000,16,4096000,True,/home/najeeb/chanLira/channel_lira_results/phase7/stage2_primary/noisy_lira/reference_cache/eff_su2_r5_d2_wd0_428a825264448b6c7b20.npz,256000,2026-08-21T21:16:41+08:00,ibm_kingston,7af4abc6763339615cc42bd00fafb532e3c44a31c14bc574c88456a496136a2f,/home/najeeb/chanLira/channel_lira_results/phase7/stage2_primary/noisy_lira/sample_scores/MNIST_QNN_eff_su2_r5_d2_p7_s145_noisy_shot_sim4.npz,0.5225,0.045,0.686,0.641,1.838672379267148,5
MNIST_QNN_eff_su2_r5_d2_p7_s145,eff_su2_r5_d2,eff_su2,5,2,145,143,noisy_shot,1,128,128,4,lira_offline_fixed_variance,0.520738,0.493837475,0.546846675,200,0.06,0.05,0.114,0.097,1000,1000,16,4096000,True,/home/najeeb/chanLira/channel_lira_results/phase7/stage2_primary/noisy_lira/reference_cache/eff_su2_r5_d2_wd0_428a825264448b6c7b20.npz,256000,2026-08-21T21:16:41+08:00,ibm_kingston,7af4abc6763339615cc42bd00fafb532e3c44a31c14bc574c88456a496136a2f,/home/najeeb/chanLira/channel_lira_results/phase7/stage2_primary/noisy_lira/sample_scores/MNIST_QNN_eff_su2_r5_d2_p7_s145_noisy_shot_sim4.npz,0.522,0.044,0.672,0.628,1.7825651836318106,5
MNIST_QNN_eff_su2_r5_d2_p7_s145,eff_su2_r5_d2,eff_su2,5,2,145,143,noisy_shot,1,128,128,4,global_true_class_log_odds,0.517502,0.49184105,0.541194775,200,0.044,0.049,0.114,0.099,1000,1000,16,4096000,True,/home/najeeb/chanLira/channel_lira_results/phase7/stage2_primary/noisy_lira/reference_cache/eff_su2_r5_d2_wd0_428a825264448b6c7b20.npz,256000,2026-08-21T21:16:41+08:00,ibm_kingston,7af4abc6763339615cc42bd00fafb532e3c44a31c14bc574c88456a496136a2f,/home/najeeb/chanLira/channel_lira_results/phase7/stage2_primary/noisy_lira/sample_scores/MNIST_QNN_eff_su2_r5_d2_p7_s145_noisy_shot_sim4.npz,0.503,0.006,0.395,0.389,2.6599132711838123,5
MNIST_QNN_eff_su2_r5_d2_p7_s145,eff_su2_r5_d2,eff_su2,5,2,145,143,noisy_shot,1,128,128,5,lira_online,0.506228,0.481025125,0.526183775,200,0.068,0.05,0.117,0.1,1000,1000,16,4096000,True,/home/najeeb/chanLira/channel_lira_results/phase7/stage2_primary/noisy_lira/reference_cache/eff_su2_r5_d2_wd0_428a825264448b6c7b20.npz,256000,2026-08-21T21:16:41+08:00,ibm_kingston,7af4abc6763339615cc42bd00fafb532e3c44a31c14bc574c88456a496136a2f,/home/najeeb/chanLira/channel_lira_results/phase7/stage2_primary/noisy_lira/sample_scores/MNIST_QNN_eff_su2_r5_d2_p7_s145_noisy_shot_sim5.npz,0.4954999999999999,-0.009,0.292,0.301,0.3492416933243096,5
MNIST_QNN_eff_su2_r5_d2_p7_s145,eff_su2_r5_d2,eff_su2,5,2,145,143,noisy_shot,1,128,128,5,lira_online_fixed_variance,0.4926699999999999,0.466307025,0.5149855000000001,200,0.058,0.05,0.119,0.1,1000,1000,16,4096000,True,/home/najeeb/chanLira/channel_lira_results/phase7/stage2_primary/noisy_lira/reference_cache/eff_su2_r5_d2_wd0_428a825264448b6c7b20.npz,256000,2026-08-21T21:16:41+08:00,ibm_kingston,7af4abc6763339615cc42bd00fafb532e3c44a31c14bc574c88456a496136a2f,/home/najeeb/chanLira/channel_lira_results/phase7/stage2_primary/noisy_lira/sample_scores/MNIST_QNN_eff_su2_r5_d2_p7_s145_noisy_shot_sim5.npz,0.5095000000000001,0.019,0.122,0.103,0.6967620218490371,5
MNIST_QNN_eff_su2_r5_d2_p7_s145,eff_su2_r5_d2,eff_su2,5,2,145,143,noisy_shot,1,128,128,5,lira_offline,0.52512,0.50045565,0.551535525,200,0.061,0.05,0.122,0.097,1000,1000,16,4096000,True,/home/najeeb/chanLira/channel_lira_results/phase7/stage2_primary/noisy_lira/reference_cache/eff_su2_r5_d2_wd0_428a825264448b6c7b20.npz,256000,2026-08-21T21:16:41+08:00,ibm_kingston,7af4abc6763339615cc42bd00fafb532e3c44a31c14bc574c88456a496136a2f,/home/najeeb/chanLira/channel_lira_results/phase7/stage2_primary/noisy_lira/sample_scores/MNIST_QNN_eff_su2_r5_d2_p7_s145_noisy_shot_sim5.npz,0.5115000000000001,0.023,0.544,0.521,2.065648902279107,5
MNIST_QNN_eff_su2_r5_d2_p7_s145,eff_su2_r5_d2,eff_su2,5,2,145,143,noisy_shot,1,128,128,5,lira_offline_fixed_variance,0.517852,0.49470015,0.5406858999999999,200,0.046,0.05,0.111,0.099,1000,1000,16,4096000,True,/home/najeeb/chanLira/channel_lira_results/phase7/stage2_primary/noisy_lira/reference_cache/eff_su2_r5_d2_wd0_428a825264448b6c7b20.npz,256000,2026-08-21T21:16:41+08:00,ibm_kingston,7af4abc6763339615cc42bd00fafb532e3c44a31c14bc574c88456a496136a2f,/home/najeeb/chanLira/channel_lira_results/phase7/stage2_primary/noisy_lira/sample_scores/MNIST_QNN_eff_su2_r5_d2_p7_s145_noisy_shot_sim5.npz,0.513,0.026,0.341,0.315,2.401067354661981,5
MNIST_QNN_eff_su2_r5_d2_p7_s145,eff_su2_r5_d2,eff_su2,5,2,145,143,noisy_shot,1,128,128,5,global_true_class_log_odds,0.53459,0.507260725,0.5613608,200,0.068,0.049,0.149,0.1,1000,1000,16,4096000,True,/home/najeeb/chanLira/channel_lira_results/phase7/stage2_primary/noisy_lira/reference_cache/eff_su2_r5_d2_wd0_428a825264448b6c7b20.npz,256000,2026-08-21T21:16:41+08:00,ibm_kingston,7af4abc6763339615cc42bd00fafb532e3c44a31c14bc574c88456a496136a2f,/home/najeeb/chanLira/channel_lira_results/phase7/stage2_primary/noisy_lira/sample_scores/MNIST_QNN_eff_su2_r5_d2_p7_s145_noisy_shot_sim5.npz,0.5295000000000001,0.059,0.515,0.456,0.9500945171650884,5
MNIST_QNN_eff_su2_r5_d2_p7_s145,eff_su2_r5_d2,eff_su2,5,2,145,143,noisy_shot,1,128,128,6,lira_online,0.507739,0.482730475,0.528839025,200,0.055,0.05,0.108,0.1,1000,1000,16,4096000,True,/home/najeeb/chanLira/channel_lira_results/phase7/stage2_primary/noisy_lira/reference_cache/eff_su2_r5_d2_wd0_428a825264448b6c7b20.npz,256000,2026-08-21T21:16:41+08:00,ibm_kingston,7af4abc6763339615cc42bd00fafb532e3c44a31c14bc574c88456a496136a2f,/home/najeeb/chanLira/channel_lira_results/phase7/stage2_primary/noisy_lira/sample_scores/MNIST_QNN_eff_su2_r5_d2_p7_s145_noisy_shot_sim6.npz,0.502,0.0039999999999999,0.472,0.468,0.0856383843929766,5
MNIST_QNN_eff_su2_r5_d2_p7_s145,eff_su2_r5_d2,eff_su2,5,2,145,143,noisy_shot,1,128,128,6,lira_online_fixed_variance,0.517138,0.4938201,0.544807775,200,0.046,0.049,0.099,0.1,1000,1000,16,4096000,True,/home/najeeb/chanLira/channel_lira_results/phase7/stage2_primary/noisy_lira/reference_cache/eff_su2_r5_d2_wd0_428a825264448b6c7b20.npz,256000,2026-08-21T21:16:41+08:00,ibm_kingston,7af4abc6763339615cc42bd00fafb532e3c44a31c14bc574c88456a496136a2f,/home/najeeb/chanLira/channel_lira_results/phase7/stage2_primary/noisy_lira/sample_scores/MNIST_QNN_eff_su2_r5_d2_p7_s145_noisy_shot_sim6.npz,0.4945,-0.0109999999999999,0.464,0.475,0.1229652639213609,5
MNIST_QNN_eff_su2_r5_d2_p7_s145,eff_su2_r5_d2,eff_su2,5,2,145,143,noisy_shot,1,128,128,6,lira_offline,0.515263,0.4915587,0.539141025,200,0.049,0.05,0.122,0.1,1000,1000,16,4096000,True,/home/najeeb/chanLira/channel_lira_results/phase7/stage2_primary/noisy_lira/reference_cache/eff_su2_r5_d2_wd0_428a825264448b6c7b20.npz,256000,2026-08-21T21:16:41+08:00,ibm_kingston,7af4abc6763339615cc42bd00fafb532e3c44a31c14bc574c88456a496136a2f,/home/najeeb/chanLira/channel_lira_results/phase7/stage2_primary/noisy_lira/sample_scores/MNIST_QNN_eff_su2_r5_d2_p7_s145_noisy_shot_sim6.npz,0.492,-0.016,0.445,0.461,2.035575218354854,5
MNIST_QNN_eff_su2_r5_d2_p7_s145,eff_su2_r5_d2,eff_su2,5,2,145,143,noisy_shot,1,128,128,6,lira_offline_fixed_variance,0.507997,0.480638675,0.527287225,200,0.049,0.05,0.127,0.098,1000,1000,16,4096000,True,/home/najeeb/chanLira/channel_lira_results/phase7/stage2_primary/noisy_lira/reference_cache/eff_su2_r5_d2_wd0_428a825264448b6c7b20.npz,256000,2026-08-21T21:16:41+08:00,ibm_kingston,7af4abc6763339615cc42bd00fafb532e3c44a31c14bc574c88456a496136a2f,/home/najeeb/chanLira/channel_lira_results/phase7/stage2_primary/noisy_lira/sample_scores/MNIST_QNN_eff_su2_r5_d2_p7_s145_noisy_shot_sim6.npz,0.4975,-0.005,0.249,0.254,3.561504769189125,5
MNIST_QNN_eff_su2_r5_d2_p7_s145,eff_su2_r5_d2,eff_su2,5,2,145,143,noisy_shot,1,128,128,6,global_true_class_log_odds,0.5359725,0.5114078375,0.558377425,200,0.071,0.05,0.126,0.097,1000,1000,16,4096000,True,/home/najeeb/chanLira/channel_lira_results/phase7/stage2_primary/noisy_lira/reference_cache/eff_su2_r5_d2_wd0_428a825264448b6c7b20.npz,256000,2026-08-21T21:16:41+08:00,ibm_kingston,7af4abc6763339615cc42bd00fafb532e3c44a31c14bc574c88456a496136a2f,/home/najeeb/chanLira/channel_lira_results/phase7/stage2_primary/noisy_lira/sample_scores/MNIST_QNN_eff_su2_r5_d2_p7_s145_noisy_shot_sim6.npz,0.527,0.054,0.53,0.476,1.0423530201683735,5
MNIST_QNN_eff_su2_r5_d2_p7_s145,eff_su2_r5_d2,eff_su2,5,2,145,143,noisy_shot,1,128,128,7,lira_online,0.491251,0.467446075,0.51303525,200,0.067,0.05,0.113,0.1,1000,1000,16,4096000,True,/home/najeeb/chanLira/channel_lira_results/phase7/stage2_primary/noisy_lira/reference_cache/eff_su2_r5_d2_wd0_428a825264448b6c7b20.npz,256000,2026-08-21T21:16:41+08:00,ibm_kingston,7af4abc6763339615cc42bd00fafb532e3c44a31c14bc574c88456a496136a2f,/home/najeeb/chanLira/channel_lira_results/phase7/stage2_primary/noisy_lira/sample_scores/MNIST_QNN_eff_su2_r5_d2_p7_s145_noisy_shot_sim7.npz,0.5015000000000001,0.003,0.226,0.223,0.3361583601372548,5
MNIST_QNN_eff_su2_r5_d2_p7_s145,eff_su2_r5_d2,eff_su2,5,2,145,143,noisy_shot,1,128,128,7,lira_online_fixed_variance,0.490135,0.462011675,0.5105549250000001,200,0.05,0.048,0.108,0.099,1000,1000,16,4096000,True,/home/najeeb/chanLira/channel_lira_results/phase7/stage2_primary/noisy_lira/reference_cache/eff_su2_r5_d2_wd0_428a825264448b6c7b20.npz,256000,2026-08-21T21:16:41+08:00,ibm_kingston,7af4abc6763339615cc42bd00fafb532e3c44a31c14bc574c88456a496136a2f,/home/najeeb/chanLira/channel_lira_results/phase7/stage2_primary/noisy_lira/sample_scores/MNIST_QNN_eff_su2_r5_d2_p7_s145_noisy_shot_sim7.npz,0.495,-0.0099999999999999,0.201,0.211,0.5482138030327939,5
MNIST_QNN_eff_su2_r5_d2_p7_s145,eff_su2_r5_d2,eff_su2,5,2,145,143,noisy_shot,1,128,128,7,lira_offline,0.51035,0.48325985,0.5371397,200,0.058,0.05,0.093,0.099,1000,1000,16,4096000,True,/home/najeeb/chanLira/channel_lira_results/phase7/stage2_primary/noisy_lira/reference_cache/eff_su2_r5_d2_wd0_428a825264448b6c7b20.npz,256000,2026-08-21T21:16:41+08:00,ibm_kingston,7af4abc6763339615cc42bd00fafb532e3c44a31c14bc574c88456a496136a2f,/home/najeeb/chanLira/channel_lira_results/phase7/stage2_primary/noisy_lira/sample_scores/MNIST_QNN_eff_su2_r5_d2_p7_s145_noisy_shot_sim7.npz,0.4975,-0.005,0.486,0.491,1.9665046902461567,5
MNIST_QNN_eff_su2_r5_d2_p7_s145,eff_su2_r5_d2,eff_su2,5,2,145,143,noisy_shot,1,128,128,7,lira_offline_fixed_variance,0.5158879999999999,0.491871475,0.543952275,200,0.051,0.049,0.111,0.099,1000,1000,16,4096000,True,/home/najeeb/chanLira/channel_lira_results/phase7/stage2_primary/noisy_lira/reference_cache/eff_su2_r5_d2_wd0_428a825264448b6c7b20.npz,256000,2026-08-21T21:16:41+08:00,ibm_kingston,7af4abc6763339615cc42bd00fafb532e3c44a31c14bc574c88456a496136a2f,/home/najeeb/chanLira/channel_lira_results/phase7/stage2_primary/noisy_lira/sample_scores/MNIST_QNN_eff_su2_r5_d2_p7_s145_noisy_shot_sim7.npz,0.514,0.028,0.318,0.29,2.303442859710607,5
MNIST_QNN_eff_su2_r5_d2_p7_s145,eff_su2_r5_d2,eff_su2,5,2,145,143,noisy_shot,1,128,128,7,global_true_class_log_odds,0.5355110000000001,0.513928325,0.558859625,200,0.063,0.045,0.125,0.1,1000,1000,16,4096000,True,/home/najeeb/chanLira/channel_lira_results/phase7/stage2_primary/noisy_lira/reference_cache/eff_su2_r5_d2_wd0_428a825264448b6c7b20.npz,256000,2026-08-21T21:16:41+08:00,ibm_kingston,7af4abc6763339615cc42bd00fafb532e3c44a31c14bc574c88456a496136a2f,/home/najeeb/chanLira/channel_lira_results/phase7/stage2_primary/noisy_lira/sample_scores/MNIST_QNN_eff_su2_r5_d2_p7_s145_noisy_shot_sim7.npz,0.5285,0.0569999999999999,0.743,0.686,-0.6277608229133325,5
MNIST_QNN_eff_su2_r5_d2_p7_s145,eff_su2_r5_d2,eff_su2,5,2,145,143,noisy_shot,1,128,128,8,lira_online,0.506011,0.4848238,0.536056225,200,0.061,0.05,0.114,0.099,1000,1000,16,4096000,True,/home/najeeb/chanLira/channel_lira_results/phase7/stage2_primary/noisy_lira/reference_cache/eff_su2_r5_d2_wd0_428a825264448b6c7b20.npz,256000,2026-08-21T21:16:41+08:00,ibm_kingston,7af4abc6763339615cc42bd00fafb532e3c44a31c14bc574c88456a496136a2f,/home/najeeb/chanLira/channel_lira_results/phase7/stage2_primary/noisy_lira/sample_scores/MNIST_QNN_eff_su2_r5_d2_p7_s145_noisy_shot_sim8.npz,0.5115000000000001,0.023,0.396,0.373,0.1520816392204123,5
MNIST_QNN_eff_su2_r5_d2_p7_s145,eff_su2_r5_d2,eff_su2,5,2,145,143,noisy_shot,1,128,128,8,lira_online_fixed_variance,0.522014,0.49708165,0.548828925,200,0.067,0.049,0.122,0.099,1000,1000,16,4096000,True,/home/najeeb/chanLira/channel_lira_results/phase7/stage2_primary/noisy_lira/reference_cache/eff_su2_r5_d2_wd0_428a825264448b6c7b20.npz,256000,2026-08-21T21:16:41+08:00,ibm_kingston,7af4abc6763339615cc42bd00fafb532e3c44a31c14bc574c88456a496136a2f,/home/najeeb/chanLira/channel_lira_results/phase7/stage2_primary/noisy_lira/sample_scores/MNIST_QNN_eff_su2_r5_d2_p7_s145_noisy_shot_sim8.npz,0.524,0.0479999999999999,0.483,0.435,0.0150630585280193,5
MNIST_QNN_eff_su2_r5_d2_p7_s145,eff_su2_r5_d2,eff_su2,5,2,145,143,noisy_shot,1,128,128,8,lira_offline,0.523055,0.49921095,0.5478486499999999,200,0.064,0.047,0.116,0.099,1000,1000,16,4096000,True,/home/najeeb/chanLira/channel_lira_results/phase7/stage2_primary/noisy_lira/reference_cache/eff_su2_r5_d2_wd0_428a825264448b6c7b20.npz,256000,2026-08-21T21:16:41+08:00,ibm_kingston,7af4abc6763339615cc42bd00fafb532e3c44a31c14bc574c88456a496136a2f,/home/najeeb/chanLira/channel_lira_results/phase7/stage2_primary/noisy_lira/sample_scores/MNIST_QNN_eff_su2_r5_d2_p7_s145_noisy_shot_sim8.npz,0.5205,0.041,0.55,0.509,2.019965531770495,5
MNIST_QNN_eff_su2_r5_d2_p7_s145,eff_su2_r5_d2,eff_su2,5,2,145,143,noisy_shot,1,128,128,8,lira_offline_fixed_variance,0.530753,0.507241775,0.558354275,200,0.071,0.05,0.122,0.099,1000,1000,16,4096000,True,/home/najeeb/chanLira/channel_lira_results/phase7/stage2_primary/noisy_lira/reference_cache/eff_su2_r5_d2_wd0_428a825264448b6c7b20.npz,256000,2026-08-21T21:16:41+08:00,ibm_kingston,7af4abc6763339615cc42bd00fafb532e3c44a31c14bc574c88456a496136a2f,/home/najeeb/chanLira/channel_lira_results/phase7/stage2_primary/noisy_lira/sample_scores/MNIST_QNN_eff_su2_r5_d2_p7_s145_noisy_shot_sim8.npz,0.516,0.0319999999999999,0.564,0.532,1.942146808615519,5
MNIST_QNN_eff_su2_r5_d2_p7_s145,eff_su2_r5_d2,eff_su2,5,2,145,143,noisy_shot,1,128,128,8,global_true_class_log_odds,0.5332525000000001,0.5066350500000001,0.5574839250000001,200,0.071,0.049,0.129,0.098,1000,1000,16,4096000,True,/home/najeeb/chanLira/channel_lira_results/phase7/stage2_primary/noisy_lira/reference_cache/eff_su2_r5_d2_wd0_428a825264448b6c7b20.npz,256000,2026-08-21T21:16:41+08:00,ibm_kingston,7af4abc6763339615cc42bd00fafb532e3c44a31c14bc574c88456a496136a2f,/home/najeeb/chanLira/channel_lira_results/phase7/stage2_primary/noisy_lira/sample_scores/MNIST_QNN_eff_su2_r5_d2_p7_s145_noisy_shot_sim8.npz,0.506,0.012,0.526,0.514,1.0605565998501647,5
MNIST_QNN_eff_su2_r5_d2_p7_s145,eff_su2_r5_d2,eff_su2,5,2,145,143,noisy_shot,1,128,128,9,lira_online,0.506027,0.482768375,0.531410775,200,0.037,0.047,0.089,0.1,1000,1000,16,4096000,True,/home/najeeb/chanLira/channel_lira_results/phase7/stage2_primary/noisy_lira/reference_cache/eff_su2_r5_d2_wd0_428a825264448b6c7b20.npz,256000,2026-08-21T21:16:41+08:00,ibm_kingston,7af4abc6763339615cc42bd00fafb532e3c44a31c14bc574c88456a496136a2f,/home/najeeb/chanLira/channel_lira_results/phase7/stage2_primary/noisy_lira/sample_scores/MNIST_QNN_eff_su2_r5_d2_p7_s145_noisy_shot_sim9.npz,0.4944999999999999,-0.011,0.573,0.584,-0.4040803168028617,5
MNIST_QNN_eff_su2_r5_d2_p7_s145,eff_su2_r5_d2,eff_su2,5,2,145,143,noisy_shot,1,128,128,9,lira_online_fixed_variance,0.510837,0.489808725,0.5355477750000001,200,0.055,0.049,0.108,0.1,1000,1000,16,4096000,True,/home/najeeb/chanLira/channel_lira_results/phase7/stage2_primary/noisy_lira/reference_cache/eff_su2_r5_d2_wd0_428a825264448b6c7b20.npz,256000,2026-08-21T21:16:41+08:00,ibm_kingston,7af4abc6763339615cc42bd00fafb532e3c44a31c14bc574c88456a496136a2f,/home/najeeb/chanLira/channel_lira_results/phase7/stage2_primary/noisy_lira/sample_scores/MNIST_QNN_eff_su2_r5_d2_p7_s145_noisy_shot_sim9.npz,0.4925,-0.015,0.3,0.315,0.3778012055938784,5
MNIST_QNN_eff_su2_r5_d2_p7_s145,eff_su2_r5_d2,eff_su2,5,2,145,143,noisy_shot,1,128,128,9,lira_offline,0.491458,0.470650875,0.514422025,200,0.049,0.05,0.099,0.1,1000,1000,16,4096000,True,/home/najeeb/chanLira/channel_lira_results/phase7/stage2_primary/noisy_lira/reference_cache/eff_su2_r5_d2_wd0_428a825264448b6c7b20.npz,256000,2026-08-21T21:16:41+08:00,ibm_kingston,7af4abc6763339615cc42bd00fafb532e3c44a31c14bc574c88456a496136a2f,/home/najeeb/chanLira/channel_lira_results/phase7/stage2_primary/noisy_lira/sample_scores/MNIST_QNN_eff_su2_r5_d2_p7_s145_noisy_shot_sim9.npz,0.4835,-0.0329999999999999,0.447,0.48,2.30976335548968,5
MNIST_QNN_eff_su2_r5_d2_p7_s145,eff_su2_r5_d2,eff_su2,5,2,145,143,noisy_shot,1,128,128,9,lira_offline_fixed_variance,0.493024,0.472144675,0.516867125,200,0.045,0.05,0.104,0.1,1000,1000,16,4096000,True,/home/najeeb/chanLira/channel_lira_results/phase7/stage2_primary/noisy_lira/reference_cache/eff_su2_r5_d2_wd0_428a825264448b6c7b20.npz,256000,2026-08-21T21:16:41+08:00,ibm_kingston,7af4abc6763339615cc42bd00fafb532e3c44a31c14bc574c88456a496136a2f,/home/najeeb/chanLira/channel_lira_results/phase7/stage2_primary/noisy_lira/sample_scores/MNIST_QNN_eff_su2_r5_d2_p7_s145_noisy_shot_sim9.npz,0.488,-0.024,0.583,0.607,2.1628084948590147,5
MNIST_QNN_eff_su2_r5_d2_p7_s145,eff_su2_r5_d2,eff_su2,5,2,145,143,noisy_shot,1,128,128,9,global_true_class_log_odds,0.528814,0.50335105,0.5529513500000001,200,0.049,0.05,0.108,0.099,1000,1000,16,4096000,True,/home/najeeb/chanLira/channel_lira_results/phase7/stage2_primary/noisy_lira/reference_cache/eff_su2_r5_d2_wd0_428a825264448b6c7b20.npz,256000,2026-08-21T21:16:41+08:00,ibm_kingston,7af4abc6763339615cc42bd00fafb532e3c44a31c14bc574c88456a496136a2f,/home/najeeb/chanLira/channel_lira_results/phase7/stage2_primary/noisy_lira/sample_scores/MNIST_QNN_eff_su2_r5_d2_p7_s145_noisy_shot_sim9.npz,0.5305,0.0609999999999999,0.741,0.68,-0.594205839746501,5
MNIST_QNN_z_r1_d6_p7_s143,z_r1_d6,z,1,6,143,143,noisy_shot,1,128,128,0,lira_online,0.514135,0.490561525,0.5368278750000001,200,0.058,0.05,0.103,0.099,1000,1000,16,4096000,False,/home/najeeb/chanLira/channel_lira_results/phase7/stage2_primary/noisy_lira/reference_cache/z_r1_d6_wd0_885a8ad0486f68cfed9e.npz,256000,2026-08-21T21:16:41+08:00,ibm_kingston,7af4abc6763339615cc42bd00fafb532e3c44a31c14bc574c88456a496136a2f,/home/najeeb/chanLira/channel_lira_results/phase7/stage2_primary/noisy_lira/sample_scores/MNIST_QNN_z_r1_d6_p7_s143_noisy_shot_sim0.npz,0.514,0.028,0.768,0.74,-0.4886694395045052,5
MNIST_QNN_z_r1_d6_p7_s143,z_r1_d6,z,1,6,143,143,noisy_shot,1,128,128,0,lira_online_fixed_variance,0.51116,0.487624675,0.53928865,200,0.064,0.05,0.109,0.1,1000,1000,16,4096000,False,/home/najeeb/chanLira/channel_lira_results/phase7/stage2_primary/noisy_lira/reference_cache/z_r1_d6_wd0_885a8ad0486f68cfed9e.npz,256000,2026-08-21T21:16:41+08:00,ibm_kingston,7af4abc6763339615cc42bd00fafb532e3c44a31c14bc574c88456a496136a2f,/home/najeeb/chanLira/channel_lira_results/phase7/stage2_primary/noisy_lira/sample_scores/MNIST_QNN_z_r1_d6_p7_s143_noisy_shot_sim0.npz,0.5045,0.009,0.734,0.725,-0.2435930900293734,5
MNIST_QNN_z_r1_d6_p7_s143,z_r1_d6,z,1,6,143,143,noisy_shot,1,128,128,0,lira_offline,0.505698,0.4806632,0.53259235,200,0.057,0.05,0.103,0.1,1000,1000,16,4096000,False,/home/najeeb/chanLira/channel_lira_results/phase7/stage2_primary/noisy_lira/reference_cache/z_r1_d6_wd0_885a8ad0486f68cfed9e.npz,256000,2026-08-21T21:16:41+08:00,ibm_kingston,7af4abc6763339615cc42bd00fafb532e3c44a31c14bc574c88456a496136a2f,/home/najeeb/chanLira/channel_lira_results/phase7/stage2_primary/noisy_lira/sample_scores/MNIST_QNN_z_r1_d6_p7_s143_noisy_shot_sim0.npz,0.517,0.0339999999999999,0.697,0.663,1.2913010860761307,5
MNIST_QNN_z_r1_d6_p7_s143,z_r1_d6,z,1,6,143,143,noisy_shot,1,128,128,0,lira_offline_fixed_variance,0.4975929999999999,0.472565875,0.5201181,200,0.054,0.05,0.108,0.099,1000,1000,16,4096000,False,/home/najeeb/chanLira/channel_lira_results/phase7/stage2_primary/noisy_lira/reference_cache/z_r1_d6_wd0_885a8ad0486f68cfed9e.npz,256000,2026-08-21T21:16:41+08:00,ibm_kingston,7af4abc6763339615cc42bd00fafb532e3c44a31c14bc574c88456a496136a2f,/home/najeeb/chanLira/channel_lira_results/phase7/stage2_primary/noisy_lira/sample_scores/MNIST_QNN_z_r1_d6_p7_s143_noisy_shot_sim0.npz,0.497,-0.006,0.479,0.485,1.3408633553578757,5
MNIST_QNN_z_r1_d6_p7_s143,z_r1_d6,z,1,6,143,143,noisy_shot,1,128,128,0,global_true_class_log_odds,0.5132059999999999,0.489886325,0.535048775,200,0.057,0.05,0.107,0.1,1000,1000,16,4096000,False,/home/najeeb/chanLira/channel_lira_results/phase7/stage2_primary/noisy_lira/reference_cache/z_r1_d6_wd0_885a8ad0486f68cfed9e.npz,256000,2026-08-21T21:16:41+08:00,ibm_kingston,7af4abc6763339615cc42bd00fafb532e3c44a31c14bc574c88456a496136a2f,/home/najeeb/chanLira/channel_lira_results/phase7/stage2_primary/noisy_lira/sample_scores/MNIST_QNN_z_r1_d6_p7_s143_noisy_shot_sim0.npz,0.501,0.002,0.63,0.628,0.1104946009844247,5
MNIST_QNN_z_r1_d6_p7_s143,z_r1_d6,z,1,6,143,143,noisy_shot,1,128,128,1,lira_online,0.520644,0.495963975,0.548663825,200,0.051,0.05,0.104,0.1,1000,1000,16,4096000,False,/home/najeeb/chanLira/channel_lira_results/phase7/stage2_primary/noisy_lira/reference_cache/z_r1_d6_wd0_885a8ad0486f68cfed9e.npz,256000,2026-08-21T21:16:41+08:00,ibm_kingston,7af4abc6763339615cc42bd00fafb532e3c44a31c14bc574c88456a496136a2f,/home/najeeb/chanLira/channel_lira_results/phase7/stage2_primary/noisy_lira/sample_scores/MNIST_QNN_z_r1_d6_p7_s143_noisy_shot_sim1.npz,0.511,0.022,0.54,0.518,-0.0736942946560916,5
MNIST_QNN_z_r1_d6_p7_s143,z_r1_d6,z,1,6,143,143,noisy_shot,1,128,128,1,lira_online_fixed_variance,0.517447,0.495921375,0.54374995,200,0.04,0.05,0.098,0.099,1000,1000,16,4096000,False,/home/najeeb/chanLira/channel_lira_results/phase7/stage2_primary/noisy_lira/reference_cache/z_r1_d6_wd0_885a8ad0486f68cfed9e.npz,256000,2026-08-21T21:16:41+08:00,ibm_kingston,7af4abc6763339615cc42bd00fafb532e3c44a31c14bc574c88456a496136a2f,/home/najeeb/chanLira/channel_lira_results/phase7/stage2_primary/noisy_lira/sample_scores/MNIST_QNN_z_r1_d6_p7_s143_noisy_shot_sim1.npz,0.5275,0.0549999999999999,0.612,0.557,-0.0180229761810029,5
MNIST_QNN_z_r1_d6_p7_s143,z_r1_d6,z,1,6,143,143,noisy_shot,1,128,128,1,lira_offline,0.510616,0.4895691749999999,0.5332564750000001,200,0.048,0.049,0.081,0.1,1000,1000,16,4096000,False,/home/najeeb/chanLira/channel_lira_results/phase7/stage2_primary/noisy_lira/reference_cache/z_r1_d6_wd0_885a8ad0486f68cfed9e.npz,256000,2026-08-21T21:16:41+08:00,ibm_kingston,7af4abc6763339615cc42bd00fafb532e3c44a31c14bc574c88456a496136a2f,/home/najeeb/chanLira/channel_lira_results/phase7/stage2_primary/noisy_lira/sample_scores/MNIST_QNN_z_r1_d6_p7_s143_noisy_shot_sim1.npz,0.52,0.04,0.639,0.599,1.400002797033569,5
MNIST_QNN_z_r1_d6_p7_s143,z_r1_d6,z,1,6,143,143,noisy_shot,1,128,128,1,lira_offline_fixed_variance,0.506373,0.482271025,0.532322625,200,0.044,0.047,0.098,0.1,1000,1000,16,4096000,False,/home/najeeb/chanLira/channel_lira_results/phase7/stage2_primary/noisy_lira/reference_cache/z_r1_d6_wd0_885a8ad0486f68cfed9e.npz,256000,2026-08-21T21:16:41+08:00,ibm_kingston,7af4abc6763339615cc42bd00fafb532e3c44a31c14bc574c88456a496136a2f,/home/najeeb/chanLira/channel_lira_results/phase7/stage2_primary/noisy_lira/sample_scores/MNIST_QNN_z_r1_d6_p7_s143_noisy_shot_sim1.npz,0.5025000000000001,0.005,0.551,0.546,1.5118678614046308,5
MNIST_QNN_z_r1_d6_p7_s143,z_r1_d6,z,1,6,143,143,noisy_shot,1,128,128,1,global_true_class_log_odds,0.5130030000000001,0.487866025,0.5390121999999999,200,0.063,0.049,0.112,0.1,1000,1000,16,4096000,False,/home/najeeb/chanLira/channel_lira_results/phase7/stage2_primary/noisy_lira/reference_cache/z_r1_d6_wd0_885a8ad0486f68cfed9e.npz,256000,2026-08-21T21:16:41+08:00,ibm_kingston,7af4abc6763339615cc42bd00fafb532e3c44a31c14bc574c88456a496136a2f,/home/najeeb/chanLira/channel_lira_results/phase7/stage2_primary/noisy_lira/sample_scores/MNIST_QNN_z_r1_d6_p7_s143_noisy_shot_sim1.npz,0.516,0.0319999999999999,0.818,0.786,-0.3610205577825232,5
MNIST_QNN_z_r1_d6_p7_s143,z_r1_d6,z,1,6,143,143,noisy_shot,1,128,128,2,lira_online,0.485699,0.4606624,0.5104522,200,0.047,0.05,0.091,0.1,1000,1000,16,4096000,False,/home/najeeb/chanLira/channel_lira_results/phase7/stage2_primary/noisy_lira/reference_cache/z_r1_d6_wd0_885a8ad0486f68cfed9e.npz,256000,2026-08-21T21:16:41+08:00,ibm_kingston,7af4abc6763339615cc42bd00fafb532e3c44a31c14bc574c88456a496136a2f,/home/najeeb/chanLira/channel_lira_results/phase7/stage2_primary/noisy_lira/sample_scores/MNIST_QNN_z_r1_d6_p7_s143_noisy_shot_sim2.npz,0.49,-0.02,0.752,0.772,-0.7153086111596778,5
MNIST_QNN_z_r1_d6_p7_s143,z_r1_d6,z,1,6,143,143,noisy_shot,1,128,128,2,lira_online_fixed_variance,0.477373,0.448068925,0.5032821999999999,200,0.035,0.047,0.089,0.097,1000,1000,16,4096000,False,/home/najeeb/chanLira/channel_lira_results/phase7/stage2_primary/noisy_lira/reference_cache/z_r1_d6_wd0_885a8ad0486f68cfed9e.npz,256000,2026-08-21T21:16:41+08:00,ibm_kingston,7af4abc6763339615cc42bd00fafb532e3c44a31c14bc574c88456a496136a2f,/home/najeeb/chanLira/channel_lira_results/phase7/stage2_primary/noisy_lira/sample_scores/MNIST_QNN_z_r1_d6_p7_s143_noisy_shot_sim2.npz,0.4985,-0.003,0.901,0.904,-0.8774094269067239,5
MNIST_QNN_z_r1_d6_p7_s143,z_r1_d6,z,1,6,143,143,noisy_shot,1,128,128,2,lira_offline,0.473128,0.448399625,0.500520375,200,0.041,0.05,0.077,0.1,1000,1000,16,4096000,False,/home/najeeb/chanLira/channel_lira_results/phase7/stage2_primary/noisy_lira/reference_cache/z_r1_d6_wd0_885a8ad0486f68cfed9e.npz,256000,2026-08-21T21:16:41+08:00,ibm_kingston,7af4abc6763339615cc42bd00fafb532e3c44a31c14bc574c88456a496136a2f,/home/najeeb/chanLira/channel_lira_results/phase7/stage2_primary/noisy_lira/sample_scores/MNIST_QNN_z_r1_d6_p7_s143_noisy_shot_sim2.npz,0.495,-0.01,0.206,0.216,6.051929249825406,5
MNIST_QNN_z_r1_d6_p7_s143,z_r1_d6,z,1,6,143,143,noisy_shot,1,128,128,2,lira_offline_fixed_variance,0.466519,0.4389241749999999,0.49037365,200,0.03,0.047,0.073,0.1,1000,1000,16,4096000,False,/home/najeeb/chanLira/channel_lira_results/phase7/stage2_primary/noisy_lira/reference_cache/z_r1_d6_wd0_885a8ad0486f68cfed9e.npz,256000,2026-08-21T21:16:41+08:00,ibm_kingston,7af4abc6763339615cc42bd00fafb532e3c44a31c14bc574c88456a496136a2f,/home/najeeb/chanLira/channel_lira_results/phase7/stage2_primary/noisy_lira/sample_scores/MNIST_QNN_z_r1_d6_p7_s143_noisy_shot_sim2.npz,0.501,0.002,0.955,0.953,1.1822003970920747,5
MNIST_QNN_z_r1_d6_p7_s143,z_r1_d6,z,1,6,143,143,noisy_shot,1,128,128,2,global_true_class_log_odds,0.5146625,0.486766325,0.539171125,200,0.054,0.047,0.093,0.097,1000,1000,16,4096000,False,/home/najeeb/chanLira/channel_lira_results/phase7/stage2_primary/noisy_lira/reference_cache/z_r1_d6_wd0_885a8ad0486f68cfed9e.npz,256000,2026-08-21T21:16:41+08:00,ibm_kingston,7af4abc6763339615cc42bd00fafb532e3c44a31c14bc574c88456a496136a2f,/home/najeeb/chanLira/channel_lira_results/phase7/stage2_primary/noisy_lira/sample_scores/MNIST_QNN_z_r1_d6_p7_s143_noisy_shot_sim2.npz,0.5045000000000001,0.009,0.678,0.669,0.3094958513663371,5
MNIST_QNN_z_r1_d6_p7_s143,z_r1_d6,z,1,6,143,143,noisy_shot,1,128,128,3,lira_online,0.530519,0.50668695,0.5524811000000001,200,0.05,0.05,0.122,0.099,1000,1000,16,4096000,False,/home/najeeb/chanLira/channel_lira_results/phase7/stage2_primary/noisy_lira/reference_cache/z_r1_d6_wd0_885a8ad0486f68cfed9e.npz,256000,2026-08-21T21:16:41+08:00,ibm_kingston,7af4abc6763339615cc42bd00fafb532e3c44a31c14bc574c88456a496136a2f,/home/najeeb/chanLira/channel_lira_results/phase7/stage2_primary/noisy_lira/sample_scores/MNIST_QNN_z_r1_d6_p7_s143_noisy_shot_sim3.npz,0.5315,0.063,0.348,0.285,0.3182788216506436,5
MNIST_QNN_z_r1_d6_p7_s143,z_r1_d6,z,1,6,143,143,noisy_shot,1,128,128,3,lira_online_fixed_variance,0.524481,0.496515525,0.548453525,200,0.077,0.05,0.116,0.099,1000,1000,16,4096000,False,/home/najeeb/chanLira/channel_lira_results/phase7/stage2_primary/noisy_lira/reference_cache/z_r1_d6_wd0_885a8ad0486f68cfed9e.npz,256000,2026-08-21T21:16:41+08:00,ibm_kingston,7af4abc6763339615cc42bd00fafb532e3c44a31c14bc574c88456a496136a2f,/home/najeeb/chanLira/channel_lira_results/phase7/stage2_primary/noisy_lira/sample_scores/MNIST_QNN_z_r1_d6_p7_s143_noisy_shot_sim3.npz,0.4975,-0.005,0.436,0.441,0.0644236021374646,5
MNIST_QNN_z_r1_d6_p7_s143,z_r1_d6,z,1,6,143,143,noisy_shot,1,128,128,3,lira_offline,0.510099,0.4855423499999999,0.542436,200,0.053,0.05,0.119,0.098,1000,1000,16,4096000,False,/home/najeeb/chanLira/channel_lira_results/phase7/stage2_primary/noisy_lira/reference_cache/z_r1_d6_wd0_885a8ad0486f68cfed9e.npz,256000,2026-08-21T21:16:41+08:00,ibm_kingston,7af4abc6763339615cc42bd00fafb532e3c44a31c14bc574c88456a496136a2f,/home/najeeb/chanLira/channel_lira_results/phase7/stage2_primary/noisy_lira/sample_scores/MNIST_QNN_z_r1_d6_p7_s143_noisy_shot_sim3.npz,0.5025,0.005,0.365,0.36,1.6059855709225588,5
MNIST_QNN_z_r1_d6_p7_s143,z_r1_d6,z,1,6,143,143,noisy_shot,1,128,128,3,lira_offline_fixed_variance,0.509645,0.4837075249999999,0.535559625,200,0.062,0.049,0.115,0.1,1000,1000,16,4096000,False,/home/najeeb/chanLira/channel_lira_results/phase7/stage2_primary/noisy_lira/reference_cache/z_r1_d6_wd0_885a8ad0486f68cfed9e.npz,256000,2026-08-21T21:16:41+08:00,ibm_kingston,7af4abc6763339615cc42bd00fafb532e3c44a31c14bc574c88456a496136a2f,/home/najeeb/chanLira/channel_lira_results/phase7/stage2_primary/noisy_lira/sample_scores/MNIST_QNN_z_r1_d6_p7_s143_noisy_shot_sim3.npz,0.5115000000000001,0.023,0.401,0.378,1.4878658103232345,5
MNIST_QNN_z_r1_d6_p7_s143,z_r1_d6,z,1,6,143,143,noisy_shot,1,128,128,3,global_true_class_log_odds,0.5271710000000001,0.5005899625,0.55089765,200,0.053,0.046,0.112,0.1,1000,1000,16,4096000,False,/home/najeeb/chanLira/channel_lira_results/phase7/stage2_primary/noisy_lira/reference_cache/z_r1_d6_wd0_885a8ad0486f68cfed9e.npz,256000,2026-08-21T21:16:41+08:00,ibm_kingston,7af4abc6763339615cc42bd00fafb532e3c44a31c14bc574c88456a496136a2f,/home/najeeb/chanLira/channel_lira_results/phase7/stage2_primary/noisy_lira/sample_scores/MNIST_QNN_z_r1_d6_p7_s143_noisy_shot_sim3.npz,0.524,0.0479999999999999,0.606,0.558,1.1850237697234196,5
MNIST_QNN_z_r1_d6_p7_s143,z_r1_d6,z,1,6,143,143,noisy_shot,1,128,128,4,lira_online,0.5212270000000001,0.495727925,0.54533645,200,0.057,0.049,0.12,0.1,1000,1000,16,4096000,False,/home/najeeb/chanLira/channel_lira_results/phase7/stage2_primary/noisy_lira/reference_cache/z_r1_d6_wd0_885a8ad0486f68cfed9e.npz,256000,2026-08-21T21:16:41+08:00,ibm_kingston,7af4abc6763339615cc42bd00fafb532e3c44a31c14bc574c88456a496136a2f,/home/najeeb/chanLira/channel_lira_results/phase7/stage2_primary/noisy_lira/sample_scores/MNIST_QNN_z_r1_d6_p7_s143_noisy_shot_sim4.npz,0.4994999999999999,-0.001,0.577,0.578,-0.025863397719823,5
MNIST_QNN_z_r1_d6_p7_s143,z_r1_d6,z,1,6,143,143,noisy_shot,1,128,128,4,lira_online_fixed_variance,0.508831,0.481882625,0.5343036,200,0.054,0.049,0.091,0.095,1000,1000,16,4096000,False,/home/najeeb/chanLira/channel_lira_results/phase7/stage2_primary/noisy_lira/reference_cache/z_r1_d6_wd0_885a8ad0486f68cfed9e.npz,256000,2026-08-21T21:16:41+08:00,ibm_kingston,7af4abc6763339615cc42bd00fafb532e3c44a31c14bc574c88456a496136a2f,/home/najeeb/chanLira/channel_lira_results/phase7/stage2_primary/noisy_lira/sample_scores/MNIST_QNN_z_r1_d6_p7_s143_noisy_shot_sim4.npz,0.4925,-0.015,0.707,0.722,-0.31611058916749,5
MNIST_QNN_z_r1_d6_p7_s143,z_r1_d6,z,1,6,143,143,noisy_shot,1,128,128,4,lira_offline,0.505894,0.480870575,0.527424325,200,0.059,0.049,0.119,0.099,1000,1000,16,4096000,False,/home/najeeb/chanLira/channel_lira_results/phase7/stage2_primary/noisy_lira/reference_cache/z_r1_d6_wd0_885a8ad0486f68cfed9e.npz,256000,2026-08-21T21:16:41+08:00,ibm_kingston,7af4abc6763339615cc42bd00fafb532e3c44a31c14bc574c88456a496136a2f,/home/najeeb/chanLira/channel_lira_results/phase7/stage2_primary/noisy_lira/sample_scores/MNIST_QNN_z_r1_d6_p7_s143_noisy_shot_sim4.npz,0.4964999999999999,-0.007,0.292,0.299,2.147193955188086,5
MNIST_QNN_z_r1_d6_p7_s143,z_r1_d6,z,1,6,143,143,noisy_shot,1,128,128,4,lira_offline_fixed_variance,0.5024919999999999,0.480899425,0.5250655,200,0.057,0.048,0.113,0.099,1000,1000,16,4096000,False,/home/najeeb/chanLira/channel_lira_results/phase7/stage2_primary/noisy_lira/reference_cache/z_r1_d6_wd0_885a8ad0486f68cfed9e.npz,256000,2026-08-21T21:16:41+08:00,ibm_kingston,7af4abc6763339615cc42bd00fafb532e3c44a31c14bc574c88456a496136a2f,/home/najeeb/chanLira/channel_lira_results/phase7/stage2_primary/noisy_lira/sample_scores/MNIST_QNN_z_r1_d6_p7_s143_noisy_shot_sim4.npz,0.4955,-0.009,0.628,0.637,1.2226168027988884,5
MNIST_QNN_z_r1_d6_p7_s143,z_r1_d6,z,1,6,143,143,noisy_shot,1,128,128,4,global_true_class_log_odds,0.510059,0.4865248,0.531834925,200,0.051,0.046,0.123,0.1,1000,1000,16,4096000,False,/home/najeeb/chanLira/channel_lira_results/phase7/stage2_primary/noisy_lira/reference_cache/z_r1_d6_wd0_885a8ad0486f68cfed9e.npz,256000,2026-08-21T21:16:41+08:00,ibm_kingston,7af4abc6763339615cc42bd00fafb532e3c44a31c14bc574c88456a496136a2f,/home/najeeb/chanLira/channel_lira_results/phase7/stage2_primary/noisy_lira/sample_scores/MNIST_QNN_z_r1_d6_p7_s143_noisy_shot_sim4.npz,0.5025,0.005,0.522,0.517,0.2972592067729965,5
MNIST_QNN_z_r1_d6_p7_s143,z_r1_d6,z,1,6,143,143,noisy_shot,1,128,128,5,lira_online,0.508033,0.479438925,0.531093575,200,0.032,0.049,0.075,0.1,1000,1000,16,4096000,False,/home/najeeb/chanLira/channel_lira_results/phase7/stage2_primary/noisy_lira/reference_cache/z_r1_d6_wd0_885a8ad0486f68cfed9e.npz,256000,2026-08-21T21:16:41+08:00,ibm_kingston,7af4abc6763339615cc42bd00fafb532e3c44a31c14bc574c88456a496136a2f,/home/najeeb/chanLira/channel_lira_results/phase7/stage2_primary/noisy_lira/sample_scores/MNIST_QNN_z_r1_d6_p7_s143_noisy_shot_sim5.npz,0.5255,0.051,0.625,0.574,-0.1150332267404088,5
MNIST_QNN_z_r1_d6_p7_s143,z_r1_d6,z,1,6,143,143,noisy_shot,1,128,128,5,lira_online_fixed_variance,0.5116529999999999,0.487604825,0.5391992250000001,200,0.052,0.049,0.093,0.098,1000,1000,16,4096000,False,/home/najeeb/chanLira/channel_lira_results/phase7/stage2_primary/noisy_lira/reference_cache/z_r1_d6_wd0_885a8ad0486f68cfed9e.npz,256000,2026-08-21T21:16:41+08:00,ibm_kingston,7af4abc6763339615cc42bd00fafb532e3c44a31c14bc574c88456a496136a2f,/home/najeeb/chanLira/channel_lira_results/phase7/stage2_primary/noisy_lira/sample_scores/MNIST_QNN_z_r1_d6_p7_s143_noisy_shot_sim5.npz,0.506,0.012,0.647,0.635,-0.1831157740202909,5
MNIST_QNN_z_r1_d6_p7_s143,z_r1_d6,z,1,6,143,143,noisy_shot,1,128,128,5,lira_offline,0.5025040000000001,0.47820375,0.5279783,200,0.037,0.05,0.082,0.1,1000,1000,16,4096000,False,/home/najeeb/chanLira/channel_lira_results/phase7/stage2_primary/noisy_lira/reference_cache/z_r1_d6_wd0_885a8ad0486f68cfed9e.npz,256000,2026-08-21T21:16:41+08:00,ibm_kingston,7af4abc6763339615cc42bd00fafb532e3c44a31c14bc574c88456a496136a2f,/home/najeeb/chanLira/channel_lira_results/phase7/stage2_primary/noisy_lira/sample_scores/MNIST_QNN_z_r1_d6_p7_s143_noisy_shot_sim5.npz,0.5035,0.007,0.597,0.59,1.325100669717792,5
MNIST_QNN_z_r1_d6_p7_s143,z_r1_d6,z,1,6,143,143,noisy_shot,1,128,128,5,lira_offline_fixed_variance,0.4983329999999999,0.474834075,0.52282825,200,0.049,0.05,0.086,0.098,1000,1000,16,4096000,False,/home/najeeb/chanLira/channel_lira_results/phase7/stage2_primary/noisy_lira/reference_cache/z_r1_d6_wd0_885a8ad0486f68cfed9e.npz,256000,2026-08-21T21:16:41+08:00,ibm_kingston,7af4abc6763339615cc42bd00fafb532e3c44a31c14bc574c88456a496136a2f,/home/najeeb/chanLira/channel_lira_results/phase7/stage2_primary/noisy_lira/sample_scores/MNIST_QNN_z_r1_d6_p7_s143_noisy_shot_sim5.npz,0.502,0.004,0.393,0.389,1.828331135787233,5
MNIST_QNN_z_r1_d6_p7_s143,z_r1_d6,z,1,6,143,143,noisy_shot,1,128,128,5,global_true_class_log_odds,0.5171699999999999,0.495826775,0.538944425,200,0.059,0.045,0.102,0.1,1000,1000,16,4096000,False,/home/najeeb/chanLira/channel_lira_results/phase7/stage2_primary/noisy_lira/reference_cache/z_r1_d6_wd0_885a8ad0486f68cfed9e.npz,256000,2026-08-21T21:16:41+08:00,ibm_kingston,7af4abc6763339615cc42bd00fafb532e3c44a31c14bc574c88456a496136a2f,/home/najeeb/chanLira/channel_lira_results/phase7/stage2_primary/noisy_lira/sample_scores/MNIST_QNN_z_r1_d6_p7_s143_noisy_shot_sim5.npz,0.524,0.048,0.812,0.764,-0.1029009657662554,5
MNIST_QNN_z_r1_d6_p7_s143,z_r1_d6,z,1,6,143,143,noisy_shot,1,128,128,6,lira_online,0.49334,0.472478625,0.5222827,200,0.045,0.049,0.09,0.1,1000,1000,16,4096000,False,/home/najeeb/chanLira/channel_lira_results/phase7/stage2_primary/noisy_lira/reference_cache/z_r1_d6_wd0_885a8ad0486f68cfed9e.npz,256000,2026-08-21T21:16:41+08:00,ibm_kingston,7af4abc6763339615cc42bd00fafb532e3c44a31c14bc574c88456a496136a2f,/home/najeeb/chanLira/channel_lira_results/phase7/stage2_primary/noisy_lira/sample_scores/MNIST_QNN_z_r1_d6_p7_s143_noisy_shot_sim6.npz,0.489,-0.022,0.635,0.657,-0.2170138923810278,5
MNIST_QNN_z_r1_d6_p7_s143,z_r1_d6,z,1,6,143,143,noisy_shot,1,128,128,6,lira_online_fixed_variance,0.4947799999999999,0.4693593,0.5200054749999999,200,0.048,0.046,0.092,0.099,1000,1000,16,4096000,False,/home/najeeb/chanLira/channel_lira_results/phase7/stage2_primary/noisy_lira/reference_cache/z_r1_d6_wd0_885a8ad0486f68cfed9e.npz,256000,2026-08-21T21:16:41+08:00,ibm_kingston,7af4abc6763339615cc42bd00fafb532e3c44a31c14bc574c88456a496136a2f,/home/najeeb/chanLira/channel_lira_results/phase7/stage2_primary/noisy_lira/sample_scores/MNIST_QNN_z_r1_d6_p7_s143_noisy_shot_sim6.npz,0.4965,-0.007,0.795,0.802,-0.6968162710107881,5
MNIST_QNN_z_r1_d6_p7_s143,z_r1_d6,z,1,6,143,143,noisy_shot,1,128,128,6,lira_offline,0.500491,0.478188425,0.5292895750000001,200,0.047,0.05,0.083,0.097,1000,1000,16,4096000,False,/home/najeeb/chanLira/channel_lira_results/phase7/stage2_primary/noisy_lira/reference_cache/z_r1_d6_wd0_885a8ad0486f68cfed9e.npz,256000,2026-08-21T21:16:41+08:00,ibm_kingston,7af4abc6763339615cc42bd00fafb532e3c44a31c14bc574c88456a496136a2f,/home/najeeb/chanLira/channel_lira_results/phase7/stage2_primary/noisy_lira/sample_scores/MNIST_QNN_z_r1_d6_p7_s143_noisy_shot_sim6.npz,0.51,0.02,0.807,0.787,1.143274195291522,5
MNIST_QNN_z_r1_d6_p7_s143,z_r1_d6,z,1,6,143,143,noisy_shot,1,128,128,6,lira_offline_fixed_variance,0.4930559999999999,0.469585675,0.515682775,200,0.055,0.05,0.098,0.099,1000,1000,16,4096000,False,/home/najeeb/chanLira/channel_lira_results/phase7/stage2_primary/noisy_lira/reference_cache/z_r1_d6_wd0_885a8ad0486f68cfed9e.npz,256000,2026-08-21T21:16:41+08:00,ibm_kingston,7af4abc6763339615cc42bd00fafb532e3c44a31c14bc574c88456a496136a2f,/home/najeeb/chanLira/channel_lira_results/phase7/stage2_primary/noisy_lira/sample_scores/MNIST_QNN_z_r1_d6_p7_s143_noisy_shot_sim6.npz,0.501,0.002,0.499,0.497,1.3196227855725111,5
MNIST_QNN_z_r1_d6_p7_s143,z_r1_d6,z,1,6,143,143,noisy_shot,1,128,128,6,global_true_class_log_odds,0.5230374999999999,0.5005262875,0.549999275,200,0.048,0.047,0.104,0.1,1000,1000,16,4096000,False,/home/najeeb/chanLira/channel_lira_results/phase7/stage2_primary/noisy_lira/reference_cache/z_r1_d6_wd0_885a8ad0486f68cfed9e.npz,256000,2026-08-21T21:16:41+08:00,ibm_kingston,7af4abc6763339615cc42bd00fafb532e3c44a31c14bc574c88456a496136a2f,/home/najeeb/chanLira/channel_lira_results/phase7/stage2_primary/noisy_lira/sample_scores/MNIST_QNN_z_r1_d6_p7_s143_noisy_shot_sim6.npz,0.4995,-0.001,0.456,0.457,2.066657459389012,5
MNIST_QNN_z_r1_d6_p7_s143,z_r1_d6,z,1,6,143,143,noisy_shot,1,128,128,7,lira_online,0.523856,0.499833725,0.5530026,200,0.058,0.05,0.102,0.097,1000,1000,16,4096000,False,/home/najeeb/chanLira/channel_lira_results/phase7/stage2_primary/noisy_lira/reference_cache/z_r1_d6_wd0_885a8ad0486f68cfed9e.npz,256000,2026-08-21T21:16:41+08:00,ibm_kingston,7af4abc6763339615cc42bd00fafb532e3c44a31c14bc574c88456a496136a2f,/home/najeeb/chanLira/channel_lira_results/phase7/stage2_primary/noisy_lira/sample_scores/MNIST_QNN_z_r1_d6_p7_s143_noisy_shot_sim7.npz,0.508,0.016,0.669,0.653,-0.5182777753598788,5
MNIST_QNN_z_r1_d6_p7_s143,z_r1_d6,z,1,6,143,143,noisy_shot,1,128,128,7,lira_online_fixed_variance,0.518318,0.49347255,0.5416436,200,0.066,0.049,0.111,0.096,1000,1000,16,4096000,False,/home/najeeb/chanLira/channel_lira_results/phase7/stage2_primary/noisy_lira/reference_cache/z_r1_d6_wd0_885a8ad0486f68cfed9e.npz,256000,2026-08-21T21:16:41+08:00,ibm_kingston,7af4abc6763339615cc42bd00fafb532e3c44a31c14bc574c88456a496136a2f,/home/najeeb/chanLira/channel_lira_results/phase7/stage2_primary/noisy_lira/sample_scores/MNIST_QNN_z_r1_d6_p7_s143_noisy_shot_sim7.npz,0.5065,0.013,0.576,0.563,-0.0402754009768051,5
MNIST_QNN_z_r1_d6_p7_s143,z_r1_d6,z,1,6,143,143,noisy_shot,1,128,128,7,lira_offline,0.511768,0.486203575,0.538131875,200,0.046,0.05,0.103,0.099,1000,1000,16,4096000,False,/home/najeeb/chanLira/channel_lira_results/phase7/stage2_primary/noisy_lira/reference_cache/z_r1_d6_wd0_885a8ad0486f68cfed9e.npz,256000,2026-08-21T21:16:41+08:00,ibm_kingston,7af4abc6763339615cc42bd00fafb532e3c44a31c14bc574c88456a496136a2f,/home/najeeb/chanLira/channel_lira_results/phase7/stage2_primary/noisy_lira/sample_scores/MNIST_QNN_z_r1_d6_p7_s143_noisy_shot_sim7.npz,0.5,0.0,0.533,0.533,1.705530099557159,5
MNIST_QNN_z_r1_d6_p7_s143,z_r1_d6,z,1,6,143,143,noisy_shot,1,128,128,7,lira_offline_fixed_variance,0.511284,0.48390085,0.537793925,200,0.053,0.049,0.108,0.098,1000,1000,16,4096000,False,/home/najeeb/chanLira/channel_lira_results/phase7/stage2_primary/noisy_lira/reference_cache/z_r1_d6_wd0_885a8ad0486f68cfed9e.npz,256000,2026-08-21T21:16:41+08:00,ibm_kingston,7af4abc6763339615cc42bd00fafb532e3c44a31c14bc574c88456a496136a2f,/home/najeeb/chanLira/channel_lira_results/phase7/stage2_primary/noisy_lira/sample_scores/MNIST_QNN_z_r1_d6_p7_s143_noisy_shot_sim7.npz,0.4955,-0.009,0.594,0.603,1.3529653802757915,5
MNIST_QNN_z_r1_d6_p7_s143,z_r1_d6,z,1,6,143,143,noisy_shot,1,128,128,7,global_true_class_log_odds,0.510663,0.4886726,0.5348037,200,0.059,0.05,0.113,0.1,1000,1000,16,4096000,False,/home/najeeb/chanLira/channel_lira_results/phase7/stage2_primary/noisy_lira/reference_cache/z_r1_d6_wd0_885a8ad0486f68cfed9e.npz,256000,2026-08-21T21:16:41+08:00,ibm_kingston,7af4abc6763339615cc42bd00fafb532e3c44a31c14bc574c88456a496136a2f,/home/najeeb/chanLira/channel_lira_results/phase7/stage2_primary/noisy_lira/sample_scores/MNIST_QNN_z_r1_d6_p7_s143_noisy_shot_sim7.npz,0.5,0.0,0.368,0.368,2.9309672210044946,5
MNIST_QNN_z_r1_d6_p7_s143,z_r1_d6,z,1,6,143,143,noisy_shot,1,128,128,8,lira_online,0.512282,0.486884225,0.535559925,200,0.049,0.05,0.11,0.1,1000,1000,16,4096000,False,/home/najeeb/chanLira/channel_lira_results/phase7/stage2_primary/noisy_lira/reference_cache/z_r1_d6_wd0_885a8ad0486f68cfed9e.npz,256000,2026-08-21T21:16:41+08:00,ibm_kingston,7af4abc6763339615cc42bd00fafb532e3c44a31c14bc574c88456a496136a2f,/home/najeeb/chanLira/channel_lira_results/phase7/stage2_primary/noisy_lira/sample_scores/MNIST_QNN_z_r1_d6_p7_s143_noisy_shot_sim8.npz,0.4945,-0.0109999999999999,0.343,0.354,0.3909336378424641,5
MNIST_QNN_z_r1_d6_p7_s143,z_r1_d6,z,1,6,143,143,noisy_shot,1,128,128,8,lira_online_fixed_variance,0.523802,0.4953475,0.549761775,200,0.055,0.05,0.113,0.1,1000,1000,16,4096000,False,/home/najeeb/chanLira/channel_lira_results/phase7/stage2_primary/noisy_lira/reference_cache/z_r1_d6_wd0_885a8ad0486f68cfed9e.npz,256000,2026-08-21T21:16:41+08:00,ibm_kingston,7af4abc6763339615cc42bd00fafb532e3c44a31c14bc574c88456a496136a2f,/home/najeeb/chanLira/channel_lira_results/phase7/stage2_primary/noisy_lira/sample_scores/MNIST_QNN_z_r1_d6_p7_s143_noisy_shot_sim8.npz,0.502,0.004,0.542,0.538,-0.0168886324010952,5
MNIST_QNN_z_r1_d6_p7_s143,z_r1_d6,z,1,6,143,143,noisy_shot,1,128,128,8,lira_offline,0.507076,0.4835611999999999,0.5337279500000001,200,0.044,0.05,0.104,0.097,1000,1000,16,4096000,False,/home/najeeb/chanLira/channel_lira_results/phase7/stage2_primary/noisy_lira/reference_cache/z_r1_d6_wd0_885a8ad0486f68cfed9e.npz,256000,2026-08-21T21:16:41+08:00,ibm_kingston,7af4abc6763339615cc42bd00fafb532e3c44a31c14bc574c88456a496136a2f,/home/najeeb/chanLira/channel_lira_results/phase7/stage2_primary/noisy_lira/sample_scores/MNIST_QNN_z_r1_d6_p7_s143_noisy_shot_sim8.npz,0.5125,0.025,0.318,0.293,1.8650988303655371,5
MNIST_QNN_z_r1_d6_p7_s143,z_r1_d6,z,1,6,143,143,noisy_shot,1,128,128,8,lira_offline_fixed_variance,0.513162,0.489949925,0.5355053249999999,200,0.053,0.05,0.113,0.1,1000,1000,16,4096000,False,/home/najeeb/chanLira/channel_lira_results/phase7/stage2_primary/noisy_lira/reference_cache/z_r1_d6_wd0_885a8ad0486f68cfed9e.npz,256000,2026-08-21T21:16:41+08:00,ibm_kingston,7af4abc6763339615cc42bd00fafb532e3c44a31c14bc574c88456a496136a2f,/home/najeeb/chanLira/channel_lira_results/phase7/stage2_primary/noisy_lira/sample_scores/MNIST_QNN_z_r1_d6_p7_s143_noisy_shot_sim8.npz,0.5005,0.001,0.616,0.615,1.2096302191623467,5
MNIST_QNN_z_r1_d6_p7_s143,z_r1_d6,z,1,6,143,143,noisy_shot,1,128,128,8,global_true_class_log_odds,0.5093275,0.489800525,0.53217325,200,0.06,0.05,0.11,0.1,1000,1000,16,4096000,False,/home/najeeb/chanLira/channel_lira_results/phase7/stage2_primary/noisy_lira/reference_cache/z_r1_d6_wd0_885a8ad0486f68cfed9e.npz,256000,2026-08-21T21:16:41+08:00,ibm_kingston,7af4abc6763339615cc42bd00fafb532e3c44a31c14bc574c88456a496136a2f,/home/najeeb/chanLira/channel_lira_results/phase7/stage2_primary/noisy_lira/sample_scores/MNIST_QNN_z_r1_d6_p7_s143_noisy_shot_sim8.npz,0.493,-0.014,0.375,0.389,2.197520383827679,5
MNIST_QNN_z_r1_d6_p7_s143,z_r1_d6,z,1,6,143,143,noisy_shot,1,128,128,9,lira_online,0.506835,0.479738225,0.53789735,200,0.035,0.048,0.078,0.1,1000,1000,16,4096000,False,/home/najeeb/chanLira/channel_lira_results/phase7/stage2_primary/noisy_lira/reference_cache/z_r1_d6_wd0_885a8ad0486f68cfed9e.npz,256000,2026-08-21T21:16:41+08:00,ibm_kingston,7af4abc6763339615cc42bd00fafb532e3c44a31c14bc574c88456a496136a2f,/home/najeeb/chanLira/channel_lira_results/phase7/stage2_primary/noisy_lira/sample_scores/MNIST_QNN_z_r1_d6_p7_s143_noisy_shot_sim9.npz,0.5065,0.0129999999999999,0.692,0.679,-0.3394985897567557,5
MNIST_QNN_z_r1_d6_p7_s143,z_r1_d6,z,1,6,143,143,noisy_shot,1,128,128,9,lira_online_fixed_variance,0.498558,0.4718748749999999,0.5209948,200,0.054,0.047,0.095,0.099,1000,1000,16,4096000,False,/home/najeeb/chanLira/channel_lira_results/phase7/stage2_primary/noisy_lira/reference_cache/z_r1_d6_wd0_885a8ad0486f68cfed9e.npz,256000,2026-08-21T21:16:41+08:00,ibm_kingston,7af4abc6763339615cc42bd00fafb532e3c44a31c14bc574c88456a496136a2f,/home/najeeb/chanLira/channel_lira_results/phase7/stage2_primary/noisy_lira/sample_scores/MNIST_QNN_z_r1_d6_p7_s143_noisy_shot_sim9.npz,0.4885,-0.023,0.723,0.746,-0.7272088860462709,5
MNIST_QNN_z_r1_d6_p7_s143,z_r1_d6,z,1,6,143,143,noisy_shot,1,128,128,9,lira_offline,0.493303,0.4688299749999999,0.519956325,200,0.038,0.05,0.077,0.1,1000,1000,16,4096000,False,/home/najeeb/chanLira/channel_lira_results/phase7/stage2_primary/noisy_lira/reference_cache/z_r1_d6_wd0_885a8ad0486f68cfed9e.npz,256000,2026-08-21T21:16:41+08:00,ibm_kingston,7af4abc6763339615cc42bd00fafb532e3c44a31c14bc574c88456a496136a2f,/home/najeeb/chanLira/channel_lira_results/phase7/stage2_primary/noisy_lira/sample_scores/MNIST_QNN_z_r1_d6_p7_s143_noisy_shot_sim9.npz,0.5035000000000001,0.007,0.8,0.793,1.1063617787530682,5
MNIST_QNN_z_r1_d6_p7_s143,z_r1_d6,z,1,6,143,143,noisy_shot,1,128,128,9,lira_offline_fixed_variance,0.499803,0.4779965,0.527005075,200,0.032,0.05,0.093,0.1,1000,1000,16,4096000,False,/home/najeeb/chanLira/channel_lira_results/phase7/stage2_primary/noisy_lira/reference_cache/z_r1_d6_wd0_885a8ad0486f68cfed9e.npz,256000,2026-08-21T21:16:41+08:00,ibm_kingston,7af4abc6763339615cc42bd00fafb532e3c44a31c14bc574c88456a496136a2f,/home/najeeb/chanLira/channel_lira_results/phase7/stage2_primary/noisy_lira/sample_scores/MNIST_QNN_z_r1_d6_p7_s143_noisy_shot_sim9.npz,0.518,0.036,0.862,0.826,1.1984100846291883,5
MNIST_QNN_z_r1_d6_p7_s143,z_r1_d6,z,1,6,143,143,noisy_shot,1,128,128,9,global_true_class_log_odds,0.5165835000000001,0.492639175,0.5407663375,200,0.045,0.05,0.103,0.099,1000,1000,16,4096000,False,/home/najeeb/chanLira/channel_lira_results/phase7/stage2_primary/noisy_lira/reference_cache/z_r1_d6_wd0_885a8ad0486f68cfed9e.npz,256000,2026-08-21T21:16:41+08:00,ibm_kingston,7af4abc6763339615cc42bd00fafb532e3c44a31c14bc574c88456a496136a2f,/home/najeeb/chanLira/channel_lira_results/phase7/stage2_primary/noisy_lira/sample_scores/MNIST_QNN_z_r1_d6_p7_s143_noisy_shot_sim9.npz,0.5025,0.005,0.706,0.701,0.3278430080659503,5
MNIST_QNN_z_r1_d6_p7_s144,z_r1_d6,z,1,6,144,143,noisy_shot,1,128,128,0,lira_online,0.5117020000000001,0.4891199,0.535453575,200,0.048,0.05,0.094,0.098,1000,1000,16,4096000,True,/home/najeeb/chanLira/channel_lira_results/phase7/stage2_primary/noisy_lira/reference_cache/z_r1_d6_wd0_885a8ad0486f68cfed9e.npz,256000,2026-08-21T21:16:41+08:00,ibm_kingston,7af4abc6763339615cc42bd00fafb532e3c44a31c14bc574c88456a496136a2f,/home/najeeb/chanLira/channel_lira_results/phase7/stage2_primary/noisy_lira/sample_scores/MNIST_QNN_z_r1_d6_p7_s144_noisy_shot_sim0.npz,0.5085,0.017,0.625,0.608,-0.5683137651384531,5
MNIST_QNN_z_r1_d6_p7_s144,z_r1_d6,z,1,6,144,143,noisy_shot,1,128,128,0,lira_online_fixed_variance,0.5233639999999999,0.501907325,0.548905275,200,0.053,0.05,0.109,0.1,1000,1000,16,4096000,True,/home/najeeb/chanLira/channel_lira_results/phase7/stage2_primary/noisy_lira/reference_cache/z_r1_d6_wd0_885a8ad0486f68cfed9e.npz,256000,2026-08-21T21:16:41+08:00,ibm_kingston,7af4abc6763339615cc42bd00fafb532e3c44a31c14bc574c88456a496136a2f,/home/najeeb/chanLira/channel_lira_results/phase7/stage2_primary/noisy_lira/sample_scores/MNIST_QNN_z_r1_d6_p7_s144_noisy_shot_sim0.npz,0.515,0.03,0.626,0.596,-0.0636919463239702,5
MNIST_QNN_z_r1_d6_p7_s144,z_r1_d6,z,1,6,144,143,noisy_shot,1,128,128,0,lira_offline,0.509891,0.48483535,0.53850285,200,0.038,0.049,0.087,0.098,1000,1000,16,4096000,True,/home/najeeb/chanLira/channel_lira_results/phase7/stage2_primary/noisy_lira/reference_cache/z_r1_d6_wd0_885a8ad0486f68cfed9e.npz,256000,2026-08-21T21:16:41+08:00,ibm_kingston,7af4abc6763339615cc42bd00fafb532e3c44a31c14bc574c88456a496136a2f,/home/najeeb/chanLira/channel_lira_results/phase7/stage2_primary/noisy_lira/sample_scores/MNIST_QNN_z_r1_d6_p7_s144_noisy_shot_sim0.npz,0.5035000000000001,0.0069999999999999,0.471,0.464,1.926054651276168,5
MNIST_QNN_z_r1_d6_p7_s144,z_r1_d6,z,1,6,144,143,noisy_shot,1,128,128,0,lira_offline_fixed_variance,0.516662,0.48762135,0.54309035,200,0.048,0.047,0.106,0.099,1000,1000,16,4096000,True,/home/najeeb/chanLira/channel_lira_results/phase7/stage2_primary/noisy_lira/reference_cache/z_r1_d6_wd0_885a8ad0486f68cfed9e.npz,256000,2026-08-21T21:16:41+08:00,ibm_kingston,7af4abc6763339615cc42bd00fafb532e3c44a31c14bc574c88456a496136a2f,/home/najeeb/chanLira/channel_lira_results/phase7/stage2_primary/noisy_lira/sample_scores/MNIST_QNN_z_r1_d6_p7_s144_noisy_shot_sim0.npz,0.5175000000000001,0.035,0.513,0.478,1.4716382240397032,5
MNIST_QNN_z_r1_d6_p7_s144,z_r1_d6,z,1,6,144,143,noisy_shot,1,128,128,0,global_true_class_log_odds,0.5257729999999999,0.503340425,0.5498899749999999,200,0.077,0.05,0.125,0.099,1000,1000,16,4096000,True,/home/najeeb/chanLira/channel_lira_results/phase7/stage2_primary/noisy_lira/reference_cache/z_r1_d6_wd0_885a8ad0486f68cfed9e.npz,256000,2026-08-21T21:16:41+08:00,ibm_kingston,7af4abc6763339615cc42bd00fafb532e3c44a31c14bc574c88456a496136a2f,/home/najeeb/chanLira/channel_lira_results/phase7/stage2_primary/noisy_lira/sample_scores/MNIST_QNN_z_r1_d6_p7_s144_noisy_shot_sim0.npz,0.511,0.022,0.586,0.564,0.9373307155984424,5
MNIST_QNN_z_r1_d6_p7_s144,z_r1_d6,z,1,6,144,143,noisy_shot,1,128,128,1,lira_online,0.493572,0.47020165,0.5169231999999999,200,0.044,0.048,0.099,0.098,1000,1000,16,4096000,True,/home/najeeb/chanLira/channel_lira_results/phase7/stage2_primary/noisy_lira/reference_cache/z_r1_d6_wd0_885a8ad0486f68cfed9e.npz,256000,2026-08-21T21:16:41+08:00,ibm_kingston,7af4abc6763339615cc42bd00fafb532e3c44a31c14bc574c88456a496136a2f,/home/najeeb/chanLira/channel_lira_results/phase7/stage2_primary/noisy_lira/sample_scores/MNIST_QNN_z_r1_d6_p7_s144_noisy_shot_sim1.npz,0.4975,-0.005,0.773,0.778,-1.386132424888277,5
MNIST_QNN_z_r1_d6_p7_s144,z_r1_d6,z,1,6,144,143,noisy_shot,1,128,128,1,lira_online_fixed_variance,0.4934219999999999,0.467534,0.5163253250000001,200,0.052,0.05,0.105,0.095,1000,1000,16,4096000,True,/home/najeeb/chanLira/channel_lira_results/phase7/stage2_primary/noisy_lira/reference_cache/z_r1_d6_wd0_885a8ad0486f68cfed9e.npz,256000,2026-08-21T21:16:41+08:00,ibm_kingston,7af4abc6763339615cc42bd00fafb532e3c44a31c14bc574c88456a496136a2f,/home/najeeb/chanLira/channel_lira_results/phase7/stage2_primary/noisy_lira/sample_scores/MNIST_QNN_z_r1_d6_p7_s144_noisy_shot_sim1.npz,0.514,0.028,0.893,0.865,-0.6184042451509972,5
MNIST_QNN_z_r1_d6_p7_s144,z_r1_d6,z,1,6,144,143,noisy_shot,1,128,128,1,lira_offline,0.485293,0.460070975,0.5124273250000001,200,0.05,0.05,0.086,0.099,1000,1000,16,4096000,True,/home/najeeb/chanLira/channel_lira_results/phase7/stage2_primary/noisy_lira/reference_cache/z_r1_d6_wd0_885a8ad0486f68cfed9e.npz,256000,2026-08-21T21:16:41+08:00,ibm_kingston,7af4abc6763339615cc42bd00fafb532e3c44a31c14bc574c88456a496136a2f,/home/najeeb/chanLira/channel_lira_results/phase7/stage2_primary/noisy_lira/sample_scores/MNIST_QNN_z_r1_d6_p7_s144_noisy_shot_sim1.npz,0.488,-0.024,0.242,0.266,9.6892631260352,5
MNIST_QNN_z_r1_d6_p7_s144,z_r1_d6,z,1,6,144,143,noisy_shot,1,128,128,1,lira_offline_fixed_variance,0.470524,0.44648845,0.495103975,200,0.04,0.042,0.09,0.099,1000,1000,16,4096000,True,/home/najeeb/chanLira/channel_lira_results/phase7/stage2_primary/noisy_lira/reference_cache/z_r1_d6_wd0_885a8ad0486f68cfed9e.npz,256000,2026-08-21T21:16:41+08:00,ibm_kingston,7af4abc6763339615cc42bd00fafb532e3c44a31c14bc574c88456a496136a2f,/home/najeeb/chanLira/channel_lira_results/phase7/stage2_primary/noisy_lira/sample_scores/MNIST_QNN_z_r1_d6_p7_s144_noisy_shot_sim1.npz,0.496,-0.008,0.04,0.048,5.360741902118322,5
MNIST_QNN_z_r1_d6_p7_s144,z_r1_d6,z,1,6,144,143,noisy_shot,1,128,128,1,global_true_class_log_odds,0.525906,0.4999678999999999,0.5545842249999999,200,0.062,0.047,0.118,0.1,1000,1000,16,4096000,True,/home/najeeb/chanLira/channel_lira_results/phase7/stage2_primary/noisy_lira/reference_cache/z_r1_d6_wd0_885a8ad0486f68cfed9e.npz,256000,2026-08-21T21:16:41+08:00,ibm_kingston,7af4abc6763339615cc42bd00fafb532e3c44a31c14bc574c88456a496136a2f,/home/najeeb/chanLira/channel_lira_results/phase7/stage2_primary/noisy_lira/sample_scores/MNIST_QNN_z_r1_d6_p7_s144_noisy_shot_sim1.npz,0.5175000000000001,0.035,0.758,0.723,0.1062213017790622,5
MNIST_QNN_z_r1_d6_p7_s144,z_r1_d6,z,1,6,144,143,noisy_shot,1,128,128,2,lira_online,0.530044,0.5062575500000001,0.5515609250000001,200,0.069,0.05,0.142,0.1,1000,1000,16,4096000,True,/home/najeeb/chanLira/channel_lira_results/phase7/stage2_primary/noisy_lira/reference_cache/z_r1_d6_wd0_885a8ad0486f68cfed9e.npz,256000,2026-08-21T21:16:41+08:00,ibm_kingston,7af4abc6763339615cc42bd00fafb532e3c44a31c14bc574c88456a496136a2f,/home/najeeb/chanLira/channel_lira_results/phase7/stage2_primary/noisy_lira/sample_scores/MNIST_QNN_z_r1_d6_p7_s144_noisy_shot_sim2.npz,0.521,0.0419999999999999,0.418,0.376,0.1736275616854277,5
MNIST_QNN_z_r1_d6_p7_s144,z_r1_d6,z,1,6,144,143,noisy_shot,1,128,128,2,lira_online_fixed_variance,0.518105,0.491899775,0.543317575,200,0.06,0.05,0.105,0.1,1000,1000,16,4096000,True,/home/najeeb/chanLira/channel_lira_results/phase7/stage2_primary/noisy_lira/reference_cache/z_r1_d6_wd0_885a8ad0486f68cfed9e.npz,256000,2026-08-21T21:16:41+08:00,ibm_kingston,7af4abc6763339615cc42bd00fafb532e3c44a31c14bc574c88456a496136a2f,/home/najeeb/chanLira/channel_lira_results/phase7/stage2_primary/noisy_lira/sample_scores/MNIST_QNN_z_r1_d6_p7_s144_noisy_shot_sim2.npz,0.5235000000000001,0.0469999999999999,0.362,0.315,0.1543066965954009,5
MNIST_QNN_z_r1_d6_p7_s144,z_r1_d6,z,1,6,144,143,noisy_shot,1,128,128,2,lira_offline,0.511437,0.489768925,0.5348006000000001,200,0.049,0.05,0.108,0.099,1000,1000,16,4096000,True,/home/najeeb/chanLira/channel_lira_results/phase7/stage2_primary/noisy_lira/reference_cache/z_r1_d6_wd0_885a8ad0486f68cfed9e.npz,256000,2026-08-21T21:16:41+08:00,ibm_kingston,7af4abc6763339615cc42bd00fafb532e3c44a31c14bc574c88456a496136a2f,/home/najeeb/chanLira/channel_lira_results/phase7/stage2_primary/noisy_lira/sample_scores/MNIST_QNN_z_r1_d6_p7_s144_noisy_shot_sim2.npz,0.5065,0.013,0.311,0.298,2.173620390817363,5
MNIST_QNN_z_r1_d6_p7_s144,z_r1_d6,z,1,6,144,143,noisy_shot,1,128,128,2,lira_offline_fixed_variance,0.499434,0.47388285,0.5266221,200,0.036,0.049,0.097,0.099,1000,1000,16,4096000,True,/home/najeeb/chanLira/channel_lira_results/phase7/stage2_primary/noisy_lira/reference_cache/z_r1_d6_wd0_885a8ad0486f68cfed9e.npz,256000,2026-08-21T21:16:41+08:00,ibm_kingston,7af4abc6763339615cc42bd00fafb532e3c44a31c14bc574c88456a496136a2f,/home/najeeb/chanLira/channel_lira_results/phase7/stage2_primary/noisy_lira/sample_scores/MNIST_QNN_z_r1_d6_p7_s144_noisy_shot_sim2.npz,0.4935,-0.013,0.359,0.372,2.2922358558578004,5
MNIST_QNN_z_r1_d6_p7_s144,z_r1_d6,z,1,6,144,143,noisy_shot,1,128,128,2,global_true_class_log_odds,0.5234945,0.501232025,0.546259425,200,0.058,0.05,0.109,0.099,1000,1000,16,4096000,True,/home/najeeb/chanLira/channel_lira_results/phase7/stage2_primary/noisy_lira/reference_cache/z_r1_d6_wd0_885a8ad0486f68cfed9e.npz,256000,2026-08-21T21:16:41+08:00,ibm_kingston,7af4abc6763339615cc42bd00fafb532e3c44a31c14bc574c88456a496136a2f,/home/najeeb/chanLira/channel_lira_results/phase7/stage2_primary/noisy_lira/sample_scores/MNIST_QNN_z_r1_d6_p7_s144_noisy_shot_sim2.npz,0.517,0.034,0.645,0.611,0.6839725442481012,5
MNIST_QNN_z_r1_d6_p7_s144,z_r1_d6,z,1,6,144,143,noisy_shot,1,128,128,3,lira_online,0.5134719999999999,0.491393,0.5382906249999999,200,0.06,0.05,0.11,0.1,1000,1000,16,4096000,True,/home/najeeb/chanLira/channel_lira_results/phase7/stage2_primary/noisy_lira/reference_cache/z_r1_d6_wd0_885a8ad0486f68cfed9e.npz,256000,2026-08-21T21:16:41+08:00,ibm_kingston,7af4abc6763339615cc42bd00fafb532e3c44a31c14bc574c88456a496136a2f,/home/najeeb/chanLira/channel_lira_results/phase7/stage2_primary/noisy_lira/sample_scores/MNIST_QNN_z_r1_d6_p7_s144_noisy_shot_sim3.npz,0.5255,0.0509999999999999,0.321,0.27,0.3364076716036432,5
MNIST_QNN_z_r1_d6_p7_s144,z_r1_d6,z,1,6,144,143,noisy_shot,1,128,128,3,lira_online_fixed_variance,0.517996,0.49481755,0.541360675,200,0.059,0.043,0.115,0.098,1000,1000,16,4096000,True,/home/najeeb/chanLira/channel_lira_results/phase7/stage2_primary/noisy_lira/reference_cache/z_r1_d6_wd0_885a8ad0486f68cfed9e.npz,256000,2026-08-21T21:16:41+08:00,ibm_kingston,7af4abc6763339615cc42bd00fafb532e3c44a31c14bc574c88456a496136a2f,/home/najeeb/chanLira/channel_lira_results/phase7/stage2_primary/noisy_lira/sample_scores/MNIST_QNN_z_r1_d6_p7_s144_noisy_shot_sim3.npz,0.5055,0.011,0.596,0.585,-0.2404167721122423,5
MNIST_QNN_z_r1_d6_p7_s144,z_r1_d6,z,1,6,144,143,noisy_shot,1,128,128,3,lira_offline,0.506172,0.4859708749999999,0.533078175,200,0.054,0.05,0.112,0.1,1000,1000,16,4096000,True,/home/najeeb/chanLira/channel_lira_results/phase7/stage2_primary/noisy_lira/reference_cache/z_r1_d6_wd0_885a8ad0486f68cfed9e.npz,256000,2026-08-21T21:16:41+08:00,ibm_kingston,7af4abc6763339615cc42bd00fafb532e3c44a31c14bc574c88456a496136a2f,/home/najeeb/chanLira/channel_lira_results/phase7/stage2_primary/noisy_lira/sample_scores/MNIST_QNN_z_r1_d6_p7_s144_noisy_shot_sim3.npz,0.509,0.018,0.379,0.361,1.7485754847473238,5
MNIST_QNN_z_r1_d6_p7_s144,z_r1_d6,z,1,6,144,143,noisy_shot,1,128,128,3,lira_offline_fixed_variance,0.516315,0.49245525,0.540100425,200,0.071,0.05,0.129,0.1,1000,1000,16,4096000,True,/home/najeeb/chanLira/channel_lira_results/phase7/stage2_primary/noisy_lira/reference_cache/z_r1_d6_wd0_885a8ad0486f68cfed9e.npz,256000,2026-08-21T21:16:41+08:00,ibm_kingston,7af4abc6763339615cc42bd00fafb532e3c44a31c14bc574c88456a496136a2f,/home/najeeb/chanLira/channel_lira_results/phase7/stage2_primary/noisy_lira/sample_scores/MNIST_QNN_z_r1_d6_p7_s144_noisy_shot_sim3.npz,0.5075000000000001,0.015,0.509,0.494,1.486663159997624,5
MNIST_QNN_z_r1_d6_p7_s144,z_r1_d6,z,1,6,144,143,noisy_shot,1,128,128,3,global_true_class_log_odds,0.539726,0.5143647,0.5631202750000001,200,0.06,0.05,0.126,0.099,1000,1000,16,4096000,True,/home/najeeb/chanLira/channel_lira_results/phase7/stage2_primary/noisy_lira/reference_cache/z_r1_d6_wd0_885a8ad0486f68cfed9e.npz,256000,2026-08-21T21:16:41+08:00,ibm_kingston,7af4abc6763339615cc42bd00fafb532e3c44a31c14bc574c88456a496136a2f,/home/najeeb/chanLira/channel_lira_results/phase7/stage2_primary/noisy_lira/sample_scores/MNIST_QNN_z_r1_d6_p7_s144_noisy_shot_sim3.npz,0.532,0.0639999999999999,0.74,0.676,0.2251646356469685,5
MNIST_QNN_z_r1_d6_p7_s144,z_r1_d6,z,1,6,144,143,noisy_shot,1,128,128,4,lira_online,0.5224770000000001,0.49914455,0.5498344,200,0.057,0.05,0.114,0.1,1000,1000,16,4096000,True,/home/najeeb/chanLira/channel_lira_results/phase7/stage2_primary/noisy_lira/reference_cache/z_r1_d6_wd0_885a8ad0486f68cfed9e.npz,256000,2026-08-21T21:16:41+08:00,ibm_kingston,7af4abc6763339615cc42bd00fafb532e3c44a31c14bc574c88456a496136a2f,/home/najeeb/chanLira/channel_lira_results/phase7/stage2_primary/noisy_lira/sample_scores/MNIST_QNN_z_r1_d6_p7_s144_noisy_shot_sim4.npz,0.5095000000000001,0.019,0.75,0.731,-0.2563249367642395,5
MNIST_QNN_z_r1_d6_p7_s144,z_r1_d6,z,1,6,144,143,noisy_shot,1,128,128,4,lira_online_fixed_variance,0.522428,0.4953324999999999,0.54527005,200,0.063,0.05,0.119,0.099,1000,1000,16,4096000,True,/home/najeeb/chanLira/channel_lira_results/phase7/stage2_primary/noisy_lira/reference_cache/z_r1_d6_wd0_885a8ad0486f68cfed9e.npz,256000,2026-08-21T21:16:41+08:00,ibm_kingston,7af4abc6763339615cc42bd00fafb532e3c44a31c14bc574c88456a496136a2f,/home/najeeb/chanLira/channel_lira_results/phase7/stage2_primary/noisy_lira/sample_scores/MNIST_QNN_z_r1_d6_p7_s144_noisy_shot_sim4.npz,0.496,-0.008,0.719,0.727,-0.1857007268467037,5
MNIST_QNN_z_r1_d6_p7_s144,z_r1_d6,z,1,6,144,143,noisy_shot,1,128,128,4,lira_offline,0.498233,0.470371425,0.52348225,200,0.047,0.048,0.087,0.1,1000,1000,16,4096000,True,/home/najeeb/chanLira/channel_lira_results/phase7/stage2_primary/noisy_lira/reference_cache/z_r1_d6_wd0_885a8ad0486f68cfed9e.npz,256000,2026-08-21T21:16:41+08:00,ibm_kingston,7af4abc6763339615cc42bd00fafb532e3c44a31c14bc574c88456a496136a2f,/home/najeeb/chanLira/channel_lira_results/phase7/stage2_primary/noisy_lira/sample_scores/MNIST_QNN_z_r1_d6_p7_s144_noisy_shot_sim4.npz,0.4895,-0.021,0.61,0.631,1.7072052186824265,5
MNIST_QNN_z_r1_d6_p7_s144,z_r1_d6,z,1,6,144,143,noisy_shot,1,128,128,4,lira_offline_fixed_variance,0.507587,0.48382785,0.5346354,200,0.045,0.05,0.105,0.1,1000,1000,16,4096000,True,/home/najeeb/chanLira/channel_lira_results/phase7/stage2_primary/noisy_lira/reference_cache/z_r1_d6_wd0_885a8ad0486f68cfed9e.npz,256000,2026-08-21T21:16:41+08:00,ibm_kingston,7af4abc6763339615cc42bd00fafb532e3c44a31c14bc574c88456a496136a2f,/home/najeeb/chanLira/channel_lira_results/phase7/stage2_primary/noisy_lira/sample_scores/MNIST_QNN_z_r1_d6_p7_s144_noisy_shot_sim4.npz,0.4975,-0.005,0.756,0.761,1.246750709115304,5
MNIST_QNN_z_r1_d6_p7_s144,z_r1_d6,z,1,6,144,143,noisy_shot,1,128,128,4,global_true_class_log_odds,0.529927,0.50749385,0.554234225,200,0.071,0.05,0.107,0.099,1000,1000,16,4096000,True,/home/najeeb/chanLira/channel_lira_results/phase7/stage2_primary/noisy_lira/reference_cache/z_r1_d6_wd0_885a8ad0486f68cfed9e.npz,256000,2026-08-21T21:16:41+08:00,ibm_kingston,7af4abc6763339615cc42bd00fafb532e3c44a31c14bc574c88456a496136a2f,/home/najeeb/chanLira/channel_lira_results/phase7/stage2_primary/noisy_lira/sample_scores/MNIST_QNN_z_r1_d6_p7_s144_noisy_shot_sim4.npz,0.529,0.058,0.795,0.737,-0.0906670803820689,5
MNIST_QNN_z_r1_d6_p7_s144,z_r1_d6,z,1,6,144,143,noisy_shot,1,128,128,5,lira_online,0.515359,0.4882777749999999,0.5421375,200,0.055,0.05,0.099,0.096,1000,1000,16,4096000,True,/home/najeeb/chanLira/channel_lira_results/phase7/stage2_primary/noisy_lira/reference_cache/z_r1_d6_wd0_885a8ad0486f68cfed9e.npz,256000,2026-08-21T21:16:41+08:00,ibm_kingston,7af4abc6763339615cc42bd00fafb532e3c44a31c14bc574c88456a496136a2f,/home/najeeb/chanLira/channel_lira_results/phase7/stage2_primary/noisy_lira/sample_scores/MNIST_QNN_z_r1_d6_p7_s144_noisy_shot_sim5.npz,0.5,0.0,0.524,0.524,-0.0436702002252173,5
MNIST_QNN_z_r1_d6_p7_s144,z_r1_d6,z,1,6,144,143,noisy_shot,1,128,128,5,lira_online_fixed_variance,0.518986,0.493916125,0.5510773499999999,200,0.069,0.05,0.115,0.097,1000,1000,16,4096000,True,/home/najeeb/chanLira/channel_lira_results/phase7/stage2_primary/noisy_lira/reference_cache/z_r1_d6_wd0_885a8ad0486f68cfed9e.npz,256000,2026-08-21T21:16:41+08:00,ibm_kingston,7af4abc6763339615cc42bd00fafb532e3c44a31c14bc574c88456a496136a2f,/home/najeeb/chanLira/channel_lira_results/phase7/stage2_primary/noisy_lira/sample_scores/MNIST_QNN_z_r1_d6_p7_s144_noisy_shot_sim5.npz,0.509,0.018,0.589,0.571,-0.1050687435553658,5
MNIST_QNN_z_r1_d6_p7_s144,z_r1_d6,z,1,6,144,143,noisy_shot,1,128,128,5,lira_offline,0.525158,0.5029548,0.54758485,200,0.049,0.05,0.112,0.1,1000,1000,16,4096000,True,/home/najeeb/chanLira/channel_lira_results/phase7/stage2_primary/noisy_lira/reference_cache/z_r1_d6_wd0_885a8ad0486f68cfed9e.npz,256000,2026-08-21T21:16:41+08:00,ibm_kingston,7af4abc6763339615cc42bd00fafb532e3c44a31c14bc574c88456a496136a2f,/home/najeeb/chanLira/channel_lira_results/phase7/stage2_primary/noisy_lira/sample_scores/MNIST_QNN_z_r1_d6_p7_s144_noisy_shot_sim5.npz,0.514,0.0279999999999999,0.407,0.379,2.128977193346265,5
MNIST_QNN_z_r1_d6_p7_s144,z_r1_d6,z,1,6,144,143,noisy_shot,1,128,128,5,lira_offline_fixed_variance,0.520718,0.4901406499999999,0.546619775,200,0.053,0.05,0.114,0.1,1000,1000,16,4096000,True,/home/najeeb/chanLira/channel_lira_results/phase7/stage2_primary/noisy_lira/reference_cache/z_r1_d6_wd0_885a8ad0486f68cfed9e.npz,256000,2026-08-21T21:16:41+08:00,ibm_kingston,7af4abc6763339615cc42bd00fafb532e3c44a31c14bc574c88456a496136a2f,/home/najeeb/chanLira/channel_lira_results/phase7/stage2_primary/noisy_lira/sample_scores/MNIST_QNN_z_r1_d6_p7_s144_noisy_shot_sim5.npz,0.5185,0.037,0.333,0.296,1.9887414398611305,5
MNIST_QNN_z_r1_d6_p7_s144,z_r1_d6,z,1,6,144,143,noisy_shot,1,128,128,5,global_true_class_log_odds,0.530261,0.504184875,0.55667215,200,0.07,0.049,0.119,0.099,1000,1000,16,4096000,True,/home/najeeb/chanLira/channel_lira_results/phase7/stage2_primary/noisy_lira/reference_cache/z_r1_d6_wd0_885a8ad0486f68cfed9e.npz,256000,2026-08-21T21:16:41+08:00,ibm_kingston,7af4abc6763339615cc42bd00fafb532e3c44a31c14bc574c88456a496136a2f,/home/najeeb/chanLira/channel_lira_results/phase7/stage2_primary/noisy_lira/sample_scores/MNIST_QNN_z_r1_d6_p7_s144_noisy_shot_sim5.npz,0.511,0.0219999999999999,0.477,0.455,1.343367234679175,5
MNIST_QNN_z_r1_d6_p7_s144,z_r1_d6,z,1,6,144,143,noisy_shot,1,128,128,6,lira_online,0.511817,0.48993685,0.536183125,200,0.043,0.05,0.112,0.1,1000,1000,16,4096000,True,/home/najeeb/chanLira/channel_lira_results/phase7/stage2_primary/noisy_lira/reference_cache/z_r1_d6_wd0_885a8ad0486f68cfed9e.npz,256000,2026-08-21T21:16:41+08:00,ibm_kingston,7af4abc6763339615cc42bd00fafb532e3c44a31c14bc574c88456a496136a2f,/home/najeeb/chanLira/channel_lira_results/phase7/stage2_primary/noisy_lira/sample_scores/MNIST_QNN_z_r1_d6_p7_s144_noisy_shot_sim6.npz,0.5075,0.015,0.731,0.716,-0.4514854877520611,5
MNIST_QNN_z_r1_d6_p7_s144,z_r1_d6,z,1,6,144,143,noisy_shot,1,128,128,6,lira_online_fixed_variance,0.518919,0.4922715,0.54449135,200,0.054,0.05,0.113,0.098,1000,1000,16,4096000,True,/home/najeeb/chanLira/channel_lira_results/phase7/stage2_primary/noisy_lira/reference_cache/z_r1_d6_wd0_885a8ad0486f68cfed9e.npz,256000,2026-08-21T21:16:41+08:00,ibm_kingston,7af4abc6763339615cc42bd00fafb532e3c44a31c14bc574c88456a496136a2f,/home/najeeb/chanLira/channel_lira_results/phase7/stage2_primary/noisy_lira/sample_scores/MNIST_QNN_z_r1_d6_p7_s144_noisy_shot_sim6.npz,0.5145,0.029,0.747,0.718,-0.4716571611708993,5
MNIST_QNN_z_r1_d6_p7_s144,z_r1_d6,z,1,6,144,143,noisy_shot,1,128,128,6,lira_offline,0.5149279999999999,0.490877625,0.5390786750000001,200,0.048,0.049,0.086,0.1,1000,1000,16,4096000,True,/home/najeeb/chanLira/channel_lira_results/phase7/stage2_primary/noisy_lira/reference_cache/z_r1_d6_wd0_885a8ad0486f68cfed9e.npz,256000,2026-08-21T21:16:41+08:00,ibm_kingston,7af4abc6763339615cc42bd00fafb532e3c44a31c14bc574c88456a496136a2f,/home/najeeb/chanLira/channel_lira_results/phase7/stage2_primary/noisy_lira/sample_scores/MNIST_QNN_z_r1_d6_p7_s144_noisy_shot_sim6.npz,0.4965,-0.007,0.665,0.672,1.1819328966862366,5
MNIST_QNN_z_r1_d6_p7_s144,z_r1_d6,z,1,6,144,143,noisy_shot,1,128,128,6,lira_offline_fixed_variance,0.515528,0.494895625,0.542286325,200,0.066,0.049,0.115,0.096,1000,1000,16,4096000,True,/home/najeeb/chanLira/channel_lira_results/phase7/stage2_primary/noisy_lira/reference_cache/z_r1_d6_wd0_885a8ad0486f68cfed9e.npz,256000,2026-08-21T21:16:41+08:00,ibm_kingston,7af4abc6763339615cc42bd00fafb532e3c44a31c14bc574c88456a496136a2f,/home/najeeb/chanLira/channel_lira_results/phase7/stage2_primary/noisy_lira/sample_scores/MNIST_QNN_z_r1_d6_p7_s144_noisy_shot_sim6.npz,0.516,0.032,0.658,0.626,1.290997785795939,5
MNIST_QNN_z_r1_d6_p7_s144,z_r1_d6,z,1,6,144,143,noisy_shot,1,128,128,6,global_true_class_log_odds,0.519752,0.494196925,0.542081025,200,0.068,0.05,0.143,0.1,1000,1000,16,4096000,True,/home/najeeb/chanLira/channel_lira_results/phase7/stage2_primary/noisy_lira/reference_cache/z_r1_d6_wd0_885a8ad0486f68cfed9e.npz,256000,2026-08-21T21:16:41+08:00,ibm_kingston,7af4abc6763339615cc42bd00fafb532e3c44a31c14bc574c88456a496136a2f,/home/najeeb/chanLira/channel_lira_results/phase7/stage2_primary/noisy_lira/sample_scores/MNIST_QNN_z_r1_d6_p7_s144_noisy_shot_sim6.npz,0.506,0.012,0.601,0.589,0.2833330031624289,5
MNIST_QNN_z_r1_d6_p7_s144,z_r1_d6,z,1,6,144,143,noisy_shot,1,128,128,7,lira_online,0.4846499999999999,0.4579331749999999,0.51202645,200,0.04,0.048,0.074,0.098,1000,1000,16,4096000,True,/home/najeeb/chanLira/channel_lira_results/phase7/stage2_primary/noisy_lira/reference_cache/z_r1_d6_wd0_885a8ad0486f68cfed9e.npz,256000,2026-08-21T21:16:41+08:00,ibm_kingston,7af4abc6763339615cc42bd00fafb532e3c44a31c14bc574c88456a496136a2f,/home/najeeb/chanLira/channel_lira_results/phase7/stage2_primary/noisy_lira/sample_scores/MNIST_QNN_z_r1_d6_p7_s144_noisy_shot_sim7.npz,0.487,-0.0259999999999999,0.338,0.364,0.3546017255589397,5
MNIST_QNN_z_r1_d6_p7_s144,z_r1_d6,z,1,6,144,143,noisy_shot,1,128,128,7,lira_online_fixed_variance,0.507266,0.48387965,0.5334374500000001,200,0.046,0.049,0.092,0.1,1000,1000,16,4096000,True,/home/najeeb/chanLira/channel_lira_results/phase7/stage2_primary/noisy_lira/reference_cache/z_r1_d6_wd0_885a8ad0486f68cfed9e.npz,256000,2026-08-21T21:16:41+08:00,ibm_kingston,7af4abc6763339615cc42bd00fafb532e3c44a31c14bc574c88456a496136a2f,/home/najeeb/chanLira/channel_lira_results/phase7/stage2_primary/noisy_lira/sample_scores/MNIST_QNN_z_r1_d6_p7_s144_noisy_shot_sim7.npz,0.5065,0.013,0.301,0.288,0.4060800147890651,5
MNIST_QNN_z_r1_d6_p7_s144,z_r1_d6,z,1,6,144,143,noisy_shot,1,128,128,7,lira_offline,0.512438,0.4839816,0.534110325,200,0.043,0.048,0.083,0.098,1000,1000,16,4096000,True,/home/najeeb/chanLira/channel_lira_results/phase7/stage2_primary/noisy_lira/reference_cache/z_r1_d6_wd0_885a8ad0486f68cfed9e.npz,256000,2026-08-21T21:16:41+08:00,ibm_kingston,7af4abc6763339615cc42bd00fafb532e3c44a31c14bc574c88456a496136a2f,/home/najeeb/chanLira/channel_lira_results/phase7/stage2_primary/noisy_lira/sample_scores/MNIST_QNN_z_r1_d6_p7_s144_noisy_shot_sim7.npz,0.521,0.0419999999999999,0.509,0.467,1.580892207810095,5
MNIST_QNN_z_r1_d6_p7_s144,z_r1_d6,z,1,6,144,143,noisy_shot,1,128,128,7,lira_offline_fixed_variance,0.517498,0.493241,0.5438048249999999,200,0.051,0.05,0.078,0.096,1000,1000,16,4096000,True,/home/najeeb/chanLira/channel_lira_results/phase7/stage2_primary/noisy_lira/reference_cache/z_r1_d6_wd0_885a8ad0486f68cfed9e.npz,256000,2026-08-21T21:16:41+08:00,ibm_kingston,7af4abc6763339615cc42bd00fafb532e3c44a31c14bc574c88456a496136a2f,/home/najeeb/chanLira/channel_lira_results/phase7/stage2_primary/noisy_lira/sample_scores/MNIST_QNN_z_r1_d6_p7_s144_noisy_shot_sim7.npz,0.515,0.0299999999999999,0.488,0.458,1.507237117716144,5
MNIST_QNN_z_r1_d6_p7_s144,z_r1_d6,z,1,6,144,143,noisy_shot,1,128,128,7,global_true_class_log_odds,0.5303145,0.502801675,0.55407025,200,0.065,0.05,0.138,0.1,1000,1000,16,4096000,True,/home/najeeb/chanLira/channel_lira_results/phase7/stage2_primary/noisy_lira/reference_cache/z_r1_d6_wd0_885a8ad0486f68cfed9e.npz,256000,2026-08-21T21:16:41+08:00,ibm_kingston,7af4abc6763339615cc42bd00fafb532e3c44a31c14bc574c88456a496136a2f,/home/najeeb/chanLira/channel_lira_results/phase7/stage2_primary/noisy_lira/sample_scores/MNIST_QNN_z_r1_d6_p7_s144_noisy_shot_sim7.npz,0.51,0.02,0.657,0.637,0.9075412228563368,5
MNIST_QNN_z_r1_d6_p7_s144,z_r1_d6,z,1,6,144,143,noisy_shot,1,128,128,8,lira_online,0.4988250000000001,0.4718184749999999,0.520593175,200,0.044,0.049,0.105,0.1,1000,1000,16,4096000,True,/home/najeeb/chanLira/channel_lira_results/phase7/stage2_primary/noisy_lira/reference_cache/z_r1_d6_wd0_885a8ad0486f68cfed9e.npz,256000,2026-08-21T21:16:41+08:00,ibm_kingston,7af4abc6763339615cc42bd00fafb532e3c44a31c14bc574c88456a496136a2f,/home/najeeb/chanLira/channel_lira_results/phase7/stage2_primary/noisy_lira/sample_scores/MNIST_QNN_z_r1_d6_p7_s144_noisy_shot_sim8.npz,0.4955,-0.009,0.459,0.468,-0.0084914432227714,5
MNIST_QNN_z_r1_d6_p7_s144,z_r1_d6,z,1,6,144,143,noisy_shot,1,128,128,8,lira_online_fixed_variance,0.5048969999999999,0.4764932,0.5269217,200,0.06,0.049,0.107,0.096,1000,1000,16,4096000,True,/home/najeeb/chanLira/channel_lira_results/phase7/stage2_primary/noisy_lira/reference_cache/z_r1_d6_wd0_885a8ad0486f68cfed9e.npz,256000,2026-08-21T21:16:41+08:00,ibm_kingston,7af4abc6763339615cc42bd00fafb532e3c44a31c14bc574c88456a496136a2f,/home/najeeb/chanLira/channel_lira_results/phase7/stage2_primary/noisy_lira/sample_scores/MNIST_QNN_z_r1_d6_p7_s144_noisy_shot_sim8.npz,0.492,-0.016,0.527,0.543,0.0082465357770451,5
MNIST_QNN_z_r1_d6_p7_s144,z_r1_d6,z,1,6,144,143,noisy_shot,1,128,128,8,lira_offline,0.511815,0.49000625,0.5407722,200,0.056,0.05,0.109,0.1,1000,1000,16,4096000,True,/home/najeeb/chanLira/channel_lira_results/phase7/stage2_primary/noisy_lira/reference_cache/z_r1_d6_wd0_885a8ad0486f68cfed9e.npz,256000,2026-08-21T21:16:41+08:00,ibm_kingston,7af4abc6763339615cc42bd00fafb532e3c44a31c14bc574c88456a496136a2f,/home/najeeb/chanLira/channel_lira_results/phase7/stage2_primary/noisy_lira/sample_scores/MNIST_QNN_z_r1_d6_p7_s144_noisy_shot_sim8.npz,0.5085,0.017,0.392,0.375,1.7408429767570122,5
MNIST_QNN_z_r1_d6_p7_s144,z_r1_d6,z,1,6,144,143,noisy_shot,1,128,128,8,lira_offline_fixed_variance,0.508213,0.483408925,0.530215875,200,0.073,0.05,0.1,0.099,1000,1000,16,4096000,True,/home/najeeb/chanLira/channel_lira_results/phase7/stage2_primary/noisy_lira/reference_cache/z_r1_d6_wd0_885a8ad0486f68cfed9e.npz,256000,2026-08-21T21:16:41+08:00,ibm_kingston,7af4abc6763339615cc42bd00fafb532e3c44a31c14bc574c88456a496136a2f,/home/najeeb/chanLira/channel_lira_results/phase7/stage2_primary/noisy_lira/sample_scores/MNIST_QNN_z_r1_d6_p7_s144_noisy_shot_sim8.npz,0.4974999999999999,-0.005,0.29,0.295,2.2165130810414277,5
MNIST_QNN_z_r1_d6_p7_s144,z_r1_d6,z,1,6,144,143,noisy_shot,1,128,128,8,global_true_class_log_odds,0.53835,0.5159509750000001,0.5641861,200,0.071,0.048,0.14,0.1,1000,1000,16,4096000,True,/home/najeeb/chanLira/channel_lira_results/phase7/stage2_primary/noisy_lira/reference_cache/z_r1_d6_wd0_885a8ad0486f68cfed9e.npz,256000,2026-08-21T21:16:41+08:00,ibm_kingston,7af4abc6763339615cc42bd00fafb532e3c44a31c14bc574c88456a496136a2f,/home/najeeb/chanLira/channel_lira_results/phase7/stage2_primary/noisy_lira/sample_scores/MNIST_QNN_z_r1_d6_p7_s144_noisy_shot_sim8.npz,0.5245,0.0489999999999999,0.692,0.643,0.6001273193284351,5
MNIST_QNN_z_r1_d6_p7_s144,z_r1_d6,z,1,6,144,143,noisy_shot,1,128,128,9,lira_online,0.5088039999999999,0.48404015,0.532390575,200,0.059,0.05,0.111,0.1,1000,1000,16,4096000,True,/home/najeeb/chanLira/channel_lira_results/phase7/stage2_primary/noisy_lira/reference_cache/z_r1_d6_wd0_885a8ad0486f68cfed9e.npz,256000,2026-08-21T21:16:41+08:00,ibm_kingston,7af4abc6763339615cc42bd00fafb532e3c44a31c14bc574c88456a496136a2f,/home/najeeb/chanLira/channel_lira_results/phase7/stage2_primary/noisy_lira/sample_scores/MNIST_QNN_z_r1_d6_p7_s144_noisy_shot_sim9.npz,0.4935,-0.013,0.608,0.621,-0.6808913797068552,5
MNIST_QNN_z_r1_d6_p7_s144,z_r1_d6,z,1,6,144,143,noisy_shot,1,128,128,9,lira_online_fixed_variance,0.511624,0.4836483749999999,0.5357969499999999,200,0.054,0.047,0.107,0.1,1000,1000,16,4096000,True,/home/najeeb/chanLira/channel_lira_results/phase7/stage2_primary/noisy_lira/reference_cache/z_r1_d6_wd0_885a8ad0486f68cfed9e.npz,256000,2026-08-21T21:16:41+08:00,ibm_kingston,7af4abc6763339615cc42bd00fafb532e3c44a31c14bc574c88456a496136a2f,/home/najeeb/chanLira/channel_lira_results/phase7/stage2_primary/noisy_lira/sample_scores/MNIST_QNN_z_r1_d6_p7_s144_noisy_shot_sim9.npz,0.5025000000000001,0.005,0.459,0.454,0.0054215093667551,5
MNIST_QNN_z_r1_d6_p7_s144,z_r1_d6,z,1,6,144,143,noisy_shot,1,128,128,9,lira_offline,0.5169050000000001,0.496251425,0.540401475,200,0.053,0.048,0.101,0.097,1000,1000,16,4096000,True,/home/najeeb/chanLira/channel_lira_results/phase7/stage2_primary/noisy_lira/reference_cache/z_r1_d6_wd0_885a8ad0486f68cfed9e.npz,256000,2026-08-21T21:16:41+08:00,ibm_kingston,7af4abc6763339615cc42bd00fafb532e3c44a31c14bc574c88456a496136a2f,/home/najeeb/chanLira/channel_lira_results/phase7/stage2_primary/noisy_lira/sample_scores/MNIST_QNN_z_r1_d6_p7_s144_noisy_shot_sim9.npz,0.5205,0.0409999999999999,0.486,0.445,1.6338242449553575,5
MNIST_QNN_z_r1_d6_p7_s144,z_r1_d6,z,1,6,144,143,noisy_shot,1,128,128,9,lira_offline_fixed_variance,0.506726,0.483748025,0.5315970250000001,200,0.059,0.05,0.112,0.099,1000,1000,16,4096000,True,/home/najeeb/chanLira/channel_lira_results/phase7/stage2_primary/noisy_lira/reference_cache/z_r1_d6_wd0_885a8ad0486f68cfed9e.npz,256000,2026-08-21T21:16:41+08:00,ibm_kingston,7af4abc6763339615cc42bd00fafb532e3c44a31c14bc574c88456a496136a2f,/home/najeeb/chanLira/channel_lira_results/phase7/stage2_primary/noisy_lira/sample_scores/MNIST_QNN_z_r1_d6_p7_s144_noisy_shot_sim9.npz,0.512,0.0239999999999999,0.421,0.397,1.6173600132191217,5
MNIST_QNN_z_r1_d6_p7_s144,z_r1_d6,z,1,6,144,143,noisy_shot,1,128,128,9,global_true_class_log_odds,0.5246775,0.497520575,0.5496054499999999,200,0.063,0.05,0.107,0.1,1000,1000,16,4096000,True,/home/najeeb/chanLira/channel_lira_results/phase7/stage2_primary/noisy_lira/reference_cache/z_r1_d6_wd0_885a8ad0486f68cfed9e.npz,256000,2026-08-21T21:16:41+08:00,ibm_kingston,7af4abc6763339615cc42bd00fafb532e3c44a31c14bc574c88456a496136a2f,/home/najeeb/chanLira/channel_lira_results/phase7/stage2_primary/noisy_lira/sample_scores/MNIST_QNN_z_r1_d6_p7_s144_noisy_shot_sim9.npz,0.5105,0.021,0.714,0.693,0.2650506173017511,5
MNIST_QNN_z_r1_d6_p7_s145,z_r1_d6,z,1,6,145,143,noisy_shot,1,128,128,0,lira_online,0.5099130000000001,0.482888825,0.531303,200,0.044,0.049,0.089,0.1,1000,1000,16,4096000,True,/home/najeeb/chanLira/channel_lira_results/phase7/stage2_primary/noisy_lira/reference_cache/z_r1_d6_wd0_885a8ad0486f68cfed9e.npz,256000,2026-08-21T21:16:41+08:00,ibm_kingston,7af4abc6763339615cc42bd00fafb532e3c44a31c14bc574c88456a496136a2f,/home/najeeb/chanLira/channel_lira_results/phase7/stage2_primary/noisy_lira/sample_scores/MNIST_QNN_z_r1_d6_p7_s145_noisy_shot_sim0.npz,0.51,0.02,0.724,0.704,-0.3072875090368208,5
MNIST_QNN_z_r1_d6_p7_s145,z_r1_d6,z,1,6,145,143,noisy_shot,1,128,128,0,lira_online_fixed_variance,0.5153,0.49293335,0.5394434499999999,200,0.054,0.05,0.114,0.1,1000,1000,16,4096000,True,/home/najeeb/chanLira/channel_lira_results/phase7/stage2_primary/noisy_lira/reference_cache/z_r1_d6_wd0_885a8ad0486f68cfed9e.npz,256000,2026-08-21T21:16:41+08:00,ibm_kingston,7af4abc6763339615cc42bd00fafb532e3c44a31c14bc574c88456a496136a2f,/home/najeeb/chanLira/channel_lira_results/phase7/stage2_primary/noisy_lira/sample_scores/MNIST_QNN_z_r1_d6_p7_s145_noisy_shot_sim0.npz,0.5205,0.041,0.668,0.627,-0.0862402606383097,5
MNIST_QNN_z_r1_d6_p7_s145,z_r1_d6,z,1,6,145,143,noisy_shot,1,128,128,0,lira_offline,0.502672,0.4773244499999999,0.5264019249999999,200,0.047,0.05,0.086,0.098,1000,1000,16,4096000,True,/home/najeeb/chanLira/channel_lira_results/phase7/stage2_primary/noisy_lira/reference_cache/z_r1_d6_wd0_885a8ad0486f68cfed9e.npz,256000,2026-08-21T21:16:41+08:00,ibm_kingston,7af4abc6763339615cc42bd00fafb532e3c44a31c14bc574c88456a496136a2f,/home/najeeb/chanLira/channel_lira_results/phase7/stage2_primary/noisy_lira/sample_scores/MNIST_QNN_z_r1_d6_p7_s145_noisy_shot_sim0.npz,0.497,-0.0059999999999998,0.56,0.566,1.3815809334001137,5
MNIST_QNN_z_r1_d6_p7_s145,z_r1_d6,z,1,6,145,143,noisy_shot,1,128,128,0,lira_offline_fixed_variance,0.503053,0.474730875,0.52472505,200,0.04,0.05,0.108,0.096,1000,1000,16,4096000,True,/home/najeeb/chanLira/channel_lira_results/phase7/stage2_primary/noisy_lira/reference_cache/z_r1_d6_wd0_885a8ad0486f68cfed9e.npz,256000,2026-08-21T21:16:41+08:00,ibm_kingston,7af4abc6763339615cc42bd00fafb532e3c44a31c14bc574c88456a496136a2f,/home/najeeb/chanLira/channel_lira_results/phase7/stage2_primary/noisy_lira/sample_scores/MNIST_QNN_z_r1_d6_p7_s145_noisy_shot_sim0.npz,0.493,-0.014,0.452,0.466,1.3195158598265877,5
MNIST_QNN_z_r1_d6_p7_s145,z_r1_d6,z,1,6,145,143,noisy_shot,1,128,128,0,global_true_class_log_odds,0.523366,0.498976725,0.54731585,200,0.059,0.05,0.1,0.094,1000,1000,16,4096000,True,/home/najeeb/chanLira/channel_lira_results/phase7/stage2_primary/noisy_lira/reference_cache/z_r1_d6_wd0_885a8ad0486f68cfed9e.npz,256000,2026-08-21T21:16:41+08:00,ibm_kingston,7af4abc6763339615cc42bd00fafb532e3c44a31c14bc574c88456a496136a2f,/home/najeeb/chanLira/channel_lira_results/phase7/stage2_primary/noisy_lira/sample_scores/MNIST_QNN_z_r1_d6_p7_s145_noisy_shot_sim0.npz,0.4934999999999999,-0.013,0.57,0.583,0.8684087632207067,5
MNIST_QNN_z_r1_d6_p7_s145,z_r1_d6,z,1,6,145,143,noisy_shot,1,128,128,1,lira_online,0.497577,0.4728423,0.5234322,200,0.056,0.05,0.093,0.1,1000,1000,16,4096000,True,/home/najeeb/chanLira/channel_lira_results/phase7/stage2_primary/noisy_lira/reference_cache/z_r1_d6_wd0_885a8ad0486f68cfed9e.npz,256000,2026-08-21T21:16:41+08:00,ibm_kingston,7af4abc6763339615cc42bd00fafb532e3c44a31c14bc574c88456a496136a2f,/home/najeeb/chanLira/channel_lira_results/phase7/stage2_primary/noisy_lira/sample_scores/MNIST_QNN_z_r1_d6_p7_s145_noisy_shot_sim1.npz,0.4865,-0.027,0.767,0.794,-0.3853365384756824,5
MNIST_QNN_z_r1_d6_p7_s145,z_r1_d6,z,1,6,145,143,noisy_shot,1,128,128,1,lira_online_fixed_variance,0.511028,0.48833425,0.5351177500000001,200,0.06,0.05,0.12,0.1,1000,1000,16,4096000,True,/home/najeeb/chanLira/channel_lira_results/phase7/stage2_primary/noisy_lira/reference_cache/z_r1_d6_wd0_885a8ad0486f68cfed9e.npz,256000,2026-08-21T21:16:41+08:00,ibm_kingston,7af4abc6763339615cc42bd00fafb532e3c44a31c14bc574c88456a496136a2f,/home/najeeb/chanLira/channel_lira_results/phase7/stage2_primary/noisy_lira/sample_scores/MNIST_QNN_z_r1_d6_p7_s145_noisy_shot_sim1.npz,0.5105,0.021,0.672,0.651,-0.0566205023696007,5
MNIST_QNN_z_r1_d6_p7_s145,z_r1_d6,z,1,6,145,143,noisy_shot,1,128,128,1,lira_offline,0.499963,0.477064075,0.5241817249999999,200,0.049,0.049,0.096,0.1,1000,1000,16,4096000,True,/home/najeeb/chanLira/channel_lira_results/phase7/stage2_primary/noisy_lira/reference_cache/z_r1_d6_wd0_885a8ad0486f68cfed9e.npz,256000,2026-08-21T21:16:41+08:00,ibm_kingston,7af4abc6763339615cc42bd00fafb532e3c44a31c14bc574c88456a496136a2f,/home/najeeb/chanLira/channel_lira_results/phase7/stage2_primary/noisy_lira/sample_scores/MNIST_QNN_z_r1_d6_p7_s145_noisy_shot_sim1.npz,0.5035000000000001,0.007,0.665,0.658,1.2669100185941784,5
MNIST_QNN_z_r1_d6_p7_s145,z_r1_d6,z,1,6,145,143,noisy_shot,1,128,128,1,lira_offline_fixed_variance,0.497106,0.470667575,0.52592055,200,0.046,0.048,0.092,0.1,1000,1000,16,4096000,True,/home/najeeb/chanLira/channel_lira_results/phase7/stage2_primary/noisy_lira/reference_cache/z_r1_d6_wd0_885a8ad0486f68cfed9e.npz,256000,2026-08-21T21:16:41+08:00,ibm_kingston,7af4abc6763339615cc42bd00fafb532e3c44a31c14bc574c88456a496136a2f,/home/najeeb/chanLira/channel_lira_results/phase7/stage2_primary/noisy_lira/sample_scores/MNIST_QNN_z_r1_d6_p7_s145_noisy_shot_sim1.npz,0.4865,-0.027,0.706,0.733,1.3388690974056252,5
MNIST_QNN_z_r1_d6_p7_s145,z_r1_d6,z,1,6,145,143,noisy_shot,1,128,128,1,global_true_class_log_odds,0.519728,0.494879275,0.539738975,200,0.058,0.048,0.114,0.1,1000,1000,16,4096000,True,/home/najeeb/chanLira/channel_lira_results/phase7/stage2_primary/noisy_lira/reference_cache/z_r1_d6_wd0_885a8ad0486f68cfed9e.npz,256000,2026-08-21T21:16:41+08:00,ibm_kingston,7af4abc6763339615cc42bd00fafb532e3c44a31c14bc574c88456a496136a2f,/home/najeeb/chanLira/channel_lira_results/phase7/stage2_primary/noisy_lira/sample_scores/MNIST_QNN_z_r1_d6_p7_s145_noisy_shot_sim1.npz,0.5195,0.0389999999999999,0.842,0.803,-0.5844940957731415,5
MNIST_QNN_z_r1_d6_p7_s145,z_r1_d6,z,1,6,145,143,noisy_shot,1,128,128,2,lira_online,0.516986,0.49361435,0.54275475,200,0.063,0.049,0.112,0.1,1000,1000,16,4096000,True,/home/najeeb/chanLira/channel_lira_results/phase7/stage2_primary/noisy_lira/reference_cache/z_r1_d6_wd0_885a8ad0486f68cfed9e.npz,256000,2026-08-21T21:16:41+08:00,ibm_kingston,7af4abc6763339615cc42bd00fafb532e3c44a31c14bc574c88456a496136a2f,/home/najeeb/chanLira/channel_lira_results/phase7/stage2_primary/noisy_lira/sample_scores/MNIST_QNN_z_r1_d6_p7_s145_noisy_shot_sim2.npz,0.506,0.012,0.486,0.474,0.2317178052048822,5
MNIST_QNN_z_r1_d6_p7_s145,z_r1_d6,z,1,6,145,143,noisy_shot,1,128,128,2,lira_online_fixed_variance,0.527453,0.50421105,0.548530025,200,0.056,0.05,0.103,0.099,1000,1000,16,4096000,True,/home/najeeb/chanLira/channel_lira_results/phase7/stage2_primary/noisy_lira/reference_cache/z_r1_d6_wd0_885a8ad0486f68cfed9e.npz,256000,2026-08-21T21:16:41+08:00,ibm_kingston,7af4abc6763339615cc42bd00fafb532e3c44a31c14bc574c88456a496136a2f,/home/najeeb/chanLira/channel_lira_results/phase7/stage2_primary/noisy_lira/sample_scores/MNIST_QNN_z_r1_d6_p7_s145_noisy_shot_sim2.npz,0.5245,0.049,0.397,0.348,0.0946960866762414,5
MNIST_QNN_z_r1_d6_p7_s145,z_r1_d6,z,1,6,145,143,noisy_shot,1,128,128,2,lira_offline,0.500614,0.47483925,0.525563075,200,0.053,0.049,0.109,0.098,1000,1000,16,4096000,True,/home/najeeb/chanLira/channel_lira_results/phase7/stage2_primary/noisy_lira/reference_cache/z_r1_d6_wd0_885a8ad0486f68cfed9e.npz,256000,2026-08-21T21:16:41+08:00,ibm_kingston,7af4abc6763339615cc42bd00fafb532e3c44a31c14bc574c88456a496136a2f,/home/najeeb/chanLira/channel_lira_results/phase7/stage2_primary/noisy_lira/sample_scores/MNIST_QNN_z_r1_d6_p7_s145_noisy_shot_sim2.npz,0.494,-0.012,0.517,0.529,1.5783056248712295,5
MNIST_QNN_z_r1_d6_p7_s145,z_r1_d6,z,1,6,145,143,noisy_shot,1,128,128,2,lira_offline_fixed_variance,0.494788,0.4692717,0.5222636,200,0.06,0.05,0.09,0.099,1000,1000,16,4096000,True,/home/najeeb/chanLira/channel_lira_results/phase7/stage2_primary/noisy_lira/reference_cache/z_r1_d6_wd0_885a8ad0486f68cfed9e.npz,256000,2026-08-21T21:16:41+08:00,ibm_kingston,7af4abc6763339615cc42bd00fafb532e3c44a31c14bc574c88456a496136a2f,/home/najeeb/chanLira/channel_lira_results/phase7/stage2_primary/noisy_lira/sample_scores/MNIST_QNN_z_r1_d6_p7_s145_noisy_shot_sim2.npz,0.4914999999999999,-0.017,0.282,0.299,1.546401240590379,5
MNIST_QNN_z_r1_d6_p7_s145,z_r1_d6,z,1,6,145,143,noisy_shot,1,128,128,2,global_true_class_log_odds,0.507781,0.479857125,0.5317674499999999,200,0.054,0.05,0.113,0.1,1000,1000,16,4096000,True,/home/najeeb/chanLira/channel_lira_results/phase7/stage2_primary/noisy_lira/reference_cache/z_r1_d6_wd0_885a8ad0486f68cfed9e.npz,256000,2026-08-21T21:16:41+08:00,ibm_kingston,7af4abc6763339615cc42bd00fafb532e3c44a31c14bc574c88456a496136a2f,/home/najeeb/chanLira/channel_lira_results/phase7/stage2_primary/noisy_lira/sample_scores/MNIST_QNN_z_r1_d6_p7_s145_noisy_shot_sim2.npz,0.515,0.03,0.759,0.729,0.167157402048654,5
MNIST_QNN_z_r1_d6_p7_s145,z_r1_d6,z,1,6,145,143,noisy_shot,1,128,128,3,lira_online,0.508188,0.482940875,0.5338533,200,0.042,0.046,0.088,0.1,1000,1000,16,4096000,True,/home/najeeb/chanLira/channel_lira_results/phase7/stage2_primary/noisy_lira/reference_cache/z_r1_d6_wd0_885a8ad0486f68cfed9e.npz,256000,2026-08-21T21:16:41+08:00,ibm_kingston,7af4abc6763339615cc42bd00fafb532e3c44a31c14bc574c88456a496136a2f,/home/najeeb/chanLira/channel_lira_results/phase7/stage2_primary/noisy_lira/sample_scores/MNIST_QNN_z_r1_d6_p7_s145_noisy_shot_sim3.npz,0.507,0.014,0.779,0.765,-0.5512715734477681,5
MNIST_QNN_z_r1_d6_p7_s145,z_r1_d6,z,1,6,145,143,noisy_shot,1,128,128,3,lira_online_fixed_variance,0.524089,0.49643835,0.54816215,200,0.058,0.049,0.121,0.099,1000,1000,16,4096000,True,/home/najeeb/chanLira/channel_lira_results/phase7/stage2_primary/noisy_lira/reference_cache/z_r1_d6_wd0_885a8ad0486f68cfed9e.npz,256000,2026-08-21T21:16:41+08:00,ibm_kingston,7af4abc6763339615cc42bd00fafb532e3c44a31c14bc574c88456a496136a2f,/home/najeeb/chanLira/channel_lira_results/phase7/stage2_primary/noisy_lira/sample_scores/MNIST_QNN_z_r1_d6_p7_s145_noisy_shot_sim3.npz,0.5075,0.0149999999999999,0.571,0.556,-0.0316463545995595,5
MNIST_QNN_z_r1_d6_p7_s145,z_r1_d6,z,1,6,145,143,noisy_shot,1,128,128,3,lira_offline,0.489386,0.4639875,0.515836625,200,0.042,0.05,0.083,0.098,1000,1000,16,4096000,True,/home/najeeb/chanLira/channel_lira_results/phase7/stage2_primary/noisy_lira/reference_cache/z_r1_d6_wd0_885a8ad0486f68cfed9e.npz,256000,2026-08-21T21:16:41+08:00,ibm_kingston,7af4abc6763339615cc42bd00fafb532e3c44a31c14bc574c88456a496136a2f,/home/najeeb/chanLira/channel_lira_results/phase7/stage2_primary/noisy_lira/sample_scores/MNIST_QNN_z_r1_d6_p7_s145_noisy_shot_sim3.npz,0.4755,-0.0489999999999999,0.517,0.566,1.8709680446528667,5
MNIST_QNN_z_r1_d6_p7_s145,z_r1_d6,z,1,6,145,143,noisy_shot,1,128,128,3,lira_offline_fixed_variance,0.4955259999999999,0.4747132,0.5194778250000001,200,0.047,0.05,0.098,0.1,1000,1000,16,4096000,True,/home/najeeb/chanLira/channel_lira_results/phase7/stage2_primary/noisy_lira/reference_cache/z_r1_d6_wd0_885a8ad0486f68cfed9e.npz,256000,2026-08-21T21:16:41+08:00,ibm_kingston,7af4abc6763339615cc42bd00fafb532e3c44a31c14bc574c88456a496136a2f,/home/najeeb/chanLira/channel_lira_results/phase7/stage2_primary/noisy_lira/sample_scores/MNIST_QNN_z_r1_d6_p7_s145_noisy_shot_sim3.npz,0.485,-0.03,0.427,0.457,1.8916814946172908,5
MNIST_QNN_z_r1_d6_p7_s145,z_r1_d6,z,1,6,145,143,noisy_shot,1,128,128,3,global_true_class_log_odds,0.523093,0.5002686249999999,0.5524071,200,0.05,0.049,0.115,0.1,1000,1000,16,4096000,True,/home/najeeb/chanLira/channel_lira_results/phase7/stage2_primary/noisy_lira/reference_cache/z_r1_d6_wd0_885a8ad0486f68cfed9e.npz,256000,2026-08-21T21:16:41+08:00,ibm_kingston,7af4abc6763339615cc42bd00fafb532e3c44a31c14bc574c88456a496136a2f,/home/najeeb/chanLira/channel_lira_results/phase7/stage2_primary/noisy_lira/sample_scores/MNIST_QNN_z_r1_d6_p7_s145_noisy_shot_sim3.npz,0.501,0.002,0.561,0.559,2.2201334137143576,5
MNIST_QNN_z_r1_d6_p7_s145,z_r1_d6,z,1,6,145,143,noisy_shot,1,128,128,4,lira_online,0.521111,0.49860085,0.547416425,200,0.061,0.05,0.116,0.099,1000,1000,16,4096000,True,/home/najeeb/chanLira/channel_lira_results/phase7/stage2_primary/noisy_lira/reference_cache/z_r1_d6_wd0_885a8ad0486f68cfed9e.npz,256000,2026-08-21T21:16:41+08:00,ibm_kingston,7af4abc6763339615cc42bd00fafb532e3c44a31c14bc574c88456a496136a2f,/home/najeeb/chanLira/channel_lira_results/phase7/stage2_primary/noisy_lira/sample_scores/MNIST_QNN_z_r1_d6_p7_s145_noisy_shot_sim4.npz,0.505,0.01,0.668,0.658,-0.2442694690995219,5
MNIST_QNN_z_r1_d6_p7_s145,z_r1_d6,z,1,6,145,143,noisy_shot,1,128,128,4,lira_online_fixed_variance,0.524126,0.496128175,0.5505467749999999,200,0.053,0.047,0.109,0.099,1000,1000,16,4096000,True,/home/najeeb/chanLira/channel_lira_results/phase7/stage2_primary/noisy_lira/reference_cache/z_r1_d6_wd0_885a8ad0486f68cfed9e.npz,256000,2026-08-21T21:16:41+08:00,ibm_kingston,7af4abc6763339615cc42bd00fafb532e3c44a31c14bc574c88456a496136a2f,/home/najeeb/chanLira/channel_lira_results/phase7/stage2_primary/noisy_lira/sample_scores/MNIST_QNN_z_r1_d6_p7_s145_noisy_shot_sim4.npz,0.5125,0.025,0.776,0.751,-0.1247221133784852,5
MNIST_QNN_z_r1_d6_p7_s145,z_r1_d6,z,1,6,145,143,noisy_shot,1,128,128,4,lira_offline,0.491319,0.4720885,0.5197215000000001,200,0.055,0.049,0.102,0.097,1000,1000,16,4096000,True,/home/najeeb/chanLira/channel_lira_results/phase7/stage2_primary/noisy_lira/reference_cache/z_r1_d6_wd0_885a8ad0486f68cfed9e.npz,256000,2026-08-21T21:16:41+08:00,ibm_kingston,7af4abc6763339615cc42bd00fafb532e3c44a31c14bc574c88456a496136a2f,/home/najeeb/chanLira/channel_lira_results/phase7/stage2_primary/noisy_lira/sample_scores/MNIST_QNN_z_r1_d6_p7_s145_noisy_shot_sim4.npz,0.491,-0.0179999999999999,0.463,0.481,2.4405666181515926,5
MNIST_QNN_z_r1_d6_p7_s145,z_r1_d6,z,1,6,145,143,noisy_shot,1,128,128,4,lira_offline_fixed_variance,0.488282,0.4613293,0.511946575,200,0.058,0.05,0.099,0.098,1000,1000,16,4096000,True,/home/najeeb/chanLira/channel_lira_results/phase7/stage2_primary/noisy_lira/reference_cache/z_r1_d6_wd0_885a8ad0486f68cfed9e.npz,256000,2026-08-21T21:16:41+08:00,ibm_kingston,7af4abc6763339615cc42bd00fafb532e3c44a31c14bc574c88456a496136a2f,/home/najeeb/chanLira/channel_lira_results/phase7/stage2_primary/noisy_lira/sample_scores/MNIST_QNN_z_r1_d6_p7_s145_noisy_shot_sim4.npz,0.4945,-0.0109999999999998,0.556,0.567,1.9829863643583996,5
MNIST_QNN_z_r1_d6_p7_s145,z_r1_d6,z,1,6,145,143,noisy_shot,1,128,128,4,global_true_class_log_odds,0.523201,0.498376575,0.5460894000000001,200,0.059,0.05,0.095,0.097,1000,1000,16,4096000,True,/home/najeeb/chanLira/channel_lira_results/phase7/stage2_primary/noisy_lira/reference_cache/z_r1_d6_wd0_885a8ad0486f68cfed9e.npz,256000,2026-08-21T21:16:41+08:00,ibm_kingston,7af4abc6763339615cc42bd00fafb532e3c44a31c14bc574c88456a496136a2f,/home/najeeb/chanLira/channel_lira_results/phase7/stage2_primary/noisy_lira/sample_scores/MNIST_QNN_z_r1_d6_p7_s145_noisy_shot_sim4.npz,0.5265,0.053,0.802,0.749,-0.2190052182285488,5
MNIST_QNN_z_r1_d6_p7_s145,z_r1_d6,z,1,6,145,143,noisy_shot,1,128,128,5,lira_online,0.508653,0.4822540999999999,0.5305283749999999,200,0.042,0.047,0.087,0.1,1000,1000,16,4096000,True,/home/najeeb/chanLira/channel_lira_results/phase7/stage2_primary/noisy_lira/reference_cache/z_r1_d6_wd0_885a8ad0486f68cfed9e.npz,256000,2026-08-21T21:16:41+08:00,ibm_kingston,7af4abc6763339615cc42bd00fafb532e3c44a31c14bc574c88456a496136a2f,/home/najeeb/chanLira/channel_lira_results/phase7/stage2_primary/noisy_lira/sample_scores/MNIST_QNN_z_r1_d6_p7_s145_noisy_shot_sim5.npz,0.5015,0.003,0.706,0.703,-0.3070180921527201,5
MNIST_QNN_z_r1_d6_p7_s145,z_r1_d6,z,1,6,145,143,noisy_shot,1,128,128,5,lira_online_fixed_variance,0.5225500000000001,0.498957825,0.5473568,200,0.056,0.049,0.121,0.1,1000,1000,16,4096000,True,/home/najeeb/chanLira/channel_lira_results/phase7/stage2_primary/noisy_lira/reference_cache/z_r1_d6_wd0_885a8ad0486f68cfed9e.npz,256000,2026-08-21T21:16:41+08:00,ibm_kingston,7af4abc6763339615cc42bd00fafb532e3c44a31c14bc574c88456a496136a2f,/home/najeeb/chanLira/channel_lira_results/phase7/stage2_primary/noisy_lira/sample_scores/MNIST_QNN_z_r1_d6_p7_s145_noisy_shot_sim5.npz,0.5265,0.053,0.812,0.759,-0.3310835454486842,5
MNIST_QNN_z_r1_d6_p7_s145,z_r1_d6,z,1,6,145,143,noisy_shot,1,128,128,5,lira_offline,0.483269,0.46001365,0.507025175,200,0.041,0.048,0.091,0.099,1000,1000,16,4096000,True,/home/najeeb/chanLira/channel_lira_results/phase7/stage2_primary/noisy_lira/reference_cache/z_r1_d6_wd0_885a8ad0486f68cfed9e.npz,256000,2026-08-21T21:16:41+08:00,ibm_kingston,7af4abc6763339615cc42bd00fafb532e3c44a31c14bc574c88456a496136a2f,/home/najeeb/chanLira/channel_lira_results/phase7/stage2_primary/noisy_lira/sample_scores/MNIST_QNN_z_r1_d6_p7_s145_noisy_shot_sim5.npz,0.505,0.0099999999999998,0.696,0.686,1.318119441196523,5
MNIST_QNN_z_r1_d6_p7_s145,z_r1_d6,z,1,6,145,143,noisy_shot,1,128,128,5,lira_offline_fixed_variance,0.4872109999999999,0.46911165,0.508765025,200,0.049,0.048,0.094,0.1,1000,1000,16,4096000,True,/home/najeeb/chanLira/channel_lira_results/phase7/stage2_primary/noisy_lira/reference_cache/z_r1_d6_wd0_885a8ad0486f68cfed9e.npz,256000,2026-08-21T21:16:41+08:00,ibm_kingston,7af4abc6763339615cc42bd00fafb532e3c44a31c14bc574c88456a496136a2f,/home/najeeb/chanLira/channel_lira_results/phase7/stage2_primary/noisy_lira/sample_scores/MNIST_QNN_z_r1_d6_p7_s145_noisy_shot_sim5.npz,0.5095000000000001,0.019,0.759,0.74,1.2290370836358535,5
MNIST_QNN_z_r1_d6_p7_s145,z_r1_d6,z,1,6,145,143,noisy_shot,1,128,128,5,global_true_class_log_odds,0.51307,0.491167375,0.5395696000000001,200,0.034,0.047,0.087,0.1,1000,1000,16,4096000,True,/home/najeeb/chanLira/channel_lira_results/phase7/stage2_primary/noisy_lira/reference_cache/z_r1_d6_wd0_885a8ad0486f68cfed9e.npz,256000,2026-08-21T21:16:41+08:00,ibm_kingston,7af4abc6763339615cc42bd00fafb532e3c44a31c14bc574c88456a496136a2f,/home/najeeb/chanLira/channel_lira_results/phase7/stage2_primary/noisy_lira/sample_scores/MNIST_QNN_z_r1_d6_p7_s145_noisy_shot_sim5.npz,0.525,0.0499999999999999,0.835,0.785,-0.3731462130059468,5
MNIST_QNN_z_r1_d6_p7_s145,z_r1_d6,z,1,6,145,143,noisy_shot,1,128,128,6,lira_online,0.524393,0.501207825,0.5467903000000001,200,0.058,0.05,0.108,0.1,1000,1000,16,4096000,True,/home/najeeb/chanLira/channel_lira_results/phase7/stage2_primary/noisy_lira/reference_cache/z_r1_d6_wd0_885a8ad0486f68cfed9e.npz,256000,2026-08-21T21:16:41+08:00,ibm_kingston,7af4abc6763339615cc42bd00fafb532e3c44a31c14bc574c88456a496136a2f,/home/najeeb/chanLira/channel_lira_results/phase7/stage2_primary/noisy_lira/sample_scores/MNIST_QNN_z_r1_d6_p7_s145_noisy_shot_sim6.npz,0.52,0.0399999999999999,0.694,0.654,-0.3182893219456557,5
MNIST_QNN_z_r1_d6_p7_s145,z_r1_d6,z,1,6,145,143,noisy_shot,1,128,128,6,lira_online_fixed_variance,0.517672,0.495164625,0.5405097999999999,200,0.05,0.049,0.101,0.099,1000,1000,16,4096000,True,/home/najeeb/chanLira/channel_lira_results/phase7/stage2_primary/noisy_lira/reference_cache/z_r1_d6_wd0_885a8ad0486f68cfed9e.npz,256000,2026-08-21T21:16:41+08:00,ibm_kingston,7af4abc6763339615cc42bd00fafb532e3c44a31c14bc574c88456a496136a2f,/home/najeeb/chanLira/channel_lira_results/phase7/stage2_primary/noisy_lira/sample_scores/MNIST_QNN_z_r1_d6_p7_s145_noisy_shot_sim6.npz,0.531,0.062,0.807,0.745,-0.3550417672638777,5
MNIST_QNN_z_r1_d6_p7_s145,z_r1_d6,z,1,6,145,143,noisy_shot,1,128,128,6,lira_offline,0.493519,0.471726575,0.52163335,200,0.06,0.047,0.097,0.1,1000,1000,16,4096000,True,/home/najeeb/chanLira/channel_lira_results/phase7/stage2_primary/noisy_lira/reference_cache/z_r1_d6_wd0_885a8ad0486f68cfed9e.npz,256000,2026-08-21T21:16:41+08:00,ibm_kingston,7af4abc6763339615cc42bd00fafb532e3c44a31c14bc574c88456a496136a2f,/home/najeeb/chanLira/channel_lira_results/phase7/stage2_primary/noisy_lira/sample_scores/MNIST_QNN_z_r1_d6_p7_s145_noisy_shot_sim6.npz,0.485,-0.03,0.234,0.264,3.929131253343492,5
MNIST_QNN_z_r1_d6_p7_s145,z_r1_d6,z,1,6,145,143,noisy_shot,1,128,128,6,lira_offline_fixed_variance,0.480137,0.45548195,0.502964975,200,0.05,0.05,0.107,0.098,1000,1000,16,4096000,True,/home/najeeb/chanLira/channel_lira_results/phase7/stage2_primary/noisy_lira/reference_cache/z_r1_d6_wd0_885a8ad0486f68cfed9e.npz,256000,2026-08-21T21:16:41+08:00,ibm_kingston,7af4abc6763339615cc42bd00fafb532e3c44a31c14bc574c88456a496136a2f,/home/najeeb/chanLira/channel_lira_results/phase7/stage2_primary/noisy_lira/sample_scores/MNIST_QNN_z_r1_d6_p7_s145_noisy_shot_sim6.npz,0.486,-0.028,0.439,0.467,2.757052191038817,5
MNIST_QNN_z_r1_d6_p7_s145,z_r1_d6,z,1,6,145,143,noisy_shot,1,128,128,6,global_true_class_log_odds,0.517387,0.492916275,0.5438615750000001,200,0.066,0.05,0.109,0.096,1000,1000,16,4096000,True,/home/najeeb/chanLira/channel_lira_results/phase7/stage2_primary/noisy_lira/reference_cache/z_r1_d6_wd0_885a8ad0486f68cfed9e.npz,256000,2026-08-21T21:16:41+08:00,ibm_kingston,7af4abc6763339615cc42bd00fafb532e3c44a31c14bc574c88456a496136a2f,/home/najeeb/chanLira/channel_lira_results/phase7/stage2_primary/noisy_lira/sample_scores/MNIST_QNN_z_r1_d6_p7_s145_noisy_shot_sim6.npz,0.5095000000000001,0.019,0.746,0.727,-0.6202743932130979,5
MNIST_QNN_z_r1_d6_p7_s145,z_r1_d6,z,1,6,145,143,noisy_shot,1,128,128,7,lira_online,0.4907129999999999,0.468875775,0.514300775,200,0.041,0.046,0.081,0.1,1000,1000,16,4096000,True,/home/najeeb/chanLira/channel_lira_results/phase7/stage2_primary/noisy_lira/reference_cache/z_r1_d6_wd0_885a8ad0486f68cfed9e.npz,256000,2026-08-21T21:16:41+08:00,ibm_kingston,7af4abc6763339615cc42bd00fafb532e3c44a31c14bc574c88456a496136a2f,/home/najeeb/chanLira/channel_lira_results/phase7/stage2_primary/noisy_lira/sample_scores/MNIST_QNN_z_r1_d6_p7_s145_noisy_shot_sim7.npz,0.513,0.026,0.81,0.784,-0.5658866217272278,5
MNIST_QNN_z_r1_d6_p7_s145,z_r1_d6,z,1,6,145,143,noisy_shot,1,128,128,7,lira_online_fixed_variance,0.500325,0.476845875,0.5241653,200,0.052,0.05,0.093,0.1,1000,1000,16,4096000,True,/home/najeeb/chanLira/channel_lira_results/phase7/stage2_primary/noisy_lira/reference_cache/z_r1_d6_wd0_885a8ad0486f68cfed9e.npz,256000,2026-08-21T21:16:41+08:00,ibm_kingston,7af4abc6763339615cc42bd00fafb532e3c44a31c14bc574c88456a496136a2f,/home/najeeb/chanLira/channel_lira_results/phase7/stage2_primary/noisy_lira/sample_scores/MNIST_QNN_z_r1_d6_p7_s145_noisy_shot_sim7.npz,0.503,0.006,0.864,0.858,-0.6189336941710086,5
MNIST_QNN_z_r1_d6_p7_s145,z_r1_d6,z,1,6,145,143,noisy_shot,1,128,128,7,lira_offline,0.470628,0.44632365,0.49544165,200,0.037,0.05,0.068,0.1,1000,1000,16,4096000,True,/home/najeeb/chanLira/channel_lira_results/phase7/stage2_primary/noisy_lira/reference_cache/z_r1_d6_wd0_885a8ad0486f68cfed9e.npz,256000,2026-08-21T21:16:41+08:00,ibm_kingston,7af4abc6763339615cc42bd00fafb532e3c44a31c14bc574c88456a496136a2f,/home/najeeb/chanLira/channel_lira_results/phase7/stage2_primary/noisy_lira/sample_scores/MNIST_QNN_z_r1_d6_p7_s145_noisy_shot_sim7.npz,0.494,-0.012,0.704,0.716,1.033983629504011,5
MNIST_QNN_z_r1_d6_p7_s145,z_r1_d6,z,1,6,145,143,noisy_shot,1,128,128,7,lira_offline_fixed_variance,0.478494,0.4504151,0.502009575,200,0.034,0.044,0.071,0.1,1000,1000,16,4096000,True,/home/najeeb/chanLira/channel_lira_results/phase7/stage2_primary/noisy_lira/reference_cache/z_r1_d6_wd0_885a8ad0486f68cfed9e.npz,256000,2026-08-21T21:16:41+08:00,ibm_kingston,7af4abc6763339615cc42bd00fafb532e3c44a31c14bc574c88456a496136a2f,/home/najeeb/chanLira/channel_lira_results/phase7/stage2_primary/noisy_lira/sample_scores/MNIST_QNN_z_r1_d6_p7_s145_noisy_shot_sim7.npz,0.503,0.006,0.822,0.816,1.214128602009533,5
MNIST_QNN_z_r1_d6_p7_s145,z_r1_d6,z,1,6,145,143,noisy_shot,1,128,128,7,global_true_class_log_odds,0.529232,0.50221135,0.553395725,200,0.046,0.049,0.083,0.099,1000,1000,16,4096000,True,/home/najeeb/chanLira/channel_lira_results/phase7/stage2_primary/noisy_lira/reference_cache/z_r1_d6_wd0_885a8ad0486f68cfed9e.npz,256000,2026-08-21T21:16:41+08:00,ibm_kingston,7af4abc6763339615cc42bd00fafb532e3c44a31c14bc574c88456a496136a2f,/home/najeeb/chanLira/channel_lira_results/phase7/stage2_primary/noisy_lira/sample_scores/MNIST_QNN_z_r1_d6_p7_s145_noisy_shot_sim7.npz,0.519,0.0379999999999999,0.723,0.685,-0.0660036707252219,5
MNIST_QNN_z_r1_d6_p7_s145,z_r1_d6,z,1,6,145,143,noisy_shot,1,128,128,8,lira_online,0.5118349999999999,0.4836914,0.5406400499999999,200,0.054,0.05,0.111,0.098,1000,1000,16,4096000,True,/home/najeeb/chanLira/channel_lira_results/phase7/stage2_primary/noisy_lira/reference_cache/z_r1_d6_wd0_885a8ad0486f68cfed9e.npz,256000,2026-08-21T21:16:41+08:00,ibm_kingston,7af4abc6763339615cc42bd00fafb532e3c44a31c14bc574c88456a496136a2f,/home/najeeb/chanLira/channel_lira_results/phase7/stage2_primary/noisy_lira/sample_scores/MNIST_QNN_z_r1_d6_p7_s145_noisy_shot_sim8.npz,0.5045,0.009,0.427,0.418,0.0873830654586793,5
MNIST_QNN_z_r1_d6_p7_s145,z_r1_d6,z,1,6,145,143,noisy_shot,1,128,128,8,lira_online_fixed_variance,0.513444,0.4899330249999999,0.5386705500000001,200,0.079,0.05,0.129,0.1,1000,1000,16,4096000,True,/home/najeeb/chanLira/channel_lira_results/phase7/stage2_primary/noisy_lira/reference_cache/z_r1_d6_wd0_885a8ad0486f68cfed9e.npz,256000,2026-08-21T21:16:41+08:00,ibm_kingston,7af4abc6763339615cc42bd00fafb532e3c44a31c14bc574c88456a496136a2f,/home/najeeb/chanLira/channel_lira_results/phase7/stage2_primary/noisy_lira/sample_scores/MNIST_QNN_z_r1_d6_p7_s145_noisy_shot_sim8.npz,0.5105,0.021,0.198,0.177,0.7825284506217114,5
MNIST_QNN_z_r1_d6_p7_s145,z_r1_d6,z,1,6,145,143,noisy_shot,1,128,128,8,lira_offline,0.50977,0.4861424,0.535102775,200,0.052,0.05,0.107,0.097,1000,1000,16,4096000,True,/home/najeeb/chanLira/channel_lira_results/phase7/stage2_primary/noisy_lira/reference_cache/z_r1_d6_wd0_885a8ad0486f68cfed9e.npz,256000,2026-08-21T21:16:41+08:00,ibm_kingston,7af4abc6763339615cc42bd00fafb532e3c44a31c14bc574c88456a496136a2f,/home/najeeb/chanLira/channel_lira_results/phase7/stage2_primary/noisy_lira/sample_scores/MNIST_QNN_z_r1_d6_p7_s145_noisy_shot_sim8.npz,0.5165,0.0329999999999999,0.235,0.202,2.286344254326313,5
MNIST_QNN_z_r1_d6_p7_s145,z_r1_d6,z,1,6,145,143,noisy_shot,1,128,128,8,lira_offline_fixed_variance,0.504806,0.4782130249999999,0.5292791,200,0.043,0.048,0.109,0.098,1000,1000,16,4096000,True,/home/najeeb/chanLira/channel_lira_results/phase7/stage2_primary/noisy_lira/reference_cache/z_r1_d6_wd0_885a8ad0486f68cfed9e.npz,256000,2026-08-21T21:16:41+08:00,ibm_kingston,7af4abc6763339615cc42bd00fafb532e3c44a31c14bc574c88456a496136a2f,/home/najeeb/chanLira/channel_lira_results/phase7/stage2_primary/noisy_lira/sample_scores/MNIST_QNN_z_r1_d6_p7_s145_noisy_shot_sim8.npz,0.519,0.0379999999999999,0.235,0.197,2.2134863849499107,5
MNIST_QNN_z_r1_d6_p7_s145,z_r1_d6,z,1,6,145,143,noisy_shot,1,128,128,8,global_true_class_log_odds,0.516172,0.4907543749999999,0.539442275,200,0.039,0.048,0.09,0.1,1000,1000,16,4096000,True,/home/najeeb/chanLira/channel_lira_results/phase7/stage2_primary/noisy_lira/reference_cache/z_r1_d6_wd0_885a8ad0486f68cfed9e.npz,256000,2026-08-21T21:16:41+08:00,ibm_kingston,7af4abc6763339615cc42bd00fafb532e3c44a31c14bc574c88456a496136a2f,/home/najeeb/chanLira/channel_lira_results/phase7/stage2_primary/noisy_lira/sample_scores/MNIST_QNN_z_r1_d6_p7_s145_noisy_shot_sim8.npz,0.5085,0.017,0.508,0.491,1.4320828763634084,5
MNIST_QNN_z_r1_d6_p7_s145,z_r1_d6,z,1,6,145,143,noisy_shot,1,128,128,9,lira_online,0.5126029999999999,0.488441225,0.536922275,200,0.047,0.05,0.096,0.1,1000,1000,16,4096000,True,/home/najeeb/chanLira/channel_lira_results/phase7/stage2_primary/noisy_lira/reference_cache/z_r1_d6_wd0_885a8ad0486f68cfed9e.npz,256000,2026-08-21T21:16:41+08:00,ibm_kingston,7af4abc6763339615cc42bd00fafb532e3c44a31c14bc574c88456a496136a2f,/home/najeeb/chanLira/channel_lira_results/phase7/stage2_primary/noisy_lira/sample_scores/MNIST_QNN_z_r1_d6_p7_s145_noisy_shot_sim9.npz,0.5075000000000001,0.015,0.748,0.733,-0.4465398443249283,5
MNIST_QNN_z_r1_d6_p7_s145,z_r1_d6,z,1,6,145,143,noisy_shot,1,128,128,9,lira_online_fixed_variance,0.5178459999999999,0.4945376999999999,0.545198325,200,0.054,0.05,0.104,0.099,1000,1000,16,4096000,True,/home/najeeb/chanLira/channel_lira_results/phase7/stage2_primary/noisy_lira/reference_cache/z_r1_d6_wd0_885a8ad0486f68cfed9e.npz,256000,2026-08-21T21:16:41+08:00,ibm_kingston,7af4abc6763339615cc42bd00fafb532e3c44a31c14bc574c88456a496136a2f,/home/najeeb/chanLira/channel_lira_results/phase7/stage2_primary/noisy_lira/sample_scores/MNIST_QNN_z_r1_d6_p7_s145_noisy_shot_sim9.npz,0.516,0.032,0.745,0.713,-0.1577719733174101,5
MNIST_QNN_z_r1_d6_p7_s145,z_r1_d6,z,1,6,145,143,noisy_shot,1,128,128,9,lira_offline,0.487624,0.46187895,0.50888735,200,0.038,0.049,0.092,0.097,1000,1000,16,4096000,True,/home/najeeb/chanLira/channel_lira_results/phase7/stage2_primary/noisy_lira/reference_cache/z_r1_d6_wd0_885a8ad0486f68cfed9e.npz,256000,2026-08-21T21:16:41+08:00,ibm_kingston,7af4abc6763339615cc42bd00fafb532e3c44a31c14bc574c88456a496136a2f,/home/najeeb/chanLira/channel_lira_results/phase7/stage2_primary/noisy_lira/sample_scores/MNIST_QNN_z_r1_d6_p7_s145_noisy_shot_sim9.npz,0.481,-0.038,0.614,0.652,1.252870890427722,5
MNIST_QNN_z_r1_d6_p7_s145,z_r1_d6,z,1,6,145,143,noisy_shot,1,128,128,9,lira_offline_fixed_variance,0.484095,0.459403225,0.509914125,200,0.058,0.05,0.108,0.1,1000,1000,16,4096000,True,/home/najeeb/chanLira/channel_lira_results/phase7/stage2_primary/noisy_lira/reference_cache/z_r1_d6_wd0_885a8ad0486f68cfed9e.npz,256000,2026-08-21T21:16:41+08:00,ibm_kingston,7af4abc6763339615cc42bd00fafb532e3c44a31c14bc574c88456a496136a2f,/home/najeeb/chanLira/channel_lira_results/phase7/stage2_primary/noisy_lira/sample_scores/MNIST_QNN_z_r1_d6_p7_s145_noisy_shot_sim9.npz,0.505,0.0099999999999999,0.043,0.033,4.406312470390303,5
MNIST_QNN_z_r1_d6_p7_s145,z_r1_d6,z,1,6,145,143,noisy_shot,1,128,128,9,global_true_class_log_odds,0.5038279999999999,0.47561875,0.5301984000000001,200,0.049,0.05,0.087,0.099,1000,1000,16,4096000,True,/home/najeeb/chanLira/channel_lira_results/phase7/stage2_primary/noisy_lira/reference_cache/z_r1_d6_wd0_885a8ad0486f68cfed9e.npz,256000,2026-08-21T21:16:41+08:00,ibm_kingston,7af4abc6763339615cc42bd00fafb532e3c44a31c14bc574c88456a496136a2f,/home/najeeb/chanLira/channel_lira_results/phase7/stage2_primary/noisy_lira/sample_scores/MNIST_QNN_z_r1_d6_p7_s145_noisy_shot_sim9.npz,0.5215,0.0429999999999999,0.818,0.775,-0.264189813101391,5
MNIST_QNN_zz_r1_d6_p7_s143,zz_r1_d6,zz,1,6,143,143,noisy_shot,1,128,128,0,lira_online,0.5298160000000001,0.5060363750000001,0.555049875,200,0.056,0.049,0.105,0.098,1000,1000,16,4096000,False,/home/najeeb/chanLira/channel_lira_results/phase7/stage2_primary/noisy_lira/reference_cache/zz_r1_d6_wd0_6482c3f71c0b7debedcc.npz,256000,2026-08-21T21:16:41+08:00,ibm_kingston,7af4abc6763339615cc42bd00fafb532e3c44a31c14bc574c88456a496136a2f,/home/najeeb/chanLira/channel_lira_results/phase7/stage2_primary/noisy_lira/sample_scores/MNIST_QNN_zz_r1_d6_p7_s143_noisy_shot_sim0.npz,0.533,0.066,0.811,0.745,-0.4612148601669974,5
MNIST_QNN_zz_r1_d6_p7_s143,zz_r1_d6,zz,1,6,143,143,noisy_shot,1,128,128,0,lira_online_fixed_variance,0.52381,0.49882205,0.5512668,200,0.042,0.05,0.085,0.1,1000,1000,16,4096000,False,/home/najeeb/chanLira/channel_lira_results/phase7/stage2_primary/noisy_lira/reference_cache/zz_r1_d6_wd0_6482c3f71c0b7debedcc.npz,256000,2026-08-21T21:16:41+08:00,ibm_kingston,7af4abc6763339615cc42bd00fafb532e3c44a31c14bc574c88456a496136a2f,/home/najeeb/chanLira/channel_lira_results/phase7/stage2_primary/noisy_lira/sample_scores/MNIST_QNN_zz_r1_d6_p7_s143_noisy_shot_sim0.npz,0.5,0.0,0.509,0.509,-0.0164229268288265,5
MNIST_QNN_zz_r1_d6_p7_s143,zz_r1_d6,zz,1,6,143,143,noisy_shot,1,128,128,0,lira_offline,0.5102099999999999,0.48548515,0.5373967500000001,200,0.054,0.049,0.1,0.098,1000,1000,16,4096000,False,/home/najeeb/chanLira/channel_lira_results/phase7/stage2_primary/noisy_lira/reference_cache/zz_r1_d6_wd0_6482c3f71c0b7debedcc.npz,256000,2026-08-21T21:16:41+08:00,ibm_kingston,7af4abc6763339615cc42bd00fafb532e3c44a31c14bc574c88456a496136a2f,/home/najeeb/chanLira/channel_lira_results/phase7/stage2_primary/noisy_lira/sample_scores/MNIST_QNN_zz_r1_d6_p7_s143_noisy_shot_sim0.npz,0.521,0.042,0.61,0.568,1.5382120528373684,5
MNIST_QNN_zz_r1_d6_p7_s143,zz_r1_d6,zz,1,6,143,143,noisy_shot,1,128,128,0,lira_offline_fixed_variance,0.5177,0.4932477249999999,0.5400746500000001,200,0.051,0.049,0.091,0.098,1000,1000,16,4096000,False,/home/najeeb/chanLira/channel_lira_results/phase7/stage2_primary/noisy_lira/reference_cache/zz_r1_d6_wd0_6482c3f71c0b7debedcc.npz,256000,2026-08-21T21:16:41+08:00,ibm_kingston,7af4abc6763339615cc42bd00fafb532e3c44a31c14bc574c88456a496136a2f,/home/najeeb/chanLira/channel_lira_results/phase7/stage2_primary/noisy_lira/sample_scores/MNIST_QNN_zz_r1_d6_p7_s143_noisy_shot_sim0.npz,0.5025,0.005,0.6,0.595,1.4065602794062697,5
MNIST_QNN_zz_r1_d6_p7_s143,zz_r1_d6,zz,1,6,143,143,noisy_shot,1,128,128,0,global_true_class_log_odds,0.5427059999999999,0.5207193,0.56590295,200,0.063,0.05,0.125,0.1,1000,1000,16,4096000,False,/home/najeeb/chanLira/channel_lira_results/phase7/stage2_primary/noisy_lira/reference_cache/zz_r1_d6_wd0_6482c3f71c0b7debedcc.npz,256000,2026-08-21T21:16:41+08:00,ibm_kingston,7af4abc6763339615cc42bd00fafb532e3c44a31c14bc574c88456a496136a2f,/home/najeeb/chanLira/channel_lira_results/phase7/stage2_primary/noisy_lira/sample_scores/MNIST_QNN_zz_r1_d6_p7_s143_noisy_shot_sim0.npz,0.517,0.034,0.53,0.496,1.0741168105902918,5
MNIST_QNN_zz_r1_d6_p7_s143,zz_r1_d6,zz,1,6,143,143,noisy_shot,1,128,128,1,lira_online,0.525228,0.5034465,0.550366675,200,0.064,0.05,0.129,0.1,1000,1000,16,4096000,False,/home/najeeb/chanLira/channel_lira_results/phase7/stage2_primary/noisy_lira/reference_cache/zz_r1_d6_wd0_6482c3f71c0b7debedcc.npz,256000,2026-08-21T21:16:41+08:00,ibm_kingston,7af4abc6763339615cc42bd00fafb532e3c44a31c14bc574c88456a496136a2f,/home/najeeb/chanLira/channel_lira_results/phase7/stage2_primary/noisy_lira/sample_scores/MNIST_QNN_zz_r1_d6_p7_s143_noisy_shot_sim1.npz,0.5215,0.0429999999999999,0.354,0.311,0.5180796147892817,5
MNIST_QNN_zz_r1_d6_p7_s143,zz_r1_d6,zz,1,6,143,143,noisy_shot,1,128,128,1,lira_online_fixed_variance,0.543901,0.5217204750000001,0.569575725,200,0.069,0.05,0.131,0.1,1000,1000,16,4096000,False,/home/najeeb/chanLira/channel_lira_results/phase7/stage2_primary/noisy_lira/reference_cache/zz_r1_d6_wd0_6482c3f71c0b7debedcc.npz,256000,2026-08-21T21:16:41+08:00,ibm_kingston,7af4abc6763339615cc42bd00fafb532e3c44a31c14bc574c88456a496136a2f,/home/najeeb/chanLira/channel_lira_results/phase7/stage2_primary/noisy_lira/sample_scores/MNIST_QNN_zz_r1_d6_p7_s143_noisy_shot_sim1.npz,0.5225,0.045,0.549,0.504,0.0125348749902831,5
MNIST_QNN_zz_r1_d6_p7_s143,zz_r1_d6,zz,1,6,143,143,noisy_shot,1,128,128,1,lira_offline,0.517255,0.4928938499999999,0.5419301,200,0.057,0.05,0.107,0.1,1000,1000,16,4096000,False,/home/najeeb/chanLira/channel_lira_results/phase7/stage2_primary/noisy_lira/reference_cache/zz_r1_d6_wd0_6482c3f71c0b7debedcc.npz,256000,2026-08-21T21:16:41+08:00,ibm_kingston,7af4abc6763339615cc42bd00fafb532e3c44a31c14bc574c88456a496136a2f,/home/najeeb/chanLira/channel_lira_results/phase7/stage2_primary/noisy_lira/sample_scores/MNIST_QNN_zz_r1_d6_p7_s143_noisy_shot_sim1.npz,0.501,0.002,0.49,0.488,1.6036512341952371,5
MNIST_QNN_zz_r1_d6_p7_s143,zz_r1_d6,zz,1,6,143,143,noisy_shot,1,128,128,1,lira_offline_fixed_variance,0.51813,0.4904807,0.54523165,200,0.046,0.05,0.098,0.1,1000,1000,16,4096000,False,/home/najeeb/chanLira/channel_lira_results/phase7/stage2_primary/noisy_lira/reference_cache/zz_r1_d6_wd0_6482c3f71c0b7debedcc.npz,256000,2026-08-21T21:16:41+08:00,ibm_kingston,7af4abc6763339615cc42bd00fafb532e3c44a31c14bc574c88456a496136a2f,/home/najeeb/chanLira/channel_lira_results/phase7/stage2_primary/noisy_lira/sample_scores/MNIST_QNN_zz_r1_d6_p7_s143_noisy_shot_sim1.npz,0.5105,0.021,0.447,0.426,1.4743708135674531,5
MNIST_QNN_zz_r1_d6_p7_s143,zz_r1_d6,zz,1,6,143,143,noisy_shot,1,128,128,1,global_true_class_log_odds,0.542886,0.517232825,0.5675730250000001,200,0.074,0.05,0.128,0.1,1000,1000,16,4096000,False,/home/najeeb/chanLira/channel_lira_results/phase7/stage2_primary/noisy_lira/reference_cache/zz_r1_d6_wd0_6482c3f71c0b7debedcc.npz,256000,2026-08-21T21:16:41+08:00,ibm_kingston,7af4abc6763339615cc42bd00fafb532e3c44a31c14bc574c88456a496136a2f,/home/najeeb/chanLira/channel_lira_results/phase7/stage2_primary/noisy_lira/sample_scores/MNIST_QNN_zz_r1_d6_p7_s143_noisy_shot_sim1.npz,0.522,0.0439999999999999,0.494,0.45,1.6886739527656134,5
MNIST_QNN_zz_r1_d6_p7_s143,zz_r1_d6,zz,1,6,143,143,noisy_shot,1,128,128,2,lira_online,0.50337,0.4778691,0.5278899,200,0.063,0.05,0.116,0.1,1000,1000,16,4096000,False,/home/najeeb/chanLira/channel_lira_results/phase7/stage2_primary/noisy_lira/reference_cache/zz_r1_d6_wd0_6482c3f71c0b7debedcc.npz,256000,2026-08-21T21:16:41+08:00,ibm_kingston,7af4abc6763339615cc42bd00fafb532e3c44a31c14bc574c88456a496136a2f,/home/najeeb/chanLira/channel_lira_results/phase7/stage2_primary/noisy_lira/sample_scores/MNIST_QNN_zz_r1_d6_p7_s143_noisy_shot_sim2.npz,0.486,-0.028,0.517,0.545,-0.2829685362060432,5
MNIST_QNN_zz_r1_d6_p7_s143,zz_r1_d6,zz,1,6,143,143,noisy_shot,1,128,128,2,lira_online_fixed_variance,0.492556,0.472717975,0.51905435,200,0.057,0.045,0.104,0.099,1000,1000,16,4096000,False,/home/najeeb/chanLira/channel_lira_results/phase7/stage2_primary/noisy_lira/reference_cache/zz_r1_d6_wd0_6482c3f71c0b7debedcc.npz,256000,2026-08-21T21:16:41+08:00,ibm_kingston,7af4abc6763339615cc42bd00fafb532e3c44a31c14bc574c88456a496136a2f,/home/najeeb/chanLira/channel_lira_results/phase7/stage2_primary/noisy_lira/sample_scores/MNIST_QNN_zz_r1_d6_p7_s143_noisy_shot_sim2.npz,0.489,-0.0219999999999999,0.331,0.353,0.9149421186685092,5
MNIST_QNN_zz_r1_d6_p7_s143,zz_r1_d6,zz,1,6,143,143,noisy_shot,1,128,128,2,lira_offline,0.507323,0.483435275,0.5289692500000001,200,0.07,0.05,0.114,0.1,1000,1000,16,4096000,False,/home/najeeb/chanLira/channel_lira_results/phase7/stage2_primary/noisy_lira/reference_cache/zz_r1_d6_wd0_6482c3f71c0b7debedcc.npz,256000,2026-08-21T21:16:41+08:00,ibm_kingston,7af4abc6763339615cc42bd00fafb532e3c44a31c14bc574c88456a496136a2f,/home/najeeb/chanLira/channel_lira_results/phase7/stage2_primary/noisy_lira/sample_scores/MNIST_QNN_zz_r1_d6_p7_s143_noisy_shot_sim2.npz,0.5,0.0,0.338,0.338,2.099151527013681,5
MNIST_QNN_zz_r1_d6_p7_s143,zz_r1_d6,zz,1,6,143,143,noisy_shot,1,128,128,2,lira_offline_fixed_variance,0.503481,0.4772126499999999,0.532972125,200,0.065,0.048,0.123,0.1,1000,1000,16,4096000,False,/home/najeeb/chanLira/channel_lira_results/phase7/stage2_primary/noisy_lira/reference_cache/zz_r1_d6_wd0_6482c3f71c0b7debedcc.npz,256000,2026-08-21T21:16:41+08:00,ibm_kingston,7af4abc6763339615cc42bd00fafb532e3c44a31c14bc574c88456a496136a2f,/home/najeeb/chanLira/channel_lira_results/phase7/stage2_primary/noisy_lira/sample_scores/MNIST_QNN_zz_r1_d6_p7_s143_noisy_shot_sim2.npz,0.498,-0.004,0.332,0.336,1.6879447894046586,5
MNIST_QNN_zz_r1_d6_p7_s143,zz_r1_d6,zz,1,6,143,143,noisy_shot,1,128,128,2,global_true_class_log_odds,0.529339,0.5048402999999999,0.556343375,200,0.077,0.048,0.133,0.099,1000,1000,16,4096000,False,/home/najeeb/chanLira/channel_lira_results/phase7/stage2_primary/noisy_lira/reference_cache/zz_r1_d6_wd0_6482c3f71c0b7debedcc.npz,256000,2026-08-21T21:16:41+08:00,ibm_kingston,7af4abc6763339615cc42bd00fafb532e3c44a31c14bc574c88456a496136a2f,/home/najeeb/chanLira/channel_lira_results/phase7/stage2_primary/noisy_lira/sample_scores/MNIST_QNN_zz_r1_d6_p7_s143_noisy_shot_sim2.npz,0.506,0.012,0.584,0.572,-0.3687323672593273,5
MNIST_QNN_zz_r1_d6_p7_s143,zz_r1_d6,zz,1,6,143,143,noisy_shot,1,128,128,3,lira_online,0.514069,0.4914126,0.54134625,200,0.045,0.047,0.105,0.1,1000,1000,16,4096000,False,/home/najeeb/chanLira/channel_lira_results/phase7/stage2_primary/noisy_lira/reference_cache/zz_r1_d6_wd0_6482c3f71c0b7debedcc.npz,256000,2026-08-21T21:16:41+08:00,ibm_kingston,7af4abc6763339615cc42bd00fafb532e3c44a31c14bc574c88456a496136a2f,/home/najeeb/chanLira/channel_lira_results/phase7/stage2_primary/noisy_lira/sample_scores/MNIST_QNN_zz_r1_d6_p7_s143_noisy_shot_sim3.npz,0.5155000000000001,0.031,0.669,0.638,-0.2120130414427985,5
MNIST_QNN_zz_r1_d6_p7_s143,zz_r1_d6,zz,1,6,143,143,noisy_shot,1,128,128,3,lira_online_fixed_variance,0.508818,0.4847727,0.5325175249999999,200,0.061,0.05,0.106,0.1,1000,1000,16,4096000,False,/home/najeeb/chanLira/channel_lira_results/phase7/stage2_primary/noisy_lira/reference_cache/zz_r1_d6_wd0_6482c3f71c0b7debedcc.npz,256000,2026-08-21T21:16:41+08:00,ibm_kingston,7af4abc6763339615cc42bd00fafb532e3c44a31c14bc574c88456a496136a2f,/home/najeeb/chanLira/channel_lira_results/phase7/stage2_primary/noisy_lira/sample_scores/MNIST_QNN_zz_r1_d6_p7_s143_noisy_shot_sim3.npz,0.497,-0.006,0.752,0.758,-0.26366215120683,5
MNIST_QNN_zz_r1_d6_p7_s143,zz_r1_d6,zz,1,6,143,143,noisy_shot,1,128,128,3,lira_offline,0.4940529999999999,0.468264075,0.52011735,200,0.04,0.048,0.086,0.098,1000,1000,16,4096000,False,/home/najeeb/chanLira/channel_lira_results/phase7/stage2_primary/noisy_lira/reference_cache/zz_r1_d6_wd0_6482c3f71c0b7debedcc.npz,256000,2026-08-21T21:16:41+08:00,ibm_kingston,7af4abc6763339615cc42bd00fafb532e3c44a31c14bc574c88456a496136a2f,/home/najeeb/chanLira/channel_lira_results/phase7/stage2_primary/noisy_lira/sample_scores/MNIST_QNN_zz_r1_d6_p7_s143_noisy_shot_sim3.npz,0.5055,0.0109999999999998,0.944,0.933,0.8133846854414215,5
MNIST_QNN_zz_r1_d6_p7_s143,zz_r1_d6,zz,1,6,143,143,noisy_shot,1,128,128,3,lira_offline_fixed_variance,0.491767,0.46956295,0.5189257500000001,200,0.042,0.049,0.092,0.1,1000,1000,16,4096000,False,/home/najeeb/chanLira/channel_lira_results/phase7/stage2_primary/noisy_lira/reference_cache/zz_r1_d6_wd0_6482c3f71c0b7debedcc.npz,256000,2026-08-21T21:16:41+08:00,ibm_kingston,7af4abc6763339615cc42bd00fafb532e3c44a31c14bc574c88456a496136a2f,/home/najeeb/chanLira/channel_lira_results/phase7/stage2_primary/noisy_lira/sample_scores/MNIST_QNN_zz_r1_d6_p7_s143_noisy_shot_sim3.npz,0.494,-0.0119999999999999,0.811,0.823,1.287705832121211,5
MNIST_QNN_zz_r1_d6_p7_s143,zz_r1_d6,zz,1,6,143,143,noisy_shot,1,128,128,3,global_true_class_log_odds,0.533581,0.5112387,0.5601638250000001,200,0.074,0.05,0.127,0.097,1000,1000,16,4096000,False,/home/najeeb/chanLira/channel_lira_results/phase7/stage2_primary/noisy_lira/reference_cache/zz_r1_d6_wd0_6482c3f71c0b7debedcc.npz,256000,2026-08-21T21:16:41+08:00,ibm_kingston,7af4abc6763339615cc42bd00fafb532e3c44a31c14bc574c88456a496136a2f,/home/najeeb/chanLira/channel_lira_results/phase7/stage2_primary/noisy_lira/sample_scores/MNIST_QNN_zz_r1_d6_p7_s143_noisy_shot_sim3.npz,0.508,0.016,0.512,0.496,0.7857931186284881,5
MNIST_QNN_zz_r1_d6_p7_s143,zz_r1_d6,zz,1,6,143,143,noisy_shot,1,128,128,4,lira_online,0.508497,0.4777739749999999,0.539946725,200,0.067,0.048,0.125,0.1,1000,1000,16,4096000,False,/home/najeeb/chanLira/channel_lira_results/phase7/stage2_primary/noisy_lira/reference_cache/zz_r1_d6_wd0_6482c3f71c0b7debedcc.npz,256000,2026-08-21T21:16:41+08:00,ibm_kingston,7af4abc6763339615cc42bd00fafb532e3c44a31c14bc574c88456a496136a2f,/home/najeeb/chanLira/channel_lira_results/phase7/stage2_primary/noisy_lira/sample_scores/MNIST_QNN_zz_r1_d6_p7_s143_noisy_shot_sim4.npz,0.515,0.03,0.852,0.822,-0.696056969165483,5
MNIST_QNN_zz_r1_d6_p7_s143,zz_r1_d6,zz,1,6,143,143,noisy_shot,1,128,128,4,lira_online_fixed_variance,0.51321,0.4864594,0.53776475,200,0.066,0.05,0.113,0.098,1000,1000,16,4096000,False,/home/najeeb/chanLira/channel_lira_results/phase7/stage2_primary/noisy_lira/reference_cache/zz_r1_d6_wd0_6482c3f71c0b7debedcc.npz,256000,2026-08-21T21:16:41+08:00,ibm_kingston,7af4abc6763339615cc42bd00fafb532e3c44a31c14bc574c88456a496136a2f,/home/najeeb/chanLira/channel_lira_results/phase7/stage2_primary/noisy_lira/sample_scores/MNIST_QNN_zz_r1_d6_p7_s143_noisy_shot_sim4.npz,0.506,0.012,0.843,0.831,-0.3836467680851914,5
MNIST_QNN_zz_r1_d6_p7_s143,zz_r1_d6,zz,1,6,143,143,noisy_shot,1,128,128,4,lira_offline,0.500691,0.473158575,0.5242118,200,0.062,0.05,0.115,0.1,1000,1000,16,4096000,False,/home/najeeb/chanLira/channel_lira_results/phase7/stage2_primary/noisy_lira/reference_cache/zz_r1_d6_wd0_6482c3f71c0b7debedcc.npz,256000,2026-08-21T21:16:41+08:00,ibm_kingston,7af4abc6763339615cc42bd00fafb532e3c44a31c14bc574c88456a496136a2f,/home/najeeb/chanLira/channel_lira_results/phase7/stage2_primary/noisy_lira/sample_scores/MNIST_QNN_zz_r1_d6_p7_s143_noisy_shot_sim4.npz,0.487,-0.0259999999999999,0.394,0.42,2.2827131770081284,5
MNIST_QNN_zz_r1_d6_p7_s143,zz_r1_d6,zz,1,6,143,143,noisy_shot,1,128,128,4,lira_offline_fixed_variance,0.5058929999999999,0.481283425,0.531043925,200,0.06,0.049,0.118,0.099,1000,1000,16,4096000,False,/home/najeeb/chanLira/channel_lira_results/phase7/stage2_primary/noisy_lira/reference_cache/zz_r1_d6_wd0_6482c3f71c0b7debedcc.npz,256000,2026-08-21T21:16:41+08:00,ibm_kingston,7af4abc6763339615cc42bd00fafb532e3c44a31c14bc574c88456a496136a2f,/home/najeeb/chanLira/channel_lira_results/phase7/stage2_primary/noisy_lira/sample_scores/MNIST_QNN_zz_r1_d6_p7_s143_noisy_shot_sim4.npz,0.4855,-0.0289999999999999,0.221,0.25,2.389930230521198,5
MNIST_QNN_zz_r1_d6_p7_s143,zz_r1_d6,zz,1,6,143,143,noisy_shot,1,128,128,4,global_true_class_log_odds,0.52558,0.502465325,0.552617125,200,0.069,0.048,0.117,0.099,1000,1000,16,4096000,False,/home/najeeb/chanLira/channel_lira_results/phase7/stage2_primary/noisy_lira/reference_cache/zz_r1_d6_wd0_6482c3f71c0b7debedcc.npz,256000,2026-08-21T21:16:41+08:00,ibm_kingston,7af4abc6763339615cc42bd00fafb532e3c44a31c14bc574c88456a496136a2f,/home/najeeb/chanLira/channel_lira_results/phase7/stage2_primary/noisy_lira/sample_scores/MNIST_QNN_zz_r1_d6_p7_s143_noisy_shot_sim4.npz,0.512,0.0239999999999999,0.347,0.323,2.801869033015941,5
MNIST_QNN_zz_r1_d6_p7_s143,zz_r1_d6,zz,1,6,143,143,noisy_shot,1,128,128,5,lira_online,0.477004,0.4510045,0.500961525,200,0.062,0.047,0.108,0.098,1000,1000,16,4096000,False,/home/najeeb/chanLira/channel_lira_results/phase7/stage2_primary/noisy_lira/reference_cache/zz_r1_d6_wd0_6482c3f71c0b7debedcc.npz,256000,2026-08-21T21:16:41+08:00,ibm_kingston,7af4abc6763339615cc42bd00fafb532e3c44a31c14bc574c88456a496136a2f,/home/najeeb/chanLira/channel_lira_results/phase7/stage2_primary/noisy_lira/sample_scores/MNIST_QNN_zz_r1_d6_p7_s143_noisy_shot_sim5.npz,0.501,0.002,0.074,0.072,1.2231452749251674,5
MNIST_QNN_zz_r1_d6_p7_s143,zz_r1_d6,zz,1,6,143,143,noisy_shot,1,128,128,5,lira_online_fixed_variance,0.481191,0.45569805,0.5035772500000001,200,0.043,0.05,0.089,0.099,1000,1000,16,4096000,False,/home/najeeb/chanLira/channel_lira_results/phase7/stage2_primary/noisy_lira/reference_cache/zz_r1_d6_wd0_6482c3f71c0b7debedcc.npz,256000,2026-08-21T21:16:41+08:00,ibm_kingston,7af4abc6763339615cc42bd00fafb532e3c44a31c14bc574c88456a496136a2f,/home/najeeb/chanLira/channel_lira_results/phase7/stage2_primary/noisy_lira/sample_scores/MNIST_QNN_zz_r1_d6_p7_s143_noisy_shot_sim5.npz,0.4915,-0.017,0.658,0.675,-0.1585313756720801,5
MNIST_QNN_zz_r1_d6_p7_s143,zz_r1_d6,zz,1,6,143,143,noisy_shot,1,128,128,5,lira_offline,0.496533,0.47456275,0.525807275,200,0.056,0.05,0.107,0.099,1000,1000,16,4096000,False,/home/najeeb/chanLira/channel_lira_results/phase7/stage2_primary/noisy_lira/reference_cache/zz_r1_d6_wd0_6482c3f71c0b7debedcc.npz,256000,2026-08-21T21:16:41+08:00,ibm_kingston,7af4abc6763339615cc42bd00fafb532e3c44a31c14bc574c88456a496136a2f,/home/najeeb/chanLira/channel_lira_results/phase7/stage2_primary/noisy_lira/sample_scores/MNIST_QNN_zz_r1_d6_p7_s143_noisy_shot_sim5.npz,0.5065000000000001,0.013,0.81,0.797,1.2292130353140402,5
MNIST_QNN_zz_r1_d6_p7_s143,zz_r1_d6,zz,1,6,143,143,noisy_shot,1,128,128,5,lira_offline_fixed_variance,0.482164,0.454923125,0.5088569,200,0.042,0.05,0.089,0.1,1000,1000,16,4096000,False,/home/najeeb/chanLira/channel_lira_results/phase7/stage2_primary/noisy_lira/reference_cache/zz_r1_d6_wd0_6482c3f71c0b7debedcc.npz,256000,2026-08-21T21:16:41+08:00,ibm_kingston,7af4abc6763339615cc42bd00fafb532e3c44a31c14bc574c88456a496136a2f,/home/najeeb/chanLira/channel_lira_results/phase7/stage2_primary/noisy_lira/sample_scores/MNIST_QNN_zz_r1_d6_p7_s143_noisy_shot_sim5.npz,0.4825,-0.035,0.421,0.456,1.702984446568614,5
MNIST_QNN_zz_r1_d6_p7_s143,zz_r1_d6,zz,1,6,143,143,noisy_shot,1,128,128,5,global_true_class_log_odds,0.540633,0.5142245,0.5673121750000001,200,0.057,0.048,0.125,0.098,1000,1000,16,4096000,False,/home/najeeb/chanLira/channel_lira_results/phase7/stage2_primary/noisy_lira/reference_cache/zz_r1_d6_wd0_6482c3f71c0b7debedcc.npz,256000,2026-08-21T21:16:41+08:00,ibm_kingston,7af4abc6763339615cc42bd00fafb532e3c44a31c14bc574c88456a496136a2f,/home/najeeb/chanLira/channel_lira_results/phase7/stage2_primary/noisy_lira/sample_scores/MNIST_QNN_zz_r1_d6_p7_s143_noisy_shot_sim5.npz,0.5275000000000001,0.0549999999999999,0.517,0.462,0.93417215911054,5
MNIST_QNN_zz_r1_d6_p7_s143,zz_r1_d6,zz,1,6,143,143,noisy_shot,1,128,128,6,lira_online,0.50774,0.479848575,0.52936,200,0.058,0.05,0.098,0.1,1000,1000,16,4096000,False,/home/najeeb/chanLira/channel_lira_results/phase7/stage2_primary/noisy_lira/reference_cache/zz_r1_d6_wd0_6482c3f71c0b7debedcc.npz,256000,2026-08-21T21:16:41+08:00,ibm_kingston,7af4abc6763339615cc42bd00fafb532e3c44a31c14bc574c88456a496136a2f,/home/najeeb/chanLira/channel_lira_results/phase7/stage2_primary/noisy_lira/sample_scores/MNIST_QNN_zz_r1_d6_p7_s143_noisy_shot_sim6.npz,0.5015000000000001,0.003,0.464,0.461,0.1702475523487128,5
MNIST_QNN_zz_r1_d6_p7_s143,zz_r1_d6,zz,1,6,143,143,noisy_shot,1,128,128,6,lira_online_fixed_variance,0.488844,0.467996675,0.512671675,200,0.054,0.049,0.082,0.096,1000,1000,16,4096000,False,/home/najeeb/chanLira/channel_lira_results/phase7/stage2_primary/noisy_lira/reference_cache/zz_r1_d6_wd0_6482c3f71c0b7debedcc.npz,256000,2026-08-21T21:16:41+08:00,ibm_kingston,7af4abc6763339615cc42bd00fafb532e3c44a31c14bc574c88456a496136a2f,/home/najeeb/chanLira/channel_lira_results/phase7/stage2_primary/noisy_lira/sample_scores/MNIST_QNN_zz_r1_d6_p7_s143_noisy_shot_sim6.npz,0.489,-0.0219999999999999,0.55,0.572,-0.2649590053391111,5
MNIST_QNN_zz_r1_d6_p7_s143,zz_r1_d6,zz,1,6,143,143,noisy_shot,1,128,128,6,lira_offline,0.507948,0.480127525,0.5337901,200,0.053,0.05,0.108,0.1,1000,1000,16,4096000,False,/home/najeeb/chanLira/channel_lira_results/phase7/stage2_primary/noisy_lira/reference_cache/zz_r1_d6_wd0_6482c3f71c0b7debedcc.npz,256000,2026-08-21T21:16:41+08:00,ibm_kingston,7af4abc6763339615cc42bd00fafb532e3c44a31c14bc574c88456a496136a2f,/home/najeeb/chanLira/channel_lira_results/phase7/stage2_primary/noisy_lira/sample_scores/MNIST_QNN_zz_r1_d6_p7_s143_noisy_shot_sim6.npz,0.505,0.01,0.719,0.709,1.4018985609369312,5
MNIST_QNN_zz_r1_d6_p7_s143,zz_r1_d6,zz,1,6,143,143,noisy_shot,1,128,128,6,lira_offline_fixed_variance,0.506776,0.481252625,0.53448535,200,0.055,0.049,0.093,0.099,1000,1000,16,4096000,False,/home/najeeb/chanLira/channel_lira_results/phase7/stage2_primary/noisy_lira/reference_cache/zz_r1_d6_wd0_6482c3f71c0b7debedcc.npz,256000,2026-08-21T21:16:41+08:00,ibm_kingston,7af4abc6763339615cc42bd00fafb532e3c44a31c14bc574c88456a496136a2f,/home/najeeb/chanLira/channel_lira_results/phase7/stage2_primary/noisy_lira/sample_scores/MNIST_QNN_zz_r1_d6_p7_s143_noisy_shot_sim6.npz,0.5225,0.0449999999999999,0.696,0.651,1.362700180381558,5
MNIST_QNN_zz_r1_d6_p7_s143,zz_r1_d6,zz,1,6,143,143,noisy_shot,1,128,128,6,global_true_class_log_odds,0.5436235,0.5223611499999999,0.5661758,200,0.066,0.05,0.123,0.095,1000,1000,16,4096000,False,/home/najeeb/chanLira/channel_lira_results/phase7/stage2_primary/noisy_lira/reference_cache/zz_r1_d6_wd0_6482c3f71c0b7debedcc.npz,256000,2026-08-21T21:16:41+08:00,ibm_kingston,7af4abc6763339615cc42bd00fafb532e3c44a31c14bc574c88456a496136a2f,/home/najeeb/chanLira/channel_lira_results/phase7/stage2_primary/noisy_lira/sample_scores/MNIST_QNN_zz_r1_d6_p7_s143_noisy_shot_sim6.npz,0.5145,0.029,0.726,0.697,-0.7422053903407081,5
MNIST_QNN_zz_r1_d6_p7_s143,zz_r1_d6,zz,1,6,143,143,noisy_shot,1,128,128,7,lira_online,0.512753,0.4843298,0.536474175,200,0.069,0.047,0.117,0.099,1000,1000,16,4096000,False,/home/najeeb/chanLira/channel_lira_results/phase7/stage2_primary/noisy_lira/reference_cache/zz_r1_d6_wd0_6482c3f71c0b7debedcc.npz,256000,2026-08-21T21:16:41+08:00,ibm_kingston,7af4abc6763339615cc42bd00fafb532e3c44a31c14bc574c88456a496136a2f,/home/najeeb/chanLira/channel_lira_results/phase7/stage2_primary/noisy_lira/sample_scores/MNIST_QNN_zz_r1_d6_p7_s143_noisy_shot_sim7.npz,0.507,0.014,0.749,0.735,-0.351414134635718,5
MNIST_QNN_zz_r1_d6_p7_s143,zz_r1_d6,zz,1,6,143,143,noisy_shot,1,128,128,7,lira_online_fixed_variance,0.517343,0.486713,0.54446405,200,0.054,0.046,0.108,0.1,1000,1000,16,4096000,False,/home/najeeb/chanLira/channel_lira_results/phase7/stage2_primary/noisy_lira/reference_cache/zz_r1_d6_wd0_6482c3f71c0b7debedcc.npz,256000,2026-08-21T21:16:41+08:00,ibm_kingston,7af4abc6763339615cc42bd00fafb532e3c44a31c14bc574c88456a496136a2f,/home/najeeb/chanLira/channel_lira_results/phase7/stage2_primary/noisy_lira/sample_scores/MNIST_QNN_zz_r1_d6_p7_s143_noisy_shot_sim7.npz,0.5025,0.005,0.401,0.396,0.0985359369591287,5
MNIST_QNN_zz_r1_d6_p7_s143,zz_r1_d6,zz,1,6,143,143,noisy_shot,1,128,128,7,lira_offline,0.5199670000000001,0.495214475,0.5445399,200,0.071,0.05,0.119,0.1,1000,1000,16,4096000,False,/home/najeeb/chanLira/channel_lira_results/phase7/stage2_primary/noisy_lira/reference_cache/zz_r1_d6_wd0_6482c3f71c0b7debedcc.npz,256000,2026-08-21T21:16:41+08:00,ibm_kingston,7af4abc6763339615cc42bd00fafb532e3c44a31c14bc574c88456a496136a2f,/home/najeeb/chanLira/channel_lira_results/phase7/stage2_primary/noisy_lira/sample_scores/MNIST_QNN_zz_r1_d6_p7_s143_noisy_shot_sim7.npz,0.508,0.0159999999999999,0.418,0.402,1.8532784842059145,5
MNIST_QNN_zz_r1_d6_p7_s143,zz_r1_d6,zz,1,6,143,143,noisy_shot,1,128,128,7,lira_offline_fixed_variance,0.5204139999999999,0.4943584,0.54153585,200,0.063,0.05,0.104,0.1,1000,1000,16,4096000,False,/home/najeeb/chanLira/channel_lira_results/phase7/stage2_primary/noisy_lira/reference_cache/zz_r1_d6_wd0_6482c3f71c0b7debedcc.npz,256000,2026-08-21T21:16:41+08:00,ibm_kingston,7af4abc6763339615cc42bd00fafb532e3c44a31c14bc574c88456a496136a2f,/home/najeeb/chanLira/channel_lira_results/phase7/stage2_primary/noisy_lira/sample_scores/MNIST_QNN_zz_r1_d6_p7_s143_noisy_shot_sim7.npz,0.5275000000000001,0.0549999999999999,0.374,0.319,1.7304692542448517,5
MNIST_QNN_zz_r1_d6_p7_s143,zz_r1_d6,zz,1,6,143,143,noisy_shot,1,128,128,7,global_true_class_log_odds,0.536801,0.51670795,0.562591375,200,0.058,0.05,0.145,0.097,1000,1000,16,4096000,False,/home/najeeb/chanLira/channel_lira_results/phase7/stage2_primary/noisy_lira/reference_cache/zz_r1_d6_wd0_6482c3f71c0b7debedcc.npz,256000,2026-08-21T21:16:41+08:00,ibm_kingston,7af4abc6763339615cc42bd00fafb532e3c44a31c14bc574c88456a496136a2f,/home/najeeb/chanLira/channel_lira_results/phase7/stage2_primary/noisy_lira/sample_scores/MNIST_QNN_zz_r1_d6_p7_s143_noisy_shot_sim7.npz,0.515,0.03,0.46,0.43,1.558993155535975,5
MNIST_QNN_zz_r1_d6_p7_s143,zz_r1_d6,zz,1,6,143,143,noisy_shot,1,128,128,8,lira_online,0.493638,0.469085225,0.5171565,200,0.052,0.05,0.106,0.1,1000,1000,16,4096000,False,/home/najeeb/chanLira/channel_lira_results/phase7/stage2_primary/noisy_lira/reference_cache/zz_r1_d6_wd0_6482c3f71c0b7debedcc.npz,256000,2026-08-21T21:16:41+08:00,ibm_kingston,7af4abc6763339615cc42bd00fafb532e3c44a31c14bc574c88456a496136a2f,/home/najeeb/chanLira/channel_lira_results/phase7/stage2_primary/noisy_lira/sample_scores/MNIST_QNN_zz_r1_d6_p7_s143_noisy_shot_sim8.npz,0.489,-0.0219999999999999,0.387,0.409,0.5948936579286288,5
MNIST_QNN_zz_r1_d6_p7_s143,zz_r1_d6,zz,1,6,143,143,noisy_shot,1,128,128,8,lira_online_fixed_variance,0.494726,0.463283475,0.516636425,200,0.064,0.048,0.102,0.099,1000,1000,16,4096000,False,/home/najeeb/chanLira/channel_lira_results/phase7/stage2_primary/noisy_lira/reference_cache/zz_r1_d6_wd0_6482c3f71c0b7debedcc.npz,256000,2026-08-21T21:16:41+08:00,ibm_kingston,7af4abc6763339615cc42bd00fafb532e3c44a31c14bc574c88456a496136a2f,/home/najeeb/chanLira/channel_lira_results/phase7/stage2_primary/noisy_lira/sample_scores/MNIST_QNN_zz_r1_d6_p7_s143_noisy_shot_sim8.npz,0.49,-0.0199999999999999,0.392,0.412,0.3386133405857678,5
MNIST_QNN_zz_r1_d6_p7_s143,zz_r1_d6,zz,1,6,143,143,noisy_shot,1,128,128,8,lira_offline,0.495842,0.4718854,0.5195020250000001,200,0.056,0.05,0.109,0.1,1000,1000,16,4096000,False,/home/najeeb/chanLira/channel_lira_results/phase7/stage2_primary/noisy_lira/reference_cache/zz_r1_d6_wd0_6482c3f71c0b7debedcc.npz,256000,2026-08-21T21:16:41+08:00,ibm_kingston,7af4abc6763339615cc42bd00fafb532e3c44a31c14bc574c88456a496136a2f,/home/najeeb/chanLira/channel_lira_results/phase7/stage2_primary/noisy_lira/sample_scores/MNIST_QNN_zz_r1_d6_p7_s143_noisy_shot_sim8.npz,0.479,-0.042,0.417,0.459,1.9090540235943996,5
MNIST_QNN_zz_r1_d6_p7_s143,zz_r1_d6,zz,1,6,143,143,noisy_shot,1,128,128,8,lira_offline_fixed_variance,0.4933229999999999,0.469804175,0.51787845,200,0.057,0.05,0.108,0.097,1000,1000,16,4096000,False,/home/najeeb/chanLira/channel_lira_results/phase7/stage2_primary/noisy_lira/reference_cache/zz_r1_d6_wd0_6482c3f71c0b7debedcc.npz,256000,2026-08-21T21:16:41+08:00,ibm_kingston,7af4abc6763339615cc42bd00fafb532e3c44a31c14bc574c88456a496136a2f,/home/najeeb/chanLira/channel_lira_results/phase7/stage2_primary/noisy_lira/sample_scores/MNIST_QNN_zz_r1_d6_p7_s143_noisy_shot_sim8.npz,0.485,-0.03,0.224,0.254,1.8007694058625257,5
MNIST_QNN_zz_r1_d6_p7_s143,zz_r1_d6,zz,1,6,143,143,noisy_shot,1,128,128,8,global_true_class_log_odds,0.542231,0.5182623249999999,0.565022225,200,0.061,0.049,0.119,0.1,1000,1000,16,4096000,False,/home/najeeb/chanLira/channel_lira_results/phase7/stage2_primary/noisy_lira/reference_cache/zz_r1_d6_wd0_6482c3f71c0b7debedcc.npz,256000,2026-08-21T21:16:41+08:00,ibm_kingston,7af4abc6763339615cc42bd00fafb532e3c44a31c14bc574c88456a496136a2f,/home/najeeb/chanLira/channel_lira_results/phase7/stage2_primary/noisy_lira/sample_scores/MNIST_QNN_zz_r1_d6_p7_s143_noisy_shot_sim8.npz,0.521,0.042,0.463,0.421,1.4092259230541615,5
MNIST_QNN_zz_r1_d6_p7_s143,zz_r1_d6,zz,1,6,143,143,noisy_shot,1,128,128,9,lira_online,0.488703,0.46450775,0.5123277249999999,200,0.032,0.049,0.088,0.096,1000,1000,16,4096000,False,/home/najeeb/chanLira/channel_lira_results/phase7/stage2_primary/noisy_lira/reference_cache/zz_r1_d6_wd0_6482c3f71c0b7debedcc.npz,256000,2026-08-21T21:16:41+08:00,ibm_kingston,7af4abc6763339615cc42bd00fafb532e3c44a31c14bc574c88456a496136a2f,/home/najeeb/chanLira/channel_lira_results/phase7/stage2_primary/noisy_lira/sample_scores/MNIST_QNN_zz_r1_d6_p7_s143_noisy_shot_sim9.npz,0.499,-0.002,0.878,0.88,-0.9263477198646156,5
MNIST_QNN_zz_r1_d6_p7_s143,zz_r1_d6,zz,1,6,143,143,noisy_shot,1,128,128,9,lira_online_fixed_variance,0.49657,0.473139725,0.5193377,200,0.049,0.05,0.091,0.1,1000,1000,16,4096000,False,/home/najeeb/chanLira/channel_lira_results/phase7/stage2_primary/noisy_lira/reference_cache/zz_r1_d6_wd0_6482c3f71c0b7debedcc.npz,256000,2026-08-21T21:16:41+08:00,ibm_kingston,7af4abc6763339615cc42bd00fafb532e3c44a31c14bc574c88456a496136a2f,/home/najeeb/chanLira/channel_lira_results/phase7/stage2_primary/noisy_lira/sample_scores/MNIST_QNN_zz_r1_d6_p7_s143_noisy_shot_sim9.npz,0.506,0.012,0.75,0.738,-0.2114380096253798,5
MNIST_QNN_zz_r1_d6_p7_s143,zz_r1_d6,zz,1,6,143,143,noisy_shot,1,128,128,9,lira_offline,0.4868779999999999,0.465182625,0.514451375,200,0.043,0.05,0.085,0.098,1000,1000,16,4096000,False,/home/najeeb/chanLira/channel_lira_results/phase7/stage2_primary/noisy_lira/reference_cache/zz_r1_d6_wd0_6482c3f71c0b7debedcc.npz,256000,2026-08-21T21:16:41+08:00,ibm_kingston,7af4abc6763339615cc42bd00fafb532e3c44a31c14bc574c88456a496136a2f,/home/najeeb/chanLira/channel_lira_results/phase7/stage2_primary/noisy_lira/sample_scores/MNIST_QNN_zz_r1_d6_p7_s143_noisy_shot_sim9.npz,0.4965,-0.007,0.755,0.762,1.153154161556185,5
MNIST_QNN_zz_r1_d6_p7_s143,zz_r1_d6,zz,1,6,143,143,noisy_shot,1,128,128,9,lira_offline_fixed_variance,0.49045,0.464467175,0.517026725,200,0.035,0.048,0.088,0.098,1000,1000,16,4096000,False,/home/najeeb/chanLira/channel_lira_results/phase7/stage2_primary/noisy_lira/reference_cache/zz_r1_d6_wd0_6482c3f71c0b7debedcc.npz,256000,2026-08-21T21:16:41+08:00,ibm_kingston,7af4abc6763339615cc42bd00fafb532e3c44a31c14bc574c88456a496136a2f,/home/najeeb/chanLira/channel_lira_results/phase7/stage2_primary/noisy_lira/sample_scores/MNIST_QNN_zz_r1_d6_p7_s143_noisy_shot_sim9.npz,0.49,-0.02,0.731,0.751,1.356719047375351,5
MNIST_QNN_zz_r1_d6_p7_s143,zz_r1_d6,zz,1,6,143,143,noisy_shot,1,128,128,9,global_true_class_log_odds,0.537836,0.51276155,0.5649594,200,0.064,0.05,0.138,0.1,1000,1000,16,4096000,False,/home/najeeb/chanLira/channel_lira_results/phase7/stage2_primary/noisy_lira/reference_cache/zz_r1_d6_wd0_6482c3f71c0b7debedcc.npz,256000,2026-08-21T21:16:41+08:00,ibm_kingston,7af4abc6763339615cc42bd00fafb532e3c44a31c14bc574c88456a496136a2f,/home/najeeb/chanLira/channel_lira_results/phase7/stage2_primary/noisy_lira/sample_scores/MNIST_QNN_zz_r1_d6_p7_s143_noisy_shot_sim9.npz,0.513,0.026,0.46,0.434,1.304210990807021,5
MNIST_QNN_zz_r1_d6_p7_s144,zz_r1_d6,zz,1,6,144,143,noisy_shot,1,128,128,0,lira_online,0.525088,0.499800725,0.546631975,200,0.063,0.05,0.123,0.1,1000,1000,16,4096000,True,/home/najeeb/chanLira/channel_lira_results/phase7/stage2_primary/noisy_lira/reference_cache/zz_r1_d6_wd0_6482c3f71c0b7debedcc.npz,256000,2026-08-21T21:16:41+08:00,ibm_kingston,7af4abc6763339615cc42bd00fafb532e3c44a31c14bc574c88456a496136a2f,/home/najeeb/chanLira/channel_lira_results/phase7/stage2_primary/noisy_lira/sample_scores/MNIST_QNN_zz_r1_d6_p7_s144_noisy_shot_sim0.npz,0.505,0.01,0.357,0.347,0.5716032811186378,5
MNIST_QNN_zz_r1_d6_p7_s144,zz_r1_d6,zz,1,6,144,143,noisy_shot,1,128,128,0,lira_online_fixed_variance,0.521345,0.4984132,0.54275945,200,0.07,0.049,0.121,0.099,1000,1000,16,4096000,True,/home/najeeb/chanLira/channel_lira_results/phase7/stage2_primary/noisy_lira/reference_cache/zz_r1_d6_wd0_6482c3f71c0b7debedcc.npz,256000,2026-08-21T21:16:41+08:00,ibm_kingston,7af4abc6763339615cc42bd00fafb532e3c44a31c14bc574c88456a496136a2f,/home/najeeb/chanLira/channel_lira_results/phase7/stage2_primary/noisy_lira/sample_scores/MNIST_QNN_zz_r1_d6_p7_s144_noisy_shot_sim0.npz,0.5025,0.005,0.487,0.482,-0.014608422231777,5
MNIST_QNN_zz_r1_d6_p7_s144,zz_r1_d6,zz,1,6,144,143,noisy_shot,1,128,128,0,lira_offline,0.490598,0.468855575,0.517389625,200,0.043,0.05,0.106,0.1,1000,1000,16,4096000,True,/home/najeeb/chanLira/channel_lira_results/phase7/stage2_primary/noisy_lira/reference_cache/zz_r1_d6_wd0_6482c3f71c0b7debedcc.npz,256000,2026-08-21T21:16:41+08:00,ibm_kingston,7af4abc6763339615cc42bd00fafb532e3c44a31c14bc574c88456a496136a2f,/home/najeeb/chanLira/channel_lira_results/phase7/stage2_primary/noisy_lira/sample_scores/MNIST_QNN_zz_r1_d6_p7_s144_noisy_shot_sim0.npz,0.4855,-0.0289999999999999,0.169,0.198,2.8985064479081166,5
MNIST_QNN_zz_r1_d6_p7_s144,zz_r1_d6,zz,1,6,144,143,noisy_shot,1,128,128,0,lira_offline_fixed_variance,0.489174,0.467139175,0.5156355250000001,200,0.05,0.05,0.094,0.099,1000,1000,16,4096000,True,/home/najeeb/chanLira/channel_lira_results/phase7/stage2_primary/noisy_lira/reference_cache/zz_r1_d6_wd0_6482c3f71c0b7debedcc.npz,256000,2026-08-21T21:16:41+08:00,ibm_kingston,7af4abc6763339615cc42bd00fafb532e3c44a31c14bc574c88456a496136a2f,/home/najeeb/chanLira/channel_lira_results/phase7/stage2_primary/noisy_lira/sample_scores/MNIST_QNN_zz_r1_d6_p7_s144_noisy_shot_sim0.npz,0.5015000000000001,0.003,0.242,0.239,2.0748539518393363,5
MNIST_QNN_zz_r1_d6_p7_s144,zz_r1_d6,zz,1,6,144,143,noisy_shot,1,128,128,0,global_true_class_log_odds,0.51161,0.48685025,0.5344578,200,0.064,0.049,0.105,0.099,1000,1000,16,4096000,True,/home/najeeb/chanLira/channel_lira_results/phase7/stage2_primary/noisy_lira/reference_cache/zz_r1_d6_wd0_6482c3f71c0b7debedcc.npz,256000,2026-08-21T21:16:41+08:00,ibm_kingston,7af4abc6763339615cc42bd00fafb532e3c44a31c14bc574c88456a496136a2f,/home/najeeb/chanLira/channel_lira_results/phase7/stage2_primary/noisy_lira/sample_scores/MNIST_QNN_zz_r1_d6_p7_s144_noisy_shot_sim0.npz,0.504,0.0079999999999998,0.566,0.558,1.7614118968064856,5
MNIST_QNN_zz_r1_d6_p7_s144,zz_r1_d6,zz,1,6,144,143,noisy_shot,1,128,128,1,lira_online,0.488771,0.465208125,0.511599075,200,0.05,0.049,0.09,0.1,1000,1000,16,4096000,True,/home/najeeb/chanLira/channel_lira_results/phase7/stage2_primary/noisy_lira/reference_cache/zz_r1_d6_wd0_6482c3f71c0b7debedcc.npz,256000,2026-08-21T21:16:41+08:00,ibm_kingston,7af4abc6763339615cc42bd00fafb532e3c44a31c14bc574c88456a496136a2f,/home/najeeb/chanLira/channel_lira_results/phase7/stage2_primary/noisy_lira/sample_scores/MNIST_QNN_zz_r1_d6_p7_s144_noisy_shot_sim1.npz,0.4955,-0.009,0.836,0.845,-2.05905670075074,5
MNIST_QNN_zz_r1_d6_p7_s144,zz_r1_d6,zz,1,6,144,143,noisy_shot,1,128,128,1,lira_online_fixed_variance,0.510494,0.48539655,0.532472075,200,0.047,0.047,0.108,0.098,1000,1000,16,4096000,True,/home/najeeb/chanLira/channel_lira_results/phase7/stage2_primary/noisy_lira/reference_cache/zz_r1_d6_wd0_6482c3f71c0b7debedcc.npz,256000,2026-08-21T21:16:41+08:00,ibm_kingston,7af4abc6763339615cc42bd00fafb532e3c44a31c14bc574c88456a496136a2f,/home/najeeb/chanLira/channel_lira_results/phase7/stage2_primary/noisy_lira/sample_scores/MNIST_QNN_zz_r1_d6_p7_s144_noisy_shot_sim1.npz,0.4895,-0.021,0.495,0.516,0.0063750139749083,5
MNIST_QNN_zz_r1_d6_p7_s144,zz_r1_d6,zz,1,6,144,143,noisy_shot,1,128,128,1,lira_offline,0.484434,0.461257625,0.513337625,200,0.039,0.048,0.093,0.098,1000,1000,16,4096000,True,/home/najeeb/chanLira/channel_lira_results/phase7/stage2_primary/noisy_lira/reference_cache/zz_r1_d6_wd0_6482c3f71c0b7debedcc.npz,256000,2026-08-21T21:16:41+08:00,ibm_kingston,7af4abc6763339615cc42bd00fafb532e3c44a31c14bc574c88456a496136a2f,/home/najeeb/chanLira/channel_lira_results/phase7/stage2_primary/noisy_lira/sample_scores/MNIST_QNN_zz_r1_d6_p7_s144_noisy_shot_sim1.npz,0.4895,-0.021,0.447,0.468,1.6237875727247866,5
MNIST_QNN_zz_r1_d6_p7_s144,zz_r1_d6,zz,1,6,144,143,noisy_shot,1,128,128,1,lira_offline_fixed_variance,0.482525,0.460740725,0.5074014499999999,200,0.041,0.049,0.09,0.1,1000,1000,16,4096000,True,/home/najeeb/chanLira/channel_lira_results/phase7/stage2_primary/noisy_lira/reference_cache/zz_r1_d6_wd0_6482c3f71c0b7debedcc.npz,256000,2026-08-21T21:16:41+08:00,ibm_kingston,7af4abc6763339615cc42bd00fafb532e3c44a31c14bc574c88456a496136a2f,/home/najeeb/chanLira/channel_lira_results/phase7/stage2_primary/noisy_lira/sample_scores/MNIST_QNN_zz_r1_d6_p7_s144_noisy_shot_sim1.npz,0.4805,-0.039,0.568,0.607,1.682893006218095,5
MNIST_QNN_zz_r1_d6_p7_s144,zz_r1_d6,zz,1,6,144,143,noisy_shot,1,128,128,1,global_true_class_log_odds,0.5064690000000001,0.481663225,0.5323249,200,0.05,0.049,0.107,0.1,1000,1000,16,4096000,True,/home/najeeb/chanLira/channel_lira_results/phase7/stage2_primary/noisy_lira/reference_cache/zz_r1_d6_wd0_6482c3f71c0b7debedcc.npz,256000,2026-08-21T21:16:41+08:00,ibm_kingston,7af4abc6763339615cc42bd00fafb532e3c44a31c14bc574c88456a496136a2f,/home/najeeb/chanLira/channel_lira_results/phase7/stage2_primary/noisy_lira/sample_scores/MNIST_QNN_zz_r1_d6_p7_s144_noisy_shot_sim1.npz,0.509,0.018,0.679,0.661,0.2475923877042912,5
MNIST_QNN_zz_r1_d6_p7_s144,zz_r1_d6,zz,1,6,144,143,noisy_shot,1,128,128,2,lira_online,0.506831,0.48409365,0.531236875,200,0.056,0.05,0.097,0.099,1000,1000,16,4096000,True,/home/najeeb/chanLira/channel_lira_results/phase7/stage2_primary/noisy_lira/reference_cache/zz_r1_d6_wd0_6482c3f71c0b7debedcc.npz,256000,2026-08-21T21:16:41+08:00,ibm_kingston,7af4abc6763339615cc42bd00fafb532e3c44a31c14bc574c88456a496136a2f,/home/najeeb/chanLira/channel_lira_results/phase7/stage2_primary/noisy_lira/sample_scores/MNIST_QNN_zz_r1_d6_p7_s144_noisy_shot_sim2.npz,0.5115000000000001,0.023,0.773,0.75,-0.4354253012467666,5
MNIST_QNN_zz_r1_d6_p7_s144,zz_r1_d6,zz,1,6,144,143,noisy_shot,1,128,128,2,lira_online_fixed_variance,0.510646,0.48578535,0.5360969999999999,200,0.051,0.047,0.093,0.1,1000,1000,16,4096000,True,/home/najeeb/chanLira/channel_lira_results/phase7/stage2_primary/noisy_lira/reference_cache/zz_r1_d6_wd0_6482c3f71c0b7debedcc.npz,256000,2026-08-21T21:16:41+08:00,ibm_kingston,7af4abc6763339615cc42bd00fafb532e3c44a31c14bc574c88456a496136a2f,/home/najeeb/chanLira/channel_lira_results/phase7/stage2_primary/noisy_lira/sample_scores/MNIST_QNN_zz_r1_d6_p7_s144_noisy_shot_sim2.npz,0.492,-0.016,0.497,0.513,0.0982290656944218,5
MNIST_QNN_zz_r1_d6_p7_s144,zz_r1_d6,zz,1,6,144,143,noisy_shot,1,128,128,2,lira_offline,0.498201,0.47295,0.523409075,200,0.051,0.05,0.091,0.097,1000,1000,16,4096000,True,/home/najeeb/chanLira/channel_lira_results/phase7/stage2_primary/noisy_lira/reference_cache/zz_r1_d6_wd0_6482c3f71c0b7debedcc.npz,256000,2026-08-21T21:16:41+08:00,ibm_kingston,7af4abc6763339615cc42bd00fafb532e3c44a31c14bc574c88456a496136a2f,/home/najeeb/chanLira/channel_lira_results/phase7/stage2_primary/noisy_lira/sample_scores/MNIST_QNN_zz_r1_d6_p7_s144_noisy_shot_sim2.npz,0.4994999999999999,-0.001,0.709,0.71,1.3135944514227855,5
MNIST_QNN_zz_r1_d6_p7_s144,zz_r1_d6,zz,1,6,144,143,noisy_shot,1,128,128,2,lira_offline_fixed_variance,0.499194,0.4720483,0.520743375,200,0.053,0.045,0.093,0.1,1000,1000,16,4096000,True,/home/najeeb/chanLira/channel_lira_results/phase7/stage2_primary/noisy_lira/reference_cache/zz_r1_d6_wd0_6482c3f71c0b7debedcc.npz,256000,2026-08-21T21:16:41+08:00,ibm_kingston,7af4abc6763339615cc42bd00fafb532e3c44a31c14bc574c88456a496136a2f,/home/najeeb/chanLira/channel_lira_results/phase7/stage2_primary/noisy_lira/sample_scores/MNIST_QNN_zz_r1_d6_p7_s144_noisy_shot_sim2.npz,0.488,-0.024,0.577,0.601,1.4468603051521016,5
MNIST_QNN_zz_r1_d6_p7_s144,zz_r1_d6,zz,1,6,144,143,noisy_shot,1,128,128,2,global_true_class_log_odds,0.5073369999999999,0.480188875,0.53183735,200,0.049,0.048,0.096,0.1,1000,1000,16,4096000,True,/home/najeeb/chanLira/channel_lira_results/phase7/stage2_primary/noisy_lira/reference_cache/zz_r1_d6_wd0_6482c3f71c0b7debedcc.npz,256000,2026-08-21T21:16:41+08:00,ibm_kingston,7af4abc6763339615cc42bd00fafb532e3c44a31c14bc574c88456a496136a2f,/home/najeeb/chanLira/channel_lira_results/phase7/stage2_primary/noisy_lira/sample_scores/MNIST_QNN_zz_r1_d6_p7_s144_noisy_shot_sim2.npz,0.514,0.0279999999999999,0.825,0.797,-0.5623377984709229,5
MNIST_QNN_zz_r1_d6_p7_s144,zz_r1_d6,zz,1,6,144,143,noisy_shot,1,128,128,3,lira_online,0.517083,0.489506625,0.540204025,200,0.054,0.048,0.11,0.096,1000,1000,16,4096000,True,/home/najeeb/chanLira/channel_lira_results/phase7/stage2_primary/noisy_lira/reference_cache/zz_r1_d6_wd0_6482c3f71c0b7debedcc.npz,256000,2026-08-21T21:16:41+08:00,ibm_kingston,7af4abc6763339615cc42bd00fafb532e3c44a31c14bc574c88456a496136a2f,/home/najeeb/chanLira/channel_lira_results/phase7/stage2_primary/noisy_lira/sample_scores/MNIST_QNN_zz_r1_d6_p7_s144_noisy_shot_sim3.npz,0.508,0.016,0.717,0.701,-0.4080959394256052,5
MNIST_QNN_zz_r1_d6_p7_s144,zz_r1_d6,zz,1,6,144,143,noisy_shot,1,128,128,3,lira_online_fixed_variance,0.530365,0.505164325,0.55980515,200,0.067,0.05,0.115,0.098,1000,1000,16,4096000,True,/home/najeeb/chanLira/channel_lira_results/phase7/stage2_primary/noisy_lira/reference_cache/zz_r1_d6_wd0_6482c3f71c0b7debedcc.npz,256000,2026-08-21T21:16:41+08:00,ibm_kingston,7af4abc6763339615cc42bd00fafb532e3c44a31c14bc574c88456a496136a2f,/home/najeeb/chanLira/channel_lira_results/phase7/stage2_primary/noisy_lira/sample_scores/MNIST_QNN_zz_r1_d6_p7_s144_noisy_shot_sim3.npz,0.525,0.0499999999999999,0.588,0.538,-0.0256109947174432,5
MNIST_QNN_zz_r1_d6_p7_s144,zz_r1_d6,zz,1,6,144,143,noisy_shot,1,128,128,3,lira_offline,0.496347,0.471144325,0.521035575,200,0.052,0.05,0.09,0.1,1000,1000,16,4096000,True,/home/najeeb/chanLira/channel_lira_results/phase7/stage2_primary/noisy_lira/reference_cache/zz_r1_d6_wd0_6482c3f71c0b7debedcc.npz,256000,2026-08-21T21:16:41+08:00,ibm_kingston,7af4abc6763339615cc42bd00fafb532e3c44a31c14bc574c88456a496136a2f,/home/najeeb/chanLira/channel_lira_results/phase7/stage2_primary/noisy_lira/sample_scores/MNIST_QNN_zz_r1_d6_p7_s144_noisy_shot_sim3.npz,0.4985,-0.003,0.768,0.771,1.1588708800015648,5
MNIST_QNN_zz_r1_d6_p7_s144,zz_r1_d6,zz,1,6,144,143,noisy_shot,1,128,128,3,lira_offline_fixed_variance,0.4885469999999999,0.462364,0.512417025,200,0.054,0.049,0.099,0.099,1000,1000,16,4096000,True,/home/najeeb/chanLira/channel_lira_results/phase7/stage2_primary/noisy_lira/reference_cache/zz_r1_d6_wd0_6482c3f71c0b7debedcc.npz,256000,2026-08-21T21:16:41+08:00,ibm_kingston,7af4abc6763339615cc42bd00fafb532e3c44a31c14bc574c88456a496136a2f,/home/najeeb/chanLira/channel_lira_results/phase7/stage2_primary/noisy_lira/sample_scores/MNIST_QNN_zz_r1_d6_p7_s144_noisy_shot_sim3.npz,0.4865,-0.027,0.499,0.526,1.3908236676164467,5
MNIST_QNN_zz_r1_d6_p7_s144,zz_r1_d6,zz,1,6,144,143,noisy_shot,1,128,128,3,global_true_class_log_odds,0.519301,0.494631675,0.541279575,200,0.055,0.049,0.111,0.099,1000,1000,16,4096000,True,/home/najeeb/chanLira/channel_lira_results/phase7/stage2_primary/noisy_lira/reference_cache/zz_r1_d6_wd0_6482c3f71c0b7debedcc.npz,256000,2026-08-21T21:16:41+08:00,ibm_kingston,7af4abc6763339615cc42bd00fafb532e3c44a31c14bc574c88456a496136a2f,/home/najeeb/chanLira/channel_lira_results/phase7/stage2_primary/noisy_lira/sample_scores/MNIST_QNN_zz_r1_d6_p7_s144_noisy_shot_sim3.npz,0.499,-0.002,0.533,0.535,0.6629716252470808,5
MNIST_QNN_zz_r1_d6_p7_s144,zz_r1_d6,zz,1,6,144,143,noisy_shot,1,128,128,4,lira_online,0.525668,0.5014104500000001,0.548138925,200,0.065,0.046,0.137,0.1,1000,1000,16,4096000,True,/home/najeeb/chanLira/channel_lira_results/phase7/stage2_primary/noisy_lira/reference_cache/zz_r1_d6_wd0_6482c3f71c0b7debedcc.npz,256000,2026-08-21T21:16:41+08:00,ibm_kingston,7af4abc6763339615cc42bd00fafb532e3c44a31c14bc574c88456a496136a2f,/home/najeeb/chanLira/channel_lira_results/phase7/stage2_primary/noisy_lira/sample_scores/MNIST_QNN_zz_r1_d6_p7_s144_noisy_shot_sim4.npz,0.5115000000000001,0.0229999999999999,0.221,0.198,0.5363155840689244,5
MNIST_QNN_zz_r1_d6_p7_s144,zz_r1_d6,zz,1,6,144,143,noisy_shot,1,128,128,4,lira_online_fixed_variance,0.539671,0.5123742250000001,0.5613577249999999,200,0.053,0.05,0.117,0.1,1000,1000,16,4096000,True,/home/najeeb/chanLira/channel_lira_results/phase7/stage2_primary/noisy_lira/reference_cache/zz_r1_d6_wd0_6482c3f71c0b7debedcc.npz,256000,2026-08-21T21:16:41+08:00,ibm_kingston,7af4abc6763339615cc42bd00fafb532e3c44a31c14bc574c88456a496136a2f,/home/najeeb/chanLira/channel_lira_results/phase7/stage2_primary/noisy_lira/sample_scores/MNIST_QNN_zz_r1_d6_p7_s144_noisy_shot_sim4.npz,0.5205,0.041,0.527,0.486,0.0808263470445369,5
MNIST_QNN_zz_r1_d6_p7_s144,zz_r1_d6,zz,1,6,144,143,noisy_shot,1,128,128,4,lira_offline,0.518516,0.4981148749999999,0.5465432,200,0.049,0.048,0.114,0.1,1000,1000,16,4096000,True,/home/najeeb/chanLira/channel_lira_results/phase7/stage2_primary/noisy_lira/reference_cache/zz_r1_d6_wd0_6482c3f71c0b7debedcc.npz,256000,2026-08-21T21:16:41+08:00,ibm_kingston,7af4abc6763339615cc42bd00fafb532e3c44a31c14bc574c88456a496136a2f,/home/najeeb/chanLira/channel_lira_results/phase7/stage2_primary/noisy_lira/sample_scores/MNIST_QNN_zz_r1_d6_p7_s144_noisy_shot_sim4.npz,0.5065000000000001,0.013,0.465,0.452,1.697142137738894,5
MNIST_QNN_zz_r1_d6_p7_s144,zz_r1_d6,zz,1,6,144,143,noisy_shot,1,128,128,4,lira_offline_fixed_variance,0.51501,0.490716675,0.54186455,200,0.047,0.049,0.11,0.1,1000,1000,16,4096000,True,/home/najeeb/chanLira/channel_lira_results/phase7/stage2_primary/noisy_lira/reference_cache/zz_r1_d6_wd0_6482c3f71c0b7debedcc.npz,256000,2026-08-21T21:16:41+08:00,ibm_kingston,7af4abc6763339615cc42bd00fafb532e3c44a31c14bc574c88456a496136a2f,/home/najeeb/chanLira/channel_lira_results/phase7/stage2_primary/noisy_lira/sample_scores/MNIST_QNN_zz_r1_d6_p7_s144_noisy_shot_sim4.npz,0.504,0.008,0.488,0.48,1.5747740960657015,5
MNIST_QNN_zz_r1_d6_p7_s144,zz_r1_d6,zz,1,6,144,143,noisy_shot,1,128,128,4,global_true_class_log_odds,0.526719,0.499940925,0.55262035,200,0.052,0.049,0.103,0.099,1000,1000,16,4096000,True,/home/najeeb/chanLira/channel_lira_results/phase7/stage2_primary/noisy_lira/reference_cache/zz_r1_d6_wd0_6482c3f71c0b7debedcc.npz,256000,2026-08-21T21:16:41+08:00,ibm_kingston,7af4abc6763339615cc42bd00fafb532e3c44a31c14bc574c88456a496136a2f,/home/najeeb/chanLira/channel_lira_results/phase7/stage2_primary/noisy_lira/sample_scores/MNIST_QNN_zz_r1_d6_p7_s144_noisy_shot_sim4.npz,0.5225,0.045,0.659,0.614,0.2283306524407471,5
MNIST_QNN_zz_r1_d6_p7_s144,zz_r1_d6,zz,1,6,144,143,noisy_shot,1,128,128,5,lira_online,0.503037,0.47733445,0.528376025,200,0.053,0.05,0.099,0.097,1000,1000,16,4096000,True,/home/najeeb/chanLira/channel_lira_results/phase7/stage2_primary/noisy_lira/reference_cache/zz_r1_d6_wd0_6482c3f71c0b7debedcc.npz,256000,2026-08-21T21:16:41+08:00,ibm_kingston,7af4abc6763339615cc42bd00fafb532e3c44a31c14bc574c88456a496136a2f,/home/najeeb/chanLira/channel_lira_results/phase7/stage2_primary/noisy_lira/sample_scores/MNIST_QNN_zz_r1_d6_p7_s144_noisy_shot_sim5.npz,0.5065,0.0129999999999999,0.477,0.464,0.0412790155804245,5
MNIST_QNN_zz_r1_d6_p7_s144,zz_r1_d6,zz,1,6,144,143,noisy_shot,1,128,128,5,lira_online_fixed_variance,0.519595,0.49756825,0.53986875,200,0.056,0.05,0.122,0.1,1000,1000,16,4096000,True,/home/najeeb/chanLira/channel_lira_results/phase7/stage2_primary/noisy_lira/reference_cache/zz_r1_d6_wd0_6482c3f71c0b7debedcc.npz,256000,2026-08-21T21:16:41+08:00,ibm_kingston,7af4abc6763339615cc42bd00fafb532e3c44a31c14bc574c88456a496136a2f,/home/najeeb/chanLira/channel_lira_results/phase7/stage2_primary/noisy_lira/sample_scores/MNIST_QNN_zz_r1_d6_p7_s144_noisy_shot_sim5.npz,0.526,0.052,0.624,0.572,-0.069131325313783,5
MNIST_QNN_zz_r1_d6_p7_s144,zz_r1_d6,zz,1,6,144,143,noisy_shot,1,128,128,5,lira_offline,0.4853929999999999,0.459651675,0.51168945,200,0.054,0.05,0.1,0.1,1000,1000,16,4096000,True,/home/najeeb/chanLira/channel_lira_results/phase7/stage2_primary/noisy_lira/reference_cache/zz_r1_d6_wd0_6482c3f71c0b7debedcc.npz,256000,2026-08-21T21:16:41+08:00,ibm_kingston,7af4abc6763339615cc42bd00fafb532e3c44a31c14bc574c88456a496136a2f,/home/najeeb/chanLira/channel_lira_results/phase7/stage2_primary/noisy_lira/sample_scores/MNIST_QNN_zz_r1_d6_p7_s144_noisy_shot_sim5.npz,0.489,-0.0219999999999999,0.398,0.42,3.536520911041235,5
MNIST_QNN_zz_r1_d6_p7_s144,zz_r1_d6,zz,1,6,144,143,noisy_shot,1,128,128,5,lira_offline_fixed_variance,0.487141,0.460750525,0.511599775,200,0.059,0.048,0.109,0.098,1000,1000,16,4096000,True,/home/najeeb/chanLira/channel_lira_results/phase7/stage2_primary/noisy_lira/reference_cache/zz_r1_d6_wd0_6482c3f71c0b7debedcc.npz,256000,2026-08-21T21:16:41+08:00,ibm_kingston,7af4abc6763339615cc42bd00fafb532e3c44a31c14bc574c88456a496136a2f,/home/najeeb/chanLira/channel_lira_results/phase7/stage2_primary/noisy_lira/sample_scores/MNIST_QNN_zz_r1_d6_p7_s144_noisy_shot_sim5.npz,0.5025,0.0049999999999999,0.054,0.049,4.147649919760352,5
MNIST_QNN_zz_r1_d6_p7_s144,zz_r1_d6,zz,1,6,144,143,noisy_shot,1,128,128,5,global_true_class_log_odds,0.5123500000000001,0.49281605,0.5361762,200,0.055,0.048,0.096,0.1,1000,1000,16,4096000,True,/home/najeeb/chanLira/channel_lira_results/phase7/stage2_primary/noisy_lira/reference_cache/zz_r1_d6_wd0_6482c3f71c0b7debedcc.npz,256000,2026-08-21T21:16:41+08:00,ibm_kingston,7af4abc6763339615cc42bd00fafb532e3c44a31c14bc574c88456a496136a2f,/home/najeeb/chanLira/channel_lira_results/phase7/stage2_primary/noisy_lira/sample_scores/MNIST_QNN_zz_r1_d6_p7_s144_noisy_shot_sim5.npz,0.516,0.032,0.72,0.688,-0.0412583455341613,5
MNIST_QNN_zz_r1_d6_p7_s144,zz_r1_d6,zz,1,6,144,143,noisy_shot,1,128,128,6,lira_online,0.5041150000000001,0.479736075,0.5295235,200,0.057,0.05,0.107,0.1,1000,1000,16,4096000,True,/home/najeeb/chanLira/channel_lira_results/phase7/stage2_primary/noisy_lira/reference_cache/zz_r1_d6_wd0_6482c3f71c0b7debedcc.npz,256000,2026-08-21T21:16:41+08:00,ibm_kingston,7af4abc6763339615cc42bd00fafb532e3c44a31c14bc574c88456a496136a2f,/home/najeeb/chanLira/channel_lira_results/phase7/stage2_primary/noisy_lira/sample_scores/MNIST_QNN_zz_r1_d6_p7_s144_noisy_shot_sim6.npz,0.512,0.024,0.877,0.853,-0.8530111621080732,5
MNIST_QNN_zz_r1_d6_p7_s144,zz_r1_d6,zz,1,6,144,143,noisy_shot,1,128,128,6,lira_online_fixed_variance,0.515266,0.485291775,0.538119,200,0.056,0.05,0.109,0.098,1000,1000,16,4096000,True,/home/najeeb/chanLira/channel_lira_results/phase7/stage2_primary/noisy_lira/reference_cache/zz_r1_d6_wd0_6482c3f71c0b7debedcc.npz,256000,2026-08-21T21:16:41+08:00,ibm_kingston,7af4abc6763339615cc42bd00fafb532e3c44a31c14bc574c88456a496136a2f,/home/najeeb/chanLira/channel_lira_results/phase7/stage2_primary/noisy_lira/sample_scores/MNIST_QNN_zz_r1_d6_p7_s144_noisy_shot_sim6.npz,0.4935,-0.013,0.512,0.525,0.1405891610609366,5
MNIST_QNN_zz_r1_d6_p7_s144,zz_r1_d6,zz,1,6,144,143,noisy_shot,1,128,128,6,lira_offline,0.4938099999999999,0.469672225,0.5194052,200,0.044,0.05,0.104,0.1,1000,1000,16,4096000,True,/home/najeeb/chanLira/channel_lira_results/phase7/stage2_primary/noisy_lira/reference_cache/zz_r1_d6_wd0_6482c3f71c0b7debedcc.npz,256000,2026-08-21T21:16:41+08:00,ibm_kingston,7af4abc6763339615cc42bd00fafb532e3c44a31c14bc574c88456a496136a2f,/home/najeeb/chanLira/channel_lira_results/phase7/stage2_primary/noisy_lira/sample_scores/MNIST_QNN_zz_r1_d6_p7_s144_noisy_shot_sim6.npz,0.486,-0.028,0.287,0.315,2.323248290471349,5
MNIST_QNN_zz_r1_d6_p7_s144,zz_r1_d6,zz,1,6,144,143,noisy_shot,1,128,128,6,lira_offline_fixed_variance,0.5016769999999999,0.4788637,0.527436025,200,0.047,0.048,0.124,0.1,1000,1000,16,4096000,True,/home/najeeb/chanLira/channel_lira_results/phase7/stage2_primary/noisy_lira/reference_cache/zz_r1_d6_wd0_6482c3f71c0b7debedcc.npz,256000,2026-08-21T21:16:41+08:00,ibm_kingston,7af4abc6763339615cc42bd00fafb532e3c44a31c14bc574c88456a496136a2f,/home/najeeb/chanLira/channel_lira_results/phase7/stage2_primary/noisy_lira/sample_scores/MNIST_QNN_zz_r1_d6_p7_s144_noisy_shot_sim6.npz,0.4835,-0.0329999999999999,0.381,0.414,1.9842189836972357,5
MNIST_QNN_zz_r1_d6_p7_s144,zz_r1_d6,zz,1,6,144,143,noisy_shot,1,128,128,6,global_true_class_log_odds,0.5248215,0.5025198000000001,0.5467112,200,0.05,0.048,0.106,0.099,1000,1000,16,4096000,True,/home/najeeb/chanLira/channel_lira_results/phase7/stage2_primary/noisy_lira/reference_cache/zz_r1_d6_wd0_6482c3f71c0b7debedcc.npz,256000,2026-08-21T21:16:41+08:00,ibm_kingston,7af4abc6763339615cc42bd00fafb532e3c44a31c14bc574c88456a496136a2f,/home/najeeb/chanLira/channel_lira_results/phase7/stage2_primary/noisy_lira/sample_scores/MNIST_QNN_zz_r1_d6_p7_s144_noisy_shot_sim6.npz,0.528,0.0559999999999999,0.852,0.796,-0.6459312812557692,5
MNIST_QNN_zz_r1_d6_p7_s144,zz_r1_d6,zz,1,6,144,143,noisy_shot,1,128,128,7,lira_online,0.527383,0.50426995,0.550553525,200,0.052,0.047,0.118,0.097,1000,1000,16,4096000,True,/home/najeeb/chanLira/channel_lira_results/phase7/stage2_primary/noisy_lira/reference_cache/zz_r1_d6_wd0_6482c3f71c0b7debedcc.npz,256000,2026-08-21T21:16:41+08:00,ibm_kingston,7af4abc6763339615cc42bd00fafb532e3c44a31c14bc574c88456a496136a2f,/home/najeeb/chanLira/channel_lira_results/phase7/stage2_primary/noisy_lira/sample_scores/MNIST_QNN_zz_r1_d6_p7_s144_noisy_shot_sim7.npz,0.5135000000000001,0.027,0.524,0.497,-0.0846594294819971,5
MNIST_QNN_zz_r1_d6_p7_s144,zz_r1_d6,zz,1,6,144,143,noisy_shot,1,128,128,7,lira_online_fixed_variance,0.538956,0.51400005,0.56127945,200,0.072,0.05,0.125,0.099,1000,1000,16,4096000,True,/home/najeeb/chanLira/channel_lira_results/phase7/stage2_primary/noisy_lira/reference_cache/zz_r1_d6_wd0_6482c3f71c0b7debedcc.npz,256000,2026-08-21T21:16:41+08:00,ibm_kingston,7af4abc6763339615cc42bd00fafb532e3c44a31c14bc574c88456a496136a2f,/home/najeeb/chanLira/channel_lira_results/phase7/stage2_primary/noisy_lira/sample_scores/MNIST_QNN_zz_r1_d6_p7_s144_noisy_shot_sim7.npz,0.524,0.0479999999999999,0.417,0.369,0.091524034650352,5
MNIST_QNN_zz_r1_d6_p7_s144,zz_r1_d6,zz,1,6,144,143,noisy_shot,1,128,128,7,lira_offline,0.497716,0.474240625,0.523099475,200,0.05,0.05,0.104,0.098,1000,1000,16,4096000,True,/home/najeeb/chanLira/channel_lira_results/phase7/stage2_primary/noisy_lira/reference_cache/zz_r1_d6_wd0_6482c3f71c0b7debedcc.npz,256000,2026-08-21T21:16:41+08:00,ibm_kingston,7af4abc6763339615cc42bd00fafb532e3c44a31c14bc574c88456a496136a2f,/home/najeeb/chanLira/channel_lira_results/phase7/stage2_primary/noisy_lira/sample_scores/MNIST_QNN_zz_r1_d6_p7_s144_noisy_shot_sim7.npz,0.4865,-0.027,0.487,0.514,1.3881129082791397,5
MNIST_QNN_zz_r1_d6_p7_s144,zz_r1_d6,zz,1,6,144,143,noisy_shot,1,128,128,7,lira_offline_fixed_variance,0.511418,0.489195875,0.5348750999999999,200,0.05,0.049,0.11,0.1,1000,1000,16,4096000,True,/home/najeeb/chanLira/channel_lira_results/phase7/stage2_primary/noisy_lira/reference_cache/zz_r1_d6_wd0_6482c3f71c0b7debedcc.npz,256000,2026-08-21T21:16:41+08:00,ibm_kingston,7af4abc6763339615cc42bd00fafb532e3c44a31c14bc574c88456a496136a2f,/home/najeeb/chanLira/channel_lira_results/phase7/stage2_primary/noisy_lira/sample_scores/MNIST_QNN_zz_r1_d6_p7_s144_noisy_shot_sim7.npz,0.5125,0.025,0.786,0.761,1.2998207429480912,5
MNIST_QNN_zz_r1_d6_p7_s144,zz_r1_d6,zz,1,6,144,143,noisy_shot,1,128,128,7,global_true_class_log_odds,0.515327,0.492797425,0.53637385,200,0.038,0.05,0.098,0.1,1000,1000,16,4096000,True,/home/najeeb/chanLira/channel_lira_results/phase7/stage2_primary/noisy_lira/reference_cache/zz_r1_d6_wd0_6482c3f71c0b7debedcc.npz,256000,2026-08-21T21:16:41+08:00,ibm_kingston,7af4abc6763339615cc42bd00fafb532e3c44a31c14bc574c88456a496136a2f,/home/najeeb/chanLira/channel_lira_results/phase7/stage2_primary/noisy_lira/sample_scores/MNIST_QNN_zz_r1_d6_p7_s144_noisy_shot_sim7.npz,0.5215,0.0429999999999999,0.837,0.794,-0.6239893170292232,5
MNIST_QNN_zz_r1_d6_p7_s144,zz_r1_d6,zz,1,6,144,143,noisy_shot,1,128,128,8,lira_online,0.5113420000000001,0.491813975,0.53258025,200,0.053,0.049,0.104,0.1,1000,1000,16,4096000,True,/home/najeeb/chanLira/channel_lira_results/phase7/stage2_primary/noisy_lira/reference_cache/zz_r1_d6_wd0_6482c3f71c0b7debedcc.npz,256000,2026-08-21T21:16:41+08:00,ibm_kingston,7af4abc6763339615cc42bd00fafb532e3c44a31c14bc574c88456a496136a2f,/home/najeeb/chanLira/channel_lira_results/phase7/stage2_primary/noisy_lira/sample_scores/MNIST_QNN_zz_r1_d6_p7_s144_noisy_shot_sim8.npz,0.51,0.0199999999999999,0.705,0.685,-0.2738909255301278,5
MNIST_QNN_zz_r1_d6_p7_s144,zz_r1_d6,zz,1,6,144,143,noisy_shot,1,128,128,8,lira_online_fixed_variance,0.510319,0.4846127249999999,0.5310345249999999,200,0.058,0.048,0.125,0.099,1000,1000,16,4096000,True,/home/najeeb/chanLira/channel_lira_results/phase7/stage2_primary/noisy_lira/reference_cache/zz_r1_d6_wd0_6482c3f71c0b7debedcc.npz,256000,2026-08-21T21:16:41+08:00,ibm_kingston,7af4abc6763339615cc42bd00fafb532e3c44a31c14bc574c88456a496136a2f,/home/najeeb/chanLira/channel_lira_results/phase7/stage2_primary/noisy_lira/sample_scores/MNIST_QNN_zz_r1_d6_p7_s144_noisy_shot_sim8.npz,0.518,0.0359999999999999,0.844,0.808,-0.3526732214351142,5
MNIST_QNN_zz_r1_d6_p7_s144,zz_r1_d6,zz,1,6,144,143,noisy_shot,1,128,128,8,lira_offline,0.479995,0.4551957,0.50373735,200,0.038,0.05,0.075,0.1,1000,1000,16,4096000,True,/home/najeeb/chanLira/channel_lira_results/phase7/stage2_primary/noisy_lira/reference_cache/zz_r1_d6_wd0_6482c3f71c0b7debedcc.npz,256000,2026-08-21T21:16:41+08:00,ibm_kingston,7af4abc6763339615cc42bd00fafb532e3c44a31c14bc574c88456a496136a2f,/home/najeeb/chanLira/channel_lira_results/phase7/stage2_primary/noisy_lira/sample_scores/MNIST_QNN_zz_r1_d6_p7_s144_noisy_shot_sim8.npz,0.495,-0.01,0.948,0.958,0.756102113332936,5
MNIST_QNN_zz_r1_d6_p7_s144,zz_r1_d6,zz,1,6,144,143,noisy_shot,1,128,128,8,lira_offline_fixed_variance,0.475157,0.448266275,0.497557425,200,0.041,0.048,0.091,0.099,1000,1000,16,4096000,True,/home/najeeb/chanLira/channel_lira_results/phase7/stage2_primary/noisy_lira/reference_cache/zz_r1_d6_wd0_6482c3f71c0b7debedcc.npz,256000,2026-08-21T21:16:41+08:00,ibm_kingston,7af4abc6763339615cc42bd00fafb532e3c44a31c14bc574c88456a496136a2f,/home/najeeb/chanLira/channel_lira_results/phase7/stage2_primary/noisy_lira/sample_scores/MNIST_QNN_zz_r1_d6_p7_s144_noisy_shot_sim8.npz,0.4815,-0.037,0.618,0.655,1.2890423238987192,5
MNIST_QNN_zz_r1_d6_p7_s144,zz_r1_d6,zz,1,6,144,143,noisy_shot,1,128,128,8,global_true_class_log_odds,0.509788,0.487097875,0.5348075999999999,200,0.032,0.05,0.071,0.099,1000,1000,16,4096000,True,/home/najeeb/chanLira/channel_lira_results/phase7/stage2_primary/noisy_lira/reference_cache/zz_r1_d6_wd0_6482c3f71c0b7debedcc.npz,256000,2026-08-21T21:16:41+08:00,ibm_kingston,7af4abc6763339615cc42bd00fafb532e3c44a31c14bc574c88456a496136a2f,/home/najeeb/chanLira/channel_lira_results/phase7/stage2_primary/noisy_lira/sample_scores/MNIST_QNN_zz_r1_d6_p7_s144_noisy_shot_sim8.npz,0.5165,0.0329999999999999,0.83,0.797,-0.8255004400930919,5
MNIST_QNN_zz_r1_d6_p7_s144,zz_r1_d6,zz,1,6,144,143,noisy_shot,1,128,128,9,lira_online,0.511435,0.484562725,0.5345864499999999,200,0.044,0.05,0.093,0.1,1000,1000,16,4096000,True,/home/najeeb/chanLira/channel_lira_results/phase7/stage2_primary/noisy_lira/reference_cache/zz_r1_d6_wd0_6482c3f71c0b7debedcc.npz,256000,2026-08-21T21:16:41+08:00,ibm_kingston,7af4abc6763339615cc42bd00fafb532e3c44a31c14bc574c88456a496136a2f,/home/najeeb/chanLira/channel_lira_results/phase7/stage2_primary/noisy_lira/sample_scores/MNIST_QNN_zz_r1_d6_p7_s144_noisy_shot_sim9.npz,0.5065,0.0129999999999999,0.82,0.807,-0.867616709674226,5
MNIST_QNN_zz_r1_d6_p7_s144,zz_r1_d6,zz,1,6,144,143,noisy_shot,1,128,128,9,lira_online_fixed_variance,0.518757,0.49471105,0.538429275,200,0.035,0.048,0.105,0.1,1000,1000,16,4096000,True,/home/najeeb/chanLira/channel_lira_results/phase7/stage2_primary/noisy_lira/reference_cache/zz_r1_d6_wd0_6482c3f71c0b7debedcc.npz,256000,2026-08-21T21:16:41+08:00,ibm_kingston,7af4abc6763339615cc42bd00fafb532e3c44a31c14bc574c88456a496136a2f,/home/najeeb/chanLira/channel_lira_results/phase7/stage2_primary/noisy_lira/sample_scores/MNIST_QNN_zz_r1_d6_p7_s144_noisy_shot_sim9.npz,0.517,0.0339999999999999,0.355,0.321,0.1146692083175127,5
MNIST_QNN_zz_r1_d6_p7_s144,zz_r1_d6,zz,1,6,144,143,noisy_shot,1,128,128,9,lira_offline,0.501111,0.477274875,0.529689075,200,0.042,0.048,0.089,0.1,1000,1000,16,4096000,True,/home/najeeb/chanLira/channel_lira_results/phase7/stage2_primary/noisy_lira/reference_cache/zz_r1_d6_wd0_6482c3f71c0b7debedcc.npz,256000,2026-08-21T21:16:41+08:00,ibm_kingston,7af4abc6763339615cc42bd00fafb532e3c44a31c14bc574c88456a496136a2f,/home/najeeb/chanLira/channel_lira_results/phase7/stage2_primary/noisy_lira/sample_scores/MNIST_QNN_zz_r1_d6_p7_s144_noisy_shot_sim9.npz,0.488,-0.024,0.771,0.795,0.8429980403459418,5
MNIST_QNN_zz_r1_d6_p7_s144,zz_r1_d6,zz,1,6,144,143,noisy_shot,1,128,128,9,lira_offline_fixed_variance,0.508559,0.485552075,0.5384373499999999,200,0.041,0.05,0.095,0.098,1000,1000,16,4096000,True,/home/najeeb/chanLira/channel_lira_results/phase7/stage2_primary/noisy_lira/reference_cache/zz_r1_d6_wd0_6482c3f71c0b7debedcc.npz,256000,2026-08-21T21:16:41+08:00,ibm_kingston,7af4abc6763339615cc42bd00fafb532e3c44a31c14bc574c88456a496136a2f,/home/najeeb/chanLira/channel_lira_results/phase7/stage2_primary/noisy_lira/sample_scores/MNIST_QNN_zz_r1_d6_p7_s144_noisy_shot_sim9.npz,0.519,0.038,0.791,0.753,1.321217984230097,5
MNIST_QNN_zz_r1_d6_p7_s144,zz_r1_d6,zz,1,6,144,143,noisy_shot,1,128,128,9,global_true_class_log_odds,0.518488,0.4936428,0.545606875,200,0.047,0.043,0.103,0.099,1000,1000,16,4096000,True,/home/najeeb/chanLira/channel_lira_results/phase7/stage2_primary/noisy_lira/reference_cache/zz_r1_d6_wd0_6482c3f71c0b7debedcc.npz,256000,2026-08-21T21:16:41+08:00,ibm_kingston,7af4abc6763339615cc42bd00fafb532e3c44a31c14bc574c88456a496136a2f,/home/najeeb/chanLira/channel_lira_results/phase7/stage2_primary/noisy_lira/sample_scores/MNIST_QNN_zz_r1_d6_p7_s144_noisy_shot_sim9.npz,0.5295,0.0589999999999999,0.703,0.644,0.2488581391491596,5
MNIST_QNN_zz_r1_d6_p7_s145,zz_r1_d6,zz,1,6,145,143,noisy_shot,1,128,128,0,lira_online,0.522882,0.496943775,0.545242275,200,0.053,0.048,0.116,0.099,1000,1000,16,4096000,True,/home/najeeb/chanLira/channel_lira_results/phase7/stage2_primary/noisy_lira/reference_cache/zz_r1_d6_wd0_6482c3f71c0b7debedcc.npz,256000,2026-08-21T21:16:41+08:00,ibm_kingston,7af4abc6763339615cc42bd00fafb532e3c44a31c14bc574c88456a496136a2f,/home/najeeb/chanLira/channel_lira_results/phase7/stage2_primary/noisy_lira/sample_scores/MNIST_QNN_zz_r1_d6_p7_s145_noisy_shot_sim0.npz,0.5035000000000001,0.007,0.607,0.6,-0.5149845539941054,5
MNIST_QNN_zz_r1_d6_p7_s145,zz_r1_d6,zz,1,6,145,143,noisy_shot,1,128,128,0,lira_online_fixed_variance,0.520578,0.49676685,0.5417282999999999,200,0.055,0.05,0.111,0.097,1000,1000,16,4096000,True,/home/najeeb/chanLira/channel_lira_results/phase7/stage2_primary/noisy_lira/reference_cache/zz_r1_d6_wd0_6482c3f71c0b7debedcc.npz,256000,2026-08-21T21:16:41+08:00,ibm_kingston,7af4abc6763339615cc42bd00fafb532e3c44a31c14bc574c88456a496136a2f,/home/najeeb/chanLira/channel_lira_results/phase7/stage2_primary/noisy_lira/sample_scores/MNIST_QNN_zz_r1_d6_p7_s145_noisy_shot_sim0.npz,0.512,0.024,0.717,0.693,-0.1670624078915872,5
MNIST_QNN_zz_r1_d6_p7_s145,zz_r1_d6,zz,1,6,145,143,noisy_shot,1,128,128,0,lira_offline,0.487713,0.4620056749999999,0.511589325,200,0.041,0.049,0.099,0.1,1000,1000,16,4096000,True,/home/najeeb/chanLira/channel_lira_results/phase7/stage2_primary/noisy_lira/reference_cache/zz_r1_d6_wd0_6482c3f71c0b7debedcc.npz,256000,2026-08-21T21:16:41+08:00,ibm_kingston,7af4abc6763339615cc42bd00fafb532e3c44a31c14bc574c88456a496136a2f,/home/najeeb/chanLira/channel_lira_results/phase7/stage2_primary/noisy_lira/sample_scores/MNIST_QNN_zz_r1_d6_p7_s145_noisy_shot_sim0.npz,0.492,-0.016,0.374,0.39,2.93369709002484,5
MNIST_QNN_zz_r1_d6_p7_s145,zz_r1_d6,zz,1,6,145,143,noisy_shot,1,128,128,0,lira_offline_fixed_variance,0.4845299999999999,0.45864065,0.5092196250000001,200,0.038,0.049,0.089,0.1,1000,1000,16,4096000,True,/home/najeeb/chanLira/channel_lira_results/phase7/stage2_primary/noisy_lira/reference_cache/zz_r1_d6_wd0_6482c3f71c0b7debedcc.npz,256000,2026-08-21T21:16:41+08:00,ibm_kingston,7af4abc6763339615cc42bd00fafb532e3c44a31c14bc574c88456a496136a2f,/home/najeeb/chanLira/channel_lira_results/phase7/stage2_primary/noisy_lira/sample_scores/MNIST_QNN_zz_r1_d6_p7_s145_noisy_shot_sim0.npz,0.496,-0.008,0.212,0.22,2.35393072209306,5
MNIST_QNN_zz_r1_d6_p7_s145,zz_r1_d6,zz,1,6,145,143,noisy_shot,1,128,128,0,global_true_class_log_odds,0.548182,0.5242522374999999,0.575657375,200,0.072,0.05,0.127,0.1,1000,1000,16,4096000,True,/home/najeeb/chanLira/channel_lira_results/phase7/stage2_primary/noisy_lira/reference_cache/zz_r1_d6_wd0_6482c3f71c0b7debedcc.npz,256000,2026-08-21T21:16:41+08:00,ibm_kingston,7af4abc6763339615cc42bd00fafb532e3c44a31c14bc574c88456a496136a2f,/home/najeeb/chanLira/channel_lira_results/phase7/stage2_primary/noisy_lira/sample_scores/MNIST_QNN_zz_r1_d6_p7_s145_noisy_shot_sim0.npz,0.532,0.064,0.681,0.617,0.2729662363769508,5
MNIST_QNN_zz_r1_d6_p7_s145,zz_r1_d6,zz,1,6,145,143,noisy_shot,1,128,128,1,lira_online,0.520511,0.4942028499999999,0.54662325,200,0.063,0.05,0.118,0.1,1000,1000,16,4096000,True,/home/najeeb/chanLira/channel_lira_results/phase7/stage2_primary/noisy_lira/reference_cache/zz_r1_d6_wd0_6482c3f71c0b7debedcc.npz,256000,2026-08-21T21:16:41+08:00,ibm_kingston,7af4abc6763339615cc42bd00fafb532e3c44a31c14bc574c88456a496136a2f,/home/najeeb/chanLira/channel_lira_results/phase7/stage2_primary/noisy_lira/sample_scores/MNIST_QNN_zz_r1_d6_p7_s145_noisy_shot_sim1.npz,0.526,0.0519999999999999,0.444,0.392,0.1384096595240516,5
MNIST_QNN_zz_r1_d6_p7_s145,zz_r1_d6,zz,1,6,145,143,noisy_shot,1,128,128,1,lira_online_fixed_variance,0.529561,0.5046759500000001,0.556277375,200,0.072,0.05,0.136,0.1,1000,1000,16,4096000,True,/home/najeeb/chanLira/channel_lira_results/phase7/stage2_primary/noisy_lira/reference_cache/zz_r1_d6_wd0_6482c3f71c0b7debedcc.npz,256000,2026-08-21T21:16:41+08:00,ibm_kingston,7af4abc6763339615cc42bd00fafb532e3c44a31c14bc574c88456a496136a2f,/home/najeeb/chanLira/channel_lira_results/phase7/stage2_primary/noisy_lira/sample_scores/MNIST_QNN_zz_r1_d6_p7_s145_noisy_shot_sim1.npz,0.5205,0.041,0.325,0.284,0.1165161150179319,5
MNIST_QNN_zz_r1_d6_p7_s145,zz_r1_d6,zz,1,6,145,143,noisy_shot,1,128,128,1,lira_offline,0.525867,0.500559325,0.5552091499999999,200,0.052,0.05,0.109,0.1,1000,1000,16,4096000,True,/home/najeeb/chanLira/channel_lira_results/phase7/stage2_primary/noisy_lira/reference_cache/zz_r1_d6_wd0_6482c3f71c0b7debedcc.npz,256000,2026-08-21T21:16:41+08:00,ibm_kingston,7af4abc6763339615cc42bd00fafb532e3c44a31c14bc574c88456a496136a2f,/home/najeeb/chanLira/channel_lira_results/phase7/stage2_primary/noisy_lira/sample_scores/MNIST_QNN_zz_r1_d6_p7_s145_noisy_shot_sim1.npz,0.5145,0.029,0.531,0.502,1.5991733110964228,5
MNIST_QNN_zz_r1_d6_p7_s145,zz_r1_d6,zz,1,6,145,143,noisy_shot,1,128,128,1,lira_offline_fixed_variance,0.529243,0.50490445,0.5532009,200,0.058,0.05,0.118,0.1,1000,1000,16,4096000,True,/home/najeeb/chanLira/channel_lira_results/phase7/stage2_primary/noisy_lira/reference_cache/zz_r1_d6_wd0_6482c3f71c0b7debedcc.npz,256000,2026-08-21T21:16:41+08:00,ibm_kingston,7af4abc6763339615cc42bd00fafb532e3c44a31c14bc574c88456a496136a2f,/home/najeeb/chanLira/channel_lira_results/phase7/stage2_primary/noisy_lira/sample_scores/MNIST_QNN_zz_r1_d6_p7_s145_noisy_shot_sim1.npz,0.502,0.004,0.49,0.486,1.584985563658074,5
MNIST_QNN_zz_r1_d6_p7_s145,zz_r1_d6,zz,1,6,145,143,noisy_shot,1,128,128,1,global_true_class_log_odds,0.5325785000000001,0.50778605,0.56237585,200,0.079,0.05,0.138,0.099,1000,1000,16,4096000,True,/home/najeeb/chanLira/channel_lira_results/phase7/stage2_primary/noisy_lira/reference_cache/zz_r1_d6_wd0_6482c3f71c0b7debedcc.npz,256000,2026-08-21T21:16:41+08:00,ibm_kingston,7af4abc6763339615cc42bd00fafb532e3c44a31c14bc574c88456a496136a2f,/home/najeeb/chanLira/channel_lira_results/phase7/stage2_primary/noisy_lira/sample_scores/MNIST_QNN_zz_r1_d6_p7_s145_noisy_shot_sim1.npz,0.513,0.0259999999999999,0.475,0.449,1.8240967890819924,5
MNIST_QNN_zz_r1_d6_p7_s145,zz_r1_d6,zz,1,6,145,143,noisy_shot,1,128,128,2,lira_online,0.5307219999999999,0.50792795,0.55547565,200,0.042,0.047,0.107,0.096,1000,1000,16,4096000,True,/home/najeeb/chanLira/channel_lira_results/phase7/stage2_primary/noisy_lira/reference_cache/zz_r1_d6_wd0_6482c3f71c0b7debedcc.npz,256000,2026-08-21T21:16:41+08:00,ibm_kingston,7af4abc6763339615cc42bd00fafb532e3c44a31c14bc574c88456a496136a2f,/home/najeeb/chanLira/channel_lira_results/phase7/stage2_primary/noisy_lira/sample_scores/MNIST_QNN_zz_r1_d6_p7_s145_noisy_shot_sim2.npz,0.533,0.066,0.635,0.569,-0.1710065355803147,5
MNIST_QNN_zz_r1_d6_p7_s145,zz_r1_d6,zz,1,6,145,143,noisy_shot,1,128,128,2,lira_online_fixed_variance,0.5136879999999999,0.489208325,0.5423829250000001,200,0.052,0.05,0.107,0.098,1000,1000,16,4096000,True,/home/najeeb/chanLira/channel_lira_results/phase7/stage2_primary/noisy_lira/reference_cache/zz_r1_d6_wd0_6482c3f71c0b7debedcc.npz,256000,2026-08-21T21:16:41+08:00,ibm_kingston,7af4abc6763339615cc42bd00fafb532e3c44a31c14bc574c88456a496136a2f,/home/najeeb/chanLira/channel_lira_results/phase7/stage2_primary/noisy_lira/sample_scores/MNIST_QNN_zz_r1_d6_p7_s145_noisy_shot_sim2.npz,0.519,0.038,0.757,0.719,-0.2159936109411395,5
MNIST_QNN_zz_r1_d6_p7_s145,zz_r1_d6,zz,1,6,145,143,noisy_shot,1,128,128,2,lira_offline,0.499966,0.475878925,0.5279857250000001,200,0.036,0.048,0.093,0.1,1000,1000,16,4096000,True,/home/najeeb/chanLira/channel_lira_results/phase7/stage2_primary/noisy_lira/reference_cache/zz_r1_d6_wd0_6482c3f71c0b7debedcc.npz,256000,2026-08-21T21:16:41+08:00,ibm_kingston,7af4abc6763339615cc42bd00fafb532e3c44a31c14bc574c88456a496136a2f,/home/najeeb/chanLira/channel_lira_results/phase7/stage2_primary/noisy_lira/sample_scores/MNIST_QNN_zz_r1_d6_p7_s145_noisy_shot_sim2.npz,0.5,0.0,0.745,0.745,1.074207231428228,5
MNIST_QNN_zz_r1_d6_p7_s145,zz_r1_d6,zz,1,6,145,143,noisy_shot,1,128,128,2,lira_offline_fixed_variance,0.489614,0.46389685,0.5153298000000001,200,0.049,0.05,0.089,0.1,1000,1000,16,4096000,True,/home/najeeb/chanLira/channel_lira_results/phase7/stage2_primary/noisy_lira/reference_cache/zz_r1_d6_wd0_6482c3f71c0b7debedcc.npz,256000,2026-08-21T21:16:41+08:00,ibm_kingston,7af4abc6763339615cc42bd00fafb532e3c44a31c14bc574c88456a496136a2f,/home/najeeb/chanLira/channel_lira_results/phase7/stage2_primary/noisy_lira/sample_scores/MNIST_QNN_zz_r1_d6_p7_s145_noisy_shot_sim2.npz,0.4755,-0.0489999999999999,0.562,0.611,1.4579698450237712,5
MNIST_QNN_zz_r1_d6_p7_s145,zz_r1_d6,zz,1,6,145,143,noisy_shot,1,128,128,2,global_true_class_log_odds,0.5413300000000001,0.51904675,0.5621866249999999,200,0.063,0.05,0.114,0.099,1000,1000,16,4096000,True,/home/najeeb/chanLira/channel_lira_results/phase7/stage2_primary/noisy_lira/reference_cache/zz_r1_d6_wd0_6482c3f71c0b7debedcc.npz,256000,2026-08-21T21:16:41+08:00,ibm_kingston,7af4abc6763339615cc42bd00fafb532e3c44a31c14bc574c88456a496136a2f,/home/najeeb/chanLira/channel_lira_results/phase7/stage2_primary/noisy_lira/sample_scores/MNIST_QNN_zz_r1_d6_p7_s145_noisy_shot_sim2.npz,0.5309999999999999,0.0619999999999999,0.573,0.511,1.1297540761689877,5
MNIST_QNN_zz_r1_d6_p7_s145,zz_r1_d6,zz,1,6,145,143,noisy_shot,1,128,128,3,lira_online,0.511618,0.485352825,0.5364879,200,0.063,0.05,0.113,0.098,1000,1000,16,4096000,True,/home/najeeb/chanLira/channel_lira_results/phase7/stage2_primary/noisy_lira/reference_cache/zz_r1_d6_wd0_6482c3f71c0b7debedcc.npz,256000,2026-08-21T21:16:41+08:00,ibm_kingston,7af4abc6763339615cc42bd00fafb532e3c44a31c14bc574c88456a496136a2f,/home/najeeb/chanLira/channel_lira_results/phase7/stage2_primary/noisy_lira/sample_scores/MNIST_QNN_zz_r1_d6_p7_s145_noisy_shot_sim3.npz,0.5075000000000001,0.015,0.768,0.753,-0.7226588532913736,5
MNIST_QNN_zz_r1_d6_p7_s145,zz_r1_d6,zz,1,6,145,143,noisy_shot,1,128,128,3,lira_online_fixed_variance,0.519056,0.4931162,0.5402438500000001,200,0.08,0.049,0.119,0.099,1000,1000,16,4096000,True,/home/najeeb/chanLira/channel_lira_results/phase7/stage2_primary/noisy_lira/reference_cache/zz_r1_d6_wd0_6482c3f71c0b7debedcc.npz,256000,2026-08-21T21:16:41+08:00,ibm_kingston,7af4abc6763339615cc42bd00fafb532e3c44a31c14bc574c88456a496136a2f,/home/najeeb/chanLira/channel_lira_results/phase7/stage2_primary/noisy_lira/sample_scores/MNIST_QNN_zz_r1_d6_p7_s145_noisy_shot_sim3.npz,0.5215,0.0429999999999999,0.817,0.774,-0.3478781109344666,5
MNIST_QNN_zz_r1_d6_p7_s145,zz_r1_d6,zz,1,6,145,143,noisy_shot,1,128,128,3,lira_offline,0.492765,0.471954575,0.5203128499999999,200,0.052,0.05,0.108,0.1,1000,1000,16,4096000,True,/home/najeeb/chanLira/channel_lira_results/phase7/stage2_primary/noisy_lira/reference_cache/zz_r1_d6_wd0_6482c3f71c0b7debedcc.npz,256000,2026-08-21T21:16:41+08:00,ibm_kingston,7af4abc6763339615cc42bd00fafb532e3c44a31c14bc574c88456a496136a2f,/home/najeeb/chanLira/channel_lira_results/phase7/stage2_primary/noisy_lira/sample_scores/MNIST_QNN_zz_r1_d6_p7_s145_noisy_shot_sim3.npz,0.511,0.022,0.812,0.79,1.2401902720366813,5
MNIST_QNN_zz_r1_d6_p7_s145,zz_r1_d6,zz,1,6,145,143,noisy_shot,1,128,128,3,lira_offline_fixed_variance,0.491383,0.467975575,0.518934275,200,0.069,0.046,0.118,0.1,1000,1000,16,4096000,True,/home/najeeb/chanLira/channel_lira_results/phase7/stage2_primary/noisy_lira/reference_cache/zz_r1_d6_wd0_6482c3f71c0b7debedcc.npz,256000,2026-08-21T21:16:41+08:00,ibm_kingston,7af4abc6763339615cc42bd00fafb532e3c44a31c14bc574c88456a496136a2f,/home/najeeb/chanLira/channel_lira_results/phase7/stage2_primary/noisy_lira/sample_scores/MNIST_QNN_zz_r1_d6_p7_s145_noisy_shot_sim3.npz,0.501,0.002,0.248,0.246,2.74004644583197,5
MNIST_QNN_zz_r1_d6_p7_s145,zz_r1_d6,zz,1,6,145,143,noisy_shot,1,128,128,3,global_true_class_log_odds,0.553895,0.5323745750000001,0.576257525,200,0.064,0.05,0.125,0.1,1000,1000,16,4096000,True,/home/najeeb/chanLira/channel_lira_results/phase7/stage2_primary/noisy_lira/reference_cache/zz_r1_d6_wd0_6482c3f71c0b7debedcc.npz,256000,2026-08-21T21:16:41+08:00,ibm_kingston,7af4abc6763339615cc42bd00fafb532e3c44a31c14bc574c88456a496136a2f,/home/najeeb/chanLira/channel_lira_results/phase7/stage2_primary/noisy_lira/sample_scores/MNIST_QNN_zz_r1_d6_p7_s145_noisy_shot_sim3.npz,0.5465,0.093,0.548,0.455,1.0559275737170957,5
MNIST_QNN_zz_r1_d6_p7_s145,zz_r1_d6,zz,1,6,145,143,noisy_shot,1,128,128,4,lira_online,0.501376,0.47731025,0.52674795,200,0.051,0.05,0.111,0.1,1000,1000,16,4096000,True,/home/najeeb/chanLira/channel_lira_results/phase7/stage2_primary/noisy_lira/reference_cache/zz_r1_d6_wd0_6482c3f71c0b7debedcc.npz,256000,2026-08-21T21:16:41+08:00,ibm_kingston,7af4abc6763339615cc42bd00fafb532e3c44a31c14bc574c88456a496136a2f,/home/najeeb/chanLira/channel_lira_results/phase7/stage2_primary/noisy_lira/sample_scores/MNIST_QNN_zz_r1_d6_p7_s145_noisy_shot_sim4.npz,0.5065,0.013,0.841,0.828,-0.7171038761014972,5
MNIST_QNN_zz_r1_d6_p7_s145,zz_r1_d6,zz,1,6,145,143,noisy_shot,1,128,128,4,lira_online_fixed_variance,0.502007,0.47915545,0.527201175,200,0.058,0.05,0.101,0.1,1000,1000,16,4096000,True,/home/najeeb/chanLira/channel_lira_results/phase7/stage2_primary/noisy_lira/reference_cache/zz_r1_d6_wd0_6482c3f71c0b7debedcc.npz,256000,2026-08-21T21:16:41+08:00,ibm_kingston,7af4abc6763339615cc42bd00fafb532e3c44a31c14bc574c88456a496136a2f,/home/najeeb/chanLira/channel_lira_results/phase7/stage2_primary/noisy_lira/sample_scores/MNIST_QNN_zz_r1_d6_p7_s145_noisy_shot_sim4.npz,0.493,-0.014,0.659,0.673,-0.6582426582248417,5
MNIST_QNN_zz_r1_d6_p7_s145,zz_r1_d6,zz,1,6,145,143,noisy_shot,1,128,128,4,lira_offline,0.497946,0.4711361,0.52260245,200,0.044,0.05,0.096,0.1,1000,1000,16,4096000,True,/home/najeeb/chanLira/channel_lira_results/phase7/stage2_primary/noisy_lira/reference_cache/zz_r1_d6_wd0_6482c3f71c0b7debedcc.npz,256000,2026-08-21T21:16:41+08:00,ibm_kingston,7af4abc6763339615cc42bd00fafb532e3c44a31c14bc574c88456a496136a2f,/home/najeeb/chanLira/channel_lira_results/phase7/stage2_primary/noisy_lira/sample_scores/MNIST_QNN_zz_r1_d6_p7_s145_noisy_shot_sim4.npz,0.5025,0.005,0.625,0.62,1.4671776086716637,5
MNIST_QNN_zz_r1_d6_p7_s145,zz_r1_d6,zz,1,6,145,143,noisy_shot,1,128,128,4,lira_offline_fixed_variance,0.50195,0.474325525,0.523774075,200,0.06,0.05,0.093,0.1,1000,1000,16,4096000,True,/home/najeeb/chanLira/channel_lira_results/phase7/stage2_primary/noisy_lira/reference_cache/zz_r1_d6_wd0_6482c3f71c0b7debedcc.npz,256000,2026-08-21T21:16:41+08:00,ibm_kingston,7af4abc6763339615cc42bd00fafb532e3c44a31c14bc574c88456a496136a2f,/home/najeeb/chanLira/channel_lira_results/phase7/stage2_primary/noisy_lira/sample_scores/MNIST_QNN_zz_r1_d6_p7_s145_noisy_shot_sim4.npz,0.518,0.0359999999999999,0.938,0.902,1.2875443382740095,5
MNIST_QNN_zz_r1_d6_p7_s145,zz_r1_d6,zz,1,6,145,143,noisy_shot,1,128,128,4,global_true_class_log_odds,0.534903,0.5071669249999999,0.5614140999999999,200,0.066,0.048,0.128,0.1,1000,1000,16,4096000,True,/home/najeeb/chanLira/channel_lira_results/phase7/stage2_primary/noisy_lira/reference_cache/zz_r1_d6_wd0_6482c3f71c0b7debedcc.npz,256000,2026-08-21T21:16:41+08:00,ibm_kingston,7af4abc6763339615cc42bd00fafb532e3c44a31c14bc574c88456a496136a2f,/home/najeeb/chanLira/channel_lira_results/phase7/stage2_primary/noisy_lira/sample_scores/MNIST_QNN_zz_r1_d6_p7_s145_noisy_shot_sim4.npz,0.525,0.05,0.778,0.728,-0.7488601579606572,5
MNIST_QNN_zz_r1_d6_p7_s145,zz_r1_d6,zz,1,6,145,143,noisy_shot,1,128,128,5,lira_online,0.510953,0.484885025,0.5396780250000001,200,0.064,0.047,0.105,0.1,1000,1000,16,4096000,True,/home/najeeb/chanLira/channel_lira_results/phase7/stage2_primary/noisy_lira/reference_cache/zz_r1_d6_wd0_6482c3f71c0b7debedcc.npz,256000,2026-08-21T21:16:41+08:00,ibm_kingston,7af4abc6763339615cc42bd00fafb532e3c44a31c14bc574c88456a496136a2f,/home/najeeb/chanLira/channel_lira_results/phase7/stage2_primary/noisy_lira/sample_scores/MNIST_QNN_zz_r1_d6_p7_s145_noisy_shot_sim5.npz,0.5035000000000001,0.007,0.358,0.351,0.1231525976163288,5
MNIST_QNN_zz_r1_d6_p7_s145,zz_r1_d6,zz,1,6,145,143,noisy_shot,1,128,128,5,lira_online_fixed_variance,0.49832,0.4742680999999999,0.521636875,200,0.05,0.05,0.099,0.099,1000,1000,16,4096000,True,/home/najeeb/chanLira/channel_lira_results/phase7/stage2_primary/noisy_lira/reference_cache/zz_r1_d6_wd0_6482c3f71c0b7debedcc.npz,256000,2026-08-21T21:16:41+08:00,ibm_kingston,7af4abc6763339615cc42bd00fafb532e3c44a31c14bc574c88456a496136a2f,/home/najeeb/chanLira/channel_lira_results/phase7/stage2_primary/noisy_lira/sample_scores/MNIST_QNN_zz_r1_d6_p7_s145_noisy_shot_sim5.npz,0.4825,-0.0349999999999999,0.465,0.5,0.0527994803681304,5
MNIST_QNN_zz_r1_d6_p7_s145,zz_r1_d6,zz,1,6,145,143,noisy_shot,1,128,128,5,lira_offline,0.512042,0.488207875,0.536756075,200,0.062,0.048,0.126,0.1,1000,1000,16,4096000,True,/home/najeeb/chanLira/channel_lira_results/phase7/stage2_primary/noisy_lira/reference_cache/zz_r1_d6_wd0_6482c3f71c0b7debedcc.npz,256000,2026-08-21T21:16:41+08:00,ibm_kingston,7af4abc6763339615cc42bd00fafb532e3c44a31c14bc574c88456a496136a2f,/home/najeeb/chanLira/channel_lira_results/phase7/stage2_primary/noisy_lira/sample_scores/MNIST_QNN_zz_r1_d6_p7_s145_noisy_shot_sim5.npz,0.507,0.014,0.431,0.417,1.6889290201363822,5
MNIST_QNN_zz_r1_d6_p7_s145,zz_r1_d6,zz,1,6,145,143,noisy_shot,1,128,128,5,lira_offline_fixed_variance,0.50636,0.482030325,0.53385735,200,0.043,0.05,0.098,0.1,1000,1000,16,4096000,True,/home/najeeb/chanLira/channel_lira_results/phase7/stage2_primary/noisy_lira/reference_cache/zz_r1_d6_wd0_6482c3f71c0b7debedcc.npz,256000,2026-08-21T21:16:41+08:00,ibm_kingston,7af4abc6763339615cc42bd00fafb532e3c44a31c14bc574c88456a496136a2f,/home/najeeb/chanLira/channel_lira_results/phase7/stage2_primary/noisy_lira/sample_scores/MNIST_QNN_zz_r1_d6_p7_s145_noisy_shot_sim5.npz,0.4995,-0.001,0.656,0.657,1.3458925383917937,5
MNIST_QNN_zz_r1_d6_p7_s145,zz_r1_d6,zz,1,6,145,143,noisy_shot,1,128,128,5,global_true_class_log_odds,0.5545115,0.5298475874999999,0.5776231,200,0.071,0.049,0.128,0.1,1000,1000,16,4096000,True,/home/najeeb/chanLira/channel_lira_results/phase7/stage2_primary/noisy_lira/reference_cache/zz_r1_d6_wd0_6482c3f71c0b7debedcc.npz,256000,2026-08-21T21:16:41+08:00,ibm_kingston,7af4abc6763339615cc42bd00fafb532e3c44a31c14bc574c88456a496136a2f,/home/najeeb/chanLira/channel_lira_results/phase7/stage2_primary/noisy_lira/sample_scores/MNIST_QNN_zz_r1_d6_p7_s145_noisy_shot_sim5.npz,0.5415,0.0829999999999999,0.423,0.34,2.126600846860552,5
MNIST_QNN_zz_r1_d6_p7_s145,zz_r1_d6,zz,1,6,145,143,noisy_shot,1,128,128,6,lira_online,0.520809,0.497093875,0.5444452000000001,200,0.066,0.05,0.113,0.1,1000,1000,16,4096000,True,/home/najeeb/chanLira/channel_lira_results/phase7/stage2_primary/noisy_lira/reference_cache/zz_r1_d6_wd0_6482c3f71c0b7debedcc.npz,256000,2026-08-21T21:16:41+08:00,ibm_kingston,7af4abc6763339615cc42bd00fafb532e3c44a31c14bc574c88456a496136a2f,/home/najeeb/chanLira/channel_lira_results/phase7/stage2_primary/noisy_lira/sample_scores/MNIST_QNN_zz_r1_d6_p7_s145_noisy_shot_sim6.npz,0.514,0.028,0.551,0.523,-0.0023221570023137,5
MNIST_QNN_zz_r1_d6_p7_s145,zz_r1_d6,zz,1,6,145,143,noisy_shot,1,128,128,6,lira_online_fixed_variance,0.510579,0.484269,0.5346008999999999,200,0.045,0.049,0.09,0.099,1000,1000,16,4096000,True,/home/najeeb/chanLira/channel_lira_results/phase7/stage2_primary/noisy_lira/reference_cache/zz_r1_d6_wd0_6482c3f71c0b7debedcc.npz,256000,2026-08-21T21:16:41+08:00,ibm_kingston,7af4abc6763339615cc42bd00fafb532e3c44a31c14bc574c88456a496136a2f,/home/najeeb/chanLira/channel_lira_results/phase7/stage2_primary/noisy_lira/sample_scores/MNIST_QNN_zz_r1_d6_p7_s145_noisy_shot_sim6.npz,0.504,0.008,0.454,0.446,0.0401583095190034,5
MNIST_QNN_zz_r1_d6_p7_s145,zz_r1_d6,zz,1,6,145,143,noisy_shot,1,128,128,6,lira_offline,0.517767,0.49770595,0.5434271500000001,200,0.059,0.05,0.089,0.098,1000,1000,16,4096000,True,/home/najeeb/chanLira/channel_lira_results/phase7/stage2_primary/noisy_lira/reference_cache/zz_r1_d6_wd0_6482c3f71c0b7debedcc.npz,256000,2026-08-21T21:16:41+08:00,ibm_kingston,7af4abc6763339615cc42bd00fafb532e3c44a31c14bc574c88456a496136a2f,/home/najeeb/chanLira/channel_lira_results/phase7/stage2_primary/noisy_lira/sample_scores/MNIST_QNN_zz_r1_d6_p7_s145_noisy_shot_sim6.npz,0.5115000000000001,0.023,0.764,0.741,1.1202327955075035,5
MNIST_QNN_zz_r1_d6_p7_s145,zz_r1_d6,zz,1,6,145,143,noisy_shot,1,128,128,6,lira_offline_fixed_variance,0.5188520000000001,0.49529175,0.542309,200,0.05,0.048,0.096,0.1,1000,1000,16,4096000,True,/home/najeeb/chanLira/channel_lira_results/phase7/stage2_primary/noisy_lira/reference_cache/zz_r1_d6_wd0_6482c3f71c0b7debedcc.npz,256000,2026-08-21T21:16:41+08:00,ibm_kingston,7af4abc6763339615cc42bd00fafb532e3c44a31c14bc574c88456a496136a2f,/home/najeeb/chanLira/channel_lira_results/phase7/stage2_primary/noisy_lira/sample_scores/MNIST_QNN_zz_r1_d6_p7_s145_noisy_shot_sim6.npz,0.5155000000000001,0.031,0.681,0.65,1.399796716837038,5
MNIST_QNN_zz_r1_d6_p7_s145,zz_r1_d6,zz,1,6,145,143,noisy_shot,1,128,128,6,global_true_class_log_odds,0.542847,0.51754915,0.5652425000000001,200,0.085,0.049,0.155,0.1,1000,1000,16,4096000,True,/home/najeeb/chanLira/channel_lira_results/phase7/stage2_primary/noisy_lira/reference_cache/zz_r1_d6_wd0_6482c3f71c0b7debedcc.npz,256000,2026-08-21T21:16:41+08:00,ibm_kingston,7af4abc6763339615cc42bd00fafb532e3c44a31c14bc574c88456a496136a2f,/home/najeeb/chanLira/channel_lira_results/phase7/stage2_primary/noisy_lira/sample_scores/MNIST_QNN_zz_r1_d6_p7_s145_noisy_shot_sim6.npz,0.513,0.0259999999999999,0.569,0.543,1.1696822198473165,5
MNIST_QNN_zz_r1_d6_p7_s145,zz_r1_d6,zz,1,6,145,143,noisy_shot,1,128,128,7,lira_online,0.520891,0.493461475,0.5477628,200,0.07,0.049,0.128,0.099,1000,1000,16,4096000,True,/home/najeeb/chanLira/channel_lira_results/phase7/stage2_primary/noisy_lira/reference_cache/zz_r1_d6_wd0_6482c3f71c0b7debedcc.npz,256000,2026-08-21T21:16:41+08:00,ibm_kingston,7af4abc6763339615cc42bd00fafb532e3c44a31c14bc574c88456a496136a2f,/home/najeeb/chanLira/channel_lira_results/phase7/stage2_primary/noisy_lira/sample_scores/MNIST_QNN_zz_r1_d6_p7_s145_noisy_shot_sim7.npz,0.504,0.008,0.377,0.369,0.2790135412020653,5
MNIST_QNN_zz_r1_d6_p7_s145,zz_r1_d6,zz,1,6,145,143,noisy_shot,1,128,128,7,lira_online_fixed_variance,0.512613,0.4900962,0.547054075,200,0.074,0.049,0.108,0.093,1000,1000,16,4096000,True,/home/najeeb/chanLira/channel_lira_results/phase7/stage2_primary/noisy_lira/reference_cache/zz_r1_d6_wd0_6482c3f71c0b7debedcc.npz,256000,2026-08-21T21:16:41+08:00,ibm_kingston,7af4abc6763339615cc42bd00fafb532e3c44a31c14bc574c88456a496136a2f,/home/najeeb/chanLira/channel_lira_results/phase7/stage2_primary/noisy_lira/sample_scores/MNIST_QNN_zz_r1_d6_p7_s145_noisy_shot_sim7.npz,0.501,0.002,0.195,0.193,0.8438798183680127,5
MNIST_QNN_zz_r1_d6_p7_s145,zz_r1_d6,zz,1,6,145,143,noisy_shot,1,128,128,7,lira_offline,0.521816,0.4967157,0.5480819,200,0.048,0.05,0.107,0.098,1000,1000,16,4096000,True,/home/najeeb/chanLira/channel_lira_results/phase7/stage2_primary/noisy_lira/reference_cache/zz_r1_d6_wd0_6482c3f71c0b7debedcc.npz,256000,2026-08-21T21:16:41+08:00,ibm_kingston,7af4abc6763339615cc42bd00fafb532e3c44a31c14bc574c88456a496136a2f,/home/najeeb/chanLira/channel_lira_results/phase7/stage2_primary/noisy_lira/sample_scores/MNIST_QNN_zz_r1_d6_p7_s145_noisy_shot_sim7.npz,0.5075000000000001,0.015,0.502,0.487,1.518439377702438,5
MNIST_QNN_zz_r1_d6_p7_s145,zz_r1_d6,zz,1,6,145,143,noisy_shot,1,128,128,7,lira_offline_fixed_variance,0.512691,0.4892303249999999,0.535375575,200,0.062,0.049,0.119,0.099,1000,1000,16,4096000,True,/home/najeeb/chanLira/channel_lira_results/phase7/stage2_primary/noisy_lira/reference_cache/zz_r1_d6_wd0_6482c3f71c0b7debedcc.npz,256000,2026-08-21T21:16:41+08:00,ibm_kingston,7af4abc6763339615cc42bd00fafb532e3c44a31c14bc574c88456a496136a2f,/home/najeeb/chanLira/channel_lira_results/phase7/stage2_primary/noisy_lira/sample_scores/MNIST_QNN_zz_r1_d6_p7_s145_noisy_shot_sim7.npz,0.4945,-0.0109999999999999,0.459,0.47,1.5529397244149292,5
MNIST_QNN_zz_r1_d6_p7_s145,zz_r1_d6,zz,1,6,145,143,noisy_shot,1,128,128,7,global_true_class_log_odds,0.5360919999999999,0.5164326250000001,0.5624722,200,0.07,0.05,0.136,0.1,1000,1000,16,4096000,True,/home/najeeb/chanLira/channel_lira_results/phase7/stage2_primary/noisy_lira/reference_cache/zz_r1_d6_wd0_6482c3f71c0b7debedcc.npz,256000,2026-08-21T21:16:41+08:00,ibm_kingston,7af4abc6763339615cc42bd00fafb532e3c44a31c14bc574c88456a496136a2f,/home/najeeb/chanLira/channel_lira_results/phase7/stage2_primary/noisy_lira/sample_scores/MNIST_QNN_zz_r1_d6_p7_s145_noisy_shot_sim7.npz,0.518,0.0359999999999999,0.377,0.341,2.445675518613719,5
MNIST_QNN_zz_r1_d6_p7_s145,zz_r1_d6,zz,1,6,145,143,noisy_shot,1,128,128,8,lira_online,0.5062450000000001,0.4781984,0.532149625,200,0.041,0.05,0.105,0.099,1000,1000,16,4096000,True,/home/najeeb/chanLira/channel_lira_results/phase7/stage2_primary/noisy_lira/reference_cache/zz_r1_d6_wd0_6482c3f71c0b7debedcc.npz,256000,2026-08-21T21:16:41+08:00,ibm_kingston,7af4abc6763339615cc42bd00fafb532e3c44a31c14bc574c88456a496136a2f,/home/najeeb/chanLira/channel_lira_results/phase7/stage2_primary/noisy_lira/sample_scores/MNIST_QNN_zz_r1_d6_p7_s145_noisy_shot_sim8.npz,0.5015000000000001,0.003,0.756,0.753,-0.9105660418396104,5
MNIST_QNN_zz_r1_d6_p7_s145,zz_r1_d6,zz,1,6,145,143,noisy_shot,1,128,128,8,lira_online_fixed_variance,0.51308,0.49015785,0.5381942500000001,200,0.053,0.048,0.1,0.1,1000,1000,16,4096000,True,/home/najeeb/chanLira/channel_lira_results/phase7/stage2_primary/noisy_lira/reference_cache/zz_r1_d6_wd0_6482c3f71c0b7debedcc.npz,256000,2026-08-21T21:16:41+08:00,ibm_kingston,7af4abc6763339615cc42bd00fafb532e3c44a31c14bc574c88456a496136a2f,/home/najeeb/chanLira/channel_lira_results/phase7/stage2_primary/noisy_lira/sample_scores/MNIST_QNN_zz_r1_d6_p7_s145_noisy_shot_sim8.npz,0.508,0.016,0.55,0.534,0.0655350730964492,5
MNIST_QNN_zz_r1_d6_p7_s145,zz_r1_d6,zz,1,6,145,143,noisy_shot,1,128,128,8,lira_offline,0.503997,0.4775755,0.52989805,200,0.038,0.049,0.09,0.1,1000,1000,16,4096000,True,/home/najeeb/chanLira/channel_lira_results/phase7/stage2_primary/noisy_lira/reference_cache/zz_r1_d6_wd0_6482c3f71c0b7debedcc.npz,256000,2026-08-21T21:16:41+08:00,ibm_kingston,7af4abc6763339615cc42bd00fafb532e3c44a31c14bc574c88456a496136a2f,/home/najeeb/chanLira/channel_lira_results/phase7/stage2_primary/noisy_lira/sample_scores/MNIST_QNN_zz_r1_d6_p7_s145_noisy_shot_sim8.npz,0.4894999999999999,-0.021,0.695,0.716,1.3344753047558369,5
MNIST_QNN_zz_r1_d6_p7_s145,zz_r1_d6,zz,1,6,145,143,noisy_shot,1,128,128,8,lira_offline_fixed_variance,0.504351,0.476624425,0.5304361249999999,200,0.047,0.048,0.095,0.095,1000,1000,16,4096000,True,/home/najeeb/chanLira/channel_lira_results/phase7/stage2_primary/noisy_lira/reference_cache/zz_r1_d6_wd0_6482c3f71c0b7debedcc.npz,256000,2026-08-21T21:16:41+08:00,ibm_kingston,7af4abc6763339615cc42bd00fafb532e3c44a31c14bc574c88456a496136a2f,/home/najeeb/chanLira/channel_lira_results/phase7/stage2_primary/noisy_lira/sample_scores/MNIST_QNN_zz_r1_d6_p7_s145_noisy_shot_sim8.npz,0.494,-0.012,0.497,0.509,1.7752471977211672,5
MNIST_QNN_zz_r1_d6_p7_s145,zz_r1_d6,zz,1,6,145,143,noisy_shot,1,128,128,8,global_true_class_log_odds,0.539222,0.51364365,0.5602844250000001,200,0.08,0.05,0.13,0.098,1000,1000,16,4096000,True,/home/najeeb/chanLira/channel_lira_results/phase7/stage2_primary/noisy_lira/reference_cache/zz_r1_d6_wd0_6482c3f71c0b7debedcc.npz,256000,2026-08-21T21:16:41+08:00,ibm_kingston,7af4abc6763339615cc42bd00fafb532e3c44a31c14bc574c88456a496136a2f,/home/najeeb/chanLira/channel_lira_results/phase7/stage2_primary/noisy_lira/sample_scores/MNIST_QNN_zz_r1_d6_p7_s145_noisy_shot_sim8.npz,0.5165,0.033,0.633,0.6,0.5535244486137134,5
MNIST_QNN_zz_r1_d6_p7_s145,zz_r1_d6,zz,1,6,145,143,noisy_shot,1,128,128,9,lira_online,0.517595,0.49517215,0.5447397,200,0.063,0.049,0.12,0.1,1000,1000,16,4096000,True,/home/najeeb/chanLira/channel_lira_results/phase7/stage2_primary/noisy_lira/reference_cache/zz_r1_d6_wd0_6482c3f71c0b7debedcc.npz,256000,2026-08-21T21:16:41+08:00,ibm_kingston,7af4abc6763339615cc42bd00fafb532e3c44a31c14bc574c88456a496136a2f,/home/najeeb/chanLira/channel_lira_results/phase7/stage2_primary/noisy_lira/sample_scores/MNIST_QNN_zz_r1_d6_p7_s145_noisy_shot_sim9.npz,0.506,0.0119999999999999,0.207,0.195,0.6482505875752891,5
MNIST_QNN_zz_r1_d6_p7_s145,zz_r1_d6,zz,1,6,145,143,noisy_shot,1,128,128,9,lira_online_fixed_variance,0.515624,0.4886725,0.5464059250000001,200,0.066,0.05,0.123,0.099,1000,1000,16,4096000,True,/home/najeeb/chanLira/channel_lira_results/phase7/stage2_primary/noisy_lira/reference_cache/zz_r1_d6_wd0_6482c3f71c0b7debedcc.npz,256000,2026-08-21T21:16:41+08:00,ibm_kingston,7af4abc6763339615cc42bd00fafb532e3c44a31c14bc574c88456a496136a2f,/home/najeeb/chanLira/channel_lira_results/phase7/stage2_primary/noisy_lira/sample_scores/MNIST_QNN_zz_r1_d6_p7_s145_noisy_shot_sim9.npz,0.5025,0.0049999999999998,0.563,0.558,-0.2459873254291733,5
MNIST_QNN_zz_r1_d6_p7_s145,zz_r1_d6,zz,1,6,145,143,noisy_shot,1,128,128,9,lira_offline,0.509814,0.4863834,0.5358128,200,0.058,0.049,0.111,0.1,1000,1000,16,4096000,True,/home/najeeb/chanLira/channel_lira_results/phase7/stage2_primary/noisy_lira/reference_cache/zz_r1_d6_wd0_6482c3f71c0b7debedcc.npz,256000,2026-08-21T21:16:41+08:00,ibm_kingston,7af4abc6763339615cc42bd00fafb532e3c44a31c14bc574c88456a496136a2f,/home/najeeb/chanLira/channel_lira_results/phase7/stage2_primary/noisy_lira/sample_scores/MNIST_QNN_zz_r1_d6_p7_s145_noisy_shot_sim9.npz,0.489,-0.022,0.617,0.639,1.467621797155917,5
MNIST_QNN_zz_r1_d6_p7_s145,zz_r1_d6,zz,1,6,145,143,noisy_shot,1,128,128,9,lira_offline_fixed_variance,0.513458,0.4834151,0.535287,200,0.054,0.048,0.109,0.096,1000,1000,16,4096000,True,/home/najeeb/chanLira/channel_lira_results/phase7/stage2_primary/noisy_lira/reference_cache/zz_r1_d6_wd0_6482c3f71c0b7debedcc.npz,256000,2026-08-21T21:16:41+08:00,ibm_kingston,7af4abc6763339615cc42bd00fafb532e3c44a31c14bc574c88456a496136a2f,/home/najeeb/chanLira/channel_lira_results/phase7/stage2_primary/noisy_lira/sample_scores/MNIST_QNN_zz_r1_d6_p7_s145_noisy_shot_sim9.npz,0.5025,0.005,0.721,0.716,1.3177331224201838,5
MNIST_QNN_zz_r1_d6_p7_s145,zz_r1_d6,zz,1,6,145,143,noisy_shot,1,128,128,9,global_true_class_log_odds,0.5567340000000001,0.5339946,0.574708,200,0.084,0.05,0.132,0.1,1000,1000,16,4096000,True,/home/najeeb/chanLira/channel_lira_results/phase7/stage2_primary/noisy_lira/reference_cache/zz_r1_d6_wd0_6482c3f71c0b7debedcc.npz,256000,2026-08-21T21:16:41+08:00,ibm_kingston,7af4abc6763339615cc42bd00fafb532e3c44a31c14bc574c88456a496136a2f,/home/najeeb/chanLira/channel_lira_results/phase7/stage2_primary/noisy_lira/sample_scores/MNIST_QNN_zz_r1_d6_p7_s145_noisy_shot_sim9.npz,0.522,0.0439999999999999,0.424,0.38,2.745455820632256,5
MNIST_QNN_zz_r5_d6_p7_s143,zz_r5_d6,zz,5,6,143,143,noisy_shot,1,128,128,0,lira_online,0.529905,0.50206805,0.555452325,200,0.067,0.047,0.122,0.098,1000,1000,16,4096000,False,/home/najeeb/chanLira/channel_lira_results/phase7/stage2_primary/noisy_lira/reference_cache/zz_r5_d6_wd0_f7a41cc6e435555da191.npz,256000,2026-08-21T21:16:41+08:00,ibm_kingston,7af4abc6763339615cc42bd00fafb532e3c44a31c14bc574c88456a496136a2f,/home/najeeb/chanLira/channel_lira_results/phase7/stage2_primary/noisy_lira/sample_scores/MNIST_QNN_zz_r5_d6_p7_s143_noisy_shot_sim0.npz,0.5155,0.0309999999999999,0.821,0.79,-0.6138975818733314,5
MNIST_QNN_zz_r5_d6_p7_s143,zz_r5_d6,zz,5,6,143,143,noisy_shot,1,128,128,0,lira_online_fixed_variance,0.5302990000000001,0.50360455,0.55752655,200,0.075,0.05,0.137,0.099,1000,1000,16,4096000,False,/home/najeeb/chanLira/channel_lira_results/phase7/stage2_primary/noisy_lira/reference_cache/zz_r5_d6_wd0_f7a41cc6e435555da191.npz,256000,2026-08-21T21:16:41+08:00,ibm_kingston,7af4abc6763339615cc42bd00fafb532e3c44a31c14bc574c88456a496136a2f,/home/najeeb/chanLira/channel_lira_results/phase7/stage2_primary/noisy_lira/sample_scores/MNIST_QNN_zz_r5_d6_p7_s143_noisy_shot_sim0.npz,0.5155,0.031,0.443,0.412,0.2524069126653069,5
MNIST_QNN_zz_r5_d6_p7_s143,zz_r5_d6,zz,5,6,143,143,noisy_shot,1,128,128,0,lira_offline,0.522863,0.498560625,0.5464274,200,0.054,0.05,0.119,0.098,1000,1000,16,4096000,False,/home/najeeb/chanLira/channel_lira_results/phase7/stage2_primary/noisy_lira/reference_cache/zz_r5_d6_wd0_f7a41cc6e435555da191.npz,256000,2026-08-21T21:16:41+08:00,ibm_kingston,7af4abc6763339615cc42bd00fafb532e3c44a31c14bc574c88456a496136a2f,/home/najeeb/chanLira/channel_lira_results/phase7/stage2_primary/noisy_lira/sample_scores/MNIST_QNN_zz_r5_d6_p7_s143_noisy_shot_sim0.npz,0.5135000000000001,0.027,0.376,0.349,1.674627688044752,5
MNIST_QNN_zz_r5_d6_p7_s143,zz_r5_d6,zz,5,6,143,143,noisy_shot,1,128,128,0,lira_offline_fixed_variance,0.519178,0.496406775,0.5444076,200,0.055,0.045,0.116,0.1,1000,1000,16,4096000,False,/home/najeeb/chanLira/channel_lira_results/phase7/stage2_primary/noisy_lira/reference_cache/zz_r5_d6_wd0_f7a41cc6e435555da191.npz,256000,2026-08-21T21:16:41+08:00,ibm_kingston,7af4abc6763339615cc42bd00fafb532e3c44a31c14bc574c88456a496136a2f,/home/najeeb/chanLira/channel_lira_results/phase7/stage2_primary/noisy_lira/sample_scores/MNIST_QNN_zz_r5_d6_p7_s143_noisy_shot_sim0.npz,0.52,0.04,0.397,0.357,1.4185053533256586,5
MNIST_QNN_zz_r5_d6_p7_s143,zz_r5_d6,zz,5,6,143,143,noisy_shot,1,128,128,0,global_true_class_log_odds,0.56133,0.53797345,0.589012525,200,0.084,0.049,0.152,0.099,1000,1000,16,4096000,False,/home/najeeb/chanLira/channel_lira_results/phase7/stage2_primary/noisy_lira/reference_cache/zz_r5_d6_wd0_f7a41cc6e435555da191.npz,256000,2026-08-21T21:16:41+08:00,ibm_kingston,7af4abc6763339615cc42bd00fafb532e3c44a31c14bc574c88456a496136a2f,/home/najeeb/chanLira/channel_lira_results/phase7/stage2_primary/noisy_lira/sample_scores/MNIST_QNN_zz_r5_d6_p7_s143_noisy_shot_sim0.npz,0.5515,0.103,0.454,0.351,0.0366733640264076,5
MNIST_QNN_zz_r5_d6_p7_s143,zz_r5_d6,zz,5,6,143,143,noisy_shot,1,128,128,1,lira_online,0.5135190000000001,0.49072595,0.53831275,200,0.042,0.049,0.107,0.1,1000,1000,16,4096000,False,/home/najeeb/chanLira/channel_lira_results/phase7/stage2_primary/noisy_lira/reference_cache/zz_r5_d6_wd0_f7a41cc6e435555da191.npz,256000,2026-08-21T21:16:41+08:00,ibm_kingston,7af4abc6763339615cc42bd00fafb532e3c44a31c14bc574c88456a496136a2f,/home/najeeb/chanLira/channel_lira_results/phase7/stage2_primary/noisy_lira/sample_scores/MNIST_QNN_zz_r5_d6_p7_s143_noisy_shot_sim1.npz,0.504,0.008,0.618,0.61,-0.3117102027857464,5
MNIST_QNN_zz_r5_d6_p7_s143,zz_r5_d6,zz,5,6,143,143,noisy_shot,1,128,128,1,lira_online_fixed_variance,0.530282,0.505959125,0.5510322249999999,200,0.071,0.05,0.123,0.099,1000,1000,16,4096000,False,/home/najeeb/chanLira/channel_lira_results/phase7/stage2_primary/noisy_lira/reference_cache/zz_r5_d6_wd0_f7a41cc6e435555da191.npz,256000,2026-08-21T21:16:41+08:00,ibm_kingston,7af4abc6763339615cc42bd00fafb532e3c44a31c14bc574c88456a496136a2f,/home/najeeb/chanLira/channel_lira_results/phase7/stage2_primary/noisy_lira/sample_scores/MNIST_QNN_zz_r5_d6_p7_s143_noisy_shot_sim1.npz,0.5095,0.019,0.427,0.408,0.1959116178218807,5
MNIST_QNN_zz_r5_d6_p7_s143,zz_r5_d6,zz,5,6,143,143,noisy_shot,1,128,128,1,lira_offline,0.507981,0.485866875,0.531968275,200,0.053,0.05,0.108,0.1,1000,1000,16,4096000,False,/home/najeeb/chanLira/channel_lira_results/phase7/stage2_primary/noisy_lira/reference_cache/zz_r5_d6_wd0_f7a41cc6e435555da191.npz,256000,2026-08-21T21:16:41+08:00,ibm_kingston,7af4abc6763339615cc42bd00fafb532e3c44a31c14bc574c88456a496136a2f,/home/najeeb/chanLira/channel_lira_results/phase7/stage2_primary/noisy_lira/sample_scores/MNIST_QNN_zz_r5_d6_p7_s143_noisy_shot_sim1.npz,0.4984999999999999,-0.003,0.41,0.413,1.5488847418482234,5
MNIST_QNN_zz_r5_d6_p7_s143,zz_r5_d6,zz,5,6,143,143,noisy_shot,1,128,128,1,lira_offline_fixed_variance,0.515003,0.4896446,0.5413842,200,0.063,0.05,0.121,0.1,1000,1000,16,4096000,False,/home/najeeb/chanLira/channel_lira_results/phase7/stage2_primary/noisy_lira/reference_cache/zz_r5_d6_wd0_f7a41cc6e435555da191.npz,256000,2026-08-21T21:16:41+08:00,ibm_kingston,7af4abc6763339615cc42bd00fafb532e3c44a31c14bc574c88456a496136a2f,/home/najeeb/chanLira/channel_lira_results/phase7/stage2_primary/noisy_lira/sample_scores/MNIST_QNN_zz_r5_d6_p7_s143_noisy_shot_sim1.npz,0.5245,0.0489999999999999,0.418,0.369,1.4343631040497375,5
MNIST_QNN_zz_r5_d6_p7_s143,zz_r5_d6,zz,5,6,143,143,noisy_shot,1,128,128,1,global_true_class_log_odds,0.5483100000000001,0.52468405,0.571237375,200,0.077,0.05,0.152,0.099,1000,1000,16,4096000,False,/home/najeeb/chanLira/channel_lira_results/phase7/stage2_primary/noisy_lira/reference_cache/zz_r5_d6_wd0_f7a41cc6e435555da191.npz,256000,2026-08-21T21:16:41+08:00,ibm_kingston,7af4abc6763339615cc42bd00fafb532e3c44a31c14bc574c88456a496136a2f,/home/najeeb/chanLira/channel_lira_results/phase7/stage2_primary/noisy_lira/sample_scores/MNIST_QNN_zz_r5_d6_p7_s143_noisy_shot_sim1.npz,0.5165,0.0329999999999999,0.497,0.464,-0.4416085546339259,5
MNIST_QNN_zz_r5_d6_p7_s143,zz_r5_d6,zz,5,6,143,143,noisy_shot,1,128,128,2,lira_online,0.528575,0.4998003,0.555603725,200,0.068,0.049,0.124,0.095,1000,1000,16,4096000,False,/home/najeeb/chanLira/channel_lira_results/phase7/stage2_primary/noisy_lira/reference_cache/zz_r5_d6_wd0_f7a41cc6e435555da191.npz,256000,2026-08-21T21:16:41+08:00,ibm_kingston,7af4abc6763339615cc42bd00fafb532e3c44a31c14bc574c88456a496136a2f,/home/najeeb/chanLira/channel_lira_results/phase7/stage2_primary/noisy_lira/sample_scores/MNIST_QNN_zz_r5_d6_p7_s143_noisy_shot_sim2.npz,0.526,0.0519999999999999,0.848,0.796,-0.7237855592274678,5
MNIST_QNN_zz_r5_d6_p7_s143,zz_r5_d6,zz,5,6,143,143,noisy_shot,1,128,128,2,lira_online_fixed_variance,0.530667,0.5053106,0.55319065,200,0.089,0.05,0.141,0.1,1000,1000,16,4096000,False,/home/najeeb/chanLira/channel_lira_results/phase7/stage2_primary/noisy_lira/reference_cache/zz_r5_d6_wd0_f7a41cc6e435555da191.npz,256000,2026-08-21T21:16:41+08:00,ibm_kingston,7af4abc6763339615cc42bd00fafb532e3c44a31c14bc574c88456a496136a2f,/home/najeeb/chanLira/channel_lira_results/phase7/stage2_primary/noisy_lira/sample_scores/MNIST_QNN_zz_r5_d6_p7_s143_noisy_shot_sim2.npz,0.532,0.0639999999999999,0.829,0.765,-0.3516446740733807,5
MNIST_QNN_zz_r5_d6_p7_s143,zz_r5_d6,zz,5,6,143,143,noisy_shot,1,128,128,2,lira_offline,0.5106850000000001,0.489102775,0.5337773,200,0.063,0.05,0.128,0.1,1000,1000,16,4096000,False,/home/najeeb/chanLira/channel_lira_results/phase7/stage2_primary/noisy_lira/reference_cache/zz_r5_d6_wd0_f7a41cc6e435555da191.npz,256000,2026-08-21T21:16:41+08:00,ibm_kingston,7af4abc6763339615cc42bd00fafb532e3c44a31c14bc574c88456a496136a2f,/home/najeeb/chanLira/channel_lira_results/phase7/stage2_primary/noisy_lira/sample_scores/MNIST_QNN_zz_r5_d6_p7_s143_noisy_shot_sim2.npz,0.526,0.052,0.26,0.208,2.0559116370813366,5
MNIST_QNN_zz_r5_d6_p7_s143,zz_r5_d6,zz,5,6,143,143,noisy_shot,1,128,128,2,lira_offline_fixed_variance,0.5034810000000001,0.48085675,0.53079895,200,0.077,0.05,0.124,0.099,1000,1000,16,4096000,False,/home/najeeb/chanLira/channel_lira_results/phase7/stage2_primary/noisy_lira/reference_cache/zz_r5_d6_wd0_f7a41cc6e435555da191.npz,256000,2026-08-21T21:16:41+08:00,ibm_kingston,7af4abc6763339615cc42bd00fafb532e3c44a31c14bc574c88456a496136a2f,/home/najeeb/chanLira/channel_lira_results/phase7/stage2_primary/noisy_lira/sample_scores/MNIST_QNN_zz_r5_d6_p7_s143_noisy_shot_sim2.npz,0.5065,0.013,0.321,0.308,1.477612107531923,5
MNIST_QNN_zz_r5_d6_p7_s143,zz_r5_d6,zz,5,6,143,143,noisy_shot,1,128,128,2,global_true_class_log_odds,0.556855,0.530760875,0.5801731000000001,200,0.06,0.05,0.116,0.096,1000,1000,16,4096000,False,/home/najeeb/chanLira/channel_lira_results/phase7/stage2_primary/noisy_lira/reference_cache/zz_r5_d6_wd0_f7a41cc6e435555da191.npz,256000,2026-08-21T21:16:41+08:00,ibm_kingston,7af4abc6763339615cc42bd00fafb532e3c44a31c14bc574c88456a496136a2f,/home/najeeb/chanLira/channel_lira_results/phase7/stage2_primary/noisy_lira/sample_scores/MNIST_QNN_zz_r5_d6_p7_s143_noisy_shot_sim2.npz,0.5489999999999999,0.098,0.506,0.408,-0.1494400230853279,5
MNIST_QNN_zz_r5_d6_p7_s143,zz_r5_d6,zz,5,6,143,143,noisy_shot,1,128,128,3,lira_online,0.5148900000000001,0.4917014249999999,0.545419825,200,0.056,0.05,0.098,0.098,1000,1000,16,4096000,False,/home/najeeb/chanLira/channel_lira_results/phase7/stage2_primary/noisy_lira/reference_cache/zz_r5_d6_wd0_f7a41cc6e435555da191.npz,256000,2026-08-21T21:16:41+08:00,ibm_kingston,7af4abc6763339615cc42bd00fafb532e3c44a31c14bc574c88456a496136a2f,/home/najeeb/chanLira/channel_lira_results/phase7/stage2_primary/noisy_lira/sample_scores/MNIST_QNN_zz_r5_d6_p7_s143_noisy_shot_sim3.npz,0.496,-0.008,0.6,0.608,-0.5849814932343013,5
MNIST_QNN_zz_r5_d6_p7_s143,zz_r5_d6,zz,5,6,143,143,noisy_shot,1,128,128,3,lira_online_fixed_variance,0.532084,0.50718495,0.557341775,200,0.071,0.05,0.104,0.1,1000,1000,16,4096000,False,/home/najeeb/chanLira/channel_lira_results/phase7/stage2_primary/noisy_lira/reference_cache/zz_r5_d6_wd0_f7a41cc6e435555da191.npz,256000,2026-08-21T21:16:41+08:00,ibm_kingston,7af4abc6763339615cc42bd00fafb532e3c44a31c14bc574c88456a496136a2f,/home/najeeb/chanLira/channel_lira_results/phase7/stage2_primary/noisy_lira/sample_scores/MNIST_QNN_zz_r5_d6_p7_s143_noisy_shot_sim3.npz,0.5365,0.073,0.513,0.44,0.0328734331784372,5
MNIST_QNN_zz_r5_d6_p7_s143,zz_r5_d6,zz,5,6,143,143,noisy_shot,1,128,128,3,lira_offline,0.49249,0.46795795,0.517905925,200,0.063,0.05,0.111,0.099,1000,1000,16,4096000,False,/home/najeeb/chanLira/channel_lira_results/phase7/stage2_primary/noisy_lira/reference_cache/zz_r5_d6_wd0_f7a41cc6e435555da191.npz,256000,2026-08-21T21:16:41+08:00,ibm_kingston,7af4abc6763339615cc42bd00fafb532e3c44a31c14bc574c88456a496136a2f,/home/najeeb/chanLira/channel_lira_results/phase7/stage2_primary/noisy_lira/sample_scores/MNIST_QNN_zz_r5_d6_p7_s143_noisy_shot_sim3.npz,0.5,0.0,0.622,0.622,0.9077521158685462,5
MNIST_QNN_zz_r5_d6_p7_s143,zz_r5_d6,zz,5,6,143,143,noisy_shot,1,128,128,3,lira_offline_fixed_variance,0.4847559999999999,0.4614382,0.510216825,200,0.048,0.046,0.096,0.1,1000,1000,16,4096000,False,/home/najeeb/chanLira/channel_lira_results/phase7/stage2_primary/noisy_lira/reference_cache/zz_r5_d6_wd0_f7a41cc6e435555da191.npz,256000,2026-08-21T21:16:41+08:00,ibm_kingston,7af4abc6763339615cc42bd00fafb532e3c44a31c14bc574c88456a496136a2f,/home/najeeb/chanLira/channel_lira_results/phase7/stage2_primary/noisy_lira/sample_scores/MNIST_QNN_zz_r5_d6_p7_s143_noisy_shot_sim3.npz,0.4915,-0.0169999999999999,0.155,0.172,2.159759159505159,5
MNIST_QNN_zz_r5_d6_p7_s143,zz_r5_d6,zz,5,6,143,143,noisy_shot,1,128,128,3,global_true_class_log_odds,0.561375,0.5340736,0.586980375,200,0.068,0.049,0.133,0.099,1000,1000,16,4096000,False,/home/najeeb/chanLira/channel_lira_results/phase7/stage2_primary/noisy_lira/reference_cache/zz_r5_d6_wd0_f7a41cc6e435555da191.npz,256000,2026-08-21T21:16:41+08:00,ibm_kingston,7af4abc6763339615cc42bd00fafb532e3c44a31c14bc574c88456a496136a2f,/home/najeeb/chanLira/channel_lira_results/phase7/stage2_primary/noisy_lira/sample_scores/MNIST_QNN_zz_r5_d6_p7_s143_noisy_shot_sim3.npz,0.5529999999999999,0.1059999999999999,0.632,0.526,-0.5334328590344072,5
MNIST_QNN_zz_r5_d6_p7_s143,zz_r5_d6,zz,5,6,143,143,noisy_shot,1,128,128,4,lira_online,0.530088,0.5033476,0.55995255,200,0.054,0.048,0.1,0.1,1000,1000,16,4096000,False,/home/najeeb/chanLira/channel_lira_results/phase7/stage2_primary/noisy_lira/reference_cache/zz_r5_d6_wd0_f7a41cc6e435555da191.npz,256000,2026-08-21T21:16:41+08:00,ibm_kingston,7af4abc6763339615cc42bd00fafb532e3c44a31c14bc574c88456a496136a2f,/home/najeeb/chanLira/channel_lira_results/phase7/stage2_primary/noisy_lira/sample_scores/MNIST_QNN_zz_r5_d6_p7_s143_noisy_shot_sim4.npz,0.5165,0.0329999999999999,0.702,0.669,-0.3236205017776291,5
MNIST_QNN_zz_r5_d6_p7_s143,zz_r5_d6,zz,5,6,143,143,noisy_shot,1,128,128,4,lira_online_fixed_variance,0.520132,0.49634665,0.54221155,200,0.073,0.048,0.134,0.099,1000,1000,16,4096000,False,/home/najeeb/chanLira/channel_lira_results/phase7/stage2_primary/noisy_lira/reference_cache/zz_r5_d6_wd0_f7a41cc6e435555da191.npz,256000,2026-08-21T21:16:41+08:00,ibm_kingston,7af4abc6763339615cc42bd00fafb532e3c44a31c14bc574c88456a496136a2f,/home/najeeb/chanLira/channel_lira_results/phase7/stage2_primary/noisy_lira/sample_scores/MNIST_QNN_zz_r5_d6_p7_s143_noisy_shot_sim4.npz,0.52,0.04,0.735,0.695,-0.1419380570540687,5
MNIST_QNN_zz_r5_d6_p7_s143,zz_r5_d6,zz,5,6,143,143,noisy_shot,1,128,128,4,lira_offline,0.4985469999999999,0.46926485,0.519729125,200,0.051,0.047,0.105,0.099,1000,1000,16,4096000,False,/home/najeeb/chanLira/channel_lira_results/phase7/stage2_primary/noisy_lira/reference_cache/zz_r5_d6_wd0_f7a41cc6e435555da191.npz,256000,2026-08-21T21:16:41+08:00,ibm_kingston,7af4abc6763339615cc42bd00fafb532e3c44a31c14bc574c88456a496136a2f,/home/najeeb/chanLira/channel_lira_results/phase7/stage2_primary/noisy_lira/sample_scores/MNIST_QNN_zz_r5_d6_p7_s143_noisy_shot_sim4.npz,0.495,-0.01,0.294,0.304,1.6483618658093349,5
MNIST_QNN_zz_r5_d6_p7_s143,zz_r5_d6,zz,5,6,143,143,noisy_shot,1,128,128,4,lira_offline_fixed_variance,0.493769,0.471163275,0.5175773,200,0.053,0.05,0.113,0.1,1000,1000,16,4096000,False,/home/najeeb/chanLira/channel_lira_results/phase7/stage2_primary/noisy_lira/reference_cache/zz_r5_d6_wd0_f7a41cc6e435555da191.npz,256000,2026-08-21T21:16:41+08:00,ibm_kingston,7af4abc6763339615cc42bd00fafb532e3c44a31c14bc574c88456a496136a2f,/home/najeeb/chanLira/channel_lira_results/phase7/stage2_primary/noisy_lira/sample_scores/MNIST_QNN_zz_r5_d6_p7_s143_noisy_shot_sim4.npz,0.481,-0.0379999999999999,0.44,0.478,1.670461537562604,5
MNIST_QNN_zz_r5_d6_p7_s143,zz_r5_d6,zz,5,6,143,143,noisy_shot,1,128,128,4,global_true_class_log_odds,0.552743,0.525172875,0.577354475,200,0.075,0.049,0.141,0.097,1000,1000,16,4096000,False,/home/najeeb/chanLira/channel_lira_results/phase7/stage2_primary/noisy_lira/reference_cache/zz_r5_d6_wd0_f7a41cc6e435555da191.npz,256000,2026-08-21T21:16:41+08:00,ibm_kingston,7af4abc6763339615cc42bd00fafb532e3c44a31c14bc574c88456a496136a2f,/home/najeeb/chanLira/channel_lira_results/phase7/stage2_primary/noisy_lira/sample_scores/MNIST_QNN_zz_r5_d6_p7_s143_noisy_shot_sim4.npz,0.5265,0.053,0.538,0.485,-0.3898392746784134,5
MNIST_QNN_zz_r5_d6_p7_s143,zz_r5_d6,zz,5,6,143,143,noisy_shot,1,128,128,5,lira_online,0.527849,0.5093059750000001,0.5559486499999999,200,0.056,0.05,0.117,0.099,1000,1000,16,4096000,False,/home/najeeb/chanLira/channel_lira_results/phase7/stage2_primary/noisy_lira/reference_cache/zz_r5_d6_wd0_f7a41cc6e435555da191.npz,256000,2026-08-21T21:16:41+08:00,ibm_kingston,7af4abc6763339615cc42bd00fafb532e3c44a31c14bc574c88456a496136a2f,/home/najeeb/chanLira/channel_lira_results/phase7/stage2_primary/noisy_lira/sample_scores/MNIST_QNN_zz_r5_d6_p7_s143_noisy_shot_sim5.npz,0.523,0.046,0.523,0.477,0.1356290267262785,5
MNIST_QNN_zz_r5_d6_p7_s143,zz_r5_d6,zz,5,6,143,143,noisy_shot,1,128,128,5,lira_online_fixed_variance,0.536944,0.5124598,0.56331945,200,0.076,0.049,0.132,0.1,1000,1000,16,4096000,False,/home/najeeb/chanLira/channel_lira_results/phase7/stage2_primary/noisy_lira/reference_cache/zz_r5_d6_wd0_f7a41cc6e435555da191.npz,256000,2026-08-21T21:16:41+08:00,ibm_kingston,7af4abc6763339615cc42bd00fafb532e3c44a31c14bc574c88456a496136a2f,/home/najeeb/chanLira/channel_lira_results/phase7/stage2_primary/noisy_lira/sample_scores/MNIST_QNN_zz_r5_d6_p7_s143_noisy_shot_sim5.npz,0.53,0.0599999999999999,0.609,0.549,-0.0316969365914874,5
MNIST_QNN_zz_r5_d6_p7_s143,zz_r5_d6,zz,5,6,143,143,noisy_shot,1,128,128,5,lira_offline,0.497829,0.47272005,0.5219323,200,0.039,0.05,0.087,0.096,1000,1000,16,4096000,False,/home/najeeb/chanLira/channel_lira_results/phase7/stage2_primary/noisy_lira/reference_cache/zz_r5_d6_wd0_f7a41cc6e435555da191.npz,256000,2026-08-21T21:16:41+08:00,ibm_kingston,7af4abc6763339615cc42bd00fafb532e3c44a31c14bc574c88456a496136a2f,/home/najeeb/chanLira/channel_lira_results/phase7/stage2_primary/noisy_lira/sample_scores/MNIST_QNN_zz_r5_d6_p7_s143_noisy_shot_sim5.npz,0.5135000000000001,0.0269999999999999,0.481,0.454,1.4296829828424804,5
MNIST_QNN_zz_r5_d6_p7_s143,zz_r5_d6,zz,5,6,143,143,noisy_shot,1,128,128,5,lira_offline_fixed_variance,0.506928,0.4854565,0.5349726,200,0.045,0.046,0.088,0.098,1000,1000,16,4096000,False,/home/najeeb/chanLira/channel_lira_results/phase7/stage2_primary/noisy_lira/reference_cache/zz_r5_d6_wd0_f7a41cc6e435555da191.npz,256000,2026-08-21T21:16:41+08:00,ibm_kingston,7af4abc6763339615cc42bd00fafb532e3c44a31c14bc574c88456a496136a2f,/home/najeeb/chanLira/channel_lira_results/phase7/stage2_primary/noisy_lira/sample_scores/MNIST_QNN_zz_r5_d6_p7_s143_noisy_shot_sim5.npz,0.499,-0.002,0.522,0.524,1.517320817052092,5
MNIST_QNN_zz_r5_d6_p7_s143,zz_r5_d6,zz,5,6,143,143,noisy_shot,1,128,128,5,global_true_class_log_odds,0.550257,0.52293,0.578814275,200,0.07,0.05,0.125,0.1,1000,1000,16,4096000,False,/home/najeeb/chanLira/channel_lira_results/phase7/stage2_primary/noisy_lira/reference_cache/zz_r5_d6_wd0_f7a41cc6e435555da191.npz,256000,2026-08-21T21:16:41+08:00,ibm_kingston,7af4abc6763339615cc42bd00fafb532e3c44a31c14bc574c88456a496136a2f,/home/najeeb/chanLira/channel_lira_results/phase7/stage2_primary/noisy_lira/sample_scores/MNIST_QNN_zz_r5_d6_p7_s143_noisy_shot_sim5.npz,0.5395,0.079,0.664,0.585,-0.6838885796467705,5
MNIST_QNN_zz_r5_d6_p7_s143,zz_r5_d6,zz,5,6,143,143,noisy_shot,1,128,128,6,lira_online,0.509611,0.4847761,0.5330586500000001,200,0.048,0.049,0.106,0.092,1000,1000,16,4096000,False,/home/najeeb/chanLira/channel_lira_results/phase7/stage2_primary/noisy_lira/reference_cache/zz_r5_d6_wd0_f7a41cc6e435555da191.npz,256000,2026-08-21T21:16:41+08:00,ibm_kingston,7af4abc6763339615cc42bd00fafb532e3c44a31c14bc574c88456a496136a2f,/home/najeeb/chanLira/channel_lira_results/phase7/stage2_primary/noisy_lira/sample_scores/MNIST_QNN_zz_r5_d6_p7_s143_noisy_shot_sim6.npz,0.505,0.01,0.748,0.738,-0.4014108747343787,5
MNIST_QNN_zz_r5_d6_p7_s143,zz_r5_d6,zz,5,6,143,143,noisy_shot,1,128,128,6,lira_online_fixed_variance,0.510656,0.48277315,0.530846175,200,0.054,0.05,0.104,0.1,1000,1000,16,4096000,False,/home/najeeb/chanLira/channel_lira_results/phase7/stage2_primary/noisy_lira/reference_cache/zz_r5_d6_wd0_f7a41cc6e435555da191.npz,256000,2026-08-21T21:16:41+08:00,ibm_kingston,7af4abc6763339615cc42bd00fafb532e3c44a31c14bc574c88456a496136a2f,/home/najeeb/chanLira/channel_lira_results/phase7/stage2_primary/noisy_lira/sample_scores/MNIST_QNN_zz_r5_d6_p7_s143_noisy_shot_sim6.npz,0.49,-0.02,0.613,0.633,-0.3155562577334407,5
MNIST_QNN_zz_r5_d6_p7_s143,zz_r5_d6,zz,5,6,143,143,noisy_shot,1,128,128,6,lira_offline,0.503312,0.4764083,0.524097075,200,0.054,0.05,0.114,0.099,1000,1000,16,4096000,False,/home/najeeb/chanLira/channel_lira_results/phase7/stage2_primary/noisy_lira/reference_cache/zz_r5_d6_wd0_f7a41cc6e435555da191.npz,256000,2026-08-21T21:16:41+08:00,ibm_kingston,7af4abc6763339615cc42bd00fafb532e3c44a31c14bc574c88456a496136a2f,/home/najeeb/chanLira/channel_lira_results/phase7/stage2_primary/noisy_lira/sample_scores/MNIST_QNN_zz_r5_d6_p7_s143_noisy_shot_sim6.npz,0.497,-0.0059999999999999,0.2,0.206,2.385205131358292,5
MNIST_QNN_zz_r5_d6_p7_s143,zz_r5_d6,zz,5,6,143,143,noisy_shot,1,128,128,6,lira_offline_fixed_variance,0.5061450000000001,0.4787899,0.5329763,200,0.062,0.05,0.112,0.099,1000,1000,16,4096000,False,/home/najeeb/chanLira/channel_lira_results/phase7/stage2_primary/noisy_lira/reference_cache/zz_r5_d6_wd0_f7a41cc6e435555da191.npz,256000,2026-08-21T21:16:41+08:00,ibm_kingston,7af4abc6763339615cc42bd00fafb532e3c44a31c14bc574c88456a496136a2f,/home/najeeb/chanLira/channel_lira_results/phase7/stage2_primary/noisy_lira/sample_scores/MNIST_QNN_zz_r5_d6_p7_s143_noisy_shot_sim6.npz,0.494,-0.012,0.634,0.646,1.0168189678780564,5
MNIST_QNN_zz_r5_d6_p7_s143,zz_r5_d6,zz,5,6,143,143,noisy_shot,1,128,128,6,global_true_class_log_odds,0.543954,0.51928535,0.570784475,200,0.07,0.049,0.127,0.1,1000,1000,16,4096000,False,/home/najeeb/chanLira/channel_lira_results/phase7/stage2_primary/noisy_lira/reference_cache/zz_r5_d6_wd0_f7a41cc6e435555da191.npz,256000,2026-08-21T21:16:41+08:00,ibm_kingston,7af4abc6763339615cc42bd00fafb532e3c44a31c14bc574c88456a496136a2f,/home/najeeb/chanLira/channel_lira_results/phase7/stage2_primary/noisy_lira/sample_scores/MNIST_QNN_zz_r5_d6_p7_s143_noisy_shot_sim6.npz,0.519,0.0379999999999999,0.44,0.402,-0.0433608269258334,5
MNIST_QNN_zz_r5_d6_p7_s143,zz_r5_d6,zz,5,6,143,143,noisy_shot,1,128,128,7,lira_online,0.539874,0.508533825,0.56289705,200,0.056,0.05,0.101,0.099,1000,1000,16,4096000,False,/home/najeeb/chanLira/channel_lira_results/phase7/stage2_primary/noisy_lira/reference_cache/zz_r5_d6_wd0_f7a41cc6e435555da191.npz,256000,2026-08-21T21:16:41+08:00,ibm_kingston,7af4abc6763339615cc42bd00fafb532e3c44a31c14bc574c88456a496136a2f,/home/najeeb/chanLira/channel_lira_results/phase7/stage2_primary/noisy_lira/sample_scores/MNIST_QNN_zz_r5_d6_p7_s143_noisy_shot_sim7.npz,0.544,0.0879999999999999,0.57,0.482,-0.0344308487382942,5
MNIST_QNN_zz_r5_d6_p7_s143,zz_r5_d6,zz,5,6,143,143,noisy_shot,1,128,128,7,lira_online_fixed_variance,0.541798,0.517687925,0.570895425,200,0.069,0.05,0.12,0.1,1000,1000,16,4096000,False,/home/najeeb/chanLira/channel_lira_results/phase7/stage2_primary/noisy_lira/reference_cache/zz_r5_d6_wd0_f7a41cc6e435555da191.npz,256000,2026-08-21T21:16:41+08:00,ibm_kingston,7af4abc6763339615cc42bd00fafb532e3c44a31c14bc574c88456a496136a2f,/home/najeeb/chanLira/channel_lira_results/phase7/stage2_primary/noisy_lira/sample_scores/MNIST_QNN_zz_r5_d6_p7_s143_noisy_shot_sim7.npz,0.5245,0.049,0.52,0.471,0.0105655656920924,5
MNIST_QNN_zz_r5_d6_p7_s143,zz_r5_d6,zz,5,6,143,143,noisy_shot,1,128,128,7,lira_offline,0.5159389999999999,0.490957575,0.54212145,200,0.04,0.05,0.095,0.1,1000,1000,16,4096000,False,/home/najeeb/chanLira/channel_lira_results/phase7/stage2_primary/noisy_lira/reference_cache/zz_r5_d6_wd0_f7a41cc6e435555da191.npz,256000,2026-08-21T21:16:41+08:00,ibm_kingston,7af4abc6763339615cc42bd00fafb532e3c44a31c14bc574c88456a496136a2f,/home/najeeb/chanLira/channel_lira_results/phase7/stage2_primary/noisy_lira/sample_scores/MNIST_QNN_zz_r5_d6_p7_s143_noisy_shot_sim7.npz,0.503,0.006,0.527,0.521,1.2819774451049368,5
MNIST_QNN_zz_r5_d6_p7_s143,zz_r5_d6,zz,5,6,143,143,noisy_shot,1,128,128,7,lira_offline_fixed_variance,0.511541,0.484802175,0.5338979500000001,200,0.06,0.05,0.112,0.098,1000,1000,16,4096000,False,/home/najeeb/chanLira/channel_lira_results/phase7/stage2_primary/noisy_lira/reference_cache/zz_r5_d6_wd0_f7a41cc6e435555da191.npz,256000,2026-08-21T21:16:41+08:00,ibm_kingston,7af4abc6763339615cc42bd00fafb532e3c44a31c14bc574c88456a496136a2f,/home/najeeb/chanLira/channel_lira_results/phase7/stage2_primary/noisy_lira/sample_scores/MNIST_QNN_zz_r5_d6_p7_s143_noisy_shot_sim7.npz,0.5185,0.037,0.622,0.585,1.150065774597261,5
MNIST_QNN_zz_r5_d6_p7_s143,zz_r5_d6,zz,5,6,143,143,noisy_shot,1,128,128,7,global_true_class_log_odds,0.5572520000000001,0.532310725,0.580806575,200,0.064,0.05,0.132,0.1,1000,1000,16,4096000,False,/home/najeeb/chanLira/channel_lira_results/phase7/stage2_primary/noisy_lira/reference_cache/zz_r5_d6_wd0_f7a41cc6e435555da191.npz,256000,2026-08-21T21:16:41+08:00,ibm_kingston,7af4abc6763339615cc42bd00fafb532e3c44a31c14bc574c88456a496136a2f,/home/najeeb/chanLira/channel_lira_results/phase7/stage2_primary/noisy_lira/sample_scores/MNIST_QNN_zz_r5_d6_p7_s143_noisy_shot_sim7.npz,0.534,0.068,0.481,0.413,-0.0148842698403395,5
MNIST_QNN_zz_r5_d6_p7_s143,zz_r5_d6,zz,5,6,143,143,noisy_shot,1,128,128,8,lira_online,0.536,0.512113625,0.55866445,200,0.055,0.05,0.115,0.1,1000,1000,16,4096000,False,/home/najeeb/chanLira/channel_lira_results/phase7/stage2_primary/noisy_lira/reference_cache/zz_r5_d6_wd0_f7a41cc6e435555da191.npz,256000,2026-08-21T21:16:41+08:00,ibm_kingston,7af4abc6763339615cc42bd00fafb532e3c44a31c14bc574c88456a496136a2f,/home/najeeb/chanLira/channel_lira_results/phase7/stage2_primary/noisy_lira/sample_scores/MNIST_QNN_zz_r5_d6_p7_s143_noisy_shot_sim8.npz,0.5245,0.049,0.677,0.628,-0.1382045338670059,5
MNIST_QNN_zz_r5_d6_p7_s143,zz_r5_d6,zz,5,6,143,143,noisy_shot,1,128,128,8,lira_online_fixed_variance,0.542791,0.5223901750000001,0.5681130249999999,200,0.068,0.05,0.138,0.098,1000,1000,16,4096000,False,/home/najeeb/chanLira/channel_lira_results/phase7/stage2_primary/noisy_lira/reference_cache/zz_r5_d6_wd0_f7a41cc6e435555da191.npz,256000,2026-08-21T21:16:41+08:00,ibm_kingston,7af4abc6763339615cc42bd00fafb532e3c44a31c14bc574c88456a496136a2f,/home/najeeb/chanLira/channel_lira_results/phase7/stage2_primary/noisy_lira/sample_scores/MNIST_QNN_zz_r5_d6_p7_s143_noisy_shot_sim8.npz,0.516,0.032,0.466,0.434,0.0890467754007313,5
MNIST_QNN_zz_r5_d6_p7_s143,zz_r5_d6,zz,5,6,143,143,noisy_shot,1,128,128,8,lira_offline,0.5126120000000001,0.48283215,0.53929205,200,0.054,0.049,0.115,0.099,1000,1000,16,4096000,False,/home/najeeb/chanLira/channel_lira_results/phase7/stage2_primary/noisy_lira/reference_cache/zz_r5_d6_wd0_f7a41cc6e435555da191.npz,256000,2026-08-21T21:16:41+08:00,ibm_kingston,7af4abc6763339615cc42bd00fafb532e3c44a31c14bc574c88456a496136a2f,/home/najeeb/chanLira/channel_lira_results/phase7/stage2_primary/noisy_lira/sample_scores/MNIST_QNN_zz_r5_d6_p7_s143_noisy_shot_sim8.npz,0.4985,-0.003,0.473,0.476,1.471822793644264,5
MNIST_QNN_zz_r5_d6_p7_s143,zz_r5_d6,zz,5,6,143,143,noisy_shot,1,128,128,8,lira_offline_fixed_variance,0.512929,0.4890007999999999,0.541242475,200,0.056,0.05,0.119,0.099,1000,1000,16,4096000,False,/home/najeeb/chanLira/channel_lira_results/phase7/stage2_primary/noisy_lira/reference_cache/zz_r5_d6_wd0_f7a41cc6e435555da191.npz,256000,2026-08-21T21:16:41+08:00,ibm_kingston,7af4abc6763339615cc42bd00fafb532e3c44a31c14bc574c88456a496136a2f,/home/najeeb/chanLira/channel_lira_results/phase7/stage2_primary/noisy_lira/sample_scores/MNIST_QNN_zz_r5_d6_p7_s143_noisy_shot_sim8.npz,0.4965,-0.007,0.544,0.551,1.0702076201805562,5
MNIST_QNN_zz_r5_d6_p7_s143,zz_r5_d6,zz,5,6,143,143,noisy_shot,1,128,128,8,global_true_class_log_odds,0.544737,0.5213507749999999,0.5670973,200,0.054,0.05,0.1,0.099,1000,1000,16,4096000,False,/home/najeeb/chanLira/channel_lira_results/phase7/stage2_primary/noisy_lira/reference_cache/zz_r5_d6_wd0_f7a41cc6e435555da191.npz,256000,2026-08-21T21:16:41+08:00,ibm_kingston,7af4abc6763339615cc42bd00fafb532e3c44a31c14bc574c88456a496136a2f,/home/najeeb/chanLira/channel_lira_results/phase7/stage2_primary/noisy_lira/sample_scores/MNIST_QNN_zz_r5_d6_p7_s143_noisy_shot_sim8.npz,0.525,0.05,0.619,0.569,-0.7895370689749199,5
MNIST_QNN_zz_r5_d6_p7_s143,zz_r5_d6,zz,5,6,143,143,noisy_shot,1,128,128,9,lira_online,0.529408,0.50415345,0.556797225,200,0.052,0.05,0.126,0.099,1000,1000,16,4096000,False,/home/najeeb/chanLira/channel_lira_results/phase7/stage2_primary/noisy_lira/reference_cache/zz_r5_d6_wd0_f7a41cc6e435555da191.npz,256000,2026-08-21T21:16:41+08:00,ibm_kingston,7af4abc6763339615cc42bd00fafb532e3c44a31c14bc574c88456a496136a2f,/home/najeeb/chanLira/channel_lira_results/phase7/stage2_primary/noisy_lira/sample_scores/MNIST_QNN_zz_r5_d6_p7_s143_noisy_shot_sim9.npz,0.507,0.014,0.639,0.625,-0.4222263145668719,5
MNIST_QNN_zz_r5_d6_p7_s143,zz_r5_d6,zz,5,6,143,143,noisy_shot,1,128,128,9,lira_online_fixed_variance,0.541178,0.515057125,0.564706925,200,0.071,0.05,0.128,0.1,1000,1000,16,4096000,False,/home/najeeb/chanLira/channel_lira_results/phase7/stage2_primary/noisy_lira/reference_cache/zz_r5_d6_wd0_f7a41cc6e435555da191.npz,256000,2026-08-21T21:16:41+08:00,ibm_kingston,7af4abc6763339615cc42bd00fafb532e3c44a31c14bc574c88456a496136a2f,/home/najeeb/chanLira/channel_lira_results/phase7/stage2_primary/noisy_lira/sample_scores/MNIST_QNN_zz_r5_d6_p7_s143_noisy_shot_sim9.npz,0.5395,0.0789999999999999,0.576,0.497,0.0215354284256429,5
MNIST_QNN_zz_r5_d6_p7_s143,zz_r5_d6,zz,5,6,143,143,noisy_shot,1,128,128,9,lira_offline,0.497483,0.4748597,0.523703525,200,0.045,0.047,0.093,0.099,1000,1000,16,4096000,False,/home/najeeb/chanLira/channel_lira_results/phase7/stage2_primary/noisy_lira/reference_cache/zz_r5_d6_wd0_f7a41cc6e435555da191.npz,256000,2026-08-21T21:16:41+08:00,ibm_kingston,7af4abc6763339615cc42bd00fafb532e3c44a31c14bc574c88456a496136a2f,/home/najeeb/chanLira/channel_lira_results/phase7/stage2_primary/noisy_lira/sample_scores/MNIST_QNN_zz_r5_d6_p7_s143_noisy_shot_sim9.npz,0.5065000000000001,0.013,0.333,0.32,1.7201322243599435,5
MNIST_QNN_zz_r5_d6_p7_s143,zz_r5_d6,zz,5,6,143,143,noisy_shot,1,128,128,9,lira_offline_fixed_variance,0.4978349999999999,0.47615535,0.5265870250000001,200,0.035,0.049,0.11,0.1,1000,1000,16,4096000,False,/home/najeeb/chanLira/channel_lira_results/phase7/stage2_primary/noisy_lira/reference_cache/zz_r5_d6_wd0_f7a41cc6e435555da191.npz,256000,2026-08-21T21:16:41+08:00,ibm_kingston,7af4abc6763339615cc42bd00fafb532e3c44a31c14bc574c88456a496136a2f,/home/najeeb/chanLira/channel_lira_results/phase7/stage2_primary/noisy_lira/sample_scores/MNIST_QNN_zz_r5_d6_p7_s143_noisy_shot_sim9.npz,0.503,0.0059999999999999,0.286,0.28,1.5565333650016258,5
MNIST_QNN_zz_r5_d6_p7_s143,zz_r5_d6,zz,5,6,143,143,noisy_shot,1,128,128,9,global_true_class_log_odds,0.544725,0.520247375,0.57206915,200,0.072,0.048,0.126,0.097,1000,1000,16,4096000,False,/home/najeeb/chanLira/channel_lira_results/phase7/stage2_primary/noisy_lira/reference_cache/zz_r5_d6_wd0_f7a41cc6e435555da191.npz,256000,2026-08-21T21:16:41+08:00,ibm_kingston,7af4abc6763339615cc42bd00fafb532e3c44a31c14bc574c88456a496136a2f,/home/najeeb/chanLira/channel_lira_results/phase7/stage2_primary/noisy_lira/sample_scores/MNIST_QNN_zz_r5_d6_p7_s143_noisy_shot_sim9.npz,0.5315,0.063,0.646,0.583,-0.4858607611787039,5
MNIST_QNN_zz_r5_d6_p7_s144,zz_r5_d6,zz,5,6,144,143,noisy_shot,1,128,128,0,lira_online,0.535607,0.5130226999999999,0.5643417000000001,200,0.04,0.05,0.092,0.1,1000,1000,16,4096000,True,/home/najeeb/chanLira/channel_lira_results/phase7/stage2_primary/noisy_lira/reference_cache/zz_r5_d6_wd0_f7a41cc6e435555da191.npz,256000,2026-08-21T21:16:41+08:00,ibm_kingston,7af4abc6763339615cc42bd00fafb532e3c44a31c14bc574c88456a496136a2f,/home/najeeb/chanLira/channel_lira_results/phase7/stage2_primary/noisy_lira/sample_scores/MNIST_QNN_zz_r5_d6_p7_s144_noisy_shot_sim0.npz,0.515,0.03,0.682,0.652,-0.1423288916876304,5
MNIST_QNN_zz_r5_d6_p7_s144,zz_r5_d6,zz,5,6,144,143,noisy_shot,1,128,128,0,lira_online_fixed_variance,0.5425,0.513588425,0.5658532749999999,200,0.051,0.05,0.111,0.1,1000,1000,16,4096000,True,/home/najeeb/chanLira/channel_lira_results/phase7/stage2_primary/noisy_lira/reference_cache/zz_r5_d6_wd0_f7a41cc6e435555da191.npz,256000,2026-08-21T21:16:41+08:00,ibm_kingston,7af4abc6763339615cc42bd00fafb532e3c44a31c14bc574c88456a496136a2f,/home/najeeb/chanLira/channel_lira_results/phase7/stage2_primary/noisy_lira/sample_scores/MNIST_QNN_zz_r5_d6_p7_s144_noisy_shot_sim0.npz,0.5309999999999999,0.0619999999999999,0.71,0.648,-0.1136605818238765,5
MNIST_QNN_zz_r5_d6_p7_s144,zz_r5_d6,zz,5,6,144,143,noisy_shot,1,128,128,0,lira_offline,0.496812,0.472005575,0.5205452,200,0.03,0.049,0.075,0.1,1000,1000,16,4096000,True,/home/najeeb/chanLira/channel_lira_results/phase7/stage2_primary/noisy_lira/reference_cache/zz_r5_d6_wd0_f7a41cc6e435555da191.npz,256000,2026-08-21T21:16:41+08:00,ibm_kingston,7af4abc6763339615cc42bd00fafb532e3c44a31c14bc574c88456a496136a2f,/home/najeeb/chanLira/channel_lira_results/phase7/stage2_primary/noisy_lira/sample_scores/MNIST_QNN_zz_r5_d6_p7_s144_noisy_shot_sim0.npz,0.488,-0.024,0.601,0.625,1.2094748707706695,5
MNIST_QNN_zz_r5_d6_p7_s144,zz_r5_d6,zz,5,6,144,143,noisy_shot,1,128,128,0,lira_offline_fixed_variance,0.494194,0.4708160249999999,0.521717975,200,0.041,0.049,0.089,0.1,1000,1000,16,4096000,True,/home/najeeb/chanLira/channel_lira_results/phase7/stage2_primary/noisy_lira/reference_cache/zz_r5_d6_wd0_f7a41cc6e435555da191.npz,256000,2026-08-21T21:16:41+08:00,ibm_kingston,7af4abc6763339615cc42bd00fafb532e3c44a31c14bc574c88456a496136a2f,/home/najeeb/chanLira/channel_lira_results/phase7/stage2_primary/noisy_lira/sample_scores/MNIST_QNN_zz_r5_d6_p7_s144_noisy_shot_sim0.npz,0.5025,0.005,0.838,0.833,1.0292349275944592,5
MNIST_QNN_zz_r5_d6_p7_s144,zz_r5_d6,zz,5,6,144,143,noisy_shot,1,128,128,0,global_true_class_log_odds,0.571597,0.54740115,0.6025852500000001,200,0.068,0.05,0.147,0.1,1000,1000,16,4096000,True,/home/najeeb/chanLira/channel_lira_results/phase7/stage2_primary/noisy_lira/reference_cache/zz_r5_d6_wd0_f7a41cc6e435555da191.npz,256000,2026-08-21T21:16:41+08:00,ibm_kingston,7af4abc6763339615cc42bd00fafb532e3c44a31c14bc574c88456a496136a2f,/home/najeeb/chanLira/channel_lira_results/phase7/stage2_primary/noisy_lira/sample_scores/MNIST_QNN_zz_r5_d6_p7_s144_noisy_shot_sim0.npz,0.556,0.1119999999999999,0.603,0.491,-0.5065907489786012,5
MNIST_QNN_zz_r5_d6_p7_s144,zz_r5_d6,zz,5,6,144,143,noisy_shot,1,128,128,1,lira_online,0.512126,0.4856657,0.5374074750000001,200,0.067,0.05,0.128,0.1,1000,1000,16,4096000,True,/home/najeeb/chanLira/channel_lira_results/phase7/stage2_primary/noisy_lira/reference_cache/zz_r5_d6_wd0_f7a41cc6e435555da191.npz,256000,2026-08-21T21:16:41+08:00,ibm_kingston,7af4abc6763339615cc42bd00fafb532e3c44a31c14bc574c88456a496136a2f,/home/najeeb/chanLira/channel_lira_results/phase7/stage2_primary/noisy_lira/sample_scores/MNIST_QNN_zz_r5_d6_p7_s144_noisy_shot_sim1.npz,0.5,0.0,0.51,0.51,0.0959812687847545,5
MNIST_QNN_zz_r5_d6_p7_s144,zz_r5_d6,zz,5,6,144,143,noisy_shot,1,128,128,1,lira_online_fixed_variance,0.533973,0.509853175,0.556020025,200,0.069,0.05,0.119,0.099,1000,1000,16,4096000,True,/home/najeeb/chanLira/channel_lira_results/phase7/stage2_primary/noisy_lira/reference_cache/zz_r5_d6_wd0_f7a41cc6e435555da191.npz,256000,2026-08-21T21:16:41+08:00,ibm_kingston,7af4abc6763339615cc42bd00fafb532e3c44a31c14bc574c88456a496136a2f,/home/najeeb/chanLira/channel_lira_results/phase7/stage2_primary/noisy_lira/sample_scores/MNIST_QNN_zz_r5_d6_p7_s144_noisy_shot_sim1.npz,0.5235,0.0469999999999999,0.444,0.397,0.0666355879013698,5
MNIST_QNN_zz_r5_d6_p7_s144,zz_r5_d6,zz,5,6,144,143,noisy_shot,1,128,128,1,lira_offline,0.5136970000000001,0.4883266,0.5382083750000001,200,0.057,0.048,0.107,0.1,1000,1000,16,4096000,True,/home/najeeb/chanLira/channel_lira_results/phase7/stage2_primary/noisy_lira/reference_cache/zz_r5_d6_wd0_f7a41cc6e435555da191.npz,256000,2026-08-21T21:16:41+08:00,ibm_kingston,7af4abc6763339615cc42bd00fafb532e3c44a31c14bc574c88456a496136a2f,/home/najeeb/chanLira/channel_lira_results/phase7/stage2_primary/noisy_lira/sample_scores/MNIST_QNN_zz_r5_d6_p7_s144_noisy_shot_sim1.npz,0.5,0.0,0.566,0.566,1.2291376449817957,5
MNIST_QNN_zz_r5_d6_p7_s144,zz_r5_d6,zz,5,6,144,143,noisy_shot,1,128,128,1,lira_offline_fixed_variance,0.523067,0.4983917249999999,0.5489428000000001,200,0.045,0.049,0.096,0.098,1000,1000,16,4096000,True,/home/najeeb/chanLira/channel_lira_results/phase7/stage2_primary/noisy_lira/reference_cache/zz_r5_d6_wd0_f7a41cc6e435555da191.npz,256000,2026-08-21T21:16:41+08:00,ibm_kingston,7af4abc6763339615cc42bd00fafb532e3c44a31c14bc574c88456a496136a2f,/home/najeeb/chanLira/channel_lira_results/phase7/stage2_primary/noisy_lira/sample_scores/MNIST_QNN_zz_r5_d6_p7_s144_noisy_shot_sim1.npz,0.5115,0.023,0.594,0.571,1.1343226663500676,5
MNIST_QNN_zz_r5_d6_p7_s144,zz_r5_d6,zz,5,6,144,143,noisy_shot,1,128,128,1,global_true_class_log_odds,0.568446,0.546888775,0.591925775,200,0.067,0.05,0.161,0.1,1000,1000,16,4096000,True,/home/najeeb/chanLira/channel_lira_results/phase7/stage2_primary/noisy_lira/reference_cache/zz_r5_d6_wd0_f7a41cc6e435555da191.npz,256000,2026-08-21T21:16:41+08:00,ibm_kingston,7af4abc6763339615cc42bd00fafb532e3c44a31c14bc574c88456a496136a2f,/home/najeeb/chanLira/channel_lira_results/phase7/stage2_primary/noisy_lira/sample_scores/MNIST_QNN_zz_r5_d6_p7_s144_noisy_shot_sim1.npz,0.5445,0.089,0.436,0.347,0.1763835118462434,5
MNIST_QNN_zz_r5_d6_p7_s144,zz_r5_d6,zz,5,6,144,143,noisy_shot,1,128,128,2,lira_online,0.532818,0.5082406,0.560254125,200,0.053,0.05,0.107,0.1,1000,1000,16,4096000,True,/home/najeeb/chanLira/channel_lira_results/phase7/stage2_primary/noisy_lira/reference_cache/zz_r5_d6_wd0_f7a41cc6e435555da191.npz,256000,2026-08-21T21:16:41+08:00,ibm_kingston,7af4abc6763339615cc42bd00fafb532e3c44a31c14bc574c88456a496136a2f,/home/najeeb/chanLira/channel_lira_results/phase7/stage2_primary/noisy_lira/sample_scores/MNIST_QNN_zz_r5_d6_p7_s144_noisy_shot_sim2.npz,0.5235,0.0469999999999999,0.586,0.539,-0.2267653751264027,5
MNIST_QNN_zz_r5_d6_p7_s144,zz_r5_d6,zz,5,6,144,143,noisy_shot,1,128,128,2,lira_online_fixed_variance,0.547871,0.524793775,0.5718797250000001,200,0.078,0.05,0.132,0.099,1000,1000,16,4096000,True,/home/najeeb/chanLira/channel_lira_results/phase7/stage2_primary/noisy_lira/reference_cache/zz_r5_d6_wd0_f7a41cc6e435555da191.npz,256000,2026-08-21T21:16:41+08:00,ibm_kingston,7af4abc6763339615cc42bd00fafb532e3c44a31c14bc574c88456a496136a2f,/home/najeeb/chanLira/channel_lira_results/phase7/stage2_primary/noisy_lira/sample_scores/MNIST_QNN_zz_r5_d6_p7_s144_noisy_shot_sim2.npz,0.52,0.04,0.559,0.519,0.0209715208880258,5
MNIST_QNN_zz_r5_d6_p7_s144,zz_r5_d6,zz,5,6,144,143,noisy_shot,1,128,128,2,lira_offline,0.501116,0.477169275,0.525963325,200,0.048,0.05,0.098,0.1,1000,1000,16,4096000,True,/home/najeeb/chanLira/channel_lira_results/phase7/stage2_primary/noisy_lira/reference_cache/zz_r5_d6_wd0_f7a41cc6e435555da191.npz,256000,2026-08-21T21:16:41+08:00,ibm_kingston,7af4abc6763339615cc42bd00fafb532e3c44a31c14bc574c88456a496136a2f,/home/najeeb/chanLira/channel_lira_results/phase7/stage2_primary/noisy_lira/sample_scores/MNIST_QNN_zz_r5_d6_p7_s144_noisy_shot_sim2.npz,0.5095000000000001,0.0189999999999999,0.344,0.325,1.7119816509331116,5
MNIST_QNN_zz_r5_d6_p7_s144,zz_r5_d6,zz,5,6,144,143,noisy_shot,1,128,128,2,lira_offline_fixed_variance,0.5093310000000001,0.483988675,0.5387902,200,0.053,0.05,0.106,0.098,1000,1000,16,4096000,True,/home/najeeb/chanLira/channel_lira_results/phase7/stage2_primary/noisy_lira/reference_cache/zz_r5_d6_wd0_f7a41cc6e435555da191.npz,256000,2026-08-21T21:16:41+08:00,ibm_kingston,7af4abc6763339615cc42bd00fafb532e3c44a31c14bc574c88456a496136a2f,/home/najeeb/chanLira/channel_lira_results/phase7/stage2_primary/noisy_lira/sample_scores/MNIST_QNN_zz_r5_d6_p7_s144_noisy_shot_sim2.npz,0.519,0.0379999999999999,0.319,0.281,1.6182558171119628,5
MNIST_QNN_zz_r5_d6_p7_s144,zz_r5_d6,zz,5,6,144,143,noisy_shot,1,128,128,2,global_true_class_log_odds,0.564032,0.538585775,0.589280275,200,0.071,0.05,0.157,0.1,1000,1000,16,4096000,True,/home/najeeb/chanLira/channel_lira_results/phase7/stage2_primary/noisy_lira/reference_cache/zz_r5_d6_wd0_f7a41cc6e435555da191.npz,256000,2026-08-21T21:16:41+08:00,ibm_kingston,7af4abc6763339615cc42bd00fafb532e3c44a31c14bc574c88456a496136a2f,/home/najeeb/chanLira/channel_lira_results/phase7/stage2_primary/noisy_lira/sample_scores/MNIST_QNN_zz_r5_d6_p7_s144_noisy_shot_sim2.npz,0.5465,0.093,0.459,0.366,-0.017969495778167,5
MNIST_QNN_zz_r5_d6_p7_s144,zz_r5_d6,zz,5,6,144,143,noisy_shot,1,128,128,3,lira_online,0.530871,0.50503165,0.553918975,200,0.052,0.049,0.109,0.1,1000,1000,16,4096000,True,/home/najeeb/chanLira/channel_lira_results/phase7/stage2_primary/noisy_lira/reference_cache/zz_r5_d6_wd0_f7a41cc6e435555da191.npz,256000,2026-08-21T21:16:41+08:00,ibm_kingston,7af4abc6763339615cc42bd00fafb532e3c44a31c14bc574c88456a496136a2f,/home/najeeb/chanLira/channel_lira_results/phase7/stage2_primary/noisy_lira/sample_scores/MNIST_QNN_zz_r5_d6_p7_s144_noisy_shot_sim3.npz,0.537,0.0739999999999999,0.732,0.658,-0.3142342725981886,5
MNIST_QNN_zz_r5_d6_p7_s144,zz_r5_d6,zz,5,6,144,143,noisy_shot,1,128,128,3,lira_online_fixed_variance,0.536039,0.508229475,0.5605065,200,0.057,0.05,0.123,0.099,1000,1000,16,4096000,True,/home/najeeb/chanLira/channel_lira_results/phase7/stage2_primary/noisy_lira/reference_cache/zz_r5_d6_wd0_f7a41cc6e435555da191.npz,256000,2026-08-21T21:16:41+08:00,ibm_kingston,7af4abc6763339615cc42bd00fafb532e3c44a31c14bc574c88456a496136a2f,/home/najeeb/chanLira/channel_lira_results/phase7/stage2_primary/noisy_lira/sample_scores/MNIST_QNN_zz_r5_d6_p7_s144_noisy_shot_sim3.npz,0.52,0.04,0.649,0.609,-0.0737923634182511,5
MNIST_QNN_zz_r5_d6_p7_s144,zz_r5_d6,zz,5,6,144,143,noisy_shot,1,128,128,3,lira_offline,0.499093,0.4720268999999999,0.523516725,200,0.045,0.049,0.102,0.1,1000,1000,16,4096000,True,/home/najeeb/chanLira/channel_lira_results/phase7/stage2_primary/noisy_lira/reference_cache/zz_r5_d6_wd0_f7a41cc6e435555da191.npz,256000,2026-08-21T21:16:41+08:00,ibm_kingston,7af4abc6763339615cc42bd00fafb532e3c44a31c14bc574c88456a496136a2f,/home/najeeb/chanLira/channel_lira_results/phase7/stage2_primary/noisy_lira/sample_scores/MNIST_QNN_zz_r5_d6_p7_s144_noisy_shot_sim3.npz,0.486,-0.0279999999999999,0.401,0.429,1.631355750815227,5
MNIST_QNN_zz_r5_d6_p7_s144,zz_r5_d6,zz,5,6,144,143,noisy_shot,1,128,128,3,lira_offline_fixed_variance,0.502807,0.4774502499999999,0.52867005,200,0.044,0.048,0.091,0.1,1000,1000,16,4096000,True,/home/najeeb/chanLira/channel_lira_results/phase7/stage2_primary/noisy_lira/reference_cache/zz_r5_d6_wd0_f7a41cc6e435555da191.npz,256000,2026-08-21T21:16:41+08:00,ibm_kingston,7af4abc6763339615cc42bd00fafb532e3c44a31c14bc574c88456a496136a2f,/home/najeeb/chanLira/channel_lira_results/phase7/stage2_primary/noisy_lira/sample_scores/MNIST_QNN_zz_r5_d6_p7_s144_noisy_shot_sim3.npz,0.4865,-0.0269999999999999,0.551,0.578,1.3811457925504205,5
MNIST_QNN_zz_r5_d6_p7_s144,zz_r5_d6,zz,5,6,144,143,noisy_shot,1,128,128,3,global_true_class_log_odds,0.5577920000000001,0.53540275,0.578062725,200,0.055,0.05,0.115,0.099,1000,1000,16,4096000,True,/home/najeeb/chanLira/channel_lira_results/phase7/stage2_primary/noisy_lira/reference_cache/zz_r5_d6_wd0_f7a41cc6e435555da191.npz,256000,2026-08-21T21:16:41+08:00,ibm_kingston,7af4abc6763339615cc42bd00fafb532e3c44a31c14bc574c88456a496136a2f,/home/najeeb/chanLira/channel_lira_results/phase7/stage2_primary/noisy_lira/sample_scores/MNIST_QNN_zz_r5_d6_p7_s144_noisy_shot_sim3.npz,0.5525,0.105,0.454,0.349,0.0231648312878099,5
MNIST_QNN_zz_r5_d6_p7_s144,zz_r5_d6,zz,5,6,144,143,noisy_shot,1,128,128,4,lira_online,0.500343,0.478425725,0.52987635,200,0.042,0.049,0.113,0.099,1000,1000,16,4096000,True,/home/najeeb/chanLira/channel_lira_results/phase7/stage2_primary/noisy_lira/reference_cache/zz_r5_d6_wd0_f7a41cc6e435555da191.npz,256000,2026-08-21T21:16:41+08:00,ibm_kingston,7af4abc6763339615cc42bd00fafb532e3c44a31c14bc574c88456a496136a2f,/home/najeeb/chanLira/channel_lira_results/phase7/stage2_primary/noisy_lira/sample_scores/MNIST_QNN_zz_r5_d6_p7_s144_noisy_shot_sim4.npz,0.4915,-0.017,0.656,0.673,-0.5484348191158774,5
MNIST_QNN_zz_r5_d6_p7_s144,zz_r5_d6,zz,5,6,144,143,noisy_shot,1,128,128,4,lira_online_fixed_variance,0.515026,0.489188425,0.5407877,200,0.061,0.049,0.118,0.098,1000,1000,16,4096000,True,/home/najeeb/chanLira/channel_lira_results/phase7/stage2_primary/noisy_lira/reference_cache/zz_r5_d6_wd0_f7a41cc6e435555da191.npz,256000,2026-08-21T21:16:41+08:00,ibm_kingston,7af4abc6763339615cc42bd00fafb532e3c44a31c14bc574c88456a496136a2f,/home/najeeb/chanLira/channel_lira_results/phase7/stage2_primary/noisy_lira/sample_scores/MNIST_QNN_zz_r5_d6_p7_s144_noisy_shot_sim4.npz,0.504,0.008,0.786,0.778,-0.3707695408436398,5
MNIST_QNN_zz_r5_d6_p7_s144,zz_r5_d6,zz,5,6,144,143,noisy_shot,1,128,128,4,lira_offline,0.508562,0.48162865,0.52994675,200,0.041,0.05,0.088,0.099,1000,1000,16,4096000,True,/home/najeeb/chanLira/channel_lira_results/phase7/stage2_primary/noisy_lira/reference_cache/zz_r5_d6_wd0_f7a41cc6e435555da191.npz,256000,2026-08-21T21:16:41+08:00,ibm_kingston,7af4abc6763339615cc42bd00fafb532e3c44a31c14bc574c88456a496136a2f,/home/najeeb/chanLira/channel_lira_results/phase7/stage2_primary/noisy_lira/sample_scores/MNIST_QNN_zz_r5_d6_p7_s144_noisy_shot_sim4.npz,0.514,0.028,0.559,0.531,1.2927104120313562,5
MNIST_QNN_zz_r5_d6_p7_s144,zz_r5_d6,zz,5,6,144,143,noisy_shot,1,128,128,4,lira_offline_fixed_variance,0.5126759999999999,0.488463025,0.5337501,200,0.047,0.048,0.093,0.099,1000,1000,16,4096000,True,/home/najeeb/chanLira/channel_lira_results/phase7/stage2_primary/noisy_lira/reference_cache/zz_r5_d6_wd0_f7a41cc6e435555da191.npz,256000,2026-08-21T21:16:41+08:00,ibm_kingston,7af4abc6763339615cc42bd00fafb532e3c44a31c14bc574c88456a496136a2f,/home/najeeb/chanLira/channel_lira_results/phase7/stage2_primary/noisy_lira/sample_scores/MNIST_QNN_zz_r5_d6_p7_s144_noisy_shot_sim4.npz,0.514,0.028,0.635,0.607,1.1556148531871158,5
MNIST_QNN_zz_r5_d6_p7_s144,zz_r5_d6,zz,5,6,144,143,noisy_shot,1,128,128,4,global_true_class_log_odds,0.557334,0.53287335,0.5883787,200,0.077,0.049,0.122,0.1,1000,1000,16,4096000,True,/home/najeeb/chanLira/channel_lira_results/phase7/stage2_primary/noisy_lira/reference_cache/zz_r5_d6_wd0_f7a41cc6e435555da191.npz,256000,2026-08-21T21:16:41+08:00,ibm_kingston,7af4abc6763339615cc42bd00fafb532e3c44a31c14bc574c88456a496136a2f,/home/najeeb/chanLira/channel_lira_results/phase7/stage2_primary/noisy_lira/sample_scores/MNIST_QNN_zz_r5_d6_p7_s144_noisy_shot_sim4.npz,0.538,0.076,0.454,0.378,-0.2310358302199647,5
MNIST_QNN_zz_r5_d6_p7_s144,zz_r5_d6,zz,5,6,144,143,noisy_shot,1,128,128,5,lira_online,0.5239520000000001,0.50254855,0.546937675,200,0.055,0.049,0.115,0.1,1000,1000,16,4096000,True,/home/najeeb/chanLira/channel_lira_results/phase7/stage2_primary/noisy_lira/reference_cache/zz_r5_d6_wd0_f7a41cc6e435555da191.npz,256000,2026-08-21T21:16:41+08:00,ibm_kingston,7af4abc6763339615cc42bd00fafb532e3c44a31c14bc574c88456a496136a2f,/home/najeeb/chanLira/channel_lira_results/phase7/stage2_primary/noisy_lira/sample_scores/MNIST_QNN_zz_r5_d6_p7_s144_noisy_shot_sim5.npz,0.514,0.028,0.607,0.579,-0.097566824657278,5
MNIST_QNN_zz_r5_d6_p7_s144,zz_r5_d6,zz,5,6,144,143,noisy_shot,1,128,128,5,lira_online_fixed_variance,0.52908,0.5056598999999999,0.55267705,200,0.041,0.047,0.101,0.1,1000,1000,16,4096000,True,/home/najeeb/chanLira/channel_lira_results/phase7/stage2_primary/noisy_lira/reference_cache/zz_r5_d6_wd0_f7a41cc6e435555da191.npz,256000,2026-08-21T21:16:41+08:00,ibm_kingston,7af4abc6763339615cc42bd00fafb532e3c44a31c14bc574c88456a496136a2f,/home/najeeb/chanLira/channel_lira_results/phase7/stage2_primary/noisy_lira/sample_scores/MNIST_QNN_zz_r5_d6_p7_s144_noisy_shot_sim5.npz,0.52,0.04,0.607,0.567,-0.0014418598373071,5
MNIST_QNN_zz_r5_d6_p7_s144,zz_r5_d6,zz,5,6,144,143,noisy_shot,1,128,128,5,lira_offline,0.491848,0.4666093,0.51913445,200,0.032,0.05,0.09,0.1,1000,1000,16,4096000,True,/home/najeeb/chanLira/channel_lira_results/phase7/stage2_primary/noisy_lira/reference_cache/zz_r5_d6_wd0_f7a41cc6e435555da191.npz,256000,2026-08-21T21:16:41+08:00,ibm_kingston,7af4abc6763339615cc42bd00fafb532e3c44a31c14bc574c88456a496136a2f,/home/najeeb/chanLira/channel_lira_results/phase7/stage2_primary/noisy_lira/sample_scores/MNIST_QNN_zz_r5_d6_p7_s144_noisy_shot_sim5.npz,0.4875,-0.0249999999999999,0.684,0.709,0.9796532847015474,5
MNIST_QNN_zz_r5_d6_p7_s144,zz_r5_d6,zz,5,6,144,143,noisy_shot,1,128,128,5,lira_offline_fixed_variance,0.477637,0.45183725,0.5026136999999999,200,0.048,0.05,0.068,0.099,1000,1000,16,4096000,True,/home/najeeb/chanLira/channel_lira_results/phase7/stage2_primary/noisy_lira/reference_cache/zz_r5_d6_wd0_f7a41cc6e435555da191.npz,256000,2026-08-21T21:16:41+08:00,ibm_kingston,7af4abc6763339615cc42bd00fafb532e3c44a31c14bc574c88456a496136a2f,/home/najeeb/chanLira/channel_lira_results/phase7/stage2_primary/noisy_lira/sample_scores/MNIST_QNN_zz_r5_d6_p7_s144_noisy_shot_sim5.npz,0.497,-0.006,0.207,0.213,5.463429021435816,5
MNIST_QNN_zz_r5_d6_p7_s144,zz_r5_d6,zz,5,6,144,143,noisy_shot,1,128,128,5,global_true_class_log_odds,0.562414,0.5363534999999999,0.585520725,200,0.074,0.05,0.132,0.099,1000,1000,16,4096000,True,/home/najeeb/chanLira/channel_lira_results/phase7/stage2_primary/noisy_lira/reference_cache/zz_r5_d6_wd0_f7a41cc6e435555da191.npz,256000,2026-08-21T21:16:41+08:00,ibm_kingston,7af4abc6763339615cc42bd00fafb532e3c44a31c14bc574c88456a496136a2f,/home/najeeb/chanLira/channel_lira_results/phase7/stage2_primary/noisy_lira/sample_scores/MNIST_QNN_zz_r5_d6_p7_s144_noisy_shot_sim5.npz,0.553,0.1059999999999999,0.639,0.533,-0.5019521331741235,5
MNIST_QNN_zz_r5_d6_p7_s144,zz_r5_d6,zz,5,6,144,143,noisy_shot,1,128,128,6,lira_online,0.521232,0.4938966,0.546796975,200,0.058,0.05,0.109,0.099,1000,1000,16,4096000,True,/home/najeeb/chanLira/channel_lira_results/phase7/stage2_primary/noisy_lira/reference_cache/zz_r5_d6_wd0_f7a41cc6e435555da191.npz,256000,2026-08-21T21:16:41+08:00,ibm_kingston,7af4abc6763339615cc42bd00fafb532e3c44a31c14bc574c88456a496136a2f,/home/najeeb/chanLira/channel_lira_results/phase7/stage2_primary/noisy_lira/sample_scores/MNIST_QNN_zz_r5_d6_p7_s144_noisy_shot_sim6.npz,0.4995,-0.001,0.516,0.517,-0.017352654084183,5
MNIST_QNN_zz_r5_d6_p7_s144,zz_r5_d6,zz,5,6,144,143,noisy_shot,1,128,128,6,lira_online_fixed_variance,0.519545,0.493012375,0.54542735,200,0.051,0.049,0.115,0.098,1000,1000,16,4096000,True,/home/najeeb/chanLira/channel_lira_results/phase7/stage2_primary/noisy_lira/reference_cache/zz_r5_d6_wd0_f7a41cc6e435555da191.npz,256000,2026-08-21T21:16:41+08:00,ibm_kingston,7af4abc6763339615cc42bd00fafb532e3c44a31c14bc574c88456a496136a2f,/home/najeeb/chanLira/channel_lira_results/phase7/stage2_primary/noisy_lira/sample_scores/MNIST_QNN_zz_r5_d6_p7_s144_noisy_shot_sim6.npz,0.502,0.004,0.805,0.801,-0.4721258188720199,5
MNIST_QNN_zz_r5_d6_p7_s144,zz_r5_d6,zz,5,6,144,143,noisy_shot,1,128,128,6,lira_offline,0.508415,0.48150305,0.5371851750000001,200,0.042,0.049,0.107,0.1,1000,1000,16,4096000,True,/home/najeeb/chanLira/channel_lira_results/phase7/stage2_primary/noisy_lira/reference_cache/zz_r5_d6_wd0_f7a41cc6e435555da191.npz,256000,2026-08-21T21:16:41+08:00,ibm_kingston,7af4abc6763339615cc42bd00fafb532e3c44a31c14bc574c88456a496136a2f,/home/najeeb/chanLira/channel_lira_results/phase7/stage2_primary/noisy_lira/sample_scores/MNIST_QNN_zz_r5_d6_p7_s144_noisy_shot_sim6.npz,0.504,0.008,0.368,0.36,1.62231501952459,5
MNIST_QNN_zz_r5_d6_p7_s144,zz_r5_d6,zz,5,6,144,143,noisy_shot,1,128,128,6,lira_offline_fixed_variance,0.5011950000000001,0.47342755,0.52553415,200,0.041,0.046,0.107,0.1,1000,1000,16,4096000,True,/home/najeeb/chanLira/channel_lira_results/phase7/stage2_primary/noisy_lira/reference_cache/zz_r5_d6_wd0_f7a41cc6e435555da191.npz,256000,2026-08-21T21:16:41+08:00,ibm_kingston,7af4abc6763339615cc42bd00fafb532e3c44a31c14bc574c88456a496136a2f,/home/najeeb/chanLira/channel_lira_results/phase7/stage2_primary/noisy_lira/sample_scores/MNIST_QNN_zz_r5_d6_p7_s144_noisy_shot_sim6.npz,0.494,-0.012,0.545,0.557,1.1565720816283598,5
MNIST_QNN_zz_r5_d6_p7_s144,zz_r5_d6,zz,5,6,144,143,noisy_shot,1,128,128,6,global_true_class_log_odds,0.549654,0.5247090000000001,0.5744493500000001,200,0.073,0.05,0.119,0.099,1000,1000,16,4096000,True,/home/najeeb/chanLira/channel_lira_results/phase7/stage2_primary/noisy_lira/reference_cache/zz_r5_d6_wd0_f7a41cc6e435555da191.npz,256000,2026-08-21T21:16:41+08:00,ibm_kingston,7af4abc6763339615cc42bd00fafb532e3c44a31c14bc574c88456a496136a2f,/home/najeeb/chanLira/channel_lira_results/phase7/stage2_primary/noisy_lira/sample_scores/MNIST_QNN_zz_r5_d6_p7_s144_noisy_shot_sim6.npz,0.5489999999999999,0.0979999999999999,0.566,0.468,-0.376274998999307,5
MNIST_QNN_zz_r5_d6_p7_s144,zz_r5_d6,zz,5,6,144,143,noisy_shot,1,128,128,7,lira_online,0.5230109999999999,0.500897775,0.5469545499999999,200,0.061,0.05,0.122,0.099,1000,1000,16,4096000,True,/home/najeeb/chanLira/channel_lira_results/phase7/stage2_primary/noisy_lira/reference_cache/zz_r5_d6_wd0_f7a41cc6e435555da191.npz,256000,2026-08-21T21:16:41+08:00,ibm_kingston,7af4abc6763339615cc42bd00fafb532e3c44a31c14bc574c88456a496136a2f,/home/najeeb/chanLira/channel_lira_results/phase7/stage2_primary/noisy_lira/sample_scores/MNIST_QNN_zz_r5_d6_p7_s144_noisy_shot_sim7.npz,0.5305,0.061,0.88,0.819,-0.7622349535510777,5
MNIST_QNN_zz_r5_d6_p7_s144,zz_r5_d6,zz,5,6,144,143,noisy_shot,1,128,128,7,lira_online_fixed_variance,0.526937,0.500961275,0.5485962750000001,200,0.055,0.044,0.11,0.1,1000,1000,16,4096000,True,/home/najeeb/chanLira/channel_lira_results/phase7/stage2_primary/noisy_lira/reference_cache/zz_r5_d6_wd0_f7a41cc6e435555da191.npz,256000,2026-08-21T21:16:41+08:00,ibm_kingston,7af4abc6763339615cc42bd00fafb532e3c44a31c14bc574c88456a496136a2f,/home/najeeb/chanLira/channel_lira_results/phase7/stage2_primary/noisy_lira/sample_scores/MNIST_QNN_zz_r5_d6_p7_s144_noisy_shot_sim7.npz,0.516,0.032,0.757,0.725,-0.1256316182216166,5
MNIST_QNN_zz_r5_d6_p7_s144,zz_r5_d6,zz,5,6,144,143,noisy_shot,1,128,128,7,lira_offline,0.4874099999999999,0.464712025,0.5180203250000001,200,0.043,0.05,0.083,0.099,1000,1000,16,4096000,True,/home/najeeb/chanLira/channel_lira_results/phase7/stage2_primary/noisy_lira/reference_cache/zz_r5_d6_wd0_f7a41cc6e435555da191.npz,256000,2026-08-21T21:16:41+08:00,ibm_kingston,7af4abc6763339615cc42bd00fafb532e3c44a31c14bc574c88456a496136a2f,/home/najeeb/chanLira/channel_lira_results/phase7/stage2_primary/noisy_lira/sample_scores/MNIST_QNN_zz_r5_d6_p7_s144_noisy_shot_sim7.npz,0.4775,-0.0449999999999999,0.546,0.591,1.4843140054913733,5
MNIST_QNN_zz_r5_d6_p7_s144,zz_r5_d6,zz,5,6,144,143,noisy_shot,1,128,128,7,lira_offline_fixed_variance,0.4776689999999999,0.456047925,0.508067125,200,0.048,0.049,0.095,0.095,1000,1000,16,4096000,True,/home/najeeb/chanLira/channel_lira_results/phase7/stage2_primary/noisy_lira/reference_cache/zz_r5_d6_wd0_f7a41cc6e435555da191.npz,256000,2026-08-21T21:16:41+08:00,ibm_kingston,7af4abc6763339615cc42bd00fafb532e3c44a31c14bc574c88456a496136a2f,/home/najeeb/chanLira/channel_lira_results/phase7/stage2_primary/noisy_lira/sample_scores/MNIST_QNN_zz_r5_d6_p7_s144_noisy_shot_sim7.npz,0.4895,-0.0209999999999999,0.099,0.12,4.739412800204814,5
MNIST_QNN_zz_r5_d6_p7_s144,zz_r5_d6,zz,5,6,144,143,noisy_shot,1,128,128,7,global_true_class_log_odds,0.565612,0.540277,0.585884525,200,0.065,0.05,0.121,0.098,1000,1000,16,4096000,True,/home/najeeb/chanLira/channel_lira_results/phase7/stage2_primary/noisy_lira/reference_cache/zz_r5_d6_wd0_f7a41cc6e435555da191.npz,256000,2026-08-21T21:16:41+08:00,ibm_kingston,7af4abc6763339615cc42bd00fafb532e3c44a31c14bc574c88456a496136a2f,/home/najeeb/chanLira/channel_lira_results/phase7/stage2_primary/noisy_lira/sample_scores/MNIST_QNN_zz_r5_d6_p7_s144_noisy_shot_sim7.npz,0.542,0.0839999999999999,0.6,0.516,-0.3368522742522913,5
MNIST_QNN_zz_r5_d6_p7_s144,zz_r5_d6,zz,5,6,144,143,noisy_shot,1,128,128,8,lira_online,0.538212,0.51214145,0.5657265,200,0.05,0.05,0.12,0.1,1000,1000,16,4096000,True,/home/najeeb/chanLira/channel_lira_results/phase7/stage2_primary/noisy_lira/reference_cache/zz_r5_d6_wd0_f7a41cc6e435555da191.npz,256000,2026-08-21T21:16:41+08:00,ibm_kingston,7af4abc6763339615cc42bd00fafb532e3c44a31c14bc574c88456a496136a2f,/home/najeeb/chanLira/channel_lira_results/phase7/stage2_primary/noisy_lira/sample_scores/MNIST_QNN_zz_r5_d6_p7_s144_noisy_shot_sim8.npz,0.538,0.0759999999999999,0.736,0.66,-0.2809993242942131,5
MNIST_QNN_zz_r5_d6_p7_s144,zz_r5_d6,zz,5,6,144,143,noisy_shot,1,128,128,8,lira_online_fixed_variance,0.550869,0.5248507,0.57334985,200,0.088,0.05,0.146,0.1,1000,1000,16,4096000,True,/home/najeeb/chanLira/channel_lira_results/phase7/stage2_primary/noisy_lira/reference_cache/zz_r5_d6_wd0_f7a41cc6e435555da191.npz,256000,2026-08-21T21:16:41+08:00,ibm_kingston,7af4abc6763339615cc42bd00fafb532e3c44a31c14bc574c88456a496136a2f,/home/najeeb/chanLira/channel_lira_results/phase7/stage2_primary/noisy_lira/sample_scores/MNIST_QNN_zz_r5_d6_p7_s144_noisy_shot_sim8.npz,0.5305,0.0609999999999999,0.59,0.529,-0.0073792618660013,5
MNIST_QNN_zz_r5_d6_p7_s144,zz_r5_d6,zz,5,6,144,143,noisy_shot,1,128,128,8,lira_offline,0.500358,0.471600325,0.522411925,200,0.034,0.05,0.092,0.1,1000,1000,16,4096000,True,/home/najeeb/chanLira/channel_lira_results/phase7/stage2_primary/noisy_lira/reference_cache/zz_r5_d6_wd0_f7a41cc6e435555da191.npz,256000,2026-08-21T21:16:41+08:00,ibm_kingston,7af4abc6763339615cc42bd00fafb532e3c44a31c14bc574c88456a496136a2f,/home/najeeb/chanLira/channel_lira_results/phase7/stage2_primary/noisy_lira/sample_scores/MNIST_QNN_zz_r5_d6_p7_s144_noisy_shot_sim8.npz,0.494,-0.012,0.295,0.307,1.7170907234246562,5
MNIST_QNN_zz_r5_d6_p7_s144,zz_r5_d6,zz,5,6,144,143,noisy_shot,1,128,128,8,lira_offline_fixed_variance,0.505755,0.479032525,0.5298488250000001,200,0.053,0.048,0.108,0.099,1000,1000,16,4096000,True,/home/najeeb/chanLira/channel_lira_results/phase7/stage2_primary/noisy_lira/reference_cache/zz_r5_d6_wd0_f7a41cc6e435555da191.npz,256000,2026-08-21T21:16:41+08:00,ibm_kingston,7af4abc6763339615cc42bd00fafb532e3c44a31c14bc574c88456a496136a2f,/home/najeeb/chanLira/channel_lira_results/phase7/stage2_primary/noisy_lira/sample_scores/MNIST_QNN_zz_r5_d6_p7_s144_noisy_shot_sim8.npz,0.4865,-0.027,0.567,0.594,1.037631718821288,5
MNIST_QNN_zz_r5_d6_p7_s144,zz_r5_d6,zz,5,6,144,143,noisy_shot,1,128,128,8,global_true_class_log_odds,0.574892,0.552601875,0.598427225,200,0.087,0.05,0.166,0.1,1000,1000,16,4096000,True,/home/najeeb/chanLira/channel_lira_results/phase7/stage2_primary/noisy_lira/reference_cache/zz_r5_d6_wd0_f7a41cc6e435555da191.npz,256000,2026-08-21T21:16:41+08:00,ibm_kingston,7af4abc6763339615cc42bd00fafb532e3c44a31c14bc574c88456a496136a2f,/home/najeeb/chanLira/channel_lira_results/phase7/stage2_primary/noisy_lira/sample_scores/MNIST_QNN_zz_r5_d6_p7_s144_noisy_shot_sim8.npz,0.5595,0.119,0.531,0.412,-0.1648632203927827,5
MNIST_QNN_zz_r5_d6_p7_s144,zz_r5_d6,zz,5,6,144,143,noisy_shot,1,128,128,9,lira_online,0.501981,0.4763364,0.525757575,200,0.037,0.049,0.097,0.1,1000,1000,16,4096000,True,/home/najeeb/chanLira/channel_lira_results/phase7/stage2_primary/noisy_lira/reference_cache/zz_r5_d6_wd0_f7a41cc6e435555da191.npz,256000,2026-08-21T21:16:41+08:00,ibm_kingston,7af4abc6763339615cc42bd00fafb532e3c44a31c14bc574c88456a496136a2f,/home/najeeb/chanLira/channel_lira_results/phase7/stage2_primary/noisy_lira/sample_scores/MNIST_QNN_zz_r5_d6_p7_s144_noisy_shot_sim9.npz,0.502,0.004,0.647,0.643,0.0347215728391854,5
MNIST_QNN_zz_r5_d6_p7_s144,zz_r5_d6,zz,5,6,144,143,noisy_shot,1,128,128,9,lira_online_fixed_variance,0.509906,0.48477035,0.53352475,200,0.052,0.049,0.1,0.094,1000,1000,16,4096000,True,/home/najeeb/chanLira/channel_lira_results/phase7/stage2_primary/noisy_lira/reference_cache/zz_r5_d6_wd0_f7a41cc6e435555da191.npz,256000,2026-08-21T21:16:41+08:00,ibm_kingston,7af4abc6763339615cc42bd00fafb532e3c44a31c14bc574c88456a496136a2f,/home/najeeb/chanLira/channel_lira_results/phase7/stage2_primary/noisy_lira/sample_scores/MNIST_QNN_zz_r5_d6_p7_s144_noisy_shot_sim9.npz,0.496,-0.008,0.503,0.511,-0.0056115198236643,5
MNIST_QNN_zz_r5_d6_p7_s144,zz_r5_d6,zz,5,6,144,143,noisy_shot,1,128,128,9,lira_offline,0.483702,0.4618261,0.506848125,200,0.034,0.047,0.073,0.098,1000,1000,16,4096000,True,/home/najeeb/chanLira/channel_lira_results/phase7/stage2_primary/noisy_lira/reference_cache/zz_r5_d6_wd0_f7a41cc6e435555da191.npz,256000,2026-08-21T21:16:41+08:00,ibm_kingston,7af4abc6763339615cc42bd00fafb532e3c44a31c14bc574c88456a496136a2f,/home/najeeb/chanLira/channel_lira_results/phase7/stage2_primary/noisy_lira/sample_scores/MNIST_QNN_zz_r5_d6_p7_s144_noisy_shot_sim9.npz,0.5015,0.003,0.7,0.697,1.0660149862748731,5
MNIST_QNN_zz_r5_d6_p7_s144,zz_r5_d6,zz,5,6,144,143,noisy_shot,1,128,128,9,lira_offline_fixed_variance,0.476361,0.4535356,0.50042735,200,0.043,0.047,0.081,0.1,1000,1000,16,4096000,True,/home/najeeb/chanLira/channel_lira_results/phase7/stage2_primary/noisy_lira/reference_cache/zz_r5_d6_wd0_f7a41cc6e435555da191.npz,256000,2026-08-21T21:16:41+08:00,ibm_kingston,7af4abc6763339615cc42bd00fafb532e3c44a31c14bc574c88456a496136a2f,/home/najeeb/chanLira/channel_lira_results/phase7/stage2_primary/noisy_lira/sample_scores/MNIST_QNN_zz_r5_d6_p7_s144_noisy_shot_sim9.npz,0.4835,-0.0329999999999999,0.543,0.576,1.015729967817656,5
MNIST_QNN_zz_r5_d6_p7_s144,zz_r5_d6,zz,5,6,144,143,noisy_shot,1,128,128,9,global_true_class_log_odds,0.550306,0.526199275,0.5731645,200,0.068,0.049,0.117,0.1,1000,1000,16,4096000,True,/home/najeeb/chanLira/channel_lira_results/phase7/stage2_primary/noisy_lira/reference_cache/zz_r5_d6_wd0_f7a41cc6e435555da191.npz,256000,2026-08-21T21:16:41+08:00,ibm_kingston,7af4abc6763339615cc42bd00fafb532e3c44a31c14bc574c88456a496136a2f,/home/najeeb/chanLira/channel_lira_results/phase7/stage2_primary/noisy_lira/sample_scores/MNIST_QNN_zz_r5_d6_p7_s144_noisy_shot_sim9.npz,0.523,0.0459999999999999,0.578,0.532,-0.2873218535952451,5
MNIST_QNN_zz_r5_d6_p7_s145,zz_r5_d6,zz,5,6,145,143,noisy_shot,1,128,128,0,lira_online,0.5188130000000001,0.492482775,0.54129755,200,0.055,0.049,0.118,0.099,1000,1000,16,4096000,True,/home/najeeb/chanLira/channel_lira_results/phase7/stage2_primary/noisy_lira/reference_cache/zz_r5_d6_wd0_f7a41cc6e435555da191.npz,256000,2026-08-21T21:16:41+08:00,ibm_kingston,7af4abc6763339615cc42bd00fafb532e3c44a31c14bc574c88456a496136a2f,/home/najeeb/chanLira/channel_lira_results/phase7/stage2_primary/noisy_lira/sample_scores/MNIST_QNN_zz_r5_d6_p7_s145_noisy_shot_sim0.npz,0.5055000000000001,0.011,0.559,0.548,-0.1768923850491512,5
MNIST_QNN_zz_r5_d6_p7_s145,zz_r5_d6,zz,5,6,145,143,noisy_shot,1,128,128,0,lira_online_fixed_variance,0.529992,0.505384975,0.5545086,200,0.059,0.049,0.12,0.1,1000,1000,16,4096000,True,/home/najeeb/chanLira/channel_lira_results/phase7/stage2_primary/noisy_lira/reference_cache/zz_r5_d6_wd0_f7a41cc6e435555da191.npz,256000,2026-08-21T21:16:41+08:00,ibm_kingston,7af4abc6763339615cc42bd00fafb532e3c44a31c14bc574c88456a496136a2f,/home/najeeb/chanLira/channel_lira_results/phase7/stage2_primary/noisy_lira/sample_scores/MNIST_QNN_zz_r5_d6_p7_s145_noisy_shot_sim0.npz,0.521,0.0419999999999999,0.722,0.68,-0.1453901148107366,5
MNIST_QNN_zz_r5_d6_p7_s145,zz_r5_d6,zz,5,6,145,143,noisy_shot,1,128,128,0,lira_offline,0.487461,0.46505545,0.51129725,200,0.052,0.047,0.073,0.096,1000,1000,16,4096000,True,/home/najeeb/chanLira/channel_lira_results/phase7/stage2_primary/noisy_lira/reference_cache/zz_r5_d6_wd0_f7a41cc6e435555da191.npz,256000,2026-08-21T21:16:41+08:00,ibm_kingston,7af4abc6763339615cc42bd00fafb532e3c44a31c14bc574c88456a496136a2f,/home/najeeb/chanLira/channel_lira_results/phase7/stage2_primary/noisy_lira/sample_scores/MNIST_QNN_zz_r5_d6_p7_s145_noisy_shot_sim0.npz,0.5015000000000001,0.003,0.599,0.596,1.2612214246065192,5
MNIST_QNN_zz_r5_d6_p7_s145,zz_r5_d6,zz,5,6,145,143,noisy_shot,1,128,128,0,lira_offline_fixed_variance,0.48729,0.464371025,0.5112927,200,0.04,0.047,0.082,0.1,1000,1000,16,4096000,True,/home/najeeb/chanLira/channel_lira_results/phase7/stage2_primary/noisy_lira/reference_cache/zz_r5_d6_wd0_f7a41cc6e435555da191.npz,256000,2026-08-21T21:16:41+08:00,ibm_kingston,7af4abc6763339615cc42bd00fafb532e3c44a31c14bc574c88456a496136a2f,/home/najeeb/chanLira/channel_lira_results/phase7/stage2_primary/noisy_lira/sample_scores/MNIST_QNN_zz_r5_d6_p7_s145_noisy_shot_sim0.npz,0.4955,-0.009,0.651,0.66,1.1668128436655427,5
MNIST_QNN_zz_r5_d6_p7_s145,zz_r5_d6,zz,5,6,145,143,noisy_shot,1,128,128,0,global_true_class_log_odds,0.542031,0.51549215,0.567457325,200,0.046,0.049,0.126,0.1,1000,1000,16,4096000,True,/home/najeeb/chanLira/channel_lira_results/phase7/stage2_primary/noisy_lira/reference_cache/zz_r5_d6_wd0_f7a41cc6e435555da191.npz,256000,2026-08-21T21:16:41+08:00,ibm_kingston,7af4abc6763339615cc42bd00fafb532e3c44a31c14bc574c88456a496136a2f,/home/najeeb/chanLira/channel_lira_results/phase7/stage2_primary/noisy_lira/sample_scores/MNIST_QNN_zz_r5_d6_p7_s145_noisy_shot_sim0.npz,0.5265,0.053,0.549,0.496,-0.3400757998149188,5
MNIST_QNN_zz_r5_d6_p7_s145,zz_r5_d6,zz,5,6,145,143,noisy_shot,1,128,128,1,lira_online,0.5065660000000001,0.479883575,0.5305132499999999,200,0.058,0.05,0.09,0.099,1000,1000,16,4096000,True,/home/najeeb/chanLira/channel_lira_results/phase7/stage2_primary/noisy_lira/reference_cache/zz_r5_d6_wd0_f7a41cc6e435555da191.npz,256000,2026-08-21T21:16:41+08:00,ibm_kingston,7af4abc6763339615cc42bd00fafb532e3c44a31c14bc574c88456a496136a2f,/home/najeeb/chanLira/channel_lira_results/phase7/stage2_primary/noisy_lira/sample_scores/MNIST_QNN_zz_r5_d6_p7_s145_noisy_shot_sim1.npz,0.4885,-0.0229999999999999,0.685,0.708,-0.2650339886757148,5
MNIST_QNN_zz_r5_d6_p7_s145,zz_r5_d6,zz,5,6,145,143,noisy_shot,1,128,128,1,lira_online_fixed_variance,0.507484,0.4806535249999999,0.534987725,200,0.066,0.05,0.109,0.1,1000,1000,16,4096000,True,/home/najeeb/chanLira/channel_lira_results/phase7/stage2_primary/noisy_lira/reference_cache/zz_r5_d6_wd0_f7a41cc6e435555da191.npz,256000,2026-08-21T21:16:41+08:00,ibm_kingston,7af4abc6763339615cc42bd00fafb532e3c44a31c14bc574c88456a496136a2f,/home/najeeb/chanLira/channel_lira_results/phase7/stage2_primary/noisy_lira/sample_scores/MNIST_QNN_zz_r5_d6_p7_s145_noisy_shot_sim1.npz,0.5155,0.0309999999999999,0.947,0.916,-1.4789184681868155,5
MNIST_QNN_zz_r5_d6_p7_s145,zz_r5_d6,zz,5,6,145,143,noisy_shot,1,128,128,1,lira_offline,0.4842079999999999,0.457686575,0.5075770000000001,200,0.04,0.049,0.084,0.1,1000,1000,16,4096000,True,/home/najeeb/chanLira/channel_lira_results/phase7/stage2_primary/noisy_lira/reference_cache/zz_r5_d6_wd0_f7a41cc6e435555da191.npz,256000,2026-08-21T21:16:41+08:00,ibm_kingston,7af4abc6763339615cc42bd00fafb532e3c44a31c14bc574c88456a496136a2f,/home/najeeb/chanLira/channel_lira_results/phase7/stage2_primary/noisy_lira/sample_scores/MNIST_QNN_zz_r5_d6_p7_s145_noisy_shot_sim1.npz,0.488,-0.024,0.731,0.755,0.0731347445252159,5
MNIST_QNN_zz_r5_d6_p7_s145,zz_r5_d6,zz,5,6,145,143,noisy_shot,1,128,128,1,lira_offline_fixed_variance,0.483211,0.46009935,0.508220075,200,0.041,0.045,0.104,0.099,1000,1000,16,4096000,True,/home/najeeb/chanLira/channel_lira_results/phase7/stage2_primary/noisy_lira/reference_cache/zz_r5_d6_wd0_f7a41cc6e435555da191.npz,256000,2026-08-21T21:16:41+08:00,ibm_kingston,7af4abc6763339615cc42bd00fafb532e3c44a31c14bc574c88456a496136a2f,/home/najeeb/chanLira/channel_lira_results/phase7/stage2_primary/noisy_lira/sample_scores/MNIST_QNN_zz_r5_d6_p7_s145_noisy_shot_sim1.npz,0.4905,-0.019,0.419,0.438,2.895777592421888,5
MNIST_QNN_zz_r5_d6_p7_s145,zz_r5_d6,zz,5,6,145,143,noisy_shot,1,128,128,1,global_true_class_log_odds,0.543283,0.521296675,0.5705292000000001,200,0.057,0.05,0.112,0.1,1000,1000,16,4096000,True,/home/najeeb/chanLira/channel_lira_results/phase7/stage2_primary/noisy_lira/reference_cache/zz_r5_d6_wd0_f7a41cc6e435555da191.npz,256000,2026-08-21T21:16:41+08:00,ibm_kingston,7af4abc6763339615cc42bd00fafb532e3c44a31c14bc574c88456a496136a2f,/home/najeeb/chanLira/channel_lira_results/phase7/stage2_primary/noisy_lira/sample_scores/MNIST_QNN_zz_r5_d6_p7_s145_noisy_shot_sim1.npz,0.5255,0.051,0.466,0.415,0.2389300931504189,5
MNIST_QNN_zz_r5_d6_p7_s145,zz_r5_d6,zz,5,6,145,143,noisy_shot,1,128,128,2,lira_online,0.514883,0.49091625,0.533876575,200,0.061,0.049,0.102,0.1,1000,1000,16,4096000,True,/home/najeeb/chanLira/channel_lira_results/phase7/stage2_primary/noisy_lira/reference_cache/zz_r5_d6_wd0_f7a41cc6e435555da191.npz,256000,2026-08-21T21:16:41+08:00,ibm_kingston,7af4abc6763339615cc42bd00fafb532e3c44a31c14bc574c88456a496136a2f,/home/najeeb/chanLira/channel_lira_results/phase7/stage2_primary/noisy_lira/sample_scores/MNIST_QNN_zz_r5_d6_p7_s145_noisy_shot_sim2.npz,0.51,0.02,0.639,0.619,-0.3975594466889038,5
MNIST_QNN_zz_r5_d6_p7_s145,zz_r5_d6,zz,5,6,145,143,noisy_shot,1,128,128,2,lira_online_fixed_variance,0.5308710000000001,0.5069342250000001,0.556611075,200,0.062,0.05,0.101,0.1,1000,1000,16,4096000,True,/home/najeeb/chanLira/channel_lira_results/phase7/stage2_primary/noisy_lira/reference_cache/zz_r5_d6_wd0_f7a41cc6e435555da191.npz,256000,2026-08-21T21:16:41+08:00,ibm_kingston,7af4abc6763339615cc42bd00fafb532e3c44a31c14bc574c88456a496136a2f,/home/najeeb/chanLira/channel_lira_results/phase7/stage2_primary/noisy_lira/sample_scores/MNIST_QNN_zz_r5_d6_p7_s145_noisy_shot_sim2.npz,0.532,0.0639999999999999,0.75,0.686,-0.0426271203772463,5
MNIST_QNN_zz_r5_d6_p7_s145,zz_r5_d6,zz,5,6,145,143,noisy_shot,1,128,128,2,lira_offline,0.499594,0.4782538,0.5257101750000001,200,0.05,0.05,0.105,0.1,1000,1000,16,4096000,True,/home/najeeb/chanLira/channel_lira_results/phase7/stage2_primary/noisy_lira/reference_cache/zz_r5_d6_wd0_f7a41cc6e435555da191.npz,256000,2026-08-21T21:16:41+08:00,ibm_kingston,7af4abc6763339615cc42bd00fafb532e3c44a31c14bc574c88456a496136a2f,/home/najeeb/chanLira/channel_lira_results/phase7/stage2_primary/noisy_lira/sample_scores/MNIST_QNN_zz_r5_d6_p7_s145_noisy_shot_sim2.npz,0.4895,-0.021,0.636,0.657,1.2602005778102048,5
MNIST_QNN_zz_r5_d6_p7_s145,zz_r5_d6,zz,5,6,145,143,noisy_shot,1,128,128,2,lira_offline_fixed_variance,0.4897169999999999,0.46486295,0.5156654,200,0.046,0.05,0.096,0.099,1000,1000,16,4096000,True,/home/najeeb/chanLira/channel_lira_results/phase7/stage2_primary/noisy_lira/reference_cache/zz_r5_d6_wd0_f7a41cc6e435555da191.npz,256000,2026-08-21T21:16:41+08:00,ibm_kingston,7af4abc6763339615cc42bd00fafb532e3c44a31c14bc574c88456a496136a2f,/home/najeeb/chanLira/channel_lira_results/phase7/stage2_primary/noisy_lira/sample_scores/MNIST_QNN_zz_r5_d6_p7_s145_noisy_shot_sim2.npz,0.488,-0.024,0.431,0.455,1.4427755108715634,5
MNIST_QNN_zz_r5_d6_p7_s145,zz_r5_d6,zz,5,6,145,143,noisy_shot,1,128,128,2,global_true_class_log_odds,0.5483499999999999,0.5241408,0.57775135,200,0.062,0.05,0.129,0.1,1000,1000,16,4096000,True,/home/najeeb/chanLira/channel_lira_results/phase7/stage2_primary/noisy_lira/reference_cache/zz_r5_d6_wd0_f7a41cc6e435555da191.npz,256000,2026-08-21T21:16:41+08:00,ibm_kingston,7af4abc6763339615cc42bd00fafb532e3c44a31c14bc574c88456a496136a2f,/home/najeeb/chanLira/channel_lira_results/phase7/stage2_primary/noisy_lira/sample_scores/MNIST_QNN_zz_r5_d6_p7_s145_noisy_shot_sim2.npz,0.538,0.076,0.671,0.595,-0.6351391344465236,5
MNIST_QNN_zz_r5_d6_p7_s145,zz_r5_d6,zz,5,6,145,143,noisy_shot,1,128,128,3,lira_online,0.5241439999999999,0.500138325,0.549242775,200,0.051,0.05,0.115,0.1,1000,1000,16,4096000,True,/home/najeeb/chanLira/channel_lira_results/phase7/stage2_primary/noisy_lira/reference_cache/zz_r5_d6_wd0_f7a41cc6e435555da191.npz,256000,2026-08-21T21:16:41+08:00,ibm_kingston,7af4abc6763339615cc42bd00fafb532e3c44a31c14bc574c88456a496136a2f,/home/najeeb/chanLira/channel_lira_results/phase7/stage2_primary/noisy_lira/sample_scores/MNIST_QNN_zz_r5_d6_p7_s145_noisy_shot_sim3.npz,0.509,0.018,0.521,0.503,0.0344601910542987,5
MNIST_QNN_zz_r5_d6_p7_s145,zz_r5_d6,zz,5,6,145,143,noisy_shot,1,128,128,3,lira_online_fixed_variance,0.5223800000000001,0.4981683,0.5481313,200,0.063,0.049,0.114,0.099,1000,1000,16,4096000,True,/home/najeeb/chanLira/channel_lira_results/phase7/stage2_primary/noisy_lira/reference_cache/zz_r5_d6_wd0_f7a41cc6e435555da191.npz,256000,2026-08-21T21:16:41+08:00,ibm_kingston,7af4abc6763339615cc42bd00fafb532e3c44a31c14bc574c88456a496136a2f,/home/najeeb/chanLira/channel_lira_results/phase7/stage2_primary/noisy_lira/sample_scores/MNIST_QNN_zz_r5_d6_p7_s145_noisy_shot_sim3.npz,0.5045,0.009,0.629,0.62,-0.1057094296206375,5
MNIST_QNN_zz_r5_d6_p7_s145,zz_r5_d6,zz,5,6,145,143,noisy_shot,1,128,128,3,lira_offline,0.518107,0.487615575,0.54442025,200,0.072,0.05,0.135,0.099,1000,1000,16,4096000,True,/home/najeeb/chanLira/channel_lira_results/phase7/stage2_primary/noisy_lira/reference_cache/zz_r5_d6_wd0_f7a41cc6e435555da191.npz,256000,2026-08-21T21:16:41+08:00,ibm_kingston,7af4abc6763339615cc42bd00fafb532e3c44a31c14bc574c88456a496136a2f,/home/najeeb/chanLira/channel_lira_results/phase7/stage2_primary/noisy_lira/sample_scores/MNIST_QNN_zz_r5_d6_p7_s145_noisy_shot_sim3.npz,0.4955,-0.009,0.331,0.34,2.1040530163129496,5
MNIST_QNN_zz_r5_d6_p7_s145,zz_r5_d6,zz,5,6,145,143,noisy_shot,1,128,128,3,lira_offline_fixed_variance,0.518586,0.494081325,0.546025125,200,0.065,0.05,0.128,0.098,1000,1000,16,4096000,True,/home/najeeb/chanLira/channel_lira_results/phase7/stage2_primary/noisy_lira/reference_cache/zz_r5_d6_wd0_f7a41cc6e435555da191.npz,256000,2026-08-21T21:16:41+08:00,ibm_kingston,7af4abc6763339615cc42bd00fafb532e3c44a31c14bc574c88456a496136a2f,/home/najeeb/chanLira/channel_lira_results/phase7/stage2_primary/noisy_lira/sample_scores/MNIST_QNN_zz_r5_d6_p7_s145_noisy_shot_sim3.npz,0.526,0.0519999999999999,0.369,0.317,1.527293310204625,5
MNIST_QNN_zz_r5_d6_p7_s145,zz_r5_d6,zz,5,6,145,143,noisy_shot,1,128,128,3,global_true_class_log_odds,0.540965,0.5161919,0.571186525,200,0.064,0.05,0.151,0.098,1000,1000,16,4096000,True,/home/najeeb/chanLira/channel_lira_results/phase7/stage2_primary/noisy_lira/reference_cache/zz_r5_d6_wd0_f7a41cc6e435555da191.npz,256000,2026-08-21T21:16:41+08:00,ibm_kingston,7af4abc6763339615cc42bd00fafb532e3c44a31c14bc574c88456a496136a2f,/home/najeeb/chanLira/channel_lira_results/phase7/stage2_primary/noisy_lira/sample_scores/MNIST_QNN_zz_r5_d6_p7_s145_noisy_shot_sim3.npz,0.523,0.0459999999999999,0.386,0.34,0.8955863003712314,5
MNIST_QNN_zz_r5_d6_p7_s145,zz_r5_d6,zz,5,6,145,143,noisy_shot,1,128,128,4,lira_online,0.534654,0.509640525,0.5620752999999999,200,0.059,0.05,0.12,0.1,1000,1000,16,4096000,True,/home/najeeb/chanLira/channel_lira_results/phase7/stage2_primary/noisy_lira/reference_cache/zz_r5_d6_wd0_f7a41cc6e435555da191.npz,256000,2026-08-21T21:16:41+08:00,ibm_kingston,7af4abc6763339615cc42bd00fafb532e3c44a31c14bc574c88456a496136a2f,/home/najeeb/chanLira/channel_lira_results/phase7/stage2_primary/noisy_lira/sample_scores/MNIST_QNN_zz_r5_d6_p7_s145_noisy_shot_sim4.npz,0.521,0.042,0.733,0.691,-0.4922548834549296,5
MNIST_QNN_zz_r5_d6_p7_s145,zz_r5_d6,zz,5,6,145,143,noisy_shot,1,128,128,4,lira_online_fixed_variance,0.53878,0.5162153,0.563818525,200,0.077,0.05,0.115,0.097,1000,1000,16,4096000,True,/home/najeeb/chanLira/channel_lira_results/phase7/stage2_primary/noisy_lira/reference_cache/zz_r5_d6_wd0_f7a41cc6e435555da191.npz,256000,2026-08-21T21:16:41+08:00,ibm_kingston,7af4abc6763339615cc42bd00fafb532e3c44a31c14bc574c88456a496136a2f,/home/najeeb/chanLira/channel_lira_results/phase7/stage2_primary/noisy_lira/sample_scores/MNIST_QNN_zz_r5_d6_p7_s145_noisy_shot_sim4.npz,0.5375,0.0749999999999999,0.734,0.659,-0.0947047190746714,5
MNIST_QNN_zz_r5_d6_p7_s145,zz_r5_d6,zz,5,6,145,143,noisy_shot,1,128,128,4,lira_offline,0.501292,0.474547375,0.525201975,200,0.045,0.05,0.09,0.1,1000,1000,16,4096000,True,/home/najeeb/chanLira/channel_lira_results/phase7/stage2_primary/noisy_lira/reference_cache/zz_r5_d6_wd0_f7a41cc6e435555da191.npz,256000,2026-08-21T21:16:41+08:00,ibm_kingston,7af4abc6763339615cc42bd00fafb532e3c44a31c14bc574c88456a496136a2f,/home/najeeb/chanLira/channel_lira_results/phase7/stage2_primary/noisy_lira/sample_scores/MNIST_QNN_zz_r5_d6_p7_s145_noisy_shot_sim4.npz,0.483,-0.0339999999999999,0.534,0.568,1.2943586350480212,5
MNIST_QNN_zz_r5_d6_p7_s145,zz_r5_d6,zz,5,6,145,143,noisy_shot,1,128,128,4,lira_offline_fixed_variance,0.499746,0.470810125,0.52148455,200,0.052,0.05,0.104,0.1,1000,1000,16,4096000,True,/home/najeeb/chanLira/channel_lira_results/phase7/stage2_primary/noisy_lira/reference_cache/zz_r5_d6_wd0_f7a41cc6e435555da191.npz,256000,2026-08-21T21:16:41+08:00,ibm_kingston,7af4abc6763339615cc42bd00fafb532e3c44a31c14bc574c88456a496136a2f,/home/najeeb/chanLira/channel_lira_results/phase7/stage2_primary/noisy_lira/sample_scores/MNIST_QNN_zz_r5_d6_p7_s145_noisy_shot_sim4.npz,0.498,-0.004,0.721,0.725,1.1209370436845645,5
MNIST_QNN_zz_r5_d6_p7_s145,zz_r5_d6,zz,5,6,145,143,noisy_shot,1,128,128,4,global_true_class_log_odds,0.538905,0.5128298,0.5613927750000001,200,0.06,0.049,0.123,0.098,1000,1000,16,4096000,True,/home/najeeb/chanLira/channel_lira_results/phase7/stage2_primary/noisy_lira/reference_cache/zz_r5_d6_wd0_f7a41cc6e435555da191.npz,256000,2026-08-21T21:16:41+08:00,ibm_kingston,7af4abc6763339615cc42bd00fafb532e3c44a31c14bc574c88456a496136a2f,/home/najeeb/chanLira/channel_lira_results/phase7/stage2_primary/noisy_lira/sample_scores/MNIST_QNN_zz_r5_d6_p7_s145_noisy_shot_sim4.npz,0.5195000000000001,0.039,0.686,0.647,-1.1370929920872752,5
MNIST_QNN_zz_r5_d6_p7_s145,zz_r5_d6,zz,5,6,145,143,noisy_shot,1,128,128,5,lira_online,0.526272,0.498335075,0.55311855,200,0.057,0.049,0.109,0.098,1000,1000,16,4096000,True,/home/najeeb/chanLira/channel_lira_results/phase7/stage2_primary/noisy_lira/reference_cache/zz_r5_d6_wd0_f7a41cc6e435555da191.npz,256000,2026-08-21T21:16:41+08:00,ibm_kingston,7af4abc6763339615cc42bd00fafb532e3c44a31c14bc574c88456a496136a2f,/home/najeeb/chanLira/channel_lira_results/phase7/stage2_primary/noisy_lira/sample_scores/MNIST_QNN_zz_r5_d6_p7_s145_noisy_shot_sim5.npz,0.5295000000000001,0.059,0.68,0.621,-0.2141782554526003,5
MNIST_QNN_zz_r5_d6_p7_s145,zz_r5_d6,zz,5,6,145,143,noisy_shot,1,128,128,5,lira_online_fixed_variance,0.53325,0.5128691000000001,0.557618425,200,0.065,0.048,0.126,0.1,1000,1000,16,4096000,True,/home/najeeb/chanLira/channel_lira_results/phase7/stage2_primary/noisy_lira/reference_cache/zz_r5_d6_wd0_f7a41cc6e435555da191.npz,256000,2026-08-21T21:16:41+08:00,ibm_kingston,7af4abc6763339615cc42bd00fafb532e3c44a31c14bc574c88456a496136a2f,/home/najeeb/chanLira/channel_lira_results/phase7/stage2_primary/noisy_lira/sample_scores/MNIST_QNN_zz_r5_d6_p7_s145_noisy_shot_sim5.npz,0.5185,0.037,0.676,0.639,-0.1502259154722824,5
MNIST_QNN_zz_r5_d6_p7_s145,zz_r5_d6,zz,5,6,145,143,noisy_shot,1,128,128,5,lira_offline,0.508859,0.484213625,0.533540575,200,0.046,0.048,0.092,0.099,1000,1000,16,4096000,True,/home/najeeb/chanLira/channel_lira_results/phase7/stage2_primary/noisy_lira/reference_cache/zz_r5_d6_wd0_f7a41cc6e435555da191.npz,256000,2026-08-21T21:16:41+08:00,ibm_kingston,7af4abc6763339615cc42bd00fafb532e3c44a31c14bc574c88456a496136a2f,/home/najeeb/chanLira/channel_lira_results/phase7/stage2_primary/noisy_lira/sample_scores/MNIST_QNN_zz_r5_d6_p7_s145_noisy_shot_sim5.npz,0.4965,-0.007,0.537,0.544,1.3428589761424587,5
MNIST_QNN_zz_r5_d6_p7_s145,zz_r5_d6,zz,5,6,145,143,noisy_shot,1,128,128,5,lira_offline_fixed_variance,0.50586,0.479819425,0.5277246999999999,200,0.057,0.048,0.11,0.099,1000,1000,16,4096000,True,/home/najeeb/chanLira/channel_lira_results/phase7/stage2_primary/noisy_lira/reference_cache/zz_r5_d6_wd0_f7a41cc6e435555da191.npz,256000,2026-08-21T21:16:41+08:00,ibm_kingston,7af4abc6763339615cc42bd00fafb532e3c44a31c14bc574c88456a496136a2f,/home/najeeb/chanLira/channel_lira_results/phase7/stage2_primary/noisy_lira/sample_scores/MNIST_QNN_zz_r5_d6_p7_s145_noisy_shot_sim5.npz,0.4955,-0.009,0.51,0.519,1.2713475294562266,5
MNIST_QNN_zz_r5_d6_p7_s145,zz_r5_d6,zz,5,6,145,143,noisy_shot,1,128,128,5,global_true_class_log_odds,0.5557719999999999,0.5304336749999999,0.578222675,200,0.048,0.05,0.128,0.1,1000,1000,16,4096000,True,/home/najeeb/chanLira/channel_lira_results/phase7/stage2_primary/noisy_lira/reference_cache/zz_r5_d6_wd0_f7a41cc6e435555da191.npz,256000,2026-08-21T21:16:41+08:00,ibm_kingston,7af4abc6763339615cc42bd00fafb532e3c44a31c14bc574c88456a496136a2f,/home/najeeb/chanLira/channel_lira_results/phase7/stage2_primary/noisy_lira/sample_scores/MNIST_QNN_zz_r5_d6_p7_s145_noisy_shot_sim5.npz,0.535,0.07,0.456,0.386,0.282182591813393,5
MNIST_QNN_zz_r5_d6_p7_s145,zz_r5_d6,zz,5,6,145,143,noisy_shot,1,128,128,6,lira_online,0.533656,0.5068569500000001,0.5628393500000001,200,0.061,0.049,0.129,0.1,1000,1000,16,4096000,True,/home/najeeb/chanLira/channel_lira_results/phase7/stage2_primary/noisy_lira/reference_cache/zz_r5_d6_wd0_f7a41cc6e435555da191.npz,256000,2026-08-21T21:16:41+08:00,ibm_kingston,7af4abc6763339615cc42bd00fafb532e3c44a31c14bc574c88456a496136a2f,/home/najeeb/chanLira/channel_lira_results/phase7/stage2_primary/noisy_lira/sample_scores/MNIST_QNN_zz_r5_d6_p7_s145_noisy_shot_sim6.npz,0.5385,0.0769999999999999,0.628,0.551,-0.0860092425593037,5
MNIST_QNN_zz_r5_d6_p7_s145,zz_r5_d6,zz,5,6,145,143,noisy_shot,1,128,128,6,lira_online_fixed_variance,0.53466,0.5112038999999999,0.5537113,200,0.064,0.05,0.123,0.1,1000,1000,16,4096000,True,/home/najeeb/chanLira/channel_lira_results/phase7/stage2_primary/noisy_lira/reference_cache/zz_r5_d6_wd0_f7a41cc6e435555da191.npz,256000,2026-08-21T21:16:41+08:00,ibm_kingston,7af4abc6763339615cc42bd00fafb532e3c44a31c14bc574c88456a496136a2f,/home/najeeb/chanLira/channel_lira_results/phase7/stage2_primary/noisy_lira/sample_scores/MNIST_QNN_zz_r5_d6_p7_s145_noisy_shot_sim6.npz,0.5215,0.0429999999999999,0.449,0.406,0.1136108437638466,5
MNIST_QNN_zz_r5_d6_p7_s145,zz_r5_d6,zz,5,6,145,143,noisy_shot,1,128,128,6,lira_offline,0.519914,0.491729275,0.546312825,200,0.056,0.049,0.114,0.099,1000,1000,16,4096000,True,/home/najeeb/chanLira/channel_lira_results/phase7/stage2_primary/noisy_lira/reference_cache/zz_r5_d6_wd0_f7a41cc6e435555da191.npz,256000,2026-08-21T21:16:41+08:00,ibm_kingston,7af4abc6763339615cc42bd00fafb532e3c44a31c14bc574c88456a496136a2f,/home/najeeb/chanLira/channel_lira_results/phase7/stage2_primary/noisy_lira/sample_scores/MNIST_QNN_zz_r5_d6_p7_s145_noisy_shot_sim6.npz,0.502,0.004,0.389,0.385,1.4153670265137457,5
MNIST_QNN_zz_r5_d6_p7_s145,zz_r5_d6,zz,5,6,145,143,noisy_shot,1,128,128,6,lira_offline_fixed_variance,0.518338,0.496301275,0.5411157249999999,200,0.048,0.049,0.115,0.096,1000,1000,16,4096000,True,/home/najeeb/chanLira/channel_lira_results/phase7/stage2_primary/noisy_lira/reference_cache/zz_r5_d6_wd0_f7a41cc6e435555da191.npz,256000,2026-08-21T21:16:41+08:00,ibm_kingston,7af4abc6763339615cc42bd00fafb532e3c44a31c14bc574c88456a496136a2f,/home/najeeb/chanLira/channel_lira_results/phase7/stage2_primary/noisy_lira/sample_scores/MNIST_QNN_zz_r5_d6_p7_s145_noisy_shot_sim6.npz,0.5249999999999999,0.0499999999999999,0.701,0.651,1.0934066309870272,5
MNIST_QNN_zz_r5_d6_p7_s145,zz_r5_d6,zz,5,6,145,143,noisy_shot,1,128,128,6,global_true_class_log_odds,0.537092,0.512509275,0.562634875,200,0.055,0.05,0.128,0.097,1000,1000,16,4096000,True,/home/najeeb/chanLira/channel_lira_results/phase7/stage2_primary/noisy_lira/reference_cache/zz_r5_d6_wd0_f7a41cc6e435555da191.npz,256000,2026-08-21T21:16:41+08:00,ibm_kingston,7af4abc6763339615cc42bd00fafb532e3c44a31c14bc574c88456a496136a2f,/home/najeeb/chanLira/channel_lira_results/phase7/stage2_primary/noisy_lira/sample_scores/MNIST_QNN_zz_r5_d6_p7_s145_noisy_shot_sim6.npz,0.526,0.0519999999999999,0.564,0.512,-0.0860281877011542,5
MNIST_QNN_zz_r5_d6_p7_s145,zz_r5_d6,zz,5,6,145,143,noisy_shot,1,128,128,7,lira_online,0.530578,0.5094455750000001,0.553110025,200,0.042,0.048,0.08,0.099,1000,1000,16,4096000,True,/home/najeeb/chanLira/channel_lira_results/phase7/stage2_primary/noisy_lira/reference_cache/zz_r5_d6_wd0_f7a41cc6e435555da191.npz,256000,2026-08-21T21:16:41+08:00,ibm_kingston,7af4abc6763339615cc42bd00fafb532e3c44a31c14bc574c88456a496136a2f,/home/najeeb/chanLira/channel_lira_results/phase7/stage2_primary/noisy_lira/sample_scores/MNIST_QNN_zz_r5_d6_p7_s145_noisy_shot_sim7.npz,0.52,0.0399999999999999,0.587,0.547,0.0296150285061693,5
MNIST_QNN_zz_r5_d6_p7_s145,zz_r5_d6,zz,5,6,145,143,noisy_shot,1,128,128,7,lira_online_fixed_variance,0.532819,0.508062875,0.55944815,200,0.048,0.05,0.108,0.098,1000,1000,16,4096000,True,/home/najeeb/chanLira/channel_lira_results/phase7/stage2_primary/noisy_lira/reference_cache/zz_r5_d6_wd0_f7a41cc6e435555da191.npz,256000,2026-08-21T21:16:41+08:00,ibm_kingston,7af4abc6763339615cc42bd00fafb532e3c44a31c14bc574c88456a496136a2f,/home/najeeb/chanLira/channel_lira_results/phase7/stage2_primary/noisy_lira/sample_scores/MNIST_QNN_zz_r5_d6_p7_s145_noisy_shot_sim7.npz,0.5295,0.059,0.755,0.696,-0.1785729671548785,5
MNIST_QNN_zz_r5_d6_p7_s145,zz_r5_d6,zz,5,6,145,143,noisy_shot,1,128,128,7,lira_offline,0.492237,0.463596775,0.5143694249999999,200,0.049,0.05,0.09,0.098,1000,1000,16,4096000,True,/home/najeeb/chanLira/channel_lira_results/phase7/stage2_primary/noisy_lira/reference_cache/zz_r5_d6_wd0_f7a41cc6e435555da191.npz,256000,2026-08-21T21:16:41+08:00,ibm_kingston,7af4abc6763339615cc42bd00fafb532e3c44a31c14bc574c88456a496136a2f,/home/najeeb/chanLira/channel_lira_results/phase7/stage2_primary/noisy_lira/sample_scores/MNIST_QNN_zz_r5_d6_p7_s145_noisy_shot_sim7.npz,0.4885,-0.023,0.754,0.777,0.7959708672438932,5
MNIST_QNN_zz_r5_d6_p7_s145,zz_r5_d6,zz,5,6,145,143,noisy_shot,1,128,128,7,lira_offline_fixed_variance,0.4909489999999999,0.46519065,0.5162389000000001,200,0.038,0.05,0.079,0.099,1000,1000,16,4096000,True,/home/najeeb/chanLira/channel_lira_results/phase7/stage2_primary/noisy_lira/reference_cache/zz_r5_d6_wd0_f7a41cc6e435555da191.npz,256000,2026-08-21T21:16:41+08:00,ibm_kingston,7af4abc6763339615cc42bd00fafb532e3c44a31c14bc574c88456a496136a2f,/home/najeeb/chanLira/channel_lira_results/phase7/stage2_primary/noisy_lira/sample_scores/MNIST_QNN_zz_r5_d6_p7_s145_noisy_shot_sim7.npz,0.4955,-0.009,0.638,0.647,1.1034426280500775,5
MNIST_QNN_zz_r5_d6_p7_s145,zz_r5_d6,zz,5,6,145,143,noisy_shot,1,128,128,7,global_true_class_log_odds,0.551366,0.525339725,0.577619075,200,0.047,0.048,0.108,0.098,1000,1000,16,4096000,True,/home/najeeb/chanLira/channel_lira_results/phase7/stage2_primary/noisy_lira/reference_cache/zz_r5_d6_wd0_f7a41cc6e435555da191.npz,256000,2026-08-21T21:16:41+08:00,ibm_kingston,7af4abc6763339615cc42bd00fafb532e3c44a31c14bc574c88456a496136a2f,/home/najeeb/chanLira/channel_lira_results/phase7/stage2_primary/noisy_lira/sample_scores/MNIST_QNN_zz_r5_d6_p7_s145_noisy_shot_sim7.npz,0.5385,0.0769999999999999,0.613,0.536,-0.5500808540524741,5
MNIST_QNN_zz_r5_d6_p7_s145,zz_r5_d6,zz,5,6,145,143,noisy_shot,1,128,128,8,lira_online,0.498189,0.4724478,0.522395425,200,0.043,0.049,0.08,0.099,1000,1000,16,4096000,True,/home/najeeb/chanLira/channel_lira_results/phase7/stage2_primary/noisy_lira/reference_cache/zz_r5_d6_wd0_f7a41cc6e435555da191.npz,256000,2026-08-21T21:16:41+08:00,ibm_kingston,7af4abc6763339615cc42bd00fafb532e3c44a31c14bc574c88456a496136a2f,/home/najeeb/chanLira/channel_lira_results/phase7/stage2_primary/noisy_lira/sample_scores/MNIST_QNN_zz_r5_d6_p7_s145_noisy_shot_sim8.npz,0.5015000000000001,0.003,0.772,0.769,-0.561575090077444,5
MNIST_QNN_zz_r5_d6_p7_s145,zz_r5_d6,zz,5,6,145,143,noisy_shot,1,128,128,8,lira_online_fixed_variance,0.5181899999999999,0.489168275,0.542300925,200,0.056,0.049,0.094,0.098,1000,1000,16,4096000,True,/home/najeeb/chanLira/channel_lira_results/phase7/stage2_primary/noisy_lira/reference_cache/zz_r5_d6_wd0_f7a41cc6e435555da191.npz,256000,2026-08-21T21:16:41+08:00,ibm_kingston,7af4abc6763339615cc42bd00fafb532e3c44a31c14bc574c88456a496136a2f,/home/najeeb/chanLira/channel_lira_results/phase7/stage2_primary/noisy_lira/sample_scores/MNIST_QNN_zz_r5_d6_p7_s145_noisy_shot_sim8.npz,0.5165,0.0329999999999999,0.565,0.532,-0.0293354294374881,5
MNIST_QNN_zz_r5_d6_p7_s145,zz_r5_d6,zz,5,6,145,143,noisy_shot,1,128,128,8,lira_offline,0.491453,0.4612104999999999,0.515003,200,0.031,0.05,0.073,0.097,1000,1000,16,4096000,True,/home/najeeb/chanLira/channel_lira_results/phase7/stage2_primary/noisy_lira/reference_cache/zz_r5_d6_wd0_f7a41cc6e435555da191.npz,256000,2026-08-21T21:16:41+08:00,ibm_kingston,7af4abc6763339615cc42bd00fafb532e3c44a31c14bc574c88456a496136a2f,/home/najeeb/chanLira/channel_lira_results/phase7/stage2_primary/noisy_lira/sample_scores/MNIST_QNN_zz_r5_d6_p7_s145_noisy_shot_sim8.npz,0.4905,-0.0189999999999999,0.554,0.573,1.3463631471405393,5
MNIST_QNN_zz_r5_d6_p7_s145,zz_r5_d6,zz,5,6,145,143,noisy_shot,1,128,128,8,lira_offline_fixed_variance,0.497335,0.475392375,0.5203510499999999,200,0.059,0.047,0.095,0.1,1000,1000,16,4096000,True,/home/najeeb/chanLira/channel_lira_results/phase7/stage2_primary/noisy_lira/reference_cache/zz_r5_d6_wd0_f7a41cc6e435555da191.npz,256000,2026-08-21T21:16:41+08:00,ibm_kingston,7af4abc6763339615cc42bd00fafb532e3c44a31c14bc574c88456a496136a2f,/home/najeeb/chanLira/channel_lira_results/phase7/stage2_primary/noisy_lira/sample_scores/MNIST_QNN_zz_r5_d6_p7_s145_noisy_shot_sim8.npz,0.4875,-0.025,0.487,0.512,1.2316367399662522,5
MNIST_QNN_zz_r5_d6_p7_s145,zz_r5_d6,zz,5,6,145,143,noisy_shot,1,128,128,8,global_true_class_log_odds,0.540432,0.512938975,0.56433245,200,0.061,0.046,0.117,0.097,1000,1000,16,4096000,True,/home/najeeb/chanLira/channel_lira_results/phase7/stage2_primary/noisy_lira/reference_cache/zz_r5_d6_wd0_f7a41cc6e435555da191.npz,256000,2026-08-21T21:16:41+08:00,ibm_kingston,7af4abc6763339615cc42bd00fafb532e3c44a31c14bc574c88456a496136a2f,/home/najeeb/chanLira/channel_lira_results/phase7/stage2_primary/noisy_lira/sample_scores/MNIST_QNN_zz_r5_d6_p7_s145_noisy_shot_sim8.npz,0.5365,0.0729999999999999,0.719,0.646,-0.7542906851745287,5
MNIST_QNN_zz_r5_d6_p7_s145,zz_r5_d6,zz,5,6,145,143,noisy_shot,1,128,128,9,lira_online,0.500076,0.47585475,0.521833475,200,0.055,0.05,0.095,0.1,1000,1000,16,4096000,True,/home/najeeb/chanLira/channel_lira_results/phase7/stage2_primary/noisy_lira/reference_cache/zz_r5_d6_wd0_f7a41cc6e435555da191.npz,256000,2026-08-21T21:16:41+08:00,ibm_kingston,7af4abc6763339615cc42bd00fafb532e3c44a31c14bc574c88456a496136a2f,/home/najeeb/chanLira/channel_lira_results/phase7/stage2_primary/noisy_lira/sample_scores/MNIST_QNN_zz_r5_d6_p7_s145_noisy_shot_sim9.npz,0.501,0.002,0.764,0.762,-0.3752443510218237,5
MNIST_QNN_zz_r5_d6_p7_s145,zz_r5_d6,zz,5,6,145,143,noisy_shot,1,128,128,9,lira_online_fixed_variance,0.509227,0.4817644499999999,0.53345295,200,0.041,0.05,0.078,0.1,1000,1000,16,4096000,True,/home/najeeb/chanLira/channel_lira_results/phase7/stage2_primary/noisy_lira/reference_cache/zz_r5_d6_wd0_f7a41cc6e435555da191.npz,256000,2026-08-21T21:16:41+08:00,ibm_kingston,7af4abc6763339615cc42bd00fafb532e3c44a31c14bc574c88456a496136a2f,/home/najeeb/chanLira/channel_lira_results/phase7/stage2_primary/noisy_lira/sample_scores/MNIST_QNN_zz_r5_d6_p7_s145_noisy_shot_sim9.npz,0.518,0.036,0.758,0.722,-0.2574090086043552,5
MNIST_QNN_zz_r5_d6_p7_s145,zz_r5_d6,zz,5,6,145,143,noisy_shot,1,128,128,9,lira_offline,0.479743,0.454394125,0.50280205,200,0.053,0.049,0.097,0.1,1000,1000,16,4096000,True,/home/najeeb/chanLira/channel_lira_results/phase7/stage2_primary/noisy_lira/reference_cache/zz_r5_d6_wd0_f7a41cc6e435555da191.npz,256000,2026-08-21T21:16:41+08:00,ibm_kingston,7af4abc6763339615cc42bd00fafb532e3c44a31c14bc574c88456a496136a2f,/home/najeeb/chanLira/channel_lira_results/phase7/stage2_primary/noisy_lira/sample_scores/MNIST_QNN_zz_r5_d6_p7_s145_noisy_shot_sim9.npz,0.4845,-0.031,0.237,0.268,2.734463798563551,5
MNIST_QNN_zz_r5_d6_p7_s145,zz_r5_d6,zz,5,6,145,143,noisy_shot,1,128,128,9,lira_offline_fixed_variance,0.473396,0.449415175,0.4962737,200,0.05,0.048,0.093,0.1,1000,1000,16,4096000,True,/home/najeeb/chanLira/channel_lira_results/phase7/stage2_primary/noisy_lira/reference_cache/zz_r5_d6_wd0_f7a41cc6e435555da191.npz,256000,2026-08-21T21:16:41+08:00,ibm_kingston,7af4abc6763339615cc42bd00fafb532e3c44a31c14bc574c88456a496136a2f,/home/najeeb/chanLira/channel_lira_results/phase7/stage2_primary/noisy_lira/sample_scores/MNIST_QNN_zz_r5_d6_p7_s145_noisy_shot_sim9.npz,0.4855,-0.029,0.715,0.744,1.019219012773615,5
MNIST_QNN_zz_r5_d6_p7_s145,zz_r5_d6,zz,5,6,145,143,noisy_shot,1,128,128,9,global_true_class_log_odds,0.538456,0.514376975,0.5625802249999999,200,0.063,0.05,0.115,0.098,1000,1000,16,4096000,True,/home/najeeb/chanLira/channel_lira_results/phase7/stage2_primary/noisy_lira/reference_cache/zz_r5_d6_wd0_f7a41cc6e435555da191.npz,256000,2026-08-21T21:16:41+08:00,ibm_kingston,7af4abc6763339615cc42bd00fafb532e3c44a31c14bc574c88456a496136a2f,/home/najeeb/chanLira/channel_lira_results/phase7/stage2_primary/noisy_lira/sample_scores/MNIST_QNN_zz_r5_d6_p7_s145_noisy_shot_sim9.npz,0.5305,0.0609999999999999,0.697,0.636,-0.7937032275977334,5
