source_label,pair_id,z_run_id,zz_run_id,n_wires,depth,reps,pad_mode,ql_ent,ql_op,ql_rev,z_train,zz_train,z_test,zz_test,z_gap,zz_gap,delta_train_abs,delta_test_abs,delta_gap_abs,mean_test_acc,mean_gap
Blobs_QNN,Blobs_QNN_z3001_zz3002,3001,3002,3,2,1,wrap,linear,crz,False,0.82,0.82,0.72,0.72,0.09999999999999998,0.09999999999999998,0.0,0.0,0.0,0.72,0.09999999999999998
Blobs_QNN,Blobs_QNN_z12001_zz12002,12001,12002,3,2,1,wrap,pairwise,crz,False,0.82,0.82,0.72,0.72,0.09999999999999998,0.09999999999999998,0.0,0.0,0.0,0.72,0.09999999999999998
Blobs_QNN,Blobs_QNN_z1371_zz1372,1371,1372,3,6,1,zero,linear,cx,False,0.88,0.88,0.7,0.7,0.18000000000000005,0.18000000000000005,0.0,0.0,0.0,0.7,0.18000000000000005
Blobs_QNN,Blobs_QNN_z10371_zz10372,10371,10372,3,6,1,zero,pairwise,cx,False,0.88,0.88,0.7,0.7,0.18000000000000005,0.18000000000000005,0.0,0.0,0.0,0.7,0.18000000000000005
Blobs_QNN,Blobs_QNN_z21451_zz21452,21451,21452,3,5,1,wrap,full,crz,False,0.9,0.9,0.7,0.7,0.20000000000000007,0.20000000000000007,0.0,0.0,0.0,0.7,0.20000000000000007
Blobs_QNN,Blobs_QNN_z23701_zz23702,23701,23702,3,5,1,wrap,full,rzz,False,0.9,0.9,0.66,0.66,0.24,0.24,0.0,0.0,0.0,0.66,0.24
Blobs_QNN,Blobs_QNN_z6511_zz6512,6511,6512,4,5,3,wrap,linear,rzz,False,0.98,0.98,0.64,0.64,0.33999999999999997,0.33999999999999997,0.0,0.0,0.0,0.64,0.33999999999999997
Blobs_QNN,Blobs_QNN_z6521_zz6522,6521,6522,4,5,3,repeatlast,linear,rzz,False,0.98,0.98,0.64,0.64,0.33999999999999997,0.33999999999999997,0.0,0.0,0.0,0.64,0.33999999999999997
Blobs_QNN,Blobs_QNN_z6531_zz6532,6531,6532,4,5,3,zero,linear,rzz,False,0.98,0.98,0.64,0.64,0.33999999999999997,0.33999999999999997,0.0,0.0,0.0,0.64,0.33999999999999997
Blobs_QNN,Blobs_QNN_z15661_zz15662,15661,15662,4,6,3,wrap,pairwise,rzz,False,0.98,0.98,0.62,0.62,0.36,0.36,0.0,0.0,0.0,0.62,0.36
Blobs_QNN,Blobs_QNN_z15671_zz15672,15671,15672,4,6,3,repeatlast,pairwise,rzz,False,0.98,0.98,0.62,0.62,0.36,0.36,0.0,0.0,0.0,0.62,0.36
Blobs_QNN,Blobs_QNN_z15681_zz15682,15681,15682,4,6,3,zero,pairwise,rzz,False,0.98,0.98,0.62,0.62,0.36,0.36,0.0,0.0,0.0,0.62,0.36
Blobs_QNN,Blobs_QNN_z481_zz482,481,482,2,5,2,wrap,linear,cx,False,0.7,0.7,0.58,0.58,0.12,0.12,0.0,0.0,0.0,0.58,0.12
Blobs_QNN,Blobs_QNN_z491_zz492,491,492,2,5,2,repeatlast,linear,cx,False,0.7,0.7,0.58,0.58,0.12,0.12,0.0,0.0,0.0,0.58,0.12
Blobs_QNN,Blobs_QNN_z501_zz502,501,502,2,5,2,zero,linear,cx,False,0.7,0.7,0.58,0.58,0.12,0.12,0.0,0.0,0.0,0.58,0.12
Blobs_QNN,Blobs_QNN_z9481_zz9482,9481,9482,2,5,2,wrap,pairwise,cx,False,0.7,0.7,0.58,0.58,0.12,0.12,0.0,0.0,0.0,0.58,0.12
Blobs_QNN,Blobs_QNN_z9491_zz9492,9491,9492,2,5,2,repeatlast,pairwise,cx,False,0.7,0.7,0.58,0.58,0.12,0.12,0.0,0.0,0.0,0.58,0.12
Blobs_QNN,Blobs_QNN_z9501_zz9502,9501,9502,2,5,2,zero,pairwise,cx,False,0.7,0.7,0.58,0.58,0.12,0.12,0.0,0.0,0.0,0.58,0.12
Blobs_QNN,Blobs_QNN_z10831_zz10832,10831,10832,4,4,2,wrap,pairwise,cx,False,0.92,0.92,0.58,0.58,0.3400000000000001,0.3400000000000001,0.0,0.0,0.0,0.58,0.3400000000000001
Blobs_QNN,Blobs_QNN_z10841_zz10842,10841,10842,4,4,2,repeatlast,pairwise,cx,False,0.92,0.92,0.58,0.58,0.3400000000000001,0.3400000000000001,0.0,0.0,0.0,0.58,0.3400000000000001
Blobs_QNN,Blobs_QNN_z10851_zz10852,10851,10852,4,4,2,zero,pairwise,cx,False,0.92,0.92,0.58,0.58,0.3400000000000001,0.3400000000000001,0.0,0.0,0.0,0.58,0.3400000000000001
Blobs_QNN,Blobs_QNN_z18481_zz18482,18481,18482,2,5,2,wrap,full,cx,False,0.7,0.7,0.58,0.58,0.12,0.12,0.0,0.0,0.0,0.58,0.12
Blobs_QNN,Blobs_QNN_z18491_zz18492,18491,18492,2,5,2,repeatlast,full,cx,False,0.7,0.7,0.58,0.58,0.12,0.12,0.0,0.0,0.0,0.58,0.12
Blobs_QNN,Blobs_QNN_z18501_zz18502,18501,18502,2,5,2,zero,full,cx,False,0.7,0.7,0.58,0.58,0.12,0.12,0.0,0.0,0.0,0.58,0.12
Blobs_QNN,Blobs_QNN_z20041_zz20042,20041,20042,4,5,4,wrap,full,cx,False,1.0,1.0,0.58,0.58,0.42000000000000004,0.42000000000000004,0.0,0.0,0.0,0.58,0.42000000000000004
Blobs_QNN,Blobs_QNN_z20051_zz20052,20051,20052,4,5,4,repeatlast,full,cx,False,1.0,1.0,0.58,0.58,0.42000000000000004,0.42000000000000004,0.0,0.0,0.0,0.58,0.42000000000000004
Blobs_QNN,Blobs_QNN_z20061_zz20062,20061,20062,4,5,4,zero,full,cx,False,1.0,1.0,0.58,0.58,0.42000000000000004,0.42000000000000004,0.0,0.0,0.0,0.58,0.42000000000000004
Blobs_QNN,Blobs_QNN_z3871_zz3872,3871,3872,4,2,5,wrap,linear,crz,False,0.84,0.84,0.56,0.56,0.2799999999999999,0.2799999999999999,0.0,0.0,0.0,0.56,0.2799999999999999
Blobs_QNN,Blobs_QNN_z3881_zz3882,3881,3882,4,2,5,repeatlast,linear,crz,False,0.84,0.84,0.56,0.56,0.2799999999999999,0.2799999999999999,0.0,0.0,0.0,0.56,0.2799999999999999
Blobs_QNN,Blobs_QNN_z3891_zz3892,3891,3892,4,2,5,zero,linear,crz,False,0.84,0.84,0.56,0.56,0.2799999999999999,0.2799999999999999,0.0,0.0,0.0,0.56,0.2799999999999999
Blobs_QNN,Blobs_QNN_z11191_zz11192,11191,11192,4,6,4,wrap,pairwise,cx,False,1.0,1.0,0.56,0.56,0.43999999999999995,0.43999999999999995,0.0,0.0,0.0,0.56,0.43999999999999995
Blobs_QNN,Blobs_QNN_z11201_zz11202,11201,11202,4,6,4,repeatlast,pairwise,cx,False,1.0,1.0,0.56,0.56,0.43999999999999995,0.43999999999999995,0.0,0.0,0.0,0.56,0.43999999999999995
Blobs_QNN,Blobs_QNN_z11211_zz11212,11211,11212,4,6,4,zero,pairwise,cx,False,1.0,1.0,0.56,0.56,0.43999999999999995,0.43999999999999995,0.0,0.0,0.0,0.56,0.43999999999999995
Blobs_QNN,Blobs_QNN_z22471_zz22472,22471,22472,4,6,5,wrap,full,crz,False,1.0,1.0,0.54,0.54,0.45999999999999996,0.45999999999999996,0.0,0.0,0.0,0.54,0.45999999999999996
Blobs_QNN,Blobs_QNN_z22481_zz22482,22481,22482,4,6,5,repeatlast,full,crz,False,1.0,1.0,0.54,0.54,0.45999999999999996,0.45999999999999996,0.0,0.0,0.0,0.54,0.45999999999999996
Blobs_QNN,Blobs_QNN_z22491_zz22492,22491,22492,4,6,5,zero,full,crz,False,1.0,1.0,0.54,0.54,0.45999999999999996,0.45999999999999996,0.0,0.0,0.0,0.54,0.45999999999999996
Blobs_QNN,Blobs_QNN_z6811_zz6812,6811,6812,2,2,3,wrap,linear,swap,False,0.68,0.68,0.52,0.52,0.16000000000000003,0.16000000000000003,0.0,0.0,0.0,0.52,0.16000000000000003
Blobs_QNN,Blobs_QNN_z6821_zz6822,6821,6822,2,2,3,repeatlast,linear,swap,False,0.68,0.68,0.52,0.52,0.16000000000000003,0.16000000000000003,0.0,0.0,0.0,0.52,0.16000000000000003
Blobs_QNN,Blobs_QNN_z6831_zz6832,6831,6832,2,2,3,zero,linear,swap,False,0.68,0.68,0.52,0.52,0.16000000000000003,0.16000000000000003,0.0,0.0,0.0,0.52,0.16000000000000003
Blobs_QNN,Blobs_QNN_z15811_zz15812,15811,15812,2,2,3,wrap,pairwise,swap,False,0.68,0.68,0.52,0.52,0.16000000000000003,0.16000000000000003,0.0,0.0,0.0,0.52,0.16000000000000003
Blobs_QNN,Blobs_QNN_z15821_zz15822,15821,15822,2,2,3,repeatlast,pairwise,swap,False,0.68,0.68,0.52,0.52,0.16000000000000003,0.16000000000000003,0.0,0.0,0.0,0.52,0.16000000000000003
Blobs_QNN,Blobs_QNN_z15831_zz15832,15831,15832,2,2,3,zero,pairwise,swap,False,0.68,0.68,0.52,0.52,0.16000000000000003,0.16000000000000003,0.0,0.0,0.0,0.52,0.16000000000000003
Blobs_QNN,Blobs_QNN_z24811_zz24812,24811,24812,2,2,3,wrap,full,swap,False,0.68,0.68,0.52,0.52,0.16000000000000003,0.16000000000000003,0.0,0.0,0.0,0.52,0.16000000000000003
Blobs_QNN,Blobs_QNN_z24821_zz24822,24821,24822,2,2,3,repeatlast,full,swap,False,0.68,0.68,0.52,0.52,0.16000000000000003,0.16000000000000003,0.0,0.0,0.0,0.52,0.16000000000000003
Blobs_QNN,Blobs_QNN_z24831_zz24832,24831,24832,2,2,3,zero,full,swap,False,0.68,0.68,0.52,0.52,0.16000000000000003,0.16000000000000003,0.0,0.0,0.0,0.52,0.16000000000000003
Blobs_QNN,Blobs_QNN_z1281_zz1282,1281,1282,3,5,3,zero,linear,cx,False,0.92,0.92,0.5,0.5,0.42000000000000004,0.42000000000000004,0.0,0.0,0.0,0.5,0.42000000000000004
Blobs_QNN,Blobs_QNN_z10281_zz10282,10281,10282,3,5,3,zero,pairwise,cx,False,0.92,0.92,0.5,0.5,0.42000000000000004,0.42000000000000004,0.0,0.0,0.0,0.5,0.42000000000000004
Circles_QNN,Circles_QNN_z7351_zz7352,7351,7352,2,6,1,wrap,linear,swap,False,0.78,0.78,0.76,0.76,0.020000000000000018,0.020000000000000018,0.0,0.0,0.0,0.76,0.020000000000000018
Circles_QNN,Circles_QNN_z7361_zz7362,7361,7362,2,6,1,repeatlast,linear,swap,False,0.78,0.78,0.76,0.76,0.020000000000000018,0.020000000000000018,0.0,0.0,0.0,0.76,0.020000000000000018
Circles_QNN,Circles_QNN_z7371_zz7372,7371,7372,2,6,1,zero,linear,swap,False,0.78,0.78,0.76,0.76,0.020000000000000018,0.020000000000000018,0.0,0.0,0.0,0.76,0.020000000000000018
Circles_QNN,Circles_QNN_z7981_zz7982,7981,7982,3,5,2,wrap,linear,swap,False,0.82,0.82,0.76,0.76,0.05999999999999994,0.05999999999999994,0.0,0.0,0.0,0.76,0.05999999999999994
Circles_QNN,Circles_QNN_z16351_zz16352,16351,16352,2,6,1,wrap,pairwise,swap,False,0.78,0.78,0.76,0.76,0.020000000000000018,0.020000000000000018,0.0,0.0,0.0,0.76,0.020000000000000018
Circles_QNN,Circles_QNN_z16361_zz16362,16361,16362,2,6,1,repeatlast,pairwise,swap,False,0.78,0.78,0.76,0.76,0.020000000000000018,0.020000000000000018,0.0,0.0,0.0,0.76,0.020000000000000018
Circles_QNN,Circles_QNN_z16371_zz16372,16371,16372,2,6,1,zero,pairwise,swap,False,0.78,0.78,0.76,0.76,0.020000000000000018,0.020000000000000018,0.0,0.0,0.0,0.76,0.020000000000000018
Circles_QNN,Circles_QNN_z16981_zz16982,16981,16982,3,5,2,wrap,pairwise,swap,False,0.82,0.82,0.76,0.76,0.05999999999999994,0.05999999999999994,0.0,0.0,0.0,0.76,0.05999999999999994
Circles_QNN,Circles_QNN_z25351_zz25352,25351,25352,2,6,1,wrap,full,swap,False,0.78,0.78,0.76,0.76,0.020000000000000018,0.020000000000000018,0.0,0.0,0.0,0.76,0.020000000000000018
Circles_QNN,Circles_QNN_z25361_zz25362,25361,25362,2,6,1,repeatlast,full,swap,False,0.78,0.78,0.76,0.76,0.020000000000000018,0.020000000000000018,0.0,0.0,0.0,0.76,0.020000000000000018
Circles_QNN,Circles_QNN_z25371_zz25372,25371,25372,2,6,1,zero,full,swap,False,0.78,0.78,0.76,0.76,0.020000000000000018,0.020000000000000018,0.0,0.0,0.0,0.76,0.020000000000000018
Circles_QNN,Circles_QNN_z25981_zz25982,25981,25982,3,5,2,wrap,full,swap,False,0.82,0.82,0.76,0.76,0.05999999999999994,0.05999999999999994,0.0,0.0,0.0,0.76,0.05999999999999994
Circles_QNN,Circles_QNN_z5721_zz5722,5721,5722,3,5,1,zero,linear,rzz,False,0.86,0.86,0.75,0.75,0.10999999999999999,0.10999999999999999,0.0,0.0,0.0,0.75,0.10999999999999999
Circles_QNN,Circles_QNN_z7671_zz7672,7671,7672,3,3,1,zero,linear,swap,False,0.79,0.79,0.75,0.75,0.040000000000000036,0.040000000000000036,0.0,0.0,0.0,0.75,0.040000000000000036
Circles_QNN,Circles_QNN_z7971_zz7972,7971,7972,3,5,1,zero,linear,swap,False,0.78,0.78,0.75,0.75,0.030000000000000027,0.030000000000000027,0.0,0.0,0.0,0.75,0.030000000000000027
Circles_QNN,Circles_QNN_z8411_zz8412,8411,8412,4,3,1,repeatlast,linear,swap,False,0.78,0.78,0.75,0.75,0.030000000000000027,0.030000000000000027,0.0,0.0,0.0,0.75,0.030000000000000027
Circles_QNN,Circles_QNN_z14721_zz14722,14721,14722,3,5,1,zero,pairwise,rzz,False,0.86,0.86,0.75,0.75,0.10999999999999999,0.10999999999999999,0.0,0.0,0.0,0.75,0.10999999999999999
Circles_QNN,Circles_QNN_z16671_zz16672,16671,16672,3,3,1,zero,pairwise,swap,False,0.79,0.79,0.75,0.75,0.040000000000000036,0.040000000000000036,0.0,0.0,0.0,0.75,0.040000000000000036
Circles_QNN,Circles_QNN_z16971_zz16972,16971,16972,3,5,1,zero,pairwise,swap,False,0.78,0.78,0.75,0.75,0.030000000000000027,0.030000000000000027,0.0,0.0,0.0,0.75,0.030000000000000027
Circles_QNN,Circles_QNN_z17871_zz17872,17871,17872,4,6,1,zero,pairwise,swap,False,0.78,0.78,0.75,0.75,0.030000000000000027,0.030000000000000027,0.0,0.0,0.0,0.75,0.030000000000000027
Circles_QNN,Circles_QNN_z26261_zz26262,26261,26262,4,2,1,repeatlast,full,swap,False,0.78,0.78,0.75,0.75,0.030000000000000027,0.030000000000000027,0.0,0.0,0.0,0.75,0.030000000000000027
Circles_QNN,Circles_QNN_z1671_zz1672,1671,1672,4,3,1,zero,linear,cx,False,0.86,0.86,0.74,0.74,0.12,0.12,0.0,0.0,0.0,0.74,0.12
Circles_QNN,Circles_QNN_z12911_zz12912,12911,12912,4,3,1,repeatlast,pairwise,crz,False,0.86,0.86,0.74,0.74,0.12,0.12,0.0,0.0,0.0,0.74,0.12
Circles_QNN,Circles_QNN_z19971_zz19972,19971,19972,4,5,1,zero,full,cx,False,0.86,0.86,0.74,0.74,0.12,0.12,0.0,0.0,0.0,0.74,0.12
Circles_QNN,Circles_QNN_z1361_zz1362,1361,1362,3,6,1,repeatlast,linear,cx,False,0.85,0.85,0.73,0.73,0.12,0.12,0.0,0.0,0.0,0.73,0.12
Circles_QNN,Circles_QNN_z3751_zz3752,3751,3752,4,2,1,wrap,linear,crz,False,0.86,0.86,0.73,0.73,0.13,0.13,0.0,0.0,0.0,0.73,0.13
Circles_QNN,Circles_QNN_z10361_zz10362,10361,10362,3,6,1,repeatlast,pairwise,cx,False,0.85,0.85,0.73,0.73,0.12,0.12,0.0,0.0,0.0,0.73,0.12
Circles_QNN,Circles_QNN_z21641_zz21642,21641,21642,3,6,2,repeatlast,full,crz,False,0.86,0.86,0.73,0.73,0.13,0.13,0.0,0.0,0.0,0.73,0.13
Circles_QNN,Circles_QNN_z24381_zz24382,24381,24382,4,4,3,zero,full,rzz,False,0.85,0.85,0.73,0.73,0.12,0.12,0.0,0.0,0.0,0.73,0.12
Circles_QNN,Circles_QNN_z781_zz782,781,782,3,2,2,wrap,linear,cx,False,0.88,0.88,0.72,0.72,0.16000000000000003,0.16000000000000003,0.0,0.0,0.0,0.72,0.16000000000000003
Circles_QNN,Circles_QNN_z3301_zz3302,3301,3302,3,4,1,wrap,linear,crz,False,0.85,0.85,0.72,0.72,0.13,0.13,0.0,0.0,0.0,0.72,0.13
Circles_QNN,Circles_QNN_z5741_zz5742,5741,5742,3,5,2,repeatlast,linear,rzz,False,0.87,0.87,0.72,0.72,0.15000000000000002,0.15000000000000002,0.0,0.0,0.0,0.72,0.15000000000000002
Circles_QNN,Circles_QNN_z9781_zz9782,9781,9782,3,2,2,wrap,pairwise,cx,False,0.88,0.88,0.72,0.72,0.16000000000000003,0.16000000000000003,0.0,0.0,0.0,0.72,0.16000000000000003
Circles_QNN,Circles_QNN_z12301_zz12302,12301,12302,3,4,1,wrap,pairwise,crz,False,0.85,0.85,0.72,0.72,0.13,0.13,0.0,0.0,0.0,0.72,0.13
Circles_QNN,Circles_QNN_z14741_zz14742,14741,14742,3,5,2,repeatlast,pairwise,rzz,False,0.87,0.87,0.72,0.72,0.15000000000000002,0.15000000000000002,0.0,0.0,0.0,0.72,0.15000000000000002
Circles_QNN,Circles_QNN_z19691_zz19692,19691,19692,4,3,2,repeatlast,full,cx,False,0.88,0.88,0.72,0.72,0.16000000000000003,0.16000000000000003,0.0,0.0,0.0,0.72,0.16000000000000003
Circles_QNN,Circles_QNN_z2791_zz2792,2791,2792,2,5,4,wrap,linear,crz,False,0.85,0.85,0.71,0.71,0.14,0.14,0.0,0.0,0.0,0.71,0.14
Circles_QNN,Circles_QNN_z2801_zz2802,2801,2802,2,5,4,repeatlast,linear,crz,False,0.85,0.85,0.71,0.71,0.14,0.14,0.0,0.0,0.0,0.71,0.14
Circles_QNN,Circles_QNN_z2811_zz2812,2811,2812,2,5,4,zero,linear,crz,False,0.85,0.85,0.71,0.71,0.14,0.14,0.0,0.0,0.0,0.71,0.14
Circles_QNN,Circles_QNN_z3151_zz3152,3151,3152,3,3,1,wrap,linear,crz,False,0.85,0.85,0.71,0.71,0.14,0.14,0.0,0.0,0.0,0.71,0.14
Circles_QNN,Circles_QNN_z4231_zz4232,4231,4232,4,5,2,wrap,linear,crz,False,0.88,0.88,0.71,0.71,0.17000000000000004,0.17000000000000004,0.0,0.0,0.0,0.71,0.17000000000000004
Circles_QNN,Circles_QNN_z5431_zz5432,5431,5432,3,3,2,wrap,linear,rzz,False,0.87,0.87,0.71,0.71,0.16000000000000003,0.16000000000000003,0.0,0.0,0.0,0.71,0.16000000000000003
Circles_QNN,Circles_QNN_z11791_zz11792,11791,11792,2,5,4,wrap,pairwise,crz,False,0.85,0.85,0.71,0.71,0.14,0.14,0.0,0.0,0.0,0.71,0.14
Circles_QNN,Circles_QNN_z11801_zz11802,11801,11802,2,5,4,repeatlast,pairwise,crz,False,0.85,0.85,0.71,0.71,0.14,0.14,0.0,0.0,0.0,0.71,0.14
Circles_QNN,Circles_QNN_z11811_zz11812,11811,11812,2,5,4,zero,pairwise,crz,False,0.85,0.85,0.71,0.71,0.14,0.14,0.0,0.0,0.0,0.71,0.14
Circles_QNN,Circles_QNN_z12151_zz12152,12151,12152,3,3,1,wrap,pairwise,crz,False,0.85,0.85,0.71,0.71,0.14,0.14,0.0,0.0,0.0,0.71,0.14
Circles_QNN,Circles_QNN_z14431_zz14432,14431,14432,3,3,2,wrap,pairwise,rzz,False,0.87,0.87,0.71,0.71,0.16000000000000003,0.16000000000000003,0.0,0.0,0.0,0.71,0.16000000000000003
Circles_QNN,Circles_QNN_z19531_zz19532,19531,19532,4,2,2,wrap,full,cx,False,0.87,0.87,0.71,0.71,0.16000000000000003,0.16000000000000003,0.0,0.0,0.0,0.71,0.16000000000000003
Circles_QNN,Circles_QNN_z19991_zz19992,19991,19992,4,5,2,repeatlast,full,cx,False,0.88,0.88,0.71,0.71,0.17000000000000004,0.17000000000000004,0.0,0.0,0.0,0.71,0.17000000000000004
Circles_QNN,Circles_QNN_z20791_zz20792,20791,20792,2,5,4,wrap,full,crz,False,0.85,0.85,0.71,0.71,0.14,0.14,0.0,0.0,0.0,0.71,0.14
Circles_QNN,Circles_QNN_z20801_zz20802,20801,20802,2,5,4,repeatlast,full,crz,False,0.85,0.85,0.71,0.71,0.14,0.14,0.0,0.0,0.0,0.71,0.14
Circles_QNN,Circles_QNN_z20811_zz20812,20811,20812,2,5,4,zero,full,crz,False,0.85,0.85,0.71,0.71,0.14,0.14,0.0,0.0,0.0,0.71,0.14
Circles_QNN,Circles_QNN_z21561_zz21562,21561,21562,3,5,4,zero,full,crz,False,0.87,0.87,0.71,0.71,0.16000000000000003,0.16000000000000003,0.0,0.0,0.0,0.71,0.16000000000000003
Circles_QNN,Circles_QNN_z91_zz92,91,92,2,2,4,wrap,linear,cx,False,0.86,0.86,0.7,0.7,0.16000000000000003,0.16000000000000003,0.0,0.0,0.0,0.7,0.16000000000000003
Circles_QNN,Circles_QNN_z101_zz102,101,102,2,2,4,repeatlast,linear,cx,False,0.86,0.86,0.7,0.7,0.16000000000000003,0.16000000000000003,0.0,0.0,0.0,0.7,0.16000000000000003
Circles_QNN,Circles_QNN_z111_zz112,111,112,2,2,4,zero,linear,cx,False,0.86,0.86,0.7,0.7,0.16000000000000003,0.16000000000000003,0.0,0.0,0.0,0.7,0.16000000000000003
Circles_QNN,Circles_QNN_z1681_zz1682,1681,1682,4,3,2,wrap,linear,cx,False,0.88,0.88,0.7,0.7,0.18000000000000005,0.18000000000000005,0.0,0.0,0.0,0.7,0.18000000000000005
Circles_QNN,Circles_QNN_z9091_zz9092,9091,9092,2,2,4,wrap,pairwise,cx,False,0.86,0.86,0.7,0.7,0.16000000000000003,0.16000000000000003,0.0,0.0,0.0,0.7,0.16000000000000003
Circles_QNN,Circles_QNN_z9101_zz9102,9101,9102,2,2,4,repeatlast,pairwise,cx,False,0.86,0.86,0.7,0.7,0.16000000000000003,0.16000000000000003,0.0,0.0,0.0,0.7,0.16000000000000003
Circles_QNN,Circles_QNN_z9111_zz9112,9111,9112,2,2,4,zero,pairwise,cx,False,0.86,0.86,0.7,0.7,0.16000000000000003,0.16000000000000003,0.0,0.0,0.0,0.7,0.16000000000000003
Circles_QNN,Circles_QNN_z15031_zz15032,15031,15032,4,2,2,wrap,pairwise,rzz,False,0.87,0.87,0.7,0.7,0.17000000000000004,0.17000000000000004,0.0,0.0,0.0,0.7,0.17000000000000004
Circles_QNN,Circles_QNN_z18091_zz18092,18091,18092,2,2,4,wrap,full,cx,False,0.86,0.86,0.7,0.7,0.16000000000000003,0.16000000000000003,0.0,0.0,0.0,0.7,0.16000000000000003
Circles_QNN,Circles_QNN_z18101_zz18102,18101,18102,2,2,4,repeatlast,full,cx,False,0.86,0.86,0.7,0.7,0.16000000000000003,0.16000000000000003,0.0,0.0,0.0,0.7,0.16000000000000003
Circles_QNN,Circles_QNN_z18111_zz18112,18111,18112,2,2,4,zero,full,cx,False,0.86,0.86,0.7,0.7,0.16000000000000003,0.16000000000000003,0.0,0.0,0.0,0.7,0.16000000000000003
Circles_QNN,Circles_QNN_z18861_zz18862,18861,18862,3,2,4,zero,full,cx,False,0.87,0.87,0.7,0.7,0.17000000000000004,0.17000000000000004,0.0,0.0,0.0,0.7,0.17000000000000004
Circles_QNN,Circles_QNN_z23401_zz23402,23401,23402,3,3,1,wrap,full,rzz,False,0.86,0.86,0.7,0.7,0.16000000000000003,0.16000000000000003,0.0,0.0,0.0,0.7,0.16000000000000003
Circles_QNN,Circles_QNN_z24481_zz24482,24481,24482,4,5,2,wrap,full,rzz,False,0.88,0.88,0.7,0.7,0.18000000000000005,0.18000000000000005,0.0,0.0,0.0,0.7,0.18000000000000005
Circles_QNN,Circles_QNN_z931_zz932,931,932,3,3,2,wrap,linear,cx,False,0.88,0.88,0.69,0.69,0.19000000000000006,0.19000000000000006,0.0,0.0,0.0,0.69,0.19000000000000006
Circles_QNN,Circles_QNN_z5641_zz5642,5641,5642,3,4,4,wrap,linear,rzz,False,0.88,0.88,0.69,0.69,0.19000000000000006,0.19000000000000006,0.0,0.0,0.0,0.69,0.19000000000000006
Circles_QNN,Circles_QNN_z9931_zz9932,9931,9932,3,3,2,wrap,pairwise,cx,False,0.88,0.88,0.69,0.69,0.19000000000000006,0.19000000000000006,0.0,0.0,0.0,0.69,0.19000000000000006
Circles_QNN,Circles_QNN_z14641_zz14642,14641,14642,3,4,4,wrap,pairwise,rzz,False,0.88,0.88,0.69,0.69,0.19000000000000006,0.19000000000000006,0.0,0.0,0.0,0.69,0.19000000000000006
Circles_QNN,Circles_QNN_z24391_zz24392,24391,24392,4,4,4,wrap,full,rzz,False,0.91,0.91,0.68,0.68,0.22999999999999998,0.22999999999999998,0.0,0.0,0.0,0.68,0.22999999999999998
Circles_QNN,Circles_QNN_z1741_zz1742,1741,1742,4,3,4,wrap,linear,cx,False,0.9,0.9,0.66,0.66,0.24,0.24,0.0,0.0,0.0,0.66,0.24
Circles_QNN,Circles_QNN_z121_zz122,121,122,2,2,5,wrap,linear,cx,False,0.68,0.68,0.59,0.59,0.09000000000000008,0.09000000000000008,0.0,0.0,0.0,0.59,0.09000000000000008
Circles_QNN,Circles_QNN_z131_zz132,131,132,2,2,5,repeatlast,linear,cx,False,0.68,0.68,0.59,0.59,0.09000000000000008,0.09000000000000008,0.0,0.0,0.0,0.59,0.09000000000000008
Circles_QNN,Circles_QNN_z141_zz142,141,142,2,2,5,zero,linear,cx,False,0.68,0.68,0.59,0.59,0.09000000000000008,0.09000000000000008,0.0,0.0,0.0,0.59,0.09000000000000008
Circles_QNN,Circles_QNN_z9121_zz9122,9121,9122,2,2,5,wrap,pairwise,cx,False,0.68,0.68,0.59,0.59,0.09000000000000008,0.09000000000000008,0.0,0.0,0.0,0.59,0.09000000000000008
Circles_QNN,Circles_QNN_z9131_zz9132,9131,9132,2,2,5,repeatlast,pairwise,cx,False,0.68,0.68,0.59,0.59,0.09000000000000008,0.09000000000000008,0.0,0.0,0.0,0.59,0.09000000000000008
Circles_QNN,Circles_QNN_z9141_zz9142,9141,9142,2,2,5,zero,pairwise,cx,False,0.68,0.68,0.59,0.59,0.09000000000000008,0.09000000000000008,0.0,0.0,0.0,0.59,0.09000000000000008
Circles_QNN,Circles_QNN_z18121_zz18122,18121,18122,2,2,5,wrap,full,cx,False,0.68,0.68,0.59,0.59,0.09000000000000008,0.09000000000000008,0.0,0.0,0.0,0.59,0.09000000000000008
Circles_QNN,Circles_QNN_z18131_zz18132,18131,18132,2,2,5,repeatlast,full,cx,False,0.68,0.68,0.59,0.59,0.09000000000000008,0.09000000000000008,0.0,0.0,0.0,0.59,0.09000000000000008
Circles_QNN,Circles_QNN_z18141_zz18142,18141,18142,2,2,5,zero,full,cx,False,0.68,0.68,0.59,0.59,0.09000000000000008,0.09000000000000008,0.0,0.0,0.0,0.59,0.09000000000000008
Circles_QNN,Circles_QNN_z21891_zz21892,21891,21892,4,2,5,zero,full,crz,False,0.7,0.7,0.59,0.59,0.10999999999999999,0.10999999999999999,0.0,0.0,0.0,0.59,0.10999999999999999
Circles_QNN,Circles_QNN_z3141_zz3142,3141,3142,3,2,5,zero,linear,crz,False,0.7,0.7,0.58,0.58,0.12,0.12,0.0,0.0,0.0,0.58,0.12
Circles_QNN,Circles_QNN_z12141_zz12142,12141,12142,3,2,5,zero,pairwise,crz,False,0.7,0.7,0.58,0.58,0.12,0.12,0.0,0.0,0.0,0.58,0.12
Circles_QNN,Circles_QNN_z7081_zz7082,7081,7082,2,4,2,wrap,linear,swap,False,0.81,0.82,0.77,0.77,0.040000000000000036,0.04999999999999993,0.009999999999999898,0.0,0.009999999999999898,0.77,0.044999999999999984
Circles_QNN,Circles_QNN_z7091_zz7092,7091,7092,2,4,2,repeatlast,linear,swap,False,0.81,0.82,0.77,0.77,0.040000000000000036,0.04999999999999993,0.009999999999999898,0.0,0.009999999999999898,0.77,0.044999999999999984
Circles_QNN,Circles_QNN_z7101_zz7102,7101,7102,2,4,2,zero,linear,swap,False,0.81,0.82,0.77,0.77,0.040000000000000036,0.04999999999999993,0.009999999999999898,0.0,0.009999999999999898,0.77,0.044999999999999984
Circles_QNN,Circles_QNN_z7231_zz7232,7231,7232,2,5,2,wrap,linear,swap,False,0.81,0.82,0.77,0.77,0.040000000000000036,0.04999999999999993,0.009999999999999898,0.0,0.009999999999999898,0.77,0.044999999999999984
Circles_QNN,Circles_QNN_z7241_zz7242,7241,7242,2,5,2,repeatlast,linear,swap,False,0.81,0.82,0.77,0.77,0.040000000000000036,0.04999999999999993,0.009999999999999898,0.0,0.009999999999999898,0.77,0.044999999999999984
Circles_QNN,Circles_QNN_z7251_zz7252,7251,7252,2,5,2,zero,linear,swap,False,0.81,0.82,0.77,0.77,0.040000000000000036,0.04999999999999993,0.009999999999999898,0.0,0.009999999999999898,0.77,0.044999999999999984
Circles_QNN,Circles_QNN_z7381_zz7382,7381,7382,2,6,2,wrap,linear,swap,False,0.81,0.82,0.77,0.77,0.040000000000000036,0.04999999999999993,0.009999999999999898,0.0,0.009999999999999898,0.77,0.044999999999999984
Circles_QNN,Circles_QNN_z7391_zz7392,7391,7392,2,6,2,repeatlast,linear,swap,False,0.81,0.82,0.77,0.77,0.040000000000000036,0.04999999999999993,0.009999999999999898,0.0,0.009999999999999898,0.77,0.044999999999999984
Circles_QNN,Circles_QNN_z7401_zz7402,7401,7402,2,6,2,zero,linear,swap,False,0.81,0.82,0.77,0.77,0.040000000000000036,0.04999999999999993,0.009999999999999898,0.0,0.009999999999999898,0.77,0.044999999999999984
Circles_QNN,Circles_QNN_z16081_zz16082,16081,16082,2,4,2,wrap,pairwise,swap,False,0.81,0.82,0.77,0.77,0.040000000000000036,0.04999999999999993,0.009999999999999898,0.0,0.009999999999999898,0.77,0.044999999999999984
Circles_QNN,Circles_QNN_z16091_zz16092,16091,16092,2,4,2,repeatlast,pairwise,swap,False,0.81,0.82,0.77,0.77,0.040000000000000036,0.04999999999999993,0.009999999999999898,0.0,0.009999999999999898,0.77,0.044999999999999984
Circles_QNN,Circles_QNN_z16101_zz16102,16101,16102,2,4,2,zero,pairwise,swap,False,0.81,0.82,0.77,0.77,0.040000000000000036,0.04999999999999993,0.009999999999999898,0.0,0.009999999999999898,0.77,0.044999999999999984
Circles_QNN,Circles_QNN_z16231_zz16232,16231,16232,2,5,2,wrap,pairwise,swap,False,0.81,0.82,0.77,0.77,0.040000000000000036,0.04999999999999993,0.009999999999999898,0.0,0.009999999999999898,0.77,0.044999999999999984
Circles_QNN,Circles_QNN_z16241_zz16242,16241,16242,2,5,2,repeatlast,pairwise,swap,False,0.81,0.82,0.77,0.77,0.040000000000000036,0.04999999999999993,0.009999999999999898,0.0,0.009999999999999898,0.77,0.044999999999999984
Circles_QNN,Circles_QNN_z16251_zz16252,16251,16252,2,5,2,zero,pairwise,swap,False,0.81,0.82,0.77,0.77,0.040000000000000036,0.04999999999999993,0.009999999999999898,0.0,0.009999999999999898,0.77,0.044999999999999984
Circles_QNN,Circles_QNN_z16381_zz16382,16381,16382,2,6,2,wrap,pairwise,swap,False,0.81,0.82,0.77,0.77,0.040000000000000036,0.04999999999999993,0.009999999999999898,0.0,0.009999999999999898,0.77,0.044999999999999984
Circles_QNN,Circles_QNN_z16391_zz16392,16391,16392,2,6,2,repeatlast,pairwise,swap,False,0.81,0.82,0.77,0.77,0.040000000000000036,0.04999999999999993,0.009999999999999898,0.0,0.009999999999999898,0.77,0.044999999999999984
Circles_QNN,Circles_QNN_z16401_zz16402,16401,16402,2,6,2,zero,pairwise,swap,False,0.81,0.82,0.77,0.77,0.040000000000000036,0.04999999999999993,0.009999999999999898,0.0,0.009999999999999898,0.77,0.044999999999999984
Circles_QNN,Circles_QNN_z17891_zz17892,17891,17892,4,6,2,repeatlast,pairwise,swap,False,0.82,0.81,0.77,0.77,0.04999999999999993,0.040000000000000036,0.009999999999999898,0.0,0.009999999999999898,0.77,0.044999999999999984
Circles_QNN,Circles_QNN_z25081_zz25082,25081,25082,2,4,2,wrap,full,swap,False,0.81,0.82,0.77,0.77,0.040000000000000036,0.04999999999999993,0.009999999999999898,0.0,0.009999999999999898,0.77,0.044999999999999984
Circles_QNN,Circles_QNN_z25091_zz25092,25091,25092,2,4,2,repeatlast,full,swap,False,0.81,0.82,0.77,0.77,0.040000000000000036,0.04999999999999993,0.009999999999999898,0.0,0.009999999999999898,0.77,0.044999999999999984
Circles_QNN,Circles_QNN_z25101_zz25102,25101,25102,2,4,2,zero,full,swap,False,0.81,0.82,0.77,0.77,0.040000000000000036,0.04999999999999993,0.009999999999999898,0.0,0.009999999999999898,0.77,0.044999999999999984
Circles_QNN,Circles_QNN_z25231_zz25232,25231,25232,2,5,2,wrap,full,swap,False,0.81,0.82,0.77,0.77,0.040000000000000036,0.04999999999999993,0.009999999999999898,0.0,0.009999999999999898,0.77,0.044999999999999984
Circles_QNN,Circles_QNN_z25241_zz25242,25241,25242,2,5,2,repeatlast,full,swap,False,0.81,0.82,0.77,0.77,0.040000000000000036,0.04999999999999993,0.009999999999999898,0.0,0.009999999999999898,0.77,0.044999999999999984
Circles_QNN,Circles_QNN_z25251_zz25252,25251,25252,2,5,2,zero,full,swap,False,0.81,0.82,0.77,0.77,0.040000000000000036,0.04999999999999993,0.009999999999999898,0.0,0.009999999999999898,0.77,0.044999999999999984
Circles_QNN,Circles_QNN_z25381_zz25382,25381,25382,2,6,2,wrap,full,swap,False,0.81,0.82,0.77,0.77,0.040000000000000036,0.04999999999999993,0.009999999999999898,0.0,0.009999999999999898,0.77,0.044999999999999984
Circles_QNN,Circles_QNN_z25391_zz25392,25391,25392,2,6,2,repeatlast,full,swap,False,0.81,0.82,0.77,0.77,0.040000000000000036,0.04999999999999993,0.009999999999999898,0.0,0.009999999999999898,0.77,0.044999999999999984
Circles_QNN,Circles_QNN_z25401_zz25402,25401,25402,2,6,2,zero,full,swap,False,0.81,0.82,0.77,0.77,0.040000000000000036,0.04999999999999993,0.009999999999999898,0.0,0.009999999999999898,0.77,0.044999999999999984
Circles_QNN,Circles_QNN_z3251_zz3252,3251,3252,3,3,4,repeatlast,linear,crz,False,0.85,0.85,0.69,0.68,0.16000000000000003,0.16999999999999993,0.0,0.009999999999999898,0.009999999999999898,0.685,0.16499999999999998
Circles_QNN,Circles_QNN_z4291_zz4292,4291,4292,4,5,4,wrap,linear,crz,False,0.89,0.89,0.68,0.69,0.20999999999999996,0.20000000000000007,0.0,0.009999999999999898,0.009999999999999898,0.685,0.20500000000000002
Circles_QNN,Circles_QNN_z5791_zz5792,5791,5792,3,5,4,wrap,linear,rzz,False,0.87,0.87,0.69,0.68,0.18000000000000005,0.18999999999999995,0.0,0.009999999999999898,0.009999999999999898,0.685,0.185
Circles_QNN,Circles_QNN_z12251_zz12252,12251,12252,3,3,4,repeatlast,pairwise,crz,False,0.85,0.85,0.69,0.68,0.16000000000000003,0.16999999999999993,0.0,0.009999999999999898,0.009999999999999898,0.685,0.16499999999999998
Circles_QNN,Circles_QNN_z14791_zz14792,14791,14792,3,5,4,wrap,pairwise,rzz,False,0.87,0.87,0.69,0.68,0.18000000000000005,0.18999999999999995,0.0,0.009999999999999898,0.009999999999999898,0.685,0.185
Circles_QNN,Circles_QNN_z19441_zz19442,19441,19442,3,6,4,wrap,full,cx,False,0.88,0.88,0.69,0.68,0.19000000000000006,0.19999999999999996,0.0,0.009999999999999898,0.009999999999999898,0.685,0.195
Circles_QNN,Circles_QNN_z21841_zz21842,21841,21842,4,2,4,wrap,full,crz,False,0.88,0.88,0.69,0.68,0.19000000000000006,0.19999999999999996,0.0,0.009999999999999898,0.009999999999999898,0.685,0.195
Circles_QNN,Circles_QNN_z23341_zz23342,23341,23342,3,2,4,wrap,full,rzz,False,0.86,0.86,0.68,0.69,0.17999999999999994,0.17000000000000004,0.0,0.009999999999999898,0.009999999999999898,0.685,0.175
Circles_QNN,Circles_QNN_z15141_zz15142,15141,15142,4,2,5,zero,pairwise,rzz,False,0.67,0.67,0.57,0.56,0.10000000000000009,0.10999999999999999,0.0,0.009999999999999898,0.009999999999999898,0.565,0.10500000000000004
MNIST_QNN,MNIST_QNN_z307_zz1027,307,1027,6,4,4,wrap,pairwise,rzz,False,0.655,0.655,0.315,0.315,0.34,0.34,0.0,0.0,0.0,0.315,0.34
MNIST_QNN,MNIST_QNN_z206_zz926,206,926,6,6,1,wrap,linear,crz,False,0.83,0.83,0.56,0.555,0.2699999999999999,0.2749999999999999,0.0,0.0050000000000000044,0.0050000000000000044,0.5575000000000001,0.2724999999999999
MNIST_QNN,MNIST_QNN_z203_zz923,203,923,6,4,1,wrap,full,rzz,False,0.915,0.915,0.535,0.54,0.38,0.375,0.0,0.0050000000000000044,0.0050000000000000044,0.5375000000000001,0.3775
MNIST_QNN,MNIST_QNN_z290_zz1010,290,1010,6,2,4,wrap,linear,crz,False,0.55,0.545,0.34,0.345,0.21000000000000002,0.20000000000000007,0.0050000000000000044,0.004999999999999949,0.009999999999999953,0.3425,0.20500000000000004
Moons_QNN,Moons_QNN_z19651_zz19652,19651,19652,4,3,1,wrap,pairwise,cx,False,0.92,0.92,0.92,0.92,0.0,0.0,0.0,0.0,0.0,0.92,0.0
Moons_QNN,Moons_QNN_z19661_zz19662,19661,19662,4,3,1,repeatlast,pairwise,cx,False,0.92,0.92,0.92,0.92,0.0,0.0,0.0,0.0,0.0,0.92,0.0
Moons_QNN,Moons_QNN_z19671_zz19672,19671,19672,4,3,1,zero,pairwise,cx,False,0.92,0.92,0.92,0.92,0.0,0.0,0.0,0.0,0.0,0.92,0.0
Moons_QNN,Moons_QNN_z44251_zz44252,44251,44252,4,2,1,wrap,full,crz,True,0.92,0.92,0.92,0.92,0.0,0.0,0.0,0.0,0.0,0.92,0.0
Moons_QNN,Moons_QNN_z44261_zz44262,44261,44262,4,2,1,repeatlast,full,crz,True,0.92,0.92,0.92,0.92,0.0,0.0,0.0,0.0,0.0,0.92,0.0
Moons_QNN,Moons_QNN_z44271_zz44272,44271,44272,4,2,1,zero,full,crz,True,0.92,0.92,0.92,0.92,0.0,0.0,0.0,0.0,0.0,0.92,0.0
Moons_QNN,Moons_QNN_z1801_zz1802,1801,1802,4,4,1,wrap,linear,cx,False,0.92,0.92,0.9,0.9,0.020000000000000018,0.020000000000000018,0.0,0.0,0.0,0.9,0.020000000000000018
Moons_QNN,Moons_QNN_z1811_zz1812,1811,1812,4,4,1,repeatlast,linear,cx,False,0.92,0.92,0.9,0.9,0.020000000000000018,0.020000000000000018,0.0,0.0,0.0,0.9,0.020000000000000018
Moons_QNN,Moons_QNN_z1821_zz1822,1821,1822,4,4,1,zero,linear,cx,False,0.92,0.92,0.9,0.9,0.020000000000000018,0.020000000000000018,0.0,0.0,0.0,0.9,0.020000000000000018
Moons_QNN,Moons_QNN_z1951_zz1952,1951,1952,4,5,1,wrap,linear,cx,False,0.92,0.92,0.9,0.9,0.020000000000000018,0.020000000000000018,0.0,0.0,0.0,0.9,0.020000000000000018
Moons_QNN,Moons_QNN_z1961_zz1962,1961,1962,4,5,1,repeatlast,linear,cx,False,0.92,0.92,0.9,0.9,0.020000000000000018,0.020000000000000018,0.0,0.0,0.0,0.9,0.020000000000000018
Moons_QNN,Moons_QNN_z1971_zz1972,1971,1972,4,5,1,zero,linear,cx,False,0.92,0.92,0.9,0.9,0.020000000000000018,0.020000000000000018,0.0,0.0,0.0,0.9,0.020000000000000018
Moons_QNN,Moons_QNN_z4051_zz4052,4051,4052,4,4,1,wrap,linear,cx,True,0.92,0.92,0.9,0.9,0.020000000000000018,0.020000000000000018,0.0,0.0,0.0,0.9,0.020000000000000018
Moons_QNN,Moons_QNN_z4061_zz4062,4061,4062,4,4,1,repeatlast,linear,cx,True,0.92,0.92,0.9,0.9,0.020000000000000018,0.020000000000000018,0.0,0.0,0.0,0.9,0.020000000000000018
Moons_QNN,Moons_QNN_z4071_zz4072,4071,4072,4,4,1,zero,linear,cx,True,0.92,0.92,0.9,0.9,0.020000000000000018,0.020000000000000018,0.0,0.0,0.0,0.9,0.020000000000000018
Moons_QNN,Moons_QNN_z6001_zz6002,6001,6002,4,2,1,wrap,linear,crz,False,0.92,0.92,0.9,0.9,0.020000000000000018,0.020000000000000018,0.0,0.0,0.0,0.9,0.020000000000000018
Moons_QNN,Moons_QNN_z6011_zz6012,6011,6012,4,2,1,repeatlast,linear,crz,False,0.92,0.92,0.9,0.9,0.020000000000000018,0.020000000000000018,0.0,0.0,0.0,0.9,0.020000000000000018
Moons_QNN,Moons_QNN_z6021_zz6022,6021,6022,4,2,1,zero,linear,crz,False,0.92,0.92,0.9,0.9,0.020000000000000018,0.020000000000000018,0.0,0.0,0.0,0.9,0.020000000000000018
Moons_QNN,Moons_QNN_z7201_zz7202,7201,7202,2,5,1,wrap,linear,crz,True,0.94,0.94,0.9,0.9,0.039999999999999925,0.039999999999999925,0.0,0.0,0.0,0.9,0.039999999999999925
Moons_QNN,Moons_QNN_z7211_zz7212,7211,7212,2,5,1,repeatlast,linear,crz,True,0.94,0.94,0.9,0.9,0.039999999999999925,0.039999999999999925,0.0,0.0,0.0,0.9,0.039999999999999925
Moons_QNN,Moons_QNN_z7221_zz7222,7221,7222,2,5,1,zero,linear,crz,True,0.94,0.94,0.9,0.9,0.039999999999999925,0.039999999999999925,0.0,0.0,0.0,0.9,0.039999999999999925
Moons_QNN,Moons_QNN_z8251_zz8252,8251,8252,4,2,1,wrap,linear,crz,True,0.92,0.92,0.9,0.9,0.020000000000000018,0.020000000000000018,0.0,0.0,0.0,0.9,0.020000000000000018
Moons_QNN,Moons_QNN_z8261_zz8262,8261,8262,4,2,1,repeatlast,linear,crz,True,0.92,0.92,0.9,0.9,0.020000000000000018,0.020000000000000018,0.0,0.0,0.0,0.9,0.020000000000000018
Moons_QNN,Moons_QNN_z8271_zz8272,8271,8272,4,2,1,zero,linear,crz,True,0.92,0.92,0.9,0.9,0.020000000000000018,0.020000000000000018,0.0,0.0,0.0,0.9,0.020000000000000018
Moons_QNN,Moons_QNN_z9301_zz9302,9301,9302,2,4,1,wrap,linear,rzz,False,0.92,0.92,0.9,0.9,0.020000000000000018,0.020000000000000018,0.0,0.0,0.0,0.9,0.020000000000000018
Moons_QNN,Moons_QNN_z9311_zz9312,9311,9312,2,4,1,repeatlast,linear,rzz,False,0.92,0.92,0.9,0.9,0.020000000000000018,0.020000000000000018,0.0,0.0,0.0,0.9,0.020000000000000018
Moons_QNN,Moons_QNN_z9321_zz9322,9321,9322,2,4,1,zero,linear,rzz,False,0.92,0.92,0.9,0.9,0.020000000000000018,0.020000000000000018,0.0,0.0,0.0,0.9,0.020000000000000018
Moons_QNN,Moons_QNN_z10501_zz10502,10501,10502,4,2,1,wrap,linear,rzz,False,0.92,0.92,0.9,0.9,0.020000000000000018,0.020000000000000018,0.0,0.0,0.0,0.9,0.020000000000000018
Moons_QNN,Moons_QNN_z10511_zz10512,10511,10512,4,2,1,repeatlast,linear,rzz,False,0.92,0.92,0.9,0.9,0.020000000000000018,0.020000000000000018,0.0,0.0,0.0,0.9,0.020000000000000018
Moons_QNN,Moons_QNN_z10521_zz10522,10521,10522,4,2,1,zero,linear,rzz,False,0.92,0.92,0.9,0.9,0.020000000000000018,0.020000000000000018,0.0,0.0,0.0,0.9,0.020000000000000018
Moons_QNN,Moons_QNN_z11551_zz11552,11551,11552,2,4,1,wrap,linear,rzz,True,0.92,0.92,0.9,0.9,0.020000000000000018,0.020000000000000018,0.0,0.0,0.0,0.9,0.020000000000000018
Moons_QNN,Moons_QNN_z11561_zz11562,11561,11562,2,4,1,repeatlast,linear,rzz,True,0.92,0.92,0.9,0.9,0.020000000000000018,0.020000000000000018,0.0,0.0,0.0,0.9,0.020000000000000018
Moons_QNN,Moons_QNN_z11571_zz11572,11571,11572,2,4,1,zero,linear,rzz,True,0.92,0.92,0.9,0.9,0.020000000000000018,0.020000000000000018,0.0,0.0,0.0,0.9,0.020000000000000018
Moons_QNN,Moons_QNN_z12751_zz12752,12751,12752,4,2,1,wrap,linear,rzz,True,0.92,0.92,0.9,0.9,0.020000000000000018,0.020000000000000018,0.0,0.0,0.0,0.9,0.020000000000000018
Moons_QNN,Moons_QNN_z12761_zz12762,12761,12762,4,2,1,repeatlast,linear,rzz,True,0.92,0.92,0.9,0.9,0.020000000000000018,0.020000000000000018,0.0,0.0,0.0,0.9,0.020000000000000018
Moons_QNN,Moons_QNN_z12771_zz12772,12771,12772,4,2,1,zero,linear,rzz,True,0.92,0.92,0.9,0.9,0.020000000000000018,0.020000000000000018,0.0,0.0,0.0,0.9,0.020000000000000018
Moons_QNN,Moons_QNN_z19801_zz19802,19801,19802,4,4,1,wrap,pairwise,cx,False,0.92,0.92,0.9,0.9,0.020000000000000018,0.020000000000000018,0.0,0.0,0.0,0.9,0.020000000000000018
Moons_QNN,Moons_QNN_z19811_zz19812,19811,19812,4,4,1,repeatlast,pairwise,cx,False,0.92,0.92,0.9,0.9,0.020000000000000018,0.020000000000000018,0.0,0.0,0.0,0.9,0.020000000000000018
Moons_QNN,Moons_QNN_z19821_zz19822,19821,19822,4,4,1,zero,pairwise,cx,False,0.92,0.92,0.9,0.9,0.020000000000000018,0.020000000000000018,0.0,0.0,0.0,0.9,0.020000000000000018
Moons_QNN,Moons_QNN_z20101_zz20102,20101,20102,4,6,1,wrap,pairwise,cx,False,0.92,0.92,0.9,0.9,0.020000000000000018,0.020000000000000018,0.0,0.0,0.0,0.9,0.020000000000000018
Moons_QNN,Moons_QNN_z20111_zz20112,20111,20112,4,6,1,repeatlast,pairwise,cx,False,0.92,0.92,0.9,0.9,0.020000000000000018,0.020000000000000018,0.0,0.0,0.0,0.9,0.020000000000000018
Moons_QNN,Moons_QNN_z20121_zz20122,20121,20122,4,6,1,zero,pairwise,cx,False,0.92,0.92,0.9,0.9,0.020000000000000018,0.020000000000000018,0.0,0.0,0.0,0.9,0.020000000000000018
Moons_QNN,Moons_QNN_z24001_zz24002,24001,24002,4,2,1,wrap,pairwise,crz,False,0.92,0.92,0.9,0.9,0.020000000000000018,0.020000000000000018,0.0,0.0,0.0,0.9,0.020000000000000018
Moons_QNN,Moons_QNN_z24011_zz24012,24011,24012,4,2,1,repeatlast,pairwise,crz,False,0.92,0.92,0.9,0.9,0.020000000000000018,0.020000000000000018,0.0,0.0,0.0,0.9,0.020000000000000018
Moons_QNN,Moons_QNN_z24021_zz24022,24021,24022,4,2,1,zero,pairwise,crz,False,0.92,0.92,0.9,0.9,0.020000000000000018,0.020000000000000018,0.0,0.0,0.0,0.9,0.020000000000000018
Moons_QNN,Moons_QNN_z25201_zz25202,25201,25202,2,5,1,wrap,pairwise,crz,True,0.94,0.94,0.9,0.9,0.039999999999999925,0.039999999999999925,0.0,0.0,0.0,0.9,0.039999999999999925
Moons_QNN,Moons_QNN_z25211_zz25212,25211,25212,2,5,1,repeatlast,pairwise,crz,True,0.94,0.94,0.9,0.9,0.039999999999999925,0.039999999999999925,0.0,0.0,0.0,0.9,0.039999999999999925
Moons_QNN,Moons_QNN_z25221_zz25222,25221,25222,2,5,1,zero,pairwise,crz,True,0.94,0.94,0.9,0.9,0.039999999999999925,0.039999999999999925,0.0,0.0,0.0,0.9,0.039999999999999925
Moons_QNN,Moons_QNN_z26251_zz26252,26251,26252,4,2,1,wrap,pairwise,crz,True,0.92,0.92,0.9,0.9,0.020000000000000018,0.020000000000000018,0.0,0.0,0.0,0.9,0.020000000000000018
Moons_QNN,Moons_QNN_z26261_zz26262,26261,26262,4,2,1,repeatlast,pairwise,crz,True,0.92,0.92,0.9,0.9,0.020000000000000018,0.020000000000000018,0.0,0.0,0.0,0.9,0.020000000000000018
Moons_QNN,Moons_QNN_z26271_zz26272,26271,26272,4,2,1,zero,pairwise,crz,True,0.92,0.92,0.9,0.9,0.020000000000000018,0.020000000000000018,0.0,0.0,0.0,0.9,0.020000000000000018
Moons_QNN,Moons_QNN_z26701_zz26702,26701,26702,4,5,1,wrap,pairwise,crz,True,0.92,0.92,0.9,0.9,0.020000000000000018,0.020000000000000018,0.0,0.0,0.0,0.9,0.020000000000000018
Moons_QNN,Moons_QNN_z26711_zz26712,26711,26712,4,5,1,repeatlast,pairwise,crz,True,0.92,0.92,0.9,0.9,0.020000000000000018,0.020000000000000018,0.0,0.0,0.0,0.9,0.020000000000000018
Moons_QNN,Moons_QNN_z26721_zz26722,26721,26722,4,5,1,zero,pairwise,crz,True,0.92,0.92,0.9,0.9,0.020000000000000018,0.020000000000000018,0.0,0.0,0.0,0.9,0.020000000000000018
Moons_QNN,Moons_QNN_z27301_zz27302,27301,27302,2,4,1,wrap,pairwise,rzz,False,0.92,0.92,0.9,0.9,0.020000000000000018,0.020000000000000018,0.0,0.0,0.0,0.9,0.020000000000000018
Moons_QNN,Moons_QNN_z27311_zz27312,27311,27312,2,4,1,repeatlast,pairwise,rzz,False,0.92,0.92,0.9,0.9,0.020000000000000018,0.020000000000000018,0.0,0.0,0.0,0.9,0.020000000000000018
Moons_QNN,Moons_QNN_z27321_zz27322,27321,27322,2,4,1,zero,pairwise,rzz,False,0.92,0.92,0.9,0.9,0.020000000000000018,0.020000000000000018,0.0,0.0,0.0,0.9,0.020000000000000018
Moons_QNN,Moons_QNN_z28501_zz28502,28501,28502,4,2,1,wrap,pairwise,rzz,False,0.92,0.92,0.9,0.9,0.020000000000000018,0.020000000000000018,0.0,0.0,0.0,0.9,0.020000000000000018
Moons_QNN,Moons_QNN_z28511_zz28512,28511,28512,4,2,1,repeatlast,pairwise,rzz,False,0.92,0.92,0.9,0.9,0.020000000000000018,0.020000000000000018,0.0,0.0,0.0,0.9,0.020000000000000018
Moons_QNN,Moons_QNN_z28521_zz28522,28521,28522,4,2,1,zero,pairwise,rzz,False,0.92,0.92,0.9,0.9,0.020000000000000018,0.020000000000000018,0.0,0.0,0.0,0.9,0.020000000000000018
Moons_QNN,Moons_QNN_z29551_zz29552,29551,29552,2,4,1,wrap,pairwise,rzz,True,0.92,0.92,0.9,0.9,0.020000000000000018,0.020000000000000018,0.0,0.0,0.0,0.9,0.020000000000000018
Moons_QNN,Moons_QNN_z29561_zz29562,29561,29562,2,4,1,repeatlast,pairwise,rzz,True,0.92,0.92,0.9,0.9,0.020000000000000018,0.020000000000000018,0.0,0.0,0.0,0.9,0.020000000000000018
Moons_QNN,Moons_QNN_z29571_zz29572,29571,29572,2,4,1,zero,pairwise,rzz,True,0.92,0.92,0.9,0.9,0.020000000000000018,0.020000000000000018,0.0,0.0,0.0,0.9,0.020000000000000018
Moons_QNN,Moons_QNN_z30751_zz30752,30751,30752,4,2,1,wrap,pairwise,rzz,True,0.92,0.92,0.9,0.9,0.020000000000000018,0.020000000000000018,0.0,0.0,0.0,0.9,0.020000000000000018
Moons_QNN,Moons_QNN_z30761_zz30762,30761,30762,4,2,1,repeatlast,pairwise,rzz,True,0.92,0.92,0.9,0.9,0.020000000000000018,0.020000000000000018,0.0,0.0,0.0,0.9,0.020000000000000018
Moons_QNN,Moons_QNN_z30771_zz30772,30771,30772,4,2,1,zero,pairwise,rzz,True,0.92,0.92,0.9,0.9,0.020000000000000018,0.020000000000000018,0.0,0.0,0.0,0.9,0.020000000000000018
Moons_QNN,Moons_QNN_z37501_zz37502,37501,37502,4,2,1,wrap,full,cx,False,0.92,0.92,0.9,0.9,0.020000000000000018,0.020000000000000018,0.0,0.0,0.0,0.9,0.020000000000000018
Moons_QNN,Moons_QNN_z37511_zz37512,37511,37512,4,2,1,repeatlast,full,cx,False,0.92,0.92,0.9,0.9,0.020000000000000018,0.020000000000000018,0.0,0.0,0.0,0.9,0.020000000000000018
Moons_QNN,Moons_QNN_z37521_zz37522,37521,37522,4,2,1,zero,full,cx,False,0.92,0.92,0.9,0.9,0.020000000000000018,0.020000000000000018,0.0,0.0,0.0,0.9,0.020000000000000018
Moons_QNN,Moons_QNN_z39901_zz39902,39901,39902,4,3,1,wrap,full,cx,True,0.92,0.92,0.9,0.9,0.020000000000000018,0.020000000000000018,0.0,0.0,0.0,0.9,0.020000000000000018
Moons_QNN,Moons_QNN_z39911_zz39912,39911,39912,4,3,1,repeatlast,full,cx,True,0.92,0.92,0.9,0.9,0.020000000000000018,0.020000000000000018,0.0,0.0,0.0,0.9,0.020000000000000018
Moons_QNN,Moons_QNN_z39921_zz39922,39921,39922,4,3,1,zero,full,cx,True,0.92,0.92,0.9,0.9,0.020000000000000018,0.020000000000000018,0.0,0.0,0.0,0.9,0.020000000000000018
Moons_QNN,Moons_QNN_z40051_zz40052,40051,40052,4,4,1,wrap,full,cx,True,0.92,0.92,0.9,0.9,0.020000000000000018,0.020000000000000018,0.0,0.0,0.0,0.9,0.020000000000000018
Moons_QNN,Moons_QNN_z40061_zz40062,40061,40062,4,4,1,repeatlast,full,cx,True,0.92,0.92,0.9,0.9,0.020000000000000018,0.020000000000000018,0.0,0.0,0.0,0.9,0.020000000000000018
Moons_QNN,Moons_QNN_z40071_zz40072,40071,40072,4,4,1,zero,full,cx,True,0.92,0.92,0.9,0.9,0.020000000000000018,0.020000000000000018,0.0,0.0,0.0,0.9,0.020000000000000018
Moons_QNN,Moons_QNN_z42001_zz42002,42001,42002,4,2,1,wrap,full,crz,False,0.92,0.92,0.9,0.9,0.020000000000000018,0.020000000000000018,0.0,0.0,0.0,0.9,0.020000000000000018
Moons_QNN,Moons_QNN_z42011_zz42012,42011,42012,4,2,1,repeatlast,full,crz,False,0.92,0.92,0.9,0.9,0.020000000000000018,0.020000000000000018,0.0,0.0,0.0,0.9,0.020000000000000018
Moons_QNN,Moons_QNN_z42021_zz42022,42021,42022,4,2,1,zero,full,crz,False,0.92,0.92,0.9,0.9,0.020000000000000018,0.020000000000000018,0.0,0.0,0.0,0.9,0.020000000000000018
Moons_QNN,Moons_QNN_z42601_zz42602,42601,42602,4,6,1,wrap,full,crz,False,0.92,0.92,0.9,0.9,0.020000000000000018,0.020000000000000018,0.0,0.0,0.0,0.9,0.020000000000000018
Moons_QNN,Moons_QNN_z42611_zz42612,42611,42612,4,6,1,repeatlast,full,crz,False,0.92,0.92,0.9,0.9,0.020000000000000018,0.020000000000000018,0.0,0.0,0.0,0.9,0.020000000000000018
Moons_QNN,Moons_QNN_z42621_zz42622,42621,42622,4,6,1,zero,full,crz,False,0.92,0.92,0.9,0.9,0.020000000000000018,0.020000000000000018,0.0,0.0,0.0,0.9,0.020000000000000018
Moons_QNN,Moons_QNN_z43201_zz43202,43201,43202,2,5,1,wrap,full,crz,True,0.94,0.94,0.9,0.9,0.039999999999999925,0.039999999999999925,0.0,0.0,0.0,0.9,0.039999999999999925
Moons_QNN,Moons_QNN_z43211_zz43212,43211,43212,2,5,1,repeatlast,full,crz,True,0.94,0.94,0.9,0.9,0.039999999999999925,0.039999999999999925,0.0,0.0,0.0,0.9,0.039999999999999925
Moons_QNN,Moons_QNN_z43221_zz43222,43221,43222,2,5,1,zero,full,crz,True,0.94,0.94,0.9,0.9,0.039999999999999925,0.039999999999999925,0.0,0.0,0.0,0.9,0.039999999999999925
Moons_QNN,Moons_QNN_z44851_zz44852,44851,44852,4,6,1,wrap,full,crz,True,0.92,0.92,0.9,0.9,0.020000000000000018,0.020000000000000018,0.0,0.0,0.0,0.9,0.020000000000000018
Moons_QNN,Moons_QNN_z44861_zz44862,44861,44862,4,6,1,repeatlast,full,crz,True,0.92,0.92,0.9,0.9,0.020000000000000018,0.020000000000000018,0.0,0.0,0.0,0.9,0.020000000000000018
Moons_QNN,Moons_QNN_z44871_zz44872,44871,44872,4,6,1,zero,full,crz,True,0.92,0.92,0.9,0.9,0.020000000000000018,0.020000000000000018,0.0,0.0,0.0,0.9,0.020000000000000018
Moons_QNN,Moons_QNN_z45301_zz45302,45301,45302,2,4,1,wrap,full,rzz,False,0.92,0.92,0.9,0.9,0.020000000000000018,0.020000000000000018,0.0,0.0,0.0,0.9,0.020000000000000018
Moons_QNN,Moons_QNN_z45311_zz45312,45311,45312,2,4,1,repeatlast,full,rzz,False,0.92,0.92,0.9,0.9,0.020000000000000018,0.020000000000000018,0.0,0.0,0.0,0.9,0.020000000000000018
Moons_QNN,Moons_QNN_z45321_zz45322,45321,45322,2,4,1,zero,full,rzz,False,0.92,0.92,0.9,0.9,0.020000000000000018,0.020000000000000018,0.0,0.0,0.0,0.9,0.020000000000000018
Moons_QNN,Moons_QNN_z46651_zz46652,46651,46652,4,3,1,wrap,full,rzz,False,0.92,0.92,0.9,0.9,0.020000000000000018,0.020000000000000018,0.0,0.0,0.0,0.9,0.020000000000000018
Moons_QNN,Moons_QNN_z46661_zz46662,46661,46662,4,3,1,repeatlast,full,rzz,False,0.92,0.92,0.9,0.9,0.020000000000000018,0.020000000000000018,0.0,0.0,0.0,0.9,0.020000000000000018
Moons_QNN,Moons_QNN_z46671_zz46672,46671,46672,4,3,1,zero,full,rzz,False,0.92,0.92,0.9,0.9,0.020000000000000018,0.020000000000000018,0.0,0.0,0.0,0.9,0.020000000000000018
Moons_QNN,Moons_QNN_z46951_zz46952,46951,46952,4,5,1,wrap,full,rzz,False,0.92,0.92,0.9,0.9,0.020000000000000018,0.020000000000000018,0.0,0.0,0.0,0.9,0.020000000000000018
Moons_QNN,Moons_QNN_z46961_zz46962,46961,46962,4,5,1,repeatlast,full,rzz,False,0.92,0.92,0.9,0.9,0.020000000000000018,0.020000000000000018,0.0,0.0,0.0,0.9,0.020000000000000018
Moons_QNN,Moons_QNN_z46971_zz46972,46971,46972,4,5,1,zero,full,rzz,False,0.92,0.92,0.9,0.9,0.020000000000000018,0.020000000000000018,0.0,0.0,0.0,0.9,0.020000000000000018
Moons_QNN,Moons_QNN_z47551_zz47552,47551,47552,2,4,1,wrap,full,rzz,True,0.92,0.92,0.9,0.9,0.020000000000000018,0.020000000000000018,0.0,0.0,0.0,0.9,0.020000000000000018
Moons_QNN,Moons_QNN_z47561_zz47562,47561,47562,2,4,1,repeatlast,full,rzz,True,0.92,0.92,0.9,0.9,0.020000000000000018,0.020000000000000018,0.0,0.0,0.0,0.9,0.020000000000000018
Moons_QNN,Moons_QNN_z47571_zz47572,47571,47572,2,4,1,zero,full,rzz,True,0.92,0.92,0.9,0.9,0.020000000000000018,0.020000000000000018,0.0,0.0,0.0,0.9,0.020000000000000018
Moons_QNN,Moons_QNN_z48901_zz48902,48901,48902,4,3,1,wrap,full,rzz,True,0.92,0.92,0.9,0.9,0.020000000000000018,0.020000000000000018,0.0,0.0,0.0,0.9,0.020000000000000018
Moons_QNN,Moons_QNN_z48911_zz48912,48911,48912,4,3,1,repeatlast,full,rzz,True,0.92,0.92,0.9,0.9,0.020000000000000018,0.020000000000000018,0.0,0.0,0.0,0.9,0.020000000000000018
Moons_QNN,Moons_QNN_z48921_zz48922,48921,48922,4,3,1,zero,full,rzz,True,0.92,0.92,0.9,0.9,0.020000000000000018,0.020000000000000018,0.0,0.0,0.0,0.9,0.020000000000000018
Moons_QNN,Moons_QNN_z49201_zz49202,49201,49202,4,5,1,wrap,full,rzz,True,0.92,0.92,0.9,0.9,0.020000000000000018,0.020000000000000018,0.0,0.0,0.0,0.9,0.020000000000000018
Moons_QNN,Moons_QNN_z49211_zz49212,49211,49212,4,5,1,repeatlast,full,rzz,True,0.92,0.92,0.9,0.9,0.020000000000000018,0.020000000000000018,0.0,0.0,0.0,0.9,0.020000000000000018
Moons_QNN,Moons_QNN_z49221_zz49222,49221,49222,4,5,1,zero,full,rzz,True,0.92,0.92,0.9,0.9,0.020000000000000018,0.020000000000000018,0.0,0.0,0.0,0.9,0.020000000000000018
Moons_QNN,Moons_QNN_z3021_zz3022,3021,3022,3,2,1,zero,linear,cx,True,0.92,0.92,0.88,0.88,0.040000000000000036,0.040000000000000036,0.0,0.0,0.0,0.88,0.040000000000000036
Moons_QNN,Moons_QNN_z6151_zz6152,6151,6152,4,3,1,wrap,linear,crz,False,0.92,0.92,0.88,0.88,0.040000000000000036,0.040000000000000036,0.0,0.0,0.0,0.88,0.040000000000000036
Moons_QNN,Moons_QNN_z6161_zz6162,6161,6162,4,3,1,repeatlast,linear,crz,False,0.92,0.92,0.88,0.88,0.040000000000000036,0.040000000000000036,0.0,0.0,0.0,0.88,0.040000000000000036
Moons_QNN,Moons_QNN_z6171_zz6172,6171,6172,4,3,1,zero,linear,crz,False,0.92,0.92,0.88,0.88,0.040000000000000036,0.040000000000000036,0.0,0.0,0.0,0.88,0.040000000000000036
Moons_QNN,Moons_QNN_z6601_zz6602,6601,6602,4,6,1,wrap,linear,crz,False,0.92,0.92,0.88,0.88,0.040000000000000036,0.040000000000000036,0.0,0.0,0.0,0.88,0.040000000000000036
Moons_QNN,Moons_QNN_z6611_zz6612,6611,6612,4,6,1,repeatlast,linear,crz,False,0.92,0.92,0.88,0.88,0.040000000000000036,0.040000000000000036,0.0,0.0,0.0,0.88,0.040000000000000036
Moons_QNN,Moons_QNN_z6621_zz6622,6621,6622,4,6,1,zero,linear,crz,False,0.92,0.92,0.88,0.88,0.040000000000000036,0.040000000000000036,0.0,0.0,0.0,0.88,0.040000000000000036
Moons_QNN,Moons_QNN_z8551_zz8552,8551,8552,4,4,1,wrap,linear,crz,True,0.92,0.92,0.88,0.88,0.040000000000000036,0.040000000000000036,0.0,0.0,0.0,0.88,0.040000000000000036
Moons_QNN,Moons_QNN_z8561_zz8562,8561,8562,4,4,1,repeatlast,linear,crz,True,0.92,0.92,0.88,0.88,0.040000000000000036,0.040000000000000036,0.0,0.0,0.0,0.88,0.040000000000000036
Moons_QNN,Moons_QNN_z8571_zz8572,8571,8572,4,4,1,zero,linear,crz,True,0.92,0.92,0.88,0.88,0.040000000000000036,0.040000000000000036,0.0,0.0,0.0,0.88,0.040000000000000036
Moons_QNN,Moons_QNN_z9601_zz9602,9601,9602,2,6,1,wrap,linear,rzz,False,0.94,0.94,0.88,0.88,0.05999999999999994,0.05999999999999994,0.0,0.0,0.0,0.88,0.05999999999999994
Moons_QNN,Moons_QNN_z9611_zz9612,9611,9612,2,6,1,repeatlast,linear,rzz,False,0.94,0.94,0.88,0.88,0.05999999999999994,0.05999999999999994,0.0,0.0,0.0,0.88,0.05999999999999994
Moons_QNN,Moons_QNN_z9621_zz9622,9621,9622,2,6,1,zero,linear,rzz,False,0.94,0.94,0.88,0.88,0.05999999999999994,0.05999999999999994,0.0,0.0,0.0,0.88,0.05999999999999994
Moons_QNN,Moons_QNN_z10651_zz10652,10651,10652,4,3,1,wrap,linear,rzz,False,0.92,0.92,0.88,0.88,0.040000000000000036,0.040000000000000036,0.0,0.0,0.0,0.88,0.040000000000000036
Moons_QNN,Moons_QNN_z10661_zz10662,10661,10662,4,3,1,repeatlast,linear,rzz,False,0.92,0.92,0.88,0.88,0.040000000000000036,0.040000000000000036,0.0,0.0,0.0,0.88,0.040000000000000036
Moons_QNN,Moons_QNN_z10671_zz10672,10671,10672,4,3,1,zero,linear,rzz,False,0.92,0.92,0.88,0.88,0.040000000000000036,0.040000000000000036,0.0,0.0,0.0,0.88,0.040000000000000036
Moons_QNN,Moons_QNN_z11851_zz11852,11851,11852,2,6,1,wrap,linear,rzz,True,0.94,0.94,0.88,0.88,0.05999999999999994,0.05999999999999994,0.0,0.0,0.0,0.88,0.05999999999999994
Moons_QNN,Moons_QNN_z11861_zz11862,11861,11862,2,6,1,repeatlast,linear,rzz,True,0.94,0.94,0.88,0.88,0.05999999999999994,0.05999999999999994,0.0,0.0,0.0,0.88,0.05999999999999994
Moons_QNN,Moons_QNN_z11871_zz11872,11871,11872,2,6,1,zero,linear,rzz,True,0.94,0.94,0.88,0.88,0.05999999999999994,0.05999999999999994,0.0,0.0,0.0,0.88,0.05999999999999994
Moons_QNN,Moons_QNN_z12901_zz12902,12901,12902,4,3,1,wrap,linear,rzz,True,0.92,0.92,0.88,0.88,0.040000000000000036,0.040000000000000036,0.0,0.0,0.0,0.88,0.040000000000000036
Moons_QNN,Moons_QNN_z12911_zz12912,12911,12912,4,3,1,repeatlast,linear,rzz,True,0.92,0.92,0.88,0.88,0.040000000000000036,0.040000000000000036,0.0,0.0,0.0,0.88,0.040000000000000036
Moons_QNN,Moons_QNN_z12921_zz12922,12921,12922,4,3,1,zero,linear,rzz,True,0.92,0.92,0.88,0.88,0.040000000000000036,0.040000000000000036,0.0,0.0,0.0,0.88,0.040000000000000036
Moons_QNN,Moons_QNN_z21021_zz21022,21021,21022,3,2,1,zero,pairwise,cx,True,0.92,0.92,0.88,0.88,0.040000000000000036,0.040000000000000036,0.0,0.0,0.0,0.88,0.040000000000000036
Moons_QNN,Moons_QNN_z24151_zz24152,24151,24152,4,3,1,wrap,pairwise,crz,False,0.92,0.92,0.88,0.88,0.040000000000000036,0.040000000000000036,0.0,0.0,0.0,0.88,0.040000000000000036
Moons_QNN,Moons_QNN_z24161_zz24162,24161,24162,4,3,1,repeatlast,pairwise,crz,False,0.92,0.92,0.88,0.88,0.040000000000000036,0.040000000000000036,0.0,0.0,0.0,0.88,0.040000000000000036
Moons_QNN,Moons_QNN_z24171_zz24172,24171,24172,4,3,1,zero,pairwise,crz,False,0.92,0.92,0.88,0.88,0.040000000000000036,0.040000000000000036,0.0,0.0,0.0,0.88,0.040000000000000036
Moons_QNN,Moons_QNN_z24451_zz24452,24451,24452,4,5,1,wrap,pairwise,crz,False,0.92,0.92,0.88,0.88,0.040000000000000036,0.040000000000000036,0.0,0.0,0.0,0.88,0.040000000000000036
Moons_QNN,Moons_QNN_z24461_zz24462,24461,24462,4,5,1,repeatlast,pairwise,crz,False,0.92,0.92,0.88,0.88,0.040000000000000036,0.040000000000000036,0.0,0.0,0.0,0.88,0.040000000000000036
Moons_QNN,Moons_QNN_z24471_zz24472,24471,24472,4,5,1,zero,pairwise,crz,False,0.92,0.92,0.88,0.88,0.040000000000000036,0.040000000000000036,0.0,0.0,0.0,0.88,0.040000000000000036
Moons_QNN,Moons_QNN_z27601_zz27602,27601,27602,2,6,1,wrap,pairwise,rzz,False,0.94,0.94,0.88,0.88,0.05999999999999994,0.05999999999999994,0.0,0.0,0.0,0.88,0.05999999999999994
Moons_QNN,Moons_QNN_z27611_zz27612,27611,27612,2,6,1,repeatlast,pairwise,rzz,False,0.94,0.94,0.88,0.88,0.05999999999999994,0.05999999999999994,0.0,0.0,0.0,0.88,0.05999999999999994
Moons_QNN,Moons_QNN_z27621_zz27622,27621,27622,2,6,1,zero,pairwise,rzz,False,0.94,0.94,0.88,0.88,0.05999999999999994,0.05999999999999994,0.0,0.0,0.0,0.88,0.05999999999999994
Moons_QNN,Moons_QNN_z28951_zz28952,28951,28952,4,5,1,wrap,pairwise,rzz,False,0.92,0.92,0.88,0.88,0.040000000000000036,0.040000000000000036,0.0,0.0,0.0,0.88,0.040000000000000036
Moons_QNN,Moons_QNN_z28961_zz28962,28961,28962,4,5,1,repeatlast,pairwise,rzz,False,0.92,0.92,0.88,0.88,0.040000000000000036,0.040000000000000036,0.0,0.0,0.0,0.88,0.040000000000000036
Moons_QNN,Moons_QNN_z28971_zz28972,28971,28972,4,5,1,zero,pairwise,rzz,False,0.92,0.92,0.88,0.88,0.040000000000000036,0.040000000000000036,0.0,0.0,0.0,0.88,0.040000000000000036
Moons_QNN,Moons_QNN_z29851_zz29852,29851,29852,2,6,1,wrap,pairwise,rzz,True,0.94,0.94,0.88,0.88,0.05999999999999994,0.05999999999999994,0.0,0.0,0.0,0.88,0.05999999999999994
Moons_QNN,Moons_QNN_z29861_zz29862,29861,29862,2,6,1,repeatlast,pairwise,rzz,True,0.94,0.94,0.88,0.88,0.05999999999999994,0.05999999999999994,0.0,0.0,0.0,0.88,0.05999999999999994
Moons_QNN,Moons_QNN_z29871_zz29872,29871,29872,2,6,1,zero,pairwise,rzz,True,0.94,0.94,0.88,0.88,0.05999999999999994,0.05999999999999994,0.0,0.0,0.0,0.88,0.05999999999999994
Moons_QNN,Moons_QNN_z31201_zz31202,31201,31202,4,5,1,wrap,pairwise,rzz,True,0.92,0.92,0.88,0.88,0.040000000000000036,0.040000000000000036,0.0,0.0,0.0,0.88,0.040000000000000036
Moons_QNN,Moons_QNN_z31211_zz31212,31211,31212,4,5,1,repeatlast,pairwise,rzz,True,0.92,0.92,0.88,0.88,0.040000000000000036,0.040000000000000036,0.0,0.0,0.0,0.88,0.040000000000000036
Moons_QNN,Moons_QNN_z31221_zz31222,31221,31222,4,5,1,zero,pairwise,rzz,True,0.92,0.92,0.88,0.88,0.040000000000000036,0.040000000000000036,0.0,0.0,0.0,0.88,0.040000000000000036
Moons_QNN,Moons_QNN_z39201_zz39202,39201,39202,3,3,2,zero,full,cx,True,0.92,0.92,0.88,0.88,0.040000000000000036,0.040000000000000036,0.0,0.0,0.0,0.88,0.040000000000000036
Moons_QNN,Moons_QNN_z39311_zz39312,39311,39312,3,4,1,repeatlast,full,cx,True,0.92,0.92,0.88,0.88,0.040000000000000036,0.040000000000000036,0.0,0.0,0.0,0.88,0.040000000000000036
Moons_QNN,Moons_QNN_z45601_zz45602,45601,45602,2,6,1,wrap,full,rzz,False,0.94,0.94,0.88,0.88,0.05999999999999994,0.05999999999999994,0.0,0.0,0.0,0.88,0.05999999999999994
Moons_QNN,Moons_QNN_z45611_zz45612,45611,45612,2,6,1,repeatlast,full,rzz,False,0.94,0.94,0.88,0.88,0.05999999999999994,0.05999999999999994,0.0,0.0,0.0,0.88,0.05999999999999994
Moons_QNN,Moons_QNN_z45621_zz45622,45621,45622,2,6,1,zero,full,rzz,False,0.94,0.94,0.88,0.88,0.05999999999999994,0.05999999999999994,0.0,0.0,0.0,0.88,0.05999999999999994
Moons_QNN,Moons_QNN_z46501_zz46502,46501,46502,4,2,1,wrap,full,rzz,False,0.92,0.92,0.88,0.88,0.040000000000000036,0.040000000000000036,0.0,0.0,0.0,0.88,0.040000000000000036
Moons_QNN,Moons_QNN_z46511_zz46512,46511,46512,4,2,1,repeatlast,full,rzz,False,0.92,0.92,0.88,0.88,0.040000000000000036,0.040000000000000036,0.0,0.0,0.0,0.88,0.040000000000000036
Moons_QNN,Moons_QNN_z46521_zz46522,46521,46522,4,2,1,zero,full,rzz,False,0.92,0.92,0.88,0.88,0.040000000000000036,0.040000000000000036,0.0,0.0,0.0,0.88,0.040000000000000036
Moons_QNN,Moons_QNN_z47851_zz47852,47851,47852,2,6,1,wrap,full,rzz,True,0.94,0.94,0.88,0.88,0.05999999999999994,0.05999999999999994,0.0,0.0,0.0,0.88,0.05999999999999994
Moons_QNN,Moons_QNN_z47861_zz47862,47861,47862,2,6,1,repeatlast,full,rzz,True,0.94,0.94,0.88,0.88,0.05999999999999994,0.05999999999999994,0.0,0.0,0.0,0.88,0.05999999999999994
Moons_QNN,Moons_QNN_z47871_zz47872,47871,47872,2,6,1,zero,full,rzz,True,0.94,0.94,0.88,0.88,0.05999999999999994,0.05999999999999994,0.0,0.0,0.0,0.88,0.05999999999999994
Moons_QNN,Moons_QNN_z48751_zz48752,48751,48752,4,2,1,wrap,full,rzz,True,0.92,0.92,0.88,0.88,0.040000000000000036,0.040000000000000036,0.0,0.0,0.0,0.88,0.040000000000000036
Moons_QNN,Moons_QNN_z48761_zz48762,48761,48762,4,2,1,repeatlast,full,rzz,True,0.92,0.92,0.88,0.88,0.040000000000000036,0.040000000000000036,0.0,0.0,0.0,0.88,0.040000000000000036
Moons_QNN,Moons_QNN_z48771_zz48772,48771,48772,4,2,1,zero,full,rzz,True,0.92,0.92,0.88,0.88,0.040000000000000036,0.040000000000000036,0.0,0.0,0.0,0.88,0.040000000000000036
Moons_QNN,Moons_QNN_z451_zz452,451,452,2,5,1,wrap,linear,cx,False,0.94,0.94,0.86,0.86,0.07999999999999996,0.07999999999999996,0.0,0.0,0.0,0.86,0.07999999999999996
Moons_QNN,Moons_QNN_z461_zz462,461,462,2,5,1,repeatlast,linear,cx,False,0.94,0.94,0.86,0.86,0.07999999999999996,0.07999999999999996,0.0,0.0,0.0,0.86,0.07999999999999996
Moons_QNN,Moons_QNN_z471_zz472,471,472,2,5,1,zero,linear,cx,False,0.94,0.94,0.86,0.86,0.07999999999999996,0.07999999999999996,0.0,0.0,0.0,0.86,0.07999999999999996
Moons_QNN,Moons_QNN_z761_zz762,761,762,3,2,1,repeatlast,linear,cx,False,0.92,0.92,0.86,0.86,0.06000000000000005,0.06000000000000005,0.0,0.0,0.0,0.86,0.06000000000000005
Moons_QNN,Moons_QNN_z1051_zz1052,1051,1052,3,4,1,wrap,linear,cx,False,0.94,0.94,0.86,0.86,0.07999999999999996,0.07999999999999996,0.0,0.0,0.0,0.86,0.07999999999999996
Moons_QNN,Moons_QNN_z1071_zz1072,1071,1072,3,4,1,zero,linear,cx,False,0.94,0.94,0.86,0.86,0.07999999999999996,0.07999999999999996,0.0,0.0,0.0,0.86,0.07999999999999996
Moons_QNN,Moons_QNN_z1371_zz1372,1371,1372,3,6,1,zero,linear,cx,False,0.94,0.94,0.86,0.86,0.07999999999999996,0.07999999999999996,0.0,0.0,0.0,0.86,0.07999999999999996
Moons_QNN,Moons_QNN_z3321_zz3322,3321,3322,3,4,1,zero,linear,cx,True,0.94,0.94,0.86,0.86,0.07999999999999996,0.07999999999999996,0.0,0.0,0.0,0.86,0.07999999999999996
Moons_QNN,Moons_QNN_z3471_zz3472,3471,3472,3,5,1,zero,linear,cx,True,0.94,0.94,0.86,0.86,0.07999999999999996,0.07999999999999996,0.0,0.0,0.0,0.86,0.07999999999999996
Moons_QNN,Moons_QNN_z3621_zz3622,3621,3622,3,6,1,zero,linear,cx,True,0.94,0.94,0.86,0.86,0.07999999999999996,0.07999999999999996,0.0,0.0,0.0,0.86,0.07999999999999996
Moons_QNN,Moons_QNN_z5101_zz5102,5101,5102,2,6,1,wrap,linear,crz,False,0.92,0.92,0.86,0.86,0.06000000000000005,0.06000000000000005,0.0,0.0,0.0,0.86,0.06000000000000005
Moons_QNN,Moons_QNN_z5111_zz5112,5111,5112,2,6,1,repeatlast,linear,crz,False,0.92,0.92,0.86,0.86,0.06000000000000005,0.06000000000000005,0.0,0.0,0.0,0.86,0.06000000000000005
Moons_QNN,Moons_QNN_z5121_zz5122,5121,5122,2,6,1,zero,linear,crz,False,0.92,0.92,0.86,0.86,0.06000000000000005,0.06000000000000005,0.0,0.0,0.0,0.86,0.06000000000000005
Moons_QNN,Moons_QNN_z5571_zz5572,5571,5572,3,4,1,zero,linear,crz,False,0.92,0.92,0.86,0.86,0.06000000000000005,0.06000000000000005,0.0,0.0,0.0,0.86,0.06000000000000005
Moons_QNN,Moons_QNN_z5871_zz5872,5871,5872,3,6,1,zero,linear,crz,False,0.94,0.94,0.86,0.86,0.07999999999999996,0.07999999999999996,0.0,0.0,0.0,0.86,0.07999999999999996
Moons_QNN,Moons_QNN_z6301_zz6302,6301,6302,4,4,1,wrap,linear,crz,False,0.92,0.92,0.86,0.86,0.06000000000000005,0.06000000000000005,0.0,0.0,0.0,0.86,0.06000000000000005
Moons_QNN,Moons_QNN_z6311_zz6312,6311,6312,4,4,1,repeatlast,linear,crz,False,0.92,0.92,0.86,0.86,0.06000000000000005,0.06000000000000005,0.0,0.0,0.0,0.86,0.06000000000000005
Moons_QNN,Moons_QNN_z6321_zz6322,6321,6322,4,4,1,zero,linear,crz,False,0.92,0.92,0.86,0.86,0.06000000000000005,0.06000000000000005,0.0,0.0,0.0,0.86,0.06000000000000005
Moons_QNN,Moons_QNN_z7701_zz7702,7701,7702,3,3,2,zero,linear,crz,True,0.92,0.92,0.86,0.86,0.06000000000000005,0.06000000000000005,0.0,0.0,0.0,0.86,0.06000000000000005
Moons_QNN,Moons_QNN_z7821_zz7822,7821,7822,3,4,1,zero,linear,crz,True,0.92,0.92,0.86,0.86,0.06000000000000005,0.06000000000000005,0.0,0.0,0.0,0.86,0.06000000000000005
Moons_QNN,Moons_QNN_z7971_zz7972,7971,7972,3,5,1,zero,linear,crz,True,0.92,0.92,0.86,0.86,0.06000000000000005,0.06000000000000005,0.0,0.0,0.0,0.86,0.06000000000000005
Moons_QNN,Moons_QNN_z8121_zz8122,8121,8122,3,6,1,zero,linear,crz,True,0.94,0.94,0.86,0.86,0.07999999999999996,0.07999999999999996,0.0,0.0,0.0,0.86,0.07999999999999996
Moons_QNN,Moons_QNN_z9451_zz9452,9451,9452,2,5,1,wrap,linear,rzz,False,0.92,0.92,0.86,0.86,0.06000000000000005,0.06000000000000005,0.0,0.0,0.0,0.86,0.06000000000000005
Moons_QNN,Moons_QNN_z9461_zz9462,9461,9462,2,5,1,repeatlast,linear,rzz,False,0.92,0.92,0.86,0.86,0.06000000000000005,0.06000000000000005,0.0,0.0,0.0,0.86,0.06000000000000005
Moons_QNN,Moons_QNN_z9471_zz9472,9471,9472,2,5,1,zero,linear,rzz,False,0.92,0.92,0.86,0.86,0.06000000000000005,0.06000000000000005,0.0,0.0,0.0,0.86,0.06000000000000005
Moons_QNN,Moons_QNN_z10071_zz10072,10071,10072,3,4,1,zero,linear,rzz,False,0.92,0.92,0.86,0.86,0.06000000000000005,0.06000000000000005,0.0,0.0,0.0,0.86,0.06000000000000005
Moons_QNN,Moons_QNN_z10221_zz10222,10221,10222,3,5,1,zero,linear,rzz,False,0.94,0.94,0.86,0.86,0.07999999999999996,0.07999999999999996,0.0,0.0,0.0,0.86,0.07999999999999996
Moons_QNN,Moons_QNN_z10371_zz10372,10371,10372,3,6,1,zero,linear,rzz,False,0.94,0.94,0.86,0.86,0.07999999999999996,0.07999999999999996,0.0,0.0,0.0,0.86,0.07999999999999996
Moons_QNN,Moons_QNN_z11701_zz11702,11701,11702,2,5,1,wrap,linear,rzz,True,0.92,0.92,0.86,0.86,0.06000000000000005,0.06000000000000005,0.0,0.0,0.0,0.86,0.06000000000000005
Moons_QNN,Moons_QNN_z11711_zz11712,11711,11712,2,5,1,repeatlast,linear,rzz,True,0.92,0.92,0.86,0.86,0.06000000000000005,0.06000000000000005,0.0,0.0,0.0,0.86,0.06000000000000005
Moons_QNN,Moons_QNN_z11721_zz11722,11721,11722,2,5,1,zero,linear,rzz,True,0.92,0.92,0.86,0.86,0.06000000000000005,0.06000000000000005,0.0,0.0,0.0,0.86,0.06000000000000005
Moons_QNN,Moons_QNN_z12321_zz12322,12321,12322,3,4,1,zero,linear,rzz,True,0.92,0.92,0.86,0.86,0.06000000000000005,0.06000000000000005,0.0,0.0,0.0,0.86,0.06000000000000005
Moons_QNN,Moons_QNN_z12471_zz12472,12471,12472,3,5,1,zero,linear,rzz,True,0.94,0.94,0.86,0.86,0.07999999999999996,0.07999999999999996,0.0,0.0,0.0,0.86,0.07999999999999996
Moons_QNN,Moons_QNN_z12621_zz12622,12621,12622,3,6,1,zero,linear,rzz,True,0.94,0.94,0.86,0.86,0.07999999999999996,0.07999999999999996,0.0,0.0,0.0,0.86,0.07999999999999996
Moons_QNN,Moons_QNN_z18451_zz18452,18451,18452,2,5,1,wrap,pairwise,cx,False,0.94,0.94,0.86,0.86,0.07999999999999996,0.07999999999999996,0.0,0.0,0.0,0.86,0.07999999999999996
Moons_QNN,Moons_QNN_z18461_zz18462,18461,18462,2,5,1,repeatlast,pairwise,cx,False,0.94,0.94,0.86,0.86,0.07999999999999996,0.07999999999999996,0.0,0.0,0.0,0.86,0.07999999999999996
Moons_QNN,Moons_QNN_z18471_zz18472,18471,18472,2,5,1,zero,pairwise,cx,False,0.94,0.94,0.86,0.86,0.07999999999999996,0.07999999999999996,0.0,0.0,0.0,0.86,0.07999999999999996
Moons_QNN,Moons_QNN_z18761_zz18762,18761,18762,3,2,1,repeatlast,pairwise,cx,False,0.92,0.92,0.86,0.86,0.06000000000000005,0.06000000000000005,0.0,0.0,0.0,0.86,0.06000000000000005
Moons_QNN,Moons_QNN_z19051_zz19052,19051,19052,3,4,1,wrap,pairwise,cx,False,0.94,0.94,0.86,0.86,0.07999999999999996,0.07999999999999996,0.0,0.0,0.0,0.86,0.07999999999999996
Moons_QNN,Moons_QNN_z19071_zz19072,19071,19072,3,4,1,zero,pairwise,cx,False,0.94,0.94,0.86,0.86,0.07999999999999996,0.07999999999999996,0.0,0.0,0.0,0.86,0.07999999999999996
Moons_QNN,Moons_QNN_z19371_zz19372,19371,19372,3,6,1,zero,pairwise,cx,False,0.94,0.94,0.86,0.86,0.07999999999999996,0.07999999999999996,0.0,0.0,0.0,0.86,0.07999999999999996
Moons_QNN,Moons_QNN_z21321_zz21322,21321,21322,3,4,1,zero,pairwise,cx,True,0.94,0.94,0.86,0.86,0.07999999999999996,0.07999999999999996,0.0,0.0,0.0,0.86,0.07999999999999996
Moons_QNN,Moons_QNN_z21471_zz21472,21471,21472,3,5,1,zero,pairwise,cx,True,0.94,0.94,0.86,0.86,0.07999999999999996,0.07999999999999996,0.0,0.0,0.0,0.86,0.07999999999999996
Moons_QNN,Moons_QNN_z21621_zz21622,21621,21622,3,6,1,zero,pairwise,cx,True,0.94,0.94,0.86,0.86,0.07999999999999996,0.07999999999999996,0.0,0.0,0.0,0.86,0.07999999999999996
Moons_QNN,Moons_QNN_z23101_zz23102,23101,23102,2,6,1,wrap,pairwise,crz,False,0.92,0.92,0.86,0.86,0.06000000000000005,0.06000000000000005,0.0,0.0,0.0,0.86,0.06000000000000005
Moons_QNN,Moons_QNN_z23111_zz23112,23111,23112,2,6,1,repeatlast,pairwise,crz,False,0.92,0.92,0.86,0.86,0.06000000000000005,0.06000000000000005,0.0,0.0,0.0,0.86,0.06000000000000005
Moons_QNN,Moons_QNN_z23121_zz23122,23121,23122,2,6,1,zero,pairwise,crz,False,0.92,0.92,0.86,0.86,0.06000000000000005,0.06000000000000005,0.0,0.0,0.0,0.86,0.06000000000000005
Moons_QNN,Moons_QNN_z23571_zz23572,23571,23572,3,4,1,zero,pairwise,crz,False,0.92,0.92,0.86,0.86,0.06000000000000005,0.06000000000000005,0.0,0.0,0.0,0.86,0.06000000000000005
Moons_QNN,Moons_QNN_z23871_zz23872,23871,23872,3,6,1,zero,pairwise,crz,False,0.94,0.94,0.86,0.86,0.07999999999999996,0.07999999999999996,0.0,0.0,0.0,0.86,0.07999999999999996
Moons_QNN,Moons_QNN_z25701_zz25702,25701,25702,3,3,2,zero,pairwise,crz,True,0.92,0.92,0.86,0.86,0.06000000000000005,0.06000000000000005,0.0,0.0,0.0,0.86,0.06000000000000005
Moons_QNN,Moons_QNN_z25821_zz25822,25821,25822,3,4,1,zero,pairwise,crz,True,0.92,0.92,0.86,0.86,0.06000000000000005,0.06000000000000005,0.0,0.0,0.0,0.86,0.06000000000000005
Moons_QNN,Moons_QNN_z25971_zz25972,25971,25972,3,5,1,zero,pairwise,crz,True,0.92,0.92,0.86,0.86,0.06000000000000005,0.06000000000000005,0.0,0.0,0.0,0.86,0.06000000000000005
Moons_QNN,Moons_QNN_z26121_zz26122,26121,26122,3,6,1,zero,pairwise,crz,True,0.94,0.94,0.86,0.86,0.07999999999999996,0.07999999999999996,0.0,0.0,0.0,0.86,0.07999999999999996
Moons_QNN,Moons_QNN_z26431_zz26432,26431,26432,4,3,2,wrap,pairwise,crz,True,0.92,0.92,0.86,0.86,0.06000000000000005,0.06000000000000005,0.0,0.0,0.0,0.86,0.06000000000000005
Moons_QNN,Moons_QNN_z26441_zz26442,26441,26442,4,3,2,repeatlast,pairwise,crz,True,0.92,0.92,0.86,0.86,0.06000000000000005,0.06000000000000005,0.0,0.0,0.0,0.86,0.06000000000000005
Moons_QNN,Moons_QNN_z26451_zz26452,26451,26452,4,3,2,zero,pairwise,crz,True,0.92,0.92,0.86,0.86,0.06000000000000005,0.06000000000000005,0.0,0.0,0.0,0.86,0.06000000000000005
Moons_QNN,Moons_QNN_z27451_zz27452,27451,27452,2,5,1,wrap,pairwise,rzz,False,0.92,0.92,0.86,0.86,0.06000000000000005,0.06000000000000005,0.0,0.0,0.0,0.86,0.06000000000000005
Moons_QNN,Moons_QNN_z27461_zz27462,27461,27462,2,5,1,repeatlast,pairwise,rzz,False,0.92,0.92,0.86,0.86,0.06000000000000005,0.06000000000000005,0.0,0.0,0.0,0.86,0.06000000000000005
Moons_QNN,Moons_QNN_z27471_zz27472,27471,27472,2,5,1,zero,pairwise,rzz,False,0.92,0.92,0.86,0.86,0.06000000000000005,0.06000000000000005,0.0,0.0,0.0,0.86,0.06000000000000005
Moons_QNN,Moons_QNN_z28071_zz28072,28071,28072,3,4,1,zero,pairwise,rzz,False,0.92,0.92,0.86,0.86,0.06000000000000005,0.06000000000000005,0.0,0.0,0.0,0.86,0.06000000000000005
Moons_QNN,Moons_QNN_z28221_zz28222,28221,28222,3,5,1,zero,pairwise,rzz,False,0.94,0.94,0.86,0.86,0.07999999999999996,0.07999999999999996,0.0,0.0,0.0,0.86,0.07999999999999996
Moons_QNN,Moons_QNN_z28371_zz28372,28371,28372,3,6,1,zero,pairwise,rzz,False,0.94,0.94,0.86,0.86,0.07999999999999996,0.07999999999999996,0.0,0.0,0.0,0.86,0.07999999999999996
Moons_QNN,Moons_QNN_z28801_zz28802,28801,28802,4,4,1,wrap,pairwise,rzz,False,0.94,0.94,0.86,0.86,0.07999999999999996,0.07999999999999996,0.0,0.0,0.0,0.86,0.07999999999999996
Moons_QNN,Moons_QNN_z28811_zz28812,28811,28812,4,4,1,repeatlast,pairwise,rzz,False,0.94,0.94,0.86,0.86,0.07999999999999996,0.07999999999999996,0.0,0.0,0.0,0.86,0.07999999999999996
Moons_QNN,Moons_QNN_z28821_zz28822,28821,28822,4,4,1,zero,pairwise,rzz,False,0.94,0.94,0.86,0.86,0.07999999999999996,0.07999999999999996,0.0,0.0,0.0,0.86,0.07999999999999996
Moons_QNN,Moons_QNN_z29701_zz29702,29701,29702,2,5,1,wrap,pairwise,rzz,True,0.92,0.92,0.86,0.86,0.06000000000000005,0.06000000000000005,0.0,0.0,0.0,0.86,0.06000000000000005
Moons_QNN,Moons_QNN_z29711_zz29712,29711,29712,2,5,1,repeatlast,pairwise,rzz,True,0.92,0.92,0.86,0.86,0.06000000000000005,0.06000000000000005,0.0,0.0,0.0,0.86,0.06000000000000005
Moons_QNN,Moons_QNN_z29721_zz29722,29721,29722,2,5,1,zero,pairwise,rzz,True,0.92,0.92,0.86,0.86,0.06000000000000005,0.06000000000000005,0.0,0.0,0.0,0.86,0.06000000000000005
Moons_QNN,Moons_QNN_z30321_zz30322,30321,30322,3,4,1,zero,pairwise,rzz,True,0.92,0.92,0.86,0.86,0.06000000000000005,0.06000000000000005,0.0,0.0,0.0,0.86,0.06000000000000005
Moons_QNN,Moons_QNN_z30471_zz30472,30471,30472,3,5,1,zero,pairwise,rzz,True,0.94,0.94,0.86,0.86,0.07999999999999996,0.07999999999999996,0.0,0.0,0.0,0.86,0.07999999999999996
Moons_QNN,Moons_QNN_z30621_zz30622,30621,30622,3,6,1,zero,pairwise,rzz,True,0.94,0.94,0.86,0.86,0.07999999999999996,0.07999999999999996,0.0,0.0,0.0,0.86,0.07999999999999996
Moons_QNN,Moons_QNN_z31051_zz31052,31051,31052,4,4,1,wrap,pairwise,rzz,True,0.94,0.94,0.86,0.86,0.07999999999999996,0.07999999999999996,0.0,0.0,0.0,0.86,0.07999999999999996
Moons_QNN,Moons_QNN_z31061_zz31062,31061,31062,4,4,1,repeatlast,pairwise,rzz,True,0.94,0.94,0.86,0.86,0.07999999999999996,0.07999999999999996,0.0,0.0,0.0,0.86,0.07999999999999996
Moons_QNN,Moons_QNN_z31071_zz31072,31071,31072,4,4,1,zero,pairwise,rzz,True,0.94,0.94,0.86,0.86,0.07999999999999996,0.07999999999999996,0.0,0.0,0.0,0.86,0.07999999999999996
Moons_QNN,Moons_QNN_z36451_zz36452,36451,36452,2,5,1,wrap,full,cx,False,0.94,0.94,0.86,0.86,0.07999999999999996,0.07999999999999996,0.0,0.0,0.0,0.86,0.07999999999999996
Moons_QNN,Moons_QNN_z36461_zz36462,36461,36462,2,5,1,repeatlast,full,cx,False,0.94,0.94,0.86,0.86,0.07999999999999996,0.07999999999999996,0.0,0.0,0.0,0.86,0.07999999999999996
Moons_QNN,Moons_QNN_z36471_zz36472,36471,36472,2,5,1,zero,full,cx,False,0.94,0.94,0.86,0.86,0.07999999999999996,0.07999999999999996,0.0,0.0,0.0,0.86,0.07999999999999996
Moons_QNN,Moons_QNN_z36761_zz36762,36761,36762,3,2,1,repeatlast,full,cx,False,0.92,0.92,0.86,0.86,0.06000000000000005,0.06000000000000005,0.0,0.0,0.0,0.86,0.06000000000000005
Moons_QNN,Moons_QNN_z37071_zz37072,37071,37072,3,4,1,zero,full,cx,False,0.94,0.94,0.86,0.86,0.07999999999999996,0.07999999999999996,0.0,0.0,0.0,0.86,0.07999999999999996
Moons_QNN,Moons_QNN_z37221_zz37222,37221,37222,3,5,1,zero,full,cx,False,0.92,0.92,0.86,0.86,0.06000000000000005,0.06000000000000005,0.0,0.0,0.0,0.86,0.06000000000000005
Moons_QNN,Moons_QNN_z37371_zz37372,37371,37372,3,6,1,zero,full,cx,False,0.94,0.94,0.86,0.86,0.07999999999999996,0.07999999999999996,0.0,0.0,0.0,0.86,0.07999999999999996
Moons_QNN,Moons_QNN_z39321_zz39322,39321,39322,3,4,1,zero,full,cx,True,0.94,0.94,0.86,0.86,0.07999999999999996,0.07999999999999996,0.0,0.0,0.0,0.86,0.07999999999999996
Moons_QNN,Moons_QNN_z39621_zz39622,39621,39622,3,6,1,zero,full,cx,True,0.94,0.94,0.86,0.86,0.07999999999999996,0.07999999999999996,0.0,0.0,0.0,0.86,0.07999999999999996
Moons_QNN,Moons_QNN_z41101_zz41102,41101,41102,2,6,1,wrap,full,crz,False,0.92,0.92,0.86,0.86,0.06000000000000005,0.06000000000000005,0.0,0.0,0.0,0.86,0.06000000000000005
Moons_QNN,Moons_QNN_z41111_zz41112,41111,41112,2,6,1,repeatlast,full,crz,False,0.92,0.92,0.86,0.86,0.06000000000000005,0.06000000000000005,0.0,0.0,0.0,0.86,0.06000000000000005
Moons_QNN,Moons_QNN_z41121_zz41122,41121,41122,2,6,1,zero,full,crz,False,0.92,0.92,0.86,0.86,0.06000000000000005,0.06000000000000005,0.0,0.0,0.0,0.86,0.06000000000000005
Moons_QNN,Moons_QNN_z41271_zz41272,41271,41272,3,2,1,zero,full,crz,False,0.94,0.94,0.86,0.86,0.07999999999999996,0.07999999999999996,0.0,0.0,0.0,0.86,0.07999999999999996
Moons_QNN,Moons_QNN_z41421_zz41422,41421,41422,3,3,1,zero,full,crz,False,0.94,0.94,0.86,0.86,0.07999999999999996,0.07999999999999996,0.0,0.0,0.0,0.86,0.07999999999999996
Moons_QNN,Moons_QNN_z41571_zz41572,41571,41572,3,4,1,zero,full,crz,False,0.94,0.94,0.86,0.86,0.07999999999999996,0.07999999999999996,0.0,0.0,0.0,0.86,0.07999999999999996
Moons_QNN,Moons_QNN_z41721_zz41722,41721,41722,3,5,1,zero,full,crz,False,0.94,0.94,0.86,0.86,0.07999999999999996,0.07999999999999996,0.0,0.0,0.0,0.86,0.07999999999999996
Moons_QNN,Moons_QNN_z41861_zz41862,41861,41862,3,6,1,repeatlast,full,crz,False,0.94,0.94,0.86,0.86,0.07999999999999996,0.07999999999999996,0.0,0.0,0.0,0.86,0.07999999999999996
Moons_QNN,Moons_QNN_z41871_zz41872,41871,41872,3,6,1,zero,full,crz,False,0.94,0.94,0.86,0.86,0.07999999999999996,0.07999999999999996,0.0,0.0,0.0,0.86,0.07999999999999996
Moons_QNN,Moons_QNN_z43521_zz43522,43521,43522,3,2,1,zero,full,crz,True,0.94,0.94,0.86,0.86,0.07999999999999996,0.07999999999999996,0.0,0.0,0.0,0.86,0.07999999999999996
Moons_QNN,Moons_QNN_z43671_zz43672,43671,43672,3,3,1,zero,full,crz,True,0.94,0.94,0.86,0.86,0.07999999999999996,0.07999999999999996,0.0,0.0,0.0,0.86,0.07999999999999996
Moons_QNN,Moons_QNN_z43821_zz43822,43821,43822,3,4,1,zero,full,crz,True,0.94,0.94,0.86,0.86,0.07999999999999996,0.07999999999999996,0.0,0.0,0.0,0.86,0.07999999999999996
Moons_QNN,Moons_QNN_z43851_zz43852,43851,43852,3,4,2,zero,full,crz,True,0.92,0.92,0.86,0.86,0.06000000000000005,0.06000000000000005,0.0,0.0,0.0,0.86,0.06000000000000005
Moons_QNN,Moons_QNN_z43971_zz43972,43971,43972,3,5,1,zero,full,crz,True,0.94,0.94,0.86,0.86,0.07999999999999996,0.07999999999999996,0.0,0.0,0.0,0.86,0.07999999999999996
Moons_QNN,Moons_QNN_z44121_zz44122,44121,44122,3,6,1,zero,full,crz,True,0.94,0.94,0.86,0.86,0.07999999999999996,0.07999999999999996,0.0,0.0,0.0,0.86,0.07999999999999996
Moons_QNN,Moons_QNN_z45451_zz45452,45451,45452,2,5,1,wrap,full,rzz,False,0.92,0.92,0.86,0.86,0.06000000000000005,0.06000000000000005,0.0,0.0,0.0,0.86,0.06000000000000005
Moons_QNN,Moons_QNN_z45461_zz45462,45461,45462,2,5,1,repeatlast,full,rzz,False,0.92,0.92,0.86,0.86,0.06000000000000005,0.06000000000000005,0.0,0.0,0.0,0.86,0.06000000000000005
Moons_QNN,Moons_QNN_z45471_zz45472,45471,45472,2,5,1,zero,full,rzz,False,0.92,0.92,0.86,0.86,0.06000000000000005,0.06000000000000005,0.0,0.0,0.0,0.86,0.06000000000000005
Moons_QNN,Moons_QNN_z45921_zz45922,45921,45922,3,3,1,zero,full,rzz,False,0.94,0.94,0.86,0.86,0.07999999999999996,0.07999999999999996,0.0,0.0,0.0,0.86,0.07999999999999996
Moons_QNN,Moons_QNN_z46071_zz46072,46071,46072,3,4,1,zero,full,rzz,False,0.94,0.94,0.86,0.86,0.07999999999999996,0.07999999999999996,0.0,0.0,0.0,0.86,0.07999999999999996
Moons_QNN,Moons_QNN_z46221_zz46222,46221,46222,3,5,1,zero,full,rzz,False,0.94,0.94,0.86,0.86,0.07999999999999996,0.07999999999999996,0.0,0.0,0.0,0.86,0.07999999999999996
Moons_QNN,Moons_QNN_z46371_zz46372,46371,46372,3,6,1,zero,full,rzz,False,0.94,0.94,0.86,0.86,0.07999999999999996,0.07999999999999996,0.0,0.0,0.0,0.86,0.07999999999999996
Moons_QNN,Moons_QNN_z47701_zz47702,47701,47702,2,5,1,wrap,full,rzz,True,0.92,0.92,0.86,0.86,0.06000000000000005,0.06000000000000005,0.0,0.0,0.0,0.86,0.06000000000000005
Moons_QNN,Moons_QNN_z47711_zz47712,47711,47712,2,5,1,repeatlast,full,rzz,True,0.92,0.92,0.86,0.86,0.06000000000000005,0.06000000000000005,0.0,0.0,0.0,0.86,0.06000000000000005
Moons_QNN,Moons_QNN_z47721_zz47722,47721,47722,2,5,1,zero,full,rzz,True,0.92,0.92,0.86,0.86,0.06000000000000005,0.06000000000000005,0.0,0.0,0.0,0.86,0.06000000000000005
Moons_QNN,Moons_QNN_z48171_zz48172,48171,48172,3,3,1,zero,full,rzz,True,0.94,0.94,0.86,0.86,0.07999999999999996,0.07999999999999996,0.0,0.0,0.0,0.86,0.07999999999999996
Moons_QNN,Moons_QNN_z48321_zz48322,48321,48322,3,4,1,zero,full,rzz,True,0.94,0.94,0.86,0.86,0.07999999999999996,0.07999999999999996,0.0,0.0,0.0,0.86,0.07999999999999996
Moons_QNN,Moons_QNN_z48471_zz48472,48471,48472,3,5,1,zero,full,rzz,True,0.94,0.94,0.86,0.86,0.07999999999999996,0.07999999999999996,0.0,0.0,0.0,0.86,0.07999999999999996
Moons_QNN,Moons_QNN_z48621_zz48622,48621,48622,3,6,1,zero,full,rzz,True,0.94,0.94,0.86,0.86,0.07999999999999996,0.07999999999999996,0.0,0.0,0.0,0.86,0.07999999999999996
Moons_QNN,Moons_QNN_z1_zz2,1,2,2,2,1,wrap,linear,cx,False,0.92,0.92,0.84,0.84,0.08000000000000007,0.08000000000000007,0.0,0.0,0.0,0.84,0.08000000000000007
Moons_QNN,Moons_QNN_z11_zz12,11,12,2,2,1,repeatlast,linear,cx,False,0.92,0.92,0.84,0.84,0.08000000000000007,0.08000000000000007,0.0,0.0,0.0,0.84,0.08000000000000007
Moons_QNN,Moons_QNN_z21_zz22,21,22,2,2,1,zero,linear,cx,False,0.92,0.92,0.84,0.84,0.08000000000000007,0.08000000000000007,0.0,0.0,0.0,0.84,0.08000000000000007
Moons_QNN,Moons_QNN_z2251_zz2252,2251,2252,2,2,1,wrap,linear,cx,True,0.92,0.92,0.84,0.84,0.08000000000000007,0.08000000000000007,0.0,0.0,0.0,0.84,0.08000000000000007
Moons_QNN,Moons_QNN_z2261_zz2262,2261,2262,2,2,1,repeatlast,linear,cx,True,0.92,0.92,0.84,0.84,0.08000000000000007,0.08000000000000007,0.0,0.0,0.0,0.84,0.08000000000000007
Moons_QNN,Moons_QNN_z2271_zz2272,2271,2272,2,2,1,zero,linear,cx,True,0.92,0.92,0.84,0.84,0.08000000000000007,0.08000000000000007,0.0,0.0,0.0,0.84,0.08000000000000007
Moons_QNN,Moons_QNN_z4651_zz4652,4651,4652,2,3,1,wrap,linear,crz,False,0.92,0.92,0.84,0.84,0.08000000000000007,0.08000000000000007,0.0,0.0,0.0,0.84,0.08000000000000007
Moons_QNN,Moons_QNN_z4661_zz4662,4661,4662,2,3,1,repeatlast,linear,crz,False,0.92,0.92,0.84,0.84,0.08000000000000007,0.08000000000000007,0.0,0.0,0.0,0.84,0.08000000000000007
Moons_QNN,Moons_QNN_z4671_zz4672,4671,4672,2,3,1,zero,linear,crz,False,0.92,0.92,0.84,0.84,0.08000000000000007,0.08000000000000007,0.0,0.0,0.0,0.84,0.08000000000000007
Moons_QNN,Moons_QNN_z5601_zz5602,5601,5602,3,4,2,zero,linear,crz,False,0.92,0.92,0.84,0.84,0.08000000000000007,0.08000000000000007,0.0,0.0,0.0,0.84,0.08000000000000007
Moons_QNN,Moons_QNN_z7521_zz7522,7521,7522,3,2,1,zero,linear,crz,True,0.94,0.94,0.84,0.84,0.09999999999999998,0.09999999999999998,0.0,0.0,0.0,0.84,0.09999999999999998
Moons_QNN,Moons_QNN_z7851_zz7852,7851,7852,3,4,2,zero,linear,crz,True,0.92,0.92,0.84,0.84,0.08000000000000007,0.08000000000000007,0.0,0.0,0.0,0.84,0.08000000000000007
Moons_QNN,Moons_QNN_z9771_zz9772,9771,9772,3,2,1,zero,linear,rzz,False,0.94,0.94,0.84,0.84,0.09999999999999998,0.09999999999999998,0.0,0.0,0.0,0.84,0.09999999999999998
Moons_QNN,Moons_QNN_z10531_zz10532,10531,10532,4,2,2,wrap,linear,rzz,False,0.92,0.92,0.84,0.84,0.08000000000000007,0.08000000000000007,0.0,0.0,0.0,0.84,0.08000000000000007
Moons_QNN,Moons_QNN_z10541_zz10542,10541,10542,4,2,2,repeatlast,linear,rzz,False,0.92,0.92,0.84,0.84,0.08000000000000007,0.08000000000000007,0.0,0.0,0.0,0.84,0.08000000000000007
Moons_QNN,Moons_QNN_z10551_zz10552,10551,10552,4,2,2,zero,linear,rzz,False,0.92,0.92,0.84,0.84,0.08000000000000007,0.08000000000000007,0.0,0.0,0.0,0.84,0.08000000000000007
Moons_QNN,Moons_QNN_z12021_zz12022,12021,12022,3,2,1,zero,linear,rzz,True,0.94,0.94,0.84,0.84,0.09999999999999998,0.09999999999999998,0.0,0.0,0.0,0.84,0.09999999999999998
Moons_QNN,Moons_QNN_z12781_zz12782,12781,12782,4,2,2,wrap,linear,rzz,True,0.92,0.92,0.84,0.84,0.08000000000000007,0.08000000000000007,0.0,0.0,0.0,0.84,0.08000000000000007
Moons_QNN,Moons_QNN_z12791_zz12792,12791,12792,4,2,2,repeatlast,linear,rzz,True,0.92,0.92,0.84,0.84,0.08000000000000007,0.08000000000000007,0.0,0.0,0.0,0.84,0.08000000000000007
Moons_QNN,Moons_QNN_z12801_zz12802,12801,12802,4,2,2,zero,linear,rzz,True,0.92,0.92,0.84,0.84,0.08000000000000007,0.08000000000000007,0.0,0.0,0.0,0.84,0.08000000000000007
Moons_QNN,Moons_QNN_z18001_zz18002,18001,18002,2,2,1,wrap,pairwise,cx,False,0.92,0.92,0.84,0.84,0.08000000000000007,0.08000000000000007,0.0,0.0,0.0,0.84,0.08000000000000007
Moons_QNN,Moons_QNN_z18011_zz18012,18011,18012,2,2,1,repeatlast,pairwise,cx,False,0.92,0.92,0.84,0.84,0.08000000000000007,0.08000000000000007,0.0,0.0,0.0,0.84,0.08000000000000007
Moons_QNN,Moons_QNN_z18021_zz18022,18021,18022,2,2,1,zero,pairwise,cx,False,0.92,0.92,0.84,0.84,0.08000000000000007,0.08000000000000007,0.0,0.0,0.0,0.84,0.08000000000000007
Moons_QNN,Moons_QNN_z20251_zz20252,20251,20252,2,2,1,wrap,pairwise,cx,True,0.92,0.92,0.84,0.84,0.08000000000000007,0.08000000000000007,0.0,0.0,0.0,0.84,0.08000000000000007
Moons_QNN,Moons_QNN_z20261_zz20262,20261,20262,2,2,1,repeatlast,pairwise,cx,True,0.92,0.92,0.84,0.84,0.08000000000000007,0.08000000000000007,0.0,0.0,0.0,0.84,0.08000000000000007
Moons_QNN,Moons_QNN_z20271_zz20272,20271,20272,2,2,1,zero,pairwise,cx,True,0.92,0.92,0.84,0.84,0.08000000000000007,0.08000000000000007,0.0,0.0,0.0,0.84,0.08000000000000007
Moons_QNN,Moons_QNN_z22651_zz22652,22651,22652,2,3,1,wrap,pairwise,crz,False,0.92,0.92,0.84,0.84,0.08000000000000007,0.08000000000000007,0.0,0.0,0.0,0.84,0.08000000000000007
Moons_QNN,Moons_QNN_z22661_zz22662,22661,22662,2,3,1,repeatlast,pairwise,crz,False,0.92,0.92,0.84,0.84,0.08000000000000007,0.08000000000000007,0.0,0.0,0.0,0.84,0.08000000000000007
Moons_QNN,Moons_QNN_z22671_zz22672,22671,22672,2,3,1,zero,pairwise,crz,False,0.92,0.92,0.84,0.84,0.08000000000000007,0.08000000000000007,0.0,0.0,0.0,0.84,0.08000000000000007
Moons_QNN,Moons_QNN_z23601_zz23602,23601,23602,3,4,2,zero,pairwise,crz,False,0.92,0.92,0.84,0.84,0.08000000000000007,0.08000000000000007,0.0,0.0,0.0,0.84,0.08000000000000007
Moons_QNN,Moons_QNN_z25521_zz25522,25521,25522,3,2,1,zero,pairwise,crz,True,0.94,0.94,0.84,0.84,0.09999999999999998,0.09999999999999998,0.0,0.0,0.0,0.84,0.09999999999999998
Moons_QNN,Moons_QNN_z25851_zz25852,25851,25852,3,4,2,zero,pairwise,crz,True,0.92,0.92,0.84,0.84,0.08000000000000007,0.08000000000000007,0.0,0.0,0.0,0.84,0.08000000000000007
Moons_QNN,Moons_QNN_z27771_zz27772,27771,27772,3,2,1,zero,pairwise,rzz,False,0.94,0.94,0.84,0.84,0.09999999999999998,0.09999999999999998,0.0,0.0,0.0,0.84,0.09999999999999998
Moons_QNN,Moons_QNN_z28831_zz28832,28831,28832,4,4,2,wrap,pairwise,rzz,False,0.92,0.92,0.84,0.84,0.08000000000000007,0.08000000000000007,0.0,0.0,0.0,0.84,0.08000000000000007
Moons_QNN,Moons_QNN_z28841_zz28842,28841,28842,4,4,2,repeatlast,pairwise,rzz,False,0.92,0.92,0.84,0.84,0.08000000000000007,0.08000000000000007,0.0,0.0,0.0,0.84,0.08000000000000007
Moons_QNN,Moons_QNN_z28851_zz28852,28851,28852,4,4,2,zero,pairwise,rzz,False,0.92,0.92,0.84,0.84,0.08000000000000007,0.08000000000000007,0.0,0.0,0.0,0.84,0.08000000000000007
Moons_QNN,Moons_QNN_z30021_zz30022,30021,30022,3,2,1,zero,pairwise,rzz,True,0.94,0.94,0.84,0.84,0.09999999999999998,0.09999999999999998,0.0,0.0,0.0,0.84,0.09999999999999998
Moons_QNN,Moons_QNN_z31081_zz31082,31081,31082,4,4,2,wrap,pairwise,rzz,True,0.92,0.92,0.84,0.84,0.08000000000000007,0.08000000000000007,0.0,0.0,0.0,0.84,0.08000000000000007
Moons_QNN,Moons_QNN_z31091_zz31092,31091,31092,4,4,2,repeatlast,pairwise,rzz,True,0.92,0.92,0.84,0.84,0.08000000000000007,0.08000000000000007,0.0,0.0,0.0,0.84,0.08000000000000007
Moons_QNN,Moons_QNN_z31101_zz31102,31101,31102,4,4,2,zero,pairwise,rzz,True,0.92,0.92,0.84,0.84,0.08000000000000007,0.08000000000000007,0.0,0.0,0.0,0.84,0.08000000000000007
Moons_QNN,Moons_QNN_z36001_zz36002,36001,36002,2,2,1,wrap,full,cx,False,0.92,0.92,0.84,0.84,0.08000000000000007,0.08000000000000007,0.0,0.0,0.0,0.84,0.08000000000000007
Moons_QNN,Moons_QNN_z36011_zz36012,36011,36012,2,2,1,repeatlast,full,cx,False,0.92,0.92,0.84,0.84,0.08000000000000007,0.08000000000000007,0.0,0.0,0.0,0.84,0.08000000000000007
Moons_QNN,Moons_QNN_z36021_zz36022,36021,36022,2,2,1,zero,full,cx,False,0.92,0.92,0.84,0.84,0.08000000000000007,0.08000000000000007,0.0,0.0,0.0,0.84,0.08000000000000007
Moons_QNN,Moons_QNN_z36951_zz36952,36951,36952,3,3,2,zero,full,cx,False,0.9,0.9,0.84,0.84,0.06000000000000005,0.06000000000000005,0.0,0.0,0.0,0.84,0.06000000000000005
Moons_QNN,Moons_QNN_z38251_zz38252,38251,38252,2,2,1,wrap,full,cx,True,0.92,0.92,0.84,0.84,0.08000000000000007,0.08000000000000007,0.0,0.0,0.0,0.84,0.08000000000000007
Moons_QNN,Moons_QNN_z38261_zz38262,38261,38262,2,2,1,repeatlast,full,cx,True,0.92,0.92,0.84,0.84,0.08000000000000007,0.08000000000000007,0.0,0.0,0.0,0.84,0.08000000000000007
Moons_QNN,Moons_QNN_z38271_zz38272,38271,38272,2,2,1,zero,full,cx,True,0.92,0.92,0.84,0.84,0.08000000000000007,0.08000000000000007,0.0,0.0,0.0,0.84,0.08000000000000007
Moons_QNN,Moons_QNN_z40651_zz40652,40651,40652,2,3,1,wrap,full,crz,False,0.92,0.92,0.84,0.84,0.08000000000000007,0.08000000000000007,0.0,0.0,0.0,0.84,0.08000000000000007
Moons_QNN,Moons_QNN_z40661_zz40662,40661,40662,2,3,1,repeatlast,full,crz,False,0.92,0.92,0.84,0.84,0.08000000000000007,0.08000000000000007,0.0,0.0,0.0,0.84,0.08000000000000007
Moons_QNN,Moons_QNN_z40671_zz40672,40671,40672,2,3,1,zero,full,crz,False,0.92,0.92,0.84,0.84,0.08000000000000007,0.08000000000000007,0.0,0.0,0.0,0.84,0.08000000000000007
Moons_QNN,Moons_QNN_z45751_zz45752,45751,45752,3,2,1,wrap,full,rzz,False,0.94,0.94,0.84,0.84,0.09999999999999998,0.09999999999999998,0.0,0.0,0.0,0.84,0.09999999999999998
Moons_QNN,Moons_QNN_z46351_zz46352,46351,46352,3,6,1,wrap,full,rzz,False,0.94,0.94,0.84,0.84,0.09999999999999998,0.09999999999999998,0.0,0.0,0.0,0.84,0.09999999999999998
Moons_QNN,Moons_QNN_z48001_zz48002,48001,48002,3,2,1,wrap,full,rzz,True,0.94,0.94,0.84,0.84,0.09999999999999998,0.09999999999999998,0.0,0.0,0.0,0.84,0.09999999999999998
Moons_QNN,Moons_QNN_z48601_zz48602,48601,48602,3,6,1,wrap,full,rzz,True,0.94,0.94,0.84,0.84,0.09999999999999998,0.09999999999999998,0.0,0.0,0.0,0.84,0.09999999999999998
Moons_QNN,Moons_QNN_z24481_zz24482,24481,24482,4,5,2,wrap,pairwise,crz,False,0.92,0.92,0.82,0.82,0.10000000000000009,0.10000000000000009,0.0,0.0,0.0,0.82,0.10000000000000009
Moons_QNN,Moons_QNN_z24491_zz24492,24491,24492,4,5,2,repeatlast,pairwise,crz,False,0.92,0.92,0.82,0.82,0.10000000000000009,0.10000000000000009,0.0,0.0,0.0,0.82,0.10000000000000009
Moons_QNN,Moons_QNN_z24501_zz24502,24501,24502,4,5,2,zero,pairwise,crz,False,0.92,0.92,0.82,0.82,0.10000000000000009,0.10000000000000009,0.0,0.0,0.0,0.82,0.10000000000000009
Moons_QNN,Moons_QNN_z28681_zz28682,28681,28682,4,3,2,wrap,pairwise,rzz,False,0.92,0.92,0.82,0.82,0.10000000000000009,0.10000000000000009,0.0,0.0,0.0,0.82,0.10000000000000009
Moons_QNN,Moons_QNN_z28691_zz28692,28691,28692,4,3,2,repeatlast,pairwise,rzz,False,0.92,0.92,0.82,0.82,0.10000000000000009,0.10000000000000009,0.0,0.0,0.0,0.82,0.10000000000000009
Moons_QNN,Moons_QNN_z28701_zz28702,28701,28702,4,3,2,zero,pairwise,rzz,False,0.92,0.92,0.82,0.82,0.10000000000000009,0.10000000000000009,0.0,0.0,0.0,0.82,0.10000000000000009
Moons_QNN,Moons_QNN_z30931_zz30932,30931,30932,4,3,2,wrap,pairwise,rzz,True,0.92,0.92,0.82,0.82,0.10000000000000009,0.10000000000000009,0.0,0.0,0.0,0.82,0.10000000000000009
Moons_QNN,Moons_QNN_z30941_zz30942,30941,30942,4,3,2,repeatlast,pairwise,rzz,True,0.92,0.92,0.82,0.82,0.10000000000000009,0.10000000000000009,0.0,0.0,0.0,0.82,0.10000000000000009
Moons_QNN,Moons_QNN_z30951_zz30952,30951,30952,4,3,2,zero,pairwise,rzz,True,0.92,0.92,0.82,0.82,0.10000000000000009,0.10000000000000009,0.0,0.0,0.0,0.82,0.10000000000000009
Moons_QNN,Moons_QNN_z37531_zz37532,37531,37532,4,2,2,wrap,full,cx,False,0.92,0.92,0.82,0.82,0.10000000000000009,0.10000000000000009,0.0,0.0,0.0,0.82,0.10000000000000009
Moons_QNN,Moons_QNN_z37541_zz37542,37541,37542,4,2,2,repeatlast,full,cx,False,0.92,0.92,0.82,0.82,0.10000000000000009,0.10000000000000009,0.0,0.0,0.0,0.82,0.10000000000000009
Moons_QNN,Moons_QNN_z37551_zz37552,37551,37552,4,2,2,zero,full,cx,False,0.92,0.92,0.82,0.82,0.10000000000000009,0.10000000000000009,0.0,0.0,0.0,0.82,0.10000000000000009
Moons_QNN,Moons_QNN_z40231_zz40232,40231,40232,4,5,2,wrap,full,cx,True,0.92,0.92,0.8,0.8,0.12,0.12,0.0,0.0,0.0,0.8,0.12
Moons_QNN,Moons_QNN_z40241_zz40242,40241,40242,4,5,2,repeatlast,full,cx,True,0.92,0.92,0.8,0.8,0.12,0.12,0.0,0.0,0.0,0.8,0.12
Moons_QNN,Moons_QNN_z40251_zz40252,40251,40252,4,5,2,zero,full,cx,True,0.92,0.92,0.8,0.8,0.12,0.12,0.0,0.0,0.0,0.8,0.12
Moons_QNN,Moons_QNN_z42331_zz42332,42331,42332,4,4,2,wrap,full,crz,False,0.92,0.92,0.8,0.8,0.12,0.12,0.0,0.0,0.0,0.8,0.12
Moons_QNN,Moons_QNN_z42341_zz42342,42341,42342,4,4,2,repeatlast,full,crz,False,0.92,0.92,0.8,0.8,0.12,0.12,0.0,0.0,0.0,0.8,0.12
Moons_QNN,Moons_QNN_z42351_zz42352,42351,42352,4,4,2,zero,full,crz,False,0.92,0.92,0.8,0.8,0.12,0.12,0.0,0.0,0.0,0.8,0.12
Moons_QNN,Moons_QNN_z46981_zz46982,46981,46982,4,5,2,wrap,full,rzz,False,0.92,0.92,0.8,0.8,0.12,0.12,0.0,0.0,0.0,0.8,0.12
Moons_QNN,Moons_QNN_z46991_zz46992,46991,46992,4,5,2,repeatlast,full,rzz,False,0.92,0.92,0.8,0.8,0.12,0.12,0.0,0.0,0.0,0.8,0.12
Moons_QNN,Moons_QNN_z47001_zz47002,47001,47002,4,5,2,zero,full,rzz,False,0.92,0.92,0.8,0.8,0.12,0.12,0.0,0.0,0.0,0.8,0.12
Moons_QNN,Moons_QNN_z49231_zz49232,49231,49232,4,5,2,wrap,full,rzz,True,0.92,0.92,0.8,0.8,0.12,0.12,0.0,0.0,0.0,0.8,0.12
Moons_QNN,Moons_QNN_z49241_zz49242,49241,49242,4,5,2,repeatlast,full,rzz,True,0.92,0.92,0.8,0.8,0.12,0.12,0.0,0.0,0.0,0.8,0.12
Moons_QNN,Moons_QNN_z49251_zz49252,49251,49252,4,5,2,zero,full,rzz,True,0.92,0.92,0.8,0.8,0.12,0.12,0.0,0.0,0.0,0.8,0.12
Moons_QNN,Moons_QNN_z8461_zz8462,8461,8462,4,3,3,wrap,linear,crz,True,0.94,0.94,0.78,0.78,0.15999999999999992,0.15999999999999992,0.0,0.0,0.0,0.78,0.15999999999999992
Moons_QNN,Moons_QNN_z8471_zz8472,8471,8472,4,3,3,repeatlast,linear,crz,True,0.94,0.94,0.78,0.78,0.15999999999999992,0.15999999999999992,0.0,0.0,0.0,0.78,0.15999999999999992
Moons_QNN,Moons_QNN_z8481_zz8482,8481,8482,4,3,3,zero,linear,crz,True,0.94,0.94,0.78,0.78,0.15999999999999992,0.15999999999999992,0.0,0.0,0.0,0.78,0.15999999999999992
Moons_QNN,Moons_QNN_z10431_zz10432,10431,10432,3,6,3,zero,linear,rzz,False,0.92,0.92,0.78,0.78,0.14,0.14,0.0,0.0,0.0,0.78,0.14
Moons_QNN,Moons_QNN_z12681_zz12682,12681,12682,3,6,3,zero,linear,rzz,True,0.92,0.92,0.78,0.78,0.14,0.14,0.0,0.0,0.0,0.78,0.14
Moons_QNN,Moons_QNN_z19531_zz19532,19531,19532,4,2,2,wrap,pairwise,cx,False,0.92,0.92,0.78,0.78,0.14,0.14,0.0,0.0,0.0,0.78,0.14
Moons_QNN,Moons_QNN_z19541_zz19542,19541,19542,4,2,2,repeatlast,pairwise,cx,False,0.92,0.92,0.78,0.78,0.14,0.14,0.0,0.0,0.0,0.78,0.14
Moons_QNN,Moons_QNN_z19551_zz19552,19551,19552,4,2,2,zero,pairwise,cx,False,0.92,0.92,0.78,0.78,0.14,0.14,0.0,0.0,0.0,0.78,0.14
Moons_QNN,Moons_QNN_z20131_zz20132,20131,20132,4,6,2,wrap,pairwise,cx,False,0.92,0.92,0.78,0.78,0.14,0.14,0.0,0.0,0.0,0.78,0.14
Moons_QNN,Moons_QNN_z20141_zz20142,20141,20142,4,6,2,repeatlast,pairwise,cx,False,0.92,0.92,0.78,0.78,0.14,0.14,0.0,0.0,0.0,0.78,0.14
Moons_QNN,Moons_QNN_z20151_zz20152,20151,20152,4,6,2,zero,pairwise,cx,False,0.92,0.92,0.78,0.78,0.14,0.14,0.0,0.0,0.0,0.78,0.14
Moons_QNN,Moons_QNN_z28431_zz28432,28431,28432,3,6,3,zero,pairwise,rzz,False,0.92,0.92,0.78,0.78,0.14,0.14,0.0,0.0,0.0,0.78,0.14
Moons_QNN,Moons_QNN_z28711_zz28712,28711,28712,4,3,3,wrap,pairwise,rzz,False,0.94,0.94,0.78,0.78,0.15999999999999992,0.15999999999999992,0.0,0.0,0.0,0.78,0.15999999999999992
Moons_QNN,Moons_QNN_z28721_zz28722,28721,28722,4,3,3,repeatlast,pairwise,rzz,False,0.94,0.94,0.78,0.78,0.15999999999999992,0.15999999999999992,0.0,0.0,0.0,0.78,0.15999999999999992
Moons_QNN,Moons_QNN_z28731_zz28732,28731,28732,4,3,3,zero,pairwise,rzz,False,0.94,0.94,0.78,0.78,0.15999999999999992,0.15999999999999992,0.0,0.0,0.0,0.78,0.15999999999999992
Moons_QNN,Moons_QNN_z30681_zz30682,30681,30682,3,6,3,zero,pairwise,rzz,True,0.92,0.92,0.78,0.78,0.14,0.14,0.0,0.0,0.0,0.78,0.14
Moons_QNN,Moons_QNN_z30961_zz30962,30961,30962,4,3,3,wrap,pairwise,rzz,True,0.94,0.94,0.78,0.78,0.15999999999999992,0.15999999999999992,0.0,0.0,0.0,0.78,0.15999999999999992
Moons_QNN,Moons_QNN_z30971_zz30972,30971,30972,4,3,3,repeatlast,pairwise,rzz,True,0.94,0.94,0.78,0.78,0.15999999999999992,0.15999999999999992,0.0,0.0,0.0,0.78,0.15999999999999992
Moons_QNN,Moons_QNN_z30981_zz30982,30981,30982,4,3,3,zero,pairwise,rzz,True,0.94,0.94,0.78,0.78,0.15999999999999992,0.15999999999999992,0.0,0.0,0.0,0.78,0.15999999999999992
Moons_QNN,Moons_QNN_z37861_zz37862,37861,37862,4,4,3,wrap,full,cx,False,0.96,0.96,0.78,0.78,0.17999999999999994,0.17999999999999994,0.0,0.0,0.0,0.78,0.17999999999999994
Moons_QNN,Moons_QNN_z37871_zz37872,37871,37872,4,4,3,repeatlast,full,cx,False,0.96,0.96,0.78,0.78,0.17999999999999994,0.17999999999999994,0.0,0.0,0.0,0.78,0.17999999999999994
Moons_QNN,Moons_QNN_z37881_zz37882,37881,37882,4,4,3,zero,full,cx,False,0.96,0.96,0.78,0.78,0.17999999999999994,0.17999999999999994,0.0,0.0,0.0,0.78,0.17999999999999994
Moons_QNN,Moons_QNN_z42181_zz42182,42181,42182,4,3,2,wrap,full,crz,False,0.92,0.92,0.78,0.78,0.14,0.14,0.0,0.0,0.0,0.78,0.14
Moons_QNN,Moons_QNN_z42191_zz42192,42191,42192,4,3,2,repeatlast,full,crz,False,0.92,0.92,0.78,0.78,0.14,0.14,0.0,0.0,0.0,0.78,0.14
Moons_QNN,Moons_QNN_z42201_zz42202,42201,42202,4,3,2,zero,full,crz,False,0.92,0.92,0.78,0.78,0.14,0.14,0.0,0.0,0.0,0.78,0.14
Moons_QNN,Moons_QNN_z44181_zz44182,44181,44182,3,6,3,zero,full,crz,True,0.92,0.92,0.78,0.78,0.14,0.14,0.0,0.0,0.0,0.78,0.14
Moons_QNN,Moons_QNN_z44881_zz44882,44881,44882,4,6,2,wrap,full,crz,True,0.92,0.92,0.78,0.78,0.14,0.14,0.0,0.0,0.0,0.78,0.14
Moons_QNN,Moons_QNN_z44891_zz44892,44891,44892,4,6,2,repeatlast,full,crz,True,0.92,0.92,0.78,0.78,0.14,0.14,0.0,0.0,0.0,0.78,0.14
Moons_QNN,Moons_QNN_z44901_zz44902,44901,44902,4,6,2,zero,full,crz,True,0.92,0.92,0.78,0.78,0.14,0.14,0.0,0.0,0.0,0.78,0.14
Moons_QNN,Moons_QNN_z4291_zz4292,4291,4292,4,5,4,wrap,linear,cx,True,1.0,1.0,0.76,0.76,0.24,0.24,0.0,0.0,0.0,0.76,0.24
Moons_QNN,Moons_QNN_z4301_zz4302,4301,4302,4,5,4,repeatlast,linear,cx,True,1.0,1.0,0.76,0.76,0.24,0.24,0.0,0.0,0.0,0.76,0.24
Moons_QNN,Moons_QNN_z4311_zz4312,4311,4312,4,5,4,zero,linear,cx,True,1.0,1.0,0.76,0.76,0.24,0.24,0.0,0.0,0.0,0.76,0.24
Moons_QNN,Moons_QNN_z20191_zz20192,20191,20192,4,6,4,wrap,pairwise,cx,False,1.0,1.0,0.76,0.76,0.24,0.24,0.0,0.0,0.0,0.76,0.24
Moons_QNN,Moons_QNN_z20201_zz20202,20201,20202,4,6,4,repeatlast,pairwise,cx,False,1.0,1.0,0.76,0.76,0.24,0.24,0.0,0.0,0.0,0.76,0.24
Moons_QNN,Moons_QNN_z20211_zz20212,20211,20212,4,6,4,zero,pairwise,cx,False,1.0,1.0,0.76,0.76,0.24,0.24,0.0,0.0,0.0,0.76,0.24
Moons_QNN,Moons_QNN_z22261_zz22262,22261,22262,4,5,3,wrap,pairwise,cx,True,0.96,0.96,0.76,0.76,0.19999999999999996,0.19999999999999996,0.0,0.0,0.0,0.76,0.19999999999999996
Moons_QNN,Moons_QNN_z22271_zz22272,22271,22272,4,5,3,repeatlast,pairwise,cx,True,0.96,0.96,0.76,0.76,0.19999999999999996,0.19999999999999996,0.0,0.0,0.0,0.76,0.19999999999999996
Moons_QNN,Moons_QNN_z22281_zz22282,22281,22282,4,5,3,zero,pairwise,cx,True,0.96,0.96,0.76,0.76,0.19999999999999996,0.19999999999999996,0.0,0.0,0.0,0.76,0.19999999999999996
Moons_QNN,Moons_QNN_z39231_zz39232,39231,39232,3,3,3,zero,full,cx,True,0.9,0.9,0.76,0.76,0.14,0.14,0.0,0.0,0.0,0.76,0.14
Moons_QNN,Moons_QNN_z8211_zz8212,8211,8212,3,6,4,zero,linear,crz,True,0.94,0.94,0.74,0.74,0.19999999999999996,0.19999999999999996,0.0,0.0,0.0,0.74,0.19999999999999996
Moons_QNN,Moons_QNN_z8791_zz8792,8791,8792,4,5,4,wrap,linear,crz,True,1.0,1.0,0.74,0.74,0.26,0.26,0.0,0.0,0.0,0.74,0.26
Moons_QNN,Moons_QNN_z8801_zz8802,8801,8802,4,5,4,repeatlast,linear,crz,True,1.0,1.0,0.74,0.74,0.26,0.26,0.0,0.0,0.0,0.74,0.26
Moons_QNN,Moons_QNN_z8811_zz8812,8811,8812,4,5,4,zero,linear,crz,True,1.0,1.0,0.74,0.74,0.26,0.26,0.0,0.0,0.0,0.74,0.26
Moons_QNN,Moons_QNN_z26211_zz26212,26211,26212,3,6,4,zero,pairwise,crz,True,0.94,0.94,0.74,0.74,0.19999999999999996,0.19999999999999996,0.0,0.0,0.0,0.74,0.19999999999999996
Moons_QNN,Moons_QNN_z1161_zz1162,1161,1162,3,4,4,zero,linear,cx,False,0.94,0.94,0.72,0.72,0.21999999999999997,0.21999999999999997,0.0,0.0,0.0,0.72,0.21999999999999997
Moons_QNN,Moons_QNN_z1191_zz1192,1191,1192,3,4,5,zero,linear,cx,False,0.98,0.98,0.72,0.72,0.26,0.26,0.0,0.0,0.0,0.72,0.26
Moons_QNN,Moons_QNN_z1411_zz1412,1411,1412,3,6,3,wrap,linear,cx,False,0.98,0.98,0.72,0.72,0.26,0.26,0.0,0.0,0.0,0.72,0.26
Moons_QNN,Moons_QNN_z19161_zz19162,19161,19162,3,4,4,zero,pairwise,cx,False,0.94,0.94,0.72,0.72,0.21999999999999997,0.21999999999999997,0.0,0.0,0.0,0.72,0.21999999999999997
Moons_QNN,Moons_QNN_z19191_zz19192,19191,19192,3,4,5,zero,pairwise,cx,False,0.98,0.98,0.72,0.72,0.26,0.26,0.0,0.0,0.0,0.72,0.26
Moons_QNN,Moons_QNN_z19411_zz19412,19411,19412,3,6,3,wrap,pairwise,cx,False,0.98,0.98,0.72,0.72,0.26,0.26,0.0,0.0,0.0,0.72,0.26
Moons_QNN,Moons_QNN_z38191_zz38192,38191,38192,4,6,4,wrap,full,cx,False,1.0,1.0,0.72,0.72,0.28,0.28,0.0,0.0,0.0,0.72,0.28
Moons_QNN,Moons_QNN_z38201_zz38202,38201,38202,4,6,4,repeatlast,full,cx,False,1.0,1.0,0.72,0.72,0.28,0.28,0.0,0.0,0.0,0.72,0.28
Moons_QNN,Moons_QNN_z38211_zz38212,38211,38212,4,6,4,zero,full,cx,False,1.0,1.0,0.72,0.72,0.28,0.28,0.0,0.0,0.0,0.72,0.28
Moons_QNN,Moons_QNN_z41341_zz41342,41341,41342,3,2,4,wrap,full,crz,False,0.86,0.86,0.72,0.72,0.14,0.14,0.0,0.0,0.0,0.72,0.14
Moons_QNN,Moons_QNN_z44461_zz44462,44461,44462,4,3,3,wrap,full,crz,True,0.94,0.94,0.72,0.72,0.21999999999999997,0.21999999999999997,0.0,0.0,0.0,0.72,0.21999999999999997
Moons_QNN,Moons_QNN_z44471_zz44472,44471,44472,4,3,3,repeatlast,full,crz,True,0.94,0.94,0.72,0.72,0.21999999999999997,0.21999999999999997,0.0,0.0,0.0,0.72,0.21999999999999997
Moons_QNN,Moons_QNN_z44481_zz44482,44481,44482,4,3,3,zero,full,crz,True,0.94,0.94,0.72,0.72,0.21999999999999997,0.21999999999999997,0.0,0.0,0.0,0.72,0.21999999999999997
Moons_QNN,Moons_QNN_z46111_zz46112,46111,46112,3,4,3,wrap,full,rzz,False,0.98,0.98,0.72,0.72,0.26,0.26,0.0,0.0,0.0,0.72,0.26
Moons_QNN,Moons_QNN_z48361_zz48362,48361,48362,3,4,3,wrap,full,rzz,True,0.98,0.98,0.72,0.72,0.26,0.26,0.0,0.0,0.0,0.72,0.26
Moons_QNN,Moons_QNN_z1021_zz1022,1021,1022,3,3,5,wrap,linear,cx,False,0.96,0.96,0.7,0.7,0.26,0.26,0.0,0.0,0.0,0.7,0.26
Moons_QNN,Moons_QNN_z19021_zz19022,19021,19022,3,3,5,wrap,pairwise,cx,False,0.96,0.96,0.7,0.7,0.26,0.26,0.0,0.0,0.0,0.7,0.26
Moons_QNN,Moons_QNN_z46411_zz46412,46411,46412,3,6,3,wrap,full,rzz,False,0.98,0.98,0.7,0.7,0.28,0.28,0.0,0.0,0.0,0.7,0.28
Moons_QNN,Moons_QNN_z48661_zz48662,48661,48662,3,6,3,wrap,full,rzz,True,0.98,0.98,0.7,0.7,0.28,0.28,0.0,0.0,0.0,0.7,0.28
Moons_QNN,Moons_QNN_z6991_zz6992,6991,6992,2,3,4,wrap,linear,crz,True,0.76,0.76,0.68,0.68,0.07999999999999996,0.07999999999999996,0.0,0.0,0.0,0.68,0.07999999999999996
Moons_QNN,Moons_QNN_z7001_zz7002,7001,7002,2,3,4,repeatlast,linear,crz,True,0.76,0.76,0.68,0.68,0.07999999999999996,0.07999999999999996,0.0,0.0,0.0,0.68,0.07999999999999996
Moons_QNN,Moons_QNN_z7011_zz7012,7011,7012,2,3,4,zero,linear,crz,True,0.76,0.76,0.68,0.68,0.07999999999999996,0.07999999999999996,0.0,0.0,0.0,0.68,0.07999999999999996
Moons_QNN,Moons_QNN_z11221_zz11222,11221,11222,4,6,5,wrap,linear,rzz,False,1.0,1.0,0.68,0.68,0.31999999999999995,0.31999999999999995,0.0,0.0,0.0,0.68,0.31999999999999995
Moons_QNN,Moons_QNN_z11231_zz11232,11231,11232,4,6,5,repeatlast,linear,rzz,False,1.0,1.0,0.68,0.68,0.31999999999999995,0.31999999999999995,0.0,0.0,0.0,0.68,0.31999999999999995
Moons_QNN,Moons_QNN_z11241_zz11242,11241,11242,4,6,5,zero,linear,rzz,False,1.0,1.0,0.68,0.68,0.31999999999999995,0.31999999999999995,0.0,0.0,0.0,0.68,0.31999999999999995
Moons_QNN,Moons_QNN_z13471_zz13472,13471,13472,4,6,5,wrap,linear,rzz,True,1.0,1.0,0.68,0.68,0.31999999999999995,0.31999999999999995,0.0,0.0,0.0,0.68,0.31999999999999995
Moons_QNN,Moons_QNN_z13481_zz13482,13481,13482,4,6,5,repeatlast,linear,rzz,True,1.0,1.0,0.68,0.68,0.31999999999999995,0.31999999999999995,0.0,0.0,0.0,0.68,0.31999999999999995
Moons_QNN,Moons_QNN_z13491_zz13492,13491,13492,4,6,5,zero,linear,rzz,True,1.0,1.0,0.68,0.68,0.31999999999999995,0.31999999999999995,0.0,0.0,0.0,0.68,0.31999999999999995
Moons_QNN,Moons_QNN_z24991_zz24992,24991,24992,2,3,4,wrap,pairwise,crz,True,0.76,0.76,0.68,0.68,0.07999999999999996,0.07999999999999996,0.0,0.0,0.0,0.68,0.07999999999999996
Moons_QNN,Moons_QNN_z25001_zz25002,25001,25002,2,3,4,repeatlast,pairwise,crz,True,0.76,0.76,0.68,0.68,0.07999999999999996,0.07999999999999996,0.0,0.0,0.0,0.68,0.07999999999999996
Moons_QNN,Moons_QNN_z25011_zz25012,25011,25012,2,3,4,zero,pairwise,crz,True,0.76,0.76,0.68,0.68,0.07999999999999996,0.07999999999999996,0.0,0.0,0.0,0.68,0.07999999999999996
Moons_QNN,Moons_QNN_z42991_zz42992,42991,42992,2,3,4,wrap,full,crz,True,0.76,0.76,0.68,0.68,0.07999999999999996,0.07999999999999996,0.0,0.0,0.0,0.68,0.07999999999999996
Moons_QNN,Moons_QNN_z43001_zz43002,43001,43002,2,3,4,repeatlast,full,crz,True,0.76,0.76,0.68,0.68,0.07999999999999996,0.07999999999999996,0.0,0.0,0.0,0.68,0.07999999999999996
Moons_QNN,Moons_QNN_z43011_zz43012,43011,43012,2,3,4,zero,full,crz,True,0.76,0.76,0.68,0.68,0.07999999999999996,0.07999999999999996,0.0,0.0,0.0,0.68,0.07999999999999996
Moons_QNN,Moons_QNN_z46921_zz46922,46921,46922,4,4,5,wrap,full,rzz,False,1.0,1.0,0.68,0.68,0.31999999999999995,0.31999999999999995,0.0,0.0,0.0,0.68,0.31999999999999995
Moons_QNN,Moons_QNN_z46931_zz46932,46931,46932,4,4,5,repeatlast,full,rzz,False,1.0,1.0,0.68,0.68,0.31999999999999995,0.31999999999999995,0.0,0.0,0.0,0.68,0.31999999999999995
Moons_QNN,Moons_QNN_z46941_zz46942,46941,46942,4,4,5,zero,full,rzz,False,1.0,1.0,0.68,0.68,0.31999999999999995,0.31999999999999995,0.0,0.0,0.0,0.68,0.31999999999999995
Moons_QNN,Moons_QNN_z49171_zz49172,49171,49172,4,4,5,wrap,full,rzz,True,1.0,1.0,0.68,0.68,0.31999999999999995,0.31999999999999995,0.0,0.0,0.0,0.68,0.31999999999999995
Moons_QNN,Moons_QNN_z49181_zz49182,49181,49182,4,4,5,repeatlast,full,rzz,True,1.0,1.0,0.68,0.68,0.31999999999999995,0.31999999999999995,0.0,0.0,0.0,0.68,0.31999999999999995
Moons_QNN,Moons_QNN_z49191_zz49192,49191,49192,4,4,5,zero,full,rzz,True,1.0,1.0,0.68,0.68,0.31999999999999995,0.31999999999999995,0.0,0.0,0.0,0.68,0.31999999999999995
Moons_QNN,Moons_QNN_z8521_zz8522,8521,8522,4,3,5,wrap,linear,crz,True,1.0,1.0,0.66,0.66,0.33999999999999997,0.33999999999999997,0.0,0.0,0.0,0.66,0.33999999999999997
Moons_QNN,Moons_QNN_z8531_zz8532,8531,8532,4,3,5,repeatlast,linear,crz,True,1.0,1.0,0.66,0.66,0.33999999999999997,0.33999999999999997,0.0,0.0,0.0,0.66,0.33999999999999997
Moons_QNN,Moons_QNN_z8541_zz8542,8541,8542,4,3,5,zero,linear,crz,True,1.0,1.0,0.66,0.66,0.33999999999999997,0.33999999999999997,0.0,0.0,0.0,0.66,0.33999999999999997
