scope,shots,attack,n_replicates,n_member_median,n_member_q05,n_member_q95,n_nonmember_median,n_nonmember_q05,n_nonmember_q95,auc_median,auc_q05,auc_q95,advantage_median,advantage_q05,advantage_q95,tpr_at_0_1pct_fpr_median,tpr_at_0_1pct_fpr_q05,tpr_at_0_1pct_fpr_q95,attained_fpr_at_0_1pct_fpr_median,attained_fpr_at_0_1pct_fpr_q05,attained_fpr_at_0_1pct_fpr_q95,tpr_at_1pct_fpr_median,tpr_at_1pct_fpr_q05,tpr_at_1pct_fpr_q95,attained_fpr_at_1pct_fpr_median,attained_fpr_at_1pct_fpr_q05,attained_fpr_at_1pct_fpr_q95,tpr_at_5pct_fpr_median,tpr_at_5pct_fpr_q05,tpr_at_5pct_fpr_q95,attained_fpr_at_5pct_fpr_median,attained_fpr_at_5pct_fpr_q05,attained_fpr_at_5pct_fpr_q95,auc_leakage_recovery
eff_su2_r1_d2,1024,channel_lira_matched,30,600.0,600.0,600.0,600.0,600.0,600.0,0.5275888888888889,0.5199816666666667,0.5344431944444444,0.06666666666666665,0.05500000000000005,0.08091666666666669,0.005,0.0033333333333333335,0.01258333333333333,0.0,0.0,0.0,0.0225,0.017416666666666667,0.034249999999999996,0.01,0.006666666666666667,0.01,0.06,0.04833333333333333,0.06941666666666665,0.04833333333333333,0.043333333333333335,0.05,0.7950052029136322
eff_su2_r1_d2,1024,channel_lira_mismatched,30,600.0,600.0,600.0,600.0,600.0,600.0,0.5289305555555556,0.5260506944444445,0.5325794444444445,0.065,0.06000000000000005,0.07425000000000004,0.0,0.0,0.0,0.0,0.0,0.0,0.005,0.0033333333333333335,0.006666666666666667,0.0075,0.006666666666666667,0.01,0.04666666666666667,0.04,0.05425,0.05,0.04666666666666667,0.05,0.8336668534379263
eff_su2_r1_d2,1024,deconvolved_mean_lira,30,600.0,600.0,600.0,600.0,600.0,600.0,0.5345194444444444,0.5265076388888889,0.5437156944444443,0.07666666666666666,0.06333333333333332,0.09516666666666669,0.0,0.0,0.007583333333333329,0.0,0.0,0.0,0.0175,0.010750000000000001,0.02608333333333332,0.008333333333333333,0.006666666666666667,0.01,0.065,0.052250000000000005,0.07258333333333333,0.0475,0.043333333333333335,0.05,0.9947170415432648
eff_su2_r1_d2,1024,naive_mean_lira,30,600.0,600.0,600.0,600.0,600.0,600.0,0.5288208333333333,0.5260925,0.5327141666666666,0.06666666666666671,0.06000000000000005,0.07591666666666669,0.0,0.0,0.0,0.0,0.0,0.0,0.005,0.0033333333333333335,0.006666666666666667,0.008333333333333333,0.006666666666666667,0.01,0.045,0.03908333333333333,0.050916666666666666,0.05,0.04666666666666667,0.05,0.8305050828463936
eff_su2_r1_d2,1024,oracle_latent_lira,30,600.0,600.0,600.0,600.0,600.0,600.0,0.5347027777777777,0.5347027777777777,0.5347027777777777,0.07499999999999996,0.07499999999999996,0.07499999999999996,0.0033333333333333335,0.0033333333333333335,0.0033333333333333335,0.0,0.0,0.0,0.015,0.015,0.015,0.006666666666666667,0.006666666666666667,0.006666666666666667,0.06,0.06,0.06,0.04833333333333333,0.04833333333333333,0.04833333333333333,1.0
eff_su2_r1_d2,128,channel_lira_matched,30,600.0,600.0,600.0,600.0,600.0,600.0,0.5245555555555556,0.5048361111111112,0.5352955555555556,0.0566666666666667,0.039083333333333366,0.07441666666666664,0.004166666666666667,0.0,0.013333333333333334,0.0,0.0,0.0,0.028333333333333332,0.018333333333333333,0.03924999999999999,0.01,0.006666666666666667,0.01,0.07166666666666667,0.05408333333333334,0.09141666666666663,0.05,0.044083333333333335,0.05,0.7075962539021857
eff_su2_r1_d2,128,channel_lira_mismatched,30,600.0,600.0,600.0,600.0,600.0,600.0,0.5298680555555556,0.5206930555555556,0.5399213888888889,0.06333333333333335,0.05074999999999997,0.08308333333333337,0.0,0.0,0.0,0.0,0.0,0.0,0.005833333333333334,0.0024166666666666672,0.01,0.01,0.006666666666666667,0.01,0.05333333333333334,0.043333333333333335,0.07258333333333333,0.05,0.04575,0.05,0.8606819819098717
eff_su2_r1_d2,128,deconvolved_mean_lira,30,600.0,600.0,600.0,600.0,600.0,600.0,0.5367347222222222,0.5135330555555555,0.55070625,0.07166666666666666,0.053333333333333344,0.09624999999999997,0.0,0.0,0.0016666666666666668,0.0,0.0,0.0,0.009166666666666667,0.0016666666666666668,0.02258333333333333,0.01,0.004083333333333334,0.01,0.06,0.04466666666666667,0.08424999999999999,0.05,0.04575,0.05,1.0585527895621545
eff_su2_r1_d2,128,naive_mean_lira,30,600.0,600.0,600.0,600.0,600.0,600.0,0.5288319444444444,0.5205604166666667,0.5392348611111111,0.0683333333333333,0.05149999999999997,0.08591666666666664,0.0,0.0,0.0,0.0,0.0,0.0,0.005,0.0024166666666666672,0.008333333333333333,0.008333333333333333,0.004083333333333334,0.01,0.043333333333333335,0.02891666666666667,0.05333333333333334,0.05,0.044833333333333336,0.05,0.8308252621468007
eff_su2_r1_d2,128,oracle_latent_lira,30,600.0,600.0,600.0,600.0,600.0,600.0,0.5347027777777777,0.5347027777777777,0.5347027777777777,0.07499999999999996,0.07499999999999996,0.07499999999999996,0.0033333333333333335,0.0033333333333333335,0.0033333333333333335,0.0,0.0,0.0,0.015,0.015,0.015,0.006666666666666667,0.006666666666666667,0.006666666666666667,0.06,0.06,0.06,0.04833333333333333,0.04833333333333333,0.04833333333333333,1.0
eff_su2_r1_d2,256,channel_lira_matched,30,600.0,600.0,600.0,600.0,600.0,600.0,0.5246388888888889,0.5143777777777778,0.5339518055555557,0.05666666666666664,0.04741666666666667,0.07016666666666667,0.005,0.0016666666666666668,0.010916666666666663,0.0,0.0,0.0,0.03,0.02075,0.03833333333333333,0.009166666666666667,0.006666666666666667,0.01,0.06833333333333333,0.05316666666666667,0.08424999999999999,0.05,0.045,0.05,0.7099975986552471
eff_su2_r1_d2,256,channel_lira_mismatched,30,600.0,600.0,600.0,600.0,600.0,600.0,0.5304402777777778,0.52277375,0.5374340277777777,0.06083333333333335,0.05075000000000001,0.07258333333333339,0.0,0.0,0.0,0.0,0.0,0.0,0.005,0.0016666666666666668,0.008333333333333333,0.008333333333333333,0.0024166666666666672,0.01,0.05333333333333334,0.042416666666666665,0.06516666666666666,0.05,0.044833333333333336,0.05,0.8771712158808948
eff_su2_r1_d2,256,deconvolved_mean_lira,30,600.0,600.0,600.0,600.0,600.0,600.0,0.5354222222222222,0.5155516666666666,0.5487141666666667,0.07500000000000004,0.053333333333333344,0.08591666666666664,0.0,0.0,0.000916666666666662,0.0,0.0,0.0,0.015,0.004083333333333334,0.027583333333333328,0.01,0.007416666666666667,0.01,0.06583333333333333,0.049833333333333334,0.07866666666666665,0.05,0.04575,0.05,1.0207316097014343
eff_su2_r1_d2,256,naive_mean_lira,30,600.0,600.0,600.0,600.0,600.0,600.0,0.5300125,0.5219276388888889,0.5368723611111111,0.06500000000000006,0.053166666666666675,0.07683333333333327,0.0,0.0,0.0,0.0,0.0,0.0,0.005,0.0016666666666666668,0.006666666666666667,0.0075,0.0024166666666666672,0.01,0.045,0.03666666666666667,0.05925,0.05,0.045,0.05,0.8648443128151772
eff_su2_r1_d2,256,oracle_latent_lira,30,600.0,600.0,600.0,600.0,600.0,600.0,0.5347027777777777,0.5347027777777777,0.5347027777777777,0.07499999999999996,0.07499999999999996,0.07499999999999996,0.0033333333333333335,0.0033333333333333335,0.0033333333333333335,0.0,0.0,0.0,0.015,0.015,0.015,0.006666666666666667,0.006666666666666667,0.006666666666666667,0.06,0.06,0.06,0.04833333333333333,0.04833333333333333,0.04833333333333333,1.0
eff_su2_r1_d2,32,channel_lira_matched,30,600.0,600.0,600.0,600.0,600.0,600.0,0.5132166666666667,0.5006181944444444,0.5363954166666667,0.04750000000000004,0.03741666666666667,0.0718333333333333,0.0033333333333333335,0.0,0.010916666666666663,0.0,0.0,0.0,0.021666666666666667,0.014083333333333333,0.029249999999999995,0.008333333333333333,0.006666666666666667,0.01,0.075,0.055,0.09108333333333332,0.049166666666666664,0.043166666666666666,0.05,0.38085327783558787
eff_su2_r1_d2,32,channel_lira_mismatched,30,600.0,600.0,600.0,600.0,600.0,600.0,0.5216583333333333,0.5075531944444445,0.54134375,0.0566666666666667,0.03983333333333334,0.08258333333333331,0.0,0.0,0.003499999999999991,0.0,0.0,0.0,0.01,0.0033333333333333335,0.015916666666666662,0.008333333333333333,0.005750000000000001,0.01,0.06,0.042416666666666665,0.07183333333333333,0.05,0.043333333333333335,0.05,0.6241095013207402
eff_su2_r1_d2,32,deconvolved_mean_lira,30,600.0,600.0,600.0,600.0,600.0,600.0,0.5253680555555555,0.511378611111111,0.5512248611111111,0.06416666666666665,0.04466666666666665,0.0966666666666667,0.0,0.0,0.0016666666666666668,0.0,0.0,0.0,0.0075,0.0016666666666666668,0.015,0.008333333333333333,0.0015000000000000007,0.01,0.055,0.035,0.07091666666666667,0.049166666666666664,0.045,0.05,0.7310093652445373
eff_su2_r1_d2,32,naive_mean_lira,30,600.0,600.0,600.0,600.0,600.0,600.0,0.5281305555555555,0.5106386111111112,0.5437236111111111,0.06916666666666668,0.04833333333333334,0.09258333333333335,0.0,0.0,0.0016666666666666668,0.0,0.0,0.0,0.005,0.0007500000000000003,0.009249999999999996,0.008333333333333333,0.0007500000000000003,0.01,0.0475,0.036333333333333336,0.06274999999999999,0.049166666666666664,0.044083333333333335,0.05,0.8106139438085332
eff_su2_r1_d2,32,oracle_latent_lira,30,600.0,600.0,600.0,600.0,600.0,600.0,0.5347027777777777,0.5347027777777777,0.5347027777777777,0.07499999999999996,0.07499999999999996,0.07499999999999996,0.0033333333333333335,0.0033333333333333335,0.0033333333333333335,0.0,0.0,0.0,0.015,0.015,0.015,0.006666666666666667,0.006666666666666667,0.006666666666666667,0.06,0.06,0.06,0.04833333333333333,0.04833333333333333,0.04833333333333333,1.0
eff_su2_r1_d2,512,channel_lira_matched,30,600.0,600.0,600.0,600.0,600.0,600.0,0.5260527777777777,0.5171955555555556,0.5393540277777777,0.06333333333333341,0.05166666666666675,0.08683333333333339,0.006666666666666667,0.0007500000000000003,0.01258333333333333,0.0,0.0,0.0,0.02666666666666667,0.019833333333333335,0.03666666666666667,0.01,0.008333333333333333,0.01,0.065,0.0565,0.0735,0.049166666666666664,0.045,0.05,0.7507404146321924
eff_su2_r1_d2,512,channel_lira_mismatched,30,600.0,600.0,600.0,600.0,600.0,600.0,0.5294749999999999,0.5238770833333333,0.5374591666666667,0.06833333333333336,0.05483333333333333,0.07758333333333334,0.0,0.0,0.0,0.0,0.0,0.0,0.005,0.0016666666666666668,0.007583333333333329,0.008333333333333333,0.005,0.01,0.051666666666666666,0.03833333333333333,0.06758333333333333,0.05,0.04666666666666667,0.05,0.8493556391579268
eff_su2_r1_d2,512,deconvolved_mean_lira,30,600.0,600.0,600.0,600.0,600.0,600.0,0.5331597222222222,0.5227225,0.550438611111111,0.07333333333333336,0.06500000000000006,0.09758333333333333,0.0,0.0,0.004583333333333309,0.0,0.0,0.0,0.02,0.01,0.03166666666666667,0.01,0.008333333333333333,0.01,0.06583333333333333,0.05041666666666667,0.08333333333333333,0.04833333333333333,0.045,0.05,0.9555350996558071
eff_su2_r1_d2,512,naive_mean_lira,30,600.0,600.0,600.0,600.0,600.0,600.0,0.5291777777777777,0.5235161111111111,0.5372336111111111,0.07083333333333336,0.056500000000000036,0.08274999999999995,0.0,0.0,0.0,0.0,0.0,0.0,0.005,0.0016666666666666668,0.006666666666666667,0.01,0.006666666666666667,0.01,0.045,0.035750000000000004,0.060333333333333315,0.05,0.04575,0.05,0.8407908428720081
eff_su2_r1_d2,512,oracle_latent_lira,30,600.0,600.0,600.0,600.0,600.0,600.0,0.5347027777777777,0.5347027777777777,0.5347027777777777,0.07499999999999996,0.07499999999999996,0.07499999999999996,0.0033333333333333335,0.0033333333333333335,0.0033333333333333335,0.0,0.0,0.0,0.015,0.015,0.015,0.006666666666666667,0.006666666666666667,0.006666666666666667,0.06,0.06,0.06,0.04833333333333333,0.04833333333333333,0.04833333333333333,1.0
eff_su2_r1_d2,64,channel_lira_matched,30,600.0,600.0,600.0,600.0,600.0,600.0,0.5200791666666666,0.5045215277777778,0.53460875,0.05416666666666668,0.03225,0.07624999999999996,0.005,0.0,0.01758333333333333,0.0,0.0,0.0,0.025833333333333333,0.017416666666666667,0.03666666666666667,0.008333333333333333,0.005,0.01,0.07250000000000001,0.057416666666666664,0.08591666666666667,0.04833333333333333,0.04666666666666667,0.05,0.57860401825022
eff_su2_r1_d2,64,channel_lira_mismatched,30,600.0,600.0,600.0,600.0,600.0,600.0,0.5265930555555556,0.5143475000000001,0.5349651388888889,0.06333333333333335,0.04816666666666662,0.07425,0.0,0.0,0.0016666666666666668,0.0,0.0,0.0,0.006666666666666666,0.0016666666666666668,0.014249999999999995,0.01,0.005750000000000001,0.01,0.06416666666666668,0.045,0.07849999999999999,0.049166666666666664,0.045,0.05,0.7663091331145454
eff_su2_r1_d2,64,deconvolved_mean_lira,30,600.0,600.0,600.0,600.0,600.0,600.0,0.5333958333333333,0.5146851388888889,0.5522520833333333,0.06833333333333336,0.051499999999999976,0.09625,0.0,0.0,0.000916666666666662,0.0,0.0,0.0,0.005,0.0,0.02416666666666662,0.008333333333333333,0.0,0.01,0.06,0.041666666666666664,0.07591666666666666,0.05,0.042416666666666665,0.05,0.9623389097894817
eff_su2_r1_d2,64,naive_mean_lira,30,600.0,600.0,600.0,600.0,600.0,600.0,0.5299194444444444,0.5132424999999999,0.5362429166666667,0.07083333333333333,0.049083333333333354,0.08258333333333334,0.0,0.0,0.0,0.0,0.0,0.0,0.005,0.0007500000000000003,0.010916666666666663,0.008333333333333333,0.0007500000000000003,0.01,0.049166666666666664,0.034083333333333334,0.06108333333333332,0.04833333333333333,0.04666666666666667,0.05,0.8621628111742566
eff_su2_r1_d2,64,oracle_latent_lira,30,600.0,600.0,600.0,600.0,600.0,600.0,0.5347027777777777,0.5347027777777777,0.5347027777777777,0.07499999999999996,0.07499999999999996,0.07499999999999996,0.0033333333333333335,0.0033333333333333335,0.0033333333333333335,0.0,0.0,0.0,0.015,0.015,0.015,0.006666666666666667,0.006666666666666667,0.006666666666666667,0.06,0.06,0.06,0.04833333333333333,0.04833333333333333,0.04833333333333333,1.0
eff_su2_r1_d6,1024,channel_lira_matched,30,600.0,600.0,600.0,600.0,600.0,600.0,0.5419958333333333,0.5329581944444444,0.5552498611111112,0.08083333333333334,0.0681666666666667,0.10749999999999994,0.006666666666666667,0.0007500000000000003,0.013333333333333334,0.0,0.0,0.0,0.028333333333333332,0.021666666666666667,0.040166666666666656,0.01,0.008333333333333333,0.01,0.08166666666666667,0.07333333333333333,0.09,0.04833333333333333,0.044083333333333335,0.05,1.0480762564991324
eff_su2_r1_d6,1024,channel_lira_mismatched,30,600.0,600.0,600.0,600.0,600.0,600.0,0.5001416666666666,0.49585583333333333,0.5051362500000001,0.0475,0.04,0.05683333333333332,0.0,0.0,0.0016666666666666668,0.0,0.0,0.0,0.005,0.004083333333333334,0.008333333333333333,0.006666666666666667,0.005,0.01,0.03666666666666667,0.02666666666666667,0.04,0.05,0.04575,0.05,0.003535528596185396
eff_su2_r1_d6,1024,deconvolved_mean_lira,30,600.0,600.0,600.0,600.0,600.0,600.0,0.5313763888888889,0.5221973611111111,0.5469247222222222,0.06916666666666668,0.05483333333333338,0.09366666666666666,0.0025,0.0,0.006833333333333324,0.0,0.0,0.0,0.014166666666666668,0.006666666666666667,0.029249999999999995,0.01,0.005750000000000001,0.01,0.085,0.06725,0.09425,0.05,0.04666666666666667,0.05,0.7830502599653383
eff_su2_r1_d6,1024,naive_mean_lira,30,600.0,600.0,600.0,600.0,600.0,600.0,0.5002097222222222,0.49634930555555556,0.5053813888888888,0.04666666666666666,0.03983333333333333,0.05591666666666666,0.0033333333333333335,0.0,0.005,0.0,0.0,0.0,0.006666666666666667,0.005,0.01,0.008333333333333333,0.0024166666666666672,0.01,0.03666666666666667,0.027416666666666666,0.04258333333333333,0.05,0.04741666666666667,0.05,0.005233968804157709
eff_su2_r1_d6,1024,oracle_latent_lira,30,600.0,600.0,600.0,600.0,600.0,600.0,0.5400694444444445,0.5400694444444445,0.5400694444444445,0.07500000000000001,0.07500000000000001,0.07500000000000001,0.0033333333333333335,0.0033333333333333335,0.0033333333333333335,0.0,0.0,0.0,0.03333333333333333,0.03333333333333333,0.03333333333333333,0.008333333333333333,0.008333333333333333,0.008333333333333333,0.09333333333333334,0.09333333333333334,0.09333333333333334,0.05,0.05,0.05,1.0
eff_su2_r1_d6,128,channel_lira_matched,30,600.0,600.0,600.0,600.0,600.0,600.0,0.5336527777777778,0.5147856944444444,0.5507948611111111,0.07250000000000001,0.04483333333333334,0.10533333333333338,0.005,0.0,0.01,0.0,0.0,0.0,0.0275,0.0165,0.04183333333333333,0.01,0.007416666666666667,0.01,0.07833333333333334,0.06075,0.08758333333333333,0.04833333333333333,0.043166666666666666,0.05,0.8398613518197557
eff_su2_r1_d6,128,channel_lira_mismatched,30,600.0,600.0,600.0,600.0,600.0,600.0,0.5022805555555556,0.49360777777777776,0.5076280555555556,0.03833333333333334,0.02558333333333332,0.056833333333333354,0.0,0.0,0.0016666666666666668,0.0,0.0,0.0,0.0,0.0,0.0033333333333333335,0.0,0.0,0.009249999999999996,0.04,0.024833333333333336,0.049249999999999995,0.05,0.04575,0.05,0.0569150779896029
eff_su2_r1_d6,128,deconvolved_mean_lira,30,600.0,600.0,600.0,600.0,600.0,600.0,0.5222180555555556,0.4993225,0.5395384722222222,0.05833333333333332,0.026333333333333354,0.08591666666666667,0.0008333333333333334,0.0,0.005,0.0,0.0,0.0,0.008333333333333333,0.0033333333333333335,0.015916666666666662,0.008333333333333333,0.0033333333333333335,0.01,0.055,0.044083333333333335,0.08108333333333331,0.05,0.04666666666666667,0.05,0.5544887348353548
eff_su2_r1_d6,128,naive_mean_lira,30,600.0,600.0,600.0,600.0,600.0,600.0,0.5038125,0.4949686111111111,0.5116165277777778,0.04500000000000004,0.036666666666666674,0.060000000000000026,0.0016666666666666668,0.0,0.005,0.0,0.0,0.0,0.006666666666666667,0.005,0.01,0.006666666666666667,0.0016666666666666668,0.01,0.03833333333333333,0.027416666666666666,0.05016666666666666,0.05,0.04666666666666667,0.05,0.0951473136915076
eff_su2_r1_d6,128,oracle_latent_lira,30,600.0,600.0,600.0,600.0,600.0,600.0,0.5400694444444445,0.5400694444444445,0.5400694444444445,0.07500000000000001,0.07500000000000001,0.07500000000000001,0.0033333333333333335,0.0033333333333333335,0.0033333333333333335,0.0,0.0,0.0,0.03333333333333333,0.03333333333333333,0.03333333333333333,0.008333333333333333,0.008333333333333333,0.008333333333333333,0.09333333333333334,0.09333333333333334,0.09333333333333334,0.05,0.05,0.05,1.0
eff_su2_r1_d6,256,channel_lira_matched,30,600.0,600.0,600.0,600.0,600.0,600.0,0.5368541666666666,0.5236377777777778,0.5518069444444444,0.07333333333333328,0.052416666666666716,0.10183333333333329,0.0075,0.0,0.014249999999999995,0.0,0.0,0.0,0.028333333333333332,0.018166666666666668,0.040166666666666656,0.01,0.006666666666666667,0.01,0.07666666666666666,0.06633333333333334,0.0885,0.04833333333333333,0.044083333333333335,0.05,0.9197573656845734
eff_su2_r1_d6,256,channel_lira_mismatched,30,600.0,600.0,600.0,600.0,600.0,600.0,0.50025,0.49252944444444446,0.5068888888888888,0.04250000000000001,0.03241666666666668,0.05333333333333333,0.0,0.0,0.0,0.0,0.0,0.0,0.0016666666666666668,0.0,0.005,0.006666666666666667,0.0,0.01,0.03333333333333333,0.02391666666666667,0.043333333333333335,0.05,0.04666666666666667,0.05,0.00623916811091785
eff_su2_r1_d6,256,deconvolved_mean_lira,30,600.0,600.0,600.0,600.0,600.0,600.0,0.5245541666666667,0.5076294444444445,0.5403968055555555,0.060000000000000026,0.04058333333333333,0.08700000000000001,0.0016666666666666668,0.0,0.006833333333333324,0.0,0.0,0.0,0.009166666666666667,0.0033333333333333335,0.016833333333333325,0.008333333333333333,0.0024166666666666672,0.01,0.075,0.05241666666666667,0.08091666666666666,0.05,0.04666666666666667,0.05,0.612790294627382
eff_su2_r1_d6,256,naive_mean_lira,30,600.0,600.0,600.0,600.0,600.0,600.0,0.5002125,0.4924936111111111,0.5067623611111111,0.045,0.03333333333333334,0.05591666666666669,0.0016666666666666668,0.0,0.004249999999999995,0.0,0.0,0.0,0.006666666666666667,0.005,0.01,0.008333333333333333,0.0024166666666666672,0.01,0.03666666666666667,0.024833333333333336,0.04516666666666666,0.05,0.0465,0.05,0.00530329289427948
eff_su2_r1_d6,256,oracle_latent_lira,30,600.0,600.0,600.0,600.0,600.0,600.0,0.5400694444444445,0.5400694444444445,0.5400694444444445,0.07500000000000001,0.07500000000000001,0.07500000000000001,0.0033333333333333335,0.0033333333333333335,0.0033333333333333335,0.0,0.0,0.0,0.03333333333333333,0.03333333333333333,0.03333333333333333,0.008333333333333333,0.008333333333333333,0.008333333333333333,0.09333333333333334,0.09333333333333334,0.09333333333333334,0.05,0.05,0.05,1.0
eff_su2_r1_d6,32,channel_lira_matched,30,600.0,600.0,600.0,600.0,600.0,600.0,0.5276222222222222,0.5041973611111111,0.5430841666666666,0.06333333333333335,0.039083333333333296,0.09216666666666667,0.0016666666666666668,0.0,0.00849999999999999,0.0,0.0,0.0,0.02,0.012416666666666668,0.030916666666666662,0.01,0.006666666666666667,0.01,0.06583333333333333,0.051666666666666666,0.07425,0.04833333333333333,0.041666666666666664,0.05,0.6893587521663769
eff_su2_r1_d6,32,channel_lira_mismatched,30,600.0,600.0,600.0,600.0,600.0,600.0,0.4987194444444445,0.48441611111111116,0.5124559722222222,0.03250000000000003,0.013333333333333317,0.053833333333333316,0.0,0.0,0.0,0.0,0.0,0.0,0.005,0.0007500000000000003,0.01,0.008333333333333333,0.0,0.01,0.05416666666666667,0.04,0.06666666666666667,0.04833333333333333,0.044083333333333335,0.05,-0.03195840554592596
eff_su2_r1_d6,32,deconvolved_mean_lira,30,600.0,600.0,600.0,600.0,600.0,600.0,0.5140569444444445,0.48956194444444445,0.5362580555555555,0.04833333333333334,0.02133333333333334,0.08366666666666665,0.0,0.0,0.004249999999999995,0.0,0.0,0.0,0.013333333333333334,0.005,0.019249999999999996,0.008333333333333333,0.005750000000000001,0.01,0.050833333333333335,0.0315,0.07566666666666663,0.05,0.04741666666666667,0.05,0.35081455805892636
eff_su2_r1_d6,32,naive_mean_lira,30,600.0,600.0,600.0,600.0,600.0,600.0,0.5013194444444444,0.48693819444444447,0.5140856944444444,0.03666666666666668,0.02391666666666667,0.05591666666666665,0.0016666666666666668,0.0,0.005,0.0,0.0,0.0,0.005,0.0033333333333333335,0.008333333333333333,0.006666666666666667,0.0007500000000000003,0.01,0.041666666666666664,0.03241666666666667,0.05333333333333334,0.05,0.04741666666666667,0.05,0.03292894280762522
eff_su2_r1_d6,32,oracle_latent_lira,30,600.0,600.0,600.0,600.0,600.0,600.0,0.5400694444444445,0.5400694444444445,0.5400694444444445,0.07500000000000001,0.07500000000000001,0.07500000000000001,0.0033333333333333335,0.0033333333333333335,0.0033333333333333335,0.0,0.0,0.0,0.03333333333333333,0.03333333333333333,0.03333333333333333,0.008333333333333333,0.008333333333333333,0.008333333333333333,0.09333333333333334,0.09333333333333334,0.09333333333333334,0.05,0.05,0.05,1.0
eff_su2_r1_d6,512,channel_lira_matched,30,600.0,600.0,600.0,600.0,600.0,600.0,0.5407597222222222,0.53086625,0.5536370833333334,0.08250000000000002,0.06316666666666669,0.1085,0.008333333333333333,0.0,0.014249999999999995,0.0,0.0,0.0,0.03,0.023333333333333334,0.040166666666666656,0.01,0.007416666666666667,0.01,0.08166666666666667,0.07408333333333333,0.08833333333333333,0.05,0.043166666666666666,0.05,1.0172270363951466
eff_su2_r1_d6,512,channel_lira_mismatched,30,600.0,600.0,600.0,600.0,600.0,600.0,0.5003708333333333,0.49531125,0.5062516666666667,0.046666666666666676,0.04000000000000001,0.052583333333333336,0.0,0.0,0.000916666666666662,0.0,0.0,0.0,0.005,0.0016666666666666668,0.006666666666666667,0.008333333333333333,0.0016666666666666668,0.01,0.034166666666666665,0.0265,0.04258333333333333,0.05,0.04833333333333333,0.05,0.009254766031195504
eff_su2_r1_d6,512,deconvolved_mean_lira,30,600.0,600.0,600.0,600.0,600.0,600.0,0.5290555555555555,0.5167347222222223,0.549065,0.0675,0.05150000000000003,0.09425000000000004,0.0016666666666666668,0.0,0.005916666666666662,0.0,0.0,0.0,0.01,0.0033333333333333335,0.023499999999999993,0.01,0.0016666666666666668,0.01,0.075,0.05483333333333333,0.09,0.05,0.04666666666666667,0.05,0.7251299826689753
eff_su2_r1_d6,512,naive_mean_lira,30,600.0,600.0,600.0,600.0,600.0,600.0,0.5006513888888889,0.49528069444444445,0.5058524999999999,0.044999999999999984,0.03833333333333333,0.05258333333333333,0.0016666666666666668,0.0,0.005,0.0,0.0,0.0,0.006666666666666667,0.004083333333333334,0.01,0.008333333333333333,0.0024166666666666672,0.01,0.03666666666666667,0.028333333333333332,0.04591666666666666,0.049166666666666664,0.04666666666666667,0.05,0.016256499133450068
eff_su2_r1_d6,512,oracle_latent_lira,30,600.0,600.0,600.0,600.0,600.0,600.0,0.5400694444444445,0.5400694444444445,0.5400694444444445,0.07500000000000001,0.07500000000000001,0.07500000000000001,0.0033333333333333335,0.0033333333333333335,0.0033333333333333335,0.0,0.0,0.0,0.03333333333333333,0.03333333333333333,0.03333333333333333,0.008333333333333333,0.008333333333333333,0.008333333333333333,0.09333333333333334,0.09333333333333334,0.09333333333333334,0.05,0.05,0.05,1.0
eff_su2_r1_d6,64,channel_lira_matched,30,600.0,600.0,600.0,600.0,600.0,600.0,0.5283361111111111,0.5174226388888888,0.5472431944444445,0.06416666666666668,0.04741666666666668,0.1025833333333333,0.0033333333333333335,0.0,0.005916666666666662,0.0,0.0,0.0,0.02666666666666667,0.013333333333333334,0.03833333333333333,0.01,0.007416666666666667,0.01,0.07,0.055,0.08291666666666665,0.04833333333333333,0.043333333333333335,0.05,0.7071750433275557
eff_su2_r1_d6,64,channel_lira_mismatched,30,600.0,600.0,600.0,600.0,600.0,600.0,0.497575,0.4839229166666667,0.5090268055555556,0.030833333333333324,0.01908333333333333,0.057166666666666616,0.0,0.0,0.0,0.0,0.0,0.0,0.0,0.0,0.0033333333333333335,0.0,0.0,0.01,0.043333333333333335,0.03333333333333333,0.06274999999999999,0.04833333333333333,0.04575,0.05,-0.06051993067591007
eff_su2_r1_d6,64,deconvolved_mean_lira,30,600.0,600.0,600.0,600.0,600.0,600.0,0.5146819444444444,0.5023556944444445,0.5352945833333334,0.051666666666666666,0.0374166666666667,0.08291666666666661,0.0,0.0,0.004249999999999995,0.0,0.0,0.0,0.008333333333333333,0.004083333333333334,0.016666666666666666,0.008333333333333333,0.004083333333333334,0.01,0.05333333333333334,0.03816666666666667,0.07216666666666663,0.05,0.04575,0.05,0.3664124783362196
eff_su2_r1_d6,64,naive_mean_lira,30,600.0,600.0,600.0,600.0,600.0,600.0,0.5016541666666667,0.4923534722222222,0.5124584722222222,0.04416666666666669,0.023750000000000007,0.06366666666666664,0.0016666666666666668,0.0,0.005,0.0,0.0,0.0,0.006666666666666667,0.0033333333333333335,0.01,0.006666666666666667,0.0015000000000000007,0.01,0.03916666666666667,0.027416666666666666,0.04666666666666667,0.05,0.04575,0.05,0.041282495667246004
eff_su2_r1_d6,64,oracle_latent_lira,30,600.0,600.0,600.0,600.0,600.0,600.0,0.5400694444444445,0.5400694444444445,0.5400694444444445,0.07500000000000001,0.07500000000000001,0.07500000000000001,0.0033333333333333335,0.0033333333333333335,0.0033333333333333335,0.0,0.0,0.0,0.03333333333333333,0.03333333333333333,0.03333333333333333,0.008333333333333333,0.008333333333333333,0.008333333333333333,0.09333333333333334,0.09333333333333334,0.09333333333333334,0.05,0.05,0.05,1.0
eff_su2_r5_d2,1024,channel_lira_matched,30,600.0,600.0,600.0,600.0,600.0,600.0,0.5529805555555556,0.5461651388888888,0.5601915277777779,0.10333333333333333,0.09574999999999999,0.11000000000000004,0.0,0.0,0.0,0.0,0.0,0.0,0.0016666666666666668,0.0,0.0033333333333333335,0.01,0.0,0.01,0.060833333333333336,0.055,0.06924999999999999,0.04833333333333333,0.042416666666666665,0.05,1.099942329873126
eff_su2_r5_d2,1024,channel_lira_mismatched,30,600.0,600.0,600.0,600.0,600.0,600.0,0.5620861111111111,0.559024861111111,0.5646168055555555,0.09833333333333333,0.09075000000000005,0.10924999999999996,0.0,0.0,0.0,0.0,0.0,0.0,0.0,0.0,0.0,0.0,0.0,0.0,0.08416666666666667,0.07316666666666667,0.09183333333333332,0.05,0.04741666666666667,0.05,1.2889850057670111
eff_su2_r5_d2,1024,deconvolved_mean_lira,30,600.0,600.0,600.0,600.0,600.0,600.0,0.5514305555555555,0.5397666666666667,0.5598068055555556,0.10166666666666668,0.08741666666666668,0.11258333333333331,0.0,0.0,0.0,0.0,0.0,0.0,0.008333333333333333,0.0007500000000000003,0.015,0.008333333333333333,0.0015000000000000007,0.01,0.05,0.03075,0.06591666666666667,0.05,0.04741666666666667,0.05,1.067762399077277
eff_su2_r5_d2,1024,naive_mean_lira,30,600.0,600.0,600.0,600.0,600.0,600.0,0.5613097222222222,0.5582762500000001,0.5639056944444444,0.09666666666666668,0.08908333333333339,0.10666666666666666,0.0,0.0,0.0,0.0,0.0,0.0,0.0,0.0,0.0,0.0,0.0,0.0,0.08333333333333333,0.07300000000000001,0.08925,0.05,0.04666666666666667,0.05,1.2728662053056505
eff_su2_r5_d2,1024,oracle_latent_lira,30,600.0,600.0,600.0,600.0,600.0,600.0,0.5481666666666667,0.5481666666666667,0.5481666666666667,0.10333333333333339,0.10333333333333339,0.10333333333333339,0.0,0.0,0.0,0.0,0.0,0.0,0.0,0.0,0.0,0.0,0.0,0.0,0.051666666666666666,0.051666666666666666,0.051666666666666666,0.05,0.05,0.05,1.0
eff_su2_r5_d2,128,channel_lira_matched,30,600.0,600.0,600.0,600.0,600.0,600.0,0.5604194444444446,0.5527154166666667,0.573273888888889,0.1133333333333334,0.09741666666666669,0.13424999999999998,0.0,0.0,0.0,0.0,0.0,0.0,0.0016666666666666668,0.0,0.005,0.008333333333333333,0.0,0.01,0.06,0.052250000000000005,0.07166666666666667,0.05,0.04575,0.05,1.2543829296424474
eff_su2_r5_d2,128,channel_lira_mismatched,30,600.0,600.0,600.0,600.0,600.0,600.0,0.5651430555555556,0.5575315277777778,0.5729808333333333,0.10500000000000001,0.08650000000000006,0.12108333333333333,0.0,0.0,0.0,0.0,0.0,0.0,0.0,0.0,0.0016666666666666668,0.0,0.0,0.01,0.08583333333333334,0.07908333333333334,0.09591666666666666,0.05,0.04666666666666667,0.05,1.352450980392156
eff_su2_r5_d2,128,deconvolved_mean_lira,30,600.0,600.0,600.0,600.0,600.0,600.0,0.5521444444444444,0.5398405555555555,0.5654436111111111,0.10833333333333339,0.08833333333333337,0.12441666666666669,0.0,0.0,0.0016666666666666668,0.0,0.0,0.0,0.010833333333333334,0.0016666666666666668,0.020916666666666663,0.01,0.006666666666666667,0.01,0.0375,0.029083333333333333,0.04958333333333331,0.05,0.043333333333333335,0.05,1.082583621683967
eff_su2_r5_d2,128,naive_mean_lira,30,600.0,600.0,600.0,600.0,600.0,600.0,0.5600236111111111,0.5523751388888889,0.56743125,0.09583333333333338,0.07908333333333335,0.11516666666666671,0.0,0.0,0.0,0.0,0.0,0.0,0.0,0.0,0.0016666666666666668,0.0,0.0,0.01,0.08249999999999999,0.07150000000000001,0.09333333333333334,0.05,0.04741666666666667,0.05,1.2461649365628595
eff_su2_r5_d2,128,oracle_latent_lira,30,600.0,600.0,600.0,600.0,600.0,600.0,0.5481666666666667,0.5481666666666667,0.5481666666666667,0.10333333333333339,0.10333333333333339,0.10333333333333339,0.0,0.0,0.0,0.0,0.0,0.0,0.0,0.0,0.0,0.0,0.0,0.0,0.051666666666666666,0.051666666666666666,0.051666666666666666,0.05,0.05,0.05,1.0
eff_su2_r5_d2,256,channel_lira_matched,30,600.0,600.0,600.0,600.0,600.0,600.0,0.5599791666666667,0.5525598611111111,0.5690405555555555,0.1108333333333334,0.09558333333333338,0.12533333333333335,0.0,0.0,0.0,0.0,0.0,0.0,0.0,0.0,0.004249999999999995,0.0,0.0,0.01,0.06,0.05075,0.06758333333333333,0.049166666666666664,0.045,0.05,1.2452422145328719
eff_su2_r5_d2,256,channel_lira_mismatched,30,600.0,600.0,600.0,600.0,600.0,600.0,0.5632138888888889,0.5580576388888889,0.5681609722222223,0.10416666666666666,0.09333333333333338,0.1159166666666667,0.0,0.0,0.0,0.0,0.0,0.0,0.0,0.0,0.0,0.0,0.0,0.0,0.085,0.07575,0.095,0.04833333333333333,0.044083333333333335,0.05,1.3123990772779697
eff_su2_r5_d2,256,deconvolved_mean_lira,30,600.0,600.0,600.0,600.0,600.0,600.0,0.5539958333333334,0.5399759722222223,0.5627320833333334,0.11000000000000004,0.08983333333333329,0.12,0.0,0.0,0.0,0.0,0.0,0.0,0.006666666666666667,0.0016666666666666668,0.015,0.008333333333333333,0.005,0.01,0.03333333333333333,0.024083333333333335,0.058333333333333334,0.04833333333333333,0.043333333333333335,0.05,1.1210207612456746
eff_su2_r5_d2,256,naive_mean_lira,30,600.0,600.0,600.0,600.0,600.0,600.0,0.5603513888888889,0.5552295833333334,0.5655584722222222,0.09833333333333333,0.09000000000000002,0.11258333333333331,0.0,0.0,0.0,0.0,0.0,0.0,0.0,0.0,0.0,0.0,0.0,0.0,0.08,0.07,0.09016666666666666,0.05,0.04666666666666667,0.05,1.2529700115340252
eff_su2_r5_d2,256,oracle_latent_lira,30,600.0,600.0,600.0,600.0,600.0,600.0,0.5481666666666667,0.5481666666666667,0.5481666666666667,0.10333333333333339,0.10333333333333339,0.10333333333333339,0.0,0.0,0.0,0.0,0.0,0.0,0.0,0.0,0.0,0.0,0.0,0.0,0.051666666666666666,0.051666666666666666,0.051666666666666666,0.05,0.05,0.05,1.0
eff_su2_r5_d2,32,channel_lira_matched,30,600.0,600.0,600.0,600.0,600.0,600.0,0.5610569444444444,0.5405316666666667,0.5784543055555555,0.11083333333333334,0.09483333333333337,0.14366666666666666,0.0,0.0,0.0,0.0,0.0,0.0,0.006666666666666667,0.0016666666666666668,0.011666666666666667,0.01,0.008333333333333333,0.01,0.05333333333333334,0.04075,0.065,0.05,0.04575,0.05,1.2676182237600913
eff_su2_r5_d2,32,channel_lira_mismatched,30,600.0,600.0,600.0,600.0,600.0,600.0,0.5645958333333334,0.5510523611111111,0.5772240277777778,0.10499999999999998,0.08708333333333333,0.13349999999999998,0.0,0.0,0.0,0.0,0.0,0.0,0.0016666666666666668,0.0,0.005916666666666662,0.0075,0.0,0.01,0.07333333333333333,0.06241666666666667,0.08774999999999998,0.049166666666666664,0.04666666666666667,0.05,1.3410899653979247
eff_su2_r5_d2,32,deconvolved_mean_lira,30,600.0,600.0,600.0,600.0,600.0,600.0,0.5384708333333332,0.5212152777777778,0.5562733333333334,0.09166666666666673,0.07166666666666666,0.1168333333333333,0.0,0.0,0.002583333333333329,0.0,0.0,0.0,0.005833333333333334,0.0007500000000000003,0.02,0.008333333333333333,0.0,0.01,0.041666666666666664,0.029833333333333333,0.05258333333333333,0.04833333333333333,0.03983333333333333,0.05,0.7987024221453262
eff_su2_r5_d2,32,naive_mean_lira,30,600.0,600.0,600.0,600.0,600.0,600.0,0.5518277777777778,0.5430509722222222,0.5675368055555555,0.09000000000000002,0.07908333333333334,0.11424999999999996,0.0,0.0,0.0,0.0,0.0,0.0,0.0016666666666666668,0.0,0.005916666666666662,0.006666666666666666,0.0,0.01,0.07666666666666666,0.057416666666666664,0.09108333333333332,0.05,0.04833333333333333,0.05,1.0760092272203
eff_su2_r5_d2,32,oracle_latent_lira,30,600.0,600.0,600.0,600.0,600.0,600.0,0.5481666666666667,0.5481666666666667,0.5481666666666667,0.10333333333333339,0.10333333333333339,0.10333333333333339,0.0,0.0,0.0,0.0,0.0,0.0,0.0,0.0,0.0,0.0,0.0,0.0,0.051666666666666666,0.051666666666666666,0.051666666666666666,0.05,0.05,0.05,1.0
eff_su2_r5_d2,512,channel_lira_matched,30,600.0,600.0,600.0,600.0,600.0,600.0,0.5557916666666667,0.5489634722222223,0.5602922222222222,0.10833333333333339,0.09166666666666667,0.1166666666666667,0.0,0.0,0.0,0.0,0.0,0.0,0.0,0.0,0.0033333333333333335,0.0,0.0,0.01,0.06166666666666667,0.05408333333333334,0.07,0.04666666666666667,0.042416666666666665,0.05,1.158304498269896
eff_su2_r5_d2,512,channel_lira_mismatched,30,600.0,600.0,600.0,600.0,600.0,600.0,0.562175,0.5577113888888889,0.5667322222222222,0.09916666666666665,0.08816666666666666,0.1101666666666667,0.0,0.0,0.0,0.0,0.0,0.0,0.0,0.0,0.0,0.0,0.0,0.0,0.08666666666666667,0.07575,0.09666666666666666,0.05,0.04833333333333333,0.05,1.2908304498269885
eff_su2_r5_d2,512,deconvolved_mean_lira,30,600.0,600.0,600.0,600.0,600.0,600.0,0.5483944444444444,0.5370244444444444,0.5614840277777777,0.10333333333333339,0.08391666666666667,0.11591666666666667,0.0,0.0,0.0,0.0,0.0,0.0,0.008333333333333333,0.0024166666666666672,0.01258333333333333,0.01,0.005750000000000001,0.01,0.03916666666666667,0.025,0.06,0.05,0.04575,0.05,1.0047289504036896
eff_su2_r5_d2,512,naive_mean_lira,30,600.0,600.0,600.0,600.0,600.0,600.0,0.5607319444444445,0.556186111111111,0.5653023611111111,0.09583333333333338,0.08816666666666666,0.11091666666666669,0.0,0.0,0.0,0.0,0.0,0.0,0.0,0.0,0.0,0.0,0.0,0.0,0.085,0.07241666666666667,0.09333333333333334,0.05,0.04666666666666667,0.05,1.2608708189158024
eff_su2_r5_d2,512,oracle_latent_lira,30,600.0,600.0,600.0,600.0,600.0,600.0,0.5481666666666667,0.5481666666666667,0.5481666666666667,0.10333333333333339,0.10333333333333339,0.10333333333333339,0.0,0.0,0.0,0.0,0.0,0.0,0.0,0.0,0.0,0.0,0.0,0.0,0.051666666666666666,0.051666666666666666,0.051666666666666666,0.05,0.05,0.05,1.0
eff_su2_r5_d2,64,channel_lira_matched,30,600.0,600.0,600.0,600.0,600.0,600.0,0.5638847222222222,0.5414093055555556,0.5742386111111111,0.11499999999999999,0.09799999999999999,0.13333333333333333,0.0,0.0,0.0,0.0,0.0,0.0,0.0033333333333333335,0.0,0.010916666666666663,0.01,0.0,0.01,0.057499999999999996,0.045,0.06699999999999999,0.04833333333333333,0.0415,0.05,1.3263264129181072
eff_su2_r5_d2,64,channel_lira_mismatched,30,600.0,600.0,600.0,600.0,600.0,600.0,0.5661694444444445,0.5576863888888888,0.5757179166666667,0.10999999999999999,0.09316666666666666,0.12833333333333333,0.0,0.0,0.0,0.0,0.0,0.0,0.0,0.0,0.0016666666666666668,0.0,0.0,0.01,0.07833333333333334,0.06575,0.09183333333333332,0.05,0.04575,0.05,1.3737600922722035
eff_su2_r5_d2,64,deconvolved_mean_lira,30,600.0,600.0,600.0,600.0,600.0,600.0,0.5436041666666667,0.5145437500000001,0.5599429166666666,0.09833333333333338,0.060250000000000026,0.12774999999999997,0.0,0.0,0.0033333333333333335,0.0,0.0,0.0,0.009166666666666667,0.0016666666666666668,0.024416666666666653,0.008333333333333333,0.0,0.01,0.0375,0.03,0.056666666666666664,0.04833333333333333,0.04,0.05,0.9052768166089961
eff_su2_r5_d2,64,naive_mean_lira,30,600.0,600.0,600.0,600.0,600.0,600.0,0.5575972222222223,0.5489704166666667,0.5680525,0.09833333333333333,0.08333333333333337,0.11091666666666672,0.0,0.0,0.0,0.0,0.0,0.0,0.0,0.0,0.0033333333333333335,0.0,0.0,0.01,0.07666666666666666,0.06908333333333333,0.09091666666666666,0.05,0.04575,0.05,1.1957900807381787
eff_su2_r5_d2,64,oracle_latent_lira,30,600.0,600.0,600.0,600.0,600.0,600.0,0.5481666666666667,0.5481666666666667,0.5481666666666667,0.10333333333333339,0.10333333333333339,0.10333333333333339,0.0,0.0,0.0,0.0,0.0,0.0,0.0,0.0,0.0,0.0,0.0,0.0,0.051666666666666666,0.051666666666666666,0.051666666666666666,0.05,0.05,0.05,1.0
eff_su2_r5_d6,1024,channel_lira_matched,30,600.0,600.0,600.0,600.0,600.0,600.0,0.6171277777777778,0.6110169444444444,0.6253559722222223,0.20166666666666666,0.18816666666666668,0.21441666666666664,0.005,0.0033333333333333335,0.005,0.0,0.0,0.0,0.02,0.01575,0.025916666666666664,0.01,0.008333333333333333,0.01,0.0675,0.05725,0.075,0.049166666666666664,0.04575,0.05,1.0022342650694052
eff_su2_r5_d6,1024,channel_lira_mismatched,30,600.0,600.0,600.0,600.0,600.0,600.0,0.6157513888888889,0.6132997222222222,0.6176894444444444,0.20416666666666666,0.19575000000000004,0.21516666666666667,0.0033333333333333335,0.0033333333333333335,0.005,0.0,0.0,0.0,0.035,0.03,0.041666666666666664,0.01,0.008333333333333333,0.01,0.08,0.07408333333333333,0.08591666666666667,0.05,0.04666666666666667,0.05,0.9904568359003615
eff_su2_r5_d6,1024,deconvolved_mean_lira,30,600.0,600.0,600.0,600.0,600.0,600.0,0.6037833333333333,0.5933322222222223,0.612878888888889,0.18416666666666665,0.16408333333333336,0.20275000000000004,0.0033333333333333335,0.0,0.005,0.0,0.0,0.0,0.01,0.005,0.015,0.006666666666666667,0.0033333333333333335,0.01,0.057499999999999996,0.0465,0.07091666666666667,0.05,0.04666666666666667,0.05,0.8880490587564176
eff_su2_r5_d6,1024,naive_mean_lira,30,600.0,600.0,600.0,600.0,600.0,600.0,0.6149125,0.6124759722222223,0.6169577777777778,0.20166666666666672,0.19574999999999998,0.21091666666666667,0.0033333333333333335,0.0033333333333333335,0.005,0.0,0.0,0.0,0.03333333333333333,0.03,0.041666666666666664,0.01,0.008333333333333333,0.01,0.07833333333333334,0.07333333333333333,0.085,0.05,0.04666666666666667,0.05,0.9832786651454646
eff_su2_r5_d6,1024,oracle_latent_lira,30,600.0,600.0,600.0,600.0,600.0,600.0,0.6168666666666667,0.6168666666666667,0.6168666666666667,0.19500000000000006,0.19500000000000006,0.19500000000000006,0.005,0.005,0.005,0.0,0.0,0.0,0.021666666666666667,0.021666666666666667,0.021666666666666667,0.01,0.01,0.01,0.06833333333333333,0.06833333333333333,0.06833333333333333,0.05,0.05,0.05,1.0
eff_su2_r5_d6,128,channel_lira_matched,30,600.0,600.0,600.0,600.0,600.0,600.0,0.6220611111111111,0.6159722222222221,0.6314887499999999,0.20250000000000007,0.18908333333333338,0.22333333333333333,0.005,0.0033333333333333335,0.006666666666666667,0.0,0.0,0.0,0.028333333333333332,0.019083333333333334,0.03758333333333333,0.01,0.008333333333333333,0.01,0.08249999999999999,0.07,0.09166666666666666,0.05,0.044083333333333335,0.05,1.0444476136147551
eff_su2_r5_d6,128,channel_lira_mismatched,30,600.0,600.0,600.0,600.0,600.0,600.0,0.6180069444444445,0.6116059722222222,0.624936111111111,0.20583333333333328,0.1874166666666667,0.22291666666666668,0.0033333333333333335,0.0016666666666666668,0.006666666666666667,0.0,0.0,0.0,0.035,0.02666666666666667,0.046833333333333324,0.01,0.008333333333333333,0.01,0.08333333333333333,0.07,0.08925,0.04833333333333333,0.045,0.05,1.009757083095646
eff_su2_r5_d6,128,deconvolved_mean_lira,30,600.0,600.0,600.0,600.0,600.0,600.0,0.5896958333333333,0.5780904166666667,0.6012547222222222,0.17,0.15333333333333332,0.19550000000000003,0.005,0.0016666666666666668,0.009249999999999996,0.0,0.0,0.0,0.01,0.0048333333333333344,0.019249999999999996,0.008333333333333333,0.002250000000000001,0.01,0.04666666666666667,0.03741666666666667,0.06716666666666664,0.05,0.04666666666666667,0.05,0.7675057045065599
eff_su2_r5_d6,128,naive_mean_lira,30,600.0,600.0,600.0,600.0,600.0,600.0,0.613863888888889,0.60677375,0.6198866666666667,0.19833333333333336,0.1831666666666667,0.21441666666666667,0.0033333333333333335,0.0016666666666666668,0.006666666666666667,0.0,0.0,0.0,0.03166666666666667,0.02666666666666667,0.03849999999999999,0.01,0.0048333333333333344,0.01,0.075,0.06666666666666667,0.08774999999999998,0.05,0.045,0.05,0.9743059517018452
eff_su2_r5_d6,128,oracle_latent_lira,30,600.0,600.0,600.0,600.0,600.0,600.0,0.6168666666666667,0.6168666666666667,0.6168666666666667,0.19500000000000006,0.19500000000000006,0.19500000000000006,0.005,0.005,0.005,0.0,0.0,0.0,0.021666666666666667,0.021666666666666667,0.021666666666666667,0.01,0.01,0.01,0.06833333333333333,0.06833333333333333,0.06833333333333333,0.05,0.05,0.05,1.0
eff_su2_r5_d6,256,channel_lira_matched,30,600.0,600.0,600.0,600.0,600.0,600.0,0.6202222222222222,0.6132980555555556,0.6271013888888889,0.20083333333333336,0.18908333333333327,0.21333333333333337,0.005,0.004083333333333334,0.005,0.0,0.0,0.0,0.023333333333333334,0.016666666666666666,0.035,0.01,0.008333333333333333,0.01,0.075,0.065,0.08666666666666667,0.05,0.04575,0.05,1.0287126830195854
eff_su2_r5_d6,256,channel_lira_mismatched,30,600.0,600.0,600.0,600.0,600.0,600.0,0.6174555555555556,0.6124655555555555,0.6209940277777778,0.20499999999999996,0.19316666666666668,0.21683333333333332,0.0033333333333333335,0.0016666666666666668,0.005,0.0,0.0,0.0,0.03333333333333333,0.028333333333333332,0.04349999999999999,0.01,0.008333333333333333,0.01,0.07833333333333334,0.07166666666666667,0.08925,0.049166666666666664,0.043333333333333335,0.05,1.0050389807948286
eff_su2_r5_d6,256,deconvolved_mean_lira,30,600.0,600.0,600.0,600.0,600.0,600.0,0.5938083333333333,0.5819720833333334,0.6074061111111111,0.17666666666666675,0.15241666666666676,0.19258333333333338,0.005833333333333334,0.0033333333333333335,0.01,0.0,0.0,0.0,0.01,0.006666666666666667,0.019249999999999996,0.008333333333333333,0.0,0.01,0.049166666666666664,0.03666666666666667,0.07183333333333333,0.049166666666666664,0.044083333333333335,0.05,0.8026953793496857
eff_su2_r5_d6,256,naive_mean_lira,30,600.0,600.0,600.0,600.0,600.0,600.0,0.6143277777777778,0.6096330555555556,0.6181347222222222,0.20166666666666663,0.18908333333333333,0.20925,0.0033333333333333335,0.0016666666666666668,0.005,0.0,0.0,0.0,0.03166666666666667,0.027416666666666666,0.04033333333333332,0.01,0.008333333333333333,0.01,0.07583333333333334,0.07075000000000001,0.08666666666666667,0.049166666666666664,0.045,0.05,0.9782753375166383
eff_su2_r5_d6,256,oracle_latent_lira,30,600.0,600.0,600.0,600.0,600.0,600.0,0.6168666666666667,0.6168666666666667,0.6168666666666667,0.19500000000000006,0.19500000000000006,0.19500000000000006,0.005,0.005,0.005,0.0,0.0,0.0,0.021666666666666667,0.021666666666666667,0.021666666666666667,0.01,0.01,0.01,0.06833333333333333,0.06833333333333333,0.06833333333333333,0.05,0.05,0.05,1.0
eff_su2_r5_d6,32,channel_lira_matched,30,600.0,600.0,600.0,600.0,600.0,600.0,0.6180736111111111,0.6058894444444444,0.6333583333333334,0.1916666666666667,0.16816666666666671,0.21016666666666667,0.005,0.0016666666666666668,0.010916666666666663,0.0,0.0,0.0,0.0325,0.025,0.04258333333333333,0.01,0.005750000000000001,0.01,0.09916666666666667,0.0815,0.11516666666666665,0.049166666666666664,0.03983333333333333,0.05,1.010327533751664
eff_su2_r5_d6,32,channel_lira_mismatched,30,600.0,600.0,600.0,600.0,600.0,600.0,0.6157305555555556,0.6045874999999999,0.6252779166666667,0.1925,0.17633333333333337,0.21425000000000002,0.0033333333333333335,0.0007500000000000003,0.010916666666666663,0.0,0.0,0.0,0.03333333333333333,0.025750000000000002,0.04833333333333333,0.01,0.008333333333333333,0.01,0.08666666666666667,0.07333333333333333,0.10274999999999998,0.05,0.04666666666666667,0.05,0.9902785700703556
eff_su2_r5_d6,32,deconvolved_mean_lira,30,600.0,600.0,600.0,600.0,600.0,600.0,0.5758375,0.5525288888888888,0.5872298611111111,0.15666666666666673,0.12725,0.17925000000000002,0.005,0.0016666666666666668,0.010916666666666663,0.0,0.0,0.0,0.01,0.005750000000000001,0.015916666666666662,0.008333333333333333,0.0015000000000000007,0.01,0.042499999999999996,0.03166666666666667,0.060333333333333315,0.04833333333333333,0.042416666666666665,0.05,0.6489232743867656
eff_su2_r5_d6,32,naive_mean_lira,30,600.0,600.0,600.0,600.0,600.0,600.0,0.6052361111111111,0.5968455555555556,0.6144466666666667,0.18000000000000005,0.16575000000000004,0.197,0.0033333333333333335,0.0,0.009249999999999996,0.0,0.0,0.0,0.02666666666666667,0.019083333333333334,0.03833333333333333,0.01,0.007416666666666667,0.01,0.07333333333333333,0.06575,0.08458333333333332,0.049166666666666664,0.04575,0.05,0.9004801293021484
eff_su2_r5_d6,32,oracle_latent_lira,30,600.0,600.0,600.0,600.0,600.0,600.0,0.6168666666666667,0.6168666666666667,0.6168666666666667,0.19500000000000006,0.19500000000000006,0.19500000000000006,0.005,0.005,0.005,0.0,0.0,0.0,0.021666666666666667,0.021666666666666667,0.021666666666666667,0.01,0.01,0.01,0.06833333333333333,0.06833333333333333,0.06833333333333333,0.05,0.05,0.05,1.0
eff_su2_r5_d6,512,channel_lira_matched,30,600.0,600.0,600.0,600.0,600.0,600.0,0.6221111111111111,0.6088579166666667,0.6303311111111112,0.2008333333333333,0.19166666666666665,0.21500000000000002,0.005,0.0033333333333333335,0.005,0.0,0.0,0.0,0.023333333333333334,0.014083333333333333,0.030166666666666658,0.01,0.008333333333333333,0.01,0.07083333333333333,0.06,0.07758333333333332,0.049166666666666664,0.043333333333333335,0.05,1.0448754516067689
eff_su2_r5_d6,512,channel_lira_mismatched,30,600.0,600.0,600.0,600.0,600.0,600.0,0.6160708333333333,0.6136473611111112,0.6191251388888889,0.20500000000000002,0.19333333333333336,0.21924999999999997,0.0033333333333333335,0.0016666666666666668,0.005,0.0,0.0,0.0,0.035,0.03,0.043333333333333335,0.01,0.008333333333333333,0.01,0.07833333333333334,0.075,0.08666666666666667,0.049166666666666664,0.044833333333333336,0.05,0.9931902452937821
eff_su2_r5_d6,512,deconvolved_mean_lira,30,600.0,600.0,600.0,600.0,600.0,600.0,0.5971930555555556,0.5818756944444445,0.6111123611111111,0.18416666666666665,0.1525,0.20425000000000001,0.0033333333333333335,0.0016666666666666668,0.008333333333333333,0.0,0.0,0.0,0.01,0.0033333333333333335,0.015916666666666662,0.008333333333333333,0.0007500000000000003,0.01,0.052500000000000005,0.03816666666666667,0.06683333333333333,0.05,0.04666666666666667,0.05,0.8316576345312798
eff_su2_r5_d6,512,naive_mean_lira,30,600.0,600.0,600.0,600.0,600.0,600.0,0.6146527777777777,0.6120715277777778,0.6174265277777777,0.20083333333333336,0.18908333333333335,0.21591666666666665,0.0033333333333333335,0.0016666666666666668,0.005,0.0,0.0,0.0,0.03333333333333333,0.03,0.040166666666666656,0.01,0.008333333333333333,0.01,0.07833333333333334,0.07241666666666667,0.08591666666666667,0.05,0.045,0.05,0.9810562844647265
eff_su2_r5_d6,512,oracle_latent_lira,30,600.0,600.0,600.0,600.0,600.0,600.0,0.6168666666666667,0.6168666666666667,0.6168666666666667,0.19500000000000006,0.19500000000000006,0.19500000000000006,0.005,0.005,0.005,0.0,0.0,0.0,0.021666666666666667,0.021666666666666667,0.021666666666666667,0.01,0.01,0.01,0.06833333333333333,0.06833333333333333,0.06833333333333333,0.05,0.05,0.05,1.0
eff_su2_r5_d6,64,channel_lira_matched,30,600.0,600.0,600.0,600.0,600.0,600.0,0.6244930555555556,0.6106101388888889,0.6400458333333333,0.20166666666666666,0.18466666666666673,0.22141666666666657,0.005,0.0016666666666666668,0.008333333333333333,0.0,0.0,0.0,0.029166666666666667,0.02,0.03758333333333333,0.01,0.008333333333333333,0.01,0.08583333333333334,0.07558333333333334,0.10441666666666666,0.05,0.045,0.05,1.065257178170755
eff_su2_r5_d6,64,channel_lira_mismatched,30,600.0,600.0,600.0,600.0,600.0,600.0,0.6183416666666666,0.6085286111111111,0.6302204166666666,0.20249999999999999,0.1724166666666667,0.22833333333333336,0.005,0.0016666666666666668,0.008333333333333333,0.0,0.0,0.0,0.035833333333333335,0.025,0.045,0.01,0.007416666666666667,0.01,0.085,0.07408333333333333,0.10183333333333333,0.04833333333333333,0.045,0.05,1.012621220764403
eff_su2_r5_d6,64,deconvolved_mean_lira,30,600.0,600.0,600.0,600.0,600.0,600.0,0.57765,0.5623173611111111,0.6087797222222222,0.16416666666666668,0.1355833333333333,0.20591666666666666,0.008333333333333333,0.004083333333333334,0.011666666666666667,0.0,0.0,0.0,0.011666666666666667,0.005,0.015,0.006666666666666667,0.0,0.01,0.04,0.025750000000000002,0.06516666666666666,0.04833333333333333,0.042416666666666665,0.05,0.6644324015972618
eff_su2_r5_d6,64,naive_mean_lira,30,600.0,600.0,600.0,600.0,600.0,600.0,0.6116763888888889,0.6017934722222221,0.6218129166666667,0.18833333333333338,0.17816666666666672,0.21200000000000002,0.005,0.0,0.008333333333333333,0.0,0.0,0.0,0.03,0.02316666666666667,0.03941666666666665,0.01,0.007416666666666667,0.01,0.07833333333333334,0.06666666666666667,0.09091666666666666,0.05,0.045,0.05,0.9555880395512453
eff_su2_r5_d6,64,oracle_latent_lira,30,600.0,600.0,600.0,600.0,600.0,600.0,0.6168666666666667,0.6168666666666667,0.6168666666666667,0.19500000000000006,0.19500000000000006,0.19500000000000006,0.005,0.005,0.005,0.0,0.0,0.0,0.021666666666666667,0.021666666666666667,0.021666666666666667,0.01,0.01,0.01,0.06833333333333333,0.06833333333333333,0.06833333333333333,0.05,0.05,0.05,1.0
overall,1024,channel_lira_matched,30,7200.0,7200.0,7200.0,7200.0,7200.0,7200.0,0.6052529417438273,0.6036758265817901,0.6063554060570988,0.15055555555555555,0.14720833333333336,0.1539027777777778,0.004027777777777778,0.0033333333333333335,0.005,0.0009722222222222222,0.0008333333333333334,0.0009722222222222222,0.025694444444444443,0.023381944444444445,0.02828472222222222,0.01,0.009722222222222222,0.01,0.09131944444444445,0.08972222222222222,0.09413194444444443,0.05,0.04958333333333333,0.05,1.0236720932313763
overall,1024,channel_lira_mismatched,30,7200.0,7200.0,7200.0,7200.0,7200.0,7200.0,0.5790230227623456,0.578482254050926,0.5797963628472222,0.12236111111111114,0.11870833333333342,0.12447222222222225,0.0008333333333333334,0.0006180555555555556,0.0009722222222222222,0.0009027777777777777,0.0005555555555555556,0.0009722222222222222,0.010416666666666666,0.009368055555555555,0.01126388888888889,0.01,0.009722222222222222,0.01,0.07402777777777778,0.07236111111111111,0.07597222222222222,0.04993055555555556,0.049368055555555554,0.05,0.7685643914968789
overall,1024,deconvolved_mean_lira,30,7200.0,7200.0,7200.0,7200.0,7200.0,7200.0,0.5968348668981482,0.5944098022762345,0.5988739834104938,0.1454166666666667,0.14075694444444448,0.1489027777777778,0.00125,0.0004791666666666667,0.002020833333333333,0.0009722222222222222,0.0005555555555555556,0.0009722222222222222,0.009930555555555555,0.007611111111111111,0.011833333333333331,0.00986111111111111,0.009368055555555555,0.01,0.07909722222222222,0.07554166666666667,0.08268055555555555,0.05,0.04958333333333333,0.05,0.9417993383659758
overall,1024,naive_mean_lira,30,7200.0,7200.0,7200.0,7200.0,7200.0,7200.0,0.5785779899691358,0.5780230034722222,0.5793442573302469,0.12194444444444452,0.1190347222222222,0.12375000000000003,0.0008333333333333334,0.0006944444444444445,0.0009722222222222222,0.0008333333333333334,0.0004791666666666667,0.0009722222222222222,0.010138888888888888,0.008937500000000001,0.011125,0.01,0.00986111111111111,0.01,0.073125,0.07172916666666666,0.07486111111111111,0.05,0.049645833333333333,0.05,0.764236078734937
overall,1024,oracle_latent_lira,30,7200.0,7200.0,7200.0,7200.0,7200.0,7200.0,0.6028190007716049,0.6028190007716049,0.6028190007716049,0.14902777777777776,0.14902777777777776,0.14902777777777776,0.0030555555555555557,0.0030555555555555557,0.0030555555555555557,0.0009722222222222222,0.0009722222222222222,0.0009722222222222222,0.020833333333333332,0.020833333333333332,0.020833333333333332,0.00986111111111111,0.00986111111111111,0.00986111111111111,0.085,0.085,0.085,0.049305555555555554,0.049305555555555554,0.049305555555555554,1.0
overall,128,channel_lira_matched,30,7200.0,7200.0,7200.0,7200.0,7200.0,7200.0,0.6054442226080248,0.6024597627314815,0.607545122492284,0.1473611111111111,0.14239583333333333,0.1522430555555556,0.00375,0.0031180555555555558,0.004861111111111111,0.0009722222222222222,0.0008333333333333334,0.0009722222222222222,0.02847222222222222,0.025694444444444443,0.03180555555555555,0.01,0.009784722222222222,0.01,0.09868055555555555,0.0948611111111111,0.10456249999999999,0.05,0.049444444444444444,0.05,1.0255324581713392
overall,128,channel_lira_mismatched,30,7200.0,7200.0,7200.0,7200.0,7200.0,7200.0,0.5802301697530865,0.5785204668209877,0.582676534529321,0.12118055555555557,0.11599305555555554,0.12779166666666666,0.0008333333333333334,0.0005555555555555556,0.0015277777777777779,0.0008333333333333334,0.0005555555555555556,0.0009722222222222222,0.011805555555555555,0.010694444444444444,0.01361111111111111,0.01,0.009645833333333333,0.01,0.07333333333333333,0.07075694444444444,0.07738888888888888,0.04986111111111111,0.049354166666666664,0.05,0.7803048964782718
overall,128,deconvolved_mean_lira,30,7200.0,7200.0,7200.0,7200.0,7200.0,7200.0,0.5861572916666666,0.5835385088734568,0.5907638956404321,0.13618055555555558,0.12950694444444444,0.14106250000000006,0.0008333333333333333,0.00020138888888888892,0.002020833333333333,0.0008333333333333334,0.0004791666666666667,0.0009722222222222222,0.009652777777777777,0.007597222222222222,0.01138888888888889,0.00986111111111111,0.009090277777777777,0.01,0.06798611111111111,0.06220833333333333,0.07436111111111111,0.05,0.049645833333333333,0.05,0.83795106955037
overall,128,naive_mean_lira,30,7200.0,7200.0,7200.0,7200.0,7200.0,7200.0,0.5772904899691358,0.575582973572531,0.5799842901234568,0.12041666666666673,0.11508333333333334,0.12601388888888887,0.0008333333333333334,0.0006944444444444445,0.0011111111111111111,0.0008333333333333334,0.0004791666666666667,0.0009722222222222222,0.010138888888888888,0.00875,0.010909722222222222,0.01,0.009722222222222222,0.01,0.07138888888888889,0.0689236111111111,0.0748125,0.05,0.049645833333333333,0.05,0.751714074141059
overall,128,oracle_latent_lira,30,7200.0,7200.0,7200.0,7200.0,7200.0,7200.0,0.6028190007716049,0.6028190007716049,0.6028190007716049,0.14902777777777776,0.14902777777777776,0.14902777777777776,0.0030555555555555557,0.0030555555555555557,0.0030555555555555557,0.0009722222222222222,0.0009722222222222222,0.0009722222222222222,0.020833333333333332,0.020833333333333332,0.020833333333333332,0.00986111111111111,0.00986111111111111,0.00986111111111111,0.085,0.085,0.085,0.049305555555555554,0.049305555555555554,0.049305555555555554,1.0
overall,256,channel_lira_matched,30,7200.0,7200.0,7200.0,7200.0,7200.0,7200.0,0.6051674479166667,0.6027865017361111,0.6085075231481483,0.14916666666666667,0.1461736111111111,0.15390277777777775,0.0038888888888888888,0.0031180555555555558,0.004874999999999999,0.0009722222222222222,0.0007569444444444445,0.0009722222222222222,0.02784722222222222,0.025479166666666667,0.02999305555555555,0.01,0.009784722222222222,0.01,0.096875,0.09233333333333334,0.10055555555555555,0.05,0.04972222222222222,0.05,1.0228405949040338
overall,256,channel_lira_mismatched,30,7200.0,7200.0,7200.0,7200.0,7200.0,7200.0,0.5794472993827161,0.5782378481867284,0.5809113030478396,0.12222222222222223,0.11854166666666667,0.12640277777777784,0.0006944444444444445,0.0004166666666666667,0.0009722222222222222,0.0008333333333333334,0.0004166666666666667,0.0009722222222222222,0.011041666666666667,0.009694444444444445,0.012652777777777778,0.01,0.009722222222222222,0.01,0.07375,0.07074305555555556,0.07646527777777778,0.04993055555555556,0.049506944444444444,0.05,0.7726908332750181
overall,256,deconvolved_mean_lira,30,7200.0,7200.0,7200.0,7200.0,7200.0,7200.0,0.5917709394290123,0.5876077883873456,0.5956028211805555,0.1424305555555555,0.1372083333333333,0.14715972222222223,0.0007638888888888889,0.0002777777777777778,0.0017430555555555552,0.0007638888888888889,0.0002777777777777778,0.0009722222222222222,0.009791666666666667,0.008194444444444445,0.010972222222222222,0.009930555555555555,0.009583333333333333,0.01,0.07263888888888889,0.06886111111111111,0.07795138888888888,0.05,0.04972222222222222,0.05,0.8925484466909571
overall,256,naive_mean_lira,30,7200.0,7200.0,7200.0,7200.0,7200.0,7200.0,0.5776559606481482,0.5763669415509259,0.5792214650848765,0.12111111111111111,0.11748611111111115,0.1250138888888889,0.0009027777777777777,0.0006944444444444445,0.0011111111111111111,0.0008333333333333334,0.0005555555555555556,0.0009722222222222222,0.009652777777777777,0.008534722222222223,0.010909722222222222,0.01,0.00986111111111111,0.01,0.07263888888888889,0.06992361111111112,0.0748125,0.04986111111111111,0.04958333333333333,0.05,0.7552685794004925
overall,256,oracle_latent_lira,30,7200.0,7200.0,7200.0,7200.0,7200.0,7200.0,0.6028190007716049,0.6028190007716049,0.6028190007716049,0.14902777777777776,0.14902777777777776,0.14902777777777776,0.0030555555555555557,0.0030555555555555557,0.0030555555555555557,0.0009722222222222222,0.0009722222222222222,0.0009722222222222222,0.020833333333333332,0.020833333333333332,0.020833333333333332,0.00986111111111111,0.00986111111111111,0.00986111111111111,0.085,0.085,0.085,0.049305555555555554,0.049305555555555554,0.049305555555555554,1.0
overall,32,channel_lira_matched,30,7200.0,7200.0,7200.0,7200.0,7200.0,7200.0,0.599503694058642,0.5939236140046297,0.6035997328317901,0.1332638888888889,0.12636111111111112,0.14284722222222218,0.003958333333333333,0.003041666666666667,0.005368055555555555,0.0009722222222222222,0.0006805555555555557,0.0009722222222222222,0.028541666666666667,0.027083333333333334,0.03140277777777778,0.01,0.009722222222222222,0.01,0.10229166666666667,0.09711805555555555,0.10871527777777777,0.04986111111111111,0.049506944444444444,0.05,0.9677558944544962
overall,32,channel_lira_mismatched,30,7200.0,7200.0,7200.0,7200.0,7200.0,7200.0,0.5799378665123457,0.576007405478395,0.5825010127314815,0.11527777777777776,0.1098333333333333,0.12082638888888889,0.0025,0.0017291666666666666,0.003284722222222221,0.0009722222222222222,0.0006944444444444445,0.0009722222222222222,0.018680555555555554,0.01625,0.021201388888888888,0.01,0.009708333333333333,0.01,0.07673611111111112,0.07020138888888888,0.08299305555555556,0.04986111111111111,0.049506944444444444,0.05,0.7774620051979907
overall,32,deconvolved_mean_lira,30,7200.0,7200.0,7200.0,7200.0,7200.0,7200.0,0.571736361882716,0.5655679591049383,0.5771995939429013,0.1199305555555556,0.11207638888888893,0.12681944444444446,0.0011111111111111111,0.0004166666666666667,0.0017430555555555552,0.0009722222222222222,0.00020138888888888892,0.0009722222222222222,0.009444444444444445,0.006965277777777778,0.012451388888888889,0.00986111111111111,0.009305555555555555,0.01,0.05631944444444445,0.050555555555555555,0.06295138888888888,0.04986111111111111,0.049506944444444444,0.05,0.6976955751794
overall,32,naive_mean_lira,30,7200.0,7200.0,7200.0,7200.0,7200.0,7200.0,0.5725371913580246,0.5684677787422839,0.5754056288580247,0.11284722222222227,0.10776388888888892,0.11868750000000002,0.0008333333333333334,0.00034027777777777783,0.0010486111111111106,0.0008333333333333334,0.0005555555555555556,0.0009722222222222222,0.009652777777777777,0.008194444444444445,0.011277777777777775,0.009930555555555555,0.009583333333333333,0.01,0.06694444444444445,0.06372222222222222,0.07188194444444444,0.04993055555555556,0.04958333333333333,0.05,0.7054843055628772
overall,32,oracle_latent_lira,30,7200.0,7200.0,7200.0,7200.0,7200.0,7200.0,0.6028190007716049,0.6028190007716049,0.6028190007716049,0.14902777777777776,0.14902777777777776,0.14902777777777776,0.0030555555555555557,0.0030555555555555557,0.0030555555555555557,0.0009722222222222222,0.0009722222222222222,0.0009722222222222222,0.020833333333333332,0.020833333333333332,0.020833333333333332,0.00986111111111111,0.00986111111111111,0.00986111111111111,0.085,0.085,0.085,0.049305555555555554,0.049305555555555554,0.049305555555555554,1.0
overall,512,channel_lira_matched,30,7200.0,7200.0,7200.0,7200.0,7200.0,7200.0,0.606076774691358,0.6030528867669753,0.6087517833719136,0.15145833333333336,0.1472638888888889,0.15520833333333336,0.004097222222222223,0.0031944444444444446,0.005138888888888889,0.0009722222222222222,0.0008333333333333334,0.0009722222222222222,0.027430555555555555,0.025263888888888888,0.029597222222222223,0.01,0.009708333333333333,0.01,0.09375,0.09129861111111111,0.09678472222222222,0.05,0.049569444444444444,0.05,1.03168455144774
overall,512,channel_lira_mismatched,30,7200.0,7200.0,7200.0,7200.0,7200.0,7200.0,0.5793993152006173,0.5784286930941358,0.5808685850694445,0.1217361111111111,0.11872222222222219,0.12534722222222225,0.0006944444444444445,0.0004166666666666667,0.0009097222222222218,0.0008333333333333334,0.0004166666666666667,0.0009722222222222222,0.010694444444444444,0.009444444444444445,0.012111111111111109,0.01,0.009645833333333333,0.01,0.07451388888888888,0.07253472222222222,0.07723611111111112,0.04993055555555556,0.04958333333333333,0.05,0.7722241473342996
overall,512,deconvolved_mean_lira,30,7200.0,7200.0,7200.0,7200.0,7200.0,7200.0,0.5940890624999999,0.5902179957561728,0.5977421363811728,0.14361111111111113,0.13949305555555555,0.14860416666666668,0.0009722222222222222,0.0002777777777777778,0.0016666666666666668,0.0006944444444444445,0.0004166666666666667,0.0009722222222222222,0.010069444444444443,0.007701388888888889,0.011944444444444445,0.00986111111111111,0.009444444444444445,0.01,0.07548611111111111,0.07219444444444445,0.08090277777777777,0.04986111111111111,0.049645833333333333,0.05,0.9150941148417009
overall,512,naive_mean_lira,30,7200.0,7200.0,7200.0,7200.0,7200.0,7200.0,0.5784351273148147,0.5774235291280865,0.5799469917052469,0.12131944444444448,0.11830555555555557,0.1244583333333333,0.0008333333333333334,0.0006180555555555556,0.0011111111111111111,0.0006944444444444445,0.0005555555555555556,0.0009722222222222222,0.009722222222222222,0.008534722222222223,0.010909722222222222,0.01,0.009722222222222222,0.01,0.07395833333333333,0.07138888888888889,0.07654166666666666,0.04993055555555556,0.049645833333333333,0.05,0.7628466210155569
overall,512,oracle_latent_lira,30,7200.0,7200.0,7200.0,7200.0,7200.0,7200.0,0.6028190007716049,0.6028190007716049,0.6028190007716049,0.14902777777777776,0.14902777777777776,0.14902777777777776,0.0030555555555555557,0.0030555555555555557,0.0030555555555555557,0.0009722222222222222,0.0009722222222222222,0.0009722222222222222,0.020833333333333332,0.020833333333333332,0.020833333333333332,0.00986111111111111,0.00986111111111111,0.00986111111111111,0.085,0.085,0.085,0.049305555555555554,0.049305555555555554,0.049305555555555554,1.0
overall,64,channel_lira_matched,30,7200.0,7200.0,7200.0,7200.0,7200.0,7200.0,0.6037551601080247,0.6001867496141976,0.6077286091820987,0.1438888888888889,0.13554166666666662,0.15077777777777776,0.0038888888888888888,0.002979166666666667,0.004861111111111111,0.0009722222222222222,0.0007569444444444445,0.0009722222222222222,0.02861111111111111,0.027069444444444445,0.032187499999999994,0.01,0.009722222222222222,0.01,0.10076388888888889,0.09688888888888889,0.10375,0.05,0.04978472222222222,0.05,1.0091049254456312
overall,64,channel_lira_mismatched,30,7200.0,7200.0,7200.0,7200.0,7200.0,7200.0,0.5801381462191357,0.5775072038966049,0.5829677035108025,0.11986111111111114,0.11284722222222222,0.12425694444444443,0.0016666666666666668,0.0009722222222222222,0.0020833333333333333,0.0009722222222222222,0.0006944444444444445,0.0009722222222222222,0.014305555555555556,0.011993055555555555,0.016708333333333332,0.01,0.009583333333333333,0.01,0.07368055555555555,0.07045138888888888,0.07881944444444444,0.04993055555555556,0.049645833333333333,0.05,0.7794098913405038
overall,64,deconvolved_mean_lira,30,7200.0,7200.0,7200.0,7200.0,7200.0,7200.0,0.5798697723765431,0.5751710011574073,0.5843096103395062,0.13125000000000003,0.1218263888888889,0.13861805555555556,0.0006944444444444445,0.00034027777777777783,0.0014652777777777774,0.0008333333333333334,0.0004166666666666667,0.0009722222222222222,0.009513888888888888,0.007347222222222222,0.011819444444444445,0.00986111111111111,0.009444444444444445,0.01,0.06152777777777778,0.05370833333333334,0.0647361111111111,0.05,0.04972222222222222,0.05,0.7767997332901572
overall,64,naive_mean_lira,30,7200.0,7200.0,7200.0,7200.0,7200.0,7200.0,0.5754997299382716,0.5726967071759259,0.5782529513888889,0.1177083333333333,0.11120833333333335,0.12188194444444451,0.0008333333333333334,0.0005555555555555556,0.0011874999999999995,0.0008333333333333334,0.0004166666666666667,0.0009722222222222222,0.009583333333333333,0.008673611111111111,0.012159722222222223,0.00986111111111111,0.009645833333333333,0.01,0.07,0.0664375,0.07294444444444445,0.05,0.04958333333333333,0.05,0.734297448639688
overall,64,oracle_latent_lira,30,7200.0,7200.0,7200.0,7200.0,7200.0,7200.0,0.6028190007716049,0.6028190007716049,0.6028190007716049,0.14902777777777776,0.14902777777777776,0.14902777777777776,0.0030555555555555557,0.0030555555555555557,0.0030555555555555557,0.0009722222222222222,0.0009722222222222222,0.0009722222222222222,0.020833333333333332,0.020833333333333332,0.020833333333333332,0.00986111111111111,0.00986111111111111,0.00986111111111111,0.085,0.085,0.085,0.049305555555555554,0.049305555555555554,0.049305555555555554,1.0
z_r1_d2,1024,channel_lira_matched,30,600.0,600.0,600.0,600.0,600.0,600.0,0.5914847222222221,0.5800647222222222,0.5969147222222222,0.14750000000000008,0.13908333333333334,0.1625833333333333,0.016666666666666666,0.012416666666666668,0.018333333333333333,0.0,0.0,0.0,0.0375,0.03075,0.045,0.01,0.007416666666666667,0.01,0.085,0.07833333333333334,0.09833333333333333,0.05,0.04075,0.05,1.13834162864648
z_r1_d2,1024,channel_lira_mismatched,30,600.0,600.0,600.0,600.0,600.0,600.0,0.5839763888888889,0.5812868055555556,0.5864877777777777,0.20166666666666677,0.19241666666666674,0.20833333333333337,0.01,0.008333333333333333,0.011666666666666667,0.0,0.0,0.0,0.04666666666666667,0.03983333333333333,0.051666666666666666,0.01,0.007416666666666667,0.01,0.06666666666666667,0.05575,0.07,0.05,0.043333333333333335,0.05,1.044915664316328
z_r1_d2,1024,deconvolved_mean_lira,30,600.0,600.0,600.0,600.0,600.0,600.0,0.5854930555555555,0.57459125,0.5988140277777777,0.15166666666666673,0.1333333333333333,0.1738333333333333,0.0016666666666666668,0.0,0.009249999999999996,0.0,0.0,0.0,0.02416666666666667,0.008333333333333333,0.03833333333333333,0.01,0.007416666666666667,0.01,0.09083333333333332,0.07483333333333334,0.10091666666666667,0.05,0.0415,0.05,1.0637875017281895
z_r1_d2,1024,naive_mean_lira,30,600.0,600.0,600.0,600.0,600.0,600.0,0.5838555555555556,0.581345138888889,0.5864663888888889,0.20333333333333337,0.1939166666666667,0.20833333333333337,0.01,0.008333333333333333,0.011666666666666667,0.0,0.0,0.0,0.04666666666666667,0.03816666666666667,0.050916666666666666,0.01,0.008333333333333333,0.01,0.06666666666666667,0.057416666666666664,0.06924999999999999,0.05,0.045,0.05,1.0434121388082398
z_r1_d2,1024,oracle_latent_lira,30,600.0,600.0,600.0,600.0,600.0,600.0,0.5803666666666667,0.5803666666666667,0.5803666666666667,0.1433333333333333,0.1433333333333333,0.1433333333333333,0.015,0.015,0.015,0.0,0.0,0.0,0.04,0.04,0.04,0.01,0.01,0.01,0.08,0.08,0.08,0.04833333333333333,0.04833333333333333,0.04833333333333333,1.0
z_r1_d2,128,channel_lira_matched,30,600.0,600.0,600.0,600.0,600.0,600.0,0.5861097222222222,0.5758615277777778,0.5995523611111111,0.14750000000000002,0.12891666666666665,0.16849999999999998,0.016666666666666666,0.013333333333333334,0.02258333333333333,0.0,0.0,0.0,0.03666666666666667,0.03,0.050916666666666666,0.01,0.006666666666666667,0.01,0.11249999999999999,0.09166666666666666,0.13166666666666665,0.05,0.04666666666666667,0.05,1.071460666390156
z_r1_d2,128,channel_lira_mismatched,30,600.0,600.0,600.0,600.0,600.0,600.0,0.5805875,0.5747790277777778,0.5883029166666667,0.1941666666666667,0.17000000000000004,0.20849999999999996,0.01,0.006666666666666667,0.01758333333333333,0.0,0.0,0.0,0.035,0.024833333333333336,0.040916666666666664,0.01,0.006666666666666667,0.01,0.06333333333333334,0.051500000000000004,0.07258333333333333,0.049166666666666664,0.04575,0.05,1.0027478224802986
z_r1_d2,128,deconvolved_mean_lira,30,600.0,600.0,600.0,600.0,600.0,600.0,0.580925,0.5654731944444444,0.6007744444444444,0.15583333333333332,0.13333333333333336,0.19016666666666665,0.0,0.0,0.005916666666666662,0.0,0.0,0.0,0.01583333333333333,0.009083333333333334,0.03258333333333333,0.008333333333333333,0.0033333333333333335,0.01,0.08333333333333333,0.06558333333333334,0.10699999999999998,0.05,0.04575,0.05,1.0069473247615097
z_r1_d2,128,naive_mean_lira,30,600.0,600.0,600.0,600.0,600.0,600.0,0.5810527777777776,0.5755561111111112,0.5885877777777778,0.20000000000000007,0.17908333333333332,0.21333333333333326,0.010833333333333334,0.006666666666666667,0.015916666666666662,0.0,0.0,0.0,0.035,0.023333333333333334,0.043333333333333335,0.01,0.007416666666666667,0.01,0.06333333333333334,0.05575,0.06924999999999999,0.04833333333333333,0.045,0.05,1.0085372597815547
z_r1_d2,128,oracle_latent_lira,30,600.0,600.0,600.0,600.0,600.0,600.0,0.5803666666666667,0.5803666666666667,0.5803666666666667,0.1433333333333333,0.1433333333333333,0.1433333333333333,0.015,0.015,0.015,0.0,0.0,0.0,0.04,0.04,0.04,0.01,0.01,0.01,0.08,0.08,0.08,0.04833333333333333,0.04833333333333333,0.04833333333333333,1.0
z_r1_d2,256,channel_lira_matched,30,600.0,600.0,600.0,600.0,600.0,600.0,0.5882444444444445,0.5789913888888889,0.5997705555555555,0.15333333333333332,0.13,0.1660833333333333,0.016666666666666666,0.015,0.02,0.0,0.0,0.0,0.0375,0.029083333333333333,0.050916666666666666,0.01,0.006666666666666667,0.01,0.10416666666666666,0.07833333333333334,0.11774999999999998,0.05,0.04741666666666667,0.05,1.098022950366376
z_r1_d2,256,channel_lira_mismatched,30,600.0,600.0,600.0,600.0,600.0,600.0,0.5827361111111111,0.5773769444444444,0.5861770833333333,0.1975,0.18075000000000002,0.21108333333333335,0.01,0.008333333333333333,0.014249999999999995,0.0,0.0,0.0,0.03666666666666667,0.028333333333333332,0.04441666666666665,0.01,0.007416666666666667,0.01,0.065,0.05575,0.07183333333333333,0.04833333333333333,0.04075,0.05,1.0294829254804365
z_r1_d2,256,deconvolved_mean_lira,30,600.0,600.0,600.0,600.0,600.0,600.0,0.5838013888888889,0.5693688888888889,0.5961875,0.15749999999999997,0.13558333333333342,0.18183333333333335,0.0,0.0,0.015916666666666662,0.0,0.0,0.0,0.016666666666666666,0.009083333333333334,0.03849999999999999,0.01,0.0033333333333333335,0.01,0.08666666666666667,0.06908333333333333,0.1085,0.05,0.044083333333333335,0.05,1.0427381446149588
z_r1_d2,256,naive_mean_lira,30,600.0,600.0,600.0,600.0,600.0,600.0,0.5829611111111112,0.5773745833333332,0.58609375,0.20166666666666672,0.18408333333333338,0.21275,0.01,0.008333333333333333,0.013333333333333334,0.0,0.0,0.0,0.03666666666666667,0.029083333333333333,0.045,0.01,0.007416666666666667,0.01,0.06333333333333334,0.057416666666666664,0.07183333333333333,0.05,0.043166666666666666,0.05,1.032282593667911
z_r1_d2,256,oracle_latent_lira,30,600.0,600.0,600.0,600.0,600.0,600.0,0.5803666666666667,0.5803666666666667,0.5803666666666667,0.1433333333333333,0.1433333333333333,0.1433333333333333,0.015,0.015,0.015,0.0,0.0,0.0,0.04,0.04,0.04,0.01,0.01,0.01,0.08,0.08,0.08,0.04833333333333333,0.04833333333333333,0.04833333333333333,1.0
z_r1_d2,32,channel_lira_matched,30,600.0,600.0,600.0,600.0,600.0,600.0,0.5785805555555557,0.5648158333333333,0.597665138888889,0.1375,0.1105833333333334,0.17099999999999993,0.015,0.007416666666666667,0.023333333333333334,0.0,0.0,0.0,0.04,0.02666666666666667,0.04833333333333333,0.01,0.008333333333333333,0.01,0.11666666666666667,0.09333333333333334,0.13591666666666666,0.05,0.04575,0.05,0.9777754735241264
z_r1_d2,32,channel_lira_mismatched,30,600.0,600.0,600.0,600.0,600.0,600.0,0.5731263888888889,0.55252625,0.5826706944444444,0.16083333333333327,0.13241666666666668,0.185,0.008333333333333333,0.0033333333333333335,0.019249999999999996,0.0,0.0,0.0,0.025,0.016333333333333335,0.03258333333333333,0.008333333333333333,0.005,0.01,0.06166666666666667,0.04908333333333333,0.08183333333333333,0.04833333333333333,0.045,0.05,0.9099094428314666
z_r1_d2,32,deconvolved_mean_lira,30,600.0,600.0,600.0,600.0,600.0,600.0,0.5721958333333333,0.5587809722222222,0.5951270833333333,0.15083333333333326,0.12783333333333338,0.17441666666666666,0.0,0.0,0.004416666666666653,0.0,0.0,0.0,0.02,0.01,0.030166666666666658,0.01,0.006666666666666667,0.01,0.08083333333333334,0.0545,0.09849999999999999,0.05,0.04666666666666667,0.05,0.8983305682289505
z_r1_d2,32,naive_mean_lira,30,600.0,600.0,600.0,600.0,600.0,600.0,0.5787888888888889,0.5631829166666668,0.5861254166666666,0.17833333333333334,0.1548333333333333,0.1985,0.008333333333333333,0.0016666666666666668,0.015916666666666662,0.0,0.0,0.0,0.025,0.019083333333333334,0.034249999999999996,0.01,0.004083333333333334,0.01,0.06166666666666667,0.055,0.07333333333333333,0.04833333333333333,0.03833333333333333,0.05,0.9803677588828977
z_r1_d2,32,oracle_latent_lira,30,600.0,600.0,600.0,600.0,600.0,600.0,0.5803666666666667,0.5803666666666667,0.5803666666666667,0.1433333333333333,0.1433333333333333,0.1433333333333333,0.015,0.015,0.015,0.0,0.0,0.0,0.04,0.04,0.04,0.01,0.01,0.01,0.08,0.08,0.08,0.04833333333333333,0.04833333333333333,0.04833333333333333,1.0
z_r1_d2,512,channel_lira_matched,30,600.0,600.0,600.0,600.0,600.0,600.0,0.5904694444444445,0.5774616666666667,0.6001420833333333,0.15583333333333332,0.13241666666666674,0.16758333333333336,0.016666666666666666,0.013333333333333334,0.019249999999999996,0.0,0.0,0.0,0.0375,0.03075,0.043333333333333335,0.008333333333333333,0.008333333333333333,0.01,0.0925,0.07908333333333334,0.11349999999999999,0.05,0.04575,0.05,1.1257085579980646
z_r1_d2,512,channel_lira_mismatched,30,600.0,600.0,600.0,600.0,600.0,600.0,0.5845930555555556,0.5806881944444444,0.5872780555555556,0.20500000000000002,0.18741666666666668,0.21500000000000002,0.01,0.008333333333333333,0.01258333333333333,0.0,0.0,0.0,0.043333333333333335,0.035750000000000004,0.048499999999999995,0.009166666666666667,0.005,0.01,0.065,0.06,0.0735,0.04833333333333333,0.045,0.05,1.0525888289782945
z_r1_d2,512,deconvolved_mean_lira,30,600.0,600.0,600.0,600.0,600.0,600.0,0.5845999999999999,0.5653374999999999,0.6016890277777778,0.15333333333333332,0.12225,0.18441666666666667,0.0016666666666666668,0.0,0.01258333333333333,0.0,0.0,0.0,0.015,0.007416666666666667,0.02666666666666667,0.008333333333333333,0.0024166666666666672,0.01,0.08249999999999999,0.07,0.09774999999999999,0.04833333333333333,0.045,0.05,1.0526752384902514
z_r1_d2,512,naive_mean_lira,30,600.0,600.0,600.0,600.0,600.0,600.0,0.5845486111111111,0.5809984722222223,0.5873116666666667,0.20583333333333337,0.19075000000000003,0.21499999999999997,0.01,0.007416666666666667,0.01258333333333333,0.0,0.0,0.0,0.041666666666666664,0.03666666666666667,0.04833333333333333,0.01,0.006666666666666667,0.01,0.065,0.059083333333333335,0.0735,0.04833333333333333,0.03983333333333333,0.05,1.0520358081017556
z_r1_d2,512,oracle_latent_lira,30,600.0,600.0,600.0,600.0,600.0,600.0,0.5803666666666667,0.5803666666666667,0.5803666666666667,0.1433333333333333,0.1433333333333333,0.1433333333333333,0.015,0.015,0.015,0.0,0.0,0.0,0.04,0.04,0.04,0.01,0.01,0.01,0.08,0.08,0.08,0.04833333333333333,0.04833333333333333,0.04833333333333333,1.0
z_r1_d2,64,channel_lira_matched,30,600.0,600.0,600.0,600.0,600.0,600.0,0.5845777777777778,0.5695379166666666,0.5988455555555556,0.14833333333333332,0.12816666666666668,0.1701666666666667,0.01583333333333333,0.010750000000000001,0.023333333333333334,0.0,0.0,0.0,0.03666666666666667,0.027416666666666666,0.05758333333333333,0.01,0.006666666666666667,0.01,0.11833333333333333,0.09908333333333333,0.13774999999999998,0.05,0.044833333333333336,0.05,1.0523987280519833
z_r1_d2,64,channel_lira_mismatched,30,600.0,600.0,600.0,600.0,600.0,600.0,0.5796902777777777,0.5682468055555555,0.5874658333333334,0.17749999999999994,0.1565,0.19516666666666665,0.01,0.006666666666666667,0.017749999999999985,0.0,0.0,0.0,0.0275,0.017416666666666667,0.03683333333333332,0.008333333333333333,0.006666666666666667,0.01,0.06166666666666667,0.05333333333333334,0.07258333333333333,0.04833333333333333,0.043333333333333335,0.05,0.9915837135351847
z_r1_d2,64,deconvolved_mean_lira,30,600.0,600.0,600.0,600.0,600.0,600.0,0.5790208333333333,0.5624481944444445,0.5913318055555555,0.16083333333333333,0.12966666666666674,0.17333333333333334,0.0,0.0,0.0033333333333333335,0.0,0.0,0.0,0.018333333333333333,0.010750000000000001,0.027583333333333328,0.006666666666666667,0.0033333333333333335,0.01,0.085,0.06558333333333334,0.10758333333333334,0.05,0.04575,0.05,0.9832538365823305
z_r1_d2,64,naive_mean_lira,30,600.0,600.0,600.0,600.0,600.0,600.0,0.5816277777777777,0.5706183333333333,0.58982625,0.1875,0.1654166666666667,0.21141666666666667,0.011666666666666667,0.006666666666666667,0.015,0.0,0.0,0.0,0.028333333333333332,0.019083333333333334,0.03833333333333333,0.01,0.006666666666666667,0.01,0.06333333333333334,0.05483333333333333,0.07091666666666667,0.04666666666666667,0.03666666666666667,0.05,1.0156919673717675
z_r1_d2,64,oracle_latent_lira,30,600.0,600.0,600.0,600.0,600.0,600.0,0.5803666666666667,0.5803666666666667,0.5803666666666667,0.1433333333333333,0.1433333333333333,0.1433333333333333,0.015,0.015,0.015,0.0,0.0,0.0,0.04,0.04,0.04,0.01,0.01,0.01,0.08,0.08,0.08,0.04833333333333333,0.04833333333333333,0.04833333333333333,1.0
z_r1_d6,1024,channel_lira_matched,30,600.0,600.0,600.0,600.0,600.0,600.0,0.612725,0.6045006944444444,0.6191718055555555,0.19666666666666666,0.18466666666666673,0.2109166666666667,0.021666666666666667,0.02,0.024249999999999997,0.0,0.0,0.0,0.04083333333333333,0.034833333333333334,0.050916666666666666,0.01,0.008333333333333333,0.01,0.09333333333333334,0.08741666666666667,0.09924999999999999,0.04833333333333333,0.044083333333333335,0.05,1.051157851111226
z_r1_d6,1024,channel_lira_mismatched,30,600.0,600.0,600.0,600.0,600.0,600.0,0.5753805555555556,0.5732441666666667,0.5774736111111111,0.16166666666666674,0.15575,0.17166666666666663,0.011666666666666667,0.01,0.013333333333333334,0.0,0.0,0.0,0.015,0.013333333333333334,0.015,0.006666666666666667,0.0016666666666666668,0.01,0.06666666666666667,0.06075,0.07591666666666666,0.05,0.05,0.05,0.7029218256229602
z_r1_d6,1024,deconvolved_mean_lira,30,600.0,600.0,600.0,600.0,600.0,600.0,0.6022375,0.5921293055555555,0.6081966666666667,0.1841666666666667,0.175,0.20349999999999996,0.0,0.0,0.0016666666666666668,0.0,0.0,0.0,0.011666666666666667,0.0033333333333333335,0.023499999999999993,0.01,0.004083333333333334,0.01,0.105,0.07983333333333334,0.11424999999999999,0.05,0.04666666666666667,0.05,0.953362171683158
z_r1_d6,1024,naive_mean_lira,30,600.0,600.0,600.0,600.0,600.0,600.0,0.5752291666666667,0.5731047222222222,0.5772856944444444,0.16333333333333333,0.15833333333333333,0.1725833333333333,0.01,0.01,0.013333333333333334,0.0,0.0,0.0,0.015,0.013333333333333334,0.015,0.0075,0.0007500000000000003,0.01,0.06583333333333333,0.06075,0.075,0.05,0.04908333333333333,0.05,0.7015101279593847
z_r1_d6,1024,oracle_latent_lira,30,600.0,600.0,600.0,600.0,600.0,600.0,0.6072388888888889,0.6072388888888889,0.6072388888888889,0.19499999999999995,0.19499999999999995,0.19499999999999995,0.015,0.015,0.015,0.0,0.0,0.0,0.03333333333333333,0.03333333333333333,0.03333333333333333,0.01,0.01,0.01,0.1,0.1,0.1,0.04833333333333333,0.04833333333333333,0.04833333333333333,1.0
z_r1_d6,128,channel_lira_matched,30,600.0,600.0,600.0,600.0,600.0,600.0,0.6137888888888889,0.6003522222222223,0.6252106944444444,0.19500000000000006,0.17333333333333334,0.21533333333333335,0.02,0.016666666666666666,0.02258333333333333,0.0,0.0,0.0,0.051666666666666666,0.03983333333333333,0.05758333333333333,0.01,0.008333333333333333,0.01,0.11,0.10166666666666667,0.12425,0.05,0.04666666666666667,0.05,1.061078588820391
z_r1_d6,128,channel_lira_mismatched,30,600.0,600.0,600.0,600.0,600.0,600.0,0.576675,0.5707254166666667,0.5805434722222222,0.15166666666666673,0.1374166666666667,0.16833333333333333,0.013333333333333334,0.008333333333333333,0.015,0.0,0.0,0.0,0.016666666666666666,0.015,0.02,0.008333333333333333,0.0033333333333333335,0.01,0.07333333333333333,0.059833333333333336,0.08091666666666666,0.05,0.04833333333333333,0.05,0.7149924882142678
z_r1_d6,128,deconvolved_mean_lira,30,600.0,600.0,600.0,600.0,600.0,600.0,0.5979472222222222,0.5823090277777777,0.6146629166666667,0.18083333333333335,0.15391666666666665,0.20500000000000007,0.0016666666666666668,0.0,0.005166666666666658,0.0,0.0,0.0,0.006666666666666667,0.0024166666666666672,0.014249999999999995,0.008333333333333333,0.0,0.01,0.08833333333333333,0.07075000000000001,0.105,0.05,0.04833333333333333,0.05,0.9133554369787077
z_r1_d6,128,naive_mean_lira,30,600.0,600.0,600.0,600.0,600.0,600.0,0.5755194444444445,0.5707466666666666,0.5790859722222222,0.15833333333333333,0.14391666666666666,0.1701666666666667,0.008333333333333333,0.006666666666666667,0.011666666666666667,0.0,0.0,0.0,0.015,0.013333333333333334,0.016666666666666666,0.008333333333333333,0.0033333333333333335,0.01,0.06583333333333333,0.056666666666666664,0.07833333333333334,0.05,0.04741666666666667,0.05,0.7042169610941308
z_r1_d6,128,oracle_latent_lira,30,600.0,600.0,600.0,600.0,600.0,600.0,0.6072388888888889,0.6072388888888889,0.6072388888888889,0.19499999999999995,0.19499999999999995,0.19499999999999995,0.015,0.015,0.015,0.0,0.0,0.0,0.03333333333333333,0.03333333333333333,0.03333333333333333,0.01,0.01,0.01,0.1,0.1,0.1,0.04833333333333333,0.04833333333333333,0.04833333333333333,1.0
z_r1_d6,256,channel_lira_matched,30,600.0,600.0,600.0,600.0,600.0,600.0,0.6101986111111111,0.6039068055555555,0.6225811111111111,0.19666666666666666,0.18741666666666668,0.21458333333333338,0.021666666666666667,0.019083333333333334,0.023333333333333334,0.0,0.0,0.0,0.042499999999999996,0.035,0.05758333333333333,0.01,0.008333333333333333,0.01,0.10250000000000001,0.09408333333333334,0.11258333333333333,0.05,0.04575,0.05,1.0275993368906384
z_r1_d6,256,channel_lira_mismatched,30,600.0,600.0,600.0,600.0,600.0,600.0,0.5754847222222221,0.57144875,0.5803213888888888,0.15416666666666673,0.14575000000000005,0.16333333333333333,0.013333333333333334,0.01,0.015,0.0,0.0,0.0,0.016666666666666666,0.015,0.016666666666666666,0.008333333333333333,0.0007500000000000003,0.01,0.0675,0.056666666666666664,0.08183333333333333,0.05,0.04833333333333333,0.05,0.703893177226337
z_r1_d6,256,deconvolved_mean_lira,30,600.0,600.0,600.0,600.0,600.0,600.0,0.5997305555555555,0.58309375,0.6184218055555556,0.18583333333333335,0.16575,0.21516666666666664,0.0016666666666666668,0.0,0.0033333333333333335,0.0,0.0,0.0,0.004166666666666667,0.0016666666666666668,0.015,0.008333333333333333,0.0,0.01,0.09333333333333334,0.07241666666666667,0.11608333333333332,0.05,0.04833333333333333,0.05,0.9299849764285344
z_r1_d6,256,naive_mean_lira,30,600.0,600.0,600.0,600.0,600.0,600.0,0.5749222222222222,0.5709350000000001,0.5802752777777778,0.15833333333333338,0.14908333333333335,0.16758333333333336,0.01,0.008333333333333333,0.013333333333333334,0.0,0.0,0.0,0.015,0.013333333333333334,0.015,0.008333333333333333,0.0016666666666666668,0.01,0.06333333333333334,0.05483333333333333,0.07958333333333331,0.05,0.04833333333333333,0.05,0.6986478785680983
z_r1_d6,256,oracle_latent_lira,30,600.0,600.0,600.0,600.0,600.0,600.0,0.6072388888888889,0.6072388888888889,0.6072388888888889,0.19499999999999995,0.19499999999999995,0.19499999999999995,0.015,0.015,0.015,0.0,0.0,0.0,0.03333333333333333,0.03333333333333333,0.03333333333333333,0.01,0.01,0.01,0.1,0.1,0.1,0.04833333333333333,0.04833333333333333,0.04833333333333333,1.0
z_r1_d6,32,channel_lira_matched,30,600.0,600.0,600.0,600.0,600.0,600.0,0.6041333333333334,0.5794591666666666,0.6192869444444444,0.17250000000000004,0.15833333333333338,0.20258333333333334,0.016666666666666666,0.011666666666666667,0.024249999999999997,0.0,0.0,0.0,0.05333333333333334,0.045,0.06,0.01,0.006666666666666667,0.01,0.11249999999999999,0.09833333333333333,0.12516666666666668,0.04833333333333333,0.04075,0.05,0.9710407708646333
z_r1_d6,32,channel_lira_mismatched,30,600.0,600.0,600.0,600.0,600.0,600.0,0.5749833333333334,0.5659680555555555,0.5863522222222223,0.14166666666666672,0.1248333333333334,0.16091666666666665,0.015,0.01,0.01758333333333333,0.0,0.0,0.0,0.025,0.02,0.035,0.01,0.007416666666666667,0.01,0.07666666666666666,0.06741666666666667,0.08666666666666667,0.04833333333333333,0.041666666666666664,0.05,0.6992177381754138
z_r1_d6,32,deconvolved_mean_lira,30,600.0,600.0,600.0,600.0,600.0,600.0,0.5858194444444444,0.5708015277777777,0.59985625,0.17083333333333334,0.15241666666666664,0.19925000000000004,0.0025,0.0,0.006666666666666667,0.0,0.0,0.0,0.006666666666666667,0.0007500000000000003,0.014249999999999995,0.005833333333333334,0.0,0.01,0.08333333333333333,0.05691666666666667,0.10608333333333332,0.05,0.04575,0.05,0.8002642076361188
z_r1_d6,32,naive_mean_lira,30,600.0,600.0,600.0,600.0,600.0,600.0,0.571,0.5605269444444445,0.5810566666666667,0.1433333333333333,0.12575000000000003,0.16683333333333333,0.006666666666666667,0.0033333333333333335,0.01,0.0,0.0,0.0,0.015,0.01,0.018333333333333333,0.008333333333333333,0.0033333333333333335,0.01,0.06583333333333333,0.049833333333333334,0.08941666666666664,0.05,0.04666666666666667,0.05,0.6620732528622489
z_r1_d6,32,oracle_latent_lira,30,600.0,600.0,600.0,600.0,600.0,600.0,0.6072388888888889,0.6072388888888889,0.6072388888888889,0.19499999999999995,0.19499999999999995,0.19499999999999995,0.015,0.015,0.015,0.0,0.0,0.0,0.03333333333333333,0.03333333333333333,0.03333333333333333,0.01,0.01,0.01,0.1,0.1,0.1,0.04833333333333333,0.04833333333333333,0.04833333333333333,1.0
z_r1_d6,512,channel_lira_matched,30,600.0,600.0,600.0,600.0,600.0,600.0,0.6138208333333334,0.6051856944444445,0.6188219444444444,0.19999999999999996,0.1816666666666667,0.21350000000000002,0.023333333333333334,0.019083333333333334,0.025,0.0,0.0,0.0,0.041666666666666664,0.03241666666666667,0.06,0.01,0.008333333333333333,0.01,0.095,0.08666666666666667,0.1035,0.05,0.04575,0.05,1.0613764699787602
z_r1_d6,512,channel_lira_mismatched,30,600.0,600.0,600.0,600.0,600.0,600.0,0.575198611111111,0.5725005555555556,0.5794466666666667,0.15916666666666673,0.15075000000000005,0.17000000000000004,0.013333333333333334,0.01,0.013333333333333334,0.0,0.0,0.0,0.015,0.014083333333333333,0.016666666666666666,0.006666666666666667,0.0024166666666666672,0.01,0.06583333333333333,0.05575,0.07425,0.05,0.04833333333333333,0.05,0.7012251981557264
z_r1_d6,512,deconvolved_mean_lira,30,600.0,600.0,600.0,600.0,600.0,600.0,0.5998861111111111,0.5833579166666667,0.6181158333333333,0.185,0.16000000000000003,0.21275,0.0,0.0,0.0033333333333333335,0.0,0.0,0.0,0.006666666666666667,0.0016666666666666668,0.0230833333333333,0.008333333333333333,0.002250000000000001,0.01,0.10083333333333333,0.07333333333333333,0.11666666666666667,0.05,0.04666666666666667,0.05,0.9314355281562453
z_r1_d6,512,naive_mean_lira,30,600.0,600.0,600.0,600.0,600.0,600.0,0.5749222222222221,0.5721231944444445,0.5790975,0.16166666666666668,0.15408333333333335,0.17258333333333337,0.01,0.009083333333333334,0.013333333333333334,0.0,0.0,0.0,0.015,0.013333333333333334,0.015,0.008333333333333333,0.0016666666666666668,0.01,0.065,0.0565,0.06924999999999999,0.05,0.04833333333333333,0.05,0.6986478785680972
z_r1_d6,512,oracle_latent_lira,30,600.0,600.0,600.0,600.0,600.0,600.0,0.6072388888888889,0.6072388888888889,0.6072388888888889,0.19499999999999995,0.19499999999999995,0.19499999999999995,0.015,0.015,0.015,0.0,0.0,0.0,0.03333333333333333,0.03333333333333333,0.03333333333333333,0.01,0.01,0.01,0.1,0.1,0.1,0.04833333333333333,0.04833333333333333,0.04833333333333333,1.0
z_r1_d6,64,channel_lira_matched,30,600.0,600.0,600.0,600.0,600.0,600.0,0.6085194444444444,0.5972391666666667,0.62029125,0.18999999999999995,0.175,0.20258333333333328,0.018333333333333333,0.015,0.02258333333333333,0.0,0.0,0.0,0.05,0.04075,0.06258333333333334,0.01,0.007416666666666667,0.01,0.10666666666666667,0.0965,0.12183333333333332,0.04833333333333333,0.04666666666666667,0.05,1.0119411490441896
z_r1_d6,64,channel_lira_mismatched,30,600.0,600.0,600.0,600.0,600.0,600.0,0.5745111111111112,0.5663944444444445,0.5807779166666667,0.14833333333333332,0.12741666666666668,0.16591666666666666,0.015,0.010583333333333333,0.01758333333333333,0.0,0.0,0.0,0.02,0.016666666666666666,0.02666666666666667,0.006666666666666667,0.0007500000000000003,0.01,0.07583333333333334,0.06741666666666667,0.08866666666666664,0.04833333333333333,0.044083333333333335,0.05,0.694814277573435
z_r1_d6,64,deconvolved_mean_lira,30,600.0,600.0,600.0,600.0,600.0,600.0,0.5870388888888889,0.5750269444444445,0.6062265277777777,0.17083333333333334,0.15666666666666665,0.20016666666666666,0.0016666666666666668,0.0,0.005916666666666662,0.0,0.0,0.0,0.005,0.0016666666666666668,0.010916666666666663,0.005,0.0,0.01,0.07416666666666666,0.05575,0.09516666666666666,0.04833333333333333,0.04575,0.05,0.8116354970729939
z_r1_d6,64,naive_mean_lira,30,600.0,600.0,600.0,600.0,600.0,600.0,0.5721055555555556,0.5652725000000001,0.5777976388888889,0.15333333333333332,0.13316666666666668,0.16500000000000004,0.008333333333333333,0.005750000000000001,0.01,0.0,0.0,0.0,0.015,0.013333333333333334,0.019249999999999996,0.008333333333333333,0.005,0.01,0.06416666666666668,0.05408333333333334,0.08349999999999999,0.05,0.04666666666666667,0.05,0.6723825312127657
z_r1_d6,64,oracle_latent_lira,30,600.0,600.0,600.0,600.0,600.0,600.0,0.6072388888888889,0.6072388888888889,0.6072388888888889,0.19499999999999995,0.19499999999999995,0.19499999999999995,0.015,0.015,0.015,0.0,0.0,0.0,0.03333333333333333,0.03333333333333333,0.03333333333333333,0.01,0.01,0.01,0.1,0.1,0.1,0.04833333333333333,0.04833333333333333,0.04833333333333333,1.0
z_r5_d2,1024,channel_lira_matched,30,600.0,600.0,600.0,600.0,600.0,600.0,0.5955416666666666,0.5922031944444445,0.5996541666666666,0.14833333333333332,0.1374166666666667,0.15666666666666668,0.01,0.005,0.015,0.0,0.0,0.0,0.041666666666666664,0.03225,0.04758333333333333,0.01,0.007416666666666667,0.01,0.10333333333333333,0.09666666666666666,0.11166666666666666,0.05,0.04666666666666667,0.05,0.9995059862838547
z_r5_d2,1024,channel_lira_mismatched,30,600.0,600.0,600.0,600.0,600.0,600.0,0.561088888888889,0.5580811111111111,0.5644145833333333,0.09833333333333333,0.09150000000000001,0.10333333333333336,0.004166666666666667,0.0,0.007583333333333329,0.0,0.0,0.0,0.035,0.027416666666666666,0.04,0.01,0.007416666666666667,0.01,0.09666666666666666,0.08908333333333333,0.10333333333333333,0.05,0.044083333333333335,0.05,0.6390793909101489
z_r5_d2,1024,deconvolved_mean_lira,30,600.0,600.0,600.0,600.0,600.0,600.0,0.59515,0.5907541666666667,0.6004455555555556,0.15000000000000002,0.1365,0.16183333333333333,0.0,0.0,0.009249999999999996,0.0,0.0,0.0,0.0325,0.020583333333333335,0.041666666666666664,0.01,0.008333333333333333,0.01,0.1,0.08983333333333333,0.11183333333333333,0.05,0.04741666666666667,0.05,0.9954085784028829
z_r5_d2,1024,naive_mean_lira,30,600.0,600.0,600.0,600.0,600.0,600.0,0.5607944444444444,0.5576856944444445,0.5639275,0.09749999999999998,0.09074999999999998,0.10424999999999998,0.0033333333333333335,0.0,0.007583333333333329,0.0,0.0,0.0,0.034166666666666665,0.02666666666666667,0.04,0.01,0.006666666666666667,0.01,0.09666666666666666,0.08891666666666667,0.10333333333333333,0.05,0.045,0.05,0.6359990700918281
z_r5_d2,1024,oracle_latent_lira,30,600.0,600.0,600.0,600.0,600.0,600.0,0.5955888888888888,0.5955888888888888,0.5955888888888888,0.15166666666666673,0.15166666666666673,0.15166666666666673,0.01,0.01,0.01,0.0,0.0,0.0,0.04,0.04,0.04,0.01,0.01,0.01,0.09666666666666666,0.09666666666666666,0.09666666666666666,0.05,0.05,0.05,1.0
z_r5_d2,128,channel_lira_matched,30,600.0,600.0,600.0,600.0,600.0,600.0,0.5899486111111112,0.5794644444444444,0.6005865277777778,0.1358333333333334,0.12,0.15925000000000003,0.005,0.0,0.01608333333333332,0.0,0.0,0.0,0.04416666666666667,0.0245,0.055166666666666656,0.01,0.006666666666666667,0.01,0.11499999999999999,0.1,0.13516666666666666,0.049166666666666664,0.04575,0.05,0.9409944205509719
z_r5_d2,128,channel_lira_mismatched,30,600.0,600.0,600.0,600.0,600.0,600.0,0.5622277777777778,0.5514145833333333,0.5763880555555555,0.10166666666666668,0.08666666666666668,0.1300833333333333,0.005,0.0,0.013499999999999991,0.0,0.0,0.0,0.03333333333333333,0.02,0.049249999999999995,0.01,0.006666666666666667,0.01,0.10333333333333333,0.07983333333333334,0.1185,0.05,0.04575,0.05,0.6509938393583636
z_r5_d2,128,deconvolved_mean_lira,30,600.0,600.0,600.0,600.0,600.0,600.0,0.5855999999999999,0.57636875,0.594856111111111,0.13083333333333333,0.11725,0.15666666666666668,0.0016666666666666668,0.0,0.0033333333333333335,0.0,0.0,0.0,0.015,0.0024166666666666672,0.035,0.01,0.0015000000000000007,0.01,0.09333333333333334,0.07983333333333334,0.11491666666666663,0.04833333333333333,0.045,0.05,0.895501569220039
z_r5_d2,128,naive_mean_lira,30,600.0,600.0,600.0,600.0,600.0,600.0,0.5601708333333333,0.5492047222222222,0.5740251388888888,0.09666666666666668,0.08575,0.12341666666666663,0.0033333333333333335,0.0,0.011666666666666667,0.0,0.0,0.0,0.028333333333333332,0.012416666666666668,0.04258333333333333,0.01,0.007416666666666667,0.01,0.095,0.07816666666666666,0.10925,0.05,0.04666666666666667,0.05,0.6294751830756711
z_r5_d2,128,oracle_latent_lira,30,600.0,600.0,600.0,600.0,600.0,600.0,0.5955888888888888,0.5955888888888888,0.5955888888888888,0.15166666666666673,0.15166666666666673,0.15166666666666673,0.01,0.01,0.01,0.0,0.0,0.0,0.04,0.04,0.04,0.01,0.01,0.01,0.09666666666666666,0.09666666666666666,0.09666666666666666,0.05,0.05,0.05,1.0
z_r5_d2,256,channel_lira_matched,30,600.0,600.0,600.0,600.0,600.0,600.0,0.5940958333333333,0.5878158333333333,0.5996234722222221,0.14333333333333334,0.12983333333333338,0.1585,0.006666666666666667,0.0016666666666666668,0.016666666666666666,0.0,0.0,0.0,0.042499999999999996,0.026333333333333334,0.05258333333333333,0.01,0.006666666666666667,0.01,0.11333333333333333,0.09908333333333333,0.13016666666666665,0.05,0.045,0.05,0.9843804486806926
z_r5_d2,256,channel_lira_mismatched,30,600.0,600.0,600.0,600.0,600.0,600.0,0.5622791666666667,0.5547780555555555,0.5659,0.10166666666666668,0.08575,0.11258333333333331,0.0033333333333333335,0.0,0.010916666666666663,0.0,0.0,0.0,0.03333333333333333,0.025750000000000002,0.04441666666666665,0.01,0.008333333333333333,0.01,0.09666666666666666,0.08666666666666667,0.11333333333333333,0.049166666666666664,0.045,0.05,0.6515314425200515
z_r5_d2,256,deconvolved_mean_lira,30,600.0,600.0,600.0,600.0,600.0,600.0,0.5916486111111111,0.5850519444444444,0.5991398611111111,0.1433333333333333,0.1274166666666667,0.15883333333333335,0.0,0.0,0.002583333333333329,0.0,0.0,0.0,0.0225,0.0015000000000000007,0.03441666666666665,0.01,0.002250000000000001,0.01,0.09833333333333333,0.08408333333333333,0.11424999999999999,0.05,0.04666666666666667,0.05,0.9587789143322103
z_r5_d2,256,naive_mean_lira,30,600.0,600.0,600.0,600.0,600.0,600.0,0.5609069444444444,0.5532754166666667,0.5648081944444444,0.09833333333333338,0.08708333333333335,0.10833333333333336,0.0033333333333333335,0.0,0.01,0.0,0.0,0.0,0.03333333333333333,0.019833333333333335,0.040916666666666664,0.01,0.008333333333333333,0.01,0.09666666666666666,0.08558333333333333,0.10666666666666667,0.05,0.04575,0.05,0.6371759851214697
z_r5_d2,256,oracle_latent_lira,30,600.0,600.0,600.0,600.0,600.0,600.0,0.5955888888888888,0.5955888888888888,0.5955888888888888,0.15166666666666673,0.15166666666666673,0.15166666666666673,0.01,0.01,0.01,0.0,0.0,0.0,0.04,0.04,0.04,0.01,0.01,0.01,0.09666666666666666,0.09666666666666666,0.09666666666666666,0.05,0.05,0.05,1.0
z_r5_d2,32,channel_lira_matched,30,600.0,600.0,600.0,600.0,600.0,600.0,0.5775791666666666,0.5618293055555555,0.6020631944444444,0.13,0.10333333333333333,0.17233333333333328,0.0016666666666666668,0.0,0.02366666666666665,0.0,0.0,0.0,0.04416666666666667,0.03075,0.06258333333333334,0.01,0.006666666666666667,0.01,0.11416666666666667,0.09358333333333334,0.14591666666666667,0.05,0.04575,0.05,0.8115918865512033
z_r5_d2,32,channel_lira_mismatched,30,600.0,600.0,600.0,600.0,600.0,600.0,0.5632833333333334,0.5501918055555555,0.5884999999999999,0.10916666666666666,0.08650000000000005,0.13758333333333334,0.0033333333333333335,0.0,0.015499999999999972,0.0,0.0,0.0,0.035,0.022416666666666668,0.05,0.01,0.007416666666666667,0.01,0.09666666666666666,0.08075,0.115,0.05,0.04666666666666667,0.05,0.6620364988957347
z_r5_d2,32,deconvolved_mean_lira,30,600.0,600.0,600.0,600.0,600.0,600.0,0.5686958333333334,0.5513231944444444,0.5983281944444444,0.11749999999999997,0.088,0.15216666666666662,0.0,0.0,0.0033333333333333335,0.0,0.0,0.0,0.005,0.0016666666666666668,0.011666666666666667,0.008333333333333333,0.0007500000000000003,0.01,0.075,0.052083333333333336,0.09624999999999997,0.05,0.042416666666666665,0.05,0.7186591886551215
z_r5_d2,32,naive_mean_lira,30,600.0,600.0,600.0,600.0,600.0,600.0,0.5575388888888888,0.5430420833333334,0.5821629166666666,0.10166666666666668,0.08,0.13033333333333333,0.0016666666666666668,0.0,0.006666666666666667,0.0,0.0,0.0,0.016666666666666666,0.01,0.03849999999999999,0.01,0.006666666666666667,0.01,0.08833333333333333,0.07075000000000001,0.10666666666666667,0.05,0.04666666666666667,0.05,0.6019411833081478
z_r5_d2,32,oracle_latent_lira,30,600.0,600.0,600.0,600.0,600.0,600.0,0.5955888888888888,0.5955888888888888,0.5955888888888888,0.15166666666666673,0.15166666666666673,0.15166666666666673,0.01,0.01,0.01,0.0,0.0,0.0,0.04,0.04,0.04,0.01,0.01,0.01,0.09666666666666666,0.09666666666666666,0.09666666666666666,0.05,0.05,0.05,1.0
z_r5_d2,512,channel_lira_matched,30,600.0,600.0,600.0,600.0,600.0,600.0,0.5957180555555556,0.589035,0.6011484722222223,0.14666666666666667,0.13575000000000004,0.15516666666666665,0.008333333333333333,0.0033333333333333335,0.015166666666666658,0.0,0.0,0.0,0.04,0.03316666666666667,0.05183333333333333,0.01,0.008333333333333333,0.01,0.10916666666666666,0.0915,0.12666666666666668,0.04833333333333333,0.04575,0.05,1.0013512728118106
z_r5_d2,512,channel_lira_mismatched,30,600.0,600.0,600.0,600.0,600.0,600.0,0.5619958333333333,0.5558036111111111,0.566585,0.10000000000000003,0.08666666666666667,0.10941666666666668,0.0033333333333333335,0.0,0.008333333333333333,0.0,0.0,0.0,0.03333333333333333,0.022416666666666668,0.040166666666666656,0.01,0.008333333333333333,0.01,0.095,0.0815,0.11333333333333333,0.05,0.04666666666666667,0.05,0.6485673602231775
z_r5_d2,512,deconvolved_mean_lira,30,600.0,600.0,600.0,600.0,600.0,600.0,0.5938930555555555,0.585067361111111,0.6013463888888889,0.14500000000000002,0.13666666666666671,0.15516666666666667,0.0,0.0,0.005333333333333315,0.0,0.0,0.0,0.025833333333333333,0.01,0.035916666666666666,0.01,0.007416666666666667,0.01,0.09666666666666666,0.08408333333333333,0.11958333333333332,0.049166666666666664,0.045,0.05,0.982259095664303
z_r5_d2,512,naive_mean_lira,30,600.0,600.0,600.0,600.0,600.0,600.0,0.5614291666666666,0.5550659722222222,0.5658736111111111,0.09999999999999998,0.08241666666666668,0.10758333333333334,0.0033333333333333335,0.0,0.008333333333333333,0.0,0.0,0.0,0.03333333333333333,0.02075,0.03924999999999999,0.01,0.008333333333333333,0.01,0.09333333333333334,0.08133333333333334,0.11016666666666666,0.04833333333333333,0.04666666666666667,0.05,0.6426391956294317
z_r5_d2,512,oracle_latent_lira,30,600.0,600.0,600.0,600.0,600.0,600.0,0.5955888888888888,0.5955888888888888,0.5955888888888888,0.15166666666666673,0.15166666666666673,0.15166666666666673,0.01,0.01,0.01,0.0,0.0,0.0,0.04,0.04,0.04,0.01,0.01,0.01,0.09666666666666666,0.09666666666666666,0.09666666666666666,0.05,0.05,0.05,1.0
z_r5_d2,64,channel_lira_matched,30,600.0,600.0,600.0,600.0,600.0,600.0,0.5848208333333333,0.57177375,0.5968934722222222,0.13166666666666668,0.10891666666666669,0.15108333333333335,0.0025,0.0,0.02108333333333332,0.0,0.0,0.0,0.049166666666666664,0.03208333333333333,0.06516666666666666,0.01,0.008333333333333333,0.01,0.12166666666666667,0.10483333333333333,0.13941666666666663,0.05,0.04575,0.05,0.8873503429036389
z_r5_d2,64,channel_lira_mismatched,30,600.0,600.0,600.0,600.0,600.0,600.0,0.5622097222222222,0.5491970833333334,0.5746118055555556,0.10666666666666669,0.08208333333333334,0.12591666666666665,0.0016666666666666668,0.0,0.013333333333333334,0.0,0.0,0.0,0.03833333333333333,0.025750000000000002,0.04666666666666667,0.01,0.006666666666666667,0.01,0.1,0.08208333333333334,0.11333333333333333,0.05,0.04666666666666667,0.05,0.6508049517610138
z_r5_d2,64,deconvolved_mean_lira,30,600.0,600.0,600.0,600.0,600.0,600.0,0.5792361111111111,0.5670920833333333,0.5938793055555556,0.125,0.10333333333333333,0.1510833333333333,0.0,0.0,0.004249999999999995,0.0,0.0,0.0,0.006666666666666667,0.0016666666666666668,0.023333333333333334,0.008333333333333333,0.0,0.01,0.0875,0.07741666666666666,0.10591666666666666,0.04833333333333333,0.045,0.05,0.8289259560618388
z_r5_d2,64,naive_mean_lira,30,600.0,600.0,600.0,600.0,600.0,600.0,0.5572402777777778,0.5464238888888888,0.5704111111111111,0.09583333333333335,0.08000000000000004,0.11899999999999997,0.0016666666666666668,0.0,0.007583333333333329,0.0,0.0,0.0,0.0275,0.014083333333333333,0.03849999999999999,0.01,0.005750000000000001,0.01,0.09083333333333332,0.07558333333333334,0.10333333333333333,0.05,0.04575,0.05,0.598817273044288
z_r5_d2,64,oracle_latent_lira,30,600.0,600.0,600.0,600.0,600.0,600.0,0.5955888888888888,0.5955888888888888,0.5955888888888888,0.15166666666666673,0.15166666666666673,0.15166666666666673,0.01,0.01,0.01,0.0,0.0,0.0,0.04,0.04,0.04,0.01,0.01,0.01,0.09666666666666666,0.09666666666666666,0.09666666666666666,0.05,0.05,0.05,1.0
z_r5_d6,1024,channel_lira_matched,30,600.0,600.0,600.0,600.0,600.0,600.0,0.6734333333333333,0.6696765277777778,0.6789079166666666,0.24666666666666662,0.23833333333333334,0.2609166666666667,0.0,0.0,0.002583333333333329,0.0,0.0,0.0,0.023333333333333334,0.016666666666666666,0.029249999999999995,0.01,0.006666666666666667,0.01,0.15916666666666668,0.13725,0.17591666666666667,0.05,0.04575,0.05,1.0100787860158866
z_r5_d6,1024,channel_lira_mismatched,30,600.0,600.0,600.0,600.0,600.0,600.0,0.6209611111111111,0.6181856944444445,0.6239102777777777,0.18749999999999994,0.17833333333333334,0.19591666666666668,0.0,0.0,0.0,0.0,0.0,0.0,0.013333333333333334,0.010750000000000001,0.015916666666666662,0.01,0.008333333333333333,0.01,0.08083333333333334,0.07075000000000001,0.09425,0.05,0.04741666666666667,0.05,0.7044796402051346
z_r5_d6,1024,deconvolved_mean_lira,30,600.0,600.0,600.0,600.0,600.0,600.0,0.6654319444444445,0.658627638888889,0.6726777777777777,0.24333333333333332,0.2283333333333334,0.2575833333333334,0.0,0.0,0.002583333333333329,0.0,0.0,0.0,0.014166666666666668,0.007416666666666667,0.021666666666666667,0.01,0.007416666666666667,0.01,0.14333333333333334,0.12575,0.15758333333333333,0.05,0.04666666666666667,0.05,0.9634785562907485
z_r5_d6,1024,naive_mean_lira,30,600.0,600.0,600.0,600.0,600.0,600.0,0.6202847222222222,0.6175058333333333,0.6232483333333334,0.1875,0.17833333333333334,0.19424999999999992,0.0,0.0,0.0,0.0,0.0,0.0,0.013333333333333334,0.01,0.015916666666666662,0.01,0.008333333333333333,0.01,0.07666666666666666,0.06908333333333333,0.09091666666666666,0.05,0.04833333333333333,0.05,0.7005403394108035
z_r5_d6,1024,oracle_latent_lira,30,600.0,600.0,600.0,600.0,600.0,600.0,0.6717027777777778,0.6717027777777778,0.6717027777777778,0.2466666666666667,0.2466666666666667,0.2466666666666667,0.0016666666666666668,0.0016666666666666668,0.0016666666666666668,0.0,0.0,0.0,0.02,0.02,0.02,0.01,0.01,0.01,0.15,0.15,0.15,0.04833333333333333,0.04833333333333333,0.04833333333333333,1.0
z_r5_d6,128,channel_lira_matched,30,600.0,600.0,600.0,600.0,600.0,600.0,0.6719208333333333,0.6630919444444444,0.681741111111111,0.255,0.23741666666666666,0.27591666666666664,0.0,0.0,0.0033333333333333335,0.0,0.0,0.0,0.023333333333333334,0.013333333333333334,0.03833333333333333,0.01,0.006666666666666667,0.01,0.15833333333333333,0.14191666666666666,0.17091666666666666,0.05,0.04575,0.05,1.001269959393655
z_r5_d6,128,channel_lira_mismatched,30,600.0,600.0,600.0,600.0,600.0,600.0,0.6243874999999999,0.6146759722222223,0.6341922222222222,0.18666666666666665,0.16983333333333336,0.2044166666666667,0.0,0.0,0.0016666666666666668,0.0,0.0,0.0,0.015,0.011666666666666667,0.024249999999999997,0.01,0.006666666666666667,0.01,0.09416666666666668,0.07575,0.11124999999999999,0.05,0.045,0.05,0.7244349894035229
z_r5_d6,128,deconvolved_mean_lira,30,600.0,600.0,600.0,600.0,600.0,600.0,0.6515902777777778,0.6414520833333334,0.6679211111111111,0.23250000000000004,0.21483333333333332,0.2545833333333333,0.0,0.0,0.002583333333333329,0.0,0.0,0.0,0.009166666666666667,0.0016666666666666668,0.022749999999999986,0.01,0.004083333333333334,0.01,0.11333333333333333,0.09225,0.14941666666666664,0.05,0.04558333333333334,0.05,0.8828644459903258
z_r5_d6,128,naive_mean_lira,30,600.0,600.0,600.0,600.0,600.0,600.0,0.6196902777777777,0.6097716666666666,0.6287795833333333,0.18250000000000005,0.16833333333333333,0.19683333333333333,0.0,0.0,0.0,0.0,0.0,0.0,0.013333333333333334,0.008333333333333333,0.020916666666666663,0.01,0.008333333333333333,0.01,0.07833333333333334,0.06316666666666666,0.09941666666666665,0.05,0.042416666666666665,0.05,0.6970782845032597
z_r5_d6,128,oracle_latent_lira,30,600.0,600.0,600.0,600.0,600.0,600.0,0.6717027777777778,0.6717027777777778,0.6717027777777778,0.2466666666666667,0.2466666666666667,0.2466666666666667,0.0016666666666666668,0.0016666666666666668,0.0016666666666666668,0.0,0.0,0.0,0.02,0.02,0.02,0.01,0.01,0.01,0.15,0.15,0.15,0.04833333333333333,0.04833333333333333,0.04833333333333333,1.0
z_r5_d6,256,channel_lira_matched,30,600.0,600.0,600.0,600.0,600.0,600.0,0.6721541666666666,0.6632930555555556,0.6785980555555555,0.24833333333333338,0.2340833333333333,0.26925000000000004,0.0,0.0,0.0033333333333333335,0.0,0.0,0.0,0.025,0.016666666666666666,0.036999999999999984,0.01,0.005750000000000001,0.01,0.16,0.14833333333333334,0.18183333333333332,0.05,0.04741666666666667,0.05,1.0026288968339991
z_r5_d6,256,channel_lira_mismatched,30,600.0,600.0,600.0,600.0,600.0,600.0,0.6224930555555556,0.6140829166666666,0.6271281944444445,0.18333333333333335,0.16908333333333336,0.19441666666666668,0.0,0.0,0.0016666666666666668,0.0,0.0,0.0,0.013333333333333334,0.01,0.018333333333333333,0.01,0.007416666666666667,0.01,0.08916666666666667,0.07391666666666667,0.10183333333333333,0.05,0.04666666666666667,0.05,0.7134017116140619
z_r5_d6,256,deconvolved_mean_lira,30,600.0,600.0,600.0,600.0,600.0,600.0,0.6587638888888889,0.6467095833333334,0.6642211111111112,0.2366666666666667,0.2231666666666667,0.2525833333333334,0.0,0.0,0.0,0.0,0.0,0.0,0.008333333333333333,0.0007500000000000003,0.02108333333333332,0.01,0.0030000000000000014,0.01,0.13,0.1115,0.15183333333333332,0.05,0.04908333333333333,0.05,0.9246436833675767
z_r5_d6,256,naive_mean_lira,30,600.0,600.0,600.0,600.0,600.0,600.0,0.6197861111111111,0.6119577777777778,0.6246477777777778,0.18000000000000005,0.16833333333333333,0.19183333333333333,0.0,0.0,0.0,0.0,0.0,0.0,0.015,0.01,0.018333333333333333,0.01,0.008333333333333333,0.01,0.08166666666666667,0.06833333333333333,0.095,0.05,0.04741666666666667,0.05,0.6976364195234015
z_r5_d6,256,oracle_latent_lira,30,600.0,600.0,600.0,600.0,600.0,600.0,0.6717027777777778,0.6717027777777778,0.6717027777777778,0.2466666666666667,0.2466666666666667,0.2466666666666667,0.0016666666666666668,0.0016666666666666668,0.0016666666666666668,0.0,0.0,0.0,0.02,0.02,0.02,0.01,0.01,0.01,0.15,0.15,0.15,0.04833333333333333,0.04833333333333333,0.04833333333333333,1.0
z_r5_d6,32,channel_lira_matched,30,600.0,600.0,600.0,600.0,600.0,600.0,0.6562111111111111,0.6457643055555555,0.6767087500000001,0.2291666666666667,0.215,0.2685,0.0008333333333333334,0.0,0.004249999999999995,0.0,0.0,0.0,0.03,0.014083333333333333,0.051666666666666666,0.01,0.008333333333333333,0.01,0.14916666666666667,0.12741666666666668,0.17866666666666664,0.05,0.04666666666666667,0.05,0.9097762606571432
z_r5_d6,32,channel_lira_mismatched,30,600.0,600.0,600.0,600.0,600.0,600.0,0.6226555555555555,0.6080322222222223,0.6387701388888889,0.1833333333333333,0.16575,0.20758333333333334,0.0,0.0,0.005916666666666662,0.0,0.0,0.0,0.018333333333333333,0.009083333333333334,0.030166666666666658,0.01,0.006666666666666667,0.01,0.11,0.09075,0.13166666666666665,0.05,0.04575,0.05,0.7143481144743014
z_r5_d6,32,deconvolved_mean_lira,30,600.0,600.0,600.0,600.0,600.0,600.0,0.6251680555555555,0.6105681944444444,0.6481930555555555,0.205,0.17741666666666664,0.23591666666666666,0.0,0.0,0.0033333333333333335,0.0,0.0,0.0,0.005,0.0016666666666666668,0.01941666666666665,0.005833333333333334,0.0024166666666666672,0.01,0.07833333333333334,0.051666666666666666,0.10608333333333332,0.05,0.04666666666666667,0.05,0.7289809586980085
z_r5_d6,32,naive_mean_lira,30,600.0,600.0,600.0,600.0,600.0,600.0,0.6085958333333333,0.5940170833333334,0.6246719444444444,0.1708333333333334,0.14725000000000002,0.19866666666666666,0.0,0.0,0.0016666666666666668,0.0,0.0,0.0,0.0125,0.004083333333333334,0.02,0.01,0.008333333333333333,0.01,0.07083333333333333,0.058333333333333334,0.08758333333333333,0.05,0.04666666666666667,0.05,0.6324640447802243
z_r5_d6,32,oracle_latent_lira,30,600.0,600.0,600.0,600.0,600.0,600.0,0.6717027777777778,0.6717027777777778,0.6717027777777778,0.2466666666666667,0.2466666666666667,0.2466666666666667,0.0016666666666666668,0.0016666666666666668,0.0016666666666666668,0.0,0.0,0.0,0.02,0.02,0.02,0.01,0.01,0.01,0.15,0.15,0.15,0.04833333333333333,0.04833333333333333,0.04833333333333333,1.0
z_r5_d6,512,channel_lira_matched,30,600.0,600.0,600.0,600.0,600.0,600.0,0.6725736111111111,0.668608611111111,0.679473611111111,0.24833333333333332,0.24075000000000008,0.26516666666666666,0.0016666666666666668,0.0,0.0033333333333333335,0.0,0.0,0.0,0.021666666666666667,0.016666666666666666,0.03,0.01,0.006666666666666667,0.01,0.16,0.14666666666666667,0.17758333333333334,0.05,0.04833333333333333,0.05,1.005071748661285
z_r5_d6,512,channel_lira_mismatched,30,600.0,600.0,600.0,600.0,600.0,600.0,0.6208083333333333,0.6169722222222223,0.6263952777777778,0.18583333333333335,0.17408333333333337,0.19849999999999995,0.0,0.0,0.0,0.0,0.0,0.0,0.013333333333333334,0.009833333333333335,0.015916666666666662,0.01,0.008333333333333333,0.01,0.08249999999999999,0.07166666666666667,0.09758333333333333,0.05,0.04833333333333333,0.05,0.7035898597382426
z_r5_d6,512,deconvolved_mean_lira,30,600.0,600.0,600.0,600.0,600.0,600.0,0.6606652777777777,0.6539537499999999,0.6683831944444444,0.24000000000000005,0.22575000000000006,0.2525833333333334,0.0,0.0,0.0,0.0,0.0,0.0,0.01,0.0024166666666666672,0.018333333333333333,0.01,0.006500000000000001,0.01,0.135,0.12241666666666667,0.14774999999999996,0.05,0.04833333333333333,0.05,0.9357174057237149
z_r5_d6,512,naive_mean_lira,30,600.0,600.0,600.0,600.0,600.0,600.0,0.6195708333333334,0.6157888888888889,0.6250484722222223,0.18416666666666665,0.17241666666666672,0.19624999999999995,0.0,0.0,0.0,0.0,0.0,0.0,0.013333333333333334,0.009083333333333334,0.015916666666666662,0.01,0.008333333333333333,0.01,0.07666666666666666,0.07,0.09183333333333332,0.05,0.04575,0.05,0.6963826379564174
z_r5_d6,512,oracle_latent_lira,30,600.0,600.0,600.0,600.0,600.0,600.0,0.6717027777777778,0.6717027777777778,0.6717027777777778,0.2466666666666667,0.2466666666666667,0.2466666666666667,0.0016666666666666668,0.0016666666666666668,0.0016666666666666668,0.0,0.0,0.0,0.02,0.02,0.02,0.01,0.01,0.01,0.15,0.15,0.15,0.04833333333333333,0.04833333333333333,0.04833333333333333,1.0
z_r5_d6,64,channel_lira_matched,30,600.0,600.0,600.0,600.0,600.0,600.0,0.6703333333333334,0.6580240277777777,0.6786420833333334,0.255,0.23408333333333337,0.2718333333333333,0.0,0.0,0.004249999999999995,0.0,0.0,0.0,0.023333333333333334,0.012416666666666668,0.04549999999999997,0.01,0.007416666666666667,0.01,0.15166666666666667,0.13575,0.16091666666666665,0.05,0.04666666666666667,0.05,0.9920243314513136
z_r5_d6,64,channel_lira_mismatched,30,600.0,600.0,600.0,600.0,600.0,600.0,0.6272263888888889,0.6148233333333334,0.6370426388888889,0.18666666666666665,0.16333333333333333,0.21141666666666664,0.0,0.0,0.002583333333333329,0.0,0.0,0.0,0.015,0.006666666666666667,0.02666666666666667,0.01,0.005,0.01,0.09666666666666666,0.07875,0.11791666666666664,0.05,0.04833333333333333,0.05,0.7409687282610458
z_r5_d6,64,deconvolved_mean_lira,30,600.0,600.0,600.0,600.0,600.0,600.0,0.6433486111111112,0.6288447222222223,0.6600869444444445,0.22416666666666668,0.2066666666666667,0.2530833333333334,0.0,0.0,0.0033333333333333335,0.0,0.0,0.0,0.005,0.0,0.011666666666666667,0.008333333333333333,0.0,0.01,0.0925,0.07075000000000001,0.10591666666666666,0.05,0.04833333333333333,0.05,0.8348648342581663
z_r5_d6,64,naive_mean_lira,30,600.0,600.0,600.0,600.0,600.0,600.0,0.6185180555555555,0.6065041666666667,0.628428611111111,0.17750000000000005,0.16391666666666663,0.20108333333333334,0.0,0.0,0.0016666666666666668,0.0,0.0,0.0,0.0125,0.0033333333333333335,0.023333333333333334,0.01,0.005750000000000001,0.01,0.07416666666666666,0.058166666666666665,0.08591666666666667,0.05,0.04666666666666667,0.05,0.6902512416481967
z_r5_d6,64,oracle_latent_lira,30,600.0,600.0,600.0,600.0,600.0,600.0,0.6717027777777778,0.6717027777777778,0.6717027777777778,0.2466666666666667,0.2466666666666667,0.2466666666666667,0.0016666666666666668,0.0016666666666666668,0.0016666666666666668,0.0,0.0,0.0,0.02,0.02,0.02,0.01,0.01,0.01,0.15,0.15,0.15,0.04833333333333333,0.04833333333333333,0.04833333333333333,1.0
zz_r1_d2,1024,channel_lira_matched,30,600.0,600.0,600.0,600.0,600.0,600.0,0.58005,0.5725430555555555,0.5871216666666667,0.1383333333333333,0.11816666666666668,0.14683333333333332,0.0016666666666666668,0.0016666666666666668,0.0033333333333333335,0.0,0.0,0.0,0.011666666666666667,0.006666666666666667,0.016666666666666666,0.01,0.008333333333333333,0.01,0.06583333333333333,0.06,0.07258333333333333,0.04833333333333333,0.04,0.05,0.9703683749747455
zz_r1_d2,1024,channel_lira_mismatched,30,600.0,600.0,600.0,600.0,600.0,600.0,0.5417111111111111,0.5395223611111111,0.5439148611111111,0.10166666666666666,0.09241666666666669,0.10758333333333336,0.0,0.0,0.0,0.0,0.0,0.0,0.005,0.005,0.006666666666666667,0.005,0.0033333333333333335,0.009249999999999996,0.03666666666666667,0.035,0.03833333333333333,0.04833333333333333,0.04,0.05,0.5056232742945658
zz_r1_d2,1024,deconvolved_mean_lira,30,600.0,600.0,600.0,600.0,600.0,600.0,0.5717791666666667,0.5606086111111112,0.5836968055555555,0.1333333333333334,0.11483333333333332,0.1509166666666667,0.005833333333333334,0.0016666666666666668,0.010916666666666663,0.0,0.0,0.0,0.011666666666666667,0.005,0.023333333333333334,0.008333333333333333,0.0,0.01,0.06666666666666667,0.04633333333333334,0.08333333333333333,0.05,0.04666666666666667,0.05,0.8701090982557758
zz_r1_d2,1024,naive_mean_lira,30,600.0,600.0,600.0,600.0,600.0,600.0,0.5415555555555556,0.5393052777777778,0.5437386111111111,0.10000000000000006,0.09241666666666669,0.10758333333333336,0.0,0.0,0.0,0.0,0.0,0.0,0.005,0.005,0.006666666666666667,0.005,0.0033333333333333335,0.009249999999999996,0.03666666666666667,0.035,0.03833333333333333,0.04666666666666667,0.04,0.05,0.5037376254293221
zz_r1_d2,1024,oracle_latent_lira,30,600.0,600.0,600.0,600.0,600.0,600.0,0.5824944444444444,0.5824944444444444,0.5824944444444444,0.14500000000000002,0.14500000000000002,0.14500000000000002,0.0033333333333333335,0.0033333333333333335,0.0033333333333333335,0.0,0.0,0.0,0.015,0.015,0.015,0.01,0.01,0.01,0.07666666666666666,0.07666666666666666,0.07666666666666666,0.05,0.05,0.05,1.0
zz_r1_d2,128,channel_lira_matched,30,600.0,600.0,600.0,600.0,600.0,600.0,0.5783555555555556,0.56743,0.5890933333333332,0.13333333333333333,0.11058333333333328,0.15349999999999991,0.0,0.0,0.0016666666666666668,0.0,0.0,0.0,0.006666666666666667,0.0024166666666666672,0.010916666666666663,0.01,0.005750000000000001,0.01,0.05583333333333333,0.04575,0.065,0.04833333333333333,0.044083333333333335,0.05,0.9498282712640592
zz_r1_d2,128,channel_lira_mismatched,30,600.0,600.0,600.0,600.0,600.0,600.0,0.5417416666666667,0.5334866666666667,0.550464861111111,0.09833333333333333,0.08741666666666668,0.11866666666666666,0.0016666666666666668,0.0,0.005,0.0,0.0,0.0,0.005,0.005,0.01,0.0033333333333333335,0.0,0.01,0.034166666666666665,0.029083333333333333,0.04,0.04833333333333333,0.041666666666666664,0.05,0.5059936696073812
zz_r1_d2,128,deconvolved_mean_lira,30,600.0,600.0,600.0,600.0,600.0,600.0,0.5601694444444445,0.5379769444444445,0.5723770833333334,0.1191666666666667,0.08741666666666668,0.1385,0.0,0.0,0.008333333333333333,0.0,0.0,0.0,0.01,0.005,0.01758333333333333,0.006666666666666667,0.0,0.01,0.056666666666666664,0.04,0.06941666666666665,0.04833333333333333,0.043916666666666666,0.05,0.7293757155364006
zz_r1_d2,128,naive_mean_lira,30,600.0,600.0,600.0,600.0,600.0,600.0,0.5404319444444445,0.5320380555555555,0.5483420833333333,0.09583333333333333,0.08574999999999999,0.11499999999999999,0.0,0.0,0.0016666666666666668,0.0,0.0,0.0,0.006666666666666667,0.005,0.008333333333333333,0.006666666666666667,0.0016666666666666668,0.01,0.03666666666666667,0.029083333333333333,0.04,0.04833333333333333,0.04075,0.05,0.4901171796080556
zz_r1_d2,128,oracle_latent_lira,30,600.0,600.0,600.0,600.0,600.0,600.0,0.5824944444444444,0.5824944444444444,0.5824944444444444,0.14500000000000002,0.14500000000000002,0.14500000000000002,0.0033333333333333335,0.0033333333333333335,0.0033333333333333335,0.0,0.0,0.0,0.015,0.015,0.015,0.01,0.01,0.01,0.07666666666666666,0.07666666666666666,0.07666666666666666,0.05,0.05,0.05,1.0
zz_r1_d2,256,channel_lira_matched,30,600.0,600.0,600.0,600.0,600.0,600.0,0.5793111111111111,0.5712055555555556,0.5911181944444445,0.13333333333333333,0.1233333333333334,0.1553333333333333,0.0,0.0,0.0016666666666666668,0.0,0.0,0.0,0.006666666666666667,0.0033333333333333335,0.011833333333333324,0.008333333333333333,0.006666666666666667,0.01,0.058333333333333334,0.051666666666666666,0.06683333333333333,0.04833333333333333,0.03816666666666667,0.05,0.9614115428648395
zz_r1_d2,256,channel_lira_mismatched,30,600.0,600.0,600.0,600.0,600.0,600.0,0.5413194444444445,0.5363197222222222,0.5447876388888889,0.10083333333333339,0.09166666666666667,0.10925000000000001,0.0,0.0,0.0033333333333333335,0.0,0.0,0.0,0.005,0.005,0.009249999999999996,0.004166666666666667,0.0016666666666666668,0.01,0.035,0.03075,0.03833333333333333,0.04666666666666667,0.04075,0.05,0.5008754798302919
zz_r1_d2,256,deconvolved_mean_lira,30,600.0,600.0,600.0,600.0,600.0,600.0,0.5662777777777777,0.553992361111111,0.57699625,0.12916666666666662,0.10908333333333332,0.15424999999999997,0.0016666666666666668,0.0,0.008333333333333333,0.0,0.0,0.0,0.011666666666666667,0.005,0.015916666666666662,0.0075,0.0016666666666666668,0.01,0.052500000000000005,0.04058333333333333,0.06774999999999999,0.049166666666666664,0.0415,0.05,0.803421105798369
zz_r1_d2,256,naive_mean_lira,30,600.0,600.0,600.0,600.0,600.0,600.0,0.5404986111111111,0.5355493055555556,0.54428375,0.09833333333333338,0.08833333333333337,0.11183333333333335,0.0,0.0,0.0016666666666666668,0.0,0.0,0.0,0.005,0.005,0.009249999999999996,0.005,0.0024166666666666672,0.01,0.035,0.03075,0.03758333333333333,0.0475,0.041666666666666664,0.05,0.49092531483601565
zz_r1_d2,256,oracle_latent_lira,30,600.0,600.0,600.0,600.0,600.0,600.0,0.5824944444444444,0.5824944444444444,0.5824944444444444,0.14500000000000002,0.14500000000000002,0.14500000000000002,0.0033333333333333335,0.0033333333333333335,0.0033333333333333335,0.0,0.0,0.0,0.015,0.015,0.015,0.01,0.01,0.01,0.07666666666666666,0.07666666666666666,0.07666666666666666,0.05,0.05,0.05,1.0
zz_r1_d2,32,channel_lira_matched,30,600.0,600.0,600.0,600.0,600.0,600.0,0.5700055555555555,0.55779,0.5897312499999999,0.11833333333333337,0.09666666666666668,0.14333333333333337,0.0,0.0,0.0016666666666666668,0.0,0.0,0.0,0.006666666666666667,0.0033333333333333335,0.013333333333333334,0.008333333333333333,0.004083333333333334,0.01,0.060833333333333336,0.04816666666666667,0.07516666666666666,0.04833333333333333,0.04575,0.05,0.848609333961883
zz_r1_d2,32,channel_lira_mismatched,30,600.0,600.0,600.0,600.0,600.0,600.0,0.5426444444444445,0.5340579166666667,0.5586094444444444,0.10000000000000003,0.08616666666666667,0.1334166666666666,0.0016666666666666668,0.0,0.005,0.0,0.0,0.0,0.01,0.0048333333333333344,0.015916666666666662,0.01,0.0031666666666666675,0.01,0.03333333333333333,0.025,0.04349999999999999,0.04833333333333333,0.043333333333333335,0.05,0.5169371674860266
zz_r1_d2,32,deconvolved_mean_lira,30,600.0,600.0,600.0,600.0,600.0,600.0,0.5403958333333334,0.5225345833333334,0.5632087499999999,0.09833333333333333,0.0724166666666667,0.13333333333333336,0.0016666666666666668,0.0,0.005,0.0,0.0,0.0,0.011666666666666667,0.005,0.016666666666666666,0.008333333333333333,0.005,0.01,0.04833333333333333,0.03041666666666667,0.06091666666666666,0.04833333333333333,0.045,0.05,0.4896794396929096
zz_r1_d2,32,naive_mean_lira,30,600.0,600.0,600.0,600.0,600.0,600.0,0.5352444444444444,0.5283731944444445,0.5504565277777778,0.09000000000000002,0.07666666666666666,0.11775000000000004,0.0,0.0,0.0033333333333333335,0.0,0.0,0.0,0.006666666666666667,0.0024166666666666672,0.01258333333333333,0.006666666666666667,0.0033333333333333335,0.01,0.03666666666666667,0.03,0.04425,0.04833333333333333,0.041666666666666664,0.05,0.4272341571823015
zz_r1_d2,32,oracle_latent_lira,30,600.0,600.0,600.0,600.0,600.0,600.0,0.5824944444444444,0.5824944444444444,0.5824944444444444,0.14500000000000002,0.14500000000000002,0.14500000000000002,0.0033333333333333335,0.0033333333333333335,0.0033333333333333335,0.0,0.0,0.0,0.015,0.015,0.015,0.01,0.01,0.01,0.07666666666666666,0.07666666666666666,0.07666666666666666,0.05,0.05,0.05,1.0
zz_r1_d2,512,channel_lira_matched,30,600.0,600.0,600.0,600.0,600.0,600.0,0.5821069444444444,0.5728037500000001,0.5879693055555556,0.13666666666666671,0.12316666666666669,0.14683333333333334,0.0016666666666666668,0.0,0.0033333333333333335,0.0,0.0,0.0,0.008333333333333333,0.005,0.014249999999999995,0.01,0.008333333333333333,0.01,0.06166666666666667,0.05483333333333333,0.06758333333333333,0.04833333333333333,0.043333333333333335,0.05,0.995302713987474
zz_r1_d2,512,channel_lira_mismatched,30,600.0,600.0,600.0,600.0,600.0,600.0,0.5416791666666667,0.5373052777777778,0.5448416666666667,0.10000000000000003,0.09333333333333338,0.10925000000000001,0.0,0.0,0.0016666666666666668,0.0,0.0,0.0,0.005,0.005,0.007583333333333329,0.005,0.0016666666666666668,0.01,0.035,0.03333333333333333,0.03924999999999999,0.0475,0.04075,0.05,0.5052360428311677
zz_r1_d2,512,deconvolved_mean_lira,30,600.0,600.0,600.0,600.0,600.0,600.0,0.5701152777777778,0.5571459722222223,0.583576388888889,0.13083333333333336,0.10908333333333332,0.14850000000000002,0.004166666666666667,0.0,0.009249999999999996,0.0,0.0,0.0,0.011666666666666667,0.005,0.022916666666666644,0.008333333333333333,0.0016666666666666668,0.01,0.06,0.042416666666666665,0.08424999999999999,0.05,0.04666666666666667,0.05,0.8499393898579035
zz_r1_d2,512,naive_mean_lira,30,600.0,600.0,600.0,600.0,600.0,600.0,0.54125,0.5367955555555555,0.5444661111111111,0.09916666666666668,0.09333333333333332,0.10924999999999996,0.0,0.0,0.0016666666666666668,0.0,0.0,0.0,0.005,0.005,0.007583333333333329,0.005,0.0033333333333333335,0.01,0.03666666666666667,0.03333333333333333,0.03833333333333333,0.04666666666666667,0.03833333333333333,0.05,0.5000336723011652
zz_r1_d2,512,oracle_latent_lira,30,600.0,600.0,600.0,600.0,600.0,600.0,0.5824944444444444,0.5824944444444444,0.5824944444444444,0.14500000000000002,0.14500000000000002,0.14500000000000002,0.0033333333333333335,0.0033333333333333335,0.0033333333333333335,0.0,0.0,0.0,0.015,0.015,0.015,0.01,0.01,0.01,0.07666666666666666,0.07666666666666666,0.07666666666666666,0.05,0.05,0.05,1.0
zz_r1_d2,64,channel_lira_matched,30,600.0,600.0,600.0,600.0,600.0,600.0,0.57545,0.5654519444444445,0.58384875,0.1266666666666667,0.11833333333333335,0.14925,0.0,0.0,0.0,0.0,0.0,0.0,0.0033333333333333335,0.0016666666666666668,0.011666666666666667,0.008333333333333333,0.0033333333333333335,0.01,0.051666666666666666,0.043333333333333335,0.06425,0.05,0.04741666666666667,0.05,0.9146070442454042
zz_r1_d2,64,channel_lira_mismatched,30,600.0,600.0,600.0,600.0,600.0,600.0,0.5408041666666668,0.5348420833333334,0.5471770833333333,0.10249999999999998,0.08833333333333335,0.11941666666666663,0.0,0.0,0.005,0.0,0.0,0.0,0.008333333333333333,0.005,0.013499999999999991,0.008333333333333333,0.0024166666666666672,0.01,0.03333333333333333,0.027416666666666666,0.03924999999999999,0.04833333333333333,0.044083333333333335,0.05,0.49462926796417384
zz_r1_d2,64,deconvolved_mean_lira,30,600.0,600.0,600.0,600.0,600.0,600.0,0.5542027777777778,0.5419245833333334,0.566195,0.11500000000000005,0.09724999999999998,0.1375833333333333,0.0016666666666666668,0.0,0.004249999999999995,0.0,0.0,0.0,0.014166666666666668,0.008333333333333333,0.02108333333333332,0.01,0.005750000000000001,0.01,0.055,0.034833333333333334,0.06091666666666666,0.05,0.04575,0.05,0.657047612633848
zz_r1_d2,64,naive_mean_lira,30,600.0,600.0,600.0,600.0,600.0,600.0,0.5376888888888889,0.5311545833333333,0.5426668055555556,0.09333333333333327,0.08225000000000002,0.11774999999999998,0.0,0.0,0.000916666666666662,0.0,0.0,0.0,0.006666666666666667,0.005,0.01,0.006666666666666667,0.0033333333333333335,0.01,0.035,0.029083333333333333,0.04,0.05,0.03966666666666667,0.05,0.4568657822075561
zz_r1_d2,64,oracle_latent_lira,30,600.0,600.0,600.0,600.0,600.0,600.0,0.5824944444444444,0.5824944444444444,0.5824944444444444,0.14500000000000002,0.14500000000000002,0.14500000000000002,0.0033333333333333335,0.0033333333333333335,0.0033333333333333335,0.0,0.0,0.0,0.015,0.015,0.015,0.01,0.01,0.01,0.07666666666666666,0.07666666666666666,0.07666666666666666,0.05,0.05,0.05,1.0
zz_r1_d6,1024,channel_lira_matched,30,600.0,600.0,600.0,600.0,600.0,600.0,0.6618236111111111,0.6551565277777778,0.6666119444444444,0.22666666666666668,0.2131666666666667,0.24108333333333332,0.013333333333333334,0.008333333333333333,0.020916666666666663,0.0,0.0,0.0,0.04,0.03333333333333333,0.04666666666666667,0.01,0.007416666666666667,0.01,0.13583333333333333,0.11908333333333333,0.15108333333333332,0.05,0.04741666666666667,0.05,1.0660512013468257
zz_r1_d6,1024,channel_lira_mismatched,30,600.0,600.0,600.0,600.0,600.0,600.0,0.6252444444444445,0.6237473611111111,0.6273808333333334,0.19666666666666674,0.19408333333333336,0.21000000000000002,0.0,0.0,0.0,0.0,0.0,0.0,0.035,0.03333333333333333,0.03666666666666667,0.008333333333333333,0.008333333333333333,0.01,0.10416666666666666,0.09908333333333333,0.11258333333333333,0.05,0.041666666666666664,0.05,0.8250773143996928
zz_r1_d6,1024,deconvolved_mean_lira,30,600.0,600.0,600.0,600.0,600.0,600.0,0.6187375,0.6092190277777778,0.6345159722222222,0.19249999999999998,0.17725000000000002,0.21499999999999997,0.005,0.0024166666666666672,0.01,0.0,0.0,0.0,0.01,0.006666666666666667,0.016666666666666666,0.006666666666666667,0.0016666666666666668,0.01,0.065,0.04725,0.07591666666666666,0.05,0.04666666666666667,0.05,0.7822112833275388
zz_r1_d6,1024,naive_mean_lira,30,600.0,600.0,600.0,600.0,600.0,600.0,0.6248625000000001,0.6232963888888888,0.6268544444444445,0.19833333333333336,0.19408333333333333,0.21000000000000002,0.0,0.0,0.0,0.0,0.0,0.0,0.035,0.034083333333333334,0.03666666666666667,0.008333333333333333,0.008333333333333333,0.01,0.10166666666666667,0.09741666666666667,0.11091666666666666,0.04833333333333333,0.035750000000000004,0.05,0.8225611652972721
zz_r1_d6,1024,oracle_latent_lira,30,600.0,600.0,600.0,600.0,600.0,600.0,0.6517972222222223,0.6517972222222223,0.6517972222222223,0.22500000000000003,0.22500000000000003,0.22500000000000003,0.0,0.0,0.0,0.0,0.0,0.0,0.03833333333333333,0.03833333333333333,0.03833333333333333,0.01,0.01,0.01,0.11333333333333333,0.11333333333333333,0.11333333333333333,0.05,0.05,0.05,1.0
zz_r1_d6,128,channel_lira_matched,30,600.0,600.0,600.0,600.0,600.0,600.0,0.6603541666666666,0.6542883333333334,0.6722569444444444,0.22249999999999998,0.21058333333333337,0.24849999999999994,0.018333333333333333,0.010750000000000001,0.024249999999999997,0.0,0.0,0.0,0.04583333333333334,0.029833333333333333,0.06091666666666666,0.01,0.007416666666666667,0.01,0.15416666666666667,0.13891666666666666,0.16758333333333333,0.05,0.04666666666666667,0.05,1.0563708895273292
zz_r1_d6,128,channel_lira_mismatched,30,600.0,600.0,600.0,600.0,600.0,600.0,0.6255638888888888,0.6210122222222222,0.6321783333333334,0.20083333333333336,0.1870833333333333,0.21758333333333335,0.0,0.0,0.0,0.0,0.0,0.0,0.03,0.027416666666666666,0.035,0.01,0.007416666666666667,0.01,0.11,0.09241666666666666,0.12016666666666666,0.05,0.04741666666666667,0.05,0.8271817300126258
zz_r1_d6,128,deconvolved_mean_lira,30,600.0,600.0,600.0,600.0,600.0,600.0,0.5963430555555556,0.5835256944444445,0.6106061111111111,0.1733333333333333,0.14816666666666667,0.1975833333333333,0.006666666666666667,0.0024166666666666672,0.010916666666666663,0.0,0.0,0.0,0.011666666666666667,0.006666666666666667,0.021666666666666667,0.008333333333333333,0.0,0.01,0.04,0.027416666666666666,0.059583333333333315,0.04833333333333333,0.042416666666666665,0.05,0.6346825992277708
zz_r1_d6,128,naive_mean_lira,30,600.0,600.0,600.0,600.0,600.0,600.0,0.6232166666666666,0.6183306944444444,0.6293799999999999,0.1975,0.18575000000000003,0.21349999999999997,0.0,0.0,0.0,0.0,0.0,0.0,0.035,0.03,0.03924999999999999,0.01,0.008333333333333333,0.01,0.10166666666666667,0.09408333333333334,0.10758333333333334,0.049166666666666664,0.044083333333333335,0.05,0.8117188500741117
zz_r1_d6,128,oracle_latent_lira,30,600.0,600.0,600.0,600.0,600.0,600.0,0.6517972222222223,0.6517972222222223,0.6517972222222223,0.22500000000000003,0.22500000000000003,0.22500000000000003,0.0,0.0,0.0,0.0,0.0,0.0,0.03833333333333333,0.03833333333333333,0.03833333333333333,0.01,0.01,0.01,0.11333333333333333,0.11333333333333333,0.11333333333333333,0.05,0.05,0.05,1.0
zz_r1_d6,256,channel_lira_matched,30,600.0,600.0,600.0,600.0,600.0,600.0,0.6631847222222222,0.6558516666666666,0.6722041666666666,0.22500000000000006,0.21408333333333338,0.24683333333333332,0.02,0.014083333333333333,0.029249999999999995,0.0,0.0,0.0,0.043333333333333335,0.03075,0.055,0.01,0.007416666666666667,0.01,0.1525,0.13075,0.16333333333333333,0.05,0.045,0.05,1.0750178417845444
zz_r1_d6,256,channel_lira_mismatched,30,600.0,600.0,600.0,600.0,600.0,600.0,0.6265638888888889,0.622900138888889,0.6283166666666666,0.20166666666666666,0.19166666666666674,0.21274999999999997,0.0,0.0,0.0,0.0,0.0,0.0,0.03333333333333333,0.03,0.035,0.008333333333333333,0.006666666666666667,0.01,0.10750000000000001,0.09741666666666667,0.11666666666666667,0.05,0.04575,0.05,0.8337694658444197
zz_r1_d6,256,deconvolved_mean_lira,30,600.0,600.0,600.0,600.0,600.0,600.0,0.6115069444444445,0.5922175,0.6231363888888889,0.18833333333333335,0.16741666666666669,0.21183333333333335,0.006666666666666667,0.0033333333333333335,0.01,0.0,0.0,0.0,0.011666666666666667,0.006666666666666667,0.018333333333333333,0.008333333333333333,0.0016666666666666668,0.01,0.041666666666666664,0.030583333333333334,0.07108333333333332,0.05,0.045,0.05,0.7345782934104347
zz_r1_d6,256,naive_mean_lira,30,600.0,600.0,600.0,600.0,600.0,600.0,0.6247986111111111,0.6210752777777778,0.6268702777777778,0.19666666666666668,0.18983333333333333,0.21091666666666664,0.0,0.0,0.0,0.0,0.0,0.0,0.035,0.03166666666666667,0.03924999999999999,0.008333333333333333,0.007416666666666667,0.01,0.10333333333333333,0.09575,0.10925,0.049166666666666664,0.04225,0.05,0.8221402821746847
zz_r1_d6,256,oracle_latent_lira,30,600.0,600.0,600.0,600.0,600.0,600.0,0.6517972222222223,0.6517972222222223,0.6517972222222223,0.22500000000000003,0.22500000000000003,0.22500000000000003,0.0,0.0,0.0,0.0,0.0,0.0,0.03833333333333333,0.03833333333333333,0.03833333333333333,0.01,0.01,0.01,0.11333333333333333,0.11333333333333333,0.11333333333333333,0.05,0.05,0.05,1.0
zz_r1_d6,32,channel_lira_matched,30,600.0,600.0,600.0,600.0,600.0,600.0,0.6637319444444445,0.6533691666666667,0.6778166666666666,0.23166666666666663,0.20783333333333334,0.25608333333333333,0.01583333333333333,0.01,0.03,0.0,0.0,0.0,0.06416666666666668,0.044083333333333335,0.08424999999999999,0.01,0.006666666666666667,0.01,0.16249999999999998,0.13966666666666666,0.18591666666666667,0.04833333333333333,0.04666666666666667,0.05,1.0786227972258313
zz_r1_d6,32,channel_lira_mismatched,30,600.0,600.0,600.0,600.0,600.0,600.0,0.6265305555555556,0.6172919444444445,0.6363434722222222,0.19666666666666668,0.17816666666666672,0.21258333333333337,0.0,0.0,0.0,0.0,0.0,0.0,0.028333333333333332,0.019833333333333335,0.04108333333333332,0.009166666666666667,0.005,0.01,0.11666666666666667,0.09575,0.13091666666666665,0.05,0.04666666666666667,0.05,0.8335498746500266
zz_r1_d6,32,deconvolved_mean_lira,30,600.0,600.0,600.0,600.0,600.0,600.0,0.5775347222222222,0.5630509722222222,0.60317,0.16,0.12983333333333333,0.19199999999999998,0.008333333333333333,0.006666666666666667,0.014416666666666652,0.0,0.0,0.0,0.011666666666666667,0.008333333333333333,0.02,0.006666666666666667,0.0007500000000000003,0.01,0.043333333333333335,0.029833333333333333,0.05925,0.04833333333333333,0.04,0.05,0.5107782677914616
zz_r1_d6,32,naive_mean_lira,30,600.0,600.0,600.0,600.0,600.0,600.0,0.6172222222222221,0.606638888888889,0.6255890277777777,0.18666666666666668,0.17166666666666675,0.20591666666666666,0.0,0.0,0.0,0.0,0.0,0.0,0.034166666666666665,0.027416666666666666,0.04425,0.01,0.008333333333333333,0.01,0.09666666666666666,0.08741666666666667,0.11108333333333331,0.04833333333333333,0.043333333333333335,0.05,0.7722290336157511
zz_r1_d6,32,oracle_latent_lira,30,600.0,600.0,600.0,600.0,600.0,600.0,0.6517972222222223,0.6517972222222223,0.6517972222222223,0.22500000000000003,0.22500000000000003,0.22500000000000003,0.0,0.0,0.0,0.0,0.0,0.0,0.03833333333333333,0.03833333333333333,0.03833333333333333,0.01,0.01,0.01,0.11333333333333333,0.11333333333333333,0.11333333333333333,0.05,0.05,0.05,1.0
zz_r1_d6,512,channel_lira_matched,30,600.0,600.0,600.0,600.0,600.0,600.0,0.6627694444444445,0.6537769444444445,0.6684356944444445,0.22750000000000006,0.20908333333333332,0.24275,0.016666666666666666,0.008166666666666668,0.024249999999999997,0.0,0.0,0.0,0.04,0.03333333333333333,0.04758333333333333,0.01,0.008333333333333333,0.01,0.1375,0.12833333333333333,0.15333333333333332,0.05,0.04666666666666667,0.05,1.0722821014877306
zz_r1_d6,512,channel_lira_mismatched,30,600.0,600.0,600.0,600.0,600.0,600.0,0.6257430555555555,0.6217672222222222,0.6282570833333334,0.20166666666666666,0.19150000000000003,0.2083333333333333,0.0,0.0,0.0,0.0,0.0,0.0,0.035,0.03166666666666667,0.03666666666666667,0.008333333333333333,0.008333333333333333,0.01,0.10333333333333333,0.09666666666666666,0.11683333333333333,0.04833333333333333,0.042416666666666665,0.05,0.8283620326824892
zz_r1_d6,512,deconvolved_mean_lira,30,600.0,600.0,600.0,600.0,600.0,600.0,0.6116916666666667,0.5988544444444445,0.6215026388888889,0.18333333333333338,0.16666666666666674,0.20775,0.006666666666666667,0.0031666666666666675,0.010916666666666663,0.0,0.0,0.0,0.011666666666666667,0.006666666666666667,0.02258333333333333,0.008333333333333333,0.0,0.01,0.050833333333333335,0.02391666666666667,0.07866666666666665,0.05,0.04666666666666667,0.05,0.7357951946126964
zz_r1_d6,512,naive_mean_lira,30,600.0,600.0,600.0,600.0,600.0,600.0,0.6249736111111112,0.6208211111111112,0.6272391666666667,0.20083333333333336,0.19166666666666665,0.21,0.0,0.0,0.0,0.0,0.0,0.0,0.035,0.03333333333333333,0.03833333333333333,0.008333333333333333,0.008333333333333333,0.01,0.10166666666666667,0.09666666666666666,0.11016666666666666,0.05,0.03908333333333333,0.05,0.8232931359452488
zz_r1_d6,512,oracle_latent_lira,30,600.0,600.0,600.0,600.0,600.0,600.0,0.6517972222222223,0.6517972222222223,0.6517972222222223,0.22500000000000003,0.22500000000000003,0.22500000000000003,0.0,0.0,0.0,0.0,0.0,0.0,0.03833333333333333,0.03833333333333333,0.03833333333333333,0.01,0.01,0.01,0.11333333333333333,0.11333333333333333,0.11333333333333333,0.05,0.05,0.05,1.0
zz_r1_d6,64,channel_lira_matched,30,600.0,600.0,600.0,600.0,600.0,600.0,0.6637208333333333,0.6536580555555556,0.6761076388888889,0.22499999999999998,0.21133333333333335,0.25275,0.016666666666666666,0.010750000000000001,0.03924999999999999,0.0,0.0,0.0,0.05583333333333333,0.043333333333333335,0.08,0.01,0.008333333333333333,0.01,0.16499999999999998,0.13558333333333333,0.17925,0.05,0.04575,0.05,1.0785496001610333
zz_r1_d6,64,channel_lira_mismatched,30,600.0,600.0,600.0,600.0,600.0,600.0,0.6274249999999999,0.6186861111111112,0.6371948611111111,0.19833333333333336,0.17908333333333337,0.2175833333333333,0.0,0.0,0.0,0.0,0.0,0.0,0.029166666666666667,0.022416666666666668,0.03849999999999999,0.01,0.006666666666666667,0.01,0.11333333333333333,0.09575,0.13349999999999998,0.05,0.04741666666666667,0.05,0.8394422383662407
zz_r1_d6,64,deconvolved_mean_lira,30,600.0,600.0,600.0,600.0,600.0,600.0,0.5890625,0.5682752777777779,0.6049788888888888,0.17166666666666663,0.14058333333333334,0.20233333333333334,0.008333333333333333,0.004083333333333334,0.01258333333333333,0.0,0.0,0.0,0.011666666666666667,0.005750000000000001,0.02,0.005,0.0007500000000000003,0.01,0.04416666666666667,0.035750000000000004,0.05333333333333334,0.04833333333333333,0.045,0.05,0.5867202225190772
zz_r1_d6,64,naive_mean_lira,30,600.0,600.0,600.0,600.0,600.0,600.0,0.6216513888888888,0.6117111111111111,0.62932625,0.19416666666666668,0.17500000000000004,0.20941666666666664,0.0,0.0,0.0,0.0,0.0,0.0,0.034166666666666665,0.02666666666666667,0.043333333333333335,0.01,0.006666666666666667,0.01,0.10166666666666667,0.09316666666666666,0.11166666666666666,0.04666666666666667,0.043333333333333335,0.05,0.8014072135707352
zz_r1_d6,64,oracle_latent_lira,30,600.0,600.0,600.0,600.0,600.0,600.0,0.6517972222222223,0.6517972222222223,0.6517972222222223,0.22500000000000003,0.22500000000000003,0.22500000000000003,0.0,0.0,0.0,0.0,0.0,0.0,0.03833333333333333,0.03833333333333333,0.03833333333333333,0.01,0.01,0.01,0.11333333333333333,0.11333333333333333,0.11333333333333333,0.05,0.05,0.05,1.0
zz_r5_d2,1024,channel_lira_matched,30,600.0,600.0,600.0,600.0,600.0,600.0,0.5560069444444444,0.5543494444444446,0.5609443055555555,0.11333333333333329,0.10408333333333336,0.11941666666666663,0.0,0.0,0.0,0.0,0.0,0.0,0.019166666666666665,0.011666666666666667,0.025916666666666664,0.01,0.008333333333333333,0.01,0.059166666666666666,0.051666666666666666,0.06683333333333333,0.04833333333333333,0.04666666666666667,0.05,0.9449104883306783
zz_r5_d2,1024,channel_lira_mismatched,30,600.0,600.0,600.0,600.0,600.0,600.0,0.5442652777777778,0.5414058333333334,0.54727875,0.08499999999999996,0.07741666666666668,0.09166666666666667,0.0,0.0,0.0,0.0,0.0,0.0,0.013333333333333334,0.011666666666666667,0.015916666666666662,0.01,0.008333333333333333,0.01,0.055,0.051666666666666666,0.056666666666666664,0.04833333333333333,0.03983333333333333,0.05,0.7468131971131322
zz_r5_d2,1024,deconvolved_mean_lira,30,600.0,600.0,600.0,600.0,600.0,600.0,0.5555763888888888,0.5522980555555556,0.5597141666666666,0.11000000000000004,0.1024166666666667,0.1183333333333334,0.0,0.0,0.0016666666666666668,0.0,0.0,0.0,0.01,0.004083333333333334,0.018499999999999992,0.01,0.007416666666666667,0.01,0.056666666666666664,0.051666666666666666,0.06333333333333334,0.05,0.044083333333333335,0.05,0.9376464523385507
zz_r5_d2,1024,naive_mean_lira,30,600.0,600.0,600.0,600.0,600.0,600.0,0.5442805555555555,0.5413994444444444,0.5472691666666666,0.08416666666666667,0.07816666666666665,0.09258333333333335,0.0,0.0,0.0,0.0,0.0,0.0,0.013333333333333334,0.011666666666666667,0.015916666666666662,0.01,0.008333333333333333,0.01,0.055,0.05241666666666667,0.056666666666666664,0.04833333333333333,0.043333333333333335,0.05,0.7470709532289816
zz_r5_d2,1024,oracle_latent_lira,30,600.0,600.0,600.0,600.0,600.0,600.0,0.5592722222222222,0.5592722222222222,0.5592722222222222,0.10999999999999999,0.10999999999999999,0.10999999999999999,0.0,0.0,0.0,0.0,0.0,0.0,0.011666666666666667,0.011666666666666667,0.011666666666666667,0.01,0.01,0.01,0.06166666666666667,0.06166666666666667,0.06166666666666667,0.05,0.05,0.05,1.0
zz_r5_d2,128,channel_lira_matched,30,600.0,600.0,600.0,600.0,600.0,600.0,0.5554388888888888,0.5457327777777777,0.563635,0.11166666666666669,0.09408333333333335,0.13,0.0,0.0,0.0,0.0,0.0,0.0,0.016666666666666666,0.01,0.025916666666666664,0.01,0.006666666666666667,0.01,0.06166666666666667,0.055,0.07425,0.04833333333333333,0.044083333333333335,0.05,0.9353266472959036
zz_r5_d2,128,channel_lira_mismatched,30,600.0,600.0,600.0,600.0,600.0,600.0,0.5453861111111111,0.5365356944444444,0.5501002777777778,0.08500000000000002,0.07166666666666666,0.09758333333333333,0.0,0.0,0.0,0.0,0.0,0.0,0.013333333333333334,0.008333333333333333,0.016666666666666666,0.01,0.006666666666666667,0.01,0.057499999999999996,0.05075,0.06258333333333334,0.04833333333333333,0.044083333333333335,0.05,0.7657231230668301
zz_r5_d2,128,deconvolved_mean_lira,30,600.0,600.0,600.0,600.0,600.0,600.0,0.5517152777777778,0.5398815277777778,0.5628105555555555,0.10833333333333339,0.08983333333333336,0.125,0.0016666666666666668,0.0,0.0033333333333333335,0.0,0.0,0.0,0.006666666666666667,0.0033333333333333335,0.015,0.008333333333333333,0.0016666666666666668,0.01,0.055,0.042416666666666665,0.06849999999999999,0.05,0.044083333333333335,0.05,0.8725044521510938
zz_r5_d2,128,naive_mean_lira,30,600.0,600.0,600.0,600.0,600.0,600.0,0.5452930555555555,0.5361951388888889,0.5499375,0.08416666666666667,0.07408333333333333,0.10091666666666671,0.0,0.0,0.0,0.0,0.0,0.0,0.013333333333333334,0.006666666666666667,0.015916666666666662,0.01,0.006666666666666667,0.01,0.058333333333333334,0.051500000000000004,0.06683333333333333,0.049166666666666664,0.04575,0.05,0.764153153997563
zz_r5_d2,128,oracle_latent_lira,30,600.0,600.0,600.0,600.0,600.0,600.0,0.5592722222222222,0.5592722222222222,0.5592722222222222,0.10999999999999999,0.10999999999999999,0.10999999999999999,0.0,0.0,0.0,0.0,0.0,0.0,0.011666666666666667,0.011666666666666667,0.011666666666666667,0.01,0.01,0.01,0.06166666666666667,0.06166666666666667,0.06166666666666667,0.05,0.05,0.05,1.0
zz_r5_d2,256,channel_lira_matched,30,600.0,600.0,600.0,600.0,600.0,600.0,0.555463888888889,0.5525423611111111,0.5586740277777777,0.11250000000000004,0.1040833333333334,0.12441666666666669,0.0,0.0,0.0,0.0,0.0,0.0,0.019166666666666665,0.011500000000000002,0.02666666666666667,0.01,0.007416666666666667,0.01,0.06166666666666667,0.05333333333333334,0.07,0.049166666666666664,0.045,0.05,0.9357484300309331
zz_r5_d2,256,channel_lira_mismatched,30,600.0,600.0,600.0,600.0,600.0,600.0,0.543861111111111,0.541725,0.5476526388888888,0.08499999999999996,0.07741666666666668,0.09758333333333336,0.0,0.0,0.0,0.0,0.0,0.0,0.013333333333333334,0.01,0.016666666666666666,0.01,0.006666666666666667,0.01,0.05333333333333334,0.051666666666666666,0.06166666666666667,0.04833333333333333,0.041666666666666664,0.05,0.7399943762301987
zz_r5_d2,256,deconvolved_mean_lira,30,600.0,600.0,600.0,600.0,600.0,600.0,0.5545541666666667,0.5477795833333333,0.5585848611111112,0.11166666666666669,0.10166666666666668,0.12,0.0,0.0,0.0033333333333333335,0.0,0.0,0.0,0.008333333333333333,0.0033333333333333335,0.023499999999999993,0.01,0.006666666666666667,0.01,0.056666666666666664,0.04575,0.06833333333333333,0.04833333333333333,0.043166666666666666,0.05,0.9204002249507931
zz_r5_d2,256,naive_mean_lira,30,600.0,600.0,600.0,600.0,600.0,600.0,0.5437222222222222,0.5417809722222222,0.5475426388888888,0.08499999999999999,0.07741666666666668,0.10108333333333334,0.0,0.0,0.0,0.0,0.0,0.0,0.013333333333333334,0.01,0.016666666666666666,0.01,0.006666666666666667,0.01,0.055,0.051666666666666666,0.06166666666666667,0.04833333333333333,0.045,0.05,0.7376511388133852
zz_r5_d2,256,oracle_latent_lira,30,600.0,600.0,600.0,600.0,600.0,600.0,0.5592722222222222,0.5592722222222222,0.5592722222222222,0.10999999999999999,0.10999999999999999,0.10999999999999999,0.0,0.0,0.0,0.0,0.0,0.0,0.011666666666666667,0.011666666666666667,0.011666666666666667,0.01,0.01,0.01,0.06166666666666667,0.06166666666666667,0.06166666666666667,0.05,0.05,0.05,1.0
zz_r5_d2,32,channel_lira_matched,30,600.0,600.0,600.0,600.0,600.0,600.0,0.5519777777777778,0.5379816666666667,0.5656825,0.10416666666666669,0.08025000000000004,0.1335,0.0,0.0,0.0,0.0,0.0,0.0,0.013333333333333334,0.007416666666666667,0.025,0.01,0.005750000000000001,0.01,0.06166666666666667,0.05075,0.07608333333333332,0.05,0.045,0.05,0.8769331708688733
zz_r5_d2,32,channel_lira_mismatched,30,600.0,600.0,600.0,600.0,600.0,600.0,0.5416861111111111,0.5314716666666667,0.5590824999999999,0.09083333333333338,0.06741666666666667,0.1153333333333333,0.0,0.0,0.0,0.0,0.0,0.0,0.013333333333333334,0.01,0.023499999999999993,0.01,0.006666666666666667,0.01,0.06166666666666667,0.04908333333333333,0.07666666666666666,0.05,0.04666666666666667,0.05,0.7032992782828759
zz_r5_d2,32,deconvolved_mean_lira,30,600.0,600.0,600.0,600.0,600.0,600.0,0.5449597222222222,0.5282701388888889,0.5560304166666667,0.09666666666666668,0.07241666666666667,0.12158333333333336,0.0016666666666666668,0.0,0.005,0.0,0.0,0.0,0.009166666666666667,0.005,0.013333333333333334,0.006666666666666667,0.0016666666666666668,0.01,0.056666666666666664,0.042416666666666665,0.07441666666666664,0.049166666666666664,0.04575,0.05,0.7585293841972075
zz_r5_d2,32,naive_mean_lira,30,600.0,600.0,600.0,600.0,600.0,600.0,0.5411791666666667,0.5282827777777778,0.5576986111111111,0.09249999999999997,0.06908333333333333,0.11549999999999996,0.0,0.0,0.0,0.0,0.0,0.0,0.01,0.0016666666666666668,0.02016666666666666,0.01,0.0048333333333333344,0.01,0.06333333333333334,0.05,0.07516666666666666,0.04833333333333333,0.04575,0.05,0.694746461711501
zz_r5_d2,32,oracle_latent_lira,30,600.0,600.0,600.0,600.0,600.0,600.0,0.5592722222222222,0.5592722222222222,0.5592722222222222,0.10999999999999999,0.10999999999999999,0.10999999999999999,0.0,0.0,0.0,0.0,0.0,0.0,0.011666666666666667,0.011666666666666667,0.011666666666666667,0.01,0.01,0.01,0.06166666666666667,0.06166666666666667,0.06166666666666667,0.05,0.05,0.05,1.0
zz_r5_d2,512,channel_lira_matched,30,600.0,600.0,600.0,600.0,600.0,600.0,0.5583125,0.5512512500000001,0.5616570833333333,0.11583333333333334,0.10391666666666668,0.12591666666666668,0.0,0.0,0.0,0.0,0.0,0.0,0.018333333333333333,0.014083333333333333,0.025,0.01,0.007416666666666667,0.01,0.06166666666666667,0.055,0.07091666666666667,0.05,0.04666666666666667,0.05,0.9838082294498085
zz_r5_d2,512,channel_lira_mismatched,30,600.0,600.0,600.0,600.0,600.0,600.0,0.5445277777777777,0.54124375,0.5472808333333333,0.08583333333333337,0.07666666666666666,0.09333333333333338,0.0,0.0,0.0,0.0,0.0,0.0,0.013333333333333334,0.011666666666666667,0.015916666666666662,0.009166666666666667,0.008333333333333333,0.01,0.055,0.051666666666666666,0.06166666666666667,0.04666666666666667,0.03833333333333333,0.05,0.7512419158309117
zz_r5_d2,512,deconvolved_mean_lira,30,600.0,600.0,600.0,600.0,600.0,600.0,0.5584722222222223,0.5483266666666666,0.5613108333333334,0.11333333333333334,0.10075000000000006,0.1266666666666667,0.0,0.0,0.0033333333333333335,0.0,0.0,0.0,0.0125,0.004083333333333334,0.021666666666666667,0.01,0.008333333333333333,0.01,0.059166666666666666,0.05,0.06758333333333333,0.05,0.045,0.05,0.9865029524791467
zz_r5_d2,512,naive_mean_lira,30,600.0,600.0,600.0,600.0,600.0,600.0,0.5445138888888889,0.5412947222222222,0.547273888888889,0.0866666666666667,0.07666666666666672,0.095,0.0,0.0,0.0,0.0,0.0,0.0,0.013333333333333334,0.011666666666666667,0.015916666666666662,0.01,0.008333333333333333,0.01,0.055,0.051666666666666666,0.06091666666666666,0.0475,0.04075,0.05,0.7510075920892305
zz_r5_d2,512,oracle_latent_lira,30,600.0,600.0,600.0,600.0,600.0,600.0,0.5592722222222222,0.5592722222222222,0.5592722222222222,0.10999999999999999,0.10999999999999999,0.10999999999999999,0.0,0.0,0.0,0.0,0.0,0.0,0.011666666666666667,0.011666666666666667,0.011666666666666667,0.01,0.01,0.01,0.06166666666666667,0.06166666666666667,0.06166666666666667,0.05,0.05,0.05,1.0
zz_r5_d2,64,channel_lira_matched,30,600.0,600.0,600.0,600.0,600.0,600.0,0.553911111111111,0.5427181944444445,0.5634419444444444,0.10750000000000004,0.08833333333333337,0.13416666666666666,0.0,0.0,0.0,0.0,0.0,0.0,0.018333333333333333,0.010750000000000001,0.024249999999999997,0.01,0.007416666666666667,0.01,0.06333333333333334,0.05333333333333334,0.07166666666666667,0.049166666666666664,0.045,0.05,0.9095510357109375
zz_r5_d2,64,channel_lira_mismatched,30,600.0,600.0,600.0,600.0,600.0,600.0,0.5451569444444444,0.5339565277777778,0.5495166666666667,0.08500000000000002,0.06983333333333334,0.10383333333333336,0.0,0.0,0.0,0.0,0.0,0.0,0.015,0.01,0.019249999999999996,0.01,0.006666666666666667,0.01,0.058333333333333334,0.05075,0.06849999999999999,0.04833333333333333,0.043333333333333335,0.05,0.7618567813290842
zz_r5_d2,64,deconvolved_mean_lira,30,600.0,600.0,600.0,600.0,600.0,600.0,0.5511416666666666,0.5342354166666666,0.5601059722222221,0.10666666666666669,0.08333333333333337,0.12683333333333335,0.0,0.0,0.006666666666666667,0.0,0.0,0.0,0.0075,0.0016666666666666668,0.015916666666666662,0.006666666666666667,0.0016666666666666668,0.01,0.056666666666666664,0.04,0.07091666666666667,0.05,0.044083333333333335,0.05,0.862826881619646
zz_r5_d2,64,naive_mean_lira,30,600.0,600.0,600.0,600.0,600.0,600.0,0.5445,0.533345,0.5481509722222222,0.08833333333333332,0.06816666666666668,0.10333333333333339,0.0,0.0,0.0,0.0,0.0,0.0,0.0125,0.006666666666666667,0.02,0.01,0.006666666666666667,0.01,0.058333333333333334,0.04816666666666667,0.06833333333333333,0.05,0.042416666666666665,0.05,0.7507732683475493
zz_r5_d2,64,oracle_latent_lira,30,600.0,600.0,600.0,600.0,600.0,600.0,0.5592722222222222,0.5592722222222222,0.5592722222222222,0.10999999999999999,0.10999999999999999,0.10999999999999999,0.0,0.0,0.0,0.0,0.0,0.0,0.011666666666666667,0.011666666666666667,0.011666666666666667,0.01,0.01,0.01,0.06166666666666667,0.06166666666666667,0.06166666666666667,0.05,0.05,0.05,1.0
zz_r5_d6,1024,channel_lira_matched,30,600.0,600.0,600.0,600.0,600.0,600.0,0.7261222222222222,0.7235268055555555,0.7301697222222222,0.3275,0.32,0.3375833333333334,0.011666666666666667,0.01,0.015916666666666662,0.0,0.0,0.0,0.03166666666666667,0.023333333333333334,0.04,0.01,0.008333333333333333,0.01,0.165,0.16,0.17425,0.04833333333333333,0.04575,0.05,1.0141525888274276
zz_r5_d6,1024,channel_lira_mismatched,30,600.0,600.0,600.0,600.0,600.0,600.0,0.7052305555555556,0.7038194444444444,0.7067920833333332,0.31833333333333336,0.3090833333333333,0.32683333333333336,0.018333333333333333,0.013333333333333334,0.021666666666666667,0.0,0.0,0.0,0.041666666666666664,0.03833333333333333,0.045,0.01,0.008333333333333333,0.01,0.14333333333333334,0.1365,0.15425,0.05,0.04575,0.05,0.920453979169781
zz_r5_d6,1024,deconvolved_mean_lira,30,600.0,600.0,600.0,600.0,600.0,600.0,0.7199500000000001,0.7148184722222223,0.7263604166666666,0.33166666666666667,0.32333333333333336,0.3459166666666667,0.0033333333333333335,0.0,0.015916666666666662,0.0,0.0,0.0,0.03166666666666667,0.025,0.03849999999999999,0.01,0.006666666666666667,0.01,0.165,0.15408333333333332,0.17591666666666667,0.05,0.04575,0.05,0.9864703244132157
zz_r5_d6,1024,naive_mean_lira,30,600.0,600.0,600.0,600.0,600.0,600.0,0.7051194444444444,0.70368,0.7066468055555555,0.3175,0.31074999999999997,0.3259166666666667,0.018333333333333333,0.013333333333333334,0.021666666666666667,0.0,0.0,0.0,0.041666666666666664,0.03833333333333333,0.045,0.01,0.008333333333333333,0.01,0.14250000000000002,0.13575,0.15333333333333332,0.05,0.04833333333333333,0.05,0.9199556485772656
zz_r5_d6,1024,oracle_latent_lira,30,600.0,600.0,600.0,600.0,600.0,600.0,0.7229666666666668,0.7229666666666668,0.7229666666666668,0.335,0.335,0.335,0.005,0.005,0.005,0.0,0.0,0.0,0.03333333333333333,0.03333333333333333,0.03333333333333333,0.008333333333333333,0.008333333333333333,0.008333333333333333,0.16,0.16,0.16,0.05,0.05,0.05,1.0
zz_r5_d6,128,channel_lira_matched,30,600.0,600.0,600.0,600.0,600.0,600.0,0.7264680555555556,0.7191493055555556,0.7322631944444444,0.32666666666666666,0.31575000000000003,0.33608333333333335,0.011666666666666667,0.008333333333333333,0.020916666666666663,0.0,0.0,0.0,0.03666666666666667,0.025,0.04833333333333333,0.01,0.008333333333333333,0.01,0.165,0.15241666666666667,0.1785,0.05,0.04575,0.05,1.015703642796631
zz_r5_d6,128,channel_lira_mismatched,30,600.0,600.0,600.0,600.0,600.0,600.0,0.7035291666666668,0.6988484722222222,0.7087861111111111,0.3125,0.2990833333333333,0.3259166666666667,0.01583333333333333,0.010750000000000001,0.02258333333333333,0.0,0.0,0.0,0.04083333333333333,0.035,0.046833333333333324,0.01,0.008333333333333333,0.01,0.14333333333333334,0.12666666666666668,0.16641666666666663,0.05,0.04575,0.05,0.9128232919718942
zz_r5_d6,128,deconvolved_mean_lira,30,600.0,600.0,600.0,600.0,600.0,600.0,0.7079847222222223,0.6968105555555556,0.7168045833333333,0.32333333333333336,0.3083333333333333,0.34258333333333335,0.0016666666666666668,0.0,0.014249999999999995,0.0,0.0,0.0,0.035,0.01725,0.04758333333333333,0.01,0.006666666666666667,0.01,0.15916666666666668,0.14191666666666666,0.17833333333333334,0.049166666666666664,0.04666666666666667,0.05,0.9328063487317486
zz_r5_d6,128,naive_mean_lira,30,600.0,600.0,600.0,600.0,600.0,600.0,0.7018777777777778,0.6976573611111111,0.7073801388888888,0.31166666666666665,0.29575,0.3225833333333334,0.014166666666666668,0.010750000000000001,0.021666666666666667,0.0,0.0,0.0,0.04,0.035,0.04758333333333333,0.01,0.007416666666666667,0.01,0.14250000000000002,0.12575,0.16141666666666662,0.05,0.04666666666666667,0.05,0.9054168535406387
zz_r5_d6,128,oracle_latent_lira,30,600.0,600.0,600.0,600.0,600.0,600.0,0.7229666666666668,0.7229666666666668,0.7229666666666668,0.335,0.335,0.335,0.005,0.005,0.005,0.0,0.0,0.0,0.03333333333333333,0.03333333333333333,0.03333333333333333,0.008333333333333333,0.008333333333333333,0.008333333333333333,0.16,0.16,0.16,0.05,0.05,0.05,1.0
zz_r5_d6,256,channel_lira_matched,30,600.0,600.0,600.0,600.0,600.0,600.0,0.726361111111111,0.7201968055555555,0.7324298611111111,0.32583333333333336,0.3131666666666667,0.3451666666666666,0.011666666666666667,0.01,0.02016666666666666,0.0,0.0,0.0,0.03333333333333333,0.024833333333333336,0.04758333333333333,0.01,0.007416666666666667,0.01,0.16666666666666666,0.15833333333333333,0.18016666666666667,0.05,0.04575,0.05,1.0152239996013346
zz_r5_d6,256,channel_lira_mismatched,30,600.0,600.0,600.0,600.0,600.0,600.0,0.7031597222222222,0.7003483333333334,0.7065619444444445,0.31333333333333335,0.30166666666666664,0.3259166666666667,0.016666666666666666,0.011666666666666667,0.02258333333333333,0.0,0.0,0.0,0.04,0.03316666666666667,0.048499999999999995,0.01,0.007416666666666667,0.01,0.145,0.13908333333333334,0.16016666666666665,0.05,0.04575,0.05,0.9111663427517812
zz_r5_d6,256,deconvolved_mean_lira,30,600.0,600.0,600.0,600.0,600.0,600.0,0.7136819444444444,0.702829861111111,0.7234095833333333,0.33166666666666667,0.30983333333333335,0.3460833333333333,0.0016666666666666668,0.0,0.01758333333333333,0.0,0.0,0.0,0.03333333333333333,0.019083333333333334,0.04774999999999999,0.01,0.005750000000000001,0.01,0.16583333333333333,0.15408333333333332,0.17833333333333334,0.05,0.04741666666666667,0.05,0.9583582498629587
zz_r5_d6,256,naive_mean_lira,30,600.0,600.0,600.0,600.0,600.0,600.0,0.7024569444444444,0.6997166666666667,0.7056170833333333,0.31333333333333335,0.30000000000000004,0.32608333333333334,0.016666666666666666,0.011666666666666667,0.02258333333333333,0.0,0.0,0.0,0.04,0.034083333333333334,0.048499999999999995,0.01,0.007416666666666667,0.01,0.14333333333333334,0.135,0.15425,0.05,0.04741666666666667,0.05,0.9080144017541231
zz_r5_d6,256,oracle_latent_lira,30,600.0,600.0,600.0,600.0,600.0,600.0,0.7229666666666668,0.7229666666666668,0.7229666666666668,0.335,0.335,0.335,0.005,0.005,0.005,0.0,0.0,0.0,0.03333333333333333,0.03333333333333333,0.03333333333333333,0.008333333333333333,0.008333333333333333,0.008333333333333333,0.16,0.16,0.16,0.05,0.05,0.05,1.0
zz_r5_d6,32,channel_lira_matched,30,600.0,600.0,600.0,600.0,600.0,600.0,0.7176416666666667,0.7084790277777778,0.7302865277777778,0.31583333333333335,0.30150000000000005,0.3350000000000001,0.011666666666666667,0.008333333333333333,0.015916666666666662,0.0,0.0,0.0,0.035833333333333335,0.0265,0.04774999999999999,0.009166666666666667,0.005750000000000001,0.01,0.16583333333333333,0.14983333333333335,0.18166666666666667,0.05,0.044833333333333336,0.05,0.976117506353715
zz_r5_d6,32,channel_lira_mismatched,30,600.0,600.0,600.0,600.0,600.0,600.0,0.6961875,0.6885269444444444,0.7084276388888889,0.29833333333333334,0.28116666666666673,0.3283333333333333,0.013333333333333334,0.01,0.021666666666666667,0.0,0.0,0.0,0.035833333333333335,0.028333333333333332,0.05108333333333332,0.01,0.006666666666666667,0.01,0.14250000000000002,0.125,0.16166666666666665,0.05,0.04833333333333333,0.05,0.8798960980714601
zz_r5_d6,32,deconvolved_mean_lira,30,600.0,600.0,600.0,600.0,600.0,600.0,0.6812805555555554,0.6699033333333333,0.6974644444444444,0.29333333333333333,0.2689166666666667,0.31425,0.0033333333333333335,0.0,0.011833333333333324,0.0,0.0,0.0,0.03333333333333333,0.01891666666666667,0.04758333333333333,0.01,0.006666666666666667,0.01,0.15583333333333332,0.13816666666666666,0.17166666666666666,0.05,0.04833333333333333,0.05,0.8130388199531561
zz_r5_d6,32,naive_mean_lira,30,600.0,600.0,600.0,600.0,600.0,600.0,0.690911111111111,0.6824079166666667,0.7032383333333333,0.29166666666666674,0.28,0.31499999999999995,0.0125,0.01,0.021666666666666667,0.0,0.0,0.0,0.03833333333333333,0.03,0.046833333333333324,0.01,0.008333333333333333,0.01,0.135,0.11816666666666667,0.15925,0.05,0.04666666666666667,0.05,0.8562316240594003
zz_r5_d6,32,oracle_latent_lira,30,600.0,600.0,600.0,600.0,600.0,600.0,0.7229666666666668,0.7229666666666668,0.7229666666666668,0.335,0.335,0.335,0.005,0.005,0.005,0.0,0.0,0.0,0.03333333333333333,0.03333333333333333,0.03333333333333333,0.008333333333333333,0.008333333333333333,0.008333333333333333,0.16,0.16,0.16,0.05,0.05,0.05,1.0
zz_r5_d6,512,channel_lira_matched,30,600.0,600.0,600.0,600.0,600.0,600.0,0.7262055555555555,0.7226727777777778,0.7300361111111111,0.32750000000000007,0.3181666666666667,0.33499999999999996,0.013333333333333334,0.01,0.02,0.0,0.0,0.0,0.03,0.023333333333333334,0.04425,0.01,0.006666666666666667,0.01,0.16666666666666666,0.15575,0.18516666666666665,0.05,0.04666666666666667,0.05,1.014526336771814
zz_r5_d6,512,channel_lira_mismatched,30,600.0,600.0,600.0,600.0,600.0,600.0,0.704911111111111,0.7030527777777777,0.7079190277777778,0.32,0.31166666666666665,0.325,0.02,0.012416666666666668,0.021666666666666667,0.0,0.0,0.0,0.041666666666666664,0.035,0.04666666666666667,0.01,0.008333333333333333,0.01,0.14583333333333331,0.13816666666666666,0.16258333333333333,0.05,0.04666666666666667,0.05,0.9190212787162997
zz_r5_d6,512,deconvolved_mean_lira,30,600.0,600.0,600.0,600.0,600.0,600.0,0.7162875,0.7077950000000001,0.7240243055555556,0.3275,0.3174166666666667,0.34775000000000006,0.0016666666666666668,0.0,0.016666666666666666,0.0,0.0,0.0,0.03333333333333333,0.024083333333333335,0.040916666666666664,0.01,0.006666666666666667,0.01,0.16249999999999998,0.14983333333333335,0.175,0.05,0.045,0.05,0.9700441022574371
zz_r5_d6,512,naive_mean_lira,30,600.0,600.0,600.0,600.0,600.0,600.0,0.7045555555555556,0.7027394444444444,0.7075770833333332,0.32,0.31166666666666665,0.32516666666666666,0.02,0.012416666666666668,0.021666666666666667,0.0,0.0,0.0,0.041666666666666664,0.035,0.04666666666666667,0.01,0.007416666666666667,0.01,0.14416666666666667,0.13741666666666666,0.1585,0.05,0.04741666666666667,0.05,0.917426620820252
zz_r5_d6,512,oracle_latent_lira,30,600.0,600.0,600.0,600.0,600.0,600.0,0.7229666666666668,0.7229666666666668,0.7229666666666668,0.335,0.335,0.335,0.005,0.005,0.005,0.0,0.0,0.0,0.03333333333333333,0.03333333333333333,0.03333333333333333,0.008333333333333333,0.008333333333333333,0.008333333333333333,0.16,0.16,0.16,0.05,0.05,0.05,1.0
zz_r5_d6,64,channel_lira_matched,30,600.0,600.0,600.0,600.0,600.0,600.0,0.7225486111111111,0.7124802777777778,0.7288280555555555,0.3225,0.3090833333333334,0.3403333333333333,0.011666666666666667,0.008333333333333333,0.021833333333333326,0.0,0.0,0.0,0.03666666666666667,0.024083333333333335,0.049249999999999995,0.01,0.007416666666666667,0.01,0.16583333333333333,0.155,0.18333333333333332,0.05,0.044833333333333336,0.05,0.9981250311456616
zz_r5_d6,64,channel_lira_mismatched,30,600.0,600.0,600.0,600.0,600.0,600.0,0.7000208333333334,0.6910790277777777,0.7075880555555555,0.3041666666666667,0.28391666666666665,0.3268333333333333,0.01583333333333333,0.011666666666666667,0.02516666666666666,0.0,0.0,0.0,0.03833333333333333,0.03075,0.04666666666666667,0.01,0.008333333333333333,0.01,0.14333333333333334,0.13133333333333333,0.1610833333333333,0.05,0.04833333333333333,0.05,0.8970885035132308
zz_r5_d6,64,deconvolved_mean_lira,30,600.0,600.0,600.0,600.0,600.0,600.0,0.6936305555555555,0.6772268055555556,0.7063380555555556,0.31166666666666665,0.2889166666666667,0.33258333333333334,0.0016666666666666668,0.0,0.010166666666666657,0.0,0.0,0.0,0.03333333333333333,0.019083333333333334,0.04425,0.01,0.007416666666666667,0.01,0.15666666666666668,0.13483333333333333,0.1735,0.049166666666666664,0.045,0.05,0.868428265311207
zz_r5_d6,64,naive_mean_lira,30,600.0,600.0,600.0,600.0,600.0,600.0,0.6969,0.6882752777777777,0.7045163888888888,0.3008333333333333,0.285,0.32000000000000006,0.014166666666666668,0.011666666666666667,0.02516666666666666,0.0,0.0,0.0,0.03666666666666667,0.03,0.04941666666666665,0.01,0.006666666666666667,0.01,0.13583333333333333,0.12316666666666667,0.1580833333333333,0.05,0.04666666666666667,0.05,0.883091642995963
zz_r5_d6,64,oracle_latent_lira,30,600.0,600.0,600.0,600.0,600.0,600.0,0.7229666666666668,0.7229666666666668,0.7229666666666668,0.335,0.335,0.335,0.005,0.005,0.005,0.0,0.0,0.0,0.03333333333333333,0.03333333333333333,0.03333333333333333,0.008333333333333333,0.008333333333333333,0.008333333333333333,0.16,0.16,0.16,0.05,0.05,0.05,1.0
