target_id,mode,shots,simulator_seed,transpiler_seed,backend_name,noise_model_loaded,quantum_execution_scope,metric_scope,metric_name,value
MNIST_QNN_eff_su2_r5_d2_s45,exact,0,-1,2026,none,False,exact_full_model,train,target_accuracy,0.9200000166893005
MNIST_QNN_eff_su2_r5_d2_s45,exact,0,-1,2026,none,False,exact_full_model,train,target_loss,0.2878437936306
MNIST_QNN_eff_su2_r5_d2_s45,exact,0,-1,2026,none,False,exact_full_model,train,n_records,100.0
MNIST_QNN_eff_su2_r5_d2_s45,exact,0,-1,2026,none,False,exact_full_model,test,target_accuracy,0.75
MNIST_QNN_eff_su2_r5_d2_s45,exact,0,-1,2026,none,False,exact_full_model,test,target_loss,0.5958045721054077
MNIST_QNN_eff_su2_r5_d2_s45,exact,0,-1,2026,none,False,exact_full_model,test,n_records,100.0
MNIST_QNN_eff_su2_r5_d2_s45,exact,0,-1,2026,none,False,exact_full_model,membership,loss_auc,0.5641
MNIST_QNN_eff_su2_r5_d2_s45,exact,0,-1,2026,none,False,exact_full_model,membership,entropy_auc,0.5186999999999999
MNIST_QNN_eff_su2_r5_d2_s45,exact,0,-1,2026,none,False,exact_full_model,membership,confidence_auc,0.52
MNIST_QNN_eff_su2_r5_d2_s45,exact,0,-1,2026,none,False,exact_full_model,membership,margin_auc,0.5172
MNIST_QNN_eff_su2_r5_d2_s45,exact,0,-1,2026,none,False,exact_full_model,membership,correctness_auc,0.585
MNIST_QNN_eff_su2_r5_d2_s45,exact,0,-1,2026,none,False,exact_full_model,membership,max_probability_auc,0.52
MNIST_QNN_eff_su2_r5_d2_s45,exact,0,-1,2026,none,False,exact_full_model,target,generalization_gap_accuracy,0.17000001668930054
MNIST_QNN_eff_su2_r5_d2_s45,ideal_shot,128,0,2026,ibm_kingston,False,full_main_quantum_stack,train,target_accuracy,0.7400000095367432
MNIST_QNN_eff_su2_r5_d2_s45,ideal_shot,128,0,2026,ibm_kingston,False,full_main_quantum_stack,train,target_loss,0.6166224479675293
MNIST_QNN_eff_su2_r5_d2_s45,ideal_shot,128,0,2026,ibm_kingston,False,full_main_quantum_stack,train,n_records,100.0
MNIST_QNN_eff_su2_r5_d2_s45,ideal_shot,128,0,2026,ibm_kingston,False,full_main_quantum_stack,test,target_accuracy,0.6600000262260437
MNIST_QNN_eff_su2_r5_d2_s45,ideal_shot,128,0,2026,ibm_kingston,False,full_main_quantum_stack,test,target_loss,1.015679121017456
MNIST_QNN_eff_su2_r5_d2_s45,ideal_shot,128,0,2026,ibm_kingston,False,full_main_quantum_stack,test,n_records,100.0
MNIST_QNN_eff_su2_r5_d2_s45,ideal_shot,128,0,2026,ibm_kingston,False,full_main_quantum_stack,membership,loss_auc,0.5617000000000001
MNIST_QNN_eff_su2_r5_d2_s45,ideal_shot,128,0,2026,ibm_kingston,False,full_main_quantum_stack,membership,entropy_auc,0.5094000000000001
MNIST_QNN_eff_su2_r5_d2_s45,ideal_shot,128,0,2026,ibm_kingston,False,full_main_quantum_stack,membership,confidence_auc,0.5105
MNIST_QNN_eff_su2_r5_d2_s45,ideal_shot,128,0,2026,ibm_kingston,False,full_main_quantum_stack,membership,margin_auc,0.5132
MNIST_QNN_eff_su2_r5_d2_s45,ideal_shot,128,0,2026,ibm_kingston,False,full_main_quantum_stack,membership,correctness_auc,0.5399999999999999
MNIST_QNN_eff_su2_r5_d2_s45,ideal_shot,128,0,2026,ibm_kingston,False,full_main_quantum_stack,membership,max_probability_auc,0.5105
MNIST_QNN_eff_su2_r5_d2_s45,ideal_shot,128,0,2026,ibm_kingston,False,full_main_quantum_stack,target,generalization_gap_accuracy,0.07999998331069946
MNIST_QNN_eff_su2_r5_d2_s45,ideal_shot,128,1,2026,ibm_kingston,False,full_main_quantum_stack,train,target_accuracy,0.75
MNIST_QNN_eff_su2_r5_d2_s45,ideal_shot,128,1,2026,ibm_kingston,False,full_main_quantum_stack,train,target_loss,0.6338400840759277
MNIST_QNN_eff_su2_r5_d2_s45,ideal_shot,128,1,2026,ibm_kingston,False,full_main_quantum_stack,train,n_records,100.0
MNIST_QNN_eff_su2_r5_d2_s45,ideal_shot,128,1,2026,ibm_kingston,False,full_main_quantum_stack,test,target_accuracy,0.6399999856948853
MNIST_QNN_eff_su2_r5_d2_s45,ideal_shot,128,1,2026,ibm_kingston,False,full_main_quantum_stack,test,target_loss,1.0413901805877686
MNIST_QNN_eff_su2_r5_d2_s45,ideal_shot,128,1,2026,ibm_kingston,False,full_main_quantum_stack,test,n_records,100.0
MNIST_QNN_eff_su2_r5_d2_s45,ideal_shot,128,1,2026,ibm_kingston,False,full_main_quantum_stack,membership,loss_auc,0.5606
MNIST_QNN_eff_su2_r5_d2_s45,ideal_shot,128,1,2026,ibm_kingston,False,full_main_quantum_stack,membership,entropy_auc,0.5023
MNIST_QNN_eff_su2_r5_d2_s45,ideal_shot,128,1,2026,ibm_kingston,False,full_main_quantum_stack,membership,confidence_auc,0.49279999999999996
MNIST_QNN_eff_su2_r5_d2_s45,ideal_shot,128,1,2026,ibm_kingston,False,full_main_quantum_stack,membership,margin_auc,0.4864
MNIST_QNN_eff_su2_r5_d2_s45,ideal_shot,128,1,2026,ibm_kingston,False,full_main_quantum_stack,membership,correctness_auc,0.5549999999999999
MNIST_QNN_eff_su2_r5_d2_s45,ideal_shot,128,1,2026,ibm_kingston,False,full_main_quantum_stack,membership,max_probability_auc,0.49279999999999996
MNIST_QNN_eff_su2_r5_d2_s45,ideal_shot,128,1,2026,ibm_kingston,False,full_main_quantum_stack,target,generalization_gap_accuracy,0.11000001430511475
MNIST_QNN_eff_su2_r5_d2_s45,ideal_shot,128,2,2026,ibm_kingston,False,full_main_quantum_stack,train,target_accuracy,0.7400000095367432
MNIST_QNN_eff_su2_r5_d2_s45,ideal_shot,128,2,2026,ibm_kingston,False,full_main_quantum_stack,train,target_loss,0.623312771320343
MNIST_QNN_eff_su2_r5_d2_s45,ideal_shot,128,2,2026,ibm_kingston,False,full_main_quantum_stack,train,n_records,100.0
MNIST_QNN_eff_su2_r5_d2_s45,ideal_shot,128,2,2026,ibm_kingston,False,full_main_quantum_stack,test,target_accuracy,0.6700000166893005
MNIST_QNN_eff_su2_r5_d2_s45,ideal_shot,128,2,2026,ibm_kingston,False,full_main_quantum_stack,test,target_loss,0.7725198268890381
MNIST_QNN_eff_su2_r5_d2_s45,ideal_shot,128,2,2026,ibm_kingston,False,full_main_quantum_stack,test,n_records,100.0
MNIST_QNN_eff_su2_r5_d2_s45,ideal_shot,128,2,2026,ibm_kingston,False,full_main_quantum_stack,membership,loss_auc,0.5156000000000001
MNIST_QNN_eff_su2_r5_d2_s45,ideal_shot,128,2,2026,ibm_kingston,False,full_main_quantum_stack,membership,entropy_auc,0.4776
MNIST_QNN_eff_su2_r5_d2_s45,ideal_shot,128,2,2026,ibm_kingston,False,full_main_quantum_stack,membership,confidence_auc,0.47300000000000003
MNIST_QNN_eff_su2_r5_d2_s45,ideal_shot,128,2,2026,ibm_kingston,False,full_main_quantum_stack,membership,margin_auc,0.469
MNIST_QNN_eff_su2_r5_d2_s45,ideal_shot,128,2,2026,ibm_kingston,False,full_main_quantum_stack,membership,correctness_auc,0.5349999999999999
MNIST_QNN_eff_su2_r5_d2_s45,ideal_shot,128,2,2026,ibm_kingston,False,full_main_quantum_stack,membership,max_probability_auc,0.47300000000000003
MNIST_QNN_eff_su2_r5_d2_s45,ideal_shot,128,2,2026,ibm_kingston,False,full_main_quantum_stack,target,generalization_gap_accuracy,0.06999999284744263
MNIST_QNN_eff_su2_r5_d2_s45,ideal_shot,128,3,2026,ibm_kingston,False,full_main_quantum_stack,train,target_accuracy,0.7599999904632568
MNIST_QNN_eff_su2_r5_d2_s45,ideal_shot,128,3,2026,ibm_kingston,False,full_main_quantum_stack,train,target_loss,0.6793531179428101
MNIST_QNN_eff_su2_r5_d2_s45,ideal_shot,128,3,2026,ibm_kingston,False,full_main_quantum_stack,train,n_records,100.0
MNIST_QNN_eff_su2_r5_d2_s45,ideal_shot,128,3,2026,ibm_kingston,False,full_main_quantum_stack,test,target_accuracy,0.699999988079071
MNIST_QNN_eff_su2_r5_d2_s45,ideal_shot,128,3,2026,ibm_kingston,False,full_main_quantum_stack,test,target_loss,0.8081890344619751
MNIST_QNN_eff_su2_r5_d2_s45,ideal_shot,128,3,2026,ibm_kingston,False,full_main_quantum_stack,test,n_records,100.0
MNIST_QNN_eff_su2_r5_d2_s45,ideal_shot,128,3,2026,ibm_kingston,False,full_main_quantum_stack,membership,loss_auc,0.5514
MNIST_QNN_eff_su2_r5_d2_s45,ideal_shot,128,3,2026,ibm_kingston,False,full_main_quantum_stack,membership,entropy_auc,0.5541
MNIST_QNN_eff_su2_r5_d2_s45,ideal_shot,128,3,2026,ibm_kingston,False,full_main_quantum_stack,membership,confidence_auc,0.5539000000000001
MNIST_QNN_eff_su2_r5_d2_s45,ideal_shot,128,3,2026,ibm_kingston,False,full_main_quantum_stack,membership,margin_auc,0.5498000000000001
MNIST_QNN_eff_su2_r5_d2_s45,ideal_shot,128,3,2026,ibm_kingston,False,full_main_quantum_stack,membership,correctness_auc,0.53
MNIST_QNN_eff_su2_r5_d2_s45,ideal_shot,128,3,2026,ibm_kingston,False,full_main_quantum_stack,membership,max_probability_auc,0.5539000000000001
MNIST_QNN_eff_su2_r5_d2_s45,ideal_shot,128,3,2026,ibm_kingston,False,full_main_quantum_stack,target,generalization_gap_accuracy,0.06000000238418579
MNIST_QNN_eff_su2_r5_d2_s45,ideal_shot,128,4,2026,ibm_kingston,False,full_main_quantum_stack,train,target_accuracy,0.8299999833106995
MNIST_QNN_eff_su2_r5_d2_s45,ideal_shot,128,4,2026,ibm_kingston,False,full_main_quantum_stack,train,target_loss,0.5147848725318909
MNIST_QNN_eff_su2_r5_d2_s45,ideal_shot,128,4,2026,ibm_kingston,False,full_main_quantum_stack,train,n_records,100.0
MNIST_QNN_eff_su2_r5_d2_s45,ideal_shot,128,4,2026,ibm_kingston,False,full_main_quantum_stack,test,target_accuracy,0.6899999976158142
MNIST_QNN_eff_su2_r5_d2_s45,ideal_shot,128,4,2026,ibm_kingston,False,full_main_quantum_stack,test,target_loss,0.9324772357940674
MNIST_QNN_eff_su2_r5_d2_s45,ideal_shot,128,4,2026,ibm_kingston,False,full_main_quantum_stack,test,n_records,100.0
MNIST_QNN_eff_su2_r5_d2_s45,ideal_shot,128,4,2026,ibm_kingston,False,full_main_quantum_stack,membership,loss_auc,0.5436
MNIST_QNN_eff_su2_r5_d2_s45,ideal_shot,128,4,2026,ibm_kingston,False,full_main_quantum_stack,membership,entropy_auc,0.47409999999999997
MNIST_QNN_eff_su2_r5_d2_s45,ideal_shot,128,4,2026,ibm_kingston,False,full_main_quantum_stack,membership,confidence_auc,0.48
MNIST_QNN_eff_su2_r5_d2_s45,ideal_shot,128,4,2026,ibm_kingston,False,full_main_quantum_stack,membership,margin_auc,0.4815999999999999
MNIST_QNN_eff_su2_r5_d2_s45,ideal_shot,128,4,2026,ibm_kingston,False,full_main_quantum_stack,membership,correctness_auc,0.5700000000000001
MNIST_QNN_eff_su2_r5_d2_s45,ideal_shot,128,4,2026,ibm_kingston,False,full_main_quantum_stack,membership,max_probability_auc,0.48
MNIST_QNN_eff_su2_r5_d2_s45,ideal_shot,128,4,2026,ibm_kingston,False,full_main_quantum_stack,target,generalization_gap_accuracy,0.13999998569488525
MNIST_QNN_eff_su2_r5_d2_s45,ideal_shot,128,5,2026,ibm_kingston,False,full_main_quantum_stack,train,target_accuracy,0.7900000214576721
MNIST_QNN_eff_su2_r5_d2_s45,ideal_shot,128,5,2026,ibm_kingston,False,full_main_quantum_stack,train,target_loss,0.6413270831108093
MNIST_QNN_eff_su2_r5_d2_s45,ideal_shot,128,5,2026,ibm_kingston,False,full_main_quantum_stack,train,n_records,100.0
MNIST_QNN_eff_su2_r5_d2_s45,ideal_shot,128,5,2026,ibm_kingston,False,full_main_quantum_stack,test,target_accuracy,0.6899999976158142
MNIST_QNN_eff_su2_r5_d2_s45,ideal_shot,128,5,2026,ibm_kingston,False,full_main_quantum_stack,test,target_loss,1.0502911806106567
MNIST_QNN_eff_su2_r5_d2_s45,ideal_shot,128,5,2026,ibm_kingston,False,full_main_quantum_stack,test,n_records,100.0
MNIST_QNN_eff_su2_r5_d2_s45,ideal_shot,128,5,2026,ibm_kingston,False,full_main_quantum_stack,membership,loss_auc,0.5993999999999999
MNIST_QNN_eff_su2_r5_d2_s45,ideal_shot,128,5,2026,ibm_kingston,False,full_main_quantum_stack,membership,entropy_auc,0.5688
MNIST_QNN_eff_su2_r5_d2_s45,ideal_shot,128,5,2026,ibm_kingston,False,full_main_quantum_stack,membership,confidence_auc,0.5698000000000001
MNIST_QNN_eff_su2_r5_d2_s45,ideal_shot,128,5,2026,ibm_kingston,False,full_main_quantum_stack,membership,margin_auc,0.5759000000000001
MNIST_QNN_eff_su2_r5_d2_s45,ideal_shot,128,5,2026,ibm_kingston,False,full_main_quantum_stack,membership,correctness_auc,0.55
MNIST_QNN_eff_su2_r5_d2_s45,ideal_shot,128,5,2026,ibm_kingston,False,full_main_quantum_stack,membership,max_probability_auc,0.5698000000000001
MNIST_QNN_eff_su2_r5_d2_s45,ideal_shot,128,5,2026,ibm_kingston,False,full_main_quantum_stack,target,generalization_gap_accuracy,0.10000002384185791
MNIST_QNN_eff_su2_r5_d2_s45,ideal_shot,128,6,2026,ibm_kingston,False,full_main_quantum_stack,train,target_accuracy,0.7799999713897705
MNIST_QNN_eff_su2_r5_d2_s45,ideal_shot,128,6,2026,ibm_kingston,False,full_main_quantum_stack,train,target_loss,0.557425320148468
MNIST_QNN_eff_su2_r5_d2_s45,ideal_shot,128,6,2026,ibm_kingston,False,full_main_quantum_stack,train,n_records,100.0
MNIST_QNN_eff_su2_r5_d2_s45,ideal_shot,128,6,2026,ibm_kingston,False,full_main_quantum_stack,test,target_accuracy,0.7599999904632568
MNIST_QNN_eff_su2_r5_d2_s45,ideal_shot,128,6,2026,ibm_kingston,False,full_main_quantum_stack,test,target_loss,0.7823013067245483
MNIST_QNN_eff_su2_r5_d2_s45,ideal_shot,128,6,2026,ibm_kingston,False,full_main_quantum_stack,test,n_records,100.0
MNIST_QNN_eff_su2_r5_d2_s45,ideal_shot,128,6,2026,ibm_kingston,False,full_main_quantum_stack,membership,loss_auc,0.5221
MNIST_QNN_eff_su2_r5_d2_s45,ideal_shot,128,6,2026,ibm_kingston,False,full_main_quantum_stack,membership,entropy_auc,0.5074
MNIST_QNN_eff_su2_r5_d2_s45,ideal_shot,128,6,2026,ibm_kingston,False,full_main_quantum_stack,membership,confidence_auc,0.4985
MNIST_QNN_eff_su2_r5_d2_s45,ideal_shot,128,6,2026,ibm_kingston,False,full_main_quantum_stack,membership,margin_auc,0.495
MNIST_QNN_eff_su2_r5_d2_s45,ideal_shot,128,6,2026,ibm_kingston,False,full_main_quantum_stack,membership,correctness_auc,0.51
MNIST_QNN_eff_su2_r5_d2_s45,ideal_shot,128,6,2026,ibm_kingston,False,full_main_quantum_stack,membership,max_probability_auc,0.4985
MNIST_QNN_eff_su2_r5_d2_s45,ideal_shot,128,6,2026,ibm_kingston,False,full_main_quantum_stack,target,generalization_gap_accuracy,0.019999980926513672
MNIST_QNN_eff_su2_r5_d2_s45,ideal_shot,128,7,2026,ibm_kingston,False,full_main_quantum_stack,train,target_accuracy,0.7799999713897705
MNIST_QNN_eff_su2_r5_d2_s45,ideal_shot,128,7,2026,ibm_kingston,False,full_main_quantum_stack,train,target_loss,0.5470228791236877
MNIST_QNN_eff_su2_r5_d2_s45,ideal_shot,128,7,2026,ibm_kingston,False,full_main_quantum_stack,train,n_records,100.0
MNIST_QNN_eff_su2_r5_d2_s45,ideal_shot,128,7,2026,ibm_kingston,False,full_main_quantum_stack,test,target_accuracy,0.699999988079071
MNIST_QNN_eff_su2_r5_d2_s45,ideal_shot,128,7,2026,ibm_kingston,False,full_main_quantum_stack,test,target_loss,0.8459528088569641
MNIST_QNN_eff_su2_r5_d2_s45,ideal_shot,128,7,2026,ibm_kingston,False,full_main_quantum_stack,test,n_records,100.0
MNIST_QNN_eff_su2_r5_d2_s45,ideal_shot,128,7,2026,ibm_kingston,False,full_main_quantum_stack,membership,loss_auc,0.5565
MNIST_QNN_eff_su2_r5_d2_s45,ideal_shot,128,7,2026,ibm_kingston,False,full_main_quantum_stack,membership,entropy_auc,0.5283
MNIST_QNN_eff_su2_r5_d2_s45,ideal_shot,128,7,2026,ibm_kingston,False,full_main_quantum_stack,membership,confidence_auc,0.5272000000000001
MNIST_QNN_eff_su2_r5_d2_s45,ideal_shot,128,7,2026,ibm_kingston,False,full_main_quantum_stack,membership,margin_auc,0.5261
MNIST_QNN_eff_su2_r5_d2_s45,ideal_shot,128,7,2026,ibm_kingston,False,full_main_quantum_stack,membership,correctness_auc,0.54
MNIST_QNN_eff_su2_r5_d2_s45,ideal_shot,128,7,2026,ibm_kingston,False,full_main_quantum_stack,membership,max_probability_auc,0.5272000000000001
MNIST_QNN_eff_su2_r5_d2_s45,ideal_shot,128,7,2026,ibm_kingston,False,full_main_quantum_stack,target,generalization_gap_accuracy,0.07999998331069946
MNIST_QNN_eff_su2_r5_d2_s45,ideal_shot,128,8,2026,ibm_kingston,False,full_main_quantum_stack,train,target_accuracy,0.7599999904632568
MNIST_QNN_eff_su2_r5_d2_s45,ideal_shot,128,8,2026,ibm_kingston,False,full_main_quantum_stack,train,target_loss,0.5478699803352356
MNIST_QNN_eff_su2_r5_d2_s45,ideal_shot,128,8,2026,ibm_kingston,False,full_main_quantum_stack,train,n_records,100.0
MNIST_QNN_eff_su2_r5_d2_s45,ideal_shot,128,8,2026,ibm_kingston,False,full_main_quantum_stack,test,target_accuracy,0.6499999761581421
MNIST_QNN_eff_su2_r5_d2_s45,ideal_shot,128,8,2026,ibm_kingston,False,full_main_quantum_stack,test,target_loss,0.9069761633872986
MNIST_QNN_eff_su2_r5_d2_s45,ideal_shot,128,8,2026,ibm_kingston,False,full_main_quantum_stack,test,n_records,100.0
MNIST_QNN_eff_su2_r5_d2_s45,ideal_shot,128,8,2026,ibm_kingston,False,full_main_quantum_stack,membership,loss_auc,0.5982000000000001
MNIST_QNN_eff_su2_r5_d2_s45,ideal_shot,128,8,2026,ibm_kingston,False,full_main_quantum_stack,membership,entropy_auc,0.5575
MNIST_QNN_eff_su2_r5_d2_s45,ideal_shot,128,8,2026,ibm_kingston,False,full_main_quantum_stack,membership,confidence_auc,0.5482
MNIST_QNN_eff_su2_r5_d2_s45,ideal_shot,128,8,2026,ibm_kingston,False,full_main_quantum_stack,membership,margin_auc,0.5423
MNIST_QNN_eff_su2_r5_d2_s45,ideal_shot,128,8,2026,ibm_kingston,False,full_main_quantum_stack,membership,correctness_auc,0.555
MNIST_QNN_eff_su2_r5_d2_s45,ideal_shot,128,8,2026,ibm_kingston,False,full_main_quantum_stack,membership,max_probability_auc,0.5482
MNIST_QNN_eff_su2_r5_d2_s45,ideal_shot,128,8,2026,ibm_kingston,False,full_main_quantum_stack,target,generalization_gap_accuracy,0.11000001430511475
MNIST_QNN_eff_su2_r5_d2_s45,ideal_shot,128,9,2026,ibm_kingston,False,full_main_quantum_stack,train,target_accuracy,0.7799999713897705
MNIST_QNN_eff_su2_r5_d2_s45,ideal_shot,128,9,2026,ibm_kingston,False,full_main_quantum_stack,train,target_loss,0.517008364200592
MNIST_QNN_eff_su2_r5_d2_s45,ideal_shot,128,9,2026,ibm_kingston,False,full_main_quantum_stack,train,n_records,100.0
MNIST_QNN_eff_su2_r5_d2_s45,ideal_shot,128,9,2026,ibm_kingston,False,full_main_quantum_stack,test,target_accuracy,0.7699999809265137
MNIST_QNN_eff_su2_r5_d2_s45,ideal_shot,128,9,2026,ibm_kingston,False,full_main_quantum_stack,test,target_loss,0.7759621143341064
MNIST_QNN_eff_su2_r5_d2_s45,ideal_shot,128,9,2026,ibm_kingston,False,full_main_quantum_stack,test,n_records,100.0
MNIST_QNN_eff_su2_r5_d2_s45,ideal_shot,128,9,2026,ibm_kingston,False,full_main_quantum_stack,membership,loss_auc,0.5257000000000001
MNIST_QNN_eff_su2_r5_d2_s45,ideal_shot,128,9,2026,ibm_kingston,False,full_main_quantum_stack,membership,entropy_auc,0.4817
MNIST_QNN_eff_su2_r5_d2_s45,ideal_shot,128,9,2026,ibm_kingston,False,full_main_quantum_stack,membership,confidence_auc,0.4921
MNIST_QNN_eff_su2_r5_d2_s45,ideal_shot,128,9,2026,ibm_kingston,False,full_main_quantum_stack,membership,margin_auc,0.49460000000000004
MNIST_QNN_eff_su2_r5_d2_s45,ideal_shot,128,9,2026,ibm_kingston,False,full_main_quantum_stack,membership,correctness_auc,0.505
MNIST_QNN_eff_su2_r5_d2_s45,ideal_shot,128,9,2026,ibm_kingston,False,full_main_quantum_stack,membership,max_probability_auc,0.4921
MNIST_QNN_eff_su2_r5_d2_s45,ideal_shot,128,9,2026,ibm_kingston,False,full_main_quantum_stack,target,generalization_gap_accuracy,0.009999990463256836
MNIST_QNN_eff_su2_r5_d2_s45,ideal_shot,512,0,2026,ibm_kingston,False,full_main_quantum_stack,train,target_accuracy,0.8700000047683716
MNIST_QNN_eff_su2_r5_d2_s45,ideal_shot,512,0,2026,ibm_kingston,False,full_main_quantum_stack,train,target_loss,0.3477570414543152
MNIST_QNN_eff_su2_r5_d2_s45,ideal_shot,512,0,2026,ibm_kingston,False,full_main_quantum_stack,train,n_records,100.0
MNIST_QNN_eff_su2_r5_d2_s45,ideal_shot,512,0,2026,ibm_kingston,False,full_main_quantum_stack,test,target_accuracy,0.7200000286102295
MNIST_QNN_eff_su2_r5_d2_s45,ideal_shot,512,0,2026,ibm_kingston,False,full_main_quantum_stack,test,target_loss,0.7222815155982971
MNIST_QNN_eff_su2_r5_d2_s45,ideal_shot,512,0,2026,ibm_kingston,False,full_main_quantum_stack,test,n_records,100.0
MNIST_QNN_eff_su2_r5_d2_s45,ideal_shot,512,0,2026,ibm_kingston,False,full_main_quantum_stack,membership,loss_auc,0.5636
MNIST_QNN_eff_su2_r5_d2_s45,ideal_shot,512,0,2026,ibm_kingston,False,full_main_quantum_stack,membership,entropy_auc,0.5089
MNIST_QNN_eff_su2_r5_d2_s45,ideal_shot,512,0,2026,ibm_kingston,False,full_main_quantum_stack,membership,confidence_auc,0.5108
MNIST_QNN_eff_su2_r5_d2_s45,ideal_shot,512,0,2026,ibm_kingston,False,full_main_quantum_stack,membership,margin_auc,0.5062
MNIST_QNN_eff_su2_r5_d2_s45,ideal_shot,512,0,2026,ibm_kingston,False,full_main_quantum_stack,membership,correctness_auc,0.575
MNIST_QNN_eff_su2_r5_d2_s45,ideal_shot,512,0,2026,ibm_kingston,False,full_main_quantum_stack,membership,max_probability_auc,0.5108
MNIST_QNN_eff_su2_r5_d2_s45,ideal_shot,512,0,2026,ibm_kingston,False,full_main_quantum_stack,target,generalization_gap_accuracy,0.1499999761581421
MNIST_QNN_eff_su2_r5_d2_s45,ideal_shot,512,1,2026,ibm_kingston,False,full_main_quantum_stack,train,target_accuracy,0.8799999952316284
MNIST_QNN_eff_su2_r5_d2_s45,ideal_shot,512,1,2026,ibm_kingston,False,full_main_quantum_stack,train,target_loss,0.38437914848327637
MNIST_QNN_eff_su2_r5_d2_s45,ideal_shot,512,1,2026,ibm_kingston,False,full_main_quantum_stack,train,n_records,100.0
MNIST_QNN_eff_su2_r5_d2_s45,ideal_shot,512,1,2026,ibm_kingston,False,full_main_quantum_stack,test,target_accuracy,0.75
MNIST_QNN_eff_su2_r5_d2_s45,ideal_shot,512,1,2026,ibm_kingston,False,full_main_quantum_stack,test,target_loss,0.7037055492401123
MNIST_QNN_eff_su2_r5_d2_s45,ideal_shot,512,1,2026,ibm_kingston,False,full_main_quantum_stack,test,n_records,100.0
MNIST_QNN_eff_su2_r5_d2_s45,ideal_shot,512,1,2026,ibm_kingston,False,full_main_quantum_stack,membership,loss_auc,0.5668
MNIST_QNN_eff_su2_r5_d2_s45,ideal_shot,512,1,2026,ibm_kingston,False,full_main_quantum_stack,membership,entropy_auc,0.5217
MNIST_QNN_eff_su2_r5_d2_s45,ideal_shot,512,1,2026,ibm_kingston,False,full_main_quantum_stack,membership,confidence_auc,0.5259
MNIST_QNN_eff_su2_r5_d2_s45,ideal_shot,512,1,2026,ibm_kingston,False,full_main_quantum_stack,membership,margin_auc,0.5266
MNIST_QNN_eff_su2_r5_d2_s45,ideal_shot,512,1,2026,ibm_kingston,False,full_main_quantum_stack,membership,correctness_auc,0.565
MNIST_QNN_eff_su2_r5_d2_s45,ideal_shot,512,1,2026,ibm_kingston,False,full_main_quantum_stack,membership,max_probability_auc,0.5259
MNIST_QNN_eff_su2_r5_d2_s45,ideal_shot,512,1,2026,ibm_kingston,False,full_main_quantum_stack,target,generalization_gap_accuracy,0.12999999523162842
MNIST_QNN_eff_su2_r5_d2_s45,ideal_shot,512,2,2026,ibm_kingston,False,full_main_quantum_stack,train,target_accuracy,0.8700000047683716
MNIST_QNN_eff_su2_r5_d2_s45,ideal_shot,512,2,2026,ibm_kingston,False,full_main_quantum_stack,train,target_loss,0.37170037627220154
MNIST_QNN_eff_su2_r5_d2_s45,ideal_shot,512,2,2026,ibm_kingston,False,full_main_quantum_stack,train,n_records,100.0
MNIST_QNN_eff_su2_r5_d2_s45,ideal_shot,512,2,2026,ibm_kingston,False,full_main_quantum_stack,test,target_accuracy,0.7200000286102295
MNIST_QNN_eff_su2_r5_d2_s45,ideal_shot,512,2,2026,ibm_kingston,False,full_main_quantum_stack,test,target_loss,0.6864359378814697
MNIST_QNN_eff_su2_r5_d2_s45,ideal_shot,512,2,2026,ibm_kingston,False,full_main_quantum_stack,test,n_records,100.0
MNIST_QNN_eff_su2_r5_d2_s45,ideal_shot,512,2,2026,ibm_kingston,False,full_main_quantum_stack,membership,loss_auc,0.5573
MNIST_QNN_eff_su2_r5_d2_s45,ideal_shot,512,2,2026,ibm_kingston,False,full_main_quantum_stack,membership,entropy_auc,0.494
MNIST_QNN_eff_su2_r5_d2_s45,ideal_shot,512,2,2026,ibm_kingston,False,full_main_quantum_stack,membership,confidence_auc,0.4918
MNIST_QNN_eff_su2_r5_d2_s45,ideal_shot,512,2,2026,ibm_kingston,False,full_main_quantum_stack,membership,margin_auc,0.4877
MNIST_QNN_eff_su2_r5_d2_s45,ideal_shot,512,2,2026,ibm_kingston,False,full_main_quantum_stack,membership,correctness_auc,0.575
MNIST_QNN_eff_su2_r5_d2_s45,ideal_shot,512,2,2026,ibm_kingston,False,full_main_quantum_stack,membership,max_probability_auc,0.4918
MNIST_QNN_eff_su2_r5_d2_s45,ideal_shot,512,2,2026,ibm_kingston,False,full_main_quantum_stack,target,generalization_gap_accuracy,0.1499999761581421
MNIST_QNN_eff_su2_r5_d2_s45,ideal_shot,512,3,2026,ibm_kingston,False,full_main_quantum_stack,train,target_accuracy,0.8500000238418579
MNIST_QNN_eff_su2_r5_d2_s45,ideal_shot,512,3,2026,ibm_kingston,False,full_main_quantum_stack,train,target_loss,0.3851712942123413
MNIST_QNN_eff_su2_r5_d2_s45,ideal_shot,512,3,2026,ibm_kingston,False,full_main_quantum_stack,train,n_records,100.0
MNIST_QNN_eff_su2_r5_d2_s45,ideal_shot,512,3,2026,ibm_kingston,False,full_main_quantum_stack,test,target_accuracy,0.75
MNIST_QNN_eff_su2_r5_d2_s45,ideal_shot,512,3,2026,ibm_kingston,False,full_main_quantum_stack,test,target_loss,0.6523486971855164
MNIST_QNN_eff_su2_r5_d2_s45,ideal_shot,512,3,2026,ibm_kingston,False,full_main_quantum_stack,test,n_records,100.0
MNIST_QNN_eff_su2_r5_d2_s45,ideal_shot,512,3,2026,ibm_kingston,False,full_main_quantum_stack,membership,loss_auc,0.5597
MNIST_QNN_eff_su2_r5_d2_s45,ideal_shot,512,3,2026,ibm_kingston,False,full_main_quantum_stack,membership,entropy_auc,0.5287000000000001
MNIST_QNN_eff_su2_r5_d2_s45,ideal_shot,512,3,2026,ibm_kingston,False,full_main_quantum_stack,membership,confidence_auc,0.5219999999999999
MNIST_QNN_eff_su2_r5_d2_s45,ideal_shot,512,3,2026,ibm_kingston,False,full_main_quantum_stack,membership,margin_auc,0.5199
MNIST_QNN_eff_su2_r5_d2_s45,ideal_shot,512,3,2026,ibm_kingston,False,full_main_quantum_stack,membership,correctness_auc,0.55
MNIST_QNN_eff_su2_r5_d2_s45,ideal_shot,512,3,2026,ibm_kingston,False,full_main_quantum_stack,membership,max_probability_auc,0.5219999999999999
MNIST_QNN_eff_su2_r5_d2_s45,ideal_shot,512,3,2026,ibm_kingston,False,full_main_quantum_stack,target,generalization_gap_accuracy,0.10000002384185791
MNIST_QNN_eff_su2_r5_d2_s45,ideal_shot,512,4,2026,ibm_kingston,False,full_main_quantum_stack,train,target_accuracy,0.8500000238418579
MNIST_QNN_eff_su2_r5_d2_s45,ideal_shot,512,4,2026,ibm_kingston,False,full_main_quantum_stack,train,target_loss,0.3539738357067108
MNIST_QNN_eff_su2_r5_d2_s45,ideal_shot,512,4,2026,ibm_kingston,False,full_main_quantum_stack,train,n_records,100.0
MNIST_QNN_eff_su2_r5_d2_s45,ideal_shot,512,4,2026,ibm_kingston,False,full_main_quantum_stack,test,target_accuracy,0.7300000190734863
MNIST_QNN_eff_su2_r5_d2_s45,ideal_shot,512,4,2026,ibm_kingston,False,full_main_quantum_stack,test,target_loss,0.6920754909515381
MNIST_QNN_eff_su2_r5_d2_s45,ideal_shot,512,4,2026,ibm_kingston,False,full_main_quantum_stack,test,n_records,100.0
MNIST_QNN_eff_su2_r5_d2_s45,ideal_shot,512,4,2026,ibm_kingston,False,full_main_quantum_stack,membership,loss_auc,0.5691999999999999
MNIST_QNN_eff_su2_r5_d2_s45,ideal_shot,512,4,2026,ibm_kingston,False,full_main_quantum_stack,membership,entropy_auc,0.51
MNIST_QNN_eff_su2_r5_d2_s45,ideal_shot,512,4,2026,ibm_kingston,False,full_main_quantum_stack,membership,confidence_auc,0.5035000000000001
MNIST_QNN_eff_su2_r5_d2_s45,ideal_shot,512,4,2026,ibm_kingston,False,full_main_quantum_stack,membership,margin_auc,0.4991000000000001
MNIST_QNN_eff_su2_r5_d2_s45,ideal_shot,512,4,2026,ibm_kingston,False,full_main_quantum_stack,membership,correctness_auc,0.56
MNIST_QNN_eff_su2_r5_d2_s45,ideal_shot,512,4,2026,ibm_kingston,False,full_main_quantum_stack,membership,max_probability_auc,0.5035000000000001
MNIST_QNN_eff_su2_r5_d2_s45,ideal_shot,512,4,2026,ibm_kingston,False,full_main_quantum_stack,target,generalization_gap_accuracy,0.12000000476837158
MNIST_QNN_eff_su2_r5_d2_s45,ideal_shot,512,5,2026,ibm_kingston,False,full_main_quantum_stack,train,target_accuracy,0.8299999833106995
MNIST_QNN_eff_su2_r5_d2_s45,ideal_shot,512,5,2026,ibm_kingston,False,full_main_quantum_stack,train,target_loss,0.3518613576889038
MNIST_QNN_eff_su2_r5_d2_s45,ideal_shot,512,5,2026,ibm_kingston,False,full_main_quantum_stack,train,n_records,100.0
MNIST_QNN_eff_su2_r5_d2_s45,ideal_shot,512,5,2026,ibm_kingston,False,full_main_quantum_stack,test,target_accuracy,0.7699999809265137
MNIST_QNN_eff_su2_r5_d2_s45,ideal_shot,512,5,2026,ibm_kingston,False,full_main_quantum_stack,test,target_loss,0.6680194735527039
MNIST_QNN_eff_su2_r5_d2_s45,ideal_shot,512,5,2026,ibm_kingston,False,full_main_quantum_stack,test,n_records,100.0
MNIST_QNN_eff_su2_r5_d2_s45,ideal_shot,512,5,2026,ibm_kingston,False,full_main_quantum_stack,membership,loss_auc,0.5809
MNIST_QNN_eff_su2_r5_d2_s45,ideal_shot,512,5,2026,ibm_kingston,False,full_main_quantum_stack,membership,entropy_auc,0.5398999999999999
MNIST_QNN_eff_su2_r5_d2_s45,ideal_shot,512,5,2026,ibm_kingston,False,full_main_quantum_stack,membership,confidence_auc,0.5388999999999999
MNIST_QNN_eff_su2_r5_d2_s45,ideal_shot,512,5,2026,ibm_kingston,False,full_main_quantum_stack,membership,margin_auc,0.5345
MNIST_QNN_eff_su2_r5_d2_s45,ideal_shot,512,5,2026,ibm_kingston,False,full_main_quantum_stack,membership,correctness_auc,0.53
MNIST_QNN_eff_su2_r5_d2_s45,ideal_shot,512,5,2026,ibm_kingston,False,full_main_quantum_stack,membership,max_probability_auc,0.5388999999999999
MNIST_QNN_eff_su2_r5_d2_s45,ideal_shot,512,5,2026,ibm_kingston,False,full_main_quantum_stack,target,generalization_gap_accuracy,0.06000000238418579
MNIST_QNN_eff_su2_r5_d2_s45,ideal_shot,512,6,2026,ibm_kingston,False,full_main_quantum_stack,train,target_accuracy,0.8999999761581421
MNIST_QNN_eff_su2_r5_d2_s45,ideal_shot,512,6,2026,ibm_kingston,False,full_main_quantum_stack,train,target_loss,0.32984623312950134
MNIST_QNN_eff_su2_r5_d2_s45,ideal_shot,512,6,2026,ibm_kingston,False,full_main_quantum_stack,train,n_records,100.0
MNIST_QNN_eff_su2_r5_d2_s45,ideal_shot,512,6,2026,ibm_kingston,False,full_main_quantum_stack,test,target_accuracy,0.7400000095367432
MNIST_QNN_eff_su2_r5_d2_s45,ideal_shot,512,6,2026,ibm_kingston,False,full_main_quantum_stack,test,target_loss,0.6897778511047363
MNIST_QNN_eff_su2_r5_d2_s45,ideal_shot,512,6,2026,ibm_kingston,False,full_main_quantum_stack,test,n_records,100.0
MNIST_QNN_eff_su2_r5_d2_s45,ideal_shot,512,6,2026,ibm_kingston,False,full_main_quantum_stack,membership,loss_auc,0.5658000000000001
MNIST_QNN_eff_su2_r5_d2_s45,ideal_shot,512,6,2026,ibm_kingston,False,full_main_quantum_stack,membership,entropy_auc,0.5116
MNIST_QNN_eff_su2_r5_d2_s45,ideal_shot,512,6,2026,ibm_kingston,False,full_main_quantum_stack,membership,confidence_auc,0.5154000000000001
MNIST_QNN_eff_su2_r5_d2_s45,ideal_shot,512,6,2026,ibm_kingston,False,full_main_quantum_stack,membership,margin_auc,0.5119
MNIST_QNN_eff_su2_r5_d2_s45,ideal_shot,512,6,2026,ibm_kingston,False,full_main_quantum_stack,membership,correctness_auc,0.5800000000000001
MNIST_QNN_eff_su2_r5_d2_s45,ideal_shot,512,6,2026,ibm_kingston,False,full_main_quantum_stack,membership,max_probability_auc,0.5154000000000001
MNIST_QNN_eff_su2_r5_d2_s45,ideal_shot,512,6,2026,ibm_kingston,False,full_main_quantum_stack,target,generalization_gap_accuracy,0.15999996662139893
MNIST_QNN_eff_su2_r5_d2_s45,ideal_shot,512,7,2026,ibm_kingston,False,full_main_quantum_stack,train,target_accuracy,0.8600000143051147
MNIST_QNN_eff_su2_r5_d2_s45,ideal_shot,512,7,2026,ibm_kingston,False,full_main_quantum_stack,train,target_loss,0.34913957118988037
MNIST_QNN_eff_su2_r5_d2_s45,ideal_shot,512,7,2026,ibm_kingston,False,full_main_quantum_stack,train,n_records,100.0
MNIST_QNN_eff_su2_r5_d2_s45,ideal_shot,512,7,2026,ibm_kingston,False,full_main_quantum_stack,test,target_accuracy,0.7099999785423279
MNIST_QNN_eff_su2_r5_d2_s45,ideal_shot,512,7,2026,ibm_kingston,False,full_main_quantum_stack,test,target_loss,0.6647199392318726
MNIST_QNN_eff_su2_r5_d2_s45,ideal_shot,512,7,2026,ibm_kingston,False,full_main_quantum_stack,test,n_records,100.0
MNIST_QNN_eff_su2_r5_d2_s45,ideal_shot,512,7,2026,ibm_kingston,False,full_main_quantum_stack,membership,loss_auc,0.5697
MNIST_QNN_eff_su2_r5_d2_s45,ideal_shot,512,7,2026,ibm_kingston,False,full_main_quantum_stack,membership,entropy_auc,0.5266
MNIST_QNN_eff_su2_r5_d2_s45,ideal_shot,512,7,2026,ibm_kingston,False,full_main_quantum_stack,membership,confidence_auc,0.5242
MNIST_QNN_eff_su2_r5_d2_s45,ideal_shot,512,7,2026,ibm_kingston,False,full_main_quantum_stack,membership,margin_auc,0.5214
MNIST_QNN_eff_su2_r5_d2_s45,ideal_shot,512,7,2026,ibm_kingston,False,full_main_quantum_stack,membership,correctness_auc,0.575
MNIST_QNN_eff_su2_r5_d2_s45,ideal_shot,512,7,2026,ibm_kingston,False,full_main_quantum_stack,membership,max_probability_auc,0.5242
MNIST_QNN_eff_su2_r5_d2_s45,ideal_shot,512,7,2026,ibm_kingston,False,full_main_quantum_stack,target,generalization_gap_accuracy,0.15000003576278687
MNIST_QNN_eff_su2_r5_d2_s45,ideal_shot,512,8,2026,ibm_kingston,False,full_main_quantum_stack,train,target_accuracy,0.9200000166893005
MNIST_QNN_eff_su2_r5_d2_s45,ideal_shot,512,8,2026,ibm_kingston,False,full_main_quantum_stack,train,target_loss,0.3134657144546509
MNIST_QNN_eff_su2_r5_d2_s45,ideal_shot,512,8,2026,ibm_kingston,False,full_main_quantum_stack,train,n_records,100.0
MNIST_QNN_eff_su2_r5_d2_s45,ideal_shot,512,8,2026,ibm_kingston,False,full_main_quantum_stack,test,target_accuracy,0.7799999713897705
MNIST_QNN_eff_su2_r5_d2_s45,ideal_shot,512,8,2026,ibm_kingston,False,full_main_quantum_stack,test,target_loss,0.6100589632987976
MNIST_QNN_eff_su2_r5_d2_s45,ideal_shot,512,8,2026,ibm_kingston,False,full_main_quantum_stack,test,n_records,100.0
MNIST_QNN_eff_su2_r5_d2_s45,ideal_shot,512,8,2026,ibm_kingston,False,full_main_quantum_stack,membership,loss_auc,0.5737000000000001
MNIST_QNN_eff_su2_r5_d2_s45,ideal_shot,512,8,2026,ibm_kingston,False,full_main_quantum_stack,membership,entropy_auc,0.5306
MNIST_QNN_eff_su2_r5_d2_s45,ideal_shot,512,8,2026,ibm_kingston,False,full_main_quantum_stack,membership,confidence_auc,0.5254
MNIST_QNN_eff_su2_r5_d2_s45,ideal_shot,512,8,2026,ibm_kingston,False,full_main_quantum_stack,membership,margin_auc,0.5204
MNIST_QNN_eff_su2_r5_d2_s45,ideal_shot,512,8,2026,ibm_kingston,False,full_main_quantum_stack,membership,correctness_auc,0.57
MNIST_QNN_eff_su2_r5_d2_s45,ideal_shot,512,8,2026,ibm_kingston,False,full_main_quantum_stack,membership,max_probability_auc,0.5254
MNIST_QNN_eff_su2_r5_d2_s45,ideal_shot,512,8,2026,ibm_kingston,False,full_main_quantum_stack,target,generalization_gap_accuracy,0.14000004529953003
MNIST_QNN_eff_su2_r5_d2_s45,ideal_shot,512,9,2026,ibm_kingston,False,full_main_quantum_stack,train,target_accuracy,0.8199999928474426
MNIST_QNN_eff_su2_r5_d2_s45,ideal_shot,512,9,2026,ibm_kingston,False,full_main_quantum_stack,train,target_loss,0.3976998031139374
MNIST_QNN_eff_su2_r5_d2_s45,ideal_shot,512,9,2026,ibm_kingston,False,full_main_quantum_stack,train,n_records,100.0
MNIST_QNN_eff_su2_r5_d2_s45,ideal_shot,512,9,2026,ibm_kingston,False,full_main_quantum_stack,test,target_accuracy,0.7599999904632568
MNIST_QNN_eff_su2_r5_d2_s45,ideal_shot,512,9,2026,ibm_kingston,False,full_main_quantum_stack,test,target_loss,0.6479353308677673
MNIST_QNN_eff_su2_r5_d2_s45,ideal_shot,512,9,2026,ibm_kingston,False,full_main_quantum_stack,test,n_records,100.0
MNIST_QNN_eff_su2_r5_d2_s45,ideal_shot,512,9,2026,ibm_kingston,False,full_main_quantum_stack,membership,loss_auc,0.5521
MNIST_QNN_eff_su2_r5_d2_s45,ideal_shot,512,9,2026,ibm_kingston,False,full_main_quantum_stack,membership,entropy_auc,0.5176
MNIST_QNN_eff_su2_r5_d2_s45,ideal_shot,512,9,2026,ibm_kingston,False,full_main_quantum_stack,membership,confidence_auc,0.5216000000000001
MNIST_QNN_eff_su2_r5_d2_s45,ideal_shot,512,9,2026,ibm_kingston,False,full_main_quantum_stack,membership,margin_auc,0.5212000000000001
MNIST_QNN_eff_su2_r5_d2_s45,ideal_shot,512,9,2026,ibm_kingston,False,full_main_quantum_stack,membership,correctness_auc,0.53
MNIST_QNN_eff_su2_r5_d2_s45,ideal_shot,512,9,2026,ibm_kingston,False,full_main_quantum_stack,membership,max_probability_auc,0.5216000000000001
MNIST_QNN_eff_su2_r5_d2_s45,ideal_shot,512,9,2026,ibm_kingston,False,full_main_quantum_stack,target,generalization_gap_accuracy,0.06000000238418579
MNIST_QNN_eff_su2_r5_d2_s45,ideal_shot,1024,0,2026,ibm_kingston,False,full_main_quantum_stack,train,target_accuracy,0.9100000262260437
MNIST_QNN_eff_su2_r5_d2_s45,ideal_shot,1024,0,2026,ibm_kingston,False,full_main_quantum_stack,train,target_loss,0.3189212679862976
MNIST_QNN_eff_su2_r5_d2_s45,ideal_shot,1024,0,2026,ibm_kingston,False,full_main_quantum_stack,train,n_records,100.0
MNIST_QNN_eff_su2_r5_d2_s45,ideal_shot,1024,0,2026,ibm_kingston,False,full_main_quantum_stack,test,target_accuracy,0.7699999809265137
MNIST_QNN_eff_su2_r5_d2_s45,ideal_shot,1024,0,2026,ibm_kingston,False,full_main_quantum_stack,test,target_loss,0.6577743291854858
MNIST_QNN_eff_su2_r5_d2_s45,ideal_shot,1024,0,2026,ibm_kingston,False,full_main_quantum_stack,test,n_records,100.0
MNIST_QNN_eff_su2_r5_d2_s45,ideal_shot,1024,0,2026,ibm_kingston,False,full_main_quantum_stack,membership,loss_auc,0.5634
MNIST_QNN_eff_su2_r5_d2_s45,ideal_shot,1024,0,2026,ibm_kingston,False,full_main_quantum_stack,membership,entropy_auc,0.5124
MNIST_QNN_eff_su2_r5_d2_s45,ideal_shot,1024,0,2026,ibm_kingston,False,full_main_quantum_stack,membership,confidence_auc,0.5108999999999999
MNIST_QNN_eff_su2_r5_d2_s45,ideal_shot,1024,0,2026,ibm_kingston,False,full_main_quantum_stack,membership,margin_auc,0.5069999999999999
MNIST_QNN_eff_su2_r5_d2_s45,ideal_shot,1024,0,2026,ibm_kingston,False,full_main_quantum_stack,membership,correctness_auc,0.5700000000000001
MNIST_QNN_eff_su2_r5_d2_s45,ideal_shot,1024,0,2026,ibm_kingston,False,full_main_quantum_stack,membership,max_probability_auc,0.5108999999999999
MNIST_QNN_eff_su2_r5_d2_s45,ideal_shot,1024,0,2026,ibm_kingston,False,full_main_quantum_stack,target,generalization_gap_accuracy,0.14000004529953003
MNIST_QNN_eff_su2_r5_d2_s45,ideal_shot,1024,1,2026,ibm_kingston,False,full_main_quantum_stack,train,target_accuracy,0.9100000262260437
MNIST_QNN_eff_su2_r5_d2_s45,ideal_shot,1024,1,2026,ibm_kingston,False,full_main_quantum_stack,train,target_loss,0.31787770986557007
MNIST_QNN_eff_su2_r5_d2_s45,ideal_shot,1024,1,2026,ibm_kingston,False,full_main_quantum_stack,train,n_records,100.0
MNIST_QNN_eff_su2_r5_d2_s45,ideal_shot,1024,1,2026,ibm_kingston,False,full_main_quantum_stack,test,target_accuracy,0.75
MNIST_QNN_eff_su2_r5_d2_s45,ideal_shot,1024,1,2026,ibm_kingston,False,full_main_quantum_stack,test,target_loss,0.652859091758728
MNIST_QNN_eff_su2_r5_d2_s45,ideal_shot,1024,1,2026,ibm_kingston,False,full_main_quantum_stack,test,n_records,100.0
MNIST_QNN_eff_su2_r5_d2_s45,ideal_shot,1024,1,2026,ibm_kingston,False,full_main_quantum_stack,membership,loss_auc,0.5676
MNIST_QNN_eff_su2_r5_d2_s45,ideal_shot,1024,1,2026,ibm_kingston,False,full_main_quantum_stack,membership,entropy_auc,0.5162
MNIST_QNN_eff_su2_r5_d2_s45,ideal_shot,1024,1,2026,ibm_kingston,False,full_main_quantum_stack,membership,confidence_auc,0.5203000000000001
MNIST_QNN_eff_su2_r5_d2_s45,ideal_shot,1024,1,2026,ibm_kingston,False,full_main_quantum_stack,membership,margin_auc,0.5185
MNIST_QNN_eff_su2_r5_d2_s45,ideal_shot,1024,1,2026,ibm_kingston,False,full_main_quantum_stack,membership,correctness_auc,0.5800000000000001
MNIST_QNN_eff_su2_r5_d2_s45,ideal_shot,1024,1,2026,ibm_kingston,False,full_main_quantum_stack,membership,max_probability_auc,0.5203000000000001
MNIST_QNN_eff_su2_r5_d2_s45,ideal_shot,1024,1,2026,ibm_kingston,False,full_main_quantum_stack,target,generalization_gap_accuracy,0.1600000262260437
MNIST_QNN_eff_su2_r5_d2_s45,ideal_shot,1024,2,2026,ibm_kingston,False,full_main_quantum_stack,train,target_accuracy,0.8999999761581421
MNIST_QNN_eff_su2_r5_d2_s45,ideal_shot,1024,2,2026,ibm_kingston,False,full_main_quantum_stack,train,target_loss,0.30924805998802185
MNIST_QNN_eff_su2_r5_d2_s45,ideal_shot,1024,2,2026,ibm_kingston,False,full_main_quantum_stack,train,n_records,100.0
MNIST_QNN_eff_su2_r5_d2_s45,ideal_shot,1024,2,2026,ibm_kingston,False,full_main_quantum_stack,test,target_accuracy,0.7599999904632568
MNIST_QNN_eff_su2_r5_d2_s45,ideal_shot,1024,2,2026,ibm_kingston,False,full_main_quantum_stack,test,target_loss,0.6226927042007446
MNIST_QNN_eff_su2_r5_d2_s45,ideal_shot,1024,2,2026,ibm_kingston,False,full_main_quantum_stack,test,n_records,100.0
MNIST_QNN_eff_su2_r5_d2_s45,ideal_shot,1024,2,2026,ibm_kingston,False,full_main_quantum_stack,membership,loss_auc,0.5701999999999999
MNIST_QNN_eff_su2_r5_d2_s45,ideal_shot,1024,2,2026,ibm_kingston,False,full_main_quantum_stack,membership,entropy_auc,0.5212
MNIST_QNN_eff_su2_r5_d2_s45,ideal_shot,1024,2,2026,ibm_kingston,False,full_main_quantum_stack,membership,confidence_auc,0.5183
MNIST_QNN_eff_su2_r5_d2_s45,ideal_shot,1024,2,2026,ibm_kingston,False,full_main_quantum_stack,membership,margin_auc,0.5126000000000001
MNIST_QNN_eff_su2_r5_d2_s45,ideal_shot,1024,2,2026,ibm_kingston,False,full_main_quantum_stack,membership,correctness_auc,0.5700000000000001
MNIST_QNN_eff_su2_r5_d2_s45,ideal_shot,1024,2,2026,ibm_kingston,False,full_main_quantum_stack,membership,max_probability_auc,0.5183
MNIST_QNN_eff_su2_r5_d2_s45,ideal_shot,1024,2,2026,ibm_kingston,False,full_main_quantum_stack,target,generalization_gap_accuracy,0.13999998569488525
MNIST_QNN_eff_su2_r5_d2_s45,ideal_shot,1024,3,2026,ibm_kingston,False,full_main_quantum_stack,train,target_accuracy,0.8700000047683716
MNIST_QNN_eff_su2_r5_d2_s45,ideal_shot,1024,3,2026,ibm_kingston,False,full_main_quantum_stack,train,target_loss,0.34347426891326904
MNIST_QNN_eff_su2_r5_d2_s45,ideal_shot,1024,3,2026,ibm_kingston,False,full_main_quantum_stack,train,n_records,100.0
MNIST_QNN_eff_su2_r5_d2_s45,ideal_shot,1024,3,2026,ibm_kingston,False,full_main_quantum_stack,test,target_accuracy,0.75
MNIST_QNN_eff_su2_r5_d2_s45,ideal_shot,1024,3,2026,ibm_kingston,False,full_main_quantum_stack,test,target_loss,0.6312415599822998
MNIST_QNN_eff_su2_r5_d2_s45,ideal_shot,1024,3,2026,ibm_kingston,False,full_main_quantum_stack,test,n_records,100.0
MNIST_QNN_eff_su2_r5_d2_s45,ideal_shot,1024,3,2026,ibm_kingston,False,full_main_quantum_stack,membership,loss_auc,0.5702
MNIST_QNN_eff_su2_r5_d2_s45,ideal_shot,1024,3,2026,ibm_kingston,False,full_main_quantum_stack,membership,entropy_auc,0.5361
MNIST_QNN_eff_su2_r5_d2_s45,ideal_shot,1024,3,2026,ibm_kingston,False,full_main_quantum_stack,membership,confidence_auc,0.5303
MNIST_QNN_eff_su2_r5_d2_s45,ideal_shot,1024,3,2026,ibm_kingston,False,full_main_quantum_stack,membership,margin_auc,0.5234000000000001
MNIST_QNN_eff_su2_r5_d2_s45,ideal_shot,1024,3,2026,ibm_kingston,False,full_main_quantum_stack,membership,correctness_auc,0.56
MNIST_QNN_eff_su2_r5_d2_s45,ideal_shot,1024,3,2026,ibm_kingston,False,full_main_quantum_stack,membership,max_probability_auc,0.5303
MNIST_QNN_eff_su2_r5_d2_s45,ideal_shot,1024,3,2026,ibm_kingston,False,full_main_quantum_stack,target,generalization_gap_accuracy,0.12000000476837158
MNIST_QNN_eff_su2_r5_d2_s45,ideal_shot,1024,4,2026,ibm_kingston,False,full_main_quantum_stack,train,target_accuracy,0.8999999761581421
MNIST_QNN_eff_su2_r5_d2_s45,ideal_shot,1024,4,2026,ibm_kingston,False,full_main_quantum_stack,train,target_loss,0.3073423504829407
MNIST_QNN_eff_su2_r5_d2_s45,ideal_shot,1024,4,2026,ibm_kingston,False,full_main_quantum_stack,train,n_records,100.0
MNIST_QNN_eff_su2_r5_d2_s45,ideal_shot,1024,4,2026,ibm_kingston,False,full_main_quantum_stack,test,target_accuracy,0.7699999809265137
MNIST_QNN_eff_su2_r5_d2_s45,ideal_shot,1024,4,2026,ibm_kingston,False,full_main_quantum_stack,test,target_loss,0.6051670908927917
MNIST_QNN_eff_su2_r5_d2_s45,ideal_shot,1024,4,2026,ibm_kingston,False,full_main_quantum_stack,test,n_records,100.0
MNIST_QNN_eff_su2_r5_d2_s45,ideal_shot,1024,4,2026,ibm_kingston,False,full_main_quantum_stack,membership,loss_auc,0.5677
MNIST_QNN_eff_su2_r5_d2_s45,ideal_shot,1024,4,2026,ibm_kingston,False,full_main_quantum_stack,membership,entropy_auc,0.5198
MNIST_QNN_eff_su2_r5_d2_s45,ideal_shot,1024,4,2026,ibm_kingston,False,full_main_quantum_stack,membership,confidence_auc,0.5162000000000001
MNIST_QNN_eff_su2_r5_d2_s45,ideal_shot,1024,4,2026,ibm_kingston,False,full_main_quantum_stack,membership,margin_auc,0.5115000000000001
MNIST_QNN_eff_su2_r5_d2_s45,ideal_shot,1024,4,2026,ibm_kingston,False,full_main_quantum_stack,membership,correctness_auc,0.565
MNIST_QNN_eff_su2_r5_d2_s45,ideal_shot,1024,4,2026,ibm_kingston,False,full_main_quantum_stack,membership,max_probability_auc,0.5162000000000001
MNIST_QNN_eff_su2_r5_d2_s45,ideal_shot,1024,4,2026,ibm_kingston,False,full_main_quantum_stack,target,generalization_gap_accuracy,0.12999999523162842
MNIST_QNN_eff_su2_r5_d2_s45,ideal_shot,1024,5,2026,ibm_kingston,False,full_main_quantum_stack,train,target_accuracy,0.8799999952316284
MNIST_QNN_eff_su2_r5_d2_s45,ideal_shot,1024,5,2026,ibm_kingston,False,full_main_quantum_stack,train,target_loss,0.32874158024787903
MNIST_QNN_eff_su2_r5_d2_s45,ideal_shot,1024,5,2026,ibm_kingston,False,full_main_quantum_stack,train,n_records,100.0
MNIST_QNN_eff_su2_r5_d2_s45,ideal_shot,1024,5,2026,ibm_kingston,False,full_main_quantum_stack,test,target_accuracy,0.7599999904632568
MNIST_QNN_eff_su2_r5_d2_s45,ideal_shot,1024,5,2026,ibm_kingston,False,full_main_quantum_stack,test,target_loss,0.6112253665924072
MNIST_QNN_eff_su2_r5_d2_s45,ideal_shot,1024,5,2026,ibm_kingston,False,full_main_quantum_stack,test,n_records,100.0
MNIST_QNN_eff_su2_r5_d2_s45,ideal_shot,1024,5,2026,ibm_kingston,False,full_main_quantum_stack,membership,loss_auc,0.5773
MNIST_QNN_eff_su2_r5_d2_s45,ideal_shot,1024,5,2026,ibm_kingston,False,full_main_quantum_stack,membership,entropy_auc,0.5358999999999999
MNIST_QNN_eff_su2_r5_d2_s45,ideal_shot,1024,5,2026,ibm_kingston,False,full_main_quantum_stack,membership,confidence_auc,0.5344
MNIST_QNN_eff_su2_r5_d2_s45,ideal_shot,1024,5,2026,ibm_kingston,False,full_main_quantum_stack,membership,margin_auc,0.5284
MNIST_QNN_eff_su2_r5_d2_s45,ideal_shot,1024,5,2026,ibm_kingston,False,full_main_quantum_stack,membership,correctness_auc,0.56
MNIST_QNN_eff_su2_r5_d2_s45,ideal_shot,1024,5,2026,ibm_kingston,False,full_main_quantum_stack,membership,max_probability_auc,0.5344
MNIST_QNN_eff_su2_r5_d2_s45,ideal_shot,1024,5,2026,ibm_kingston,False,full_main_quantum_stack,target,generalization_gap_accuracy,0.12000000476837158
MNIST_QNN_eff_su2_r5_d2_s45,ideal_shot,1024,6,2026,ibm_kingston,False,full_main_quantum_stack,train,target_accuracy,0.8999999761581421
MNIST_QNN_eff_su2_r5_d2_s45,ideal_shot,1024,6,2026,ibm_kingston,False,full_main_quantum_stack,train,target_loss,0.3064447343349457
MNIST_QNN_eff_su2_r5_d2_s45,ideal_shot,1024,6,2026,ibm_kingston,False,full_main_quantum_stack,train,n_records,100.0
MNIST_QNN_eff_su2_r5_d2_s45,ideal_shot,1024,6,2026,ibm_kingston,False,full_main_quantum_stack,test,target_accuracy,0.7599999904632568
MNIST_QNN_eff_su2_r5_d2_s45,ideal_shot,1024,6,2026,ibm_kingston,False,full_main_quantum_stack,test,target_loss,0.622276246547699
MNIST_QNN_eff_su2_r5_d2_s45,ideal_shot,1024,6,2026,ibm_kingston,False,full_main_quantum_stack,test,n_records,100.0
MNIST_QNN_eff_su2_r5_d2_s45,ideal_shot,1024,6,2026,ibm_kingston,False,full_main_quantum_stack,membership,loss_auc,0.5599000000000001
MNIST_QNN_eff_su2_r5_d2_s45,ideal_shot,1024,6,2026,ibm_kingston,False,full_main_quantum_stack,membership,entropy_auc,0.5135
MNIST_QNN_eff_su2_r5_d2_s45,ideal_shot,1024,6,2026,ibm_kingston,False,full_main_quantum_stack,membership,confidence_auc,0.5115000000000001
MNIST_QNN_eff_su2_r5_d2_s45,ideal_shot,1024,6,2026,ibm_kingston,False,full_main_quantum_stack,membership,margin_auc,0.5097
MNIST_QNN_eff_su2_r5_d2_s45,ideal_shot,1024,6,2026,ibm_kingston,False,full_main_quantum_stack,membership,correctness_auc,0.5700000000000001
MNIST_QNN_eff_su2_r5_d2_s45,ideal_shot,1024,6,2026,ibm_kingston,False,full_main_quantum_stack,membership,max_probability_auc,0.5115000000000001
MNIST_QNN_eff_su2_r5_d2_s45,ideal_shot,1024,6,2026,ibm_kingston,False,full_main_quantum_stack,target,generalization_gap_accuracy,0.13999998569488525
MNIST_QNN_eff_su2_r5_d2_s45,ideal_shot,1024,7,2026,ibm_kingston,False,full_main_quantum_stack,train,target_accuracy,0.8899999856948853
MNIST_QNN_eff_su2_r5_d2_s45,ideal_shot,1024,7,2026,ibm_kingston,False,full_main_quantum_stack,train,target_loss,0.29911887645721436
MNIST_QNN_eff_su2_r5_d2_s45,ideal_shot,1024,7,2026,ibm_kingston,False,full_main_quantum_stack,train,n_records,100.0
MNIST_QNN_eff_su2_r5_d2_s45,ideal_shot,1024,7,2026,ibm_kingston,False,full_main_quantum_stack,test,target_accuracy,0.7400000095367432
MNIST_QNN_eff_su2_r5_d2_s45,ideal_shot,1024,7,2026,ibm_kingston,False,full_main_quantum_stack,test,target_loss,0.6314067244529724
MNIST_QNN_eff_su2_r5_d2_s45,ideal_shot,1024,7,2026,ibm_kingston,False,full_main_quantum_stack,test,n_records,100.0
MNIST_QNN_eff_su2_r5_d2_s45,ideal_shot,1024,7,2026,ibm_kingston,False,full_main_quantum_stack,membership,loss_auc,0.5626
MNIST_QNN_eff_su2_r5_d2_s45,ideal_shot,1024,7,2026,ibm_kingston,False,full_main_quantum_stack,membership,entropy_auc,0.5094000000000001
MNIST_QNN_eff_su2_r5_d2_s45,ideal_shot,1024,7,2026,ibm_kingston,False,full_main_quantum_stack,membership,confidence_auc,0.5062
MNIST_QNN_eff_su2_r5_d2_s45,ideal_shot,1024,7,2026,ibm_kingston,False,full_main_quantum_stack,membership,margin_auc,0.5021
MNIST_QNN_eff_su2_r5_d2_s45,ideal_shot,1024,7,2026,ibm_kingston,False,full_main_quantum_stack,membership,correctness_auc,0.575
MNIST_QNN_eff_su2_r5_d2_s45,ideal_shot,1024,7,2026,ibm_kingston,False,full_main_quantum_stack,membership,max_probability_auc,0.5062
MNIST_QNN_eff_su2_r5_d2_s45,ideal_shot,1024,7,2026,ibm_kingston,False,full_main_quantum_stack,target,generalization_gap_accuracy,0.1499999761581421
MNIST_QNN_eff_su2_r5_d2_s45,ideal_shot,1024,8,2026,ibm_kingston,False,full_main_quantum_stack,train,target_accuracy,0.9300000071525574
MNIST_QNN_eff_su2_r5_d2_s45,ideal_shot,1024,8,2026,ibm_kingston,False,full_main_quantum_stack,train,target_loss,0.3110624849796295
MNIST_QNN_eff_su2_r5_d2_s45,ideal_shot,1024,8,2026,ibm_kingston,False,full_main_quantum_stack,train,n_records,100.0
MNIST_QNN_eff_su2_r5_d2_s45,ideal_shot,1024,8,2026,ibm_kingston,False,full_main_quantum_stack,test,target_accuracy,0.7900000214576721
MNIST_QNN_eff_su2_r5_d2_s45,ideal_shot,1024,8,2026,ibm_kingston,False,full_main_quantum_stack,test,target_loss,0.5535891056060791
MNIST_QNN_eff_su2_r5_d2_s45,ideal_shot,1024,8,2026,ibm_kingston,False,full_main_quantum_stack,test,n_records,100.0
MNIST_QNN_eff_su2_r5_d2_s45,ideal_shot,1024,8,2026,ibm_kingston,False,full_main_quantum_stack,membership,loss_auc,0.5371999999999999
MNIST_QNN_eff_su2_r5_d2_s45,ideal_shot,1024,8,2026,ibm_kingston,False,full_main_quantum_stack,membership,entropy_auc,0.4961
MNIST_QNN_eff_su2_r5_d2_s45,ideal_shot,1024,8,2026,ibm_kingston,False,full_main_quantum_stack,membership,confidence_auc,0.48649999999999993
MNIST_QNN_eff_su2_r5_d2_s45,ideal_shot,1024,8,2026,ibm_kingston,False,full_main_quantum_stack,membership,margin_auc,0.4818
MNIST_QNN_eff_su2_r5_d2_s45,ideal_shot,1024,8,2026,ibm_kingston,False,full_main_quantum_stack,membership,correctness_auc,0.57
MNIST_QNN_eff_su2_r5_d2_s45,ideal_shot,1024,8,2026,ibm_kingston,False,full_main_quantum_stack,membership,max_probability_auc,0.48649999999999993
MNIST_QNN_eff_su2_r5_d2_s45,ideal_shot,1024,8,2026,ibm_kingston,False,full_main_quantum_stack,target,generalization_gap_accuracy,0.13999998569488525
MNIST_QNN_eff_su2_r5_d2_s45,ideal_shot,1024,9,2026,ibm_kingston,False,full_main_quantum_stack,train,target_accuracy,0.8799999952316284
MNIST_QNN_eff_su2_r5_d2_s45,ideal_shot,1024,9,2026,ibm_kingston,False,full_main_quantum_stack,train,target_loss,0.3449675440788269
MNIST_QNN_eff_su2_r5_d2_s45,ideal_shot,1024,9,2026,ibm_kingston,False,full_main_quantum_stack,train,n_records,100.0
MNIST_QNN_eff_su2_r5_d2_s45,ideal_shot,1024,9,2026,ibm_kingston,False,full_main_quantum_stack,test,target_accuracy,0.75
MNIST_QNN_eff_su2_r5_d2_s45,ideal_shot,1024,9,2026,ibm_kingston,False,full_main_quantum_stack,test,target_loss,0.6299319863319397
MNIST_QNN_eff_su2_r5_d2_s45,ideal_shot,1024,9,2026,ibm_kingston,False,full_main_quantum_stack,test,n_records,100.0
MNIST_QNN_eff_su2_r5_d2_s45,ideal_shot,1024,9,2026,ibm_kingston,False,full_main_quantum_stack,membership,loss_auc,0.56
MNIST_QNN_eff_su2_r5_d2_s45,ideal_shot,1024,9,2026,ibm_kingston,False,full_main_quantum_stack,membership,entropy_auc,0.5162
MNIST_QNN_eff_su2_r5_d2_s45,ideal_shot,1024,9,2026,ibm_kingston,False,full_main_quantum_stack,membership,confidence_auc,0.5163000000000001
MNIST_QNN_eff_su2_r5_d2_s45,ideal_shot,1024,9,2026,ibm_kingston,False,full_main_quantum_stack,membership,margin_auc,0.5132
MNIST_QNN_eff_su2_r5_d2_s45,ideal_shot,1024,9,2026,ibm_kingston,False,full_main_quantum_stack,membership,correctness_auc,0.565
MNIST_QNN_eff_su2_r5_d2_s45,ideal_shot,1024,9,2026,ibm_kingston,False,full_main_quantum_stack,membership,max_probability_auc,0.5163000000000001
MNIST_QNN_eff_su2_r5_d2_s45,ideal_shot,1024,9,2026,ibm_kingston,False,full_main_quantum_stack,target,generalization_gap_accuracy,0.12999999523162842
MNIST_QNN_eff_su2_r5_d2_s45,noisy_shot,128,0,2026,ibm_kingston,True,full_main_quantum_stack,train,target_accuracy,0.7400000095367432
MNIST_QNN_eff_su2_r5_d2_s45,noisy_shot,128,0,2026,ibm_kingston,True,full_main_quantum_stack,train,target_loss,0.6152427196502686
MNIST_QNN_eff_su2_r5_d2_s45,noisy_shot,128,0,2026,ibm_kingston,True,full_main_quantum_stack,train,n_records,100.0
MNIST_QNN_eff_su2_r5_d2_s45,noisy_shot,128,0,2026,ibm_kingston,True,full_main_quantum_stack,test,target_accuracy,0.699999988079071
MNIST_QNN_eff_su2_r5_d2_s45,noisy_shot,128,0,2026,ibm_kingston,True,full_main_quantum_stack,test,target_loss,0.9469125270843506
MNIST_QNN_eff_su2_r5_d2_s45,noisy_shot,128,0,2026,ibm_kingston,True,full_main_quantum_stack,test,n_records,100.0
MNIST_QNN_eff_su2_r5_d2_s45,noisy_shot,128,0,2026,ibm_kingston,True,full_main_quantum_stack,membership,loss_auc,0.5487
MNIST_QNN_eff_su2_r5_d2_s45,noisy_shot,128,0,2026,ibm_kingston,True,full_main_quantum_stack,membership,entropy_auc,0.5037
MNIST_QNN_eff_su2_r5_d2_s45,noisy_shot,128,0,2026,ibm_kingston,True,full_main_quantum_stack,membership,confidence_auc,0.5005000000000001
MNIST_QNN_eff_su2_r5_d2_s45,noisy_shot,128,0,2026,ibm_kingston,True,full_main_quantum_stack,membership,margin_auc,0.49410000000000004
MNIST_QNN_eff_su2_r5_d2_s45,noisy_shot,128,0,2026,ibm_kingston,True,full_main_quantum_stack,membership,correctness_auc,0.52
MNIST_QNN_eff_su2_r5_d2_s45,noisy_shot,128,0,2026,ibm_kingston,True,full_main_quantum_stack,membership,max_probability_auc,0.5005000000000001
MNIST_QNN_eff_su2_r5_d2_s45,noisy_shot,128,0,2026,ibm_kingston,True,full_main_quantum_stack,target,generalization_gap_accuracy,0.04000002145767212
MNIST_QNN_eff_su2_r5_d2_s45,noisy_shot,128,1,2026,ibm_kingston,True,full_main_quantum_stack,train,target_accuracy,0.7400000095367432
MNIST_QNN_eff_su2_r5_d2_s45,noisy_shot,128,1,2026,ibm_kingston,True,full_main_quantum_stack,train,target_loss,0.6765580177307129
MNIST_QNN_eff_su2_r5_d2_s45,noisy_shot,128,1,2026,ibm_kingston,True,full_main_quantum_stack,train,n_records,100.0
MNIST_QNN_eff_su2_r5_d2_s45,noisy_shot,128,1,2026,ibm_kingston,True,full_main_quantum_stack,test,target_accuracy,0.6299999952316284
MNIST_QNN_eff_su2_r5_d2_s45,noisy_shot,128,1,2026,ibm_kingston,True,full_main_quantum_stack,test,target_loss,1.0921932458877563
MNIST_QNN_eff_su2_r5_d2_s45,noisy_shot,128,1,2026,ibm_kingston,True,full_main_quantum_stack,test,n_records,100.0
MNIST_QNN_eff_su2_r5_d2_s45,noisy_shot,128,1,2026,ibm_kingston,True,full_main_quantum_stack,membership,loss_auc,0.5586
MNIST_QNN_eff_su2_r5_d2_s45,noisy_shot,128,1,2026,ibm_kingston,True,full_main_quantum_stack,membership,entropy_auc,0.49870000000000003
MNIST_QNN_eff_su2_r5_d2_s45,noisy_shot,128,1,2026,ibm_kingston,True,full_main_quantum_stack,membership,confidence_auc,0.4906
MNIST_QNN_eff_su2_r5_d2_s45,noisy_shot,128,1,2026,ibm_kingston,True,full_main_quantum_stack,membership,margin_auc,0.49110000000000004
MNIST_QNN_eff_su2_r5_d2_s45,noisy_shot,128,1,2026,ibm_kingston,True,full_main_quantum_stack,membership,correctness_auc,0.555
MNIST_QNN_eff_su2_r5_d2_s45,noisy_shot,128,1,2026,ibm_kingston,True,full_main_quantum_stack,membership,max_probability_auc,0.4906
MNIST_QNN_eff_su2_r5_d2_s45,noisy_shot,128,1,2026,ibm_kingston,True,full_main_quantum_stack,target,generalization_gap_accuracy,0.11000001430511475
MNIST_QNN_eff_su2_r5_d2_s45,noisy_shot,128,2,2026,ibm_kingston,True,full_main_quantum_stack,train,target_accuracy,0.6800000071525574
MNIST_QNN_eff_su2_r5_d2_s45,noisy_shot,128,2,2026,ibm_kingston,True,full_main_quantum_stack,train,target_loss,0.6928343772888184
MNIST_QNN_eff_su2_r5_d2_s45,noisy_shot,128,2,2026,ibm_kingston,True,full_main_quantum_stack,train,n_records,100.0
MNIST_QNN_eff_su2_r5_d2_s45,noisy_shot,128,2,2026,ibm_kingston,True,full_main_quantum_stack,test,target_accuracy,0.7300000190734863
MNIST_QNN_eff_su2_r5_d2_s45,noisy_shot,128,2,2026,ibm_kingston,True,full_main_quantum_stack,test,target_loss,0.8499747514724731
MNIST_QNN_eff_su2_r5_d2_s45,noisy_shot,128,2,2026,ibm_kingston,True,full_main_quantum_stack,test,n_records,100.0
MNIST_QNN_eff_su2_r5_d2_s45,noisy_shot,128,2,2026,ibm_kingston,True,full_main_quantum_stack,membership,loss_auc,0.4975
MNIST_QNN_eff_su2_r5_d2_s45,noisy_shot,128,2,2026,ibm_kingston,True,full_main_quantum_stack,membership,entropy_auc,0.47040000000000004
MNIST_QNN_eff_su2_r5_d2_s45,noisy_shot,128,2,2026,ibm_kingston,True,full_main_quantum_stack,membership,confidence_auc,0.46459999999999996
MNIST_QNN_eff_su2_r5_d2_s45,noisy_shot,128,2,2026,ibm_kingston,True,full_main_quantum_stack,membership,margin_auc,0.4616
MNIST_QNN_eff_su2_r5_d2_s45,noisy_shot,128,2,2026,ibm_kingston,True,full_main_quantum_stack,membership,correctness_auc,0.47500000000000003
MNIST_QNN_eff_su2_r5_d2_s45,noisy_shot,128,2,2026,ibm_kingston,True,full_main_quantum_stack,membership,max_probability_auc,0.46459999999999996
MNIST_QNN_eff_su2_r5_d2_s45,noisy_shot,128,2,2026,ibm_kingston,True,full_main_quantum_stack,target,generalization_gap_accuracy,-0.050000011920928955
MNIST_QNN_eff_su2_r5_d2_s45,noisy_shot,128,3,2026,ibm_kingston,True,full_main_quantum_stack,train,target_accuracy,0.7200000286102295
MNIST_QNN_eff_su2_r5_d2_s45,noisy_shot,128,3,2026,ibm_kingston,True,full_main_quantum_stack,train,target_loss,0.6857326030731201
MNIST_QNN_eff_su2_r5_d2_s45,noisy_shot,128,3,2026,ibm_kingston,True,full_main_quantum_stack,train,n_records,100.0
MNIST_QNN_eff_su2_r5_d2_s45,noisy_shot,128,3,2026,ibm_kingston,True,full_main_quantum_stack,test,target_accuracy,0.6600000262260437
MNIST_QNN_eff_su2_r5_d2_s45,noisy_shot,128,3,2026,ibm_kingston,True,full_main_quantum_stack,test,target_loss,0.9237114191055298
MNIST_QNN_eff_su2_r5_d2_s45,noisy_shot,128,3,2026,ibm_kingston,True,full_main_quantum_stack,test,n_records,100.0
MNIST_QNN_eff_su2_r5_d2_s45,noisy_shot,128,3,2026,ibm_kingston,True,full_main_quantum_stack,membership,loss_auc,0.5384
MNIST_QNN_eff_su2_r5_d2_s45,noisy_shot,128,3,2026,ibm_kingston,True,full_main_quantum_stack,membership,entropy_auc,0.5006
MNIST_QNN_eff_su2_r5_d2_s45,noisy_shot,128,3,2026,ibm_kingston,True,full_main_quantum_stack,membership,confidence_auc,0.4857000000000001
MNIST_QNN_eff_su2_r5_d2_s45,noisy_shot,128,3,2026,ibm_kingston,True,full_main_quantum_stack,membership,margin_auc,0.48810000000000003
MNIST_QNN_eff_su2_r5_d2_s45,noisy_shot,128,3,2026,ibm_kingston,True,full_main_quantum_stack,membership,correctness_auc,0.53
MNIST_QNN_eff_su2_r5_d2_s45,noisy_shot,128,3,2026,ibm_kingston,True,full_main_quantum_stack,membership,max_probability_auc,0.4857000000000001
MNIST_QNN_eff_su2_r5_d2_s45,noisy_shot,128,3,2026,ibm_kingston,True,full_main_quantum_stack,target,generalization_gap_accuracy,0.06000000238418579
MNIST_QNN_eff_su2_r5_d2_s45,noisy_shot,128,4,2026,ibm_kingston,True,full_main_quantum_stack,train,target_accuracy,0.7599999904632568
MNIST_QNN_eff_su2_r5_d2_s45,noisy_shot,128,4,2026,ibm_kingston,True,full_main_quantum_stack,train,target_loss,0.6286965012550354
MNIST_QNN_eff_su2_r5_d2_s45,noisy_shot,128,4,2026,ibm_kingston,True,full_main_quantum_stack,train,n_records,100.0
MNIST_QNN_eff_su2_r5_d2_s45,noisy_shot,128,4,2026,ibm_kingston,True,full_main_quantum_stack,test,target_accuracy,0.699999988079071
MNIST_QNN_eff_su2_r5_d2_s45,noisy_shot,128,4,2026,ibm_kingston,True,full_main_quantum_stack,test,target_loss,0.9471361637115479
MNIST_QNN_eff_su2_r5_d2_s45,noisy_shot,128,4,2026,ibm_kingston,True,full_main_quantum_stack,test,n_records,100.0
MNIST_QNN_eff_su2_r5_d2_s45,noisy_shot,128,4,2026,ibm_kingston,True,full_main_quantum_stack,membership,loss_auc,0.5074
MNIST_QNN_eff_su2_r5_d2_s45,noisy_shot,128,4,2026,ibm_kingston,True,full_main_quantum_stack,membership,entropy_auc,0.43649999999999994
MNIST_QNN_eff_su2_r5_d2_s45,noisy_shot,128,4,2026,ibm_kingston,True,full_main_quantum_stack,membership,confidence_auc,0.4427
MNIST_QNN_eff_su2_r5_d2_s45,noisy_shot,128,4,2026,ibm_kingston,True,full_main_quantum_stack,membership,margin_auc,0.4409
MNIST_QNN_eff_su2_r5_d2_s45,noisy_shot,128,4,2026,ibm_kingston,True,full_main_quantum_stack,membership,correctness_auc,0.53
MNIST_QNN_eff_su2_r5_d2_s45,noisy_shot,128,4,2026,ibm_kingston,True,full_main_quantum_stack,membership,max_probability_auc,0.4427
MNIST_QNN_eff_su2_r5_d2_s45,noisy_shot,128,4,2026,ibm_kingston,True,full_main_quantum_stack,target,generalization_gap_accuracy,0.06000000238418579
MNIST_QNN_eff_su2_r5_d2_s45,noisy_shot,128,5,2026,ibm_kingston,True,full_main_quantum_stack,train,target_accuracy,0.7400000095367432
MNIST_QNN_eff_su2_r5_d2_s45,noisy_shot,128,5,2026,ibm_kingston,True,full_main_quantum_stack,train,target_loss,0.7717968821525574
MNIST_QNN_eff_su2_r5_d2_s45,noisy_shot,128,5,2026,ibm_kingston,True,full_main_quantum_stack,train,n_records,100.0
MNIST_QNN_eff_su2_r5_d2_s45,noisy_shot,128,5,2026,ibm_kingston,True,full_main_quantum_stack,test,target_accuracy,0.6200000047683716
MNIST_QNN_eff_su2_r5_d2_s45,noisy_shot,128,5,2026,ibm_kingston,True,full_main_quantum_stack,test,target_loss,1.0519682168960571
MNIST_QNN_eff_su2_r5_d2_s45,noisy_shot,128,5,2026,ibm_kingston,True,full_main_quantum_stack,test,n_records,100.0
MNIST_QNN_eff_su2_r5_d2_s45,noisy_shot,128,5,2026,ibm_kingston,True,full_main_quantum_stack,membership,loss_auc,0.5835
MNIST_QNN_eff_su2_r5_d2_s45,noisy_shot,128,5,2026,ibm_kingston,True,full_main_quantum_stack,membership,entropy_auc,0.5533
MNIST_QNN_eff_su2_r5_d2_s45,noisy_shot,128,5,2026,ibm_kingston,True,full_main_quantum_stack,membership,confidence_auc,0.5594
MNIST_QNN_eff_su2_r5_d2_s45,noisy_shot,128,5,2026,ibm_kingston,True,full_main_quantum_stack,membership,margin_auc,0.5650999999999999
MNIST_QNN_eff_su2_r5_d2_s45,noisy_shot,128,5,2026,ibm_kingston,True,full_main_quantum_stack,membership,correctness_auc,0.56
MNIST_QNN_eff_su2_r5_d2_s45,noisy_shot,128,5,2026,ibm_kingston,True,full_main_quantum_stack,membership,max_probability_auc,0.5594
MNIST_QNN_eff_su2_r5_d2_s45,noisy_shot,128,5,2026,ibm_kingston,True,full_main_quantum_stack,target,generalization_gap_accuracy,0.12000000476837158
MNIST_QNN_eff_su2_r5_d2_s45,noisy_shot,128,6,2026,ibm_kingston,True,full_main_quantum_stack,train,target_accuracy,0.7300000190734863
MNIST_QNN_eff_su2_r5_d2_s45,noisy_shot,128,6,2026,ibm_kingston,True,full_main_quantum_stack,train,target_loss,0.6332683563232422
MNIST_QNN_eff_su2_r5_d2_s45,noisy_shot,128,6,2026,ibm_kingston,True,full_main_quantum_stack,train,n_records,100.0
MNIST_QNN_eff_su2_r5_d2_s45,noisy_shot,128,6,2026,ibm_kingston,True,full_main_quantum_stack,test,target_accuracy,0.7400000095367432
MNIST_QNN_eff_su2_r5_d2_s45,noisy_shot,128,6,2026,ibm_kingston,True,full_main_quantum_stack,test,target_loss,0.8123869299888611
MNIST_QNN_eff_su2_r5_d2_s45,noisy_shot,128,6,2026,ibm_kingston,True,full_main_quantum_stack,test,n_records,100.0
MNIST_QNN_eff_su2_r5_d2_s45,noisy_shot,128,6,2026,ibm_kingston,True,full_main_quantum_stack,membership,loss_auc,0.5109
MNIST_QNN_eff_su2_r5_d2_s45,noisy_shot,128,6,2026,ibm_kingston,True,full_main_quantum_stack,membership,entropy_auc,0.4939
MNIST_QNN_eff_su2_r5_d2_s45,noisy_shot,128,6,2026,ibm_kingston,True,full_main_quantum_stack,membership,confidence_auc,0.4871
MNIST_QNN_eff_su2_r5_d2_s45,noisy_shot,128,6,2026,ibm_kingston,True,full_main_quantum_stack,membership,margin_auc,0.4875
MNIST_QNN_eff_su2_r5_d2_s45,noisy_shot,128,6,2026,ibm_kingston,True,full_main_quantum_stack,membership,correctness_auc,0.495
MNIST_QNN_eff_su2_r5_d2_s45,noisy_shot,128,6,2026,ibm_kingston,True,full_main_quantum_stack,membership,max_probability_auc,0.4871
MNIST_QNN_eff_su2_r5_d2_s45,noisy_shot,128,6,2026,ibm_kingston,True,full_main_quantum_stack,target,generalization_gap_accuracy,-0.009999990463256836
MNIST_QNN_eff_su2_r5_d2_s45,noisy_shot,128,7,2026,ibm_kingston,True,full_main_quantum_stack,train,target_accuracy,0.7200000286102295
MNIST_QNN_eff_su2_r5_d2_s45,noisy_shot,128,7,2026,ibm_kingston,True,full_main_quantum_stack,train,target_loss,0.5747573971748352
MNIST_QNN_eff_su2_r5_d2_s45,noisy_shot,128,7,2026,ibm_kingston,True,full_main_quantum_stack,train,n_records,100.0
MNIST_QNN_eff_su2_r5_d2_s45,noisy_shot,128,7,2026,ibm_kingston,True,full_main_quantum_stack,test,target_accuracy,0.6299999952316284
MNIST_QNN_eff_su2_r5_d2_s45,noisy_shot,128,7,2026,ibm_kingston,True,full_main_quantum_stack,test,target_loss,0.9248226881027222
MNIST_QNN_eff_su2_r5_d2_s45,noisy_shot,128,7,2026,ibm_kingston,True,full_main_quantum_stack,test,n_records,100.0
MNIST_QNN_eff_su2_r5_d2_s45,noisy_shot,128,7,2026,ibm_kingston,True,full_main_quantum_stack,membership,loss_auc,0.5857999999999999
MNIST_QNN_eff_su2_r5_d2_s45,noisy_shot,128,7,2026,ibm_kingston,True,full_main_quantum_stack,membership,entropy_auc,0.5374
MNIST_QNN_eff_su2_r5_d2_s45,noisy_shot,128,7,2026,ibm_kingston,True,full_main_quantum_stack,membership,confidence_auc,0.5263
MNIST_QNN_eff_su2_r5_d2_s45,noisy_shot,128,7,2026,ibm_kingston,True,full_main_quantum_stack,membership,margin_auc,0.5267
MNIST_QNN_eff_su2_r5_d2_s45,noisy_shot,128,7,2026,ibm_kingston,True,full_main_quantum_stack,membership,correctness_auc,0.5449999999999999
MNIST_QNN_eff_su2_r5_d2_s45,noisy_shot,128,7,2026,ibm_kingston,True,full_main_quantum_stack,membership,max_probability_auc,0.5263
MNIST_QNN_eff_su2_r5_d2_s45,noisy_shot,128,7,2026,ibm_kingston,True,full_main_quantum_stack,target,generalization_gap_accuracy,0.09000003337860107
MNIST_QNN_eff_su2_r5_d2_s45,noisy_shot,128,8,2026,ibm_kingston,True,full_main_quantum_stack,train,target_accuracy,0.7599999904632568
MNIST_QNN_eff_su2_r5_d2_s45,noisy_shot,128,8,2026,ibm_kingston,True,full_main_quantum_stack,train,target_loss,0.595618486404419
MNIST_QNN_eff_su2_r5_d2_s45,noisy_shot,128,8,2026,ibm_kingston,True,full_main_quantum_stack,train,n_records,100.0
MNIST_QNN_eff_su2_r5_d2_s45,noisy_shot,128,8,2026,ibm_kingston,True,full_main_quantum_stack,test,target_accuracy,0.6499999761581421
MNIST_QNN_eff_su2_r5_d2_s45,noisy_shot,128,8,2026,ibm_kingston,True,full_main_quantum_stack,test,target_loss,1.0389375686645508
MNIST_QNN_eff_su2_r5_d2_s45,noisy_shot,128,8,2026,ibm_kingston,True,full_main_quantum_stack,test,n_records,100.0
MNIST_QNN_eff_su2_r5_d2_s45,noisy_shot,128,8,2026,ibm_kingston,True,full_main_quantum_stack,membership,loss_auc,0.6029
MNIST_QNN_eff_su2_r5_d2_s45,noisy_shot,128,8,2026,ibm_kingston,True,full_main_quantum_stack,membership,entropy_auc,0.5366
MNIST_QNN_eff_su2_r5_d2_s45,noisy_shot,128,8,2026,ibm_kingston,True,full_main_quantum_stack,membership,confidence_auc,0.5215
MNIST_QNN_eff_su2_r5_d2_s45,noisy_shot,128,8,2026,ibm_kingston,True,full_main_quantum_stack,membership,margin_auc,0.5132000000000001
MNIST_QNN_eff_su2_r5_d2_s45,noisy_shot,128,8,2026,ibm_kingston,True,full_main_quantum_stack,membership,correctness_auc,0.555
MNIST_QNN_eff_su2_r5_d2_s45,noisy_shot,128,8,2026,ibm_kingston,True,full_main_quantum_stack,membership,max_probability_auc,0.5215
MNIST_QNN_eff_su2_r5_d2_s45,noisy_shot,128,8,2026,ibm_kingston,True,full_main_quantum_stack,target,generalization_gap_accuracy,0.11000001430511475
MNIST_QNN_eff_su2_r5_d2_s45,noisy_shot,128,9,2026,ibm_kingston,True,full_main_quantum_stack,train,target_accuracy,0.7300000190734863
MNIST_QNN_eff_su2_r5_d2_s45,noisy_shot,128,9,2026,ibm_kingston,True,full_main_quantum_stack,train,target_loss,0.6806933879852295
MNIST_QNN_eff_su2_r5_d2_s45,noisy_shot,128,9,2026,ibm_kingston,True,full_main_quantum_stack,train,n_records,100.0
MNIST_QNN_eff_su2_r5_d2_s45,noisy_shot,128,9,2026,ibm_kingston,True,full_main_quantum_stack,test,target_accuracy,0.6600000262260437
MNIST_QNN_eff_su2_r5_d2_s45,noisy_shot,128,9,2026,ibm_kingston,True,full_main_quantum_stack,test,target_loss,0.8973549008369446
MNIST_QNN_eff_su2_r5_d2_s45,noisy_shot,128,9,2026,ibm_kingston,True,full_main_quantum_stack,test,n_records,100.0
MNIST_QNN_eff_su2_r5_d2_s45,noisy_shot,128,9,2026,ibm_kingston,True,full_main_quantum_stack,membership,loss_auc,0.5309999999999999
MNIST_QNN_eff_su2_r5_d2_s45,noisy_shot,128,9,2026,ibm_kingston,True,full_main_quantum_stack,membership,entropy_auc,0.4596
MNIST_QNN_eff_su2_r5_d2_s45,noisy_shot,128,9,2026,ibm_kingston,True,full_main_quantum_stack,membership,confidence_auc,0.4646
MNIST_QNN_eff_su2_r5_d2_s45,noisy_shot,128,9,2026,ibm_kingston,True,full_main_quantum_stack,membership,margin_auc,0.4686
MNIST_QNN_eff_su2_r5_d2_s45,noisy_shot,128,9,2026,ibm_kingston,True,full_main_quantum_stack,membership,correctness_auc,0.5349999999999999
MNIST_QNN_eff_su2_r5_d2_s45,noisy_shot,128,9,2026,ibm_kingston,True,full_main_quantum_stack,membership,max_probability_auc,0.4646
MNIST_QNN_eff_su2_r5_d2_s45,noisy_shot,128,9,2026,ibm_kingston,True,full_main_quantum_stack,target,generalization_gap_accuracy,0.06999999284744263
MNIST_QNN_eff_su2_r5_d2_s45,noisy_shot,512,0,2026,ibm_kingston,True,full_main_quantum_stack,train,target_accuracy,0.8600000143051147
MNIST_QNN_eff_su2_r5_d2_s45,noisy_shot,512,0,2026,ibm_kingston,True,full_main_quantum_stack,train,target_loss,0.40892142057418823
MNIST_QNN_eff_su2_r5_d2_s45,noisy_shot,512,0,2026,ibm_kingston,True,full_main_quantum_stack,train,n_records,100.0
MNIST_QNN_eff_su2_r5_d2_s45,noisy_shot,512,0,2026,ibm_kingston,True,full_main_quantum_stack,test,target_accuracy,0.7200000286102295
MNIST_QNN_eff_su2_r5_d2_s45,noisy_shot,512,0,2026,ibm_kingston,True,full_main_quantum_stack,test,target_loss,0.7512755393981934
MNIST_QNN_eff_su2_r5_d2_s45,noisy_shot,512,0,2026,ibm_kingston,True,full_main_quantum_stack,test,n_records,100.0
MNIST_QNN_eff_su2_r5_d2_s45,noisy_shot,512,0,2026,ibm_kingston,True,full_main_quantum_stack,membership,loss_auc,0.5585
MNIST_QNN_eff_su2_r5_d2_s45,noisy_shot,512,0,2026,ibm_kingston,True,full_main_quantum_stack,membership,entropy_auc,0.5063
MNIST_QNN_eff_su2_r5_d2_s45,noisy_shot,512,0,2026,ibm_kingston,True,full_main_quantum_stack,membership,confidence_auc,0.5016
MNIST_QNN_eff_su2_r5_d2_s45,noisy_shot,512,0,2026,ibm_kingston,True,full_main_quantum_stack,membership,margin_auc,0.4961
MNIST_QNN_eff_su2_r5_d2_s45,noisy_shot,512,0,2026,ibm_kingston,True,full_main_quantum_stack,membership,correctness_auc,0.5700000000000001
MNIST_QNN_eff_su2_r5_d2_s45,noisy_shot,512,0,2026,ibm_kingston,True,full_main_quantum_stack,membership,max_probability_auc,0.5016
MNIST_QNN_eff_su2_r5_d2_s45,noisy_shot,512,0,2026,ibm_kingston,True,full_main_quantum_stack,target,generalization_gap_accuracy,0.13999998569488525
MNIST_QNN_eff_su2_r5_d2_s45,noisy_shot,512,1,2026,ibm_kingston,True,full_main_quantum_stack,train,target_accuracy,0.8500000238418579
MNIST_QNN_eff_su2_r5_d2_s45,noisy_shot,512,1,2026,ibm_kingston,True,full_main_quantum_stack,train,target_loss,0.4083462655544281
MNIST_QNN_eff_su2_r5_d2_s45,noisy_shot,512,1,2026,ibm_kingston,True,full_main_quantum_stack,train,n_records,100.0
MNIST_QNN_eff_su2_r5_d2_s45,noisy_shot,512,1,2026,ibm_kingston,True,full_main_quantum_stack,test,target_accuracy,0.75
MNIST_QNN_eff_su2_r5_d2_s45,noisy_shot,512,1,2026,ibm_kingston,True,full_main_quantum_stack,test,target_loss,0.6769534945487976
MNIST_QNN_eff_su2_r5_d2_s45,noisy_shot,512,1,2026,ibm_kingston,True,full_main_quantum_stack,test,n_records,100.0
MNIST_QNN_eff_su2_r5_d2_s45,noisy_shot,512,1,2026,ibm_kingston,True,full_main_quantum_stack,membership,loss_auc,0.5372
MNIST_QNN_eff_su2_r5_d2_s45,noisy_shot,512,1,2026,ibm_kingston,True,full_main_quantum_stack,membership,entropy_auc,0.48649999999999993
MNIST_QNN_eff_su2_r5_d2_s45,noisy_shot,512,1,2026,ibm_kingston,True,full_main_quantum_stack,membership,confidence_auc,0.4823
MNIST_QNN_eff_su2_r5_d2_s45,noisy_shot,512,1,2026,ibm_kingston,True,full_main_quantum_stack,membership,margin_auc,0.4778
MNIST_QNN_eff_su2_r5_d2_s45,noisy_shot,512,1,2026,ibm_kingston,True,full_main_quantum_stack,membership,correctness_auc,0.55
MNIST_QNN_eff_su2_r5_d2_s45,noisy_shot,512,1,2026,ibm_kingston,True,full_main_quantum_stack,membership,max_probability_auc,0.4823
MNIST_QNN_eff_su2_r5_d2_s45,noisy_shot,512,1,2026,ibm_kingston,True,full_main_quantum_stack,target,generalization_gap_accuracy,0.10000002384185791
MNIST_QNN_eff_su2_r5_d2_s45,noisy_shot,512,2,2026,ibm_kingston,True,full_main_quantum_stack,train,target_accuracy,0.8100000023841858
MNIST_QNN_eff_su2_r5_d2_s45,noisy_shot,512,2,2026,ibm_kingston,True,full_main_quantum_stack,train,target_loss,0.4667288661003113
MNIST_QNN_eff_su2_r5_d2_s45,noisy_shot,512,2,2026,ibm_kingston,True,full_main_quantum_stack,train,n_records,100.0
MNIST_QNN_eff_su2_r5_d2_s45,noisy_shot,512,2,2026,ibm_kingston,True,full_main_quantum_stack,test,target_accuracy,0.7099999785423279
MNIST_QNN_eff_su2_r5_d2_s45,noisy_shot,512,2,2026,ibm_kingston,True,full_main_quantum_stack,test,target_loss,0.6973249912261963
MNIST_QNN_eff_su2_r5_d2_s45,noisy_shot,512,2,2026,ibm_kingston,True,full_main_quantum_stack,test,n_records,100.0
MNIST_QNN_eff_su2_r5_d2_s45,noisy_shot,512,2,2026,ibm_kingston,True,full_main_quantum_stack,membership,loss_auc,0.5408
MNIST_QNN_eff_su2_r5_d2_s45,noisy_shot,512,2,2026,ibm_kingston,True,full_main_quantum_stack,membership,entropy_auc,0.49889999999999995
MNIST_QNN_eff_su2_r5_d2_s45,noisy_shot,512,2,2026,ibm_kingston,True,full_main_quantum_stack,membership,confidence_auc,0.4983
MNIST_QNN_eff_su2_r5_d2_s45,noisy_shot,512,2,2026,ibm_kingston,True,full_main_quantum_stack,membership,margin_auc,0.49920000000000003
MNIST_QNN_eff_su2_r5_d2_s45,noisy_shot,512,2,2026,ibm_kingston,True,full_main_quantum_stack,membership,correctness_auc,0.55
MNIST_QNN_eff_su2_r5_d2_s45,noisy_shot,512,2,2026,ibm_kingston,True,full_main_quantum_stack,membership,max_probability_auc,0.4983
MNIST_QNN_eff_su2_r5_d2_s45,noisy_shot,512,2,2026,ibm_kingston,True,full_main_quantum_stack,target,generalization_gap_accuracy,0.10000002384185791
MNIST_QNN_eff_su2_r5_d2_s45,noisy_shot,512,3,2026,ibm_kingston,True,full_main_quantum_stack,train,target_accuracy,0.8399999737739563
MNIST_QNN_eff_su2_r5_d2_s45,noisy_shot,512,3,2026,ibm_kingston,True,full_main_quantum_stack,train,target_loss,0.44117066264152527
MNIST_QNN_eff_su2_r5_d2_s45,noisy_shot,512,3,2026,ibm_kingston,True,full_main_quantum_stack,train,n_records,100.0
MNIST_QNN_eff_su2_r5_d2_s45,noisy_shot,512,3,2026,ibm_kingston,True,full_main_quantum_stack,test,target_accuracy,0.7599999904632568
MNIST_QNN_eff_su2_r5_d2_s45,noisy_shot,512,3,2026,ibm_kingston,True,full_main_quantum_stack,test,target_loss,0.658705472946167
MNIST_QNN_eff_su2_r5_d2_s45,noisy_shot,512,3,2026,ibm_kingston,True,full_main_quantum_stack,test,n_records,100.0
MNIST_QNN_eff_su2_r5_d2_s45,noisy_shot,512,3,2026,ibm_kingston,True,full_main_quantum_stack,membership,loss_auc,0.5679000000000001
MNIST_QNN_eff_su2_r5_d2_s45,noisy_shot,512,3,2026,ibm_kingston,True,full_main_quantum_stack,membership,entropy_auc,0.5363000000000001
MNIST_QNN_eff_su2_r5_d2_s45,noisy_shot,512,3,2026,ibm_kingston,True,full_main_quantum_stack,membership,confidence_auc,0.5286
MNIST_QNN_eff_su2_r5_d2_s45,noisy_shot,512,3,2026,ibm_kingston,True,full_main_quantum_stack,membership,margin_auc,0.528
MNIST_QNN_eff_su2_r5_d2_s45,noisy_shot,512,3,2026,ibm_kingston,True,full_main_quantum_stack,membership,correctness_auc,0.5399999999999999
MNIST_QNN_eff_su2_r5_d2_s45,noisy_shot,512,3,2026,ibm_kingston,True,full_main_quantum_stack,membership,max_probability_auc,0.5286
MNIST_QNN_eff_su2_r5_d2_s45,noisy_shot,512,3,2026,ibm_kingston,True,full_main_quantum_stack,target,generalization_gap_accuracy,0.07999998331069946
MNIST_QNN_eff_su2_r5_d2_s45,noisy_shot,512,4,2026,ibm_kingston,True,full_main_quantum_stack,train,target_accuracy,0.8500000238418579
MNIST_QNN_eff_su2_r5_d2_s45,noisy_shot,512,4,2026,ibm_kingston,True,full_main_quantum_stack,train,target_loss,0.42181870341300964
MNIST_QNN_eff_su2_r5_d2_s45,noisy_shot,512,4,2026,ibm_kingston,True,full_main_quantum_stack,train,n_records,100.0
MNIST_QNN_eff_su2_r5_d2_s45,noisy_shot,512,4,2026,ibm_kingston,True,full_main_quantum_stack,test,target_accuracy,0.7599999904632568
MNIST_QNN_eff_su2_r5_d2_s45,noisy_shot,512,4,2026,ibm_kingston,True,full_main_quantum_stack,test,target_loss,0.6902068257331848
MNIST_QNN_eff_su2_r5_d2_s45,noisy_shot,512,4,2026,ibm_kingston,True,full_main_quantum_stack,test,n_records,100.0
MNIST_QNN_eff_su2_r5_d2_s45,noisy_shot,512,4,2026,ibm_kingston,True,full_main_quantum_stack,membership,loss_auc,0.5506
MNIST_QNN_eff_su2_r5_d2_s45,noisy_shot,512,4,2026,ibm_kingston,True,full_main_quantum_stack,membership,entropy_auc,0.4799
MNIST_QNN_eff_su2_r5_d2_s45,noisy_shot,512,4,2026,ibm_kingston,True,full_main_quantum_stack,membership,confidence_auc,0.479
MNIST_QNN_eff_su2_r5_d2_s45,noisy_shot,512,4,2026,ibm_kingston,True,full_main_quantum_stack,membership,margin_auc,0.4784
MNIST_QNN_eff_su2_r5_d2_s45,noisy_shot,512,4,2026,ibm_kingston,True,full_main_quantum_stack,membership,correctness_auc,0.545
MNIST_QNN_eff_su2_r5_d2_s45,noisy_shot,512,4,2026,ibm_kingston,True,full_main_quantum_stack,membership,max_probability_auc,0.479
MNIST_QNN_eff_su2_r5_d2_s45,noisy_shot,512,4,2026,ibm_kingston,True,full_main_quantum_stack,target,generalization_gap_accuracy,0.09000003337860107
MNIST_QNN_eff_su2_r5_d2_s45,noisy_shot,512,5,2026,ibm_kingston,True,full_main_quantum_stack,train,target_accuracy,0.8299999833106995
MNIST_QNN_eff_su2_r5_d2_s45,noisy_shot,512,5,2026,ibm_kingston,True,full_main_quantum_stack,train,target_loss,0.460580974817276
MNIST_QNN_eff_su2_r5_d2_s45,noisy_shot,512,5,2026,ibm_kingston,True,full_main_quantum_stack,train,n_records,100.0
MNIST_QNN_eff_su2_r5_d2_s45,noisy_shot,512,5,2026,ibm_kingston,True,full_main_quantum_stack,test,target_accuracy,0.7699999809265137
MNIST_QNN_eff_su2_r5_d2_s45,noisy_shot,512,5,2026,ibm_kingston,True,full_main_quantum_stack,test,target_loss,0.6609948873519897
MNIST_QNN_eff_su2_r5_d2_s45,noisy_shot,512,5,2026,ibm_kingston,True,full_main_quantum_stack,test,n_records,100.0
MNIST_QNN_eff_su2_r5_d2_s45,noisy_shot,512,5,2026,ibm_kingston,True,full_main_quantum_stack,membership,loss_auc,0.5787
MNIST_QNN_eff_su2_r5_d2_s45,noisy_shot,512,5,2026,ibm_kingston,True,full_main_quantum_stack,membership,entropy_auc,0.5582
MNIST_QNN_eff_su2_r5_d2_s45,noisy_shot,512,5,2026,ibm_kingston,True,full_main_quantum_stack,membership,confidence_auc,0.5484
MNIST_QNN_eff_su2_r5_d2_s45,noisy_shot,512,5,2026,ibm_kingston,True,full_main_quantum_stack,membership,margin_auc,0.5471
MNIST_QNN_eff_su2_r5_d2_s45,noisy_shot,512,5,2026,ibm_kingston,True,full_main_quantum_stack,membership,correctness_auc,0.53
MNIST_QNN_eff_su2_r5_d2_s45,noisy_shot,512,5,2026,ibm_kingston,True,full_main_quantum_stack,membership,max_probability_auc,0.5484
MNIST_QNN_eff_su2_r5_d2_s45,noisy_shot,512,5,2026,ibm_kingston,True,full_main_quantum_stack,target,generalization_gap_accuracy,0.06000000238418579
MNIST_QNN_eff_su2_r5_d2_s45,noisy_shot,512,6,2026,ibm_kingston,True,full_main_quantum_stack,train,target_accuracy,0.8799999952316284
MNIST_QNN_eff_su2_r5_d2_s45,noisy_shot,512,6,2026,ibm_kingston,True,full_main_quantum_stack,train,target_loss,0.3745862543582916
MNIST_QNN_eff_su2_r5_d2_s45,noisy_shot,512,6,2026,ibm_kingston,True,full_main_quantum_stack,train,n_records,100.0
MNIST_QNN_eff_su2_r5_d2_s45,noisy_shot,512,6,2026,ibm_kingston,True,full_main_quantum_stack,test,target_accuracy,0.7699999809265137
MNIST_QNN_eff_su2_r5_d2_s45,noisy_shot,512,6,2026,ibm_kingston,True,full_main_quantum_stack,test,target_loss,0.6987829804420471
MNIST_QNN_eff_su2_r5_d2_s45,noisy_shot,512,6,2026,ibm_kingston,True,full_main_quantum_stack,test,n_records,100.0
MNIST_QNN_eff_su2_r5_d2_s45,noisy_shot,512,6,2026,ibm_kingston,True,full_main_quantum_stack,membership,loss_auc,0.5687
MNIST_QNN_eff_su2_r5_d2_s45,noisy_shot,512,6,2026,ibm_kingston,True,full_main_quantum_stack,membership,entropy_auc,0.5155
MNIST_QNN_eff_su2_r5_d2_s45,noisy_shot,512,6,2026,ibm_kingston,True,full_main_quantum_stack,membership,confidence_auc,0.5102
MNIST_QNN_eff_su2_r5_d2_s45,noisy_shot,512,6,2026,ibm_kingston,True,full_main_quantum_stack,membership,margin_auc,0.5022
MNIST_QNN_eff_su2_r5_d2_s45,noisy_shot,512,6,2026,ibm_kingston,True,full_main_quantum_stack,membership,correctness_auc,0.5549999999999999
MNIST_QNN_eff_su2_r5_d2_s45,noisy_shot,512,6,2026,ibm_kingston,True,full_main_quantum_stack,membership,max_probability_auc,0.5102
MNIST_QNN_eff_su2_r5_d2_s45,noisy_shot,512,6,2026,ibm_kingston,True,full_main_quantum_stack,target,generalization_gap_accuracy,0.11000001430511475
MNIST_QNN_eff_su2_r5_d2_s45,noisy_shot,512,7,2026,ibm_kingston,True,full_main_quantum_stack,train,target_accuracy,0.8600000143051147
MNIST_QNN_eff_su2_r5_d2_s45,noisy_shot,512,7,2026,ibm_kingston,True,full_main_quantum_stack,train,target_loss,0.4222637414932251
MNIST_QNN_eff_su2_r5_d2_s45,noisy_shot,512,7,2026,ibm_kingston,True,full_main_quantum_stack,train,n_records,100.0
MNIST_QNN_eff_su2_r5_d2_s45,noisy_shot,512,7,2026,ibm_kingston,True,full_main_quantum_stack,test,target_accuracy,0.7099999785423279
MNIST_QNN_eff_su2_r5_d2_s45,noisy_shot,512,7,2026,ibm_kingston,True,full_main_quantum_stack,test,target_loss,0.7130440473556519
MNIST_QNN_eff_su2_r5_d2_s45,noisy_shot,512,7,2026,ibm_kingston,True,full_main_quantum_stack,test,n_records,100.0
MNIST_QNN_eff_su2_r5_d2_s45,noisy_shot,512,7,2026,ibm_kingston,True,full_main_quantum_stack,membership,loss_auc,0.5974
MNIST_QNN_eff_su2_r5_d2_s45,noisy_shot,512,7,2026,ibm_kingston,True,full_main_quantum_stack,membership,entropy_auc,0.5668
MNIST_QNN_eff_su2_r5_d2_s45,noisy_shot,512,7,2026,ibm_kingston,True,full_main_quantum_stack,membership,confidence_auc,0.5522
MNIST_QNN_eff_su2_r5_d2_s45,noisy_shot,512,7,2026,ibm_kingston,True,full_main_quantum_stack,membership,margin_auc,0.5446
MNIST_QNN_eff_su2_r5_d2_s45,noisy_shot,512,7,2026,ibm_kingston,True,full_main_quantum_stack,membership,correctness_auc,0.575
MNIST_QNN_eff_su2_r5_d2_s45,noisy_shot,512,7,2026,ibm_kingston,True,full_main_quantum_stack,membership,max_probability_auc,0.5522
MNIST_QNN_eff_su2_r5_d2_s45,noisy_shot,512,7,2026,ibm_kingston,True,full_main_quantum_stack,target,generalization_gap_accuracy,0.15000003576278687
MNIST_QNN_eff_su2_r5_d2_s45,noisy_shot,512,8,2026,ibm_kingston,True,full_main_quantum_stack,train,target_accuracy,0.8799999952316284
MNIST_QNN_eff_su2_r5_d2_s45,noisy_shot,512,8,2026,ibm_kingston,True,full_main_quantum_stack,train,target_loss,0.37218284606933594
MNIST_QNN_eff_su2_r5_d2_s45,noisy_shot,512,8,2026,ibm_kingston,True,full_main_quantum_stack,train,n_records,100.0
MNIST_QNN_eff_su2_r5_d2_s45,noisy_shot,512,8,2026,ibm_kingston,True,full_main_quantum_stack,test,target_accuracy,0.7300000190734863
MNIST_QNN_eff_su2_r5_d2_s45,noisy_shot,512,8,2026,ibm_kingston,True,full_main_quantum_stack,test,target_loss,0.6395936012268066
MNIST_QNN_eff_su2_r5_d2_s45,noisy_shot,512,8,2026,ibm_kingston,True,full_main_quantum_stack,test,n_records,100.0
MNIST_QNN_eff_su2_r5_d2_s45,noisy_shot,512,8,2026,ibm_kingston,True,full_main_quantum_stack,membership,loss_auc,0.5755
MNIST_QNN_eff_su2_r5_d2_s45,noisy_shot,512,8,2026,ibm_kingston,True,full_main_quantum_stack,membership,entropy_auc,0.5269999999999999
MNIST_QNN_eff_su2_r5_d2_s45,noisy_shot,512,8,2026,ibm_kingston,True,full_main_quantum_stack,membership,confidence_auc,0.5229
MNIST_QNN_eff_su2_r5_d2_s45,noisy_shot,512,8,2026,ibm_kingston,True,full_main_quantum_stack,membership,margin_auc,0.5159
MNIST_QNN_eff_su2_r5_d2_s45,noisy_shot,512,8,2026,ibm_kingston,True,full_main_quantum_stack,membership,correctness_auc,0.575
MNIST_QNN_eff_su2_r5_d2_s45,noisy_shot,512,8,2026,ibm_kingston,True,full_main_quantum_stack,membership,max_probability_auc,0.5229
MNIST_QNN_eff_su2_r5_d2_s45,noisy_shot,512,8,2026,ibm_kingston,True,full_main_quantum_stack,target,generalization_gap_accuracy,0.1499999761581421
MNIST_QNN_eff_su2_r5_d2_s45,noisy_shot,512,9,2026,ibm_kingston,True,full_main_quantum_stack,train,target_accuracy,0.8299999833106995
MNIST_QNN_eff_su2_r5_d2_s45,noisy_shot,512,9,2026,ibm_kingston,True,full_main_quantum_stack,train,target_loss,0.4580659866333008
MNIST_QNN_eff_su2_r5_d2_s45,noisy_shot,512,9,2026,ibm_kingston,True,full_main_quantum_stack,train,n_records,100.0
MNIST_QNN_eff_su2_r5_d2_s45,noisy_shot,512,9,2026,ibm_kingston,True,full_main_quantum_stack,test,target_accuracy,0.699999988079071
MNIST_QNN_eff_su2_r5_d2_s45,noisy_shot,512,9,2026,ibm_kingston,True,full_main_quantum_stack,test,target_loss,0.6843419075012207
MNIST_QNN_eff_su2_r5_d2_s45,noisy_shot,512,9,2026,ibm_kingston,True,full_main_quantum_stack,test,n_records,100.0
MNIST_QNN_eff_su2_r5_d2_s45,noisy_shot,512,9,2026,ibm_kingston,True,full_main_quantum_stack,membership,loss_auc,0.5660000000000001
MNIST_QNN_eff_su2_r5_d2_s45,noisy_shot,512,9,2026,ibm_kingston,True,full_main_quantum_stack,membership,entropy_auc,0.535
MNIST_QNN_eff_su2_r5_d2_s45,noisy_shot,512,9,2026,ibm_kingston,True,full_main_quantum_stack,membership,confidence_auc,0.5441
MNIST_QNN_eff_su2_r5_d2_s45,noisy_shot,512,9,2026,ibm_kingston,True,full_main_quantum_stack,membership,margin_auc,0.5464000000000001
MNIST_QNN_eff_su2_r5_d2_s45,noisy_shot,512,9,2026,ibm_kingston,True,full_main_quantum_stack,membership,correctness_auc,0.5650000000000001
MNIST_QNN_eff_su2_r5_d2_s45,noisy_shot,512,9,2026,ibm_kingston,True,full_main_quantum_stack,membership,max_probability_auc,0.5441
MNIST_QNN_eff_su2_r5_d2_s45,noisy_shot,512,9,2026,ibm_kingston,True,full_main_quantum_stack,target,generalization_gap_accuracy,0.12999999523162842
MNIST_QNN_eff_su2_r5_d2_s45,noisy_shot,1024,0,2026,ibm_kingston,True,full_main_quantum_stack,train,target_accuracy,0.8700000047683716
MNIST_QNN_eff_su2_r5_d2_s45,noisy_shot,1024,0,2026,ibm_kingston,True,full_main_quantum_stack,train,target_loss,0.3789019286632538
MNIST_QNN_eff_su2_r5_d2_s45,noisy_shot,1024,0,2026,ibm_kingston,True,full_main_quantum_stack,train,n_records,100.0
MNIST_QNN_eff_su2_r5_d2_s45,noisy_shot,1024,0,2026,ibm_kingston,True,full_main_quantum_stack,test,target_accuracy,0.75
MNIST_QNN_eff_su2_r5_d2_s45,noisy_shot,1024,0,2026,ibm_kingston,True,full_main_quantum_stack,test,target_loss,0.6676738262176514
MNIST_QNN_eff_su2_r5_d2_s45,noisy_shot,1024,0,2026,ibm_kingston,True,full_main_quantum_stack,test,n_records,100.0
MNIST_QNN_eff_su2_r5_d2_s45,noisy_shot,1024,0,2026,ibm_kingston,True,full_main_quantum_stack,membership,loss_auc,0.5505
MNIST_QNN_eff_su2_r5_d2_s45,noisy_shot,1024,0,2026,ibm_kingston,True,full_main_quantum_stack,membership,entropy_auc,0.49629999999999996
MNIST_QNN_eff_su2_r5_d2_s45,noisy_shot,1024,0,2026,ibm_kingston,True,full_main_quantum_stack,membership,confidence_auc,0.4793
MNIST_QNN_eff_su2_r5_d2_s45,noisy_shot,1024,0,2026,ibm_kingston,True,full_main_quantum_stack,membership,margin_auc,0.4727
MNIST_QNN_eff_su2_r5_d2_s45,noisy_shot,1024,0,2026,ibm_kingston,True,full_main_quantum_stack,membership,correctness_auc,0.56
MNIST_QNN_eff_su2_r5_d2_s45,noisy_shot,1024,0,2026,ibm_kingston,True,full_main_quantum_stack,membership,max_probability_auc,0.4793
MNIST_QNN_eff_su2_r5_d2_s45,noisy_shot,1024,0,2026,ibm_kingston,True,full_main_quantum_stack,target,generalization_gap_accuracy,0.12000000476837158
MNIST_QNN_eff_su2_r5_d2_s45,noisy_shot,1024,1,2026,ibm_kingston,True,full_main_quantum_stack,train,target_accuracy,0.8500000238418579
MNIST_QNN_eff_su2_r5_d2_s45,noisy_shot,1024,1,2026,ibm_kingston,True,full_main_quantum_stack,train,target_loss,0.40652918815612793
MNIST_QNN_eff_su2_r5_d2_s45,noisy_shot,1024,1,2026,ibm_kingston,True,full_main_quantum_stack,train,n_records,100.0
MNIST_QNN_eff_su2_r5_d2_s45,noisy_shot,1024,1,2026,ibm_kingston,True,full_main_quantum_stack,test,target_accuracy,0.7400000095367432
MNIST_QNN_eff_su2_r5_d2_s45,noisy_shot,1024,1,2026,ibm_kingston,True,full_main_quantum_stack,test,target_loss,0.6701058745384216
MNIST_QNN_eff_su2_r5_d2_s45,noisy_shot,1024,1,2026,ibm_kingston,True,full_main_quantum_stack,test,n_records,100.0
MNIST_QNN_eff_su2_r5_d2_s45,noisy_shot,1024,1,2026,ibm_kingston,True,full_main_quantum_stack,membership,loss_auc,0.5490999999999999
MNIST_QNN_eff_su2_r5_d2_s45,noisy_shot,1024,1,2026,ibm_kingston,True,full_main_quantum_stack,membership,entropy_auc,0.4877
MNIST_QNN_eff_su2_r5_d2_s45,noisy_shot,1024,1,2026,ibm_kingston,True,full_main_quantum_stack,membership,confidence_auc,0.4861
MNIST_QNN_eff_su2_r5_d2_s45,noisy_shot,1024,1,2026,ibm_kingston,True,full_main_quantum_stack,membership,margin_auc,0.48569999999999997
MNIST_QNN_eff_su2_r5_d2_s45,noisy_shot,1024,1,2026,ibm_kingston,True,full_main_quantum_stack,membership,correctness_auc,0.555
MNIST_QNN_eff_su2_r5_d2_s45,noisy_shot,1024,1,2026,ibm_kingston,True,full_main_quantum_stack,membership,max_probability_auc,0.4861
MNIST_QNN_eff_su2_r5_d2_s45,noisy_shot,1024,1,2026,ibm_kingston,True,full_main_quantum_stack,target,generalization_gap_accuracy,0.11000001430511475
MNIST_QNN_eff_su2_r5_d2_s45,noisy_shot,1024,2,2026,ibm_kingston,True,full_main_quantum_stack,train,target_accuracy,0.8500000238418579
MNIST_QNN_eff_su2_r5_d2_s45,noisy_shot,1024,2,2026,ibm_kingston,True,full_main_quantum_stack,train,target_loss,0.40002578496932983
MNIST_QNN_eff_su2_r5_d2_s45,noisy_shot,1024,2,2026,ibm_kingston,True,full_main_quantum_stack,train,n_records,100.0
MNIST_QNN_eff_su2_r5_d2_s45,noisy_shot,1024,2,2026,ibm_kingston,True,full_main_quantum_stack,test,target_accuracy,0.7900000214576721
MNIST_QNN_eff_su2_r5_d2_s45,noisy_shot,1024,2,2026,ibm_kingston,True,full_main_quantum_stack,test,target_loss,0.6432011127471924
MNIST_QNN_eff_su2_r5_d2_s45,noisy_shot,1024,2,2026,ibm_kingston,True,full_main_quantum_stack,test,n_records,100.0
MNIST_QNN_eff_su2_r5_d2_s45,noisy_shot,1024,2,2026,ibm_kingston,True,full_main_quantum_stack,membership,loss_auc,0.561
MNIST_QNN_eff_su2_r5_d2_s45,noisy_shot,1024,2,2026,ibm_kingston,True,full_main_quantum_stack,membership,entropy_auc,0.5204
MNIST_QNN_eff_su2_r5_d2_s45,noisy_shot,1024,2,2026,ibm_kingston,True,full_main_quantum_stack,membership,confidence_auc,0.5134
MNIST_QNN_eff_su2_r5_d2_s45,noisy_shot,1024,2,2026,ibm_kingston,True,full_main_quantum_stack,membership,margin_auc,0.5075
MNIST_QNN_eff_su2_r5_d2_s45,noisy_shot,1024,2,2026,ibm_kingston,True,full_main_quantum_stack,membership,correctness_auc,0.53
MNIST_QNN_eff_su2_r5_d2_s45,noisy_shot,1024,2,2026,ibm_kingston,True,full_main_quantum_stack,membership,max_probability_auc,0.5134
MNIST_QNN_eff_su2_r5_d2_s45,noisy_shot,1024,2,2026,ibm_kingston,True,full_main_quantum_stack,target,generalization_gap_accuracy,0.06000000238418579
MNIST_QNN_eff_su2_r5_d2_s45,noisy_shot,1024,3,2026,ibm_kingston,True,full_main_quantum_stack,train,target_accuracy,0.8500000238418579
MNIST_QNN_eff_su2_r5_d2_s45,noisy_shot,1024,3,2026,ibm_kingston,True,full_main_quantum_stack,train,target_loss,0.3986145257949829
MNIST_QNN_eff_su2_r5_d2_s45,noisy_shot,1024,3,2026,ibm_kingston,True,full_main_quantum_stack,train,n_records,100.0
MNIST_QNN_eff_su2_r5_d2_s45,noisy_shot,1024,3,2026,ibm_kingston,True,full_main_quantum_stack,test,target_accuracy,0.75
MNIST_QNN_eff_su2_r5_d2_s45,noisy_shot,1024,3,2026,ibm_kingston,True,full_main_quantum_stack,test,target_loss,0.6684657335281372
MNIST_QNN_eff_su2_r5_d2_s45,noisy_shot,1024,3,2026,ibm_kingston,True,full_main_quantum_stack,test,n_records,100.0
MNIST_QNN_eff_su2_r5_d2_s45,noisy_shot,1024,3,2026,ibm_kingston,True,full_main_quantum_stack,membership,loss_auc,0.5713
MNIST_QNN_eff_su2_r5_d2_s45,noisy_shot,1024,3,2026,ibm_kingston,True,full_main_quantum_stack,membership,entropy_auc,0.5288
MNIST_QNN_eff_su2_r5_d2_s45,noisy_shot,1024,3,2026,ibm_kingston,True,full_main_quantum_stack,membership,confidence_auc,0.5254000000000001
MNIST_QNN_eff_su2_r5_d2_s45,noisy_shot,1024,3,2026,ibm_kingston,True,full_main_quantum_stack,membership,margin_auc,0.5225
MNIST_QNN_eff_su2_r5_d2_s45,noisy_shot,1024,3,2026,ibm_kingston,True,full_main_quantum_stack,membership,correctness_auc,0.55
MNIST_QNN_eff_su2_r5_d2_s45,noisy_shot,1024,3,2026,ibm_kingston,True,full_main_quantum_stack,membership,max_probability_auc,0.5254000000000001
MNIST_QNN_eff_su2_r5_d2_s45,noisy_shot,1024,3,2026,ibm_kingston,True,full_main_quantum_stack,target,generalization_gap_accuracy,0.10000002384185791
MNIST_QNN_eff_su2_r5_d2_s45,noisy_shot,1024,4,2026,ibm_kingston,True,full_main_quantum_stack,train,target_accuracy,0.8799999952316284
MNIST_QNN_eff_su2_r5_d2_s45,noisy_shot,1024,4,2026,ibm_kingston,True,full_main_quantum_stack,train,target_loss,0.37612393498420715
MNIST_QNN_eff_su2_r5_d2_s45,noisy_shot,1024,4,2026,ibm_kingston,True,full_main_quantum_stack,train,n_records,100.0
MNIST_QNN_eff_su2_r5_d2_s45,noisy_shot,1024,4,2026,ibm_kingston,True,full_main_quantum_stack,test,target_accuracy,0.7599999904632568
MNIST_QNN_eff_su2_r5_d2_s45,noisy_shot,1024,4,2026,ibm_kingston,True,full_main_quantum_stack,test,target_loss,0.6251076459884644
MNIST_QNN_eff_su2_r5_d2_s45,noisy_shot,1024,4,2026,ibm_kingston,True,full_main_quantum_stack,test,n_records,100.0
MNIST_QNN_eff_su2_r5_d2_s45,noisy_shot,1024,4,2026,ibm_kingston,True,full_main_quantum_stack,membership,loss_auc,0.5479999999999999
MNIST_QNN_eff_su2_r5_d2_s45,noisy_shot,1024,4,2026,ibm_kingston,True,full_main_quantum_stack,membership,entropy_auc,0.4942
MNIST_QNN_eff_su2_r5_d2_s45,noisy_shot,1024,4,2026,ibm_kingston,True,full_main_quantum_stack,membership,confidence_auc,0.48510000000000003
MNIST_QNN_eff_su2_r5_d2_s45,noisy_shot,1024,4,2026,ibm_kingston,True,full_main_quantum_stack,membership,margin_auc,0.4791
MNIST_QNN_eff_su2_r5_d2_s45,noisy_shot,1024,4,2026,ibm_kingston,True,full_main_quantum_stack,membership,correctness_auc,0.56
MNIST_QNN_eff_su2_r5_d2_s45,noisy_shot,1024,4,2026,ibm_kingston,True,full_main_quantum_stack,membership,max_probability_auc,0.48510000000000003
MNIST_QNN_eff_su2_r5_d2_s45,noisy_shot,1024,4,2026,ibm_kingston,True,full_main_quantum_stack,target,generalization_gap_accuracy,0.12000000476837158
MNIST_QNN_eff_su2_r5_d2_s45,noisy_shot,1024,5,2026,ibm_kingston,True,full_main_quantum_stack,train,target_accuracy,0.8500000238418579
MNIST_QNN_eff_su2_r5_d2_s45,noisy_shot,1024,5,2026,ibm_kingston,True,full_main_quantum_stack,train,target_loss,0.4067448079586029
MNIST_QNN_eff_su2_r5_d2_s45,noisy_shot,1024,5,2026,ibm_kingston,True,full_main_quantum_stack,train,n_records,100.0
MNIST_QNN_eff_su2_r5_d2_s45,noisy_shot,1024,5,2026,ibm_kingston,True,full_main_quantum_stack,test,target_accuracy,0.7599999904632568
MNIST_QNN_eff_su2_r5_d2_s45,noisy_shot,1024,5,2026,ibm_kingston,True,full_main_quantum_stack,test,target_loss,0.6587503552436829
MNIST_QNN_eff_su2_r5_d2_s45,noisy_shot,1024,5,2026,ibm_kingston,True,full_main_quantum_stack,test,n_records,100.0
MNIST_QNN_eff_su2_r5_d2_s45,noisy_shot,1024,5,2026,ibm_kingston,True,full_main_quantum_stack,membership,loss_auc,0.5852
MNIST_QNN_eff_su2_r5_d2_s45,noisy_shot,1024,5,2026,ibm_kingston,True,full_main_quantum_stack,membership,entropy_auc,0.5421
MNIST_QNN_eff_su2_r5_d2_s45,noisy_shot,1024,5,2026,ibm_kingston,True,full_main_quantum_stack,membership,confidence_auc,0.5323
MNIST_QNN_eff_su2_r5_d2_s45,noisy_shot,1024,5,2026,ibm_kingston,True,full_main_quantum_stack,membership,margin_auc,0.5308
MNIST_QNN_eff_su2_r5_d2_s45,noisy_shot,1024,5,2026,ibm_kingston,True,full_main_quantum_stack,membership,correctness_auc,0.545
MNIST_QNN_eff_su2_r5_d2_s45,noisy_shot,1024,5,2026,ibm_kingston,True,full_main_quantum_stack,membership,max_probability_auc,0.5323
MNIST_QNN_eff_su2_r5_d2_s45,noisy_shot,1024,5,2026,ibm_kingston,True,full_main_quantum_stack,target,generalization_gap_accuracy,0.09000003337860107
MNIST_QNN_eff_su2_r5_d2_s45,noisy_shot,1024,6,2026,ibm_kingston,True,full_main_quantum_stack,train,target_accuracy,0.8899999856948853
MNIST_QNN_eff_su2_r5_d2_s45,noisy_shot,1024,6,2026,ibm_kingston,True,full_main_quantum_stack,train,target_loss,0.374411404132843
MNIST_QNN_eff_su2_r5_d2_s45,noisy_shot,1024,6,2026,ibm_kingston,True,full_main_quantum_stack,train,n_records,100.0
MNIST_QNN_eff_su2_r5_d2_s45,noisy_shot,1024,6,2026,ibm_kingston,True,full_main_quantum_stack,test,target_accuracy,0.75
MNIST_QNN_eff_su2_r5_d2_s45,noisy_shot,1024,6,2026,ibm_kingston,True,full_main_quantum_stack,test,target_loss,0.6230720281600952
MNIST_QNN_eff_su2_r5_d2_s45,noisy_shot,1024,6,2026,ibm_kingston,True,full_main_quantum_stack,test,n_records,100.0
MNIST_QNN_eff_su2_r5_d2_s45,noisy_shot,1024,6,2026,ibm_kingston,True,full_main_quantum_stack,membership,loss_auc,0.5549
MNIST_QNN_eff_su2_r5_d2_s45,noisy_shot,1024,6,2026,ibm_kingston,True,full_main_quantum_stack,membership,entropy_auc,0.5091
MNIST_QNN_eff_su2_r5_d2_s45,noisy_shot,1024,6,2026,ibm_kingston,True,full_main_quantum_stack,membership,confidence_auc,0.49500000000000005
MNIST_QNN_eff_su2_r5_d2_s45,noisy_shot,1024,6,2026,ibm_kingston,True,full_main_quantum_stack,membership,margin_auc,0.4921
MNIST_QNN_eff_su2_r5_d2_s45,noisy_shot,1024,6,2026,ibm_kingston,True,full_main_quantum_stack,membership,correctness_auc,0.5700000000000001
MNIST_QNN_eff_su2_r5_d2_s45,noisy_shot,1024,6,2026,ibm_kingston,True,full_main_quantum_stack,membership,max_probability_auc,0.49500000000000005
MNIST_QNN_eff_su2_r5_d2_s45,noisy_shot,1024,6,2026,ibm_kingston,True,full_main_quantum_stack,target,generalization_gap_accuracy,0.13999998569488525
MNIST_QNN_eff_su2_r5_d2_s45,noisy_shot,1024,7,2026,ibm_kingston,True,full_main_quantum_stack,train,target_accuracy,0.8899999856948853
MNIST_QNN_eff_su2_r5_d2_s45,noisy_shot,1024,7,2026,ibm_kingston,True,full_main_quantum_stack,train,target_loss,0.3773188292980194
MNIST_QNN_eff_su2_r5_d2_s45,noisy_shot,1024,7,2026,ibm_kingston,True,full_main_quantum_stack,train,n_records,100.0
MNIST_QNN_eff_su2_r5_d2_s45,noisy_shot,1024,7,2026,ibm_kingston,True,full_main_quantum_stack,test,target_accuracy,0.7300000190734863
MNIST_QNN_eff_su2_r5_d2_s45,noisy_shot,1024,7,2026,ibm_kingston,True,full_main_quantum_stack,test,target_loss,0.6856472492218018
MNIST_QNN_eff_su2_r5_d2_s45,noisy_shot,1024,7,2026,ibm_kingston,True,full_main_quantum_stack,test,n_records,100.0
MNIST_QNN_eff_su2_r5_d2_s45,noisy_shot,1024,7,2026,ibm_kingston,True,full_main_quantum_stack,membership,loss_auc,0.5784
MNIST_QNN_eff_su2_r5_d2_s45,noisy_shot,1024,7,2026,ibm_kingston,True,full_main_quantum_stack,membership,entropy_auc,0.5277999999999999
MNIST_QNN_eff_su2_r5_d2_s45,noisy_shot,1024,7,2026,ibm_kingston,True,full_main_quantum_stack,membership,confidence_auc,0.5225
MNIST_QNN_eff_su2_r5_d2_s45,noisy_shot,1024,7,2026,ibm_kingston,True,full_main_quantum_stack,membership,margin_auc,0.5151
MNIST_QNN_eff_su2_r5_d2_s45,noisy_shot,1024,7,2026,ibm_kingston,True,full_main_quantum_stack,membership,correctness_auc,0.5800000000000001
MNIST_QNN_eff_su2_r5_d2_s45,noisy_shot,1024,7,2026,ibm_kingston,True,full_main_quantum_stack,membership,max_probability_auc,0.5225
MNIST_QNN_eff_su2_r5_d2_s45,noisy_shot,1024,7,2026,ibm_kingston,True,full_main_quantum_stack,target,generalization_gap_accuracy,0.15999996662139893
MNIST_QNN_eff_su2_r5_d2_s45,noisy_shot,1024,8,2026,ibm_kingston,True,full_main_quantum_stack,train,target_accuracy,0.8999999761581421
MNIST_QNN_eff_su2_r5_d2_s45,noisy_shot,1024,8,2026,ibm_kingston,True,full_main_quantum_stack,train,target_loss,0.3648744523525238
MNIST_QNN_eff_su2_r5_d2_s45,noisy_shot,1024,8,2026,ibm_kingston,True,full_main_quantum_stack,train,n_records,100.0
MNIST_QNN_eff_su2_r5_d2_s45,noisy_shot,1024,8,2026,ibm_kingston,True,full_main_quantum_stack,test,target_accuracy,0.7900000214576721
MNIST_QNN_eff_su2_r5_d2_s45,noisy_shot,1024,8,2026,ibm_kingston,True,full_main_quantum_stack,test,target_loss,0.5613653063774109
MNIST_QNN_eff_su2_r5_d2_s45,noisy_shot,1024,8,2026,ibm_kingston,True,full_main_quantum_stack,test,n_records,100.0
MNIST_QNN_eff_su2_r5_d2_s45,noisy_shot,1024,8,2026,ibm_kingston,True,full_main_quantum_stack,membership,loss_auc,0.5374
MNIST_QNN_eff_su2_r5_d2_s45,noisy_shot,1024,8,2026,ibm_kingston,True,full_main_quantum_stack,membership,entropy_auc,0.49710000000000004
MNIST_QNN_eff_su2_r5_d2_s45,noisy_shot,1024,8,2026,ibm_kingston,True,full_main_quantum_stack,membership,confidence_auc,0.4898
MNIST_QNN_eff_su2_r5_d2_s45,noisy_shot,1024,8,2026,ibm_kingston,True,full_main_quantum_stack,membership,margin_auc,0.4839
MNIST_QNN_eff_su2_r5_d2_s45,noisy_shot,1024,8,2026,ibm_kingston,True,full_main_quantum_stack,membership,correctness_auc,0.5549999999999999
MNIST_QNN_eff_su2_r5_d2_s45,noisy_shot,1024,8,2026,ibm_kingston,True,full_main_quantum_stack,membership,max_probability_auc,0.4898
MNIST_QNN_eff_su2_r5_d2_s45,noisy_shot,1024,8,2026,ibm_kingston,True,full_main_quantum_stack,target,generalization_gap_accuracy,0.10999995470046997
MNIST_QNN_eff_su2_r5_d2_s45,noisy_shot,1024,9,2026,ibm_kingston,True,full_main_quantum_stack,train,target_accuracy,0.8700000047683716
MNIST_QNN_eff_su2_r5_d2_s45,noisy_shot,1024,9,2026,ibm_kingston,True,full_main_quantum_stack,train,target_loss,0.40947452187538147
MNIST_QNN_eff_su2_r5_d2_s45,noisy_shot,1024,9,2026,ibm_kingston,True,full_main_quantum_stack,train,n_records,100.0
MNIST_QNN_eff_su2_r5_d2_s45,noisy_shot,1024,9,2026,ibm_kingston,True,full_main_quantum_stack,test,target_accuracy,0.7799999713897705
MNIST_QNN_eff_su2_r5_d2_s45,noisy_shot,1024,9,2026,ibm_kingston,True,full_main_quantum_stack,test,target_loss,0.6377404928207397
MNIST_QNN_eff_su2_r5_d2_s45,noisy_shot,1024,9,2026,ibm_kingston,True,full_main_quantum_stack,test,n_records,100.0
MNIST_QNN_eff_su2_r5_d2_s45,noisy_shot,1024,9,2026,ibm_kingston,True,full_main_quantum_stack,membership,loss_auc,0.548
MNIST_QNN_eff_su2_r5_d2_s45,noisy_shot,1024,9,2026,ibm_kingston,True,full_main_quantum_stack,membership,entropy_auc,0.512
MNIST_QNN_eff_su2_r5_d2_s45,noisy_shot,1024,9,2026,ibm_kingston,True,full_main_quantum_stack,membership,confidence_auc,0.5043
MNIST_QNN_eff_su2_r5_d2_s45,noisy_shot,1024,9,2026,ibm_kingston,True,full_main_quantum_stack,membership,margin_auc,0.5006
MNIST_QNN_eff_su2_r5_d2_s45,noisy_shot,1024,9,2026,ibm_kingston,True,full_main_quantum_stack,membership,correctness_auc,0.5449999999999999
MNIST_QNN_eff_su2_r5_d2_s45,noisy_shot,1024,9,2026,ibm_kingston,True,full_main_quantum_stack,membership,max_probability_auc,0.5043
MNIST_QNN_eff_su2_r5_d2_s45,noisy_shot,1024,9,2026,ibm_kingston,True,full_main_quantum_stack,target,generalization_gap_accuracy,0.09000003337860107
